origin,destination,hour,day_of_week,route_id,travel_time,distance,traffic_delay,avg_speed,delay_ratio,is_best_route
Kothrud,Swargate,7,0,0,1069,6976,0,23.492609915809165,0.0,1
Kothrud,Swargate,7,0,1,1253,7243,0,20.809896249002396,0.0,0
Kothrud,Swargate,7,0,2,1246,7350,0,21.235955056179776,0.0,0
Kothrud,Swargate,9,0,0,1382,6976,0,18.171924746743848,0.0,1
Kothrud,Swargate,9,0,1,1538,7318,0,17.12925877763329,0.0,0
Kothrud,Swargate,9,0,2,1519,7333,0,17.37906517445688,0.0,0
Kothrud,Swargate,11,0,0,1563,7261,0,16.723992322456816,0.0,1
Kothrud,Swargate,11,0,1,1679,7361,0,15.782966051220964,0.0,0
Kothrud,Swargate,11,0,2,1730,7427,0,15.455028901734103,0.0,0
Kothrud,Swargate,13,0,0,1560,7261,0,16.756153846153847,0.0,1
Kothrud,Swargate,13,0,1,1716,7361,0,15.442657342657341,0.0,0
Kothrud,Swargate,13,0,2,1790,7427,0,14.936983240223462,0.0,0
Kothrud,Swargate,15,0,0,1421,7226,0,18.306544686840255,0.0,1
Kothrud,Swargate,15,0,1,1602,7373,0,16.568539325842696,0.0,0
Kothrud,Swargate,15,0,2,1719,7427,0,15.553926701570681,0.0,0
Kothrud,Swargate,17,0,0,1559,7223,0,16.679153303399612,0.0,1
Kothrud,Swargate,17,0,1,1740,7318,0,15.140689655172412,0.0,0
Kothrud,Swargate,17,0,2,1811,7427,0,14.763776918829373,0.0,0
Kothrud,Swargate,19,0,0,1598,7218,0,16.260826032540677,0.0,1
Kothrud,Swargate,19,0,1,1826,7285,0,14.362541073384447,0.0,0
Kothrud,Swargate,19,0,2,1757,7427,0,15.217529880478086,0.0,0
Kothrud,Swargate,21,0,0,1203,6976,0,20.875810473815463,0.0,1
Kothrud,Swargate,21,0,1,1342,7152,0,19.185692995529063,0.0,0
Kothrud,Swargate,21,0,2,1268,7310,0,20.753943217665615,0.0,0
Kothrud,Swargate,23,0,0,987,6976,0,25.44437689969605,0.0,1
Kothrud,Swargate,23,0,1,1130,7152,0,22.785132743362833,0.0,0
Kothrud,Swargate,23,0,2,1080,7301,0,24.33666666666667,0.0,0
Kothrud,Swargate,7,1,0,1065,6976,0,23.580845070422534,0.0,1
Kothrud,Swargate,7,1,1,1255,7243,0,20.776733067729086,0.0,0
Kothrud,Swargate,7,1,2,1242,7325,0,21.231884057971016,0.0,0
Kothrud,Swargate,9,1,0,1365,6976,0,18.39824175824176,0.0,1
Kothrud,Swargate,9,1,1,1531,7318,0,17.207576747224035,0.0,0
Kothrud,Swargate,9,1,2,1513,7333,0,17.447984137475217,0.0,0
Kothrud,Swargate,11,1,0,1559,7266,0,16.778447722899294,0.0,1
Kothrud,Swargate,11,1,1,1681,7361,0,15.764187983343248,0.0,0
Kothrud,Swargate,11,1,2,1740,7427,0,15.366206896551724,0.0,0
Kothrud,Swargate,13,1,0,1565,7266,0,16.7141214057508,0.0,1
Kothrud,Swargate,13,1,1,1718,7361,0,15.424679860302676,0.0,0
Kothrud,Swargate,13,1,2,1810,7427,0,14.771933701657458,0.0,0
Kothrud,Swargate,15,1,0,1428,7226,0,18.216806722689075,0.0,1
Kothrud,Swargate,15,1,1,1614,7373,0,16.4453531598513,0.0,0
Kothrud,Swargate,15,1,2,1716,7427,0,15.58111888111888,0.0,0
Kothrud,Swargate,17,1,0,1551,7223,0,16.765183752417794,0.0,1
Kothrud,Swargate,17,1,1,1738,7318,0,15.158112773302646,0.0,0
Kothrud,Swargate,17,1,2,1805,7427,0,14.812853185595568,0.0,0
Kothrud,Swargate,19,1,0,1596,7218,0,16.281203007518798,0.0,1
Kothrud,Swargate,19,1,1,1811,7285,0,14.481501932633904,0.0,0
Kothrud,Swargate,19,1,2,1765,7427,0,15.1485552407932,0.0,0
Kothrud,Swargate,21,1,0,1200,6976,0,20.928,0.0,1
Kothrud,Swargate,21,1,1,1340,7152,0,19.214328358208956,0.0,0
Kothrud,Swargate,21,1,2,1271,7139,0,20.220613690007866,0.0,0
Kothrud,Swargate,23,1,0,987,6976,0,25.44437689969605,0.0,1
Kothrud,Swargate,23,1,1,1130,7152,0,22.785132743362833,0.0,0
Kothrud,Swargate,23,1,2,1080,7301,0,24.33666666666667,0.0,0
Kothrud,Swargate,7,2,0,1064,6976,0,23.603007518796993,0.0,1
Kothrud,Swargate,7,2,1,1257,7243,0,20.7436754176611,0.0,0
Kothrud,Swargate,7,2,2,1242,7325,0,21.231884057971016,0.0,0
Kothrud,Swargate,9,2,0,1354,6976,0,18.547710487444608,0.0,1
Kothrud,Swargate,9,2,1,1545,7243,0,16.876893203883498,0.0,0
Kothrud,Swargate,9,2,2,1508,7333,0,17.50583554376658,0.0,0
Kothrud,Swargate,11,2,0,1554,7249,0,16.793050193050192,0.0,1
Kothrud,Swargate,11,2,1,1700,7361,0,15.588,0.0,0
Kothrud,Swargate,11,2,2,1727,7427,0,15.481876085697742,0.0,0
Kothrud,Swargate,13,2,0,1566,7327,0,16.84367816091954,0.0,1
Kothrud,Swargate,13,2,1,1746,7277,0,15.004123711340206,0.0,0
Kothrud,Swargate,13,2,2,1804,7427,0,14.821064301552108,0.0,0
Kothrud,Swargate,15,2,0,1444,7226,0,18.014958448753465,0.0,1
Kothrud,Swargate,15,2,1,1624,7373,0,16.34408866995074,0.0,0
Kothrud,Swargate,15,2,2,1753,7427,0,15.25225328009127,0.0,0
Kothrud,Swargate,17,2,0,1563,7223,0,16.636468330134356,0.0,1
Kothrud,Swargate,17,2,1,1763,7177,0,14.655246738513895,0.0,0
Kothrud,Swargate,17,2,2,1837,7427,0,14.554817637452366,0.0,0
Kothrud,Swargate,19,2,0,1597,7218,0,16.271008140262992,0.0,1
Kothrud,Swargate,19,2,1,1835,7285,0,14.292098092643053,0.0,0
Kothrud,Swargate,19,2,2,1761,7427,0,15.18296422487223,0.0,0
Kothrud,Swargate,21,2,0,1200,6976,0,20.928,0.0,1
Kothrud,Swargate,21,2,1,1343,7152,0,19.171407297096057,0.0,0
Kothrud,Swargate,21,2,2,1269,7301,0,20.712056737588654,0.0,0
Kothrud,Swargate,23,2,0,987,6976,0,25.44437689969605,0.0,1
Kothrud,Swargate,23,2,1,1130,7152,0,22.785132743362833,0.0,0
Kothrud,Swargate,23,2,2,1080,7301,0,24.33666666666667,0.0,0
Kothrud,Swargate,7,3,0,1065,6976,0,23.580845070422534,0.0,1
Kothrud,Swargate,7,3,1,1251,7243,0,20.8431654676259,0.0,0
Kothrud,Swargate,7,3,2,1230,7325,0,21.4390243902439,0.0,0
Kothrud,Swargate,9,3,0,1318,6976,0,19.05432473444613,0.0,1
Kothrud,Swargate,9,3,1,1505,7243,0,17.325448504983388,0.0,0
Kothrud,Swargate,9,3,2,1454,7325,0,18.13617606602476,0.0,0
Kothrud,Swargate,11,3,0,1554,7268,0,16.83706563706564,0.0,1
Kothrud,Swargate,11,3,1,1721,7136,0,14.927135386403254,0.0,0
Kothrud,Swargate,11,3,2,1728,7427,0,15.472916666666666,0.0,0
Kothrud,Swargate,13,3,0,1623,7266,0,16.116820702402958,0.0,1
Kothrud,Swargate,13,3,1,1788,7328,0,14.754362416107384,0.0,0
Kothrud,Swargate,13,3,2,1873,7427,0,14.275066737853711,0.0,0
Kothrud,Swargate,15,3,0,1527,7266,0,17.130058939096266,0.0,1
Kothrud,Swargate,15,3,1,1744,7349,0,15.169954128440367,0.0,0
Kothrud,Swargate,15,3,2,1935,7703,0,14.331162790697675,0.0,0
Kothrud,Swargate,17,3,0,1593,7261,0,16.409039548022598,0.0,1
Kothrud,Swargate,17,3,1,1829,7317,0,14.401968288682339,0.0,0
Kothrud,Swargate,17,3,2,1997,7703,0,13.886229344016025,0.0,0
Kothrud,Swargate,19,3,0,1592,7206,0,16.29497487437186,0.0,1
Kothrud,Swargate,19,3,1,1722,7086,0,14.813937282229967,0.0,0
Kothrud,Swargate,19,3,2,1781,7427,0,15.012464907355417,0.0,0
Kothrud,Swargate,21,3,0,1209,6976,0,20.772208436724565,0.0,1
Kothrud,Swargate,21,3,1,1344,7152,0,19.15714285714286,0.0,0
Kothrud,Swargate,21,3,2,1272,7310,0,20.68867924528302,0.0,0
Kothrud,Swargate,23,3,0,987,6976,0,25.44437689969605,0.0,1
Kothrud,Swargate,23,3,1,1130,7152,0,22.785132743362833,0.0,0
Kothrud,Swargate,23,3,2,1080,7301,0,24.33666666666667,0.0,0
Kothrud,Swargate,7,4,0,1044,6976,0,24.055172413793105,0.0,1
Kothrud,Swargate,7,4,1,1236,7243,0,21.096116504854372,0.0,0
Kothrud,Swargate,7,4,2,1212,7512,0,22.31287128712871,0.0,0
Kothrud,Swargate,9,4,0,1176,6976,0,21.355102040816327,0.0,1
Kothrud,Swargate,9,4,1,1382,7243,0,18.867438494934877,0.0,0
Kothrud,Swargate,9,4,2,1315,7512,0,20.565171102661598,0.0,0
Kothrud,Swargate,11,4,0,1309,7226,0,19.872880061115357,0.0,1
Kothrud,Swargate,11,4,1,1444,7427,0,18.51606648199446,0.0,0
Kothrud,Swargate,11,4,2,1494,7405,0,17.843373493975903,0.0,0
Kothrud,Swargate,13,4,0,1375,7226,0,18.91898181818182,0.0,1
Kothrud,Swargate,13,4,1,1545,7177,0,16.723106796116504,0.0,0
Kothrud,Swargate,13,4,2,1554,7427,0,17.205405405405404,0.0,0
Kothrud,Swargate,15,4,0,1354,7284,0,19.366617429837518,0.0,1
Kothrud,Swargate,15,4,1,1493,7177,0,17.305559276624244,0.0,0
Kothrud,Swargate,15,4,2,1620,7703,0,17.11777777777778,0.0,0
Kothrud,Swargate,17,4,0,1406,7223,0,18.49416785206259,0.0,1
Kothrud,Swargate,17,4,1,1564,7177,0,16.519948849104857,0.0,0
Kothrud,Swargate,17,4,2,1672,7703,0,16.585406698564594,0.0,0
Kothrud,Swargate,19,4,0,1419,7226,0,18.3323467230444,0.0,1
Kothrud,Swargate,19,4,1,1629,7093,0,15.675138121546961,0.0,0
Kothrud,Swargate,19,4,2,1578,7427,0,16.943726235741444,0.0,0
Kothrud,Swargate,21,4,0,1154,6976,0,21.762218370883883,0.0,1
Kothrud,Swargate,21,4,1,1370,7243,0,19.032700729927008,0.0,0
Kothrud,Swargate,21,4,2,1313,7325,0,20.083777608530085,0.0,0
Kothrud,Swargate,23,4,0,987,6976,0,25.44437689969605,0.0,1
Kothrud,Swargate,23,4,1,1130,7152,0,22.785132743362833,0.0,0
Kothrud,Swargate,23,4,2,1080,7301,0,24.33666666666667,0.0,0
Kothrud,Swargate,7,5,0,1070,6976,0,23.470654205607477,0.0,1
Kothrud,Swargate,7,5,1,1253,7243,0,20.809896249002396,0.0,0
Kothrud,Swargate,7,5,2,1243,7325,0,21.214802896218824,0.0,0
Kothrud,Swargate,9,5,0,1365,6976,0,18.39824175824176,0.0,1
Kothrud,Swargate,9,5,1,1529,7243,0,17.053499018966647,0.0,0
Kothrud,Swargate,9,5,2,1517,7325,0,17.38299274884641,0.0,0
Kothrud,Swargate,11,5,0,1571,7261,0,16.638828771483134,0.0,1
Kothrud,Swargate,11,5,1,1684,7361,0,15.736104513064133,0.0,0
Kothrud,Swargate,11,5,2,1710,7427,0,15.635789473684211,0.0,0
Kothrud,Swargate,13,5,0,1565,7261,0,16.70261980830671,0.0,1
Kothrud,Swargate,13,5,1,1711,7361,0,15.487784921098772,0.0,0
Kothrud,Swargate,13,5,2,1771,7427,0,15.097233201581027,0.0,0
Kothrud,Swargate,15,5,0,1430,7226,0,18.191328671328673,0.0,1
Kothrud,Swargate,15,5,1,1607,7373,0,16.51698817672682,0.0,0
Kothrud,Swargate,15,5,2,1722,7427,0,15.526829268292682,0.0,0
Kothrud,Swargate,17,5,0,1558,7218,0,16.678305519897304,0.0,1
Kothrud,Swargate,17,5,1,1743,7318,0,15.114629948364886,0.0,0
Kothrud,Swargate,17,5,2,1808,7427,0,14.788274336283184,0.0,0
Kothrud,Swargate,19,5,0,1586,6976,0,15.83455233291299,0.0,1
Kothrud,Swargate,19,5,1,1799,7202,0,14.41200667037243,0.0,0
Kothrud,Swargate,19,5,2,1734,7404,0,15.371626297577853,0.0,0
Kothrud,Swargate,21,5,0,1187,6976,0,21.157203032855936,0.0,1
Kothrud,Swargate,21,5,1,1336,7152,0,19.27185628742515,0.0,0
Kothrud,Swargate,21,5,2,1271,7139,0,20.220613690007866,0.0,0
Kothrud,Swargate,23,5,0,987,6976,0,25.44437689969605,0.0,1
Kothrud,Swargate,23,5,1,1130,7152,0,22.785132743362833,0.0,0
Kothrud,Swargate,23,5,2,1080,7301,0,24.33666666666667,0.0,0
Kothrud,Swargate,7,6,0,1072,6976,0,23.426865671641792,0.0,1
Kothrud,Swargate,7,6,1,1258,7243,0,20.72718600953895,0.0,0
Kothrud,Swargate,7,6,2,1247,7325,0,21.146752205292703,0.0,0
Kothrud,Swargate,9,6,0,1399,6976,0,17.951107934238742,0.0,1
Kothrud,Swargate,9,6,1,1552,7384,0,17.12783505154639,0.0,0
Kothrud,Swargate,9,6,2,1532,7333,0,17.231592689295038,0.0,0
Kothrud,Swargate,11,6,0,1603,7261,0,16.306674984404243,0.0,1
Kothrud,Swargate,11,6,1,1716,7361,0,15.442657342657341,0.0,0
Kothrud,Swargate,11,6,2,1750,7427,0,15.2784,0.0,0
Kothrud,Swargate,13,6,0,1579,7261,0,16.55452818239392,0.0,1
Kothrud,Swargate,13,6,1,1740,7361,0,15.229655172413793,0.0,0
Kothrud,Swargate,13,6,2,1814,7427,0,14.739360529217198,0.0,0
Kothrud,Swargate,15,6,0,1436,7226,0,18.11532033426184,0.0,1
Kothrud,Swargate,15,6,1,1616,7373,0,16.425,0.0,0
Kothrud,Swargate,15,6,2,1742,7427,0,15.348564867967854,0.0,0
Kothrud,Swargate,17,6,0,1574,7206,0,16.481321473951716,0.0,1
Kothrud,Swargate,17,6,1,1753,7318,0,15.028408442669708,0.0,0
Kothrud,Swargate,17,6,2,1810,7427,0,14.771933701657458,0.0,0
Kothrud,Swargate,19,6,0,1614,7218,0,16.099628252788104,0.0,1
Kothrud,Swargate,19,6,1,1822,7285,0,14.394072447859497,0.0,0
Kothrud,Swargate,19,6,2,1747,7427,0,15.30463651974814,0.0,0
Kothrud,Swargate,21,6,0,1202,6976,0,20.893178036605658,0.0,1
Kothrud,Swargate,21,6,1,1337,7152,0,19.257442034405386,0.0,0
Kothrud,Swargate,21,6,2,1274,7148,0,20.198430141287286,0.0,0
Kothrud,Swargate,23,6,0,987,6976,0,25.44437689969605,0.0,1
Kothrud,Swargate,23,6,1,1130,7152,0,22.785132743362833,0.0,0
Kothrud,Swargate,23,6,2,1080,7301,0,24.33666666666667,0.0,0
Kothrud,Swargate,7,0,0,1069,6976,0,23.492609915809165,0.0,1
Kothrud,Swargate,7,0,1,1253,7243,0,20.809896249002396,0.0,0
Kothrud,Swargate,7,0,2,1246,7350,0,21.235955056179776,0.0,0
Kothrud,Swargate,9,0,0,1382,6976,0,18.171924746743848,0.0,1
Kothrud,Swargate,9,0,1,1538,7318,0,17.12925877763329,0.0,0
Kothrud,Swargate,9,0,2,1519,7333,0,17.37906517445688,0.0,0
Kothrud,Swargate,11,0,0,1563,7261,0,16.723992322456816,0.0,1
Kothrud,Swargate,11,0,1,1679,7361,0,15.782966051220964,0.0,0
Kothrud,Swargate,11,0,2,1730,7427,0,15.455028901734103,0.0,0
Kothrud,Swargate,13,0,0,1560,7261,0,16.756153846153847,0.0,1
Kothrud,Swargate,13,0,1,1716,7361,0,15.442657342657341,0.0,0
Kothrud,Swargate,13,0,2,1790,7427,0,14.936983240223462,0.0,0
Kothrud,Swargate,15,0,0,1421,7226,0,18.306544686840255,0.0,1
Kothrud,Swargate,15,0,1,1602,7373,0,16.568539325842696,0.0,0
Kothrud,Swargate,15,0,2,1719,7427,0,15.553926701570681,0.0,0
Kothrud,Swargate,17,0,0,1559,7223,0,16.679153303399612,0.0,1
Kothrud,Swargate,17,0,1,1740,7318,0,15.140689655172412,0.0,0
Kothrud,Swargate,17,0,2,1811,7427,0,14.763776918829373,0.0,0
Kothrud,Swargate,19,0,0,1598,7218,0,16.260826032540677,0.0,1
Kothrud,Swargate,19,0,1,1826,7285,0,14.362541073384447,0.0,0
Kothrud,Swargate,19,0,2,1757,7427,0,15.217529880478086,0.0,0
Kothrud,Swargate,21,0,0,1203,6976,0,20.875810473815463,0.0,1
Kothrud,Swargate,21,0,1,1342,7152,0,19.185692995529063,0.0,0
Kothrud,Swargate,21,0,2,1268,7310,0,20.753943217665615,0.0,0
Kothrud,Swargate,23,0,0,987,6976,0,25.44437689969605,0.0,1
Kothrud,Swargate,23,0,1,1130,7152,0,22.785132743362833,0.0,0
Kothrud,Swargate,23,0,2,1080,7301,0,24.33666666666667,0.0,0
Kothrud,Swargate,7,1,0,1065,6976,0,23.580845070422534,0.0,1
Kothrud,Swargate,7,1,1,1255,7243,0,20.776733067729086,0.0,0
Kothrud,Swargate,7,1,2,1242,7325,0,21.231884057971016,0.0,0
Kothrud,Swargate,9,1,0,1365,6976,0,18.39824175824176,0.0,1
Kothrud,Swargate,9,1,1,1531,7318,0,17.207576747224035,0.0,0
Kothrud,Swargate,9,1,2,1513,7333,0,17.447984137475217,0.0,0
Kothrud,Swargate,11,1,0,1559,7266,0,16.778447722899294,0.0,1
Kothrud,Swargate,11,1,1,1681,7361,0,15.764187983343248,0.0,0
Kothrud,Swargate,11,1,2,1740,7427,0,15.366206896551724,0.0,0
Kothrud,Swargate,13,1,0,1565,7266,0,16.7141214057508,0.0,1
Kothrud,Swargate,13,1,1,1718,7361,0,15.424679860302676,0.0,0
Kothrud,Swargate,13,1,2,1810,7427,0,14.771933701657458,0.0,0
Kothrud,Swargate,15,1,0,1428,7226,0,18.216806722689075,0.0,1
Kothrud,Swargate,15,1,1,1614,7373,0,16.4453531598513,0.0,0
Kothrud,Swargate,15,1,2,1716,7427,0,15.58111888111888,0.0,0
Kothrud,Swargate,17,1,0,1551,7223,0,16.765183752417794,0.0,1
Kothrud,Swargate,17,1,1,1738,7318,0,15.158112773302646,0.0,0
Kothrud,Swargate,17,1,2,1805,7427,0,14.812853185595568,0.0,0
Kothrud,Swargate,19,1,0,1596,7218,0,16.281203007518798,0.0,1
Kothrud,Swargate,19,1,1,1811,7285,0,14.481501932633904,0.0,0
Kothrud,Swargate,19,1,2,1765,7427,0,15.1485552407932,0.0,0
Kothrud,Swargate,21,1,0,1200,6976,0,20.928,0.0,1
Kothrud,Swargate,21,1,1,1340,7152,0,19.214328358208956,0.0,0
Kothrud,Swargate,21,1,2,1271,7139,0,20.220613690007866,0.0,0
Kothrud,Swargate,23,1,0,987,6976,0,25.44437689969605,0.0,1
Kothrud,Swargate,23,1,1,1130,7152,0,22.785132743362833,0.0,0
Kothrud,Swargate,23,1,2,1080,7301,0,24.33666666666667,0.0,0
Kothrud,Swargate,7,2,0,1064,6976,0,23.603007518796993,0.0,1
Kothrud,Swargate,7,2,1,1257,7243,0,20.7436754176611,0.0,0
Kothrud,Swargate,7,2,2,1242,7325,0,21.231884057971016,0.0,0
Kothrud,Swargate,9,2,0,1354,6976,0,18.547710487444608,0.0,1
Kothrud,Swargate,9,2,1,1545,7243,0,16.876893203883498,0.0,0
Kothrud,Swargate,9,2,2,1508,7333,0,17.50583554376658,0.0,0
Kothrud,Swargate,11,2,0,1554,7249,0,16.793050193050192,0.0,1
Kothrud,Swargate,11,2,1,1700,7361,0,15.588,0.0,0
Kothrud,Swargate,11,2,2,1727,7427,0,15.481876085697742,0.0,0
Kothrud,Swargate,13,2,0,1566,7327,0,16.84367816091954,0.0,1
Kothrud,Swargate,13,2,1,1746,7277,0,15.004123711340206,0.0,0
Kothrud,Swargate,13,2,2,1804,7427,0,14.821064301552108,0.0,0
Kothrud,Swargate,15,2,0,1444,7226,0,18.014958448753465,0.0,1
Kothrud,Swargate,15,2,1,1624,7373,0,16.34408866995074,0.0,0
Kothrud,Swargate,15,2,2,1753,7427,0,15.25225328009127,0.0,0
Kothrud,Swargate,17,2,0,1563,7223,0,16.636468330134356,0.0,1
Kothrud,Swargate,17,2,1,1763,7177,0,14.655246738513895,0.0,0
Kothrud,Swargate,17,2,2,1837,7427,0,14.554817637452366,0.0,0
Kothrud,Swargate,19,2,0,1597,7218,0,16.271008140262992,0.0,1
Kothrud,Swargate,19,2,1,1835,7285,0,14.292098092643053,0.0,0
Kothrud,Swargate,19,2,2,1761,7427,0,15.18296422487223,0.0,0
Kothrud,Swargate,21,2,0,1200,6976,0,20.928,0.0,1
Kothrud,Swargate,21,2,1,1343,7152,0,19.171407297096057,0.0,0
Kothrud,Swargate,21,2,2,1269,7301,0,20.712056737588654,0.0,0
Kothrud,Swargate,23,2,0,987,6976,0,25.44437689969605,0.0,1
Kothrud,Swargate,23,2,1,1130,7152,0,22.785132743362833,0.0,0
Kothrud,Swargate,23,2,2,1080,7301,0,24.33666666666667,0.0,0
Kothrud,Swargate,7,3,0,1065,6976,0,23.580845070422534,0.0,1
Kothrud,Swargate,7,3,1,1251,7243,0,20.8431654676259,0.0,0
Kothrud,Swargate,7,3,2,1230,7325,0,21.4390243902439,0.0,0
Kothrud,Swargate,9,3,0,1318,6976,0,19.05432473444613,0.0,1
Kothrud,Swargate,9,3,1,1505,7243,0,17.325448504983388,0.0,0
Kothrud,Swargate,9,3,2,1454,7325,0,18.13617606602476,0.0,0
Kothrud,Swargate,11,3,0,1554,7268,0,16.83706563706564,0.0,1
Kothrud,Swargate,11,3,1,1721,7136,0,14.927135386403254,0.0,0
Kothrud,Swargate,11,3,2,1728,7427,0,15.472916666666666,0.0,0
Kothrud,Swargate,13,3,0,1623,7266,0,16.116820702402958,0.0,1
Kothrud,Swargate,13,3,1,1788,7328,0,14.754362416107384,0.0,0
Kothrud,Swargate,13,3,2,1873,7427,0,14.275066737853711,0.0,0
Kothrud,Swargate,15,3,0,1527,7266,0,17.130058939096266,0.0,1
Kothrud,Swargate,15,3,1,1744,7349,0,15.169954128440367,0.0,0
Kothrud,Swargate,15,3,2,1935,7703,0,14.331162790697675,0.0,0
Kothrud,Swargate,17,3,0,1593,7261,0,16.409039548022598,0.0,1
Kothrud,Swargate,17,3,1,1829,7317,0,14.401968288682339,0.0,0
Kothrud,Swargate,17,3,2,1997,7703,0,13.886229344016025,0.0,0
Kothrud,Swargate,19,3,0,1592,7206,0,16.29497487437186,0.0,1
Kothrud,Swargate,19,3,1,1722,7086,0,14.813937282229967,0.0,0
Kothrud,Swargate,19,3,2,1781,7427,0,15.012464907355417,0.0,0
Kothrud,Swargate,21,3,0,1209,6976,0,20.772208436724565,0.0,1
Kothrud,Swargate,21,3,1,1344,7152,0,19.15714285714286,0.0,0
Kothrud,Swargate,21,3,2,1272,7310,0,20.68867924528302,0.0,0
Kothrud,Swargate,23,3,0,987,6976,0,25.44437689969605,0.0,1
Kothrud,Swargate,23,3,1,1130,7152,0,22.785132743362833,0.0,0
Kothrud,Swargate,23,3,2,1080,7301,0,24.33666666666667,0.0,0
Kothrud,Swargate,7,4,0,1044,6976,0,24.055172413793105,0.0,1
Kothrud,Swargate,7,4,1,1236,7243,0,21.096116504854372,0.0,0
Kothrud,Swargate,7,4,2,1212,7512,0,22.31287128712871,0.0,0
Kothrud,Swargate,9,4,0,1176,6976,0,21.355102040816327,0.0,1
Kothrud,Swargate,9,4,1,1382,7243,0,18.867438494934877,0.0,0
Kothrud,Swargate,9,4,2,1315,7512,0,20.565171102661598,0.0,0
Kothrud,Swargate,11,4,0,1309,7226,0,19.872880061115357,0.0,1
Kothrud,Swargate,11,4,1,1444,7427,0,18.51606648199446,0.0,0
Kothrud,Swargate,11,4,2,1494,7405,0,17.843373493975903,0.0,0
Kothrud,Swargate,13,4,0,1375,7226,0,18.91898181818182,0.0,1
Kothrud,Swargate,13,4,1,1545,7177,0,16.723106796116504,0.0,0
Kothrud,Swargate,13,4,2,1554,7427,0,17.205405405405404,0.0,0
Kothrud,Swargate,15,4,0,1354,7284,0,19.366617429837518,0.0,1
Kothrud,Swargate,15,4,1,1493,7177,0,17.305559276624244,0.0,0
Kothrud,Swargate,15,4,2,1620,7703,0,17.11777777777778,0.0,0
Kothrud,Swargate,17,4,0,1406,7223,0,18.49416785206259,0.0,1
Kothrud,Swargate,17,4,1,1564,7177,0,16.519948849104857,0.0,0
Kothrud,Swargate,17,4,2,1672,7703,0,16.585406698564594,0.0,0
Kothrud,Swargate,19,4,0,1419,7226,0,18.3323467230444,0.0,1
Kothrud,Swargate,19,4,1,1629,7093,0,15.675138121546961,0.0,0
Kothrud,Swargate,19,4,2,1578,7427,0,16.943726235741444,0.0,0
Kothrud,Swargate,21,4,0,1154,6976,0,21.762218370883883,0.0,1
Kothrud,Swargate,21,4,1,1370,7243,0,19.032700729927008,0.0,0
Kothrud,Swargate,21,4,2,1313,7325,0,20.083777608530085,0.0,0
Kothrud,Swargate,23,4,0,987,6976,0,25.44437689969605,0.0,1
Kothrud,Swargate,23,4,1,1130,7152,0,22.785132743362833,0.0,0
Kothrud,Swargate,23,4,2,1080,7301,0,24.33666666666667,0.0,0
Kothrud,Swargate,7,5,0,1070,6976,0,23.470654205607477,0.0,1
Kothrud,Swargate,7,5,1,1253,7243,0,20.809896249002396,0.0,0
Kothrud,Swargate,7,5,2,1243,7325,0,21.214802896218824,0.0,0
Kothrud,Swargate,9,5,0,1365,6976,0,18.39824175824176,0.0,1
Kothrud,Swargate,9,5,1,1529,7243,0,17.053499018966647,0.0,0
Kothrud,Swargate,9,5,2,1517,7325,0,17.38299274884641,0.0,0
Kothrud,Swargate,11,5,0,1571,7261,0,16.638828771483134,0.0,1
Kothrud,Swargate,11,5,1,1684,7361,0,15.736104513064133,0.0,0
Kothrud,Swargate,11,5,2,1710,7427,0,15.635789473684211,0.0,0
Kothrud,Swargate,13,5,0,1565,7261,0,16.70261980830671,0.0,1
Kothrud,Swargate,13,5,1,1711,7361,0,15.487784921098772,0.0,0
Kothrud,Swargate,13,5,2,1771,7427,0,15.097233201581027,0.0,0
Kothrud,Swargate,15,5,0,1430,7226,0,18.191328671328673,0.0,1
Kothrud,Swargate,15,5,1,1607,7373,0,16.51698817672682,0.0,0
Kothrud,Swargate,15,5,2,1722,7427,0,15.526829268292682,0.0,0
Kothrud,Swargate,17,5,0,1558,7218,0,16.678305519897304,0.0,1
Kothrud,Swargate,17,5,1,1743,7318,0,15.114629948364886,0.0,0
Kothrud,Swargate,17,5,2,1808,7427,0,14.788274336283184,0.0,0
Kothrud,Swargate,19,5,0,1586,6976,0,15.83455233291299,0.0,1
Kothrud,Swargate,19,5,1,1799,7202,0,14.41200667037243,0.0,0
Kothrud,Swargate,19,5,2,1734,7404,0,15.371626297577853,0.0,0
Kothrud,Swargate,21,5,0,1187,6976,0,21.157203032855936,0.0,1
Kothrud,Swargate,21,5,1,1336,7152,0,19.27185628742515,0.0,0
Kothrud,Swargate,21,5,2,1271,7139,0,20.220613690007866,0.0,0
Kothrud,Swargate,23,5,0,987,6976,0,25.44437689969605,0.0,1
Kothrud,Swargate,23,5,1,1130,7152,0,22.785132743362833,0.0,0
Kothrud,Swargate,23,5,2,1080,7301,0,24.33666666666667,0.0,0
Kothrud,Swargate,7,6,0,1072,6976,0,23.426865671641792,0.0,1
Kothrud,Swargate,7,6,1,1258,7243,0,20.72718600953895,0.0,0
Kothrud,Swargate,7,6,2,1247,7325,0,21.146752205292703,0.0,0
Kothrud,Swargate,9,6,0,1399,6976,0,17.951107934238742,0.0,1
Kothrud,Swargate,9,6,1,1552,7384,0,17.12783505154639,0.0,0
Kothrud,Swargate,9,6,2,1532,7333,0,17.231592689295038,0.0,0
Kothrud,Swargate,11,6,0,1603,7261,0,16.306674984404243,0.0,1
Kothrud,Swargate,11,6,1,1716,7361,0,15.442657342657341,0.0,0
Kothrud,Swargate,11,6,2,1750,7427,0,15.2784,0.0,0
Kothrud,Swargate,13,6,0,1579,7261,0,16.55452818239392,0.0,1
Kothrud,Swargate,13,6,1,1740,7361,0,15.229655172413793,0.0,0
Kothrud,Swargate,13,6,2,1814,7427,0,14.739360529217198,0.0,0
Kothrud,Swargate,15,6,0,1436,7226,0,18.11532033426184,0.0,1
Kothrud,Swargate,15,6,1,1616,7373,0,16.425,0.0,0
Kothrud,Swargate,15,6,2,1742,7427,0,15.348564867967854,0.0,0
Kothrud,Swargate,17,6,0,1574,7206,0,16.481321473951716,0.0,1
Kothrud,Swargate,17,6,1,1753,7318,0,15.028408442669708,0.0,0
Kothrud,Swargate,17,6,2,1810,7427,0,14.771933701657458,0.0,0
Kothrud,Swargate,19,6,0,1614,7218,0,16.099628252788104,0.0,1
Kothrud,Swargate,19,6,1,1822,7285,0,14.394072447859497,0.0,0
Kothrud,Swargate,19,6,2,1747,7427,0,15.30463651974814,0.0,0
Kothrud,Swargate,21,6,0,1202,6976,0,20.893178036605658,0.0,1
Kothrud,Swargate,21,6,1,1337,7152,0,19.257442034405386,0.0,0
Kothrud,Swargate,21,6,2,1274,7148,0,20.198430141287286,0.0,0
Kothrud,Swargate,23,6,0,987,6976,0,25.44437689969605,0.0,1
Kothrud,Swargate,23,6,1,1130,7152,0,22.785132743362833,0.0,0
Kothrud,Swargate,23,6,2,1080,7301,0,24.33666666666667,0.0,0
Kothrud,Swargate,7,0,0,1069,6976,0,23.492609915809165,0.0,1
Kothrud,Swargate,7,0,1,1253,7243,0,20.809896249002396,0.0,0
Kothrud,Swargate,7,0,2,1246,7350,0,21.235955056179776,0.0,0
Kothrud,Swargate,9,0,0,1382,6976,0,18.171924746743848,0.0,1
Kothrud,Swargate,9,0,1,1538,7318,0,17.12925877763329,0.0,0
Kothrud,Swargate,9,0,2,1519,7333,0,17.37906517445688,0.0,0
Kothrud,Swargate,11,0,0,1563,7261,0,16.723992322456816,0.0,1
Kothrud,Swargate,11,0,1,1679,7361,0,15.782966051220964,0.0,0
Kothrud,Swargate,11,0,2,1730,7427,0,15.455028901734103,0.0,0
Kothrud,Swargate,13,0,0,1560,7261,0,16.756153846153847,0.0,1
Kothrud,Swargate,13,0,1,1716,7361,0,15.442657342657341,0.0,0
Kothrud,Swargate,13,0,2,1790,7427,0,14.936983240223462,0.0,0
Kothrud,Swargate,15,0,0,1421,7226,0,18.306544686840255,0.0,1
Kothrud,Swargate,15,0,1,1602,7373,0,16.568539325842696,0.0,0
Kothrud,Swargate,15,0,2,1719,7427,0,15.553926701570681,0.0,0
Kothrud,Swargate,17,0,0,1559,7223,0,16.679153303399612,0.0,1
Kothrud,Swargate,17,0,1,1740,7318,0,15.140689655172412,0.0,0
Kothrud,Swargate,17,0,2,1811,7427,0,14.763776918829373,0.0,0
Kothrud,Swargate,19,0,0,1598,7218,0,16.260826032540677,0.0,1
Kothrud,Swargate,19,0,1,1826,7285,0,14.362541073384447,0.0,0
Kothrud,Swargate,19,0,2,1757,7427,0,15.217529880478086,0.0,0
Kothrud,Swargate,21,0,0,1203,6976,0,20.875810473815463,0.0,1
Kothrud,Swargate,21,0,1,1342,7152,0,19.185692995529063,0.0,0
Kothrud,Swargate,21,0,2,1268,7310,0,20.753943217665615,0.0,0
Kothrud,Swargate,23,0,0,987,6976,0,25.44437689969605,0.0,1
Kothrud,Swargate,23,0,1,1130,7152,0,22.785132743362833,0.0,0
Kothrud,Swargate,23,0,2,1080,7301,0,24.33666666666667,0.0,0
Kothrud,Swargate,7,1,0,1065,6976,0,23.580845070422534,0.0,1
Kothrud,Swargate,7,1,1,1255,7243,0,20.776733067729086,0.0,0
Kothrud,Swargate,7,1,2,1242,7325,0,21.231884057971016,0.0,0
Kothrud,Swargate,9,1,0,1365,6976,0,18.39824175824176,0.0,1
Kothrud,Swargate,9,1,1,1531,7318,0,17.207576747224035,0.0,0
Kothrud,Swargate,9,1,2,1513,7333,0,17.447984137475217,0.0,0
Kothrud,Swargate,11,1,0,1559,7266,0,16.778447722899294,0.0,1
Kothrud,Swargate,11,1,1,1681,7361,0,15.764187983343248,0.0,0
Kothrud,Swargate,11,1,2,1740,7427,0,15.366206896551724,0.0,0
Kothrud,Swargate,13,1,0,1565,7266,0,16.7141214057508,0.0,1
Kothrud,Swargate,13,1,1,1718,7361,0,15.424679860302676,0.0,0
Kothrud,Swargate,13,1,2,1810,7427,0,14.771933701657458,0.0,0
Kothrud,Swargate,15,1,0,1428,7226,0,18.216806722689075,0.0,1
Kothrud,Swargate,15,1,1,1614,7373,0,16.4453531598513,0.0,0
Kothrud,Swargate,15,1,2,1716,7427,0,15.58111888111888,0.0,0
Kothrud,Swargate,17,1,0,1551,7223,0,16.765183752417794,0.0,1
Kothrud,Swargate,17,1,1,1738,7318,0,15.158112773302646,0.0,0
Kothrud,Swargate,17,1,2,1805,7427,0,14.812853185595568,0.0,0
Kothrud,Swargate,19,1,0,1596,7218,0,16.281203007518798,0.0,1
Kothrud,Swargate,19,1,1,1811,7285,0,14.481501932633904,0.0,0
Kothrud,Swargate,19,1,2,1765,7427,0,15.1485552407932,0.0,0
Kothrud,Swargate,21,1,0,1200,6976,0,20.928,0.0,1
Kothrud,Swargate,21,1,1,1340,7152,0,19.214328358208956,0.0,0
Kothrud,Swargate,21,1,2,1271,7139,0,20.220613690007866,0.0,0
Kothrud,Swargate,23,1,0,987,6976,0,25.44437689969605,0.0,1
Kothrud,Swargate,23,1,1,1130,7152,0,22.785132743362833,0.0,0
Kothrud,Swargate,23,1,2,1080,7301,0,24.33666666666667,0.0,0
Kothrud,Swargate,7,2,0,1064,6976,0,23.603007518796993,0.0,1
Kothrud,Swargate,7,2,1,1257,7243,0,20.7436754176611,0.0,0
Kothrud,Swargate,7,2,2,1242,7325,0,21.231884057971016,0.0,0
Kothrud,Swargate,9,2,0,1354,6976,0,18.547710487444608,0.0,1
Kothrud,Swargate,9,2,1,1545,7243,0,16.876893203883498,0.0,0
Kothrud,Swargate,9,2,2,1508,7333,0,17.50583554376658,0.0,0
Kothrud,Swargate,11,2,0,1554,7249,0,16.793050193050192,0.0,1
Kothrud,Swargate,11,2,1,1700,7361,0,15.588,0.0,0
Kothrud,Swargate,11,2,2,1727,7427,0,15.481876085697742,0.0,0
Kothrud,Swargate,13,2,0,1566,7327,0,16.84367816091954,0.0,1
Kothrud,Swargate,13,2,1,1746,7277,0,15.004123711340206,0.0,0
Kothrud,Swargate,13,2,2,1804,7427,0,14.821064301552108,0.0,0
Kothrud,Swargate,15,2,0,1444,7226,0,18.014958448753465,0.0,1
Kothrud,Swargate,15,2,1,1624,7373,0,16.34408866995074,0.0,0
Kothrud,Swargate,15,2,2,1753,7427,0,15.25225328009127,0.0,0
Kothrud,Swargate,17,2,0,1563,7223,0,16.636468330134356,0.0,1
Kothrud,Swargate,17,2,1,1763,7177,0,14.655246738513895,0.0,0
Kothrud,Swargate,17,2,2,1837,7427,0,14.554817637452366,0.0,0
Kothrud,Swargate,19,2,0,1597,7218,0,16.271008140262992,0.0,1
Kothrud,Swargate,19,2,1,1835,7285,0,14.292098092643053,0.0,0
Kothrud,Swargate,19,2,2,1761,7427,0,15.18296422487223,0.0,0
Kothrud,Swargate,21,2,0,1200,6976,0,20.928,0.0,1
Kothrud,Swargate,21,2,1,1343,7152,0,19.171407297096057,0.0,0
Kothrud,Swargate,21,2,2,1269,7301,0,20.712056737588654,0.0,0
Kothrud,Swargate,23,2,0,987,6976,0,25.44437689969605,0.0,1
Kothrud,Swargate,23,2,1,1130,7152,0,22.785132743362833,0.0,0
Kothrud,Swargate,23,2,2,1080,7301,0,24.33666666666667,0.0,0
Kothrud,Swargate,7,3,0,1065,6976,0,23.580845070422534,0.0,1
Kothrud,Swargate,7,3,1,1251,7243,0,20.8431654676259,0.0,0
Kothrud,Swargate,7,3,2,1230,7325,0,21.4390243902439,0.0,0
Kothrud,Swargate,9,3,0,1318,6976,0,19.05432473444613,0.0,1
Kothrud,Swargate,9,3,1,1505,7243,0,17.325448504983388,0.0,0
Kothrud,Swargate,9,3,2,1454,7325,0,18.13617606602476,0.0,0
Kothrud,Swargate,11,3,0,1554,7268,0,16.83706563706564,0.0,1
Kothrud,Swargate,11,3,1,1721,7136,0,14.927135386403254,0.0,0
Kothrud,Swargate,11,3,2,1728,7427,0,15.472916666666666,0.0,0
Kothrud,Swargate,13,3,0,1623,7266,0,16.116820702402958,0.0,1
Kothrud,Swargate,13,3,1,1788,7328,0,14.754362416107384,0.0,0
Kothrud,Swargate,13,3,2,1873,7427,0,14.275066737853711,0.0,0
Kothrud,Swargate,15,3,0,1527,7266,0,17.130058939096266,0.0,1
Kothrud,Swargate,15,3,1,1744,7349,0,15.169954128440367,0.0,0
Kothrud,Swargate,15,3,2,1935,7703,0,14.331162790697675,0.0,0
Kothrud,Swargate,17,3,0,1593,7261,0,16.409039548022598,0.0,1
Kothrud,Swargate,17,3,1,1829,7317,0,14.401968288682339,0.0,0
Kothrud,Swargate,17,3,2,1997,7703,0,13.886229344016025,0.0,0
Kothrud,Swargate,19,3,0,1592,7206,0,16.29497487437186,0.0,1
Kothrud,Swargate,19,3,1,1722,7086,0,14.813937282229967,0.0,0
Kothrud,Swargate,19,3,2,1781,7427,0,15.012464907355417,0.0,0
Kothrud,Swargate,21,3,0,1209,6976,0,20.772208436724565,0.0,1
Kothrud,Swargate,21,3,1,1344,7152,0,19.15714285714286,0.0,0
Kothrud,Swargate,21,3,2,1272,7310,0,20.68867924528302,0.0,0
Kothrud,Swargate,23,3,0,987,6976,0,25.44437689969605,0.0,1
Kothrud,Swargate,23,3,1,1130,7152,0,22.785132743362833,0.0,0
Kothrud,Swargate,23,3,2,1080,7301,0,24.33666666666667,0.0,0
Kothrud,Swargate,7,4,0,1044,6976,0,24.055172413793105,0.0,1
Kothrud,Swargate,7,4,1,1236,7243,0,21.096116504854372,0.0,0
Kothrud,Swargate,7,4,2,1212,7512,0,22.31287128712871,0.0,0
Kothrud,Swargate,9,4,0,1176,6976,0,21.355102040816327,0.0,1
Kothrud,Swargate,9,4,1,1382,7243,0,18.867438494934877,0.0,0
Kothrud,Swargate,9,4,2,1315,7512,0,20.565171102661598,0.0,0
Kothrud,Swargate,11,4,0,1309,7226,0,19.872880061115357,0.0,1
Kothrud,Swargate,11,4,1,1444,7427,0,18.51606648199446,0.0,0
Kothrud,Swargate,11,4,2,1494,7405,0,17.843373493975903,0.0,0
Kothrud,Swargate,13,4,0,1375,7226,0,18.91898181818182,0.0,1
Kothrud,Swargate,13,4,1,1545,7177,0,16.723106796116504,0.0,0
Kothrud,Swargate,13,4,2,1554,7427,0,17.205405405405404,0.0,0
Kothrud,Swargate,15,4,0,1354,7284,0,19.366617429837518,0.0,1
Kothrud,Swargate,15,4,1,1493,7177,0,17.305559276624244,0.0,0
Kothrud,Swargate,15,4,2,1620,7703,0,17.11777777777778,0.0,0
Kothrud,Swargate,17,4,0,1406,7223,0,18.49416785206259,0.0,1
Kothrud,Swargate,17,4,1,1564,7177,0,16.519948849104857,0.0,0
Kothrud,Swargate,17,4,2,1672,7703,0,16.585406698564594,0.0,0
Kothrud,Swargate,19,4,0,1419,7226,0,18.3323467230444,0.0,1
Kothrud,Swargate,19,4,1,1629,7093,0,15.675138121546961,0.0,0
Kothrud,Swargate,19,4,2,1578,7427,0,16.943726235741444,0.0,0
Kothrud,Swargate,21,4,0,1154,6976,0,21.762218370883883,0.0,1
Kothrud,Swargate,21,4,1,1370,7243,0,19.032700729927008,0.0,0
Kothrud,Swargate,21,4,2,1313,7325,0,20.083777608530085,0.0,0
Kothrud,Swargate,23,4,0,987,6976,0,25.44437689969605,0.0,1
Kothrud,Swargate,23,4,1,1130,7152,0,22.785132743362833,0.0,0
Kothrud,Swargate,23,4,2,1080,7301,0,24.33666666666667,0.0,0
Kothrud,Swargate,7,5,0,1070,6976,0,23.470654205607477,0.0,1
Kothrud,Swargate,7,5,1,1253,7243,0,20.809896249002396,0.0,0
Kothrud,Swargate,7,5,2,1243,7325,0,21.214802896218824,0.0,0
Kothrud,Swargate,9,5,0,1365,6976,0,18.39824175824176,0.0,1
Kothrud,Swargate,9,5,1,1529,7243,0,17.053499018966647,0.0,0
Kothrud,Swargate,9,5,2,1517,7325,0,17.38299274884641,0.0,0
Kothrud,Swargate,11,5,0,1571,7261,0,16.638828771483134,0.0,1
Kothrud,Swargate,11,5,1,1684,7361,0,15.736104513064133,0.0,0
Kothrud,Swargate,11,5,2,1710,7427,0,15.635789473684211,0.0,0
Kothrud,Swargate,13,5,0,1565,7261,0,16.70261980830671,0.0,1
Kothrud,Swargate,13,5,1,1711,7361,0,15.487784921098772,0.0,0
Kothrud,Swargate,13,5,2,1771,7427,0,15.097233201581027,0.0,0
Kothrud,Swargate,15,5,0,1430,7226,0,18.191328671328673,0.0,1
Kothrud,Swargate,15,5,1,1607,7373,0,16.51698817672682,0.0,0
Kothrud,Swargate,15,5,2,1722,7427,0,15.526829268292682,0.0,0
Kothrud,Swargate,17,5,0,1558,7218,0,16.678305519897304,0.0,1
Kothrud,Swargate,17,5,1,1743,7318,0,15.114629948364886,0.0,0
Kothrud,Swargate,17,5,2,1808,7427,0,14.788274336283184,0.0,0
Kothrud,Swargate,19,5,0,1586,6976,0,15.83455233291299,0.0,1
Kothrud,Swargate,19,5,1,1799,7202,0,14.41200667037243,0.0,0
Kothrud,Swargate,19,5,2,1734,7404,0,15.371626297577853,0.0,0
Kothrud,Swargate,21,5,0,1187,6976,0,21.157203032855936,0.0,1
Kothrud,Swargate,21,5,1,1336,7152,0,19.27185628742515,0.0,0
Kothrud,Swargate,21,5,2,1271,7139,0,20.220613690007866,0.0,0
Kothrud,Swargate,23,5,0,987,6976,0,25.44437689969605,0.0,1
Kothrud,Swargate,23,5,1,1130,7152,0,22.785132743362833,0.0,0
Kothrud,Swargate,23,5,2,1080,7301,0,24.33666666666667,0.0,0
Kothrud,Swargate,7,6,0,1072,6976,0,23.426865671641792,0.0,1
Kothrud,Swargate,7,6,1,1258,7243,0,20.72718600953895,0.0,0
Kothrud,Swargate,7,6,2,1247,7325,0,21.146752205292703,0.0,0
Kothrud,Swargate,9,6,0,1399,6976,0,17.951107934238742,0.0,1
Kothrud,Swargate,9,6,1,1552,7384,0,17.12783505154639,0.0,0
Kothrud,Swargate,9,6,2,1532,7333,0,17.231592689295038,0.0,0
Kothrud,Swargate,11,6,0,1603,7261,0,16.306674984404243,0.0,1
Kothrud,Swargate,11,6,1,1716,7361,0,15.442657342657341,0.0,0
Kothrud,Swargate,11,6,2,1750,7427,0,15.2784,0.0,0
Kothrud,Swargate,13,6,0,1579,7261,0,16.55452818239392,0.0,1
Kothrud,Swargate,13,6,1,1740,7361,0,15.229655172413793,0.0,0
Kothrud,Swargate,13,6,2,1814,7427,0,14.739360529217198,0.0,0
Kothrud,Swargate,15,6,0,1436,7226,0,18.11532033426184,0.0,1
Kothrud,Swargate,15,6,1,1616,7373,0,16.425,0.0,0
Kothrud,Swargate,15,6,2,1742,7427,0,15.348564867967854,0.0,0
Kothrud,Swargate,17,6,0,1574,7206,0,16.481321473951716,0.0,1
Kothrud,Swargate,17,6,1,1753,7318,0,15.028408442669708,0.0,0
Kothrud,Swargate,17,6,2,1810,7427,0,14.771933701657458,0.0,0
Kothrud,Swargate,19,6,0,1614,7218,0,16.099628252788104,0.0,1
Kothrud,Swargate,19,6,1,1822,7285,0,14.394072447859497,0.0,0
Kothrud,Swargate,19,6,2,1747,7427,0,15.30463651974814,0.0,0
Kothrud,Swargate,21,6,0,1202,6976,0,20.893178036605658,0.0,1
Kothrud,Swargate,21,6,1,1337,7152,0,19.257442034405386,0.0,0
Kothrud,Swargate,21,6,2,1274,7148,0,20.198430141287286,0.0,0
Kothrud,Swargate,23,6,0,987,6976,0,25.44437689969605,0.0,1
Kothrud,Swargate,23,6,1,1130,7152,0,22.785132743362833,0.0,0
Kothrud,Swargate,23,6,2,1080,7301,0,24.33666666666667,0.0,0
Kothrud,Hinjewadi,7,0,0,1408,16099,0,41.16221590909091,0.0,1
Kothrud,Hinjewadi,7,0,1,2266,18880,0,29.994704324801408,0.0,0
Kothrud,Hinjewadi,7,0,2,1952,15641,0,28.84610655737705,0.0,0
Kothrud,Hinjewadi,9,0,0,1719,16099,0,33.7151832460733,0.0,1
Kothrud,Hinjewadi,9,0,1,2756,18880,0,24.661828737300436,0.0,0
Kothrud,Hinjewadi,9,0,2,2414,17371,0,25.905385252692625,0.0,0
Kothrud,Hinjewadi,11,0,0,1816,16099,0,31.914317180616738,0.0,1
Kothrud,Hinjewadi,11,0,1,2941,18880,0,23.110506630397822,0.0,0
Kothrud,Hinjewadi,11,0,2,2556,17371,0,24.46619718309859,0.0,0
Kothrud,Hinjewadi,13,0,0,1710,16099,0,33.89263157894737,0.0,1
Kothrud,Hinjewadi,13,0,1,2752,18880,0,24.69767441860465,0.0,0
Kothrud,Hinjewadi,13,0,2,2281,15641,0,24.68548882069268,0.0,0
Kothrud,Hinjewadi,15,0,0,1541,16099,0,37.6096041531473,0.0,1
Kothrud,Hinjewadi,15,0,1,2624,18880,0,25.90243902439024,0.0,0
Kothrud,Hinjewadi,15,0,2,2116,15641,0,26.61039697542533,0.0,0
Kothrud,Hinjewadi,17,0,0,1737,16099,0,33.365803108808294,0.0,1
Kothrud,Hinjewadi,17,0,1,3081,18880,0,22.060370009737095,0.0,0
Kothrud,Hinjewadi,17,0,2,2387,15641,0,23.589275240888146,0.0,0
Kothrud,Hinjewadi,19,0,0,1866,16099,0,31.059163987138266,0.0,1
Kothrud,Hinjewadi,19,0,1,3164,18880,0,21.48166877370417,0.0,0
Kothrud,Hinjewadi,19,0,2,2550,15641,0,22.08141176470588,0.0,0
Kothrud,Hinjewadi,21,0,0,1482,16099,0,39.10688259109312,0.0,1
Kothrud,Hinjewadi,21,0,1,2322,18880,0,29.271317829457363,0.0,0
Kothrud,Hinjewadi,21,0,2,2046,15641,0,27.5208211143695,0.0,0
Kothrud,Hinjewadi,23,0,0,1314,16099,0,44.106849315068494,0.0,1
Kothrud,Hinjewadi,23,0,1,2067,18880,0,32.882438316400574,0.0,0
Kothrud,Hinjewadi,23,0,2,1819,15637,0,30.947333699835074,0.0,0
Kothrud,Hinjewadi,7,1,0,1394,16099,0,41.575609756097556,0.0,1
Kothrud,Hinjewadi,7,1,1,2247,18880,0,30.248331108144193,0.0,0
Kothrud,Hinjewadi,7,1,2,1938,15641,0,29.054489164086686,0.0,0
Kothrud,Hinjewadi,9,1,0,1666,16099,0,34.78775510204082,0.0,1
Kothrud,Hinjewadi,9,1,1,2705,18880,0,25.1268022181146,0.0,0
Kothrud,Hinjewadi,9,1,2,2377,17371,0,26.308624316365165,0.0,0
Kothrud,Hinjewadi,11,1,0,1754,16099,0,33.042417331813,0.0,1
Kothrud,Hinjewadi,11,1,1,2893,18880,0,23.493950916004145,0.0,0
Kothrud,Hinjewadi,11,1,2,2329,15641,0,24.176728209531987,0.0,0
Kothrud,Hinjewadi,13,1,0,1678,16099,0,34.538974970202624,0.0,1
Kothrud,Hinjewadi,13,1,1,2732,18880,0,24.878477306002928,0.0,0
Kothrud,Hinjewadi,13,1,2,2248,15641,0,25.047864768683272,0.0,0
Kothrud,Hinjewadi,15,1,0,1529,16099,0,37.90477436232832,0.0,1
Kothrud,Hinjewadi,15,1,1,2604,18880,0,26.10138248847926,0.0,0
Kothrud,Hinjewadi,15,1,2,2107,15641,0,26.72406264831514,0.0,0
Kothrud,Hinjewadi,17,1,0,1722,16099,0,33.65644599303136,0.0,1
Kothrud,Hinjewadi,17,1,1,3045,18880,0,22.321182266009853,0.0,0
Kothrud,Hinjewadi,17,1,2,2357,15641,0,23.889520577004667,0.0,0
Kothrud,Hinjewadi,19,1,0,1848,16099,0,31.361688311688315,0.0,1
Kothrud,Hinjewadi,19,1,1,3147,18880,0,21.59771210676835,0.0,0
Kothrud,Hinjewadi,19,1,2,2499,15641,0,22.53205282112845,0.0,0
Kothrud,Hinjewadi,21,1,0,1481,16099,0,39.13328831870358,0.0,1
Kothrud,Hinjewadi,21,1,1,2320,18880,0,29.296551724137927,0.0,0
Kothrud,Hinjewadi,21,1,2,2019,15637,0,27.88172362555721,0.0,0
Kothrud,Hinjewadi,23,1,0,1314,16099,0,44.106849315068494,0.0,1
Kothrud,Hinjewadi,23,1,1,2067,18880,0,32.882438316400574,0.0,0
Kothrud,Hinjewadi,23,1,2,1819,15637,0,30.947333699835074,0.0,0
Kothrud,Hinjewadi,7,2,0,1379,16099,0,42.02784626540972,0.0,1
Kothrud,Hinjewadi,7,2,1,2228,18880,0,30.506283662477554,0.0,0
Kothrud,Hinjewadi,7,2,2,1925,15641,0,29.250701298701298,0.0,0
Kothrud,Hinjewadi,9,2,0,1627,16099,0,35.62163491087892,0.0,1
Kothrud,Hinjewadi,9,2,1,2646,18880,0,25.687074829931973,0.0,0
Kothrud,Hinjewadi,9,2,2,2184,15641,0,25.78186813186813,0.0,0
Kothrud,Hinjewadi,11,2,0,1730,16099,0,33.500809248554916,0.0,1
Kothrud,Hinjewadi,11,2,1,2852,18880,0,23.831697054698456,0.0,0
Kothrud,Hinjewadi,11,2,2,2305,15641,0,24.428459869848158,0.0,0
Kothrud,Hinjewadi,13,2,0,1694,16099,0,34.21275088547816,0.0,1
Kothrud,Hinjewadi,13,2,1,2751,18880,0,24.706652126499453,0.0,0
Kothrud,Hinjewadi,13,2,2,2276,15641,0,24.739718804920912,0.0,0
Kothrud,Hinjewadi,15,2,0,1537,16099,0,37.7074821080026,0.0,1
Kothrud,Hinjewadi,15,2,1,2645,18880,0,25.696786389413987,0.0,0
Kothrud,Hinjewadi,15,2,2,2121,15641,0,26.54766619519095,0.0,0
Kothrud,Hinjewadi,17,2,0,1728,16099,0,33.53958333333333,0.0,1
Kothrud,Hinjewadi,17,2,1,3060,18880,0,22.211764705882352,0.0,0
Kothrud,Hinjewadi,17,2,2,2367,15641,0,23.788593155893537,0.0,0
Kothrud,Hinjewadi,19,2,0,1871,16099,0,30.976162479957242,0.0,1
Kothrud,Hinjewadi,19,2,1,3158,18880,0,21.522482583913867,0.0,0
Kothrud,Hinjewadi,19,2,2,2538,15641,0,22.185815602836882,0.0,0
Kothrud,Hinjewadi,21,2,0,1497,16099,0,38.71503006012024,0.0,1
Kothrud,Hinjewadi,21,2,1,2331,18880,0,29.158301158301157,0.0,0
Kothrud,Hinjewadi,21,2,2,2037,15637,0,27.63534609720177,0.0,0
Kothrud,Hinjewadi,23,2,0,1314,16099,0,44.106849315068494,0.0,1
Kothrud,Hinjewadi,23,2,1,2067,18880,0,32.882438316400574,0.0,0
Kothrud,Hinjewadi,23,2,2,1819,15637,0,30.947333699835074,0.0,0
Kothrud,Hinjewadi,7,3,0,1358,16099,0,42.67776141384389,0.0,1
Kothrud,Hinjewadi,7,3,1,2172,18880,0,31.292817679558006,0.0,0
Kothrud,Hinjewadi,7,3,2,1892,15641,0,29.76088794926004,0.0,0
Kothrud,Hinjewadi,9,3,0,1507,16099,0,38.45812873258129,0.0,1
Kothrud,Hinjewadi,9,3,1,2436,18880,0,27.901477832512317,0.0,0
Kothrud,Hinjewadi,9,3,2,2058,15641,0,27.360349854227405,0.0,0
Kothrud,Hinjewadi,11,3,0,1639,16099,0,35.36082977425259,0.0,1
Kothrud,Hinjewadi,11,3,1,2677,18880,0,25.38961524094135,0.0,0
Kothrud,Hinjewadi,11,3,2,2211,15641,0,25.467028493894166,0.0,0
Kothrud,Hinjewadi,13,3,0,1705,16099,0,33.99202346041056,0.0,1
Kothrud,Hinjewadi,13,3,1,2785,18880,0,24.405026929982043,0.0,0
Kothrud,Hinjewadi,13,3,2,2275,15641,0,24.750593406593406,0.0,0
Kothrud,Hinjewadi,15,3,0,1679,16099,0,34.51840381179273,0.0,1
Kothrud,Hinjewadi,15,3,1,2785,18880,0,24.405026929982043,0.0,0
Kothrud,Hinjewadi,15,3,2,2232,15641,0,25.22741935483871,0.0,0
Kothrud,Hinjewadi,17,3,0,1755,16099,0,33.023589743589746,0.0,1
Kothrud,Hinjewadi,17,3,1,3039,18880,0,22.365251727541956,0.0,0
Kothrud,Hinjewadi,17,3,2,2351,15641,0,23.950489153551683,0.0,0
Kothrud,Hinjewadi,19,3,0,1766,16099,0,32.81789354473386,0.0,1
Kothrud,Hinjewadi,19,3,1,2990,18880,0,22.731772575250833,0.0,0
Kothrud,Hinjewadi,19,3,2,2414,15641,0,23.32543496271748,0.0,0
Kothrud,Hinjewadi,21,3,0,1495,16099,0,38.766822742474915,0.0,1
Kothrud,Hinjewadi,21,3,1,2335,18880,0,29.10835117773019,0.0,0
Kothrud,Hinjewadi,21,3,2,2054,15641,0,27.41363193768257,0.0,0
Kothrud,Hinjewadi,23,3,0,1314,16099,0,44.106849315068494,0.0,1
Kothrud,Hinjewadi,23,3,1,2067,18880,0,32.882438316400574,0.0,0
Kothrud,Hinjewadi,23,3,2,1819,15637,0,30.947333699835074,0.0,0
Kothrud,Hinjewadi,7,4,0,1345,16099,0,43.090260223048325,0.0,1
Kothrud,Hinjewadi,7,4,1,2130,18880,0,31.909859154929574,0.0,0
Kothrud,Hinjewadi,7,4,2,1872,15641,0,30.078846153846154,0.0,0
Kothrud,Hinjewadi,9,4,0,1426,16099,0,40.642636746143054,0.0,1
Kothrud,Hinjewadi,9,4,1,2281,18880,0,29.797457255589652,0.0,0
Kothrud,Hinjewadi,9,4,2,1959,15641,0,28.74303215926493,0.0,0
Kothrud,Hinjewadi,11,4,0,1521,16099,0,38.10414201183432,0.0,1
Kothrud,Hinjewadi,11,4,1,2426,18880,0,28.01648804616653,0.0,0
Kothrud,Hinjewadi,11,4,2,2051,15641,0,27.45372988785958,0.0,0
Kothrud,Hinjewadi,13,4,0,1559,16099,0,37.17536882617062,0.0,1
Kothrud,Hinjewadi,13,4,1,2485,18880,0,27.351307847082495,0.0,0
Kothrud,Hinjewadi,13,4,2,2088,15641,0,26.967241379310348,0.0,0
Kothrud,Hinjewadi,15,4,0,1561,16099,0,37.12773862908392,0.0,1
Kothrud,Hinjewadi,15,4,1,2526,18880,0,26.90736342042755,0.0,0
Kothrud,Hinjewadi,15,4,2,2079,15641,0,27.083982683982683,0.0,0
Kothrud,Hinjewadi,17,4,0,1645,16099,0,35.231854103343466,0.0,1
Kothrud,Hinjewadi,17,4,1,2678,18880,0,25.380134428678115,0.0,0
Kothrud,Hinjewadi,17,4,2,2162,15641,0,26.04421831637373,0.0,0
Kothrud,Hinjewadi,19,4,0,1674,16099,0,34.62150537634408,0.0,1
Kothrud,Hinjewadi,19,4,1,2672,18880,0,25.437125748502993,0.0,0
Kothrud,Hinjewadi,19,4,2,2189,15641,0,25.722978529008678,0.0,0
Kothrud,Hinjewadi,21,4,0,1460,16099,0,39.696164383561644,0.0,1
Kothrud,Hinjewadi,21,4,1,2263,18880,0,30.034467520989836,0.0,0
Kothrud,Hinjewadi,21,4,2,1978,15641,0,28.466936299292218,0.0,0
Kothrud,Hinjewadi,23,4,0,1314,16099,0,44.106849315068494,0.0,1
Kothrud,Hinjewadi,23,4,1,2067,18880,0,32.882438316400574,0.0,0
Kothrud,Hinjewadi,23,4,2,1819,15637,0,30.947333699835074,0.0,0
Kothrud,Hinjewadi,7,5,0,1402,16099,0,41.338373751783166,0.0,1
Kothrud,Hinjewadi,7,5,1,2252,18880,0,30.181172291296626,0.0,0
Kothrud,Hinjewadi,7,5,2,1920,15637,0,29.319375,0.0,0
Kothrud,Hinjewadi,9,5,0,1679,16099,0,34.51840381179273,0.0,1
Kothrud,Hinjewadi,9,5,1,2710,18880,0,25.080442804428042,0.0,0
Kothrud,Hinjewadi,9,5,2,2221,15641,0,25.35236380009005,0.0,0
Kothrud,Hinjewadi,11,5,0,1764,16099,0,32.85510204081633,0.0,1
Kothrud,Hinjewadi,11,5,1,2884,18880,0,23.56726768377254,0.0,0
Kothrud,Hinjewadi,11,5,2,2329,15641,0,24.176728209531987,0.0,0
Kothrud,Hinjewadi,13,5,0,1685,16099,0,34.395489614243324,0.0,1
Kothrud,Hinjewadi,13,5,1,2723,18880,0,24.960705104663973,0.0,0
Kothrud,Hinjewadi,13,5,2,2239,15641,0,25.148548459133544,0.0,0
Kothrud,Hinjewadi,15,5,0,1532,16099,0,37.83054830287206,0.0,1
Kothrud,Hinjewadi,15,5,1,2607,18880,0,26.071346375143843,0.0,0
Kothrud,Hinjewadi,15,5,2,2071,15637,0,27.18165137614679,0.0,0
Kothrud,Hinjewadi,17,5,0,1700,16099,0,34.092,0.0,1
Kothrud,Hinjewadi,17,5,1,3050,18880,0,22.284590163934425,0.0,0
Kothrud,Hinjewadi,17,5,2,2302,15637,0,24.45403996524761,0.0,0
Kothrud,Hinjewadi,19,5,0,1818,16099,0,31.87920792079208,0.0,1
Kothrud,Hinjewadi,19,5,1,3165,18880,0,21.474881516587676,0.0,0
Kothrud,Hinjewadi,19,5,2,2472,15637,0,22.77233009708738,0.0,0
Kothrud,Hinjewadi,21,5,0,1480,16099,0,39.15972972972973,0.0,1
Kothrud,Hinjewadi,21,5,1,2321,18880,0,29.28392934080138,0.0,0
Kothrud,Hinjewadi,21,5,2,2025,15637,0,27.799111111111113,0.0,0
Kothrud,Hinjewadi,23,5,0,1314,16099,0,44.106849315068494,0.0,1
Kothrud,Hinjewadi,23,5,1,2067,18880,0,32.882438316400574,0.0,0
Kothrud,Hinjewadi,23,5,2,1819,15637,0,30.947333699835074,0.0,0
Kothrud,Hinjewadi,7,6,0,1412,16099,0,41.0456090651558,0.0,1
Kothrud,Hinjewadi,7,6,1,2277,18880,0,29.849802371541504,0.0,0
Kothrud,Hinjewadi,7,6,2,1943,15637,0,28.972310859495625,0.0,0
Kothrud,Hinjewadi,9,6,0,1729,16099,0,33.52018507807981,0.0,1
Kothrud,Hinjewadi,9,6,1,2785,18880,0,24.405026929982043,0.0,0
Kothrud,Hinjewadi,9,6,2,2436,17371,0,25.67142857142857,0.0,0
Kothrud,Hinjewadi,11,6,0,1829,16099,0,31.68747949699289,0.0,1
Kothrud,Hinjewadi,11,6,1,2981,18880,0,22.80040254948004,0.0,0
Kothrud,Hinjewadi,11,6,2,2568,17371,0,24.3518691588785,0.0,0
Kothrud,Hinjewadi,13,6,0,1712,16099,0,33.85303738317757,0.0,1
Kothrud,Hinjewadi,13,6,1,2777,18880,0,24.475333093266112,0.0,0
Kothrud,Hinjewadi,13,6,2,2275,15641,0,24.750593406593406,0.0,0
Kothrud,Hinjewadi,15,6,0,1553,16099,0,37.31899549259498,0.0,1
Kothrud,Hinjewadi,15,6,1,2653,18880,0,25.619298906897853,0.0,0
Kothrud,Hinjewadi,15,6,2,2129,15641,0,26.447909816815407,0.0,0
Kothrud,Hinjewadi,17,6,0,1746,16099,0,33.19381443298969,0.0,1
Kothrud,Hinjewadi,17,6,1,3107,18880,0,21.875764402961053,0.0,0
Kothrud,Hinjewadi,17,6,2,2417,15641,0,23.296483243690524,0.0,0
Kothrud,Hinjewadi,19,6,0,1857,16099,0,31.209693053311792,0.0,1
Kothrud,Hinjewadi,19,6,1,3181,18880,0,21.36686576548255,0.0,0
Kothrud,Hinjewadi,19,6,2,2530,15637,0,22.2502766798419,0.0,0
Kothrud,Hinjewadi,21,6,0,1477,16099,0,39.239268788083955,0.0,1
Kothrud,Hinjewadi,21,6,1,2324,18880,0,29.246127366609294,0.0,0
Kothrud,Hinjewadi,21,6,2,2020,15637,0,27.867920792079207,0.0,0
Kothrud,Hinjewadi,23,6,0,1314,16099,0,44.106849315068494,0.0,1
Kothrud,Hinjewadi,23,6,1,2067,18880,0,32.882438316400574,0.0,0
Kothrud,Hinjewadi,23,6,2,1819,15637,0,30.947333699835074,0.0,0
Kothrud,Hinjewadi,7,0,0,1408,16099,0,41.16221590909091,0.0,1
Kothrud,Hinjewadi,7,0,1,2266,18880,0,29.994704324801408,0.0,0
Kothrud,Hinjewadi,7,0,2,1952,15641,0,28.84610655737705,0.0,0
Kothrud,Hinjewadi,9,0,0,1719,16099,0,33.7151832460733,0.0,1
Kothrud,Hinjewadi,9,0,1,2756,18880,0,24.661828737300436,0.0,0
Kothrud,Hinjewadi,9,0,2,2414,17371,0,25.905385252692625,0.0,0
Kothrud,Hinjewadi,11,0,0,1816,16099,0,31.914317180616738,0.0,1
Kothrud,Hinjewadi,11,0,1,2941,18880,0,23.110506630397822,0.0,0
Kothrud,Hinjewadi,11,0,2,2556,17371,0,24.46619718309859,0.0,0
Kothrud,Hinjewadi,13,0,0,1710,16099,0,33.89263157894737,0.0,1
Kothrud,Hinjewadi,13,0,1,2752,18880,0,24.69767441860465,0.0,0
Kothrud,Hinjewadi,13,0,2,2281,15641,0,24.68548882069268,0.0,0
Kothrud,Hinjewadi,15,0,0,1541,16099,0,37.6096041531473,0.0,1
Kothrud,Hinjewadi,15,0,1,2624,18880,0,25.90243902439024,0.0,0
Kothrud,Hinjewadi,15,0,2,2116,15641,0,26.61039697542533,0.0,0
Kothrud,Hinjewadi,17,0,0,1737,16099,0,33.365803108808294,0.0,1
Kothrud,Hinjewadi,17,0,1,3081,18880,0,22.060370009737095,0.0,0
Kothrud,Hinjewadi,17,0,2,2387,15641,0,23.589275240888146,0.0,0
Kothrud,Hinjewadi,19,0,0,1866,16099,0,31.059163987138266,0.0,1
Kothrud,Hinjewadi,19,0,1,3164,18880,0,21.48166877370417,0.0,0
Kothrud,Hinjewadi,19,0,2,2550,15641,0,22.08141176470588,0.0,0
Kothrud,Hinjewadi,21,0,0,1482,16099,0,39.10688259109312,0.0,1
Kothrud,Hinjewadi,21,0,1,2322,18880,0,29.271317829457363,0.0,0
Kothrud,Hinjewadi,21,0,2,2046,15641,0,27.5208211143695,0.0,0
Kothrud,Hinjewadi,23,0,0,1314,16099,0,44.106849315068494,0.0,1
Kothrud,Hinjewadi,23,0,1,2067,18880,0,32.882438316400574,0.0,0
Kothrud,Hinjewadi,23,0,2,1819,15637,0,30.947333699835074,0.0,0
Kothrud,Hinjewadi,7,1,0,1394,16099,0,41.575609756097556,0.0,1
Kothrud,Hinjewadi,7,1,1,2247,18880,0,30.248331108144193,0.0,0
Kothrud,Hinjewadi,7,1,2,1938,15641,0,29.054489164086686,0.0,0
Kothrud,Hinjewadi,9,1,0,1666,16099,0,34.78775510204082,0.0,1
Kothrud,Hinjewadi,9,1,1,2705,18880,0,25.1268022181146,0.0,0
Kothrud,Hinjewadi,9,1,2,2377,17371,0,26.308624316365165,0.0,0
Kothrud,Hinjewadi,11,1,0,1754,16099,0,33.042417331813,0.0,1
Kothrud,Hinjewadi,11,1,1,2893,18880,0,23.493950916004145,0.0,0
Kothrud,Hinjewadi,11,1,2,2329,15641,0,24.176728209531987,0.0,0
Kothrud,Hinjewadi,13,1,0,1678,16099,0,34.538974970202624,0.0,1
Kothrud,Hinjewadi,13,1,1,2732,18880,0,24.878477306002928,0.0,0
Kothrud,Hinjewadi,13,1,2,2248,15641,0,25.047864768683272,0.0,0
Kothrud,Hinjewadi,15,1,0,1529,16099,0,37.90477436232832,0.0,1
Kothrud,Hinjewadi,15,1,1,2604,18880,0,26.10138248847926,0.0,0
Kothrud,Hinjewadi,15,1,2,2107,15641,0,26.72406264831514,0.0,0
Kothrud,Hinjewadi,17,1,0,1722,16099,0,33.65644599303136,0.0,1
Kothrud,Hinjewadi,17,1,1,3045,18880,0,22.321182266009853,0.0,0
Kothrud,Hinjewadi,17,1,2,2357,15641,0,23.889520577004667,0.0,0
Kothrud,Hinjewadi,19,1,0,1848,16099,0,31.361688311688315,0.0,1
Kothrud,Hinjewadi,19,1,1,3147,18880,0,21.59771210676835,0.0,0
Kothrud,Hinjewadi,19,1,2,2499,15641,0,22.53205282112845,0.0,0
Kothrud,Hinjewadi,21,1,0,1481,16099,0,39.13328831870358,0.0,1
Kothrud,Hinjewadi,21,1,1,2320,18880,0,29.296551724137927,0.0,0
Kothrud,Hinjewadi,21,1,2,2019,15637,0,27.88172362555721,0.0,0
Kothrud,Hinjewadi,23,1,0,1314,16099,0,44.106849315068494,0.0,1
Kothrud,Hinjewadi,23,1,1,2067,18880,0,32.882438316400574,0.0,0
Kothrud,Hinjewadi,23,1,2,1819,15637,0,30.947333699835074,0.0,0
Kothrud,Hinjewadi,7,2,0,1379,16099,0,42.02784626540972,0.0,1
Kothrud,Hinjewadi,7,2,1,2228,18880,0,30.506283662477554,0.0,0
Kothrud,Hinjewadi,7,2,2,1925,15641,0,29.250701298701298,0.0,0
Kothrud,Hinjewadi,9,2,0,1627,16099,0,35.62163491087892,0.0,1
Kothrud,Hinjewadi,9,2,1,2646,18880,0,25.687074829931973,0.0,0
Kothrud,Hinjewadi,9,2,2,2184,15641,0,25.78186813186813,0.0,0
Kothrud,Hinjewadi,11,2,0,1730,16099,0,33.500809248554916,0.0,1
Kothrud,Hinjewadi,11,2,1,2852,18880,0,23.831697054698456,0.0,0
Kothrud,Hinjewadi,11,2,2,2305,15641,0,24.428459869848158,0.0,0
Kothrud,Hinjewadi,13,2,0,1694,16099,0,34.21275088547816,0.0,1
Kothrud,Hinjewadi,13,2,1,2751,18880,0,24.706652126499453,0.0,0
Kothrud,Hinjewadi,13,2,2,2276,15641,0,24.739718804920912,0.0,0
Kothrud,Hinjewadi,15,2,0,1537,16099,0,37.7074821080026,0.0,1
Kothrud,Hinjewadi,15,2,1,2645,18880,0,25.696786389413987,0.0,0
Kothrud,Hinjewadi,15,2,2,2121,15641,0,26.54766619519095,0.0,0
Kothrud,Hinjewadi,17,2,0,1728,16099,0,33.53958333333333,0.0,1
Kothrud,Hinjewadi,17,2,1,3060,18880,0,22.211764705882352,0.0,0
Kothrud,Hinjewadi,17,2,2,2367,15641,0,23.788593155893537,0.0,0
Kothrud,Hinjewadi,19,2,0,1871,16099,0,30.976162479957242,0.0,1
Kothrud,Hinjewadi,19,2,1,3158,18880,0,21.522482583913867,0.0,0
Kothrud,Hinjewadi,19,2,2,2538,15641,0,22.185815602836882,0.0,0
Kothrud,Hinjewadi,21,2,0,1497,16099,0,38.71503006012024,0.0,1
Kothrud,Hinjewadi,21,2,1,2331,18880,0,29.158301158301157,0.0,0
Kothrud,Hinjewadi,21,2,2,2037,15637,0,27.63534609720177,0.0,0
Kothrud,Hinjewadi,23,2,0,1314,16099,0,44.106849315068494,0.0,1
Kothrud,Hinjewadi,23,2,1,2067,18880,0,32.882438316400574,0.0,0
Kothrud,Hinjewadi,23,2,2,1819,15637,0,30.947333699835074,0.0,0
Kothrud,Hinjewadi,7,3,0,1358,16099,0,42.67776141384389,0.0,1
Kothrud,Hinjewadi,7,3,1,2172,18880,0,31.292817679558006,0.0,0
Kothrud,Hinjewadi,7,3,2,1892,15641,0,29.76088794926004,0.0,0
Kothrud,Hinjewadi,9,3,0,1507,16099,0,38.45812873258129,0.0,1
Kothrud,Hinjewadi,9,3,1,2436,18880,0,27.901477832512317,0.0,0
Kothrud,Hinjewadi,9,3,2,2058,15641,0,27.360349854227405,0.0,0
Kothrud,Hinjewadi,11,3,0,1639,16099,0,35.36082977425259,0.0,1
Kothrud,Hinjewadi,11,3,1,2677,18880,0,25.38961524094135,0.0,0
Kothrud,Hinjewadi,11,3,2,2211,15641,0,25.467028493894166,0.0,0
Kothrud,Hinjewadi,13,3,0,1705,16099,0,33.99202346041056,0.0,1
Kothrud,Hinjewadi,13,3,1,2785,18880,0,24.405026929982043,0.0,0
Kothrud,Hinjewadi,13,3,2,2275,15641,0,24.750593406593406,0.0,0
Kothrud,Hinjewadi,15,3,0,1679,16099,0,34.51840381179273,0.0,1
Kothrud,Hinjewadi,15,3,1,2785,18880,0,24.405026929982043,0.0,0
Kothrud,Hinjewadi,15,3,2,2232,15641,0,25.22741935483871,0.0,0
Kothrud,Hinjewadi,17,3,0,1755,16099,0,33.023589743589746,0.0,1
Kothrud,Hinjewadi,17,3,1,3039,18880,0,22.365251727541956,0.0,0
Kothrud,Hinjewadi,17,3,2,2351,15641,0,23.950489153551683,0.0,0
Kothrud,Hinjewadi,19,3,0,1766,16099,0,32.81789354473386,0.0,1
Kothrud,Hinjewadi,19,3,1,2990,18880,0,22.731772575250833,0.0,0
Kothrud,Hinjewadi,19,3,2,2414,15641,0,23.32543496271748,0.0,0
Kothrud,Hinjewadi,21,3,0,1495,16099,0,38.766822742474915,0.0,1
Kothrud,Hinjewadi,21,3,1,2335,18880,0,29.10835117773019,0.0,0
Kothrud,Hinjewadi,21,3,2,2054,15641,0,27.41363193768257,0.0,0
Kothrud,Hinjewadi,23,3,0,1314,16099,0,44.106849315068494,0.0,1
Kothrud,Hinjewadi,23,3,1,2067,18880,0,32.882438316400574,0.0,0
Kothrud,Hinjewadi,23,3,2,1819,15637,0,30.947333699835074,0.0,0
Kothrud,Hinjewadi,7,4,0,1345,16099,0,43.090260223048325,0.0,1
Kothrud,Hinjewadi,7,4,1,2130,18880,0,31.909859154929574,0.0,0
Kothrud,Hinjewadi,7,4,2,1872,15641,0,30.078846153846154,0.0,0
Kothrud,Hinjewadi,9,4,0,1426,16099,0,40.642636746143054,0.0,1
Kothrud,Hinjewadi,9,4,1,2281,18880,0,29.797457255589652,0.0,0
Kothrud,Hinjewadi,9,4,2,1959,15641,0,28.74303215926493,0.0,0
Kothrud,Hinjewadi,11,4,0,1521,16099,0,38.10414201183432,0.0,1
Kothrud,Hinjewadi,11,4,1,2426,18880,0,28.01648804616653,0.0,0
Kothrud,Hinjewadi,11,4,2,2051,15641,0,27.45372988785958,0.0,0
Kothrud,Hinjewadi,13,4,0,1559,16099,0,37.17536882617062,0.0,1
Kothrud,Hinjewadi,13,4,1,2485,18880,0,27.351307847082495,0.0,0
Kothrud,Hinjewadi,13,4,2,2088,15641,0,26.967241379310348,0.0,0
Kothrud,Hinjewadi,15,4,0,1561,16099,0,37.12773862908392,0.0,1
Kothrud,Hinjewadi,15,4,1,2526,18880,0,26.90736342042755,0.0,0
Kothrud,Hinjewadi,15,4,2,2079,15641,0,27.083982683982683,0.0,0
Kothrud,Hinjewadi,17,4,0,1645,16099,0,35.231854103343466,0.0,1
Kothrud,Hinjewadi,17,4,1,2678,18880,0,25.380134428678115,0.0,0
Kothrud,Hinjewadi,17,4,2,2162,15641,0,26.04421831637373,0.0,0
Kothrud,Hinjewadi,19,4,0,1674,16099,0,34.62150537634408,0.0,1
Kothrud,Hinjewadi,19,4,1,2672,18880,0,25.437125748502993,0.0,0
Kothrud,Hinjewadi,19,4,2,2189,15641,0,25.722978529008678,0.0,0
Kothrud,Hinjewadi,21,4,0,1460,16099,0,39.696164383561644,0.0,1
Kothrud,Hinjewadi,21,4,1,2263,18880,0,30.034467520989836,0.0,0
Kothrud,Hinjewadi,21,4,2,1978,15641,0,28.466936299292218,0.0,0
Kothrud,Hinjewadi,23,4,0,1314,16099,0,44.106849315068494,0.0,1
Kothrud,Hinjewadi,23,4,1,2067,18880,0,32.882438316400574,0.0,0
Kothrud,Hinjewadi,23,4,2,1819,15637,0,30.947333699835074,0.0,0
Kothrud,Hinjewadi,7,5,0,1402,16099,0,41.338373751783166,0.0,1
Kothrud,Hinjewadi,7,5,1,2252,18880,0,30.181172291296626,0.0,0
Kothrud,Hinjewadi,7,5,2,1920,15637,0,29.319375,0.0,0
Kothrud,Hinjewadi,9,5,0,1679,16099,0,34.51840381179273,0.0,1
Kothrud,Hinjewadi,9,5,1,2710,18880,0,25.080442804428042,0.0,0
Kothrud,Hinjewadi,9,5,2,2221,15641,0,25.35236380009005,0.0,0
Kothrud,Hinjewadi,11,5,0,1764,16099,0,32.85510204081633,0.0,1
Kothrud,Hinjewadi,11,5,1,2884,18880,0,23.56726768377254,0.0,0
Kothrud,Hinjewadi,11,5,2,2329,15641,0,24.176728209531987,0.0,0
Kothrud,Hinjewadi,13,5,0,1685,16099,0,34.395489614243324,0.0,1
Kothrud,Hinjewadi,13,5,1,2723,18880,0,24.960705104663973,0.0,0
Kothrud,Hinjewadi,13,5,2,2239,15641,0,25.148548459133544,0.0,0
Kothrud,Hinjewadi,15,5,0,1532,16099,0,37.83054830287206,0.0,1
Kothrud,Hinjewadi,15,5,1,2607,18880,0,26.071346375143843,0.0,0
Kothrud,Hinjewadi,15,5,2,2071,15637,0,27.18165137614679,0.0,0
Kothrud,Hinjewadi,17,5,0,1700,16099,0,34.092,0.0,1
Kothrud,Hinjewadi,17,5,1,3050,18880,0,22.284590163934425,0.0,0
Kothrud,Hinjewadi,17,5,2,2302,15637,0,24.45403996524761,0.0,0
Kothrud,Hinjewadi,19,5,0,1818,16099,0,31.87920792079208,0.0,1
Kothrud,Hinjewadi,19,5,1,3165,18880,0,21.474881516587676,0.0,0
Kothrud,Hinjewadi,19,5,2,2472,15637,0,22.77233009708738,0.0,0
Kothrud,Hinjewadi,21,5,0,1480,16099,0,39.15972972972973,0.0,1
Kothrud,Hinjewadi,21,5,1,2321,18880,0,29.28392934080138,0.0,0
Kothrud,Hinjewadi,21,5,2,2025,15637,0,27.799111111111113,0.0,0
Kothrud,Hinjewadi,23,5,0,1314,16099,0,44.106849315068494,0.0,1
Kothrud,Hinjewadi,23,5,1,2067,18880,0,32.882438316400574,0.0,0
Kothrud,Hinjewadi,23,5,2,1819,15637,0,30.947333699835074,0.0,0
Kothrud,Hinjewadi,7,6,0,1412,16099,0,41.0456090651558,0.0,1
Kothrud,Hinjewadi,7,6,1,2277,18880,0,29.849802371541504,0.0,0
Kothrud,Hinjewadi,7,6,2,1943,15637,0,28.972310859495625,0.0,0
Kothrud,Hinjewadi,9,6,0,1729,16099,0,33.52018507807981,0.0,1
Kothrud,Hinjewadi,9,6,1,2785,18880,0,24.405026929982043,0.0,0
Kothrud,Hinjewadi,9,6,2,2436,17371,0,25.67142857142857,0.0,0
Kothrud,Hinjewadi,11,6,0,1829,16099,0,31.68747949699289,0.0,1
Kothrud,Hinjewadi,11,6,1,2981,18880,0,22.80040254948004,0.0,0
Kothrud,Hinjewadi,11,6,2,2568,17371,0,24.3518691588785,0.0,0
Kothrud,Hinjewadi,13,6,0,1712,16099,0,33.85303738317757,0.0,1
Kothrud,Hinjewadi,13,6,1,2777,18880,0,24.475333093266112,0.0,0
Kothrud,Hinjewadi,13,6,2,2275,15641,0,24.750593406593406,0.0,0
Kothrud,Hinjewadi,15,6,0,1553,16099,0,37.31899549259498,0.0,1
Kothrud,Hinjewadi,15,6,1,2653,18880,0,25.619298906897853,0.0,0
Kothrud,Hinjewadi,15,6,2,2129,15641,0,26.447909816815407,0.0,0
Kothrud,Hinjewadi,17,6,0,1746,16099,0,33.19381443298969,0.0,1
Kothrud,Hinjewadi,17,6,1,3107,18880,0,21.875764402961053,0.0,0
Kothrud,Hinjewadi,17,6,2,2417,15641,0,23.296483243690524,0.0,0
Kothrud,Hinjewadi,19,6,0,1857,16099,0,31.209693053311792,0.0,1
Kothrud,Hinjewadi,19,6,1,3181,18880,0,21.36686576548255,0.0,0
Kothrud,Hinjewadi,19,6,2,2530,15637,0,22.2502766798419,0.0,0
Kothrud,Hinjewadi,21,6,0,1477,16099,0,39.239268788083955,0.0,1
Kothrud,Hinjewadi,21,6,1,2324,18880,0,29.246127366609294,0.0,0
Kothrud,Hinjewadi,21,6,2,2020,15637,0,27.867920792079207,0.0,0
Kothrud,Hinjewadi,23,6,0,1314,16099,0,44.106849315068494,0.0,1
Kothrud,Hinjewadi,23,6,1,2067,18880,0,32.882438316400574,0.0,0
Kothrud,Hinjewadi,23,6,2,1819,15637,0,30.947333699835074,0.0,0
Kothrud,Hinjewadi,7,0,0,1408,16099,0,41.16221590909091,0.0,1
Kothrud,Hinjewadi,7,0,1,2266,18880,0,29.994704324801408,0.0,0
Kothrud,Hinjewadi,7,0,2,1952,15641,0,28.84610655737705,0.0,0
Kothrud,Hinjewadi,9,0,0,1719,16099,0,33.7151832460733,0.0,1
Kothrud,Hinjewadi,9,0,1,2756,18880,0,24.661828737300436,0.0,0
Kothrud,Hinjewadi,9,0,2,2414,17371,0,25.905385252692625,0.0,0
Kothrud,Hinjewadi,11,0,0,1816,16099,0,31.914317180616738,0.0,1
Kothrud,Hinjewadi,11,0,1,2941,18880,0,23.110506630397822,0.0,0
Kothrud,Hinjewadi,11,0,2,2556,17371,0,24.46619718309859,0.0,0
Kothrud,Hinjewadi,13,0,0,1710,16099,0,33.89263157894737,0.0,1
Kothrud,Hinjewadi,13,0,1,2752,18880,0,24.69767441860465,0.0,0
Kothrud,Hinjewadi,13,0,2,2281,15641,0,24.68548882069268,0.0,0
Kothrud,Hinjewadi,15,0,0,1541,16099,0,37.6096041531473,0.0,1
Kothrud,Hinjewadi,15,0,1,2624,18880,0,25.90243902439024,0.0,0
Kothrud,Hinjewadi,15,0,2,2116,15641,0,26.61039697542533,0.0,0
Kothrud,Hinjewadi,17,0,0,1737,16099,0,33.365803108808294,0.0,1
Kothrud,Hinjewadi,17,0,1,3081,18880,0,22.060370009737095,0.0,0
Kothrud,Hinjewadi,17,0,2,2387,15641,0,23.589275240888146,0.0,0
Kothrud,Hinjewadi,19,0,0,1866,16099,0,31.059163987138266,0.0,1
Kothrud,Hinjewadi,19,0,1,3164,18880,0,21.48166877370417,0.0,0
Kothrud,Hinjewadi,19,0,2,2550,15641,0,22.08141176470588,0.0,0
Kothrud,Hinjewadi,21,0,0,1482,16099,0,39.10688259109312,0.0,1
Kothrud,Hinjewadi,21,0,1,2322,18880,0,29.271317829457363,0.0,0
Kothrud,Hinjewadi,21,0,2,2046,15641,0,27.5208211143695,0.0,0
Kothrud,Hinjewadi,23,0,0,1314,16099,0,44.106849315068494,0.0,1
Kothrud,Hinjewadi,23,0,1,2067,18880,0,32.882438316400574,0.0,0
Kothrud,Hinjewadi,23,0,2,1819,15637,0,30.947333699835074,0.0,0
Kothrud,Hinjewadi,7,1,0,1394,16099,0,41.575609756097556,0.0,1
Kothrud,Hinjewadi,7,1,1,2247,18880,0,30.248331108144193,0.0,0
Kothrud,Hinjewadi,7,1,2,1938,15641,0,29.054489164086686,0.0,0
Kothrud,Hinjewadi,9,1,0,1666,16099,0,34.78775510204082,0.0,1
Kothrud,Hinjewadi,9,1,1,2705,18880,0,25.1268022181146,0.0,0
Kothrud,Hinjewadi,9,1,2,2377,17371,0,26.308624316365165,0.0,0
Kothrud,Hinjewadi,11,1,0,1754,16099,0,33.042417331813,0.0,1
Kothrud,Hinjewadi,11,1,1,2893,18880,0,23.493950916004145,0.0,0
Kothrud,Hinjewadi,11,1,2,2329,15641,0,24.176728209531987,0.0,0
Kothrud,Hinjewadi,13,1,0,1678,16099,0,34.538974970202624,0.0,1
Kothrud,Hinjewadi,13,1,1,2732,18880,0,24.878477306002928,0.0,0
Kothrud,Hinjewadi,13,1,2,2248,15641,0,25.047864768683272,0.0,0
Kothrud,Hinjewadi,15,1,0,1529,16099,0,37.90477436232832,0.0,1
Kothrud,Hinjewadi,15,1,1,2604,18880,0,26.10138248847926,0.0,0
Kothrud,Hinjewadi,15,1,2,2107,15641,0,26.72406264831514,0.0,0
Kothrud,Hinjewadi,17,1,0,1722,16099,0,33.65644599303136,0.0,1
Kothrud,Hinjewadi,17,1,1,3045,18880,0,22.321182266009853,0.0,0
Kothrud,Hinjewadi,17,1,2,2357,15641,0,23.889520577004667,0.0,0
Kothrud,Hinjewadi,19,1,0,1848,16099,0,31.361688311688315,0.0,1
Kothrud,Hinjewadi,19,1,1,3147,18880,0,21.59771210676835,0.0,0
Kothrud,Hinjewadi,19,1,2,2499,15641,0,22.53205282112845,0.0,0
Kothrud,Hinjewadi,21,1,0,1481,16099,0,39.13328831870358,0.0,1
Kothrud,Hinjewadi,21,1,1,2320,18880,0,29.296551724137927,0.0,0
Kothrud,Hinjewadi,21,1,2,2019,15637,0,27.88172362555721,0.0,0
Kothrud,Hinjewadi,23,1,0,1314,16099,0,44.106849315068494,0.0,1
Kothrud,Hinjewadi,23,1,1,2067,18880,0,32.882438316400574,0.0,0
Kothrud,Hinjewadi,23,1,2,1819,15637,0,30.947333699835074,0.0,0
Kothrud,Hinjewadi,7,2,0,1379,16099,0,42.02784626540972,0.0,1
Kothrud,Hinjewadi,7,2,1,2228,18880,0,30.506283662477554,0.0,0
Kothrud,Hinjewadi,7,2,2,1925,15641,0,29.250701298701298,0.0,0
Kothrud,Hinjewadi,9,2,0,1627,16099,0,35.62163491087892,0.0,1
Kothrud,Hinjewadi,9,2,1,2646,18880,0,25.687074829931973,0.0,0
Kothrud,Hinjewadi,9,2,2,2184,15641,0,25.78186813186813,0.0,0
Kothrud,Hinjewadi,11,2,0,1730,16099,0,33.500809248554916,0.0,1
Kothrud,Hinjewadi,11,2,1,2852,18880,0,23.831697054698456,0.0,0
Kothrud,Hinjewadi,11,2,2,2305,15641,0,24.428459869848158,0.0,0
Kothrud,Hinjewadi,13,2,0,1694,16099,0,34.21275088547816,0.0,1
Kothrud,Hinjewadi,13,2,1,2751,18880,0,24.706652126499453,0.0,0
Kothrud,Hinjewadi,13,2,2,2276,15641,0,24.739718804920912,0.0,0
Kothrud,Hinjewadi,15,2,0,1537,16099,0,37.7074821080026,0.0,1
Kothrud,Hinjewadi,15,2,1,2645,18880,0,25.696786389413987,0.0,0
Kothrud,Hinjewadi,15,2,2,2121,15641,0,26.54766619519095,0.0,0
Kothrud,Hinjewadi,17,2,0,1728,16099,0,33.53958333333333,0.0,1
Kothrud,Hinjewadi,17,2,1,3060,18880,0,22.211764705882352,0.0,0
Kothrud,Hinjewadi,17,2,2,2367,15641,0,23.788593155893537,0.0,0
Kothrud,Hinjewadi,19,2,0,1871,16099,0,30.976162479957242,0.0,1
Kothrud,Hinjewadi,19,2,1,3158,18880,0,21.522482583913867,0.0,0
Kothrud,Hinjewadi,19,2,2,2538,15641,0,22.185815602836882,0.0,0
Kothrud,Hinjewadi,21,2,0,1497,16099,0,38.71503006012024,0.0,1
Kothrud,Hinjewadi,21,2,1,2331,18880,0,29.158301158301157,0.0,0
Kothrud,Hinjewadi,21,2,2,2037,15637,0,27.63534609720177,0.0,0
Kothrud,Hinjewadi,23,2,0,1314,16099,0,44.106849315068494,0.0,1
Kothrud,Hinjewadi,23,2,1,2067,18880,0,32.882438316400574,0.0,0
Kothrud,Hinjewadi,23,2,2,1819,15637,0,30.947333699835074,0.0,0
Kothrud,Hinjewadi,7,3,0,1358,16099,0,42.67776141384389,0.0,1
Kothrud,Hinjewadi,7,3,1,2172,18880,0,31.292817679558006,0.0,0
Kothrud,Hinjewadi,7,3,2,1892,15641,0,29.76088794926004,0.0,0
Kothrud,Hinjewadi,9,3,0,1507,16099,0,38.45812873258129,0.0,1
Kothrud,Hinjewadi,9,3,1,2436,18880,0,27.901477832512317,0.0,0
Kothrud,Hinjewadi,9,3,2,2058,15641,0,27.360349854227405,0.0,0
Kothrud,Hinjewadi,11,3,0,1639,16099,0,35.36082977425259,0.0,1
Kothrud,Hinjewadi,11,3,1,2677,18880,0,25.38961524094135,0.0,0
Kothrud,Hinjewadi,11,3,2,2211,15641,0,25.467028493894166,0.0,0
Kothrud,Hinjewadi,13,3,0,1705,16099,0,33.99202346041056,0.0,1
Kothrud,Hinjewadi,13,3,1,2785,18880,0,24.405026929982043,0.0,0
Kothrud,Hinjewadi,13,3,2,2275,15641,0,24.750593406593406,0.0,0
Kothrud,Hinjewadi,15,3,0,1679,16099,0,34.51840381179273,0.0,1
Kothrud,Hinjewadi,15,3,1,2785,18880,0,24.405026929982043,0.0,0
Kothrud,Hinjewadi,15,3,2,2232,15641,0,25.22741935483871,0.0,0
Kothrud,Hinjewadi,17,3,0,1755,16099,0,33.023589743589746,0.0,1
Kothrud,Hinjewadi,17,3,1,3039,18880,0,22.365251727541956,0.0,0
Kothrud,Hinjewadi,17,3,2,2351,15641,0,23.950489153551683,0.0,0
Kothrud,Hinjewadi,19,3,0,1766,16099,0,32.81789354473386,0.0,1
Kothrud,Hinjewadi,19,3,1,2990,18880,0,22.731772575250833,0.0,0
Kothrud,Hinjewadi,19,3,2,2414,15641,0,23.32543496271748,0.0,0
Kothrud,Hinjewadi,21,3,0,1495,16099,0,38.766822742474915,0.0,1
Kothrud,Hinjewadi,21,3,1,2335,18880,0,29.10835117773019,0.0,0
Kothrud,Hinjewadi,21,3,2,2054,15641,0,27.41363193768257,0.0,0
Kothrud,Hinjewadi,23,3,0,1314,16099,0,44.106849315068494,0.0,1
Kothrud,Hinjewadi,23,3,1,2067,18880,0,32.882438316400574,0.0,0
Kothrud,Hinjewadi,23,3,2,1819,15637,0,30.947333699835074,0.0,0
Kothrud,Hinjewadi,7,4,0,1345,16099,0,43.090260223048325,0.0,1
Kothrud,Hinjewadi,7,4,1,2130,18880,0,31.909859154929574,0.0,0
Kothrud,Hinjewadi,7,4,2,1872,15641,0,30.078846153846154,0.0,0
Kothrud,Hinjewadi,9,4,0,1426,16099,0,40.642636746143054,0.0,1
Kothrud,Hinjewadi,9,4,1,2281,18880,0,29.797457255589652,0.0,0
Kothrud,Hinjewadi,9,4,2,1959,15641,0,28.74303215926493,0.0,0
Kothrud,Hinjewadi,11,4,0,1521,16099,0,38.10414201183432,0.0,1
Kothrud,Hinjewadi,11,4,1,2426,18880,0,28.01648804616653,0.0,0
Kothrud,Hinjewadi,11,4,2,2051,15641,0,27.45372988785958,0.0,0
Kothrud,Hinjewadi,13,4,0,1559,16099,0,37.17536882617062,0.0,1
Kothrud,Hinjewadi,13,4,1,2485,18880,0,27.351307847082495,0.0,0
Kothrud,Hinjewadi,13,4,2,2088,15641,0,26.967241379310348,0.0,0
Kothrud,Hinjewadi,15,4,0,1561,16099,0,37.12773862908392,0.0,1
Kothrud,Hinjewadi,15,4,1,2526,18880,0,26.90736342042755,0.0,0
Kothrud,Hinjewadi,15,4,2,2079,15641,0,27.083982683982683,0.0,0
Kothrud,Hinjewadi,17,4,0,1645,16099,0,35.231854103343466,0.0,1
Kothrud,Hinjewadi,17,4,1,2678,18880,0,25.380134428678115,0.0,0
Kothrud,Hinjewadi,17,4,2,2162,15641,0,26.04421831637373,0.0,0
Kothrud,Hinjewadi,19,4,0,1674,16099,0,34.62150537634408,0.0,1
Kothrud,Hinjewadi,19,4,1,2672,18880,0,25.437125748502993,0.0,0
Kothrud,Hinjewadi,19,4,2,2189,15641,0,25.722978529008678,0.0,0
Kothrud,Hinjewadi,21,4,0,1460,16099,0,39.696164383561644,0.0,1
Kothrud,Hinjewadi,21,4,1,2263,18880,0,30.034467520989836,0.0,0
Kothrud,Hinjewadi,21,4,2,1978,15641,0,28.466936299292218,0.0,0
Kothrud,Hinjewadi,23,4,0,1314,16099,0,44.106849315068494,0.0,1
Kothrud,Hinjewadi,23,4,1,2067,18880,0,32.882438316400574,0.0,0
Kothrud,Hinjewadi,23,4,2,1819,15637,0,30.947333699835074,0.0,0
Kothrud,Hinjewadi,7,5,0,1402,16099,0,41.338373751783166,0.0,1
Kothrud,Hinjewadi,7,5,1,2252,18880,0,30.181172291296626,0.0,0
Kothrud,Hinjewadi,7,5,2,1920,15637,0,29.319375,0.0,0
Kothrud,Hinjewadi,9,5,0,1679,16099,0,34.51840381179273,0.0,1
Kothrud,Hinjewadi,9,5,1,2710,18880,0,25.080442804428042,0.0,0
Kothrud,Hinjewadi,9,5,2,2221,15641,0,25.35236380009005,0.0,0
Kothrud,Hinjewadi,11,5,0,1764,16099,0,32.85510204081633,0.0,1
Kothrud,Hinjewadi,11,5,1,2884,18880,0,23.56726768377254,0.0,0
Kothrud,Hinjewadi,11,5,2,2329,15641,0,24.176728209531987,0.0,0
Kothrud,Hinjewadi,13,5,0,1685,16099,0,34.395489614243324,0.0,1
Kothrud,Hinjewadi,13,5,1,2723,18880,0,24.960705104663973,0.0,0
Kothrud,Hinjewadi,13,5,2,2239,15641,0,25.148548459133544,0.0,0
Kothrud,Hinjewadi,15,5,0,1532,16099,0,37.83054830287206,0.0,1
Kothrud,Hinjewadi,15,5,1,2607,18880,0,26.071346375143843,0.0,0
Kothrud,Hinjewadi,15,5,2,2071,15637,0,27.18165137614679,0.0,0
Kothrud,Hinjewadi,17,5,0,1700,16099,0,34.092,0.0,1
Kothrud,Hinjewadi,17,5,1,3050,18880,0,22.284590163934425,0.0,0
Kothrud,Hinjewadi,17,5,2,2302,15637,0,24.45403996524761,0.0,0
Kothrud,Hinjewadi,19,5,0,1818,16099,0,31.87920792079208,0.0,1
Kothrud,Hinjewadi,19,5,1,3165,18880,0,21.474881516587676,0.0,0
Kothrud,Hinjewadi,19,5,2,2472,15637,0,22.77233009708738,0.0,0
Kothrud,Hinjewadi,21,5,0,1480,16099,0,39.15972972972973,0.0,1
Kothrud,Hinjewadi,21,5,1,2321,18880,0,29.28392934080138,0.0,0
Kothrud,Hinjewadi,21,5,2,2025,15637,0,27.799111111111113,0.0,0
Kothrud,Hinjewadi,23,5,0,1314,16099,0,44.106849315068494,0.0,1
Kothrud,Hinjewadi,23,5,1,2067,18880,0,32.882438316400574,0.0,0
Kothrud,Hinjewadi,23,5,2,1819,15637,0,30.947333699835074,0.0,0
Kothrud,Hinjewadi,7,6,0,1412,16099,0,41.0456090651558,0.0,1
Kothrud,Hinjewadi,7,6,1,2277,18880,0,29.849802371541504,0.0,0
Kothrud,Hinjewadi,7,6,2,1943,15637,0,28.972310859495625,0.0,0
Kothrud,Hinjewadi,9,6,0,1729,16099,0,33.52018507807981,0.0,1
Kothrud,Hinjewadi,9,6,1,2785,18880,0,24.405026929982043,0.0,0
Kothrud,Hinjewadi,9,6,2,2436,17371,0,25.67142857142857,0.0,0
Kothrud,Hinjewadi,11,6,0,1829,16099,0,31.68747949699289,0.0,1
Kothrud,Hinjewadi,11,6,1,2981,18880,0,22.80040254948004,0.0,0
Kothrud,Hinjewadi,11,6,2,2568,17371,0,24.3518691588785,0.0,0
Kothrud,Hinjewadi,13,6,0,1712,16099,0,33.85303738317757,0.0,1
Kothrud,Hinjewadi,13,6,1,2777,18880,0,24.475333093266112,0.0,0
Kothrud,Hinjewadi,13,6,2,2275,15641,0,24.750593406593406,0.0,0
Kothrud,Hinjewadi,15,6,0,1553,16099,0,37.31899549259498,0.0,1
Kothrud,Hinjewadi,15,6,1,2653,18880,0,25.619298906897853,0.0,0
Kothrud,Hinjewadi,15,6,2,2129,15641,0,26.447909816815407,0.0,0
Kothrud,Hinjewadi,17,6,0,1746,16099,0,33.19381443298969,0.0,1
Kothrud,Hinjewadi,17,6,1,3107,18880,0,21.875764402961053,0.0,0
Kothrud,Hinjewadi,17,6,2,2417,15641,0,23.296483243690524,0.0,0
Kothrud,Hinjewadi,19,6,0,1857,16099,0,31.209693053311792,0.0,1
Kothrud,Hinjewadi,19,6,1,3181,18880,0,21.36686576548255,0.0,0
Kothrud,Hinjewadi,19,6,2,2530,15637,0,22.2502766798419,0.0,0
Kothrud,Hinjewadi,21,6,0,1477,16099,0,39.239268788083955,0.0,1
Kothrud,Hinjewadi,21,6,1,2324,18880,0,29.246127366609294,0.0,0
Kothrud,Hinjewadi,21,6,2,2020,15637,0,27.867920792079207,0.0,0
Kothrud,Hinjewadi,23,6,0,1314,16099,0,44.106849315068494,0.0,1
Kothrud,Hinjewadi,23,6,1,2067,18880,0,32.882438316400574,0.0,0
Kothrud,Hinjewadi,23,6,2,1819,15637,0,30.947333699835074,0.0,0
Kothrud,Hadapsar,7,0,0,2205,15620,0,25.502040816326527,0.0,1
Kothrud,Hadapsar,7,0,1,2493,18779,0,27.11768953068592,0.0,0
Kothrud,Hadapsar,7,0,2,2492,17184,0,24.824398073836278,0.0,0
Kothrud,Hadapsar,9,0,0,2725,15201,0,20.08205504587156,0.0,1
Kothrud,Hadapsar,9,0,1,3164,19286,0,21.94361567635904,0.0,0
Kothrud,Hadapsar,9,0,2,2915,16559,0,20.450222984562608,0.0,0
Kothrud,Hadapsar,11,0,0,3076,15494,0,18.1334200260078,0.0,1
Kothrud,Hadapsar,11,0,1,3210,16521,0,18.52822429906542,0.0,0
Kothrud,Hadapsar,11,0,2,3476,19286,0,19.973993095512085,0.0,0
Kothrud,Hadapsar,13,0,0,3022,15494,0,18.457445400397088,0.0,1
Kothrud,Hadapsar,13,0,1,3332,19286,0,20.83721488595438,0.0,0
Kothrud,Hadapsar,13,0,2,3205,16521,0,18.55712948517941,0.0,0
Kothrud,Hadapsar,15,0,0,2789,15451,0,19.94392255288634,0.0,1
Kothrud,Hadapsar,15,0,1,3248,19597,0,21.720812807881774,0.0,0
Kothrud,Hadapsar,15,0,2,3193,16521,0,18.62687128092703,0.0,0
Kothrud,Hadapsar,17,0,0,3171,15451,0,17.541343424787133,0.0,1
Kothrud,Hadapsar,17,0,1,3465,16521,0,17.164675324675326,0.0,0
Kothrud,Hadapsar,17,0,2,3887,19286,0,17.862001543606894,0.0,0
Kothrud,Hadapsar,19,0,0,3195,15201,0,17.127887323943664,0.0,1
Kothrud,Hadapsar,19,0,1,3566,17915,0,18.085810431856423,0.0,0
Kothrud,Hadapsar,19,0,2,3836,17514,0,16.436496350364962,0.0,0
Kothrud,Hadapsar,21,0,0,2349,15620,0,23.938697318007662,0.0,1
Kothrud,Hadapsar,21,0,1,2634,19286,0,26.358997722095673,0.0,0
Kothrud,Hadapsar,21,0,2,2531,16977,0,24.147451600158043,0.0,0
Kothrud,Hadapsar,23,0,0,2013,15620,0,27.934426229508194,0.0,1
Kothrud,Hadapsar,23,0,1,2241,18779,0,30.167068273092365,0.0,0
Kothrud,Hadapsar,23,0,2,2168,16733,0,27.785424354243542,0.0,0
Kothrud,Hadapsar,7,1,0,2205,15620,0,25.502040816326527,0.0,1
Kothrud,Hadapsar,7,1,1,2476,18779,0,27.303877221324715,0.0,0
Kothrud,Hadapsar,7,1,2,2488,16978,0,24.56623794212219,0.0,0
Kothrud,Hadapsar,9,1,0,2707,15201,0,20.21558921315109,0.0,1
Kothrud,Hadapsar,9,1,1,3099,19286,0,22.403872216844146,0.0,0
Kothrud,Hadapsar,9,1,2,2866,16559,0,20.79986043265876,0.0,0
Kothrud,Hadapsar,11,1,0,3054,15494,0,18.264047151277012,0.0,1
Kothrud,Hadapsar,11,1,1,3146,16521,0,18.905149396058487,0.0,0
Kothrud,Hadapsar,11,1,2,3413,19286,0,20.34268971579256,0.0,0
Kothrud,Hadapsar,13,1,0,3015,15225,0,18.17910447761194,0.0,1
Kothrud,Hadapsar,13,1,1,3250,18779,0,20.801353846153845,0.0,0
Kothrud,Hadapsar,13,1,2,3285,16894,0,18.513972602739724,0.0,0
Kothrud,Hadapsar,15,1,0,2764,15451,0,20.124312590448625,0.0,1
Kothrud,Hadapsar,15,1,1,3181,19597,0,22.178308707953477,0.0,0
Kothrud,Hadapsar,15,1,2,3121,16521,0,19.05658442806793,0.0,0
Kothrud,Hadapsar,17,1,0,3136,15451,0,17.737117346938778,0.0,1
Kothrud,Hadapsar,17,1,1,3561,17008,0,17.194271272114573,0.0,0
Kothrud,Hadapsar,17,1,2,3717,19286,0,18.678934624697337,0.0,0
Kothrud,Hadapsar,19,1,0,3184,15201,0,17.187060301507536,0.0,1
Kothrud,Hadapsar,19,1,1,3558,17915,0,18.126475548060707,0.0,0
Kothrud,Hadapsar,19,1,2,3814,17527,0,16.543576297850027,0.0,0
Kothrud,Hadapsar,21,1,0,2351,15620,0,23.918332624415143,0.0,1
Kothrud,Hadapsar,21,1,1,2637,19286,0,26.329010238907852,0.0,0
Kothrud,Hadapsar,21,1,2,2525,16977,0,24.20483168316832,0.0,0
Kothrud,Hadapsar,23,1,0,2013,15620,0,27.934426229508194,0.0,1
Kothrud,Hadapsar,23,1,1,2241,18779,0,30.167068273092365,0.0,0
Kothrud,Hadapsar,23,1,2,2168,16733,0,27.785424354243542,0.0,0
Kothrud,Hadapsar,7,2,0,2203,15620,0,25.525192918747162,0.0,1
Kothrud,Hadapsar,7,2,1,2477,18779,0,27.292854259184498,0.0,0
Kothrud,Hadapsar,7,2,2,2489,17184,0,24.85431900361591,0.0,0
Kothrud,Hadapsar,9,2,0,2684,15201,0,20.38882265275708,0.0,1
Kothrud,Hadapsar,9,2,1,3065,19286,0,22.652398042414358,0.0,0
Kothrud,Hadapsar,9,2,2,2877,17101,0,21.3985401459854,0.0,0
Kothrud,Hadapsar,11,2,0,3034,15494,0,18.38444297956493,0.0,1
Kothrud,Hadapsar,11,2,1,3355,19286,0,20.69436661698957,0.0,0
Kothrud,Hadapsar,11,2,2,3130,16521,0,19.001789137380193,0.0,0
Kothrud,Hadapsar,13,2,0,3005,15225,0,18.239600665557404,0.0,1
Kothrud,Hadapsar,13,2,1,3250,18779,0,20.801353846153845,0.0,0
Kothrud,Hadapsar,13,2,2,3190,16765,0,18.919749216300943,0.0,0
Kothrud,Hadapsar,15,2,0,2807,15451,0,19.81603135019594,0.0,1
Kothrud,Hadapsar,15,2,1,3279,19286,0,21.1740164684355,0.0,0
Kothrud,Hadapsar,15,2,2,3127,16521,0,19.02001918771986,0.0,0
Kothrud,Hadapsar,17,2,0,3204,15451,0,17.36067415730337,0.0,1
Kothrud,Hadapsar,17,2,1,3604,17008,0,16.98912319644839,0.0,0
Kothrud,Hadapsar,17,2,2,3867,19286,0,17.954383242823894,0.0,0
Kothrud,Hadapsar,19,2,0,3215,15201,0,17.021337480559875,0.0,1
Kothrud,Hadapsar,19,2,1,3576,17915,0,18.03523489932886,0.0,0
Kothrud,Hadapsar,19,2,2,3858,17527,0,16.354898911353033,0.0,0
Kothrud,Hadapsar,21,2,0,2348,15620,0,23.948892674616694,0.0,1
Kothrud,Hadapsar,21,2,1,2636,19286,0,26.338998482549318,0.0,0
Kothrud,Hadapsar,21,2,2,2527,16977,0,24.185674713098535,0.0,0
Kothrud,Hadapsar,23,2,0,2013,15620,0,27.934426229508194,0.0,1
Kothrud,Hadapsar,23,2,1,2241,18779,0,30.167068273092365,0.0,0
Kothrud,Hadapsar,23,2,2,2168,16733,0,27.785424354243542,0.0,0
Kothrud,Hadapsar,7,3,0,2181,15620,0,25.782668500687755,0.0,1
Kothrud,Hadapsar,7,3,1,2366,18779,0,28.573288250211323,0.0,0
Kothrud,Hadapsar,7,3,2,2433,16978,0,25.121578298397043,0.0,0
Kothrud,Hadapsar,9,3,0,2564,15201,0,21.343057722308895,0.0,1
Kothrud,Hadapsar,9,3,1,2765,19286,0,25.110162748643763,0.0,0
Kothrud,Hadapsar,9,3,2,2756,16765,0,21.89912917271408,0.0,0
Kothrud,Hadapsar,11,3,0,2975,15494,0,18.749042016806722,0.0,1
Kothrud,Hadapsar,11,3,1,3100,19286,0,22.396645161290323,0.0,0
Kothrud,Hadapsar,11,3,2,3019,16521,0,19.70043060616098,0.0,0
Kothrud,Hadapsar,13,3,0,3114,15225,0,17.601156069364162,0.0,1
Kothrud,Hadapsar,13,3,1,3228,18779,0,20.943122676579925,0.0,0
Kothrud,Hadapsar,13,3,2,3213,16765,0,18.784313725490197,0.0,0
Kothrud,Hadapsar,15,3,0,3088,15494,0,18.062953367875647,0.0,1
Kothrud,Hadapsar,15,3,1,3333,19286,0,20.830963096309635,0.0,0
Kothrud,Hadapsar,15,3,2,3351,17008,0,18.27179946284691,0.0,0
Kothrud,Hadapsar,17,3,0,3320,15448,0,16.750843373493975,0.0,1
Kothrud,Hadapsar,17,3,1,3543,19286,0,19.596274343776464,0.0,0
Kothrud,Hadapsar,17,3,2,3557,17008,0,17.213606972167554,0.0,0
Kothrud,Hadapsar,19,3,0,3156,15451,0,17.62471482889734,0.0,1
Kothrud,Hadapsar,19,3,1,3310,17008,0,18.498126888217524,0.0,0
Kothrud,Hadapsar,19,3,2,3346,19286,0,20.750029886431562,0.0,0
Kothrud,Hadapsar,21,3,0,2351,15620,0,23.918332624415143,0.0,1
Kothrud,Hadapsar,21,3,1,2634,19286,0,26.358997722095673,0.0,0
Kothrud,Hadapsar,21,3,2,2524,16977,0,24.214421553090332,0.0,0
Kothrud,Hadapsar,23,3,0,2013,15620,0,27.934426229508194,0.0,1
Kothrud,Hadapsar,23,3,1,2241,18779,0,30.167068273092365,0.0,0
Kothrud,Hadapsar,23,3,2,2168,16733,0,27.785424354243542,0.0,0
Kothrud,Hadapsar,7,4,0,2111,15611,0,26.622264329701565,0.0,1
Kothrud,Hadapsar,7,4,1,2322,18779,0,29.11472868217054,0.0,0
Kothrud,Hadapsar,7,4,2,2344,16978,0,26.075426621160414,0.0,0
Kothrud,Hadapsar,9,4,0,2349,15620,0,23.938697318007662,0.0,1
Kothrud,Hadapsar,9,4,1,2585,19286,0,26.85864603481625,0.0,0
Kothrud,Hadapsar,9,4,2,2583,17200,0,23.972125435540068,0.0,0
Kothrud,Hadapsar,11,4,0,2630,15869,0,21.721825095057035,0.0,1
Kothrud,Hadapsar,11,4,1,2710,18779,0,24.94627306273063,0.0,0
Kothrud,Hadapsar,11,4,2,2866,17008,0,21.36385205861828,0.0,0
Kothrud,Hadapsar,13,4,0,2690,15451,0,20.677918215613385,0.0,1
Kothrud,Hadapsar,13,4,1,2873,19286,0,24.16623738252698,0.0,0
Kothrud,Hadapsar,13,4,2,2832,16521,0,21.00127118644068,0.0,0
Kothrud,Hadapsar,15,4,0,2732,15451,0,20.360029282576868,0.0,1
Kothrud,Hadapsar,15,4,1,2951,19286,0,23.527482209420537,0.0,0
Kothrud,Hadapsar,15,4,2,3072,17008,0,19.93125,0.0,0
Kothrud,Hadapsar,17,4,0,2803,15451,0,19.844309668212627,0.0,1
Kothrud,Hadapsar,17,4,1,3128,19286,0,22.19616368286445,0.0,0
Kothrud,Hadapsar,17,4,2,3039,16521,0,19.570779861796645,0.0,0
Kothrud,Hadapsar,19,4,0,2704,15451,0,20.57085798816568,0.0,1
Kothrud,Hadapsar,19,4,1,3054,19286,0,22.733988212180748,0.0,0
Kothrud,Hadapsar,19,4,2,2894,16521,0,20.55134761575674,0.0,0
Kothrud,Hadapsar,21,4,0,2263,15620,0,24.848431285903665,0.0,1
Kothrud,Hadapsar,21,4,1,2567,19286,0,27.04698091156993,0.0,0
Kothrud,Hadapsar,21,4,2,2470,16977,0,24.743805668016194,0.0,0
Kothrud,Hadapsar,23,4,0,2013,15620,0,27.934426229508194,0.0,1
Kothrud,Hadapsar,23,4,1,2241,18779,0,30.167068273092365,0.0,0
Kothrud,Hadapsar,23,4,2,2168,16733,0,27.785424354243542,0.0,0
Kothrud,Hadapsar,7,5,0,2206,15620,0,25.490480507706256,0.0,1
Kothrud,Hadapsar,7,5,1,2481,18779,0,27.248851269649332,0.0,0
Kothrud,Hadapsar,7,5,2,2476,16978,0,24.685298869143782,0.0,0
Kothrud,Hadapsar,9,5,0,2714,15201,0,20.163448784082533,0.0,1
Kothrud,Hadapsar,9,5,1,3097,19286,0,22.418340329350986,0.0,0
Kothrud,Hadapsar,9,5,2,2857,16559,0,20.86538326916346,0.0,0
Kothrud,Hadapsar,11,5,0,3082,15494,0,18.09811810512654,0.0,1
Kothrud,Hadapsar,11,5,1,3357,19286,0,20.682037533512066,0.0,0
Kothrud,Hadapsar,11,5,2,3129,16521,0,19.007861936721,0.0,0
Kothrud,Hadapsar,13,5,0,3022,15225,0,18.13699536730642,0.0,1
Kothrud,Hadapsar,13,5,1,3136,18779,0,21.557525510204083,0.0,0
Kothrud,Hadapsar,13,5,2,3273,16894,0,18.581851512373966,0.0,0
Kothrud,Hadapsar,15,5,0,2779,15451,0,20.01568909679741,0.0,1
Kothrud,Hadapsar,15,5,1,3133,19286,0,22.16074050430897,0.0,0
Kothrud,Hadapsar,15,5,2,3095,16521,0,19.216672051696285,0.0,0
Kothrud,Hadapsar,17,5,0,3161,15451,0,17.59683644416324,0.0,1
Kothrud,Hadapsar,17,5,1,3583,17008,0,17.08869662294167,0.0,0
Kothrud,Hadapsar,17,5,2,3755,19286,0,18.489906790945405,0.0,0
Kothrud,Hadapsar,19,5,0,3176,15201,0,17.230352644836273,0.0,1
Kothrud,Hadapsar,19,5,1,3562,17915,0,18.106120157215045,0.0,0
Kothrud,Hadapsar,19,5,2,3836,17527,0,16.448696558915536,0.0,0
Kothrud,Hadapsar,21,5,0,2338,15620,0,24.051325919589388,0.0,1
Kothrud,Hadapsar,21,5,1,2622,19286,0,26.47963386727689,0.0,0
Kothrud,Hadapsar,21,5,2,2515,16977,0,24.301073558648113,0.0,0
Kothrud,Hadapsar,23,5,0,2013,15620,0,27.934426229508194,0.0,1
Kothrud,Hadapsar,23,5,1,2241,18779,0,30.167068273092365,0.0,0
Kothrud,Hadapsar,23,5,2,2168,16733,0,27.785424354243542,0.0,0
Kothrud,Hadapsar,7,6,0,2237,15620,0,25.13723737147966,0.0,1
Kothrud,Hadapsar,7,6,1,2497,18779,0,27.074249098918703,0.0,0
Kothrud,Hadapsar,7,6,2,2485,17184,0,24.89432595573441,0.0,0
Kothrud,Hadapsar,9,6,0,2788,15201,0,19.62826398852224,0.0,1
Kothrud,Hadapsar,9,6,1,3198,19286,0,21.710318949343343,0.0,0
Kothrud,Hadapsar,9,6,2,3025,17271,0,20.5539173553719,0.0,0
Kothrud,Hadapsar,11,6,0,3159,15494,0,17.656980056980057,0.0,1
Kothrud,Hadapsar,11,6,1,3311,16971,0,18.452310480217456,0.0,0
Kothrud,Hadapsar,11,6,2,3530,19286,0,19.66844192634561,0.0,0
Kothrud,Hadapsar,13,6,0,3059,15225,0,17.91762013729977,0.0,1
Kothrud,Hadapsar,13,6,1,3267,18779,0,20.693112947658403,0.0,0
Kothrud,Hadapsar,13,6,2,3225,16765,0,18.71441860465116,0.0,0
Kothrud,Hadapsar,15,6,0,2828,15451,0,19.66888260254597,0.0,1
Kothrud,Hadapsar,15,6,1,3218,19286,0,21.575388440024863,0.0,0
Kothrud,Hadapsar,15,6,2,3097,16521,0,19.20426218921537,0.0,0
Kothrud,Hadapsar,17,6,0,3220,15451,0,17.274409937888198,0.0,1
Kothrud,Hadapsar,17,6,1,3627,17008,0,16.88138957816377,0.0,0
Kothrud,Hadapsar,17,6,2,3821,19286,0,18.170531274535463,0.0,0
Kothrud,Hadapsar,19,6,0,3222,15201,0,16.984357541899442,0.0,1
Kothrud,Hadapsar,19,6,1,3555,17915,0,18.14177215189873,0.0,0
Kothrud,Hadapsar,19,6,2,3852,17527,0,16.3803738317757,0.0,0
Kothrud,Hadapsar,21,6,0,2353,15620,0,23.898002549936248,0.0,1
Kothrud,Hadapsar,21,6,1,2626,19286,0,26.43929931454684,0.0,0
Kothrud,Hadapsar,21,6,2,2521,16977,0,24.24323681078937,0.0,0
Kothrud,Hadapsar,23,6,0,2013,15620,0,27.934426229508194,0.0,1
Kothrud,Hadapsar,23,6,1,2241,18779,0,30.167068273092365,0.0,0
Kothrud,Hadapsar,23,6,2,2168,16733,0,27.785424354243542,0.0,0
Kothrud,Hadapsar,7,0,0,2205,15620,0,25.502040816326527,0.0,1
Kothrud,Hadapsar,7,0,1,2493,18779,0,27.11768953068592,0.0,0
Kothrud,Hadapsar,7,0,2,2492,17184,0,24.824398073836278,0.0,0
Kothrud,Hadapsar,9,0,0,2725,15201,0,20.08205504587156,0.0,1
Kothrud,Hadapsar,9,0,1,3164,19286,0,21.94361567635904,0.0,0
Kothrud,Hadapsar,9,0,2,2915,16559,0,20.450222984562608,0.0,0
Kothrud,Hadapsar,11,0,0,3076,15494,0,18.1334200260078,0.0,1
Kothrud,Hadapsar,11,0,1,3210,16521,0,18.52822429906542,0.0,0
Kothrud,Hadapsar,11,0,2,3476,19286,0,19.973993095512085,0.0,0
Kothrud,Hadapsar,13,0,0,3022,15494,0,18.457445400397088,0.0,1
Kothrud,Hadapsar,13,0,1,3332,19286,0,20.83721488595438,0.0,0
Kothrud,Hadapsar,13,0,2,3205,16521,0,18.55712948517941,0.0,0
Kothrud,Hadapsar,15,0,0,2789,15451,0,19.94392255288634,0.0,1
Kothrud,Hadapsar,15,0,1,3248,19597,0,21.720812807881774,0.0,0
Kothrud,Hadapsar,15,0,2,3193,16521,0,18.62687128092703,0.0,0
Kothrud,Hadapsar,17,0,0,3171,15451,0,17.541343424787133,0.0,1
Kothrud,Hadapsar,17,0,1,3465,16521,0,17.164675324675326,0.0,0
Kothrud,Hadapsar,17,0,2,3887,19286,0,17.862001543606894,0.0,0
Kothrud,Hadapsar,19,0,0,3195,15201,0,17.127887323943664,0.0,1
Kothrud,Hadapsar,19,0,1,3566,17915,0,18.085810431856423,0.0,0
Kothrud,Hadapsar,19,0,2,3836,17514,0,16.436496350364962,0.0,0
Kothrud,Hadapsar,21,0,0,2349,15620,0,23.938697318007662,0.0,1
Kothrud,Hadapsar,21,0,1,2634,19286,0,26.358997722095673,0.0,0
Kothrud,Hadapsar,21,0,2,2531,16977,0,24.147451600158043,0.0,0
Kothrud,Hadapsar,23,0,0,2013,15620,0,27.934426229508194,0.0,1
Kothrud,Hadapsar,23,0,1,2241,18779,0,30.167068273092365,0.0,0
Kothrud,Hadapsar,23,0,2,2168,16733,0,27.785424354243542,0.0,0
Kothrud,Hadapsar,7,1,0,2205,15620,0,25.502040816326527,0.0,1
Kothrud,Hadapsar,7,1,1,2476,18779,0,27.303877221324715,0.0,0
Kothrud,Hadapsar,7,1,2,2488,16978,0,24.56623794212219,0.0,0
Kothrud,Hadapsar,9,1,0,2707,15201,0,20.21558921315109,0.0,1
Kothrud,Hadapsar,9,1,1,3099,19286,0,22.403872216844146,0.0,0
Kothrud,Hadapsar,9,1,2,2866,16559,0,20.79986043265876,0.0,0
Kothrud,Hadapsar,11,1,0,3054,15494,0,18.264047151277012,0.0,1
Kothrud,Hadapsar,11,1,1,3146,16521,0,18.905149396058487,0.0,0
Kothrud,Hadapsar,11,1,2,3413,19286,0,20.34268971579256,0.0,0
Kothrud,Hadapsar,13,1,0,3015,15225,0,18.17910447761194,0.0,1
Kothrud,Hadapsar,13,1,1,3250,18779,0,20.801353846153845,0.0,0
Kothrud,Hadapsar,13,1,2,3285,16894,0,18.513972602739724,0.0,0
Kothrud,Hadapsar,15,1,0,2764,15451,0,20.124312590448625,0.0,1
Kothrud,Hadapsar,15,1,1,3181,19597,0,22.178308707953477,0.0,0
Kothrud,Hadapsar,15,1,2,3121,16521,0,19.05658442806793,0.0,0
Kothrud,Hadapsar,17,1,0,3136,15451,0,17.737117346938778,0.0,1
Kothrud,Hadapsar,17,1,1,3561,17008,0,17.194271272114573,0.0,0
Kothrud,Hadapsar,17,1,2,3717,19286,0,18.678934624697337,0.0,0
Kothrud,Hadapsar,19,1,0,3184,15201,0,17.187060301507536,0.0,1
Kothrud,Hadapsar,19,1,1,3558,17915,0,18.126475548060707,0.0,0
Kothrud,Hadapsar,19,1,2,3814,17527,0,16.543576297850027,0.0,0
Kothrud,Hadapsar,21,1,0,2351,15620,0,23.918332624415143,0.0,1
Kothrud,Hadapsar,21,1,1,2637,19286,0,26.329010238907852,0.0,0
Kothrud,Hadapsar,21,1,2,2525,16977,0,24.20483168316832,0.0,0
Kothrud,Hadapsar,23,1,0,2013,15620,0,27.934426229508194,0.0,1
Kothrud,Hadapsar,23,1,1,2241,18779,0,30.167068273092365,0.0,0
Kothrud,Hadapsar,23,1,2,2168,16733,0,27.785424354243542,0.0,0
Kothrud,Hadapsar,7,2,0,2203,15620,0,25.525192918747162,0.0,1
Kothrud,Hadapsar,7,2,1,2477,18779,0,27.292854259184498,0.0,0
Kothrud,Hadapsar,7,2,2,2489,17184,0,24.85431900361591,0.0,0
Kothrud,Hadapsar,9,2,0,2684,15201,0,20.38882265275708,0.0,1
Kothrud,Hadapsar,9,2,1,3065,19286,0,22.652398042414358,0.0,0
Kothrud,Hadapsar,9,2,2,2877,17101,0,21.3985401459854,0.0,0
Kothrud,Hadapsar,11,2,0,3034,15494,0,18.38444297956493,0.0,1
Kothrud,Hadapsar,11,2,1,3355,19286,0,20.69436661698957,0.0,0
Kothrud,Hadapsar,11,2,2,3130,16521,0,19.001789137380193,0.0,0
Kothrud,Hadapsar,13,2,0,3005,15225,0,18.239600665557404,0.0,1
Kothrud,Hadapsar,13,2,1,3250,18779,0,20.801353846153845,0.0,0
Kothrud,Hadapsar,13,2,2,3190,16765,0,18.919749216300943,0.0,0
Kothrud,Hadapsar,15,2,0,2807,15451,0,19.81603135019594,0.0,1
Kothrud,Hadapsar,15,2,1,3279,19286,0,21.1740164684355,0.0,0
Kothrud,Hadapsar,15,2,2,3127,16521,0,19.02001918771986,0.0,0
Kothrud,Hadapsar,17,2,0,3204,15451,0,17.36067415730337,0.0,1
Kothrud,Hadapsar,17,2,1,3604,17008,0,16.98912319644839,0.0,0
Kothrud,Hadapsar,17,2,2,3867,19286,0,17.954383242823894,0.0,0
Kothrud,Hadapsar,19,2,0,3215,15201,0,17.021337480559875,0.0,1
Kothrud,Hadapsar,19,2,1,3576,17915,0,18.03523489932886,0.0,0
Kothrud,Hadapsar,19,2,2,3858,17527,0,16.354898911353033,0.0,0
Kothrud,Hadapsar,21,2,0,2348,15620,0,23.948892674616694,0.0,1
Kothrud,Hadapsar,21,2,1,2636,19286,0,26.338998482549318,0.0,0
Kothrud,Hadapsar,21,2,2,2527,16977,0,24.185674713098535,0.0,0
Kothrud,Hadapsar,23,2,0,2013,15620,0,27.934426229508194,0.0,1
Kothrud,Hadapsar,23,2,1,2241,18779,0,30.167068273092365,0.0,0
Kothrud,Hadapsar,23,2,2,2168,16733,0,27.785424354243542,0.0,0
Kothrud,Hadapsar,7,3,0,2181,15620,0,25.782668500687755,0.0,1
Kothrud,Hadapsar,7,3,1,2366,18779,0,28.573288250211323,0.0,0
Kothrud,Hadapsar,7,3,2,2433,16978,0,25.121578298397043,0.0,0
Kothrud,Hadapsar,9,3,0,2564,15201,0,21.343057722308895,0.0,1
Kothrud,Hadapsar,9,3,1,2765,19286,0,25.110162748643763,0.0,0
Kothrud,Hadapsar,9,3,2,2756,16765,0,21.89912917271408,0.0,0
Kothrud,Hadapsar,11,3,0,2975,15494,0,18.749042016806722,0.0,1
Kothrud,Hadapsar,11,3,1,3100,19286,0,22.396645161290323,0.0,0
Kothrud,Hadapsar,11,3,2,3019,16521,0,19.70043060616098,0.0,0
Kothrud,Hadapsar,13,3,0,3114,15225,0,17.601156069364162,0.0,1
Kothrud,Hadapsar,13,3,1,3228,18779,0,20.943122676579925,0.0,0
Kothrud,Hadapsar,13,3,2,3213,16765,0,18.784313725490197,0.0,0
Kothrud,Hadapsar,15,3,0,3088,15494,0,18.062953367875647,0.0,1
Kothrud,Hadapsar,15,3,1,3333,19286,0,20.830963096309635,0.0,0
Kothrud,Hadapsar,15,3,2,3351,17008,0,18.27179946284691,0.0,0
Kothrud,Hadapsar,17,3,0,3320,15448,0,16.750843373493975,0.0,1
Kothrud,Hadapsar,17,3,1,3543,19286,0,19.596274343776464,0.0,0
Kothrud,Hadapsar,17,3,2,3557,17008,0,17.213606972167554,0.0,0
Kothrud,Hadapsar,19,3,0,3156,15451,0,17.62471482889734,0.0,1
Kothrud,Hadapsar,19,3,1,3310,17008,0,18.498126888217524,0.0,0
Kothrud,Hadapsar,19,3,2,3346,19286,0,20.750029886431562,0.0,0
Kothrud,Hadapsar,21,3,0,2351,15620,0,23.918332624415143,0.0,1
Kothrud,Hadapsar,21,3,1,2634,19286,0,26.358997722095673,0.0,0
Kothrud,Hadapsar,21,3,2,2524,16977,0,24.214421553090332,0.0,0
Kothrud,Hadapsar,23,3,0,2013,15620,0,27.934426229508194,0.0,1
Kothrud,Hadapsar,23,3,1,2241,18779,0,30.167068273092365,0.0,0
Kothrud,Hadapsar,23,3,2,2168,16733,0,27.785424354243542,0.0,0
Kothrud,Hadapsar,7,4,0,2111,15611,0,26.622264329701565,0.0,1
Kothrud,Hadapsar,7,4,1,2322,18779,0,29.11472868217054,0.0,0
Kothrud,Hadapsar,7,4,2,2344,16978,0,26.075426621160414,0.0,0
Kothrud,Hadapsar,9,4,0,2349,15620,0,23.938697318007662,0.0,1
Kothrud,Hadapsar,9,4,1,2585,19286,0,26.85864603481625,0.0,0
Kothrud,Hadapsar,9,4,2,2583,17200,0,23.972125435540068,0.0,0
Kothrud,Hadapsar,11,4,0,2630,15869,0,21.721825095057035,0.0,1
Kothrud,Hadapsar,11,4,1,2710,18779,0,24.94627306273063,0.0,0
Kothrud,Hadapsar,11,4,2,2866,17008,0,21.36385205861828,0.0,0
Kothrud,Hadapsar,13,4,0,2690,15451,0,20.677918215613385,0.0,1
Kothrud,Hadapsar,13,4,1,2873,19286,0,24.16623738252698,0.0,0
Kothrud,Hadapsar,13,4,2,2832,16521,0,21.00127118644068,0.0,0
Kothrud,Hadapsar,15,4,0,2732,15451,0,20.360029282576868,0.0,1
Kothrud,Hadapsar,15,4,1,2951,19286,0,23.527482209420537,0.0,0
Kothrud,Hadapsar,15,4,2,3072,17008,0,19.93125,0.0,0
Kothrud,Hadapsar,17,4,0,2803,15451,0,19.844309668212627,0.0,1
Kothrud,Hadapsar,17,4,1,3128,19286,0,22.19616368286445,0.0,0
Kothrud,Hadapsar,17,4,2,3039,16521,0,19.570779861796645,0.0,0
Kothrud,Hadapsar,19,4,0,2704,15451,0,20.57085798816568,0.0,1
Kothrud,Hadapsar,19,4,1,3054,19286,0,22.733988212180748,0.0,0
Kothrud,Hadapsar,19,4,2,2894,16521,0,20.55134761575674,0.0,0
Kothrud,Hadapsar,21,4,0,2263,15620,0,24.848431285903665,0.0,1
Kothrud,Hadapsar,21,4,1,2567,19286,0,27.04698091156993,0.0,0
Kothrud,Hadapsar,21,4,2,2470,16977,0,24.743805668016194,0.0,0
Kothrud,Hadapsar,23,4,0,2013,15620,0,27.934426229508194,0.0,1
Kothrud,Hadapsar,23,4,1,2241,18779,0,30.167068273092365,0.0,0
Kothrud,Hadapsar,23,4,2,2168,16733,0,27.785424354243542,0.0,0
Kothrud,Hadapsar,7,5,0,2206,15620,0,25.490480507706256,0.0,1
Kothrud,Hadapsar,7,5,1,2481,18779,0,27.248851269649332,0.0,0
Kothrud,Hadapsar,7,5,2,2476,16978,0,24.685298869143782,0.0,0
Kothrud,Hadapsar,9,5,0,2714,15201,0,20.163448784082533,0.0,1
Kothrud,Hadapsar,9,5,1,3097,19286,0,22.418340329350986,0.0,0
Kothrud,Hadapsar,9,5,2,2857,16559,0,20.86538326916346,0.0,0
Kothrud,Hadapsar,11,5,0,3082,15494,0,18.09811810512654,0.0,1
Kothrud,Hadapsar,11,5,1,3357,19286,0,20.682037533512066,0.0,0
Kothrud,Hadapsar,11,5,2,3129,16521,0,19.007861936721,0.0,0
Kothrud,Hadapsar,13,5,0,3022,15225,0,18.13699536730642,0.0,1
Kothrud,Hadapsar,13,5,1,3136,18779,0,21.557525510204083,0.0,0
Kothrud,Hadapsar,13,5,2,3273,16894,0,18.581851512373966,0.0,0
Kothrud,Hadapsar,15,5,0,2779,15451,0,20.01568909679741,0.0,1
Kothrud,Hadapsar,15,5,1,3133,19286,0,22.16074050430897,0.0,0
Kothrud,Hadapsar,15,5,2,3095,16521,0,19.216672051696285,0.0,0
Kothrud,Hadapsar,17,5,0,3161,15451,0,17.59683644416324,0.0,1
Kothrud,Hadapsar,17,5,1,3583,17008,0,17.08869662294167,0.0,0
Kothrud,Hadapsar,17,5,2,3755,19286,0,18.489906790945405,0.0,0
Kothrud,Hadapsar,19,5,0,3176,15201,0,17.230352644836273,0.0,1
Kothrud,Hadapsar,19,5,1,3562,17915,0,18.106120157215045,0.0,0
Kothrud,Hadapsar,19,5,2,3836,17527,0,16.448696558915536,0.0,0
Kothrud,Hadapsar,21,5,0,2338,15620,0,24.051325919589388,0.0,1
Kothrud,Hadapsar,21,5,1,2622,19286,0,26.47963386727689,0.0,0
Kothrud,Hadapsar,21,5,2,2515,16977,0,24.301073558648113,0.0,0
Kothrud,Hadapsar,23,5,0,2013,15620,0,27.934426229508194,0.0,1
Kothrud,Hadapsar,23,5,1,2241,18779,0,30.167068273092365,0.0,0
Kothrud,Hadapsar,23,5,2,2168,16733,0,27.785424354243542,0.0,0
Kothrud,Hadapsar,7,6,0,2237,15620,0,25.13723737147966,0.0,1
Kothrud,Hadapsar,7,6,1,2497,18779,0,27.074249098918703,0.0,0
Kothrud,Hadapsar,7,6,2,2485,17184,0,24.89432595573441,0.0,0
Kothrud,Hadapsar,9,6,0,2788,15201,0,19.62826398852224,0.0,1
Kothrud,Hadapsar,9,6,1,3198,19286,0,21.710318949343343,0.0,0
Kothrud,Hadapsar,9,6,2,3025,17271,0,20.5539173553719,0.0,0
Kothrud,Hadapsar,11,6,0,3159,15494,0,17.656980056980057,0.0,1
Kothrud,Hadapsar,11,6,1,3311,16971,0,18.452310480217456,0.0,0
Kothrud,Hadapsar,11,6,2,3530,19286,0,19.66844192634561,0.0,0
Kothrud,Hadapsar,13,6,0,3059,15225,0,17.91762013729977,0.0,1
Kothrud,Hadapsar,13,6,1,3267,18779,0,20.693112947658403,0.0,0
Kothrud,Hadapsar,13,6,2,3225,16765,0,18.71441860465116,0.0,0
Kothrud,Hadapsar,15,6,0,2828,15451,0,19.66888260254597,0.0,1
Kothrud,Hadapsar,15,6,1,3218,19286,0,21.575388440024863,0.0,0
Kothrud,Hadapsar,15,6,2,3097,16521,0,19.20426218921537,0.0,0
Kothrud,Hadapsar,17,6,0,3220,15451,0,17.274409937888198,0.0,1
Kothrud,Hadapsar,17,6,1,3627,17008,0,16.88138957816377,0.0,0
Kothrud,Hadapsar,17,6,2,3821,19286,0,18.170531274535463,0.0,0
Kothrud,Hadapsar,19,6,0,3222,15201,0,16.984357541899442,0.0,1
Kothrud,Hadapsar,19,6,1,3555,17915,0,18.14177215189873,0.0,0
Kothrud,Hadapsar,19,6,2,3852,17527,0,16.3803738317757,0.0,0
Kothrud,Hadapsar,21,6,0,2353,15620,0,23.898002549936248,0.0,1
Kothrud,Hadapsar,21,6,1,2626,19286,0,26.43929931454684,0.0,0
Kothrud,Hadapsar,21,6,2,2521,16977,0,24.24323681078937,0.0,0
Kothrud,Hadapsar,23,6,0,2013,15620,0,27.934426229508194,0.0,1
Kothrud,Hadapsar,23,6,1,2241,18779,0,30.167068273092365,0.0,0
Kothrud,Hadapsar,23,6,2,2168,16733,0,27.785424354243542,0.0,0
Kothrud,Hadapsar,7,0,0,2205,15620,0,25.502040816326527,0.0,1
Kothrud,Hadapsar,7,0,1,2493,18779,0,27.11768953068592,0.0,0
Kothrud,Hadapsar,7,0,2,2492,17184,0,24.824398073836278,0.0,0
Kothrud,Hadapsar,9,0,0,2725,15201,0,20.08205504587156,0.0,1
Kothrud,Hadapsar,9,0,1,3164,19286,0,21.94361567635904,0.0,0
Kothrud,Hadapsar,9,0,2,2915,16559,0,20.450222984562608,0.0,0
Kothrud,Hadapsar,11,0,0,3076,15494,0,18.1334200260078,0.0,1
Kothrud,Hadapsar,11,0,1,3210,16521,0,18.52822429906542,0.0,0
Kothrud,Hadapsar,11,0,2,3476,19286,0,19.973993095512085,0.0,0
Kothrud,Hadapsar,13,0,0,3022,15494,0,18.457445400397088,0.0,1
Kothrud,Hadapsar,13,0,1,3332,19286,0,20.83721488595438,0.0,0
Kothrud,Hadapsar,13,0,2,3205,16521,0,18.55712948517941,0.0,0
Kothrud,Hadapsar,15,0,0,2789,15451,0,19.94392255288634,0.0,1
Kothrud,Hadapsar,15,0,1,3248,19597,0,21.720812807881774,0.0,0
Kothrud,Hadapsar,15,0,2,3193,16521,0,18.62687128092703,0.0,0
Kothrud,Hadapsar,17,0,0,3171,15451,0,17.541343424787133,0.0,1
Kothrud,Hadapsar,17,0,1,3465,16521,0,17.164675324675326,0.0,0
Kothrud,Hadapsar,17,0,2,3887,19286,0,17.862001543606894,0.0,0
Kothrud,Hadapsar,19,0,0,3195,15201,0,17.127887323943664,0.0,1
Kothrud,Hadapsar,19,0,1,3566,17915,0,18.085810431856423,0.0,0
Kothrud,Hadapsar,19,0,2,3844,17527,0,16.414464099895945,0.0,0
Kothrud,Hadapsar,21,0,0,2349,15620,0,23.938697318007662,0.0,1
Kothrud,Hadapsar,21,0,1,2634,19286,0,26.358997722095673,0.0,0
Kothrud,Hadapsar,21,0,2,2531,16977,0,24.147451600158043,0.0,0
Kothrud,Hadapsar,23,0,0,2013,15620,0,27.934426229508194,0.0,1
Kothrud,Hadapsar,23,0,1,2241,18779,0,30.167068273092365,0.0,0
Kothrud,Hadapsar,23,0,2,2168,16733,0,27.785424354243542,0.0,0
Kothrud,Hadapsar,7,1,0,2205,15620,0,25.502040816326527,0.0,1
Kothrud,Hadapsar,7,1,1,2476,18779,0,27.303877221324715,0.0,0
Kothrud,Hadapsar,7,1,2,2488,16978,0,24.56623794212219,0.0,0
Kothrud,Hadapsar,9,1,0,2707,15201,0,20.21558921315109,0.0,1
Kothrud,Hadapsar,9,1,1,3099,19286,0,22.403872216844146,0.0,0
Kothrud,Hadapsar,9,1,2,2866,16559,0,20.79986043265876,0.0,0
Kothrud,Hadapsar,11,1,0,3054,15494,0,18.264047151277012,0.0,1
Kothrud,Hadapsar,11,1,1,3146,16521,0,18.905149396058487,0.0,0
Kothrud,Hadapsar,11,1,2,3413,19286,0,20.34268971579256,0.0,0
Kothrud,Hadapsar,13,1,0,3015,15225,0,18.17910447761194,0.0,1
Kothrud,Hadapsar,13,1,1,3250,18779,0,20.801353846153845,0.0,0
Kothrud,Hadapsar,13,1,2,3285,16894,0,18.513972602739724,0.0,0
Kothrud,Hadapsar,15,1,0,2764,15451,0,20.124312590448625,0.0,1
Kothrud,Hadapsar,15,1,1,3181,19597,0,22.178308707953477,0.0,0
Kothrud,Hadapsar,15,1,2,3121,16521,0,19.05658442806793,0.0,0
Kothrud,Hadapsar,17,1,0,3136,15451,0,17.737117346938778,0.0,1
Kothrud,Hadapsar,17,1,1,3561,17008,0,17.194271272114573,0.0,0
Kothrud,Hadapsar,17,1,2,3717,19286,0,18.678934624697337,0.0,0
Kothrud,Hadapsar,19,1,0,3184,15201,0,17.187060301507536,0.0,1
Kothrud,Hadapsar,19,1,1,3558,17915,0,18.126475548060707,0.0,0
Kothrud,Hadapsar,19,1,2,3814,17527,0,16.543576297850027,0.0,0
Kothrud,Hadapsar,21,1,0,2351,15620,0,23.918332624415143,0.0,1
Kothrud,Hadapsar,21,1,1,2637,19286,0,26.329010238907852,0.0,0
Kothrud,Hadapsar,21,1,2,2525,16977,0,24.20483168316832,0.0,0
Kothrud,Hadapsar,23,1,0,2013,15620,0,27.934426229508194,0.0,1
Kothrud,Hadapsar,23,1,1,2241,18779,0,30.167068273092365,0.0,0
Kothrud,Hadapsar,23,1,2,2168,16733,0,27.785424354243542,0.0,0
Kothrud,Hadapsar,7,2,0,2203,15620,0,25.525192918747162,0.0,1
Kothrud,Hadapsar,7,2,1,2477,18779,0,27.292854259184498,0.0,0
Kothrud,Hadapsar,7,2,2,2489,17184,0,24.85431900361591,0.0,0
Kothrud,Hadapsar,9,2,0,2684,15201,0,20.38882265275708,0.0,1
Kothrud,Hadapsar,9,2,1,3065,19286,0,22.652398042414358,0.0,0
Kothrud,Hadapsar,9,2,2,2877,17101,0,21.3985401459854,0.0,0
Kothrud,Hadapsar,11,2,0,3034,15494,0,18.38444297956493,0.0,1
Kothrud,Hadapsar,11,2,1,3355,19286,0,20.69436661698957,0.0,0
Kothrud,Hadapsar,11,2,2,3130,16521,0,19.001789137380193,0.0,0
Kothrud,Hadapsar,13,2,0,3005,15225,0,18.239600665557404,0.0,1
Kothrud,Hadapsar,13,2,1,3250,18779,0,20.801353846153845,0.0,0
Kothrud,Hadapsar,13,2,2,3190,16765,0,18.919749216300943,0.0,0
Kothrud,Hadapsar,15,2,0,2807,15451,0,19.81603135019594,0.0,1
Kothrud,Hadapsar,15,2,1,3279,19286,0,21.1740164684355,0.0,0
Kothrud,Hadapsar,15,2,2,3127,16521,0,19.02001918771986,0.0,0
Kothrud,Hadapsar,17,2,0,3204,15451,0,17.36067415730337,0.0,1
Kothrud,Hadapsar,17,2,1,3604,17008,0,16.98912319644839,0.0,0
Kothrud,Hadapsar,17,2,2,3867,19286,0,17.954383242823894,0.0,0
Kothrud,Hadapsar,19,2,0,3215,15201,0,17.021337480559875,0.0,1
Kothrud,Hadapsar,19,2,1,3576,17915,0,18.03523489932886,0.0,0
Kothrud,Hadapsar,19,2,2,3858,17527,0,16.354898911353033,0.0,0
Kothrud,Hadapsar,21,2,0,2348,15620,0,23.948892674616694,0.0,1
Kothrud,Hadapsar,21,2,1,2636,19286,0,26.338998482549318,0.0,0
Kothrud,Hadapsar,21,2,2,2527,16977,0,24.185674713098535,0.0,0
Kothrud,Hadapsar,23,2,0,2013,15620,0,27.934426229508194,0.0,1
Kothrud,Hadapsar,23,2,1,2241,18779,0,30.167068273092365,0.0,0
Kothrud,Hadapsar,23,2,2,2168,16733,0,27.785424354243542,0.0,0
Kothrud,Hadapsar,7,3,0,2181,15620,0,25.782668500687755,0.0,1
Kothrud,Hadapsar,7,3,1,2366,18779,0,28.573288250211323,0.0,0
Kothrud,Hadapsar,7,3,2,2433,16978,0,25.121578298397043,0.0,0
Kothrud,Hadapsar,9,3,0,2564,15201,0,21.343057722308895,0.0,1
Kothrud,Hadapsar,9,3,1,2765,19286,0,25.110162748643763,0.0,0
Kothrud,Hadapsar,9,3,2,2756,16765,0,21.89912917271408,0.0,0
Kothrud,Hadapsar,11,3,0,2975,15494,0,18.749042016806722,0.0,1
Kothrud,Hadapsar,11,3,1,3100,19286,0,22.396645161290323,0.0,0
Kothrud,Hadapsar,11,3,2,3019,16521,0,19.70043060616098,0.0,0
Kothrud,Hadapsar,13,3,0,3114,15225,0,17.601156069364162,0.0,1
Kothrud,Hadapsar,13,3,1,3228,18779,0,20.943122676579925,0.0,0
Kothrud,Hadapsar,13,3,2,3213,16765,0,18.784313725490197,0.0,0
Kothrud,Hadapsar,15,3,0,3088,15494,0,18.062953367875647,0.0,1
Kothrud,Hadapsar,15,3,1,3333,19286,0,20.830963096309635,0.0,0
Kothrud,Hadapsar,15,3,2,3351,17008,0,18.27179946284691,0.0,0
Kothrud,Hadapsar,17,3,0,3320,15448,0,16.750843373493975,0.0,1
Kothrud,Hadapsar,17,3,1,3543,19286,0,19.596274343776464,0.0,0
Kothrud,Hadapsar,17,3,2,3557,17008,0,17.213606972167554,0.0,0
Kothrud,Hadapsar,19,3,0,3156,15451,0,17.62471482889734,0.0,1
Kothrud,Hadapsar,19,3,1,3310,17008,0,18.498126888217524,0.0,0
Kothrud,Hadapsar,19,3,2,3346,19286,0,20.750029886431562,0.0,0
Kothrud,Hadapsar,21,3,0,2351,15620,0,23.918332624415143,0.0,1
Kothrud,Hadapsar,21,3,1,2634,19286,0,26.358997722095673,0.0,0
Kothrud,Hadapsar,21,3,2,2524,16977,0,24.214421553090332,0.0,0
Kothrud,Hadapsar,23,3,0,2013,15620,0,27.934426229508194,0.0,1
Kothrud,Hadapsar,23,3,1,2241,18779,0,30.167068273092365,0.0,0
Kothrud,Hadapsar,23,3,2,2168,16733,0,27.785424354243542,0.0,0
Kothrud,Hadapsar,7,4,0,2111,15611,0,26.622264329701565,0.0,1
Kothrud,Hadapsar,7,4,1,2322,18779,0,29.11472868217054,0.0,0
Kothrud,Hadapsar,7,4,2,2344,16978,0,26.075426621160414,0.0,0
Kothrud,Hadapsar,9,4,0,2349,15620,0,23.938697318007662,0.0,1
Kothrud,Hadapsar,9,4,1,2585,19286,0,26.85864603481625,0.0,0
Kothrud,Hadapsar,9,4,2,2583,17200,0,23.972125435540068,0.0,0
Kothrud,Hadapsar,11,4,0,2630,15869,0,21.721825095057035,0.0,1
Kothrud,Hadapsar,11,4,1,2710,18779,0,24.94627306273063,0.0,0
Kothrud,Hadapsar,11,4,2,2772,16939,0,21.9987012987013,0.0,0
Kothrud,Hadapsar,13,4,0,2690,15451,0,20.677918215613385,0.0,1
Kothrud,Hadapsar,13,4,1,2873,19286,0,24.16623738252698,0.0,0
Kothrud,Hadapsar,13,4,2,2832,16521,0,21.00127118644068,0.0,0
Kothrud,Hadapsar,15,4,0,2732,15451,0,20.360029282576868,0.0,1
Kothrud,Hadapsar,15,4,1,2951,19286,0,23.527482209420537,0.0,0
Kothrud,Hadapsar,15,4,2,2931,16521,0,20.29191402251791,0.0,0
Kothrud,Hadapsar,17,4,0,2803,15451,0,19.844309668212627,0.0,1
Kothrud,Hadapsar,17,4,1,3128,19286,0,22.19616368286445,0.0,0
Kothrud,Hadapsar,17,4,2,3039,16521,0,19.570779861796645,0.0,0
Kothrud,Hadapsar,19,4,0,2704,15451,0,20.57085798816568,0.0,1
Kothrud,Hadapsar,19,4,1,3054,19286,0,22.733988212180748,0.0,0
Kothrud,Hadapsar,19,4,2,2894,16521,0,20.55134761575674,0.0,0
Kothrud,Hadapsar,21,4,0,2263,15620,0,24.848431285903665,0.0,1
Kothrud,Hadapsar,21,4,1,2567,19286,0,27.04698091156993,0.0,0
Kothrud,Hadapsar,21,4,2,2470,16977,0,24.743805668016194,0.0,0
Kothrud,Hadapsar,23,4,0,2013,15620,0,27.934426229508194,0.0,1
Kothrud,Hadapsar,23,4,1,2241,18779,0,30.167068273092365,0.0,0
Kothrud,Hadapsar,23,4,2,2168,16733,0,27.785424354243542,0.0,0
Kothrud,Hadapsar,7,5,0,2206,15620,0,25.490480507706256,0.0,1
Kothrud,Hadapsar,7,5,1,2481,18779,0,27.248851269649332,0.0,0
Kothrud,Hadapsar,7,5,2,2476,16978,0,24.685298869143782,0.0,0
Kothrud,Hadapsar,9,5,0,2714,15201,0,20.163448784082533,0.0,1
Kothrud,Hadapsar,9,5,1,3097,19286,0,22.418340329350986,0.0,0
Kothrud,Hadapsar,9,5,2,2857,16559,0,20.86538326916346,0.0,0
Kothrud,Hadapsar,11,5,0,3082,15494,0,18.09811810512654,0.0,1
Kothrud,Hadapsar,11,5,1,3357,19286,0,20.682037533512066,0.0,0
Kothrud,Hadapsar,11,5,2,3129,16521,0,19.007861936721,0.0,0
Kothrud,Hadapsar,13,5,0,3022,15225,0,18.13699536730642,0.0,1
Kothrud,Hadapsar,13,5,1,3136,18779,0,21.557525510204083,0.0,0
Kothrud,Hadapsar,13,5,2,3273,16894,0,18.581851512373966,0.0,0
Kothrud,Hadapsar,15,5,0,2779,15451,0,20.01568909679741,0.0,1
Kothrud,Hadapsar,15,5,1,3133,19286,0,22.16074050430897,0.0,0
Kothrud,Hadapsar,15,5,2,3095,16521,0,19.216672051696285,0.0,0
Kothrud,Hadapsar,17,5,0,3161,15451,0,17.59683644416324,0.0,1
Kothrud,Hadapsar,17,5,1,3367,16521,0,17.664270864270865,0.0,0
Kothrud,Hadapsar,17,5,2,3755,19286,0,18.489906790945405,0.0,0
Kothrud,Hadapsar,19,5,0,3176,15201,0,17.230352644836273,0.0,1
Kothrud,Hadapsar,19,5,1,3389,17428,0,18.513071702567128,0.0,0
Kothrud,Hadapsar,19,5,2,3627,18907,0,18.76625310173697,0.0,0
Kothrud,Hadapsar,21,5,0,2338,15620,0,24.051325919589388,0.0,1
Kothrud,Hadapsar,21,5,1,2622,19286,0,26.47963386727689,0.0,0
Kothrud,Hadapsar,21,5,2,2515,16977,0,24.301073558648113,0.0,0
Kothrud,Hadapsar,23,5,0,2013,15620,0,27.934426229508194,0.0,1
Kothrud,Hadapsar,23,5,1,2241,18779,0,30.167068273092365,0.0,0
Kothrud,Hadapsar,23,5,2,2168,16733,0,27.785424354243542,0.0,0
Kothrud,Hadapsar,7,6,0,2237,15620,0,25.13723737147966,0.0,1
Kothrud,Hadapsar,7,6,1,2497,18779,0,27.074249098918703,0.0,0
Kothrud,Hadapsar,7,6,2,2485,17184,0,24.89432595573441,0.0,0
Kothrud,Hadapsar,9,6,0,2788,15201,0,19.62826398852224,0.0,1
Kothrud,Hadapsar,9,6,1,3198,19286,0,21.710318949343343,0.0,0
Kothrud,Hadapsar,9,6,2,3025,17271,0,20.5539173553719,0.0,0
Kothrud,Hadapsar,11,6,0,3159,15494,0,17.656980056980057,0.0,1
Kothrud,Hadapsar,11,6,1,3311,16971,0,18.452310480217456,0.0,0
Kothrud,Hadapsar,11,6,2,3530,19286,0,19.66844192634561,0.0,0
Kothrud,Hadapsar,13,6,0,3059,15225,0,17.91762013729977,0.0,1
Kothrud,Hadapsar,13,6,1,3267,18779,0,20.693112947658403,0.0,0
Kothrud,Hadapsar,13,6,2,3225,16765,0,18.71441860465116,0.0,0
Kothrud,Hadapsar,15,6,0,2828,15451,0,19.66888260254597,0.0,1
Kothrud,Hadapsar,15,6,1,3218,19286,0,21.575388440024863,0.0,0
Kothrud,Hadapsar,15,6,2,3097,16521,0,19.20426218921537,0.0,0
Kothrud,Hadapsar,17,6,0,3220,15451,0,17.274409937888198,0.0,1
Kothrud,Hadapsar,17,6,1,3396,16521,0,17.513427561837457,0.0,0
Kothrud,Hadapsar,17,6,2,3821,19286,0,18.170531274535463,0.0,0
Kothrud,Hadapsar,19,6,0,3222,15201,0,16.984357541899442,0.0,1
Kothrud,Hadapsar,19,6,1,3416,17428,0,18.36674473067916,0.0,0
Kothrud,Hadapsar,19,6,2,3722,19128,0,18.501020956475013,0.0,0
Kothrud,Hadapsar,21,6,0,2353,15620,0,23.898002549936248,0.0,1
Kothrud,Hadapsar,21,6,1,2626,19286,0,26.43929931454684,0.0,0
Kothrud,Hadapsar,21,6,2,2521,16977,0,24.24323681078937,0.0,0
Kothrud,Hadapsar,23,6,0,2013,15620,0,27.934426229508194,0.0,1
Kothrud,Hadapsar,23,6,1,2241,18779,0,30.167068273092365,0.0,0
Kothrud,Hadapsar,23,6,2,2168,16733,0,27.785424354243542,0.0,0
Kothrud,University,7,0,0,1155,8057,0,25.112727272727273,0.0,1
Kothrud,University,7,0,1,1447,9741,0,24.234692467173463,0.0,0
Kothrud,University,7,0,2,1727,13620,0,28.39143022582513,0.0,0
Kothrud,University,9,0,0,1441,8057,0,20.12852185981957,0.0,1
Kothrud,University,9,0,1,1716,9546,0,20.026573426573425,0.0,0
Kothrud,University,9,0,2,1952,13599,0,25.08012295081967,0.0,0
Kothrud,University,11,0,0,1579,8057,0,18.369347688410386,0.0,1
Kothrud,University,11,0,1,2043,13599,0,23.962995594713657,0.0,0
Kothrud,University,11,0,2,2030,9654,0,17.12039408866995,0.0,0
Kothrud,University,13,0,0,1521,8057,0,19.0698224852071,0.0,1
Kothrud,University,13,0,1,2001,13620,0,24.503748125937033,0.0,0
Kothrud,University,13,0,2,1981,9675,0,17.582029278142354,0.0,0
Kothrud,University,15,0,0,1418,8057,0,20.45500705218618,0.0,1
Kothrud,University,15,0,1,1851,13620,0,26.489465153970826,0.0,0
Kothrud,University,15,0,2,1824,9546,0,18.840789473684207,0.0,0
Kothrud,University,17,0,0,1596,8057,0,18.173684210526314,0.0,1
Kothrud,University,17,0,1,2012,13599,0,24.33220675944334,0.0,0
Kothrud,University,17,0,2,2020,9546,0,17.012673267326733,0.0,0
Kothrud,University,19,0,0,1649,8057,0,17.589569436021833,0.0,1
Kothrud,University,19,0,1,2148,13599,0,22.791620111731845,0.0,0
Kothrud,University,19,0,2,2075,9680,0,16.79421686746988,0.0,0
Kothrud,University,21,0,0,1234,8057,0,23.505024311183146,0.0,1
Kothrud,University,21,0,1,1547,9741,0,22.668131868131866,0.0,0
Kothrud,University,21,0,2,1815,13620,0,27.01487603305785,0.0,0
Kothrud,University,23,0,0,1066,8057,0,27.209380863039403,0.0,1
Kothrud,University,23,0,1,1326,9741,0,26.446153846153845,0.0,0
Kothrud,University,23,0,2,1643,13620,0,29.842970176506388,0.0,0
Kothrud,University,7,1,0,1140,8057,0,25.443157894736846,0.0,1
Kothrud,University,7,1,1,1430,9741,0,24.522797202797204,0.0,0
Kothrud,University,7,1,2,1714,13620,0,28.60676779463244,0.0,0
Kothrud,University,9,1,0,1431,8057,0,20.269182389937107,0.0,1
Kothrud,University,9,1,1,1696,9546,0,20.262735849056604,0.0,0
Kothrud,University,9,1,2,1924,13599,0,25.445114345114344,0.0,0
Kothrud,University,11,1,0,1582,8057,0,18.334513274336285,0.0,1
Kothrud,University,11,1,1,2007,13599,0,24.392825112107623,0.0,0
Kothrud,University,11,1,2,2018,9675,0,17.25966303270565,0.0,0
Kothrud,University,13,1,0,1533,8057,0,18.92054794520548,0.0,1
Kothrud,University,13,1,1,1991,13620,0,24.626820693119036,0.0,0
Kothrud,University,13,1,2,1974,9675,0,17.64437689969605,0.0,0
Kothrud,University,15,1,0,1409,8057,0,20.58566359119943,0.0,1
Kothrud,University,15,1,1,1853,13620,0,26.460874257960064,0.0,0
Kothrud,University,15,1,2,1893,9741,0,18.524881141045956,0.0,0
Kothrud,University,17,1,0,1610,8057,0,18.015652173913043,0.0,1
Kothrud,University,17,1,1,2028,13599,0,24.140236686390534,0.0,0
Kothrud,University,17,1,2,2025,9572,0,17.016888888888886,0.0,0
Kothrud,University,19,1,0,1676,8057,0,17.30620525059666,0.0,1
Kothrud,University,19,1,1,2148,13599,0,22.791620111731845,0.0,0
Kothrud,University,19,1,2,2094,9701,0,16.677936962750717,0.0,0
Kothrud,University,21,1,0,1244,8057,0,23.31607717041801,0.0,1
Kothrud,University,21,1,1,1555,9741,0,22.551511254019292,0.0,0
Kothrud,University,21,1,2,1813,13620,0,27.044677330391615,0.0,0
Kothrud,University,23,1,0,1066,8057,0,27.209380863039403,0.0,1
Kothrud,University,23,1,1,1326,9741,0,26.446153846153845,0.0,0
Kothrud,University,23,1,2,1643,13620,0,29.842970176506388,0.0,0
Kothrud,University,7,2,0,1141,8057,0,25.420858895705525,0.0,1
Kothrud,University,7,2,1,1434,9741,0,24.454393305439332,0.0,0
Kothrud,University,7,2,2,1715,13620,0,28.590087463556852,0.0,0
Kothrud,University,9,2,0,1414,8057,0,20.512871287128714,0.0,1
Kothrud,University,9,2,1,1694,9546,0,20.2866587957497,0.0,0
Kothrud,University,9,2,2,1923,13599,0,25.458346333853353,0.0,0
Kothrud,University,11,2,0,1562,8057,0,18.569270166453265,0.0,1
Kothrud,University,11,2,1,2015,13599,0,24.295980148883373,0.0,0
Kothrud,University,11,2,2,1924,9526,0,17.824116424116422,0.0,0
Kothrud,University,13,2,0,1525,8057,0,19.019803278688524,0.0,1
Kothrud,University,13,2,1,2005,13620,0,24.454862842892766,0.0,0
Kothrud,University,13,2,2,1977,9675,0,17.617602427921092,0.0,0
Kothrud,University,15,2,0,1443,8057,0,20.100623700623704,0.0,1
Kothrud,University,15,2,1,1882,13620,0,26.053134962805522,0.0,0
Kothrud,University,15,2,2,1921,9741,0,18.254867256637166,0.0,0
Kothrud,University,17,2,0,1618,8057,0,17.926576019777503,0.0,1
Kothrud,University,17,2,1,2051,13599,0,23.869527059970746,0.0,0
Kothrud,University,17,2,2,2043,9526,0,16.78590308370044,0.0,0
Kothrud,University,19,2,0,1651,8057,0,17.568261659600243,0.0,1
Kothrud,University,19,2,1,2175,13599,0,22.508689655172414,0.0,0
Kothrud,University,19,2,2,2006,9551,0,17.140378863409772,0.0,0
Kothrud,University,21,2,0,1240,8057,0,23.391290322580648,0.0,1
Kothrud,University,21,2,1,1553,9741,0,22.580553766902767,0.0,0
Kothrud,University,21,2,2,1821,13620,0,26.92586490939044,0.0,0
Kothrud,University,23,2,0,1066,8057,0,27.209380863039403,0.0,1
Kothrud,University,23,2,1,1326,9741,0,26.446153846153845,0.0,0
Kothrud,University,23,2,2,1643,13620,0,29.842970176506388,0.0,0
Kothrud,University,7,3,0,1114,8057,0,26.03698384201077,0.0,1
Kothrud,University,7,3,1,1400,9741,0,25.04828571428571,0.0,0
Kothrud,University,7,3,2,1698,13620,0,28.87632508833922,0.0,0
Kothrud,University,9,3,0,1293,8057,0,22.432482598607887,0.0,1
Kothrud,University,9,3,1,1587,9546,0,21.654442344045368,0.0,0
Kothrud,University,9,3,2,1861,13620,0,26.347125201504568,0.0,0
Kothrud,University,11,3,0,1472,8057,0,19.704619565217392,0.0,1
Kothrud,University,11,3,1,1999,13620,0,24.52826413206603,0.0,0
Kothrud,University,11,3,2,1858,9546,0,18.496017222820235,0.0,0
Kothrud,University,13,3,0,1562,8057,0,18.569270166453265,0.0,1
Kothrud,University,13,3,1,2035,13599,0,24.057199017199018,0.0,0
Kothrud,University,13,3,2,1973,9546,0,17.41794221996959,0.0,0
Kothrud,University,15,3,0,1563,8057,0,18.5573896353167,0.0,1
Kothrud,University,15,3,1,1986,13599,0,24.650755287009066,0.0,0
Kothrud,University,15,3,2,1974,9546,0,17.409118541033433,0.0,0
Kothrud,University,17,3,0,1653,8057,0,17.5470054446461,0.0,1
Kothrud,University,17,3,1,2068,13599,0,23.67330754352031,0.0,0
Kothrud,University,17,3,2,2069,9546,0,16.60976317061382,0.0,0
Kothrud,University,19,3,0,1576,8057,0,18.404314720812184,0.0,1
Kothrud,University,19,3,1,2012,9675,0,17.31113320079523,0.0,0
Kothrud,University,19,3,2,2104,13599,0,23.268250950570344,0.0,0
Kothrud,University,21,3,0,1246,8057,0,23.27865168539326,0.0,1
Kothrud,University,21,3,1,1487,9546,0,23.110692669804976,0.0,0
Kothrud,University,21,3,2,1824,13620,0,26.881578947368418,0.0,0
Kothrud,University,23,3,0,1066,8057,0,27.209380863039403,0.0,1
Kothrud,University,23,3,1,1326,9741,0,26.446153846153845,0.0,0
Kothrud,University,23,3,2,1642,13620,0,29.86114494518879,0.0,0
Kothrud,University,7,4,0,1101,8057,0,26.34441416893733,0.0,1
Kothrud,University,7,4,1,1311,9546,0,26.213272311212812,0.0,0
Kothrud,University,7,4,2,1683,13620,0,29.133689839572188,0.0,0
Kothrud,University,9,4,0,1205,8057,0,24.070705394190874,0.0,1
Kothrud,University,9,4,1,1442,9546,0,23.831900138696255,0.0,0
Kothrud,University,9,4,2,1770,13620,0,27.701694915254237,0.0,0
Kothrud,University,11,4,0,1297,8057,0,22.363299922899,0.0,1
Kothrud,University,11,4,1,1585,9546,0,21.681766561514195,0.0,0
Kothrud,University,11,4,2,1851,13620,0,26.489465153970826,0.0,0
Kothrud,University,13,4,0,1353,8057,0,21.43769401330377,0.0,1
Kothrud,University,13,4,1,1679,9546,0,20.467897558070277,0.0,0
Kothrud,University,13,4,2,1881,13620,0,26.066985645933016,0.0,0
Kothrud,University,15,4,0,1351,8057,0,21.46943005181347,0.0,1
Kothrud,University,15,4,1,1841,13620,0,26.63335143943509,0.0,0
Kothrud,University,15,4,2,1785,9675,0,19.51260504201681,0.0,0
Kothrud,University,17,4,0,1421,8057,0,20.411822660098526,0.0,1
Kothrud,University,17,4,1,1901,13620,0,25.79274066280905,0.0,0
Kothrud,University,17,4,2,1808,9546,0,19.007522123893803,0.0,0
Kothrud,University,19,4,0,1428,8057,0,20.311764705882354,0.0,1
Kothrud,University,19,4,1,1934,13620,0,25.352637021716646,0.0,0
Kothrud,University,19,4,2,1811,9546,0,18.976035339591384,0.0,0
Kothrud,University,21,4,0,1206,8057,0,24.050746268656717,0.0,1
Kothrud,University,21,4,1,1446,9546,0,23.765975103734437,0.0,0
Kothrud,University,21,4,2,1767,13620,0,27.748726655348044,0.0,0
Kothrud,University,23,4,0,1066,8057,0,27.209380863039403,0.0,1
Kothrud,University,23,4,1,1326,9741,0,26.446153846153845,0.0,0
Kothrud,University,23,4,2,1642,13620,0,29.86114494518879,0.0,0
Kothrud,University,7,5,0,1151,8057,0,25.2,0.0,1
Kothrud,University,7,5,1,1444,9741,0,24.28504155124654,0.0,0
Kothrud,University,7,5,2,1730,13620,0,28.342196531791906,0.0,0
Kothrud,University,9,5,0,1429,8057,0,20.297550734779566,0.0,1
Kothrud,University,9,5,1,1700,9546,0,20.21505882352941,0.0,0
Kothrud,University,9,5,2,1936,13599,0,25.287396694214877,0.0,0
Kothrud,University,11,5,0,1565,8057,0,18.533674121405753,0.0,1
Kothrud,University,11,5,1,2016,13599,0,24.283928571428568,0.0,0
Kothrud,University,11,5,2,1978,9654,0,17.57047522750253,0.0,0
Kothrud,University,13,5,0,1513,8057,0,19.170654329147393,0.0,1
Kothrud,University,13,5,1,1985,13620,0,24.701259445843824,0.0,0
Kothrud,University,13,5,2,1922,9675,0,18.12174817898023,0.0,0
Kothrud,University,15,5,0,1407,8057,0,20.61492537313433,0.0,1
Kothrud,University,15,5,1,1846,13620,0,26.56121343445287,0.0,0
Kothrud,University,15,5,2,1864,9741,0,18.813090128755363,0.0,0
Kothrud,University,17,5,0,1584,8057,0,18.311363636363637,0.0,1
Kothrud,University,17,5,1,1999,13599,0,24.490445222611307,0.0,0
Kothrud,University,17,5,2,1986,9546,0,17.30392749244713,0.0,0
Kothrud,University,19,5,0,1654,8057,0,17.53639661426844,0.0,1
Kothrud,University,19,5,1,2120,13599,0,23.09264150943396,0.0,0
Kothrud,University,19,5,2,2037,9654,0,17.061561119293078,0.0,0
Kothrud,University,21,5,0,1238,8057,0,23.42907915993538,0.0,1
Kothrud,University,21,5,1,1535,9741,0,22.845342019543974,0.0,0
Kothrud,University,21,5,2,1814,13620,0,27.02976846747519,0.0,0
Kothrud,University,23,5,0,1066,8057,0,27.209380863039403,0.0,1
Kothrud,University,23,5,1,1326,9741,0,26.446153846153845,0.0,0
Kothrud,University,23,5,2,1643,13620,0,29.842970176506388,0.0,0
Kothrud,University,7,6,0,1151,8057,0,25.2,0.0,1
Kothrud,University,7,6,1,1375,9546,0,24.993163636363636,0.0,0
Kothrud,University,7,6,2,1729,13620,0,28.35858877964141,0.0,0
Kothrud,University,9,6,0,1460,8057,0,19.866575342465755,0.0,1
Kothrud,University,9,6,1,1733,9546,0,19.83012117714945,0.0,0
Kothrud,University,9,6,2,1978,13599,0,24.750455005055613,0.0,0
Kothrud,University,11,6,0,1616,8057,0,17.948762376237624,0.0,1
Kothrud,University,11,6,1,2074,13599,0,23.604821600771455,0.0,0
Kothrud,University,11,6,2,1958,9526,0,17.514606741573033,0.0,0
Kothrud,University,13,6,0,1532,8057,0,18.93289817232376,0.0,1
Kothrud,University,13,6,1,2010,13620,0,24.394029850746268,0.0,0
Kothrud,University,13,6,2,1978,9675,0,17.608695652173914,0.0,0
Kothrud,University,15,6,0,1437,8057,0,20.18455114822547,0.0,1
Kothrud,University,15,6,1,1867,13620,0,26.26245313336904,0.0,0
Kothrud,University,15,6,2,1904,9741,0,18.417857142857144,0.0,0
Kothrud,University,17,6,0,1632,8057,0,17.77279411764706,0.0,1
Kothrud,University,17,6,1,2073,13599,0,23.61620839363242,0.0,0
Kothrud,University,17,6,2,2043,9572,0,16.866960352422907,0.0,0
Kothrud,University,19,6,0,1670,8057,0,17.368383233532935,0.0,1
Kothrud,University,19,6,1,2108,9701,0,16.56717267552182,0.0,0
Kothrud,University,19,6,2,2198,13599,0,22.27315741583258,0.0,0
Kothrud,University,21,6,0,1237,8057,0,23.4480194017785,0.0,1
Kothrud,University,21,6,1,1537,9741,0,22.815614834092386,0.0,0
Kothrud,University,21,6,2,1816,13620,0,26.999999999999996,0.0,0
Kothrud,University,23,6,0,1066,8057,0,27.209380863039403,0.0,1
Kothrud,University,23,6,1,1326,9741,0,26.446153846153845,0.0,0
Kothrud,University,23,6,2,1643,13620,0,29.842970176506388,0.0,0
Kothrud,University,7,0,0,1155,8057,0,25.112727272727273,0.0,1
Kothrud,University,7,0,1,1447,9741,0,24.234692467173463,0.0,0
Kothrud,University,7,0,2,1727,13620,0,28.39143022582513,0.0,0
Kothrud,University,9,0,0,1441,8057,0,20.12852185981957,0.0,1
Kothrud,University,9,0,1,1716,9546,0,20.026573426573425,0.0,0
Kothrud,University,9,0,2,1952,13599,0,25.08012295081967,0.0,0
Kothrud,University,11,0,0,1579,8057,0,18.369347688410386,0.0,1
Kothrud,University,11,0,1,2043,13599,0,23.962995594713657,0.0,0
Kothrud,University,11,0,2,2030,9654,0,17.12039408866995,0.0,0
Kothrud,University,13,0,0,1521,8057,0,19.0698224852071,0.0,1
Kothrud,University,13,0,1,2001,13620,0,24.503748125937033,0.0,0
Kothrud,University,13,0,2,1981,9675,0,17.582029278142354,0.0,0
Kothrud,University,15,0,0,1418,8057,0,20.45500705218618,0.0,1
Kothrud,University,15,0,1,1851,13620,0,26.489465153970826,0.0,0
Kothrud,University,15,0,2,1824,9546,0,18.840789473684207,0.0,0
Kothrud,University,17,0,0,1596,8057,0,18.173684210526314,0.0,1
Kothrud,University,17,0,1,2012,13599,0,24.33220675944334,0.0,0
Kothrud,University,17,0,2,2020,9546,0,17.012673267326733,0.0,0
Kothrud,University,19,0,0,1649,8057,0,17.589569436021833,0.0,1
Kothrud,University,19,0,1,2148,13599,0,22.791620111731845,0.0,0
Kothrud,University,19,0,2,2075,9680,0,16.79421686746988,0.0,0
Kothrud,University,21,0,0,1234,8057,0,23.505024311183146,0.0,1
Kothrud,University,21,0,1,1547,9741,0,22.668131868131866,0.0,0
Kothrud,University,21,0,2,1815,13620,0,27.01487603305785,0.0,0
Kothrud,University,23,0,0,1066,8057,0,27.209380863039403,0.0,1
Kothrud,University,23,0,1,1326,9741,0,26.446153846153845,0.0,0
Kothrud,University,23,0,2,1643,13620,0,29.842970176506388,0.0,0
Kothrud,University,7,1,0,1140,8057,0,25.443157894736846,0.0,1
Kothrud,University,7,1,1,1430,9741,0,24.522797202797204,0.0,0
Kothrud,University,7,1,2,1714,13620,0,28.60676779463244,0.0,0
Kothrud,University,9,1,0,1431,8057,0,20.269182389937107,0.0,1
Kothrud,University,9,1,1,1696,9546,0,20.262735849056604,0.0,0
Kothrud,University,9,1,2,1924,13599,0,25.445114345114344,0.0,0
Kothrud,University,11,1,0,1582,8057,0,18.334513274336285,0.0,1
Kothrud,University,11,1,1,2007,13599,0,24.392825112107623,0.0,0
Kothrud,University,11,1,2,2018,9675,0,17.25966303270565,0.0,0
Kothrud,University,13,1,0,1533,8057,0,18.92054794520548,0.0,1
Kothrud,University,13,1,1,1991,13620,0,24.626820693119036,0.0,0
Kothrud,University,13,1,2,1974,9675,0,17.64437689969605,0.0,0
Kothrud,University,15,1,0,1409,8057,0,20.58566359119943,0.0,1
Kothrud,University,15,1,1,1853,13620,0,26.460874257960064,0.0,0
Kothrud,University,15,1,2,1893,9741,0,18.524881141045956,0.0,0
Kothrud,University,17,1,0,1610,8057,0,18.015652173913043,0.0,1
Kothrud,University,17,1,1,2028,13599,0,24.140236686390534,0.0,0
Kothrud,University,17,1,2,2025,9572,0,17.016888888888886,0.0,0
Kothrud,University,19,1,0,1676,8057,0,17.30620525059666,0.0,1
Kothrud,University,19,1,1,2148,13599,0,22.791620111731845,0.0,0
Kothrud,University,19,1,2,2094,9701,0,16.677936962750717,0.0,0
Kothrud,University,21,1,0,1244,8057,0,23.31607717041801,0.0,1
Kothrud,University,21,1,1,1555,9741,0,22.551511254019292,0.0,0
Kothrud,University,21,1,2,1813,13620,0,27.044677330391615,0.0,0
Kothrud,University,23,1,0,1066,8057,0,27.209380863039403,0.0,1
Kothrud,University,23,1,1,1326,9741,0,26.446153846153845,0.0,0
Kothrud,University,23,1,2,1643,13620,0,29.842970176506388,0.0,0
Kothrud,University,7,2,0,1141,8057,0,25.420858895705525,0.0,1
Kothrud,University,7,2,1,1434,9741,0,24.454393305439332,0.0,0
Kothrud,University,7,2,2,1715,13620,0,28.590087463556852,0.0,0
Kothrud,University,9,2,0,1414,8057,0,20.512871287128714,0.0,1
Kothrud,University,9,2,1,1694,9546,0,20.2866587957497,0.0,0
Kothrud,University,9,2,2,1923,13599,0,25.458346333853353,0.0,0
Kothrud,University,11,2,0,1562,8057,0,18.569270166453265,0.0,1
Kothrud,University,11,2,1,2015,13599,0,24.295980148883373,0.0,0
Kothrud,University,11,2,2,1924,9526,0,17.824116424116422,0.0,0
Kothrud,University,13,2,0,1525,8057,0,19.019803278688524,0.0,1
Kothrud,University,13,2,1,2005,13620,0,24.454862842892766,0.0,0
Kothrud,University,13,2,2,1977,9675,0,17.617602427921092,0.0,0
Kothrud,University,15,2,0,1443,8057,0,20.100623700623704,0.0,1
Kothrud,University,15,2,1,1882,13620,0,26.053134962805522,0.0,0
Kothrud,University,15,2,2,1921,9741,0,18.254867256637166,0.0,0
Kothrud,University,17,2,0,1618,8057,0,17.926576019777503,0.0,1
Kothrud,University,17,2,1,2051,13599,0,23.869527059970746,0.0,0
Kothrud,University,17,2,2,2043,9526,0,16.78590308370044,0.0,0
Kothrud,University,19,2,0,1651,8057,0,17.568261659600243,0.0,1
Kothrud,University,19,2,1,2175,13599,0,22.508689655172414,0.0,0
Kothrud,University,19,2,2,2006,9551,0,17.140378863409772,0.0,0
Kothrud,University,21,2,0,1240,8057,0,23.391290322580648,0.0,1
Kothrud,University,21,2,1,1553,9741,0,22.580553766902767,0.0,0
Kothrud,University,21,2,2,1821,13620,0,26.92586490939044,0.0,0
Kothrud,University,23,2,0,1066,8057,0,27.209380863039403,0.0,1
Kothrud,University,23,2,1,1326,9741,0,26.446153846153845,0.0,0
Kothrud,University,23,2,2,1643,13620,0,29.842970176506388,0.0,0
Kothrud,University,7,3,0,1114,8057,0,26.03698384201077,0.0,1
Kothrud,University,7,3,1,1400,9741,0,25.04828571428571,0.0,0
Kothrud,University,7,3,2,1698,13620,0,28.87632508833922,0.0,0
Kothrud,University,9,3,0,1293,8057,0,22.432482598607887,0.0,1
Kothrud,University,9,3,1,1587,9546,0,21.654442344045368,0.0,0
Kothrud,University,9,3,2,1861,13620,0,26.347125201504568,0.0,0
Kothrud,University,11,3,0,1472,8057,0,19.704619565217392,0.0,1
Kothrud,University,11,3,1,1999,13620,0,24.52826413206603,0.0,0
Kothrud,University,11,3,2,1858,9546,0,18.496017222820235,0.0,0
Kothrud,University,13,3,0,1562,8057,0,18.569270166453265,0.0,1
Kothrud,University,13,3,1,2035,13599,0,24.057199017199018,0.0,0
Kothrud,University,13,3,2,1973,9546,0,17.41794221996959,0.0,0
Kothrud,University,15,3,0,1563,8057,0,18.5573896353167,0.0,1
Kothrud,University,15,3,1,1986,13599,0,24.650755287009066,0.0,0
Kothrud,University,15,3,2,1974,9546,0,17.409118541033433,0.0,0
Kothrud,University,17,3,0,1653,8057,0,17.5470054446461,0.0,1
Kothrud,University,17,3,1,2068,13599,0,23.67330754352031,0.0,0
Kothrud,University,17,3,2,2069,9546,0,16.60976317061382,0.0,0
Kothrud,University,19,3,0,1576,8057,0,18.404314720812184,0.0,1
Kothrud,University,19,3,1,2012,9675,0,17.31113320079523,0.0,0
Kothrud,University,19,3,2,2104,13599,0,23.268250950570344,0.0,0
Kothrud,University,21,3,0,1246,8057,0,23.27865168539326,0.0,1
Kothrud,University,21,3,1,1487,9546,0,23.110692669804976,0.0,0
Kothrud,University,21,3,2,1824,13620,0,26.881578947368418,0.0,0
Kothrud,University,23,3,0,1066,8057,0,27.209380863039403,0.0,1
Kothrud,University,23,3,1,1326,9741,0,26.446153846153845,0.0,0
Kothrud,University,23,3,2,1642,13620,0,29.86114494518879,0.0,0
Kothrud,University,7,4,0,1101,8057,0,26.34441416893733,0.0,1
Kothrud,University,7,4,1,1311,9546,0,26.213272311212812,0.0,0
Kothrud,University,7,4,2,1683,13620,0,29.133689839572188,0.0,0
Kothrud,University,9,4,0,1205,8057,0,24.070705394190874,0.0,1
Kothrud,University,9,4,1,1442,9546,0,23.831900138696255,0.0,0
Kothrud,University,9,4,2,1770,13620,0,27.701694915254237,0.0,0
Kothrud,University,11,4,0,1297,8057,0,22.363299922899,0.0,1
Kothrud,University,11,4,1,1585,9546,0,21.681766561514195,0.0,0
Kothrud,University,11,4,2,1851,13620,0,26.489465153970826,0.0,0
Kothrud,University,13,4,0,1353,8057,0,21.43769401330377,0.0,1
Kothrud,University,13,4,1,1679,9546,0,20.467897558070277,0.0,0
Kothrud,University,13,4,2,1881,13620,0,26.066985645933016,0.0,0
Kothrud,University,15,4,0,1351,8057,0,21.46943005181347,0.0,1
Kothrud,University,15,4,1,1841,13620,0,26.63335143943509,0.0,0
Kothrud,University,15,4,2,1785,9675,0,19.51260504201681,0.0,0
Kothrud,University,17,4,0,1421,8057,0,20.411822660098526,0.0,1
Kothrud,University,17,4,1,1901,13620,0,25.79274066280905,0.0,0
Kothrud,University,17,4,2,1808,9546,0,19.007522123893803,0.0,0
Kothrud,University,19,4,0,1428,8057,0,20.311764705882354,0.0,1
Kothrud,University,19,4,1,1934,13620,0,25.352637021716646,0.0,0
Kothrud,University,19,4,2,1811,9546,0,18.976035339591384,0.0,0
Kothrud,University,21,4,0,1206,8057,0,24.050746268656717,0.0,1
Kothrud,University,21,4,1,1446,9546,0,23.765975103734437,0.0,0
Kothrud,University,21,4,2,1767,13620,0,27.748726655348044,0.0,0
Kothrud,University,23,4,0,1066,8057,0,27.209380863039403,0.0,1
Kothrud,University,23,4,1,1326,9741,0,26.446153846153845,0.0,0
Kothrud,University,23,4,2,1642,13620,0,29.86114494518879,0.0,0
Kothrud,University,7,5,0,1151,8057,0,25.2,0.0,1
Kothrud,University,7,5,1,1444,9741,0,24.28504155124654,0.0,0
Kothrud,University,7,5,2,1730,13620,0,28.342196531791906,0.0,0
Kothrud,University,9,5,0,1429,8057,0,20.297550734779566,0.0,1
Kothrud,University,9,5,1,1700,9546,0,20.21505882352941,0.0,0
Kothrud,University,9,5,2,1936,13599,0,25.287396694214877,0.0,0
Kothrud,University,11,5,0,1565,8057,0,18.533674121405753,0.0,1
Kothrud,University,11,5,1,2016,13599,0,24.283928571428568,0.0,0
Kothrud,University,11,5,2,1978,9654,0,17.57047522750253,0.0,0
Kothrud,University,13,5,0,1513,8057,0,19.170654329147393,0.0,1
Kothrud,University,13,5,1,1985,13620,0,24.701259445843824,0.0,0
Kothrud,University,13,5,2,1922,9675,0,18.12174817898023,0.0,0
Kothrud,University,15,5,0,1407,8057,0,20.61492537313433,0.0,1
Kothrud,University,15,5,1,1846,13620,0,26.56121343445287,0.0,0
Kothrud,University,15,5,2,1864,9741,0,18.813090128755363,0.0,0
Kothrud,University,17,5,0,1584,8057,0,18.311363636363637,0.0,1
Kothrud,University,17,5,1,1999,13599,0,24.490445222611307,0.0,0
Kothrud,University,17,5,2,1986,9546,0,17.30392749244713,0.0,0
Kothrud,University,19,5,0,1654,8057,0,17.53639661426844,0.0,1
Kothrud,University,19,5,1,2120,13599,0,23.09264150943396,0.0,0
Kothrud,University,19,5,2,2037,9654,0,17.061561119293078,0.0,0
Kothrud,University,21,5,0,1238,8057,0,23.42907915993538,0.0,1
Kothrud,University,21,5,1,1535,9741,0,22.845342019543974,0.0,0
Kothrud,University,21,5,2,1814,13620,0,27.02976846747519,0.0,0
Kothrud,University,23,5,0,1066,8057,0,27.209380863039403,0.0,1
Kothrud,University,23,5,1,1326,9741,0,26.446153846153845,0.0,0
Kothrud,University,23,5,2,1643,13620,0,29.842970176506388,0.0,0
Kothrud,University,7,6,0,1151,8057,0,25.2,0.0,1
Kothrud,University,7,6,1,1375,9546,0,24.993163636363636,0.0,0
Kothrud,University,7,6,2,1729,13620,0,28.35858877964141,0.0,0
Kothrud,University,9,6,0,1460,8057,0,19.866575342465755,0.0,1
Kothrud,University,9,6,1,1733,9546,0,19.83012117714945,0.0,0
Kothrud,University,9,6,2,1978,13599,0,24.750455005055613,0.0,0
Kothrud,University,11,6,0,1616,8057,0,17.948762376237624,0.0,1
Kothrud,University,11,6,1,2074,13599,0,23.604821600771455,0.0,0
Kothrud,University,11,6,2,1958,9526,0,17.514606741573033,0.0,0
Kothrud,University,13,6,0,1532,8057,0,18.93289817232376,0.0,1
Kothrud,University,13,6,1,2010,13620,0,24.394029850746268,0.0,0
Kothrud,University,13,6,2,1978,9675,0,17.608695652173914,0.0,0
Kothrud,University,15,6,0,1437,8057,0,20.18455114822547,0.0,1
Kothrud,University,15,6,1,1867,13620,0,26.26245313336904,0.0,0
Kothrud,University,15,6,2,1904,9741,0,18.417857142857144,0.0,0
Kothrud,University,17,6,0,1632,8057,0,17.77279411764706,0.0,1
Kothrud,University,17,6,1,2073,13599,0,23.61620839363242,0.0,0
Kothrud,University,17,6,2,2043,9572,0,16.866960352422907,0.0,0
Kothrud,University,19,6,0,1670,8057,0,17.368383233532935,0.0,1
Kothrud,University,19,6,1,2108,9701,0,16.56717267552182,0.0,0
Kothrud,University,19,6,2,2198,13599,0,22.27315741583258,0.0,0
Kothrud,University,21,6,0,1237,8057,0,23.4480194017785,0.0,1
Kothrud,University,21,6,1,1537,9741,0,22.815614834092386,0.0,0
Kothrud,University,21,6,2,1816,13620,0,26.999999999999996,0.0,0
Kothrud,University,23,6,0,1066,8057,0,27.209380863039403,0.0,1
Kothrud,University,23,6,1,1326,9741,0,26.446153846153845,0.0,0
Kothrud,University,23,6,2,1643,13620,0,29.842970176506388,0.0,0
Kothrud,University,7,0,0,1155,8057,0,25.112727272727273,0.0,1
Kothrud,University,7,0,1,1447,9741,0,24.234692467173463,0.0,0
Kothrud,University,7,0,2,1727,13620,0,28.39143022582513,0.0,0
Kothrud,University,9,0,0,1441,8057,0,20.12852185981957,0.0,1
Kothrud,University,9,0,1,1716,9546,0,20.026573426573425,0.0,0
Kothrud,University,9,0,2,1952,13599,0,25.08012295081967,0.0,0
Kothrud,University,11,0,0,1579,8057,0,18.369347688410386,0.0,1
Kothrud,University,11,0,1,2043,13599,0,23.962995594713657,0.0,0
Kothrud,University,11,0,2,2030,9654,0,17.12039408866995,0.0,0
Kothrud,University,13,0,0,1521,8057,0,19.0698224852071,0.0,1
Kothrud,University,13,0,1,2001,13620,0,24.503748125937033,0.0,0
Kothrud,University,13,0,2,1981,9675,0,17.582029278142354,0.0,0
Kothrud,University,15,0,0,1418,8057,0,20.45500705218618,0.0,1
Kothrud,University,15,0,1,1851,13620,0,26.489465153970826,0.0,0
Kothrud,University,15,0,2,1824,9546,0,18.840789473684207,0.0,0
Kothrud,University,17,0,0,1596,8057,0,18.173684210526314,0.0,1
Kothrud,University,17,0,1,2012,13599,0,24.33220675944334,0.0,0
Kothrud,University,17,0,2,2020,9546,0,17.012673267326733,0.0,0
Kothrud,University,19,0,0,1649,8057,0,17.589569436021833,0.0,1
Kothrud,University,19,0,1,2148,13599,0,22.791620111731845,0.0,0
Kothrud,University,19,0,2,2075,9680,0,16.79421686746988,0.0,0
Kothrud,University,21,0,0,1234,8057,0,23.505024311183146,0.0,1
Kothrud,University,21,0,1,1547,9741,0,22.668131868131866,0.0,0
Kothrud,University,21,0,2,1815,13620,0,27.01487603305785,0.0,0
Kothrud,University,23,0,0,1066,8057,0,27.209380863039403,0.0,1
Kothrud,University,23,0,1,1326,9741,0,26.446153846153845,0.0,0
Kothrud,University,23,0,2,1643,13620,0,29.842970176506388,0.0,0
Kothrud,University,7,1,0,1140,8057,0,25.443157894736846,0.0,1
Kothrud,University,7,1,1,1430,9741,0,24.522797202797204,0.0,0
Kothrud,University,7,1,2,1714,13620,0,28.60676779463244,0.0,0
Kothrud,University,9,1,0,1431,8057,0,20.269182389937107,0.0,1
Kothrud,University,9,1,1,1696,9546,0,20.262735849056604,0.0,0
Kothrud,University,9,1,2,1924,13599,0,25.445114345114344,0.0,0
Kothrud,University,11,1,0,1582,8057,0,18.334513274336285,0.0,1
Kothrud,University,11,1,1,2007,13599,0,24.392825112107623,0.0,0
Kothrud,University,11,1,2,2018,9675,0,17.25966303270565,0.0,0
Kothrud,University,13,1,0,1533,8057,0,18.92054794520548,0.0,1
Kothrud,University,13,1,1,1991,13620,0,24.626820693119036,0.0,0
Kothrud,University,13,1,2,1974,9675,0,17.64437689969605,0.0,0
Kothrud,University,15,1,0,1409,8057,0,20.58566359119943,0.0,1
Kothrud,University,15,1,1,1853,13620,0,26.460874257960064,0.0,0
Kothrud,University,15,1,2,1893,9741,0,18.524881141045956,0.0,0
Kothrud,University,17,1,0,1610,8057,0,18.015652173913043,0.0,1
Kothrud,University,17,1,1,2028,13599,0,24.140236686390534,0.0,0
Kothrud,University,17,1,2,2025,9572,0,17.016888888888886,0.0,0
Kothrud,University,19,1,0,1676,8057,0,17.30620525059666,0.0,1
Kothrud,University,19,1,1,2148,13599,0,22.791620111731845,0.0,0
Kothrud,University,19,1,2,2094,9701,0,16.677936962750717,0.0,0
Kothrud,University,21,1,0,1244,8057,0,23.31607717041801,0.0,1
Kothrud,University,21,1,1,1555,9741,0,22.551511254019292,0.0,0
Kothrud,University,21,1,2,1813,13620,0,27.044677330391615,0.0,0
Kothrud,University,23,1,0,1066,8057,0,27.209380863039403,0.0,1
Kothrud,University,23,1,1,1326,9741,0,26.446153846153845,0.0,0
Kothrud,University,23,1,2,1643,13620,0,29.842970176506388,0.0,0
Kothrud,University,7,2,0,1141,8057,0,25.420858895705525,0.0,1
Kothrud,University,7,2,1,1434,9741,0,24.454393305439332,0.0,0
Kothrud,University,7,2,2,1715,13620,0,28.590087463556852,0.0,0
Kothrud,University,9,2,0,1414,8057,0,20.512871287128714,0.0,1
Kothrud,University,9,2,1,1694,9546,0,20.2866587957497,0.0,0
Kothrud,University,9,2,2,1923,13599,0,25.458346333853353,0.0,0
Kothrud,University,11,2,0,1562,8057,0,18.569270166453265,0.0,1
Kothrud,University,11,2,1,2015,13599,0,24.295980148883373,0.0,0
Kothrud,University,11,2,2,1924,9526,0,17.824116424116422,0.0,0
Kothrud,University,13,2,0,1525,8057,0,19.019803278688524,0.0,1
Kothrud,University,13,2,1,2005,13620,0,24.454862842892766,0.0,0
Kothrud,University,13,2,2,1977,9675,0,17.617602427921092,0.0,0
Kothrud,University,15,2,0,1443,8057,0,20.100623700623704,0.0,1
Kothrud,University,15,2,1,1882,13620,0,26.053134962805522,0.0,0
Kothrud,University,15,2,2,1921,9741,0,18.254867256637166,0.0,0
Kothrud,University,17,2,0,1618,8057,0,17.926576019777503,0.0,1
Kothrud,University,17,2,1,2051,13599,0,23.869527059970746,0.0,0
Kothrud,University,17,2,2,2043,9526,0,16.78590308370044,0.0,0
Kothrud,University,19,2,0,1651,8057,0,17.568261659600243,0.0,1
Kothrud,University,19,2,1,2175,13599,0,22.508689655172414,0.0,0
Kothrud,University,19,2,2,2006,9551,0,17.140378863409772,0.0,0
Kothrud,University,21,2,0,1240,8057,0,23.391290322580648,0.0,1
Kothrud,University,21,2,1,1553,9741,0,22.580553766902767,0.0,0
Kothrud,University,21,2,2,1821,13620,0,26.92586490939044,0.0,0
Kothrud,University,23,2,0,1066,8057,0,27.209380863039403,0.0,1
Kothrud,University,23,2,1,1326,9741,0,26.446153846153845,0.0,0
Kothrud,University,23,2,2,1643,13620,0,29.842970176506388,0.0,0
Kothrud,University,7,3,0,1114,8057,0,26.03698384201077,0.0,1
Kothrud,University,7,3,1,1400,9741,0,25.04828571428571,0.0,0
Kothrud,University,7,3,2,1698,13620,0,28.87632508833922,0.0,0
Kothrud,University,9,3,0,1293,8057,0,22.432482598607887,0.0,1
Kothrud,University,9,3,1,1587,9546,0,21.654442344045368,0.0,0
Kothrud,University,9,3,2,1861,13620,0,26.347125201504568,0.0,0
Kothrud,University,11,3,0,1472,8057,0,19.704619565217392,0.0,1
Kothrud,University,11,3,1,1999,13620,0,24.52826413206603,0.0,0
Kothrud,University,11,3,2,1858,9546,0,18.496017222820235,0.0,0
Kothrud,University,13,3,0,1562,8057,0,18.569270166453265,0.0,1
Kothrud,University,13,3,1,2035,13599,0,24.057199017199018,0.0,0
Kothrud,University,13,3,2,1973,9546,0,17.41794221996959,0.0,0
Kothrud,University,15,3,0,1563,8057,0,18.5573896353167,0.0,1
Kothrud,University,15,3,1,1986,13599,0,24.650755287009066,0.0,0
Kothrud,University,15,3,2,1974,9546,0,17.409118541033433,0.0,0
Kothrud,University,17,3,0,1653,8057,0,17.5470054446461,0.0,1
Kothrud,University,17,3,1,2068,13599,0,23.67330754352031,0.0,0
Kothrud,University,17,3,2,2069,9546,0,16.60976317061382,0.0,0
Kothrud,University,19,3,0,1576,8057,0,18.404314720812184,0.0,1
Kothrud,University,19,3,1,2012,9675,0,17.31113320079523,0.0,0
Kothrud,University,19,3,2,2104,13599,0,23.268250950570344,0.0,0
Kothrud,University,21,3,0,1246,8057,0,23.27865168539326,0.0,1
Kothrud,University,21,3,1,1487,9546,0,23.110692669804976,0.0,0
Kothrud,University,21,3,2,1824,13620,0,26.881578947368418,0.0,0
Kothrud,University,23,3,0,1066,8057,0,27.209380863039403,0.0,1
Kothrud,University,23,3,1,1326,9741,0,26.446153846153845,0.0,0
Kothrud,University,23,3,2,1642,13620,0,29.86114494518879,0.0,0
Kothrud,University,7,4,0,1101,8057,0,26.34441416893733,0.0,1
Kothrud,University,7,4,1,1311,9546,0,26.213272311212812,0.0,0
Kothrud,University,7,4,2,1683,13620,0,29.133689839572188,0.0,0
Kothrud,University,9,4,0,1205,8057,0,24.070705394190874,0.0,1
Kothrud,University,9,4,1,1442,9546,0,23.831900138696255,0.0,0
Kothrud,University,9,4,2,1770,13620,0,27.701694915254237,0.0,0
Kothrud,University,11,4,0,1297,8057,0,22.363299922899,0.0,1
Kothrud,University,11,4,1,1585,9546,0,21.681766561514195,0.0,0
Kothrud,University,11,4,2,1851,13620,0,26.489465153970826,0.0,0
Kothrud,University,13,4,0,1353,8057,0,21.43769401330377,0.0,1
Kothrud,University,13,4,1,1679,9546,0,20.467897558070277,0.0,0
Kothrud,University,13,4,2,1881,13620,0,26.066985645933016,0.0,0
Kothrud,University,15,4,0,1351,8057,0,21.46943005181347,0.0,1
Kothrud,University,15,4,1,1841,13620,0,26.63335143943509,0.0,0
Kothrud,University,15,4,2,1785,9675,0,19.51260504201681,0.0,0
Kothrud,University,17,4,0,1421,8057,0,20.411822660098526,0.0,1
Kothrud,University,17,4,1,1901,13620,0,25.79274066280905,0.0,0
Kothrud,University,17,4,2,1808,9546,0,19.007522123893803,0.0,0
Kothrud,University,19,4,0,1428,8057,0,20.311764705882354,0.0,1
Kothrud,University,19,4,1,1934,13620,0,25.352637021716646,0.0,0
Kothrud,University,19,4,2,1811,9546,0,18.976035339591384,0.0,0
Kothrud,University,21,4,0,1206,8057,0,24.050746268656717,0.0,1
Kothrud,University,21,4,1,1446,9546,0,23.765975103734437,0.0,0
Kothrud,University,21,4,2,1767,13620,0,27.748726655348044,0.0,0
Kothrud,University,23,4,0,1066,8057,0,27.209380863039403,0.0,1
Kothrud,University,23,4,1,1326,9741,0,26.446153846153845,0.0,0
Kothrud,University,23,4,2,1642,13620,0,29.86114494518879,0.0,0
Kothrud,University,7,5,0,1151,8057,0,25.2,0.0,1
Kothrud,University,7,5,1,1444,9741,0,24.28504155124654,0.0,0
Kothrud,University,7,5,2,1730,13620,0,28.342196531791906,0.0,0
Kothrud,University,9,5,0,1429,8057,0,20.297550734779566,0.0,1
Kothrud,University,9,5,1,1700,9546,0,20.21505882352941,0.0,0
Kothrud,University,9,5,2,1936,13599,0,25.287396694214877,0.0,0
Kothrud,University,11,5,0,1565,8057,0,18.533674121405753,0.0,1
Kothrud,University,11,5,1,2016,13599,0,24.283928571428568,0.0,0
Kothrud,University,11,5,2,1978,9654,0,17.57047522750253,0.0,0
Kothrud,University,13,5,0,1513,8057,0,19.170654329147393,0.0,1
Kothrud,University,13,5,1,1985,13620,0,24.701259445843824,0.0,0
Kothrud,University,13,5,2,1922,9675,0,18.12174817898023,0.0,0
Kothrud,University,15,5,0,1407,8057,0,20.61492537313433,0.0,1
Kothrud,University,15,5,1,1846,13620,0,26.56121343445287,0.0,0
Kothrud,University,15,5,2,1864,9741,0,18.813090128755363,0.0,0
Kothrud,University,17,5,0,1584,8057,0,18.311363636363637,0.0,1
Kothrud,University,17,5,1,1999,13599,0,24.490445222611307,0.0,0
Kothrud,University,17,5,2,1986,9546,0,17.30392749244713,0.0,0
Kothrud,University,19,5,0,1654,8057,0,17.53639661426844,0.0,1
Kothrud,University,19,5,1,2120,13599,0,23.09264150943396,0.0,0
Kothrud,University,19,5,2,2037,9654,0,17.061561119293078,0.0,0
Kothrud,University,21,5,0,1238,8057,0,23.42907915993538,0.0,1
Kothrud,University,21,5,1,1535,9741,0,22.845342019543974,0.0,0
Kothrud,University,21,5,2,1814,13620,0,27.02976846747519,0.0,0
Kothrud,University,23,5,0,1066,8057,0,27.209380863039403,0.0,1
Kothrud,University,23,5,1,1326,9741,0,26.446153846153845,0.0,0
Kothrud,University,23,5,2,1643,13620,0,29.842970176506388,0.0,0
Kothrud,University,7,6,0,1151,8057,0,25.2,0.0,1
Kothrud,University,7,6,1,1375,9546,0,24.993163636363636,0.0,0
Kothrud,University,7,6,2,1729,13620,0,28.35858877964141,0.0,0
Kothrud,University,9,6,0,1460,8057,0,19.866575342465755,0.0,1
Kothrud,University,9,6,1,1733,9546,0,19.83012117714945,0.0,0
Kothrud,University,9,6,2,1978,13599,0,24.750455005055613,0.0,0
Kothrud,University,11,6,0,1616,8057,0,17.948762376237624,0.0,1
Kothrud,University,11,6,1,2074,13599,0,23.604821600771455,0.0,0
Kothrud,University,11,6,2,1958,9526,0,17.514606741573033,0.0,0
Kothrud,University,13,6,0,1532,8057,0,18.93289817232376,0.0,1
Kothrud,University,13,6,1,2010,13620,0,24.394029850746268,0.0,0
Kothrud,University,13,6,2,1978,9675,0,17.608695652173914,0.0,0
Kothrud,University,15,6,0,1437,8057,0,20.18455114822547,0.0,1
Kothrud,University,15,6,1,1867,13620,0,26.26245313336904,0.0,0
Kothrud,University,15,6,2,1904,9741,0,18.417857142857144,0.0,0
Kothrud,University,17,6,0,1632,8057,0,17.77279411764706,0.0,1
Kothrud,University,17,6,1,2073,13599,0,23.61620839363242,0.0,0
Kothrud,University,17,6,2,2043,9572,0,16.866960352422907,0.0,0
Kothrud,University,19,6,0,1670,8057,0,17.368383233532935,0.0,1
Kothrud,University,19,6,1,2108,9701,0,16.56717267552182,0.0,0
Kothrud,University,19,6,2,2198,13599,0,22.27315741583258,0.0,0
Kothrud,University,21,6,0,1237,8057,0,23.4480194017785,0.0,1
Kothrud,University,21,6,1,1537,9741,0,22.815614834092386,0.0,0
Kothrud,University,21,6,2,1816,13620,0,26.999999999999996,0.0,0
Kothrud,University,23,6,0,1066,8057,0,27.209380863039403,0.0,1
Kothrud,University,23,6,1,1326,9741,0,26.446153846153845,0.0,0
Kothrud,University,23,6,2,1643,13620,0,29.842970176506388,0.0,0
