origin,destination,hour,day_of_week,route_id,travel_time,distance,traffic_delay,avg_speed,delay_ratio,is_best_route
Swargate,Hinjewadi,7,0,0,2334,19447,0,29.995372750642677,0.0,1
Swargate,Hinjewadi,7,0,1,2440,23562,0,34.76360655737705,0.0,0
Swargate,Hinjewadi,7,0,2,2509,19532,0,28.025189318453567,0.0,0
Swargate,Hinjewadi,9,0,0,2803,19447,0,24.97652515162326,0.0,1
Swargate,Hinjewadi,9,0,1,3040,23630,0,27.982894736842105,0.0,0
Swargate,Hinjewadi,9,0,2,3002,19532,0,23.422784810126583,0.0,0
Swargate,Hinjewadi,11,0,0,3055,19469,0,22.942193126022914,0.0,1
Swargate,Hinjewadi,11,0,1,3270,23766,0,26.16440366972477,0.0,0
Swargate,Hinjewadi,11,0,2,3289,19555,0,21.40407418668288,0.0,0
Swargate,Hinjewadi,13,0,0,2915,19469,0,24.04404802744425,0.0,1
Swargate,Hinjewadi,13,0,1,3096,23766,0,27.63488372093023,0.0,0
Swargate,Hinjewadi,13,0,2,3138,19555,0,22.434034416826,0.0,0
Swargate,Hinjewadi,15,0,0,2914,19469,0,24.052299245024024,0.0,0
Swargate,Hinjewadi,15,0,1,2874,23766,0,29.769519832985385,0.0,1
Swargate,Hinjewadi,15,0,2,3293,19556,0,21.379167931976923,0.0,0
Swargate,Hinjewadi,17,0,0,3284,23578,0,25.846772228989035,0.0,1
Swargate,Hinjewadi,17,0,1,3356,19447,0,20.86090584028605,0.0,0
Swargate,Hinjewadi,17,0,2,3485,19532,0,20.17652797704448,0.0,0
Swargate,Hinjewadi,19,0,0,3280,19447,0,21.344268292682926,0.0,1
Swargate,Hinjewadi,19,0,1,3330,23630,0,25.545945945945945,0.0,0
Swargate,Hinjewadi,19,0,2,3382,19532,0,20.791011235955057,0.0,0
Swargate,Hinjewadi,21,0,0,2381,19447,0,29.403275934481307,0.0,1
Swargate,Hinjewadi,21,0,1,2526,23562,0,33.580047505938246,0.0,0
Swargate,Hinjewadi,21,0,2,2534,19532,0,27.74869771112865,0.0,0
Swargate,Hinjewadi,23,0,0,2123,19469,0,33.01384832783796,0.0,1
Swargate,Hinjewadi,23,0,1,2217,23562,0,38.26035182679296,0.0,0
Swargate,Hinjewadi,23,0,2,2401,19870,0,29.79258642232403,0.0,0
Swargate,Hinjewadi,7,1,0,2317,19447,0,30.215451014242557,0.0,1
Swargate,Hinjewadi,7,1,1,2425,23562,0,34.97863917525773,0.0,0
Swargate,Hinjewadi,7,1,2,2519,19532,0,27.913934100833664,0.0,0
Swargate,Hinjewadi,9,1,0,2744,19447,0,25.51355685131195,0.0,1
Swargate,Hinjewadi,9,1,1,2996,23766,0,28.55727636849132,0.0,0
Swargate,Hinjewadi,9,1,2,2925,19532,0,24.039384615384616,0.0,0
Swargate,Hinjewadi,11,1,0,2992,19469,0,23.425267379679145,0.0,1
Swargate,Hinjewadi,11,1,1,3220,23766,0,26.57068322981366,0.0,0
Swargate,Hinjewadi,11,1,2,3203,19555,0,21.97876990321573,0.0,0
Swargate,Hinjewadi,13,1,0,2898,19469,0,24.185093167701865,0.0,1
Swargate,Hinjewadi,13,1,1,3075,23766,0,27.82360975609756,0.0,0
Swargate,Hinjewadi,13,1,2,3077,19555,0,22.878778030549235,0.0,0
Swargate,Hinjewadi,15,1,0,2855,23766,0,29.96763572679509,0.0,1
Swargate,Hinjewadi,15,1,1,2924,19469,0,23.970041039671685,0.0,0
Swargate,Hinjewadi,15,1,2,3243,19556,0,21.708788159111933,0.0,0
Swargate,Hinjewadi,17,1,0,3266,23578,0,25.98922229026332,0.0,1
Swargate,Hinjewadi,17,1,1,3356,19447,0,20.86090584028605,0.0,0
Swargate,Hinjewadi,17,1,2,3437,19532,0,20.458306662787315,0.0,0
Swargate,Hinjewadi,19,1,0,3284,19447,0,21.31827040194884,0.0,1
Swargate,Hinjewadi,19,1,1,3349,23630,0,25.401015228426395,0.0,0
Swargate,Hinjewadi,19,1,2,3344,19532,0,21.027272727272727,0.0,0
Swargate,Hinjewadi,21,1,0,2381,19447,0,29.403275934481307,0.0,1
Swargate,Hinjewadi,21,1,1,2525,23562,0,33.59334653465347,0.0,0
Swargate,Hinjewadi,21,1,2,2528,19532,0,27.81455696202532,0.0,0
Swargate,Hinjewadi,23,1,0,2123,19469,0,33.01384832783796,0.0,1
Swargate,Hinjewadi,23,1,1,2217,23562,0,38.26035182679296,0.0,0
Swargate,Hinjewadi,23,1,2,2401,19870,0,29.79258642232403,0.0,0
Swargate,Hinjewadi,7,2,0,2298,19447,0,30.46527415143603,0.0,1
Swargate,Hinjewadi,7,2,1,2396,23562,0,35.40200333889816,0.0,0
Swargate,Hinjewadi,7,2,2,2482,19532,0,28.330056406124093,0.0,0
Swargate,Hinjewadi,9,2,0,2711,19447,0,25.824123939505714,0.0,1
Swargate,Hinjewadi,9,2,1,2938,23630,0,28.95439074200136,0.0,0
Swargate,Hinjewadi,9,2,2,2873,19532,0,24.47448659937348,0.0,0
Swargate,Hinjewadi,11,2,0,2998,19469,0,23.3783855903936,0.0,1
Swargate,Hinjewadi,11,2,1,3197,23766,0,26.76183922427275,0.0,0
Swargate,Hinjewadi,11,2,2,3178,19555,0,22.151667715544367,0.0,0
Swargate,Hinjewadi,13,2,0,2931,19469,0,23.91279426816786,0.0,1
Swargate,Hinjewadi,13,2,1,3115,23766,0,27.46632423756019,0.0,0
Swargate,Hinjewadi,13,2,2,3119,19555,0,22.57069573581276,0.0,0
Swargate,Hinjewadi,15,2,0,2882,23766,0,29.686884108258152,0.0,1
Swargate,Hinjewadi,15,2,1,2955,19447,0,23.691776649746192,0.0,0
Swargate,Hinjewadi,15,2,2,3399,19870,0,21.045013239188,0.0,0
Swargate,Hinjewadi,17,2,0,3278,23578,0,25.894081757169005,0.0,1
Swargate,Hinjewadi,17,2,1,3379,19447,0,20.71891092039065,0.0,0
Swargate,Hinjewadi,17,2,2,3456,19532,0,20.34583333333333,0.0,0
Swargate,Hinjewadi,19,2,0,3331,19447,0,21.017472230561392,0.0,1
Swargate,Hinjewadi,19,2,1,3363,23630,0,25.295272078501338,0.0,0
Swargate,Hinjewadi,19,2,2,3382,19532,0,20.791011235955057,0.0,0
Swargate,Hinjewadi,21,2,0,2396,19469,0,29.25225375626044,0.0,1
Swargate,Hinjewadi,21,2,1,2541,23562,0,33.38181818181818,0.0,0
Swargate,Hinjewadi,21,2,2,2543,19555,0,27.68305151395989,0.0,0
Swargate,Hinjewadi,23,2,0,2123,19469,0,33.01384832783796,0.0,1
Swargate,Hinjewadi,23,2,1,2217,23562,0,38.26035182679296,0.0,0
Swargate,Hinjewadi,23,2,2,2401,19870,0,29.79258642232403,0.0,0
Swargate,Hinjewadi,7,3,0,2251,19447,0,31.10137716570413,0.0,1
Swargate,Hinjewadi,7,3,1,2357,23562,0,35.987781077641074,0.0,0
Swargate,Hinjewadi,7,3,2,2412,19532,0,29.152238805970143,0.0,0
Swargate,Hinjewadi,9,3,0,2511,19469,0,27.912544802867384,0.0,1
Swargate,Hinjewadi,9,3,1,2787,23562,0,30.43530678148547,0.0,0
Swargate,Hinjewadi,9,3,2,2680,19555,0,26.267910447761192,0.0,0
Swargate,Hinjewadi,11,3,0,2816,19469,0,24.88934659090909,0.0,1
Swargate,Hinjewadi,11,3,1,3125,23766,0,27.378432,0.0,0
Swargate,Hinjewadi,11,3,2,3014,19555,0,23.357000663570005,0.0,0
Swargate,Hinjewadi,13,3,0,2999,19469,0,23.370590196732245,0.0,1
Swargate,Hinjewadi,13,3,1,3208,23766,0,26.67007481296758,0.0,0
Swargate,Hinjewadi,13,3,2,3216,19555,0,21.88992537313433,0.0,0
Swargate,Hinjewadi,15,3,0,3087,23766,0,27.715451895043728,0.0,1
Swargate,Hinjewadi,15,3,1,3206,19469,0,21.861634435433565,0.0,0
Swargate,Hinjewadi,15,3,2,3137,26572,0,30.49384762511954,0.0,0
Swargate,Hinjewadi,17,3,0,3305,23578,0,25.682541603630863,0.0,1
Swargate,Hinjewadi,17,3,1,3487,19447,0,20.07720103240608,0.0,0
Swargate,Hinjewadi,17,3,2,3693,19556,0,19.06352558895207,0.0,0
Swargate,Hinjewadi,19,3,0,3151,19447,0,22.218089495398285,0.0,1
Swargate,Hinjewadi,19,3,1,3258,23578,0,26.053038674033147,0.0,0
Swargate,Hinjewadi,19,3,2,3418,19556,0,20.59730836746636,0.0,0
Swargate,Hinjewadi,21,3,0,2392,19447,0,29.2680602006689,0.0,1
Swargate,Hinjewadi,21,3,1,2547,23562,0,33.303180212014134,0.0,0
Swargate,Hinjewadi,21,3,2,2542,19532,0,27.66136900078678,0.0,0
Swargate,Hinjewadi,23,3,0,2123,19469,0,33.01384832783796,0.0,1
Swargate,Hinjewadi,23,3,1,2217,23562,0,38.26035182679296,0.0,0
Swargate,Hinjewadi,23,3,2,2400,19870,0,29.805000000000003,0.0,0
Swargate,Hinjewadi,7,4,0,2200,19447,0,31.822363636363637,0.0,1
Swargate,Hinjewadi,7,4,1,2309,23562,0,36.73590298830663,0.0,0
Swargate,Hinjewadi,7,4,2,2515,19870,0,28.442147117296223,0.0,0
Swargate,Hinjewadi,9,4,0,2350,19447,0,29.79114893617021,0.0,1
Swargate,Hinjewadi,9,4,1,2564,23562,0,33.0823712948518,0.0,0
Swargate,Hinjewadi,9,4,2,2521,19532,0,27.891788972629907,0.0,0
Swargate,Hinjewadi,11,4,0,2557,19447,0,27.379429018380915,0.0,1
Swargate,Hinjewadi,11,4,1,2780,23630,0,30.6,0.0,0
Swargate,Hinjewadi,11,4,2,2946,19917,0,24.33849287169043,0.0,0
Swargate,Hinjewadi,13,4,0,2688,19447,0,26.045089285714283,0.0,1
Swargate,Hinjewadi,13,4,1,2865,23630,0,29.69214659685864,0.0,0
Swargate,Hinjewadi,13,4,2,3064,19917,0,23.401174934725848,0.0,0
Swargate,Hinjewadi,15,4,0,2870,19447,0,24.393449477351915,0.0,0
Swargate,Hinjewadi,15,4,1,2834,23630,0,30.01693719124912,0.0,1
Swargate,Hinjewadi,15,4,2,3104,20023,0,23.222551546391752,0.0,0
Swargate,Hinjewadi,17,4,0,3015,23630,0,28.214925373134328,0.0,1
Swargate,Hinjewadi,17,4,1,3065,19608,0,23.030603588907017,0.0,0
Swargate,Hinjewadi,17,4,2,3298,20365,0,22.229836264402667,0.0,0
Swargate,Hinjewadi,19,4,0,2843,19447,0,24.625114315863524,0.0,1
Swargate,Hinjewadi,19,4,1,3019,23630,0,28.17754223252733,0.0,0
Swargate,Hinjewadi,19,4,2,3257,20193,0,22.319557875345414,0.0,0
Swargate,Hinjewadi,21,4,0,2327,19447,0,30.08560378169317,0.0,1
Swargate,Hinjewadi,21,4,1,2487,23562,0,34.10663449939687,0.0,0
Swargate,Hinjewadi,21,4,2,2486,19532,0,28.28447304907482,0.0,0
Swargate,Hinjewadi,23,4,0,2123,19469,0,33.01384832783796,0.0,1
Swargate,Hinjewadi,23,4,1,2217,23562,0,38.26035182679296,0.0,0
Swargate,Hinjewadi,23,4,2,2400,19870,0,29.805000000000003,0.0,0
Swargate,Hinjewadi,7,5,0,2324,19447,0,30.124440619621343,0.0,1
Swargate,Hinjewadi,7,5,1,2427,23562,0,34.94981458590853,0.0,0
Swargate,Hinjewadi,7,5,2,2494,19532,0,28.19374498797113,0.0,0
Swargate,Hinjewadi,9,5,0,2752,19447,0,25.43938953488372,0.0,1
Swargate,Hinjewadi,9,5,1,2992,23630,0,28.43181818181818,0.0,0
Swargate,Hinjewadi,9,5,2,2956,19532,0,23.7872801082544,0.0,0
Swargate,Hinjewadi,11,5,0,2948,19469,0,23.774898236092262,0.0,1
Swargate,Hinjewadi,11,5,1,3213,23766,0,26.628571428571423,0.0,0
Swargate,Hinjewadi,11,5,2,3187,19555,0,22.08911201757138,0.0,0
Swargate,Hinjewadi,13,5,0,2845,19469,0,24.635641476274166,0.0,1
Swargate,Hinjewadi,13,5,1,3069,23766,0,27.87800586510264,0.0,0
Swargate,Hinjewadi,13,5,2,3036,19555,0,23.18774703557312,0.0,0
Swargate,Hinjewadi,15,5,0,2858,19469,0,24.523582925122465,0.0,0
Swargate,Hinjewadi,15,5,1,2853,23766,0,29.988643533123028,0.0,1
Swargate,Hinjewadi,15,5,2,2988,19555,0,23.560240963855424,0.0,0
Swargate,Hinjewadi,17,5,0,3229,23578,0,26.28702384639207,0.0,1
Swargate,Hinjewadi,17,5,1,3312,19447,0,21.13804347826087,0.0,0
Swargate,Hinjewadi,17,5,2,3388,19532,0,20.754191263282173,0.0,0
Swargate,Hinjewadi,19,5,0,3253,19447,0,21.52142637565324,0.0,1
Swargate,Hinjewadi,19,5,1,3288,23630,0,25.87226277372263,0.0,0
Swargate,Hinjewadi,19,5,2,3320,19532,0,21.17927710843373,0.0,0
Swargate,Hinjewadi,21,5,0,2368,19447,0,29.564695945945942,0.0,1
Swargate,Hinjewadi,21,5,1,2514,23562,0,33.74033412887828,0.0,0
Swargate,Hinjewadi,21,5,2,2520,19532,0,27.902857142857144,0.0,0
Swargate,Hinjewadi,23,5,0,2123,19469,0,33.01384832783796,0.0,1
Swargate,Hinjewadi,23,5,1,2217,23562,0,38.26035182679296,0.0,0
Swargate,Hinjewadi,23,5,2,2401,19870,0,29.79258642232403,0.0,0
Swargate,Hinjewadi,7,6,0,2348,19447,0,29.81652470187393,0.0,1
Swargate,Hinjewadi,7,6,1,2451,23562,0,34.60758873929009,0.0,0
Swargate,Hinjewadi,7,6,2,2506,19532,0,28.05873902633679,0.0,0
Swargate,Hinjewadi,9,6,0,2825,19447,0,24.782017699115045,0.0,1
Swargate,Hinjewadi,9,6,1,3070,23630,0,27.70944625407166,0.0,0
Swargate,Hinjewadi,9,6,2,2996,19532,0,23.46969292389853,0.0,0
Swargate,Hinjewadi,11,6,0,3101,19469,0,22.601870364398582,0.0,1
Swargate,Hinjewadi,11,6,1,3297,26572,0,29.014012738853506,0.0,0
Swargate,Hinjewadi,11,6,2,3304,19555,0,21.30690072639225,0.0,0
Swargate,Hinjewadi,13,6,0,2962,19469,0,23.66252532072924,0.0,1
Swargate,Hinjewadi,13,6,1,3118,23766,0,27.43989737010904,0.0,0
Swargate,Hinjewadi,13,6,2,3140,19555,0,22.419745222929937,0.0,0
Swargate,Hinjewadi,15,6,0,2884,23766,0,29.66629680998613,0.0,1
Swargate,Hinjewadi,15,6,1,2970,19447,0,23.57212121212121,0.0,0
Swargate,Hinjewadi,15,6,2,3306,19556,0,21.2950998185118,0.0,0
Swargate,Hinjewadi,17,6,0,3306,23578,0,25.67477313974592,0.0,1
Swargate,Hinjewadi,17,6,1,3427,19447,0,20.428713160198424,0.0,0
Swargate,Hinjewadi,17,6,2,3366,26572,0,28.419251336898395,0.0,0
Swargate,Hinjewadi,19,6,0,3320,19447,0,21.087108433734937,0.0,1
Swargate,Hinjewadi,19,6,1,3347,23630,0,25.41619360621452,0.0,0
Swargate,Hinjewadi,19,6,2,3396,19532,0,20.70530035335689,0.0,0
Swargate,Hinjewadi,21,6,0,2375,19447,0,29.47755789473684,0.0,1
Swargate,Hinjewadi,21,6,1,2525,23562,0,33.59334653465347,0.0,0
Swargate,Hinjewadi,21,6,2,2521,19532,0,27.891788972629907,0.0,0
Swargate,Hinjewadi,23,6,0,2123,19469,0,33.01384832783796,0.0,1
Swargate,Hinjewadi,23,6,1,2217,23562,0,38.26035182679296,0.0,0
Swargate,Hinjewadi,23,6,2,2401,19870,0,29.79258642232403,0.0,0
Swargate,Hinjewadi,7,0,0,2334,19447,0,29.995372750642677,0.0,1
Swargate,Hinjewadi,7,0,1,2440,23562,0,34.76360655737705,0.0,0
Swargate,Hinjewadi,7,0,2,2509,19532,0,28.025189318453567,0.0,0
Swargate,Hinjewadi,9,0,0,2803,19447,0,24.97652515162326,0.0,1
Swargate,Hinjewadi,9,0,1,3040,23630,0,27.982894736842105,0.0,0
Swargate,Hinjewadi,9,0,2,3002,19532,0,23.422784810126583,0.0,0
Swargate,Hinjewadi,11,0,0,3055,19469,0,22.942193126022914,0.0,1
Swargate,Hinjewadi,11,0,1,3270,23766,0,26.16440366972477,0.0,0
Swargate,Hinjewadi,11,0,2,3289,19555,0,21.40407418668288,0.0,0
Swargate,Hinjewadi,13,0,0,2915,19469,0,24.04404802744425,0.0,1
Swargate,Hinjewadi,13,0,1,3096,23766,0,27.63488372093023,0.0,0
Swargate,Hinjewadi,13,0,2,3138,19555,0,22.434034416826,0.0,0
Swargate,Hinjewadi,15,0,0,2914,19469,0,24.052299245024024,0.0,0
Swargate,Hinjewadi,15,0,1,2874,23766,0,29.769519832985385,0.0,1
Swargate,Hinjewadi,15,0,2,3293,19556,0,21.379167931976923,0.0,0
Swargate,Hinjewadi,17,0,0,3284,23578,0,25.846772228989035,0.0,1
Swargate,Hinjewadi,17,0,1,3356,19447,0,20.86090584028605,0.0,0
Swargate,Hinjewadi,17,0,2,3485,19532,0,20.17652797704448,0.0,0
Swargate,Hinjewadi,19,0,0,3280,19447,0,21.344268292682926,0.0,1
Swargate,Hinjewadi,19,0,1,3330,23630,0,25.545945945945945,0.0,0
Swargate,Hinjewadi,19,0,2,3382,19532,0,20.791011235955057,0.0,0
Swargate,Hinjewadi,21,0,0,2381,19447,0,29.403275934481307,0.0,1
Swargate,Hinjewadi,21,0,1,2526,23562,0,33.580047505938246,0.0,0
Swargate,Hinjewadi,21,0,2,2534,19532,0,27.74869771112865,0.0,0
Swargate,Hinjewadi,23,0,0,2123,19469,0,33.01384832783796,0.0,1
Swargate,Hinjewadi,23,0,1,2217,23562,0,38.26035182679296,0.0,0
Swargate,Hinjewadi,23,0,2,2401,19870,0,29.79258642232403,0.0,0
Swargate,Hinjewadi,7,1,0,2317,19447,0,30.215451014242557,0.0,1
Swargate,Hinjewadi,7,1,1,2425,23562,0,34.97863917525773,0.0,0
Swargate,Hinjewadi,7,1,2,2519,19532,0,27.913934100833664,0.0,0
Swargate,Hinjewadi,9,1,0,2744,19447,0,25.51355685131195,0.0,1
Swargate,Hinjewadi,9,1,1,2996,23766,0,28.55727636849132,0.0,0
Swargate,Hinjewadi,9,1,2,2925,19532,0,24.039384615384616,0.0,0
Swargate,Hinjewadi,11,1,0,2992,19469,0,23.425267379679145,0.0,1
Swargate,Hinjewadi,11,1,1,3220,23766,0,26.57068322981366,0.0,0
Swargate,Hinjewadi,11,1,2,3203,19555,0,21.97876990321573,0.0,0
Swargate,Hinjewadi,13,1,0,2898,19469,0,24.185093167701865,0.0,1
Swargate,Hinjewadi,13,1,1,3075,23766,0,27.82360975609756,0.0,0
Swargate,Hinjewadi,13,1,2,3077,19555,0,22.878778030549235,0.0,0
Swargate,Hinjewadi,15,1,0,2855,23766,0,29.96763572679509,0.0,1
Swargate,Hinjewadi,15,1,1,2924,19469,0,23.970041039671685,0.0,0
Swargate,Hinjewadi,15,1,2,3243,19556,0,21.708788159111933,0.0,0
Swargate,Hinjewadi,17,1,0,3266,23578,0,25.98922229026332,0.0,1
Swargate,Hinjewadi,17,1,1,3356,19447,0,20.86090584028605,0.0,0
Swargate,Hinjewadi,17,1,2,3437,19532,0,20.458306662787315,0.0,0
Swargate,Hinjewadi,19,1,0,3284,19447,0,21.31827040194884,0.0,1
Swargate,Hinjewadi,19,1,1,3349,23630,0,25.401015228426395,0.0,0
Swargate,Hinjewadi,19,1,2,3344,19532,0,21.027272727272727,0.0,0
Swargate,Hinjewadi,21,1,0,2381,19447,0,29.403275934481307,0.0,1
Swargate,Hinjewadi,21,1,1,2525,23562,0,33.59334653465347,0.0,0
Swargate,Hinjewadi,21,1,2,2528,19532,0,27.81455696202532,0.0,0
Swargate,Hinjewadi,23,1,0,2123,19469,0,33.01384832783796,0.0,1
Swargate,Hinjewadi,23,1,1,2217,23562,0,38.26035182679296,0.0,0
Swargate,Hinjewadi,23,1,2,2401,19870,0,29.79258642232403,0.0,0
Swargate,Hinjewadi,7,2,0,2298,19447,0,30.46527415143603,0.0,1
Swargate,Hinjewadi,7,2,1,2396,23562,0,35.40200333889816,0.0,0
Swargate,Hinjewadi,7,2,2,2482,19532,0,28.330056406124093,0.0,0
Swargate,Hinjewadi,9,2,0,2711,19447,0,25.824123939505714,0.0,1
Swargate,Hinjewadi,9,2,1,2938,23630,0,28.95439074200136,0.0,0
Swargate,Hinjewadi,9,2,2,2873,19532,0,24.47448659937348,0.0,0
Swargate,Hinjewadi,11,2,0,2998,19469,0,23.3783855903936,0.0,1
Swargate,Hinjewadi,11,2,1,3197,23766,0,26.76183922427275,0.0,0
Swargate,Hinjewadi,11,2,2,3178,19555,0,22.151667715544367,0.0,0
Swargate,Hinjewadi,13,2,0,2931,19469,0,23.91279426816786,0.0,1
Swargate,Hinjewadi,13,2,1,3115,23766,0,27.46632423756019,0.0,0
Swargate,Hinjewadi,13,2,2,3119,19555,0,22.57069573581276,0.0,0
Swargate,Hinjewadi,15,2,0,2882,23766,0,29.686884108258152,0.0,1
Swargate,Hinjewadi,15,2,1,2955,19447,0,23.691776649746192,0.0,0
Swargate,Hinjewadi,15,2,2,3399,19870,0,21.045013239188,0.0,0
Swargate,Hinjewadi,17,2,0,3278,23578,0,25.894081757169005,0.0,1
Swargate,Hinjewadi,17,2,1,3379,19447,0,20.71891092039065,0.0,0
Swargate,Hinjewadi,17,2,2,3456,19532,0,20.34583333333333,0.0,0
Swargate,Hinjewadi,19,2,0,3331,19447,0,21.017472230561392,0.0,1
Swargate,Hinjewadi,19,2,1,3363,23630,0,25.295272078501338,0.0,0
Swargate,Hinjewadi,19,2,2,3382,19532,0,20.791011235955057,0.0,0
Swargate,Hinjewadi,21,2,0,2396,19469,0,29.25225375626044,0.0,1
Swargate,Hinjewadi,21,2,1,2541,23562,0,33.38181818181818,0.0,0
Swargate,Hinjewadi,21,2,2,2543,19555,0,27.68305151395989,0.0,0
Swargate,Hinjewadi,23,2,0,2123,19469,0,33.01384832783796,0.0,1
Swargate,Hinjewadi,23,2,1,2217,23562,0,38.26035182679296,0.0,0
Swargate,Hinjewadi,23,2,2,2401,19870,0,29.79258642232403,0.0,0
Swargate,Hinjewadi,7,3,0,2251,19447,0,31.10137716570413,0.0,1
Swargate,Hinjewadi,7,3,1,2357,23562,0,35.987781077641074,0.0,0
Swargate,Hinjewadi,7,3,2,2412,19532,0,29.152238805970143,0.0,0
Swargate,Hinjewadi,9,3,0,2511,19469,0,27.912544802867384,0.0,1
Swargate,Hinjewadi,9,3,1,2787,23562,0,30.43530678148547,0.0,0
Swargate,Hinjewadi,9,3,2,2680,19555,0,26.267910447761192,0.0,0
Swargate,Hinjewadi,11,3,0,2816,19469,0,24.88934659090909,0.0,1
Swargate,Hinjewadi,11,3,1,3125,23766,0,27.378432,0.0,0
Swargate,Hinjewadi,11,3,2,3014,19555,0,23.357000663570005,0.0,0
Swargate,Hinjewadi,13,3,0,2999,19469,0,23.370590196732245,0.0,1
Swargate,Hinjewadi,13,3,1,3208,23766,0,26.67007481296758,0.0,0
Swargate,Hinjewadi,13,3,2,3216,19555,0,21.88992537313433,0.0,0
Swargate,Hinjewadi,15,3,0,3087,23766,0,27.715451895043728,0.0,1
Swargate,Hinjewadi,15,3,1,3206,19469,0,21.861634435433565,0.0,0
Swargate,Hinjewadi,15,3,2,3137,26572,0,30.49384762511954,0.0,0
Swargate,Hinjewadi,17,3,0,3305,23578,0,25.682541603630863,0.0,1
Swargate,Hinjewadi,17,3,1,3487,19447,0,20.07720103240608,0.0,0
Swargate,Hinjewadi,17,3,2,3693,19556,0,19.06352558895207,0.0,0
Swargate,Hinjewadi,19,3,0,3151,19447,0,22.218089495398285,0.0,1
Swargate,Hinjewadi,19,3,1,3258,23578,0,26.053038674033147,0.0,0
Swargate,Hinjewadi,19,3,2,3418,19556,0,20.59730836746636,0.0,0
Swargate,Hinjewadi,21,3,0,2392,19447,0,29.2680602006689,0.0,1
Swargate,Hinjewadi,21,3,1,2547,23562,0,33.303180212014134,0.0,0
Swargate,Hinjewadi,21,3,2,2542,19532,0,27.66136900078678,0.0,0
Swargate,Hinjewadi,23,3,0,2123,19469,0,33.01384832783796,0.0,1
Swargate,Hinjewadi,23,3,1,2217,23562,0,38.26035182679296,0.0,0
Swargate,Hinjewadi,23,3,2,2400,19870,0,29.805000000000003,0.0,0
Swargate,Hinjewadi,7,4,0,2200,19447,0,31.822363636363637,0.0,1
Swargate,Hinjewadi,7,4,1,2309,23562,0,36.73590298830663,0.0,0
Swargate,Hinjewadi,7,4,2,2515,19870,0,28.442147117296223,0.0,0
Swargate,Hinjewadi,9,4,0,2350,19447,0,29.79114893617021,0.0,1
Swargate,Hinjewadi,9,4,1,2564,23562,0,33.0823712948518,0.0,0
Swargate,Hinjewadi,9,4,2,2521,19532,0,27.891788972629907,0.0,0
Swargate,Hinjewadi,11,4,0,2557,19447,0,27.379429018380915,0.0,1
Swargate,Hinjewadi,11,4,1,2780,23630,0,30.6,0.0,0
Swargate,Hinjewadi,11,4,2,2946,19917,0,24.33849287169043,0.0,0
Swargate,Hinjewadi,13,4,0,2688,19447,0,26.045089285714283,0.0,1
Swargate,Hinjewadi,13,4,1,2865,23630,0,29.69214659685864,0.0,0
Swargate,Hinjewadi,13,4,2,3064,19917,0,23.401174934725848,0.0,0
Swargate,Hinjewadi,15,4,0,2870,19447,0,24.393449477351915,0.0,0
Swargate,Hinjewadi,15,4,1,2834,23630,0,30.01693719124912,0.0,1
Swargate,Hinjewadi,15,4,2,3104,20023,0,23.222551546391752,0.0,0
Swargate,Hinjewadi,17,4,0,3015,23630,0,28.214925373134328,0.0,1
Swargate,Hinjewadi,17,4,1,3065,19608,0,23.030603588907017,0.0,0
Swargate,Hinjewadi,17,4,2,3298,20365,0,22.229836264402667,0.0,0
Swargate,Hinjewadi,19,4,0,2843,19447,0,24.625114315863524,0.0,1
Swargate,Hinjewadi,19,4,1,3019,23630,0,28.17754223252733,0.0,0
Swargate,Hinjewadi,19,4,2,3257,20193,0,22.319557875345414,0.0,0
Swargate,Hinjewadi,21,4,0,2327,19447,0,30.08560378169317,0.0,1
Swargate,Hinjewadi,21,4,1,2487,23562,0,34.10663449939687,0.0,0
Swargate,Hinjewadi,21,4,2,2486,19532,0,28.28447304907482,0.0,0
Swargate,Hinjewadi,23,4,0,2123,19469,0,33.01384832783796,0.0,1
Swargate,Hinjewadi,23,4,1,2217,23562,0,38.26035182679296,0.0,0
Swargate,Hinjewadi,23,4,2,2400,19870,0,29.805000000000003,0.0,0
Swargate,Hinjewadi,7,5,0,2324,19447,0,30.124440619621343,0.0,1
Swargate,Hinjewadi,7,5,1,2427,23562,0,34.94981458590853,0.0,0
Swargate,Hinjewadi,7,5,2,2494,19532,0,28.19374498797113,0.0,0
Swargate,Hinjewadi,9,5,0,2752,19447,0,25.43938953488372,0.0,1
Swargate,Hinjewadi,9,5,1,2992,23630,0,28.43181818181818,0.0,0
Swargate,Hinjewadi,9,5,2,2956,19532,0,23.7872801082544,0.0,0
Swargate,Hinjewadi,11,5,0,2948,19469,0,23.774898236092262,0.0,1
Swargate,Hinjewadi,11,5,1,3213,23766,0,26.628571428571423,0.0,0
Swargate,Hinjewadi,11,5,2,3187,19555,0,22.08911201757138,0.0,0
Swargate,Hinjewadi,13,5,0,2845,19469,0,24.635641476274166,0.0,1
Swargate,Hinjewadi,13,5,1,3069,23766,0,27.87800586510264,0.0,0
Swargate,Hinjewadi,13,5,2,3036,19555,0,23.18774703557312,0.0,0
Swargate,Hinjewadi,15,5,0,2858,19469,0,24.523582925122465,0.0,0
Swargate,Hinjewadi,15,5,1,2853,23766,0,29.988643533123028,0.0,1
Swargate,Hinjewadi,15,5,2,2988,19555,0,23.560240963855424,0.0,0
Swargate,Hinjewadi,17,5,0,3229,23578,0,26.28702384639207,0.0,1
Swargate,Hinjewadi,17,5,1,3312,19447,0,21.13804347826087,0.0,0
Swargate,Hinjewadi,17,5,2,3388,19532,0,20.754191263282173,0.0,0
Swargate,Hinjewadi,19,5,0,3253,19447,0,21.52142637565324,0.0,1
Swargate,Hinjewadi,19,5,1,3288,23630,0,25.87226277372263,0.0,0
Swargate,Hinjewadi,19,5,2,3320,19532,0,21.17927710843373,0.0,0
Swargate,Hinjewadi,21,5,0,2368,19447,0,29.564695945945942,0.0,1
Swargate,Hinjewadi,21,5,1,2514,23562,0,33.74033412887828,0.0,0
Swargate,Hinjewadi,21,5,2,2520,19532,0,27.902857142857144,0.0,0
Swargate,Hinjewadi,23,5,0,2123,19469,0,33.01384832783796,0.0,1
Swargate,Hinjewadi,23,5,1,2217,23562,0,38.26035182679296,0.0,0
Swargate,Hinjewadi,23,5,2,2401,19870,0,29.79258642232403,0.0,0
Swargate,Hinjewadi,7,6,0,2348,19447,0,29.81652470187393,0.0,1
Swargate,Hinjewadi,7,6,1,2451,23562,0,34.60758873929009,0.0,0
Swargate,Hinjewadi,7,6,2,2506,19532,0,28.05873902633679,0.0,0
Swargate,Hinjewadi,9,6,0,2825,19447,0,24.782017699115045,0.0,1
Swargate,Hinjewadi,9,6,1,3070,23630,0,27.70944625407166,0.0,0
Swargate,Hinjewadi,9,6,2,2996,19532,0,23.46969292389853,0.0,0
Swargate,Hinjewadi,11,6,0,3101,19469,0,22.601870364398582,0.0,1
Swargate,Hinjewadi,11,6,1,3297,26572,0,29.014012738853506,0.0,0
Swargate,Hinjewadi,11,6,2,3304,19555,0,21.30690072639225,0.0,0
Swargate,Hinjewadi,13,6,0,2962,19469,0,23.66252532072924,0.0,1
Swargate,Hinjewadi,13,6,1,3118,23766,0,27.43989737010904,0.0,0
Swargate,Hinjewadi,13,6,2,3140,19555,0,22.419745222929937,0.0,0
Swargate,Hinjewadi,15,6,0,2884,23766,0,29.66629680998613,0.0,1
Swargate,Hinjewadi,15,6,1,2970,19447,0,23.57212121212121,0.0,0
Swargate,Hinjewadi,15,6,2,3306,19556,0,21.2950998185118,0.0,0
Swargate,Hinjewadi,17,6,0,3306,23578,0,25.67477313974592,0.0,1
Swargate,Hinjewadi,17,6,1,3427,19447,0,20.428713160198424,0.0,0
Swargate,Hinjewadi,17,6,2,3366,26572,0,28.419251336898395,0.0,0
Swargate,Hinjewadi,19,6,0,3320,19447,0,21.087108433734937,0.0,1
Swargate,Hinjewadi,19,6,1,3347,23630,0,25.41619360621452,0.0,0
Swargate,Hinjewadi,19,6,2,3396,19532,0,20.70530035335689,0.0,0
Swargate,Hinjewadi,21,6,0,2375,19447,0,29.47755789473684,0.0,1
Swargate,Hinjewadi,21,6,1,2525,23562,0,33.59334653465347,0.0,0
Swargate,Hinjewadi,21,6,2,2521,19532,0,27.891788972629907,0.0,0
Swargate,Hinjewadi,23,6,0,2123,19469,0,33.01384832783796,0.0,1
Swargate,Hinjewadi,23,6,1,2217,23562,0,38.26035182679296,0.0,0
Swargate,Hinjewadi,23,6,2,2401,19870,0,29.79258642232403,0.0,0
Swargate,Hinjewadi,7,0,0,2334,19447,0,29.995372750642677,0.0,1
Swargate,Hinjewadi,7,0,1,2440,23562,0,34.76360655737705,0.0,0
Swargate,Hinjewadi,7,0,2,2509,19532,0,28.025189318453567,0.0,0
Swargate,Hinjewadi,9,0,0,2803,19447,0,24.97652515162326,0.0,1
Swargate,Hinjewadi,9,0,1,3040,23630,0,27.982894736842105,0.0,0
Swargate,Hinjewadi,9,0,2,3002,19532,0,23.422784810126583,0.0,0
Swargate,Hinjewadi,11,0,0,3055,19469,0,22.942193126022914,0.0,1
Swargate,Hinjewadi,11,0,1,3270,23766,0,26.16440366972477,0.0,0
Swargate,Hinjewadi,11,0,2,3289,19555,0,21.40407418668288,0.0,0
Swargate,Hinjewadi,13,0,0,2915,19469,0,24.04404802744425,0.0,1
Swargate,Hinjewadi,13,0,1,3096,23766,0,27.63488372093023,0.0,0
Swargate,Hinjewadi,13,0,2,3138,19555,0,22.434034416826,0.0,0
Swargate,Hinjewadi,15,0,0,2914,19469,0,24.052299245024024,0.0,0
Swargate,Hinjewadi,15,0,1,2874,23766,0,29.769519832985385,0.0,1
Swargate,Hinjewadi,15,0,2,3293,19556,0,21.379167931976923,0.0,0
Swargate,Hinjewadi,17,0,0,3284,23578,0,25.846772228989035,0.0,1
Swargate,Hinjewadi,17,0,1,3356,19447,0,20.86090584028605,0.0,0
Swargate,Hinjewadi,17,0,2,3485,19532,0,20.17652797704448,0.0,0
Swargate,Hinjewadi,19,0,0,3280,19447,0,21.344268292682926,0.0,1
Swargate,Hinjewadi,19,0,1,3330,23630,0,25.545945945945945,0.0,0
Swargate,Hinjewadi,19,0,2,3382,19532,0,20.791011235955057,0.0,0
Swargate,Hinjewadi,21,0,0,2381,19447,0,29.403275934481307,0.0,1
Swargate,Hinjewadi,21,0,1,2526,23562,0,33.580047505938246,0.0,0
Swargate,Hinjewadi,21,0,2,2534,19532,0,27.74869771112865,0.0,0
Swargate,Hinjewadi,23,0,0,2123,19469,0,33.01384832783796,0.0,1
Swargate,Hinjewadi,23,0,1,2217,23562,0,38.26035182679296,0.0,0
Swargate,Hinjewadi,23,0,2,2401,19870,0,29.79258642232403,0.0,0
Swargate,Hinjewadi,7,1,0,2317,19447,0,30.215451014242557,0.0,1
Swargate,Hinjewadi,7,1,1,2425,23562,0,34.97863917525773,0.0,0
Swargate,Hinjewadi,7,1,2,2519,19532,0,27.913934100833664,0.0,0
Swargate,Hinjewadi,9,1,0,2744,19447,0,25.51355685131195,0.0,1
Swargate,Hinjewadi,9,1,1,2996,23766,0,28.55727636849132,0.0,0
Swargate,Hinjewadi,9,1,2,2925,19532,0,24.039384615384616,0.0,0
Swargate,Hinjewadi,11,1,0,2992,19469,0,23.425267379679145,0.0,1
Swargate,Hinjewadi,11,1,1,3220,23766,0,26.57068322981366,0.0,0
Swargate,Hinjewadi,11,1,2,3203,19555,0,21.97876990321573,0.0,0
Swargate,Hinjewadi,13,1,0,2898,19469,0,24.185093167701865,0.0,1
Swargate,Hinjewadi,13,1,1,3075,23766,0,27.82360975609756,0.0,0
Swargate,Hinjewadi,13,1,2,3077,19555,0,22.878778030549235,0.0,0
Swargate,Hinjewadi,15,1,0,2855,23766,0,29.96763572679509,0.0,1
Swargate,Hinjewadi,15,1,1,2924,19469,0,23.970041039671685,0.0,0
Swargate,Hinjewadi,15,1,2,3243,19556,0,21.708788159111933,0.0,0
Swargate,Hinjewadi,17,1,0,3266,23578,0,25.98922229026332,0.0,1
Swargate,Hinjewadi,17,1,1,3356,19447,0,20.86090584028605,0.0,0
Swargate,Hinjewadi,17,1,2,3437,19532,0,20.458306662787315,0.0,0
Swargate,Hinjewadi,19,1,0,3284,19447,0,21.31827040194884,0.0,1
Swargate,Hinjewadi,19,1,1,3349,23630,0,25.401015228426395,0.0,0
Swargate,Hinjewadi,19,1,2,3344,19532,0,21.027272727272727,0.0,0
Swargate,Hinjewadi,21,1,0,2381,19447,0,29.403275934481307,0.0,1
Swargate,Hinjewadi,21,1,1,2525,23562,0,33.59334653465347,0.0,0
Swargate,Hinjewadi,21,1,2,2528,19532,0,27.81455696202532,0.0,0
Swargate,Hinjewadi,23,1,0,2123,19469,0,33.01384832783796,0.0,1
Swargate,Hinjewadi,23,1,1,2217,23562,0,38.26035182679296,0.0,0
Swargate,Hinjewadi,23,1,2,2401,19870,0,29.79258642232403,0.0,0
Swargate,Hinjewadi,7,2,0,2298,19447,0,30.46527415143603,0.0,1
Swargate,Hinjewadi,7,2,1,2396,23562,0,35.40200333889816,0.0,0
Swargate,Hinjewadi,7,2,2,2482,19532,0,28.330056406124093,0.0,0
Swargate,Hinjewadi,9,2,0,2711,19447,0,25.824123939505714,0.0,1
Swargate,Hinjewadi,9,2,1,2938,23630,0,28.95439074200136,0.0,0
Swargate,Hinjewadi,9,2,2,2873,19532,0,24.47448659937348,0.0,0
Swargate,Hinjewadi,11,2,0,2998,19469,0,23.3783855903936,0.0,1
Swargate,Hinjewadi,11,2,1,3197,23766,0,26.76183922427275,0.0,0
Swargate,Hinjewadi,11,2,2,3178,19555,0,22.151667715544367,0.0,0
Swargate,Hinjewadi,13,2,0,2931,19469,0,23.91279426816786,0.0,1
Swargate,Hinjewadi,13,2,1,3115,23766,0,27.46632423756019,0.0,0
Swargate,Hinjewadi,13,2,2,3119,19555,0,22.57069573581276,0.0,0
Swargate,Hinjewadi,15,2,0,2882,23766,0,29.686884108258152,0.0,1
Swargate,Hinjewadi,15,2,1,2955,19447,0,23.691776649746192,0.0,0
Swargate,Hinjewadi,15,2,2,3399,19870,0,21.045013239188,0.0,0
Swargate,Hinjewadi,17,2,0,3278,23578,0,25.894081757169005,0.0,1
Swargate,Hinjewadi,17,2,1,3379,19447,0,20.71891092039065,0.0,0
Swargate,Hinjewadi,17,2,2,3456,19532,0,20.34583333333333,0.0,0
Swargate,Hinjewadi,19,2,0,3331,19447,0,21.017472230561392,0.0,1
Swargate,Hinjewadi,19,2,1,3363,23630,0,25.295272078501338,0.0,0
Swargate,Hinjewadi,19,2,2,3382,19532,0,20.791011235955057,0.0,0
Swargate,Hinjewadi,21,2,0,2396,19469,0,29.25225375626044,0.0,1
Swargate,Hinjewadi,21,2,1,2541,23562,0,33.38181818181818,0.0,0
Swargate,Hinjewadi,21,2,2,2543,19555,0,27.68305151395989,0.0,0
Swargate,Hinjewadi,23,2,0,2123,19469,0,33.01384832783796,0.0,1
Swargate,Hinjewadi,23,2,1,2217,23562,0,38.26035182679296,0.0,0
Swargate,Hinjewadi,23,2,2,2401,19870,0,29.79258642232403,0.0,0
Swargate,Hinjewadi,7,3,0,2251,19447,0,31.10137716570413,0.0,1
Swargate,Hinjewadi,7,3,1,2357,23562,0,35.987781077641074,0.0,0
Swargate,Hinjewadi,7,3,2,2412,19532,0,29.152238805970143,0.0,0
Swargate,Hinjewadi,9,3,0,2511,19469,0,27.912544802867384,0.0,1
Swargate,Hinjewadi,9,3,1,2787,23562,0,30.43530678148547,0.0,0
Swargate,Hinjewadi,9,3,2,2680,19555,0,26.267910447761192,0.0,0
Swargate,Hinjewadi,11,3,0,2816,19469,0,24.88934659090909,0.0,1
Swargate,Hinjewadi,11,3,1,3125,23766,0,27.378432,0.0,0
Swargate,Hinjewadi,11,3,2,3014,19555,0,23.357000663570005,0.0,0
Swargate,Hinjewadi,13,3,0,2999,19469,0,23.370590196732245,0.0,1
Swargate,Hinjewadi,13,3,1,3208,23766,0,26.67007481296758,0.0,0
Swargate,Hinjewadi,13,3,2,3216,19555,0,21.88992537313433,0.0,0
Swargate,Hinjewadi,15,3,0,3087,23766,0,27.715451895043728,0.0,1
Swargate,Hinjewadi,15,3,1,3206,19469,0,21.861634435433565,0.0,0
Swargate,Hinjewadi,15,3,2,3137,26572,0,30.49384762511954,0.0,0
Swargate,Hinjewadi,17,3,0,3305,23578,0,25.682541603630863,0.0,1
Swargate,Hinjewadi,17,3,1,3487,19447,0,20.07720103240608,0.0,0
Swargate,Hinjewadi,17,3,2,3693,19556,0,19.06352558895207,0.0,0
Swargate,Hinjewadi,19,3,0,3151,19447,0,22.218089495398285,0.0,1
Swargate,Hinjewadi,19,3,1,3258,23578,0,26.053038674033147,0.0,0
Swargate,Hinjewadi,19,3,2,3418,19556,0,20.59730836746636,0.0,0
Swargate,Hinjewadi,21,3,0,2392,19447,0,29.2680602006689,0.0,1
Swargate,Hinjewadi,21,3,1,2547,23562,0,33.303180212014134,0.0,0
Swargate,Hinjewadi,21,3,2,2542,19532,0,27.66136900078678,0.0,0
Swargate,Hinjewadi,23,3,0,2123,19469,0,33.01384832783796,0.0,1
Swargate,Hinjewadi,23,3,1,2217,23562,0,38.26035182679296,0.0,0
Swargate,Hinjewadi,23,3,2,2400,19870,0,29.805000000000003,0.0,0
Swargate,Hinjewadi,7,4,0,2200,19447,0,31.822363636363637,0.0,1
Swargate,Hinjewadi,7,4,1,2309,23562,0,36.73590298830663,0.0,0
Swargate,Hinjewadi,7,4,2,2515,19870,0,28.442147117296223,0.0,0
Swargate,Hinjewadi,9,4,0,2350,19447,0,29.79114893617021,0.0,1
Swargate,Hinjewadi,9,4,1,2564,23562,0,33.0823712948518,0.0,0
Swargate,Hinjewadi,9,4,2,2521,19532,0,27.891788972629907,0.0,0
Swargate,Hinjewadi,11,4,0,2557,19447,0,27.379429018380915,0.0,1
Swargate,Hinjewadi,11,4,1,2780,23630,0,30.6,0.0,0
Swargate,Hinjewadi,11,4,2,2946,19917,0,24.33849287169043,0.0,0
Swargate,Hinjewadi,13,4,0,2688,19447,0,26.045089285714283,0.0,1
Swargate,Hinjewadi,13,4,1,2865,23630,0,29.69214659685864,0.0,0
Swargate,Hinjewadi,13,4,2,3064,19917,0,23.401174934725848,0.0,0
Swargate,Hinjewadi,15,4,0,2870,19447,0,24.393449477351915,0.0,0
Swargate,Hinjewadi,15,4,1,2834,23630,0,30.01693719124912,0.0,1
Swargate,Hinjewadi,15,4,2,3104,20023,0,23.222551546391752,0.0,0
Swargate,Hinjewadi,17,4,0,3015,23630,0,28.214925373134328,0.0,1
Swargate,Hinjewadi,17,4,1,3065,19608,0,23.030603588907017,0.0,0
Swargate,Hinjewadi,17,4,2,3298,20365,0,22.229836264402667,0.0,0
Swargate,Hinjewadi,19,4,0,2843,19447,0,24.625114315863524,0.0,1
Swargate,Hinjewadi,19,4,1,3019,23630,0,28.17754223252733,0.0,0
Swargate,Hinjewadi,19,4,2,3257,20193,0,22.319557875345414,0.0,0
Swargate,Hinjewadi,21,4,0,2327,19447,0,30.08560378169317,0.0,1
Swargate,Hinjewadi,21,4,1,2487,23562,0,34.10663449939687,0.0,0
Swargate,Hinjewadi,21,4,2,2486,19532,0,28.28447304907482,0.0,0
Swargate,Hinjewadi,23,4,0,2123,19469,0,33.01384832783796,0.0,1
Swargate,Hinjewadi,23,4,1,2217,23562,0,38.26035182679296,0.0,0
Swargate,Hinjewadi,23,4,2,2400,19870,0,29.805000000000003,0.0,0
Swargate,Hinjewadi,7,5,0,2324,19447,0,30.124440619621343,0.0,1
Swargate,Hinjewadi,7,5,1,2427,23562,0,34.94981458590853,0.0,0
Swargate,Hinjewadi,7,5,2,2494,19532,0,28.19374498797113,0.0,0
Swargate,Hinjewadi,9,5,0,2752,19447,0,25.43938953488372,0.0,1
Swargate,Hinjewadi,9,5,1,2992,23630,0,28.43181818181818,0.0,0
Swargate,Hinjewadi,9,5,2,2956,19532,0,23.7872801082544,0.0,0
Swargate,Hinjewadi,11,5,0,2948,19469,0,23.774898236092262,0.0,1
Swargate,Hinjewadi,11,5,1,3213,23766,0,26.628571428571423,0.0,0
Swargate,Hinjewadi,11,5,2,3187,19555,0,22.08911201757138,0.0,0
Swargate,Hinjewadi,13,5,0,2845,19469,0,24.635641476274166,0.0,1
Swargate,Hinjewadi,13,5,1,3069,23766,0,27.87800586510264,0.0,0
Swargate,Hinjewadi,13,5,2,3036,19555,0,23.18774703557312,0.0,0
Swargate,Hinjewadi,15,5,0,2858,19469,0,24.523582925122465,0.0,0
Swargate,Hinjewadi,15,5,1,2853,23766,0,29.988643533123028,0.0,1
Swargate,Hinjewadi,15,5,2,2988,19555,0,23.560240963855424,0.0,0
Swargate,Hinjewadi,17,5,0,3229,23578,0,26.28702384639207,0.0,1
Swargate,Hinjewadi,17,5,1,3312,19447,0,21.13804347826087,0.0,0
Swargate,Hinjewadi,17,5,2,3388,19532,0,20.754191263282173,0.0,0
Swargate,Hinjewadi,19,5,0,3253,19447,0,21.52142637565324,0.0,1
Swargate,Hinjewadi,19,5,1,3288,23630,0,25.87226277372263,0.0,0
Swargate,Hinjewadi,19,5,2,3320,19532,0,21.17927710843373,0.0,0
Swargate,Hinjewadi,21,5,0,2368,19447,0,29.564695945945942,0.0,1
Swargate,Hinjewadi,21,5,1,2514,23562,0,33.74033412887828,0.0,0
Swargate,Hinjewadi,21,5,2,2520,19532,0,27.902857142857144,0.0,0
Swargate,Hinjewadi,23,5,0,2123,19469,0,33.01384832783796,0.0,1
Swargate,Hinjewadi,23,5,1,2217,23562,0,38.26035182679296,0.0,0
Swargate,Hinjewadi,23,5,2,2401,19870,0,29.79258642232403,0.0,0
Swargate,Hinjewadi,7,6,0,2348,19447,0,29.81652470187393,0.0,1
Swargate,Hinjewadi,7,6,1,2451,23562,0,34.60758873929009,0.0,0
Swargate,Hinjewadi,7,6,2,2506,19532,0,28.05873902633679,0.0,0
Swargate,Hinjewadi,9,6,0,2825,19447,0,24.782017699115045,0.0,1
Swargate,Hinjewadi,9,6,1,3070,23630,0,27.70944625407166,0.0,0
Swargate,Hinjewadi,9,6,2,2996,19532,0,23.46969292389853,0.0,0
Swargate,Hinjewadi,11,6,0,3101,19469,0,22.601870364398582,0.0,1
Swargate,Hinjewadi,11,6,1,3297,26572,0,29.014012738853506,0.0,0
Swargate,Hinjewadi,11,6,2,3304,19555,0,21.30690072639225,0.0,0
Swargate,Hinjewadi,13,6,0,2962,19469,0,23.66252532072924,0.0,1
Swargate,Hinjewadi,13,6,1,3118,23766,0,27.43989737010904,0.0,0
Swargate,Hinjewadi,13,6,2,3140,19555,0,22.419745222929937,0.0,0
Swargate,Hinjewadi,15,6,0,2884,23766,0,29.66629680998613,0.0,1
Swargate,Hinjewadi,15,6,1,2970,19447,0,23.57212121212121,0.0,0
Swargate,Hinjewadi,15,6,2,3306,19556,0,21.2950998185118,0.0,0
Swargate,Hinjewadi,17,6,0,3306,23578,0,25.67477313974592,0.0,1
Swargate,Hinjewadi,17,6,1,3427,19447,0,20.428713160198424,0.0,0
Swargate,Hinjewadi,17,6,2,3366,26572,0,28.419251336898395,0.0,0
Swargate,Hinjewadi,19,6,0,3320,19447,0,21.087108433734937,0.0,1
Swargate,Hinjewadi,19,6,1,3347,23630,0,25.41619360621452,0.0,0
Swargate,Hinjewadi,19,6,2,3396,19532,0,20.70530035335689,0.0,0
Swargate,Hinjewadi,21,6,0,2375,19447,0,29.47755789473684,0.0,1
Swargate,Hinjewadi,21,6,1,2525,23562,0,33.59334653465347,0.0,0
Swargate,Hinjewadi,21,6,2,2521,19532,0,27.891788972629907,0.0,0
Swargate,Hinjewadi,23,6,0,2123,19469,0,33.01384832783796,0.0,1
Swargate,Hinjewadi,23,6,1,2217,23562,0,38.26035182679296,0.0,0
Swargate,Hinjewadi,23,6,2,2401,19870,0,29.79258642232403,0.0,0
Swargate,Kothrud,7,0,0,988,7445,0,27.127530364372472,0.0,1
Swargate,Kothrud,7,0,1,1053,7247,0,24.776068376068377,0.0,0
Swargate,Kothrud,7,0,2,1403,8790,0,22.55452601568068,0.0,0
Swargate,Kothrud,9,0,0,1302,7531,0,20.82304147465437,0.0,1
Swargate,Kothrud,9,0,1,1466,8125,0,19.95225102319236,0.0,0
Swargate,Kothrud,9,0,2,1526,7564,0,17.844298820445612,0.0,0
Swargate,Kothrud,11,0,0,1456,7667,0,18.95686813186813,0.0,1
Swargate,Kothrud,11,0,1,1520,7173,0,16.988684210526316,0.0,0
Swargate,Kothrud,11,0,2,1719,8826,0,18.48376963350785,0.0,0
Swargate,Kothrud,13,0,0,1439,7667,0,19.18082001389854,0.0,1
Swargate,Kothrud,13,0,1,1500,7173,0,17.2152,0.0,0
Swargate,Kothrud,13,0,2,1720,8826,0,18.473023255813956,0.0,0
Swargate,Kothrud,15,0,0,1327,7667,0,20.799698568198945,0.0,1
Swargate,Kothrud,15,0,1,1384,7173,0,18.658092485549133,0.0,0
Swargate,Kothrud,15,0,2,1613,8790,0,19.61810291382517,0.0,0
Swargate,Kothrud,17,0,0,1490,7479,0,18.070067114093963,0.0,1
Swargate,Kothrud,17,0,1,1567,7309,0,16.791576260370135,0.0,0
Swargate,Kothrud,17,0,2,1830,8790,0,17.291803278688523,0.0,0
Swargate,Kothrud,19,0,0,1515,7531,0,17.895445544554455,0.0,1
Swargate,Kothrud,19,0,1,1778,8125,0,16.451068616422948,0.0,0
Swargate,Kothrud,19,0,2,1591,7445,0,16.846008799497174,0.0,0
Swargate,Kothrud,21,0,0,1109,7445,0,24.16771866546438,0.0,1
Swargate,Kothrud,21,0,1,1166,7383,0,22.79485420240137,0.0,0
Swargate,Kothrud,21,0,2,1196,7479,0,22.512040133779266,0.0,0
Swargate,Kothrud,23,0,0,903,7463,0,29.75282392026578,0.0,1
Swargate,Kothrud,23,0,1,971,7383,0,27.37260556127704,0.0,0
Swargate,Kothrud,23,0,2,1024,7479,0,26.293359375,0.0,0
Swargate,Kothrud,7,1,0,990,7445,0,27.07272727272727,0.0,1
Swargate,Kothrud,7,1,1,1058,7247,0,24.65897920604915,0.0,0
Swargate,Kothrud,7,1,2,1404,8790,0,22.538461538461537,0.0,0
Swargate,Kothrud,9,1,0,1314,7667,0,21.005479452054796,0.0,1
Swargate,Kothrud,9,1,1,1324,7445,0,20.243202416918432,0.0,0
Swargate,Kothrud,9,1,2,1635,8790,0,19.35412844036697,0.0,0
Swargate,Kothrud,11,1,0,1464,7667,0,18.85327868852459,0.0,1
Swargate,Kothrud,11,1,1,1512,7173,0,17.07857142857143,0.0,0
Swargate,Kothrud,11,1,2,1740,8826,0,18.260689655172413,0.0,0
Swargate,Kothrud,13,1,0,1442,7667,0,19.140915395284328,0.0,1
Swargate,Kothrud,13,1,1,1492,7173,0,17.30750670241287,0.0,0
Swargate,Kothrud,13,1,2,1735,8826,0,18.313314121037465,0.0,0
Swargate,Kothrud,15,1,0,1318,7667,0,20.94172989377845,0.0,1
Swargate,Kothrud,15,1,1,1357,7173,0,19.029329403095065,0.0,0
Swargate,Kothrud,15,1,2,1635,8826,0,19.433394495412845,0.0,0
Swargate,Kothrud,17,1,0,1491,7479,0,18.057947686116695,0.0,1
Swargate,Kothrud,17,1,1,1571,7309,0,16.748822406110758,0.0,0
Swargate,Kothrud,17,1,2,1846,8826,0,17.21213434452871,0.0,0
Swargate,Kothrud,19,1,0,1546,7326,0,17.059249676584734,0.0,1
Swargate,Kothrud,19,1,1,1629,7173,0,15.851933701657458,0.0,0
Swargate,Kothrud,19,1,2,2013,8826,0,15.784202682563338,0.0,0
Swargate,Kothrud,21,1,0,1107,7445,0,24.211382113821134,0.0,1
Swargate,Kothrud,21,1,1,1172,7383,0,22.67815699658703,0.0,0
Swargate,Kothrud,21,1,2,1317,7596,0,20.763553530751707,0.0,0
Swargate,Kothrud,23,1,0,903,7463,0,29.75282392026578,0.0,1
Swargate,Kothrud,23,1,1,971,7383,0,27.37260556127704,0.0,0
Swargate,Kothrud,23,1,2,1024,7479,0,26.293359375,0.0,0
Swargate,Kothrud,7,2,0,983,7445,0,27.26551373346897,0.0,1
Swargate,Kothrud,7,2,1,1052,7247,0,24.79961977186312,0.0,0
Swargate,Kothrud,7,2,2,1404,8790,0,22.538461538461537,0.0,0
Swargate,Kothrud,9,2,0,1295,7531,0,20.935598455598456,0.0,1
Swargate,Kothrud,9,2,1,1325,6938,0,18.85041509433962,0.0,0
Swargate,Kothrud,9,2,2,1657,8790,0,19.09716354858177,0.0,0
Swargate,Kothrud,11,2,0,1456,7667,0,18.95686813186813,0.0,1
Swargate,Kothrud,11,2,1,1543,7173,0,16.73545042125729,0.0,0
Swargate,Kothrud,11,2,2,1761,8826,0,18.042930153321976,0.0,0
Swargate,Kothrud,13,2,0,1465,7667,0,18.840409556313997,0.0,1
Swargate,Kothrud,13,2,1,1520,7173,0,16.988684210526316,0.0,0
Swargate,Kothrud,13,2,2,1760,8826,0,18.05318181818182,0.0,0
Swargate,Kothrud,15,2,0,1339,7667,0,20.61329350261389,0.0,1
Swargate,Kothrud,15,2,1,1415,7173,0,18.249328621908127,0.0,0
Swargate,Kothrud,15,2,2,1647,8790,0,19.21311475409836,0.0,0
Swargate,Kothrud,17,2,0,1495,7479,0,18.00963210702341,0.0,1
Swargate,Kothrud,17,2,1,1610,7309,0,16.343105590062112,0.0,0
Swargate,Kothrud,17,2,2,1874,8826,0,16.95496264674493,0.0,0
Swargate,Kothrud,19,2,0,1534,7531,0,17.67379400260756,0.0,1
Swargate,Kothrud,19,2,1,1794,8125,0,16.304347826086957,0.0,0
Swargate,Kothrud,19,2,2,1586,7445,0,16.899117276166457,0.0,0
Swargate,Kothrud,21,2,0,1116,7463,0,24.074193548387097,0.0,1
Swargate,Kothrud,21,2,1,1176,7383,0,22.601020408163265,0.0,0
Swargate,Kothrud,21,2,2,1325,7596,0,20.63818867924528,0.0,0
Swargate,Kothrud,23,2,0,903,7463,0,29.75282392026578,0.0,1
Swargate,Kothrud,23,2,1,971,7383,0,27.37260556127704,0.0,0
Swargate,Kothrud,23,2,2,1024,7479,0,26.293359375,0.0,0
Swargate,Kothrud,7,3,0,981,7463,0,27.38715596330275,0.0,1
Swargate,Kothrud,7,3,1,1046,7383,0,25.409942638623328,0.0,0
Swargate,Kothrud,7,3,2,1141,7614,0,24.023137598597724,0.0,0
Swargate,Kothrud,9,3,0,1261,7463,0,21.305947660586835,0.0,1
Swargate,Kothrud,9,3,1,1310,7383,0,20.28916030534351,0.0,0
Swargate,Kothrud,9,3,2,1412,7596,0,19.366572237960337,0.0,0
Swargate,Kothrud,11,3,0,1455,7667,0,18.96989690721649,0.0,1
Swargate,Kothrud,11,3,1,1496,7173,0,17.261229946524065,0.0,0
Swargate,Kothrud,11,3,2,1777,8826,0,17.88047270680923,0.0,0
Swargate,Kothrud,13,3,0,1510,7667,0,18.278940397350997,0.0,1
Swargate,Kothrud,13,3,1,1553,7173,0,16.62768834513844,0.0,0
Swargate,Kothrud,13,3,2,1818,8826,0,17.477227722772277,0.0,0
Swargate,Kothrud,15,3,0,1403,7667,0,19.672986457590877,0.0,1
Swargate,Kothrud,15,3,1,1529,7173,0,16.88868541530412,0.0,0
Swargate,Kothrud,15,3,2,1725,8826,0,18.419478260869564,0.0,0
Swargate,Kothrud,17,3,0,1535,7479,0,17.540325732899024,0.0,1
Swargate,Kothrud,17,3,1,1676,7309,0,15.699522673031026,0.0,0
Swargate,Kothrud,17,3,2,1899,8826,0,16.731753554502372,0.0,0
Swargate,Kothrud,19,3,0,1528,7479,0,17.62068062827225,0.0,1
Swargate,Kothrud,19,3,1,1637,7309,0,16.073549175320707,0.0,0
Swargate,Kothrud,19,3,2,1604,7448,0,16.716209476309228,0.0,0
Swargate,Kothrud,21,3,0,1118,7445,0,23.97316636851521,0.0,1
Swargate,Kothrud,21,3,1,1172,7247,0,22.260409556313995,0.0,0
Swargate,Kothrud,21,3,2,1544,8790,0,20.49481865284974,0.0,0
Swargate,Kothrud,23,3,0,903,7463,0,29.75282392026578,0.0,1
Swargate,Kothrud,23,3,1,971,7383,0,27.37260556127704,0.0,0
Swargate,Kothrud,23,3,2,1024,7479,0,26.293359375,0.0,0
Swargate,Kothrud,7,4,0,955,7445,0,28.064921465968588,0.0,1
Swargate,Kothrud,7,4,1,1016,7247,0,25.678346456692918,0.0,0
Swargate,Kothrud,7,4,2,1247,9326,0,26.923496391339214,0.0,0
Swargate,Kothrud,9,4,0,1122,7445,0,23.88770053475936,0.0,1
Swargate,Kothrud,9,4,1,1154,7247,0,22.607625649913345,0.0,0
Swargate,Kothrud,9,4,2,1545,8790,0,20.481553398058253,0.0,0
Swargate,Kothrud,11,4,0,1241,7531,0,21.846575342465755,0.0,1
Swargate,Kothrud,11,4,1,1398,8199,0,21.113304721030044,0.0,0
Swargate,Kothrud,11,4,2,1273,7445,0,21.054202670856245,0.0,0
Swargate,Kothrud,13,4,0,1303,7531,0,20.80706062931696,0.0,1
Swargate,Kothrud,13,4,1,1466,8125,0,19.95225102319236,0.0,0
Swargate,Kothrud,13,4,2,1546,8071,0,18.79404915912031,0.0,0
Swargate,Kothrud,15,4,0,1267,7531,0,21.3982636148382,0.0,1
Swargate,Kothrud,15,4,1,1312,7309,0,20.055182926829268,0.0,0
Swargate,Kothrud,15,4,2,1630,8826,0,19.493006134969328,0.0,0
Swargate,Kothrud,17,4,0,1353,7531,0,20.03813747228381,0.0,1
Swargate,Kothrud,17,4,1,1512,8125,0,19.34523809523809,0.0,0
Swargate,Kothrud,17,4,2,1641,8243,0,18.08336380255941,0.0,0
Swargate,Kothrud,19,4,0,1365,7531,0,19.86197802197802,0.0,1
Swargate,Kothrud,19,4,1,1528,8125,0,19.14267015706806,0.0,0
Swargate,Kothrud,19,4,2,1598,8071,0,18.182478097622027,0.0,0
Swargate,Kothrud,21,4,0,1077,7445,0,24.88579387186629,0.0,1
Swargate,Kothrud,21,4,1,1128,7247,0,23.12872340425532,0.0,0
Swargate,Kothrud,21,4,2,1352,9326,0,24.832544378698227,0.0,0
Swargate,Kothrud,23,4,0,903,7463,0,29.75282392026578,0.0,1
Swargate,Kothrud,23,4,1,971,7383,0,27.37260556127704,0.0,0
Swargate,Kothrud,23,4,2,1024,7479,0,26.293359375,0.0,0
Swargate,Kothrud,7,5,0,986,7445,0,27.18255578093306,0.0,1
Swargate,Kothrud,7,5,1,1052,7247,0,24.79961977186312,0.0,0
Swargate,Kothrud,7,5,2,1403,8790,0,22.55452601568068,0.0,0
Swargate,Kothrud,9,5,0,1296,7531,0,20.919444444444444,0.0,1
Swargate,Kothrud,9,5,1,1460,8125,0,20.034246575342465,0.0,0
Swargate,Kothrud,9,5,2,1333,6938,0,18.73728432108027,0.0,0
Swargate,Kothrud,11,5,0,1449,7667,0,19.04844720496894,0.0,1
Swargate,Kothrud,11,5,1,1720,8089,0,16.93046511627907,0.0,0
Swargate,Kothrud,11,5,2,1733,8826,0,18.334448932487017,0.0,0
Swargate,Kothrud,13,5,0,1428,7667,0,19.32857142857143,0.0,1
Swargate,Kothrud,13,5,1,1490,7173,0,17.33073825503356,0.0,0
Swargate,Kothrud,13,5,2,1732,8826,0,18.34503464203233,0.0,0
Swargate,Kothrud,15,5,0,1319,7667,0,20.92585291887794,0.0,1
Swargate,Kothrud,15,5,1,1373,7173,0,18.807574654042245,0.0,0
Swargate,Kothrud,15,5,2,1618,8790,0,19.557478368355994,0.0,0
Swargate,Kothrud,17,5,0,1484,7479,0,18.14312668463612,0.0,1
Swargate,Kothrud,17,5,1,1560,7309,0,16.866923076923076,0.0,0
Swargate,Kothrud,17,5,2,1826,8826,0,17.40065717415115,0.0,0
Swargate,Kothrud,19,5,0,1510,7531,0,17.954701986754966,0.0,1
Swargate,Kothrud,19,5,1,1777,8125,0,16.460326392796848,0.0,0
Swargate,Kothrud,19,5,2,1539,7445,0,17.415204678362574,0.0,0
Swargate,Kothrud,21,5,0,1097,7445,0,24.432087511394712,0.0,1
Swargate,Kothrud,21,5,1,1161,7247,0,22.47131782945736,0.0,0
Swargate,Kothrud,21,5,2,1381,9326,0,24.311078928312817,0.0,0
Swargate,Kothrud,23,5,0,903,7463,0,29.75282392026578,0.0,1
Swargate,Kothrud,23,5,1,971,7383,0,27.37260556127704,0.0,0
Swargate,Kothrud,23,5,2,1024,7479,0,26.293359375,0.0,0
Swargate,Kothrud,7,6,0,990,7445,0,27.07272727272727,0.0,1
Swargate,Kothrud,7,6,1,1058,7247,0,24.65897920604915,0.0,0
Swargate,Kothrud,7,6,2,1407,8790,0,22.49040511727079,0.0,0
Swargate,Kothrud,9,6,0,1321,7531,0,20.52354277062831,0.0,1
Swargate,Kothrud,9,6,1,1482,8125,0,19.73684210526316,0.0,0
Swargate,Kothrud,9,6,2,1530,7564,0,17.79764705882353,0.0,0
Swargate,Kothrud,11,6,0,1492,7667,0,18.49946380697051,0.0,1
Swargate,Kothrud,11,6,1,1745,8826,0,18.20836676217765,0.0,0
Swargate,Kothrud,11,6,2,1833,7564,0,14.855646481178397,0.0,0
Swargate,Kothrud,13,6,0,1460,7667,0,18.90493150684932,0.0,1
Swargate,Kothrud,13,6,1,1526,7173,0,16.9218872870249,0.0,0
Swargate,Kothrud,13,6,2,1740,8826,0,18.260689655172413,0.0,0
Swargate,Kothrud,15,6,0,1324,7667,0,20.846827794561936,0.0,1
Swargate,Kothrud,15,6,1,1403,7173,0,18.405416963649323,0.0,0
Swargate,Kothrud,15,6,2,1624,8790,0,19.485221674876843,0.0,0
Swargate,Kothrud,17,6,0,1505,7479,0,17.889966777408638,0.0,1
Swargate,Kothrud,17,6,1,1583,7309,0,16.621857233101707,0.0,0
Swargate,Kothrud,17,6,2,1839,8790,0,17.20717781402936,0.0,0
Swargate,Kothrud,19,6,0,1546,7326,0,17.059249676584734,0.0,1
Swargate,Kothrud,19,6,1,1624,7173,0,15.900738916256158,0.0,0
Swargate,Kothrud,19,6,2,1998,8826,0,15.902702702702705,0.0,0
Swargate,Kothrud,21,6,0,1111,7445,0,24.124212421242124,0.0,1
Swargate,Kothrud,21,6,1,1169,7383,0,22.736355859709157,0.0,0
Swargate,Kothrud,21,6,2,1319,7596,0,20.732069749810464,0.0,0
Swargate,Kothrud,23,6,0,903,7463,0,29.75282392026578,0.0,1
Swargate,Kothrud,23,6,1,971,7383,0,27.37260556127704,0.0,0
Swargate,Kothrud,23,6,2,1024,7479,0,26.293359375,0.0,0
Swargate,Kothrud,7,0,0,988,7445,0,27.127530364372472,0.0,1
Swargate,Kothrud,7,0,1,1053,7247,0,24.776068376068377,0.0,0
Swargate,Kothrud,7,0,2,1403,8790,0,22.55452601568068,0.0,0
Swargate,Kothrud,9,0,0,1302,7531,0,20.82304147465437,0.0,1
Swargate,Kothrud,9,0,1,1466,8125,0,19.95225102319236,0.0,0
Swargate,Kothrud,9,0,2,1526,7564,0,17.844298820445612,0.0,0
Swargate,Kothrud,11,0,0,1456,7667,0,18.95686813186813,0.0,1
Swargate,Kothrud,11,0,1,1520,7173,0,16.988684210526316,0.0,0
Swargate,Kothrud,11,0,2,1719,8826,0,18.48376963350785,0.0,0
Swargate,Kothrud,13,0,0,1439,7667,0,19.18082001389854,0.0,1
Swargate,Kothrud,13,0,1,1500,7173,0,17.2152,0.0,0
Swargate,Kothrud,13,0,2,1720,8826,0,18.473023255813956,0.0,0
Swargate,Kothrud,15,0,0,1327,7667,0,20.799698568198945,0.0,1
Swargate,Kothrud,15,0,1,1384,7173,0,18.658092485549133,0.0,0
Swargate,Kothrud,15,0,2,1613,8790,0,19.61810291382517,0.0,0
Swargate,Kothrud,17,0,0,1490,7479,0,18.070067114093963,0.0,1
Swargate,Kothrud,17,0,1,1567,7309,0,16.791576260370135,0.0,0
Swargate,Kothrud,17,0,2,1830,8790,0,17.291803278688523,0.0,0
Swargate,Kothrud,19,0,0,1515,7531,0,17.895445544554455,0.0,1
Swargate,Kothrud,19,0,1,1778,8125,0,16.451068616422948,0.0,0
Swargate,Kothrud,19,0,2,1591,7445,0,16.846008799497174,0.0,0
Swargate,Kothrud,21,0,0,1109,7445,0,24.16771866546438,0.0,1
Swargate,Kothrud,21,0,1,1166,7383,0,22.79485420240137,0.0,0
Swargate,Kothrud,21,0,2,1196,7479,0,22.512040133779266,0.0,0
Swargate,Kothrud,23,0,0,903,7463,0,29.75282392026578,0.0,1
Swargate,Kothrud,23,0,1,971,7383,0,27.37260556127704,0.0,0
Swargate,Kothrud,23,0,2,1024,7479,0,26.293359375,0.0,0
Swargate,Kothrud,7,1,0,990,7445,0,27.07272727272727,0.0,1
Swargate,Kothrud,7,1,1,1058,7247,0,24.65897920604915,0.0,0
Swargate,Kothrud,7,1,2,1404,8790,0,22.538461538461537,0.0,0
Swargate,Kothrud,9,1,0,1314,7667,0,21.005479452054796,0.0,1
Swargate,Kothrud,9,1,1,1324,7445,0,20.243202416918432,0.0,0
Swargate,Kothrud,9,1,2,1635,8790,0,19.35412844036697,0.0,0
Swargate,Kothrud,11,1,0,1464,7667,0,18.85327868852459,0.0,1
Swargate,Kothrud,11,1,1,1512,7173,0,17.07857142857143,0.0,0
Swargate,Kothrud,11,1,2,1740,8826,0,18.260689655172413,0.0,0
Swargate,Kothrud,13,1,0,1442,7667,0,19.140915395284328,0.0,1
Swargate,Kothrud,13,1,1,1492,7173,0,17.30750670241287,0.0,0
Swargate,Kothrud,13,1,2,1735,8826,0,18.313314121037465,0.0,0
Swargate,Kothrud,15,1,0,1318,7667,0,20.94172989377845,0.0,1
Swargate,Kothrud,15,1,1,1357,7173,0,19.029329403095065,0.0,0
Swargate,Kothrud,15,1,2,1635,8826,0,19.433394495412845,0.0,0
Swargate,Kothrud,17,1,0,1491,7479,0,18.057947686116695,0.0,1
Swargate,Kothrud,17,1,1,1571,7309,0,16.748822406110758,0.0,0
Swargate,Kothrud,17,1,2,1846,8826,0,17.21213434452871,0.0,0
Swargate,Kothrud,19,1,0,1546,7326,0,17.059249676584734,0.0,1
Swargate,Kothrud,19,1,1,1629,7173,0,15.851933701657458,0.0,0
Swargate,Kothrud,19,1,2,2013,8826,0,15.784202682563338,0.0,0
Swargate,Kothrud,21,1,0,1107,7445,0,24.211382113821134,0.0,1
Swargate,Kothrud,21,1,1,1172,7383,0,22.67815699658703,0.0,0
Swargate,Kothrud,21,1,2,1317,7596,0,20.763553530751707,0.0,0
Swargate,Kothrud,23,1,0,903,7463,0,29.75282392026578,0.0,1
Swargate,Kothrud,23,1,1,971,7383,0,27.37260556127704,0.0,0
Swargate,Kothrud,23,1,2,1024,7479,0,26.293359375,0.0,0
Swargate,Kothrud,7,2,0,983,7445,0,27.26551373346897,0.0,1
Swargate,Kothrud,7,2,1,1052,7247,0,24.79961977186312,0.0,0
Swargate,Kothrud,7,2,2,1404,8790,0,22.538461538461537,0.0,0
Swargate,Kothrud,9,2,0,1295,7531,0,20.935598455598456,0.0,1
Swargate,Kothrud,9,2,1,1325,6938,0,18.85041509433962,0.0,0
Swargate,Kothrud,9,2,2,1657,8790,0,19.09716354858177,0.0,0
Swargate,Kothrud,11,2,0,1456,7667,0,18.95686813186813,0.0,1
Swargate,Kothrud,11,2,1,1543,7173,0,16.73545042125729,0.0,0
Swargate,Kothrud,11,2,2,1761,8826,0,18.042930153321976,0.0,0
Swargate,Kothrud,13,2,0,1465,7667,0,18.840409556313997,0.0,1
Swargate,Kothrud,13,2,1,1520,7173,0,16.988684210526316,0.0,0
Swargate,Kothrud,13,2,2,1760,8826,0,18.05318181818182,0.0,0
Swargate,Kothrud,15,2,0,1339,7667,0,20.61329350261389,0.0,1
Swargate,Kothrud,15,2,1,1415,7173,0,18.249328621908127,0.0,0
Swargate,Kothrud,15,2,2,1647,8790,0,19.21311475409836,0.0,0
Swargate,Kothrud,17,2,0,1495,7479,0,18.00963210702341,0.0,1
Swargate,Kothrud,17,2,1,1610,7309,0,16.343105590062112,0.0,0
Swargate,Kothrud,17,2,2,1874,8826,0,16.95496264674493,0.0,0
Swargate,Kothrud,19,2,0,1534,7531,0,17.67379400260756,0.0,1
Swargate,Kothrud,19,2,1,1794,8125,0,16.304347826086957,0.0,0
Swargate,Kothrud,19,2,2,1586,7445,0,16.899117276166457,0.0,0
Swargate,Kothrud,21,2,0,1116,7463,0,24.074193548387097,0.0,1
Swargate,Kothrud,21,2,1,1176,7383,0,22.601020408163265,0.0,0
Swargate,Kothrud,21,2,2,1325,7596,0,20.63818867924528,0.0,0
Swargate,Kothrud,23,2,0,903,7463,0,29.75282392026578,0.0,1
Swargate,Kothrud,23,2,1,971,7383,0,27.37260556127704,0.0,0
Swargate,Kothrud,23,2,2,1024,7479,0,26.293359375,0.0,0
Swargate,Kothrud,7,3,0,981,7463,0,27.38715596330275,0.0,1
Swargate,Kothrud,7,3,1,1046,7383,0,25.409942638623328,0.0,0
Swargate,Kothrud,7,3,2,1141,7614,0,24.023137598597724,0.0,0
Swargate,Kothrud,9,3,0,1261,7463,0,21.305947660586835,0.0,1
Swargate,Kothrud,9,3,1,1310,7383,0,20.28916030534351,0.0,0
Swargate,Kothrud,9,3,2,1412,7596,0,19.366572237960337,0.0,0
Swargate,Kothrud,11,3,0,1455,7667,0,18.96989690721649,0.0,1
Swargate,Kothrud,11,3,1,1496,7173,0,17.261229946524065,0.0,0
Swargate,Kothrud,11,3,2,1777,8826,0,17.88047270680923,0.0,0
Swargate,Kothrud,13,3,0,1510,7667,0,18.278940397350997,0.0,1
Swargate,Kothrud,13,3,1,1553,7173,0,16.62768834513844,0.0,0
Swargate,Kothrud,13,3,2,1818,8826,0,17.477227722772277,0.0,0
Swargate,Kothrud,15,3,0,1403,7667,0,19.672986457590877,0.0,1
Swargate,Kothrud,15,3,1,1529,7173,0,16.88868541530412,0.0,0
Swargate,Kothrud,15,3,2,1725,8826,0,18.419478260869564,0.0,0
Swargate,Kothrud,17,3,0,1535,7479,0,17.540325732899024,0.0,1
Swargate,Kothrud,17,3,1,1676,7309,0,15.699522673031026,0.0,0
Swargate,Kothrud,17,3,2,1899,8826,0,16.731753554502372,0.0,0
Swargate,Kothrud,19,3,0,1528,7479,0,17.62068062827225,0.0,1
Swargate,Kothrud,19,3,1,1637,7309,0,16.073549175320707,0.0,0
Swargate,Kothrud,19,3,2,1604,7448,0,16.716209476309228,0.0,0
Swargate,Kothrud,21,3,0,1118,7445,0,23.97316636851521,0.0,1
Swargate,Kothrud,21,3,1,1172,7247,0,22.260409556313995,0.0,0
Swargate,Kothrud,21,3,2,1544,8790,0,20.49481865284974,0.0,0
Swargate,Kothrud,23,3,0,903,7463,0,29.75282392026578,0.0,1
Swargate,Kothrud,23,3,1,971,7383,0,27.37260556127704,0.0,0
Swargate,Kothrud,23,3,2,1024,7479,0,26.293359375,0.0,0
Swargate,Kothrud,7,4,0,955,7445,0,28.064921465968588,0.0,1
Swargate,Kothrud,7,4,1,1016,7247,0,25.678346456692918,0.0,0
Swargate,Kothrud,7,4,2,1247,9326,0,26.923496391339214,0.0,0
Swargate,Kothrud,9,4,0,1122,7445,0,23.88770053475936,0.0,1
Swargate,Kothrud,9,4,1,1154,7247,0,22.607625649913345,0.0,0
Swargate,Kothrud,9,4,2,1545,8790,0,20.481553398058253,0.0,0
Swargate,Kothrud,11,4,0,1241,7531,0,21.846575342465755,0.0,1
Swargate,Kothrud,11,4,1,1398,8199,0,21.113304721030044,0.0,0
Swargate,Kothrud,11,4,2,1273,7445,0,21.054202670856245,0.0,0
Swargate,Kothrud,13,4,0,1303,7531,0,20.80706062931696,0.0,1
Swargate,Kothrud,13,4,1,1466,8125,0,19.95225102319236,0.0,0
Swargate,Kothrud,13,4,2,1546,8071,0,18.79404915912031,0.0,0
Swargate,Kothrud,15,4,0,1267,7531,0,21.3982636148382,0.0,1
Swargate,Kothrud,15,4,1,1312,7309,0,20.055182926829268,0.0,0
Swargate,Kothrud,15,4,2,1630,8826,0,19.493006134969328,0.0,0
Swargate,Kothrud,17,4,0,1353,7531,0,20.03813747228381,0.0,1
Swargate,Kothrud,17,4,1,1512,8125,0,19.34523809523809,0.0,0
Swargate,Kothrud,17,4,2,1641,8243,0,18.08336380255941,0.0,0
Swargate,Kothrud,19,4,0,1365,7531,0,19.86197802197802,0.0,1
Swargate,Kothrud,19,4,1,1528,8125,0,19.14267015706806,0.0,0
Swargate,Kothrud,19,4,2,1598,8071,0,18.182478097622027,0.0,0
Swargate,Kothrud,21,4,0,1077,7445,0,24.88579387186629,0.0,1
Swargate,Kothrud,21,4,1,1128,7247,0,23.12872340425532,0.0,0
Swargate,Kothrud,21,4,2,1352,9326,0,24.832544378698227,0.0,0
Swargate,Kothrud,23,4,0,903,7463,0,29.75282392026578,0.0,1
Swargate,Kothrud,23,4,1,971,7383,0,27.37260556127704,0.0,0
Swargate,Kothrud,23,4,2,1024,7479,0,26.293359375,0.0,0
Swargate,Kothrud,7,5,0,986,7445,0,27.18255578093306,0.0,1
Swargate,Kothrud,7,5,1,1052,7247,0,24.79961977186312,0.0,0
Swargate,Kothrud,7,5,2,1403,8790,0,22.55452601568068,0.0,0
Swargate,Kothrud,9,5,0,1296,7531,0,20.919444444444444,0.0,1
Swargate,Kothrud,9,5,1,1460,8125,0,20.034246575342465,0.0,0
Swargate,Kothrud,9,5,2,1333,6938,0,18.73728432108027,0.0,0
Swargate,Kothrud,11,5,0,1449,7667,0,19.04844720496894,0.0,1
Swargate,Kothrud,11,5,1,1720,8089,0,16.93046511627907,0.0,0
Swargate,Kothrud,11,5,2,1733,8826,0,18.334448932487017,0.0,0
Swargate,Kothrud,13,5,0,1428,7667,0,19.32857142857143,0.0,1
Swargate,Kothrud,13,5,1,1490,7173,0,17.33073825503356,0.0,0
Swargate,Kothrud,13,5,2,1732,8826,0,18.34503464203233,0.0,0
Swargate,Kothrud,15,5,0,1319,7667,0,20.92585291887794,0.0,1
Swargate,Kothrud,15,5,1,1373,7173,0,18.807574654042245,0.0,0
Swargate,Kothrud,15,5,2,1618,8790,0,19.557478368355994,0.0,0
Swargate,Kothrud,17,5,0,1484,7479,0,18.14312668463612,0.0,1
Swargate,Kothrud,17,5,1,1560,7309,0,16.866923076923076,0.0,0
Swargate,Kothrud,17,5,2,1826,8826,0,17.40065717415115,0.0,0
Swargate,Kothrud,19,5,0,1510,7531,0,17.954701986754966,0.0,1
Swargate,Kothrud,19,5,1,1777,8125,0,16.460326392796848,0.0,0
Swargate,Kothrud,19,5,2,1539,7445,0,17.415204678362574,0.0,0
Swargate,Kothrud,21,5,0,1097,7445,0,24.432087511394712,0.0,1
Swargate,Kothrud,21,5,1,1161,7247,0,22.47131782945736,0.0,0
Swargate,Kothrud,21,5,2,1381,9326,0,24.311078928312817,0.0,0
Swargate,Kothrud,23,5,0,903,7463,0,29.75282392026578,0.0,1
Swargate,Kothrud,23,5,1,971,7383,0,27.37260556127704,0.0,0
Swargate,Kothrud,23,5,2,1024,7479,0,26.293359375,0.0,0
Swargate,Kothrud,7,6,0,990,7445,0,27.07272727272727,0.0,1
Swargate,Kothrud,7,6,1,1058,7247,0,24.65897920604915,0.0,0
Swargate,Kothrud,7,6,2,1407,8790,0,22.49040511727079,0.0,0
Swargate,Kothrud,9,6,0,1321,7531,0,20.52354277062831,0.0,1
Swargate,Kothrud,9,6,1,1482,8125,0,19.73684210526316,0.0,0
Swargate,Kothrud,9,6,2,1530,7564,0,17.79764705882353,0.0,0
Swargate,Kothrud,11,6,0,1492,7667,0,18.49946380697051,0.0,1
Swargate,Kothrud,11,6,1,1745,8826,0,18.20836676217765,0.0,0
Swargate,Kothrud,11,6,2,1833,7564,0,14.855646481178397,0.0,0
Swargate,Kothrud,13,6,0,1460,7667,0,18.90493150684932,0.0,1
Swargate,Kothrud,13,6,1,1526,7173,0,16.9218872870249,0.0,0
Swargate,Kothrud,13,6,2,1740,8826,0,18.260689655172413,0.0,0
Swargate,Kothrud,15,6,0,1324,7667,0,20.846827794561936,0.0,1
Swargate,Kothrud,15,6,1,1403,7173,0,18.405416963649323,0.0,0
Swargate,Kothrud,15,6,2,1624,8790,0,19.485221674876843,0.0,0
Swargate,Kothrud,17,6,0,1505,7479,0,17.889966777408638,0.0,1
Swargate,Kothrud,17,6,1,1583,7309,0,16.621857233101707,0.0,0
Swargate,Kothrud,17,6,2,1839,8790,0,17.20717781402936,0.0,0
Swargate,Kothrud,19,6,0,1546,7326,0,17.059249676584734,0.0,1
Swargate,Kothrud,19,6,1,1624,7173,0,15.900738916256158,0.0,0
Swargate,Kothrud,19,6,2,1998,8826,0,15.902702702702705,0.0,0
Swargate,Kothrud,21,6,0,1111,7445,0,24.124212421242124,0.0,1
Swargate,Kothrud,21,6,1,1169,7383,0,22.736355859709157,0.0,0
Swargate,Kothrud,21,6,2,1319,7596,0,20.732069749810464,0.0,0
Swargate,Kothrud,23,6,0,903,7463,0,29.75282392026578,0.0,1
Swargate,Kothrud,23,6,1,971,7383,0,27.37260556127704,0.0,0
Swargate,Kothrud,23,6,2,1024,7479,0,26.293359375,0.0,0
Swargate,Kothrud,7,0,0,988,7445,0,27.127530364372472,0.0,1
Swargate,Kothrud,7,0,1,1053,7247,0,24.776068376068377,0.0,0
Swargate,Kothrud,7,0,2,1403,8790,0,22.55452601568068,0.0,0
Swargate,Kothrud,9,0,0,1302,7531,0,20.82304147465437,0.0,1
Swargate,Kothrud,9,0,1,1466,8125,0,19.95225102319236,0.0,0
Swargate,Kothrud,9,0,2,1526,7564,0,17.844298820445612,0.0,0
Swargate,Kothrud,11,0,0,1456,7667,0,18.95686813186813,0.0,1
Swargate,Kothrud,11,0,1,1520,7173,0,16.988684210526316,0.0,0
Swargate,Kothrud,11,0,2,1719,8826,0,18.48376963350785,0.0,0
Swargate,Kothrud,13,0,0,1439,7667,0,19.18082001389854,0.0,1
Swargate,Kothrud,13,0,1,1500,7173,0,17.2152,0.0,0
Swargate,Kothrud,13,0,2,1720,8826,0,18.473023255813956,0.0,0
Swargate,Kothrud,15,0,0,1327,7667,0,20.799698568198945,0.0,1
Swargate,Kothrud,15,0,1,1384,7173,0,18.658092485549133,0.0,0
Swargate,Kothrud,15,0,2,1613,8790,0,19.61810291382517,0.0,0
Swargate,Kothrud,17,0,0,1490,7479,0,18.070067114093963,0.0,1
Swargate,Kothrud,17,0,1,1567,7309,0,16.791576260370135,0.0,0
Swargate,Kothrud,17,0,2,1830,8790,0,17.291803278688523,0.0,0
Swargate,Kothrud,19,0,0,1515,7531,0,17.895445544554455,0.0,1
Swargate,Kothrud,19,0,1,1778,8125,0,16.451068616422948,0.0,0
Swargate,Kothrud,19,0,2,1591,7445,0,16.846008799497174,0.0,0
Swargate,Kothrud,21,0,0,1109,7445,0,24.16771866546438,0.0,1
Swargate,Kothrud,21,0,1,1166,7383,0,22.79485420240137,0.0,0
Swargate,Kothrud,21,0,2,1196,7479,0,22.512040133779266,0.0,0
Swargate,Kothrud,23,0,0,903,7463,0,29.75282392026578,0.0,1
Swargate,Kothrud,23,0,1,971,7383,0,27.37260556127704,0.0,0
Swargate,Kothrud,23,0,2,1024,7479,0,26.293359375,0.0,0
Swargate,Kothrud,7,1,0,990,7445,0,27.07272727272727,0.0,1
Swargate,Kothrud,7,1,1,1058,7247,0,24.65897920604915,0.0,0
Swargate,Kothrud,7,1,2,1404,8790,0,22.538461538461537,0.0,0
Swargate,Kothrud,9,1,0,1314,7667,0,21.005479452054796,0.0,1
Swargate,Kothrud,9,1,1,1324,7445,0,20.243202416918432,0.0,0
Swargate,Kothrud,9,1,2,1635,8790,0,19.35412844036697,0.0,0
Swargate,Kothrud,11,1,0,1464,7667,0,18.85327868852459,0.0,1
Swargate,Kothrud,11,1,1,1512,7173,0,17.07857142857143,0.0,0
Swargate,Kothrud,11,1,2,1740,8826,0,18.260689655172413,0.0,0
Swargate,Kothrud,13,1,0,1442,7667,0,19.140915395284328,0.0,1
Swargate,Kothrud,13,1,1,1492,7173,0,17.30750670241287,0.0,0
Swargate,Kothrud,13,1,2,1735,8826,0,18.313314121037465,0.0,0
Swargate,Kothrud,15,1,0,1318,7667,0,20.94172989377845,0.0,1
Swargate,Kothrud,15,1,1,1357,7173,0,19.029329403095065,0.0,0
Swargate,Kothrud,15,1,2,1635,8826,0,19.433394495412845,0.0,0
Swargate,Kothrud,17,1,0,1491,7479,0,18.057947686116695,0.0,1
Swargate,Kothrud,17,1,1,1571,7309,0,16.748822406110758,0.0,0
Swargate,Kothrud,17,1,2,1846,8826,0,17.21213434452871,0.0,0
Swargate,Kothrud,19,1,0,1546,7326,0,17.059249676584734,0.0,1
Swargate,Kothrud,19,1,1,1629,7173,0,15.851933701657458,0.0,0
Swargate,Kothrud,19,1,2,2013,8826,0,15.784202682563338,0.0,0
Swargate,Kothrud,21,1,0,1107,7445,0,24.211382113821134,0.0,1
Swargate,Kothrud,21,1,1,1172,7383,0,22.67815699658703,0.0,0
Swargate,Kothrud,21,1,2,1317,7596,0,20.763553530751707,0.0,0
Swargate,Kothrud,23,1,0,903,7463,0,29.75282392026578,0.0,1
Swargate,Kothrud,23,1,1,971,7383,0,27.37260556127704,0.0,0
Swargate,Kothrud,23,1,2,1024,7479,0,26.293359375,0.0,0
Swargate,Kothrud,7,2,0,983,7445,0,27.26551373346897,0.0,1
Swargate,Kothrud,7,2,1,1052,7247,0,24.79961977186312,0.0,0
Swargate,Kothrud,7,2,2,1404,8790,0,22.538461538461537,0.0,0
Swargate,Kothrud,9,2,0,1295,7531,0,20.935598455598456,0.0,1
Swargate,Kothrud,9,2,1,1325,6938,0,18.85041509433962,0.0,0
Swargate,Kothrud,9,2,2,1657,8790,0,19.09716354858177,0.0,0
Swargate,Kothrud,11,2,0,1456,7667,0,18.95686813186813,0.0,1
Swargate,Kothrud,11,2,1,1543,7173,0,16.73545042125729,0.0,0
Swargate,Kothrud,11,2,2,1761,8826,0,18.042930153321976,0.0,0
Swargate,Kothrud,13,2,0,1465,7667,0,18.840409556313997,0.0,1
Swargate,Kothrud,13,2,1,1520,7173,0,16.988684210526316,0.0,0
Swargate,Kothrud,13,2,2,1760,8826,0,18.05318181818182,0.0,0
Swargate,Kothrud,15,2,0,1339,7667,0,20.61329350261389,0.0,1
Swargate,Kothrud,15,2,1,1415,7173,0,18.249328621908127,0.0,0
Swargate,Kothrud,15,2,2,1647,8790,0,19.21311475409836,0.0,0
Swargate,Kothrud,17,2,0,1495,7479,0,18.00963210702341,0.0,1
Swargate,Kothrud,17,2,1,1610,7309,0,16.343105590062112,0.0,0
Swargate,Kothrud,17,2,2,1874,8826,0,16.95496264674493,0.0,0
Swargate,Kothrud,19,2,0,1534,7531,0,17.67379400260756,0.0,1
Swargate,Kothrud,19,2,1,1794,8125,0,16.304347826086957,0.0,0
Swargate,Kothrud,19,2,2,1586,7445,0,16.899117276166457,0.0,0
Swargate,Kothrud,21,2,0,1116,7463,0,24.074193548387097,0.0,1
Swargate,Kothrud,21,2,1,1176,7383,0,22.601020408163265,0.0,0
Swargate,Kothrud,21,2,2,1325,7596,0,20.63818867924528,0.0,0
Swargate,Kothrud,23,2,0,903,7463,0,29.75282392026578,0.0,1
Swargate,Kothrud,23,2,1,971,7383,0,27.37260556127704,0.0,0
Swargate,Kothrud,23,2,2,1024,7479,0,26.293359375,0.0,0
Swargate,Kothrud,7,3,0,981,7463,0,27.38715596330275,0.0,1
Swargate,Kothrud,7,3,1,1046,7383,0,25.409942638623328,0.0,0
Swargate,Kothrud,7,3,2,1141,7614,0,24.023137598597724,0.0,0
Swargate,Kothrud,9,3,0,1261,7463,0,21.305947660586835,0.0,1
Swargate,Kothrud,9,3,1,1310,7383,0,20.28916030534351,0.0,0
Swargate,Kothrud,9,3,2,1412,7596,0,19.366572237960337,0.0,0
Swargate,Kothrud,11,3,0,1455,7667,0,18.96989690721649,0.0,1
Swargate,Kothrud,11,3,1,1496,7173,0,17.261229946524065,0.0,0
Swargate,Kothrud,11,3,2,1777,8826,0,17.88047270680923,0.0,0
Swargate,Kothrud,13,3,0,1510,7667,0,18.278940397350997,0.0,1
Swargate,Kothrud,13,3,1,1553,7173,0,16.62768834513844,0.0,0
Swargate,Kothrud,13,3,2,1818,8826,0,17.477227722772277,0.0,0
Swargate,Kothrud,15,3,0,1403,7667,0,19.672986457590877,0.0,1
Swargate,Kothrud,15,3,1,1529,7173,0,16.88868541530412,0.0,0
Swargate,Kothrud,15,3,2,1725,8826,0,18.419478260869564,0.0,0
Swargate,Kothrud,17,3,0,1535,7479,0,17.540325732899024,0.0,1
Swargate,Kothrud,17,3,1,1676,7309,0,15.699522673031026,0.0,0
Swargate,Kothrud,17,3,2,1899,8826,0,16.731753554502372,0.0,0
Swargate,Kothrud,19,3,0,1528,7479,0,17.62068062827225,0.0,1
Swargate,Kothrud,19,3,1,1637,7309,0,16.073549175320707,0.0,0
Swargate,Kothrud,19,3,2,1604,7448,0,16.716209476309228,0.0,0
Swargate,Kothrud,21,3,0,1118,7445,0,23.97316636851521,0.0,1
Swargate,Kothrud,21,3,1,1172,7247,0,22.260409556313995,0.0,0
Swargate,Kothrud,21,3,2,1544,8790,0,20.49481865284974,0.0,0
Swargate,Kothrud,23,3,0,903,7463,0,29.75282392026578,0.0,1
Swargate,Kothrud,23,3,1,971,7383,0,27.37260556127704,0.0,0
Swargate,Kothrud,23,3,2,1024,7479,0,26.293359375,0.0,0
Swargate,Kothrud,7,4,0,955,7445,0,28.064921465968588,0.0,1
Swargate,Kothrud,7,4,1,1016,7247,0,25.678346456692918,0.0,0
Swargate,Kothrud,7,4,2,1247,9326,0,26.923496391339214,0.0,0
Swargate,Kothrud,9,4,0,1122,7445,0,23.88770053475936,0.0,1
Swargate,Kothrud,9,4,1,1154,7247,0,22.607625649913345,0.0,0
Swargate,Kothrud,9,4,2,1545,8790,0,20.481553398058253,0.0,0
Swargate,Kothrud,11,4,0,1241,7531,0,21.846575342465755,0.0,1
Swargate,Kothrud,11,4,1,1398,8199,0,21.113304721030044,0.0,0
Swargate,Kothrud,11,4,2,1273,7445,0,21.054202670856245,0.0,0
Swargate,Kothrud,13,4,0,1303,7531,0,20.80706062931696,0.0,1
Swargate,Kothrud,13,4,1,1466,8125,0,19.95225102319236,0.0,0
Swargate,Kothrud,13,4,2,1546,8071,0,18.79404915912031,0.0,0
Swargate,Kothrud,15,4,0,1267,7531,0,21.3982636148382,0.0,1
Swargate,Kothrud,15,4,1,1312,7309,0,20.055182926829268,0.0,0
Swargate,Kothrud,15,4,2,1630,8826,0,19.493006134969328,0.0,0
Swargate,Kothrud,17,4,0,1353,7531,0,20.03813747228381,0.0,1
Swargate,Kothrud,17,4,1,1512,8125,0,19.34523809523809,0.0,0
Swargate,Kothrud,17,4,2,1641,8243,0,18.08336380255941,0.0,0
Swargate,Kothrud,19,4,0,1365,7531,0,19.86197802197802,0.0,1
Swargate,Kothrud,19,4,1,1528,8125,0,19.14267015706806,0.0,0
Swargate,Kothrud,19,4,2,1598,8071,0,18.182478097622027,0.0,0
Swargate,Kothrud,21,4,0,1077,7445,0,24.88579387186629,0.0,1
Swargate,Kothrud,21,4,1,1128,7247,0,23.12872340425532,0.0,0
Swargate,Kothrud,21,4,2,1352,9326,0,24.832544378698227,0.0,0
Swargate,Kothrud,23,4,0,903,7463,0,29.75282392026578,0.0,1
Swargate,Kothrud,23,4,1,971,7383,0,27.37260556127704,0.0,0
Swargate,Kothrud,23,4,2,1024,7479,0,26.293359375,0.0,0
Swargate,Kothrud,7,5,0,986,7445,0,27.18255578093306,0.0,1
Swargate,Kothrud,7,5,1,1052,7247,0,24.79961977186312,0.0,0
Swargate,Kothrud,7,5,2,1403,8790,0,22.55452601568068,0.0,0
Swargate,Kothrud,9,5,0,1296,7531,0,20.919444444444444,0.0,1
Swargate,Kothrud,9,5,1,1460,8125,0,20.034246575342465,0.0,0
Swargate,Kothrud,9,5,2,1333,6938,0,18.73728432108027,0.0,0
Swargate,Kothrud,11,5,0,1449,7667,0,19.04844720496894,0.0,1
Swargate,Kothrud,11,5,1,1720,8089,0,16.93046511627907,0.0,0
Swargate,Kothrud,11,5,2,1733,8826,0,18.334448932487017,0.0,0
Swargate,Kothrud,13,5,0,1428,7667,0,19.32857142857143,0.0,1
Swargate,Kothrud,13,5,1,1490,7173,0,17.33073825503356,0.0,0
Swargate,Kothrud,13,5,2,1732,8826,0,18.34503464203233,0.0,0
Swargate,Kothrud,15,5,0,1319,7667,0,20.92585291887794,0.0,1
Swargate,Kothrud,15,5,1,1373,7173,0,18.807574654042245,0.0,0
Swargate,Kothrud,15,5,2,1618,8790,0,19.557478368355994,0.0,0
Swargate,Kothrud,17,5,0,1484,7479,0,18.14312668463612,0.0,1
Swargate,Kothrud,17,5,1,1560,7309,0,16.866923076923076,0.0,0
Swargate,Kothrud,17,5,2,1826,8826,0,17.40065717415115,0.0,0
Swargate,Kothrud,19,5,0,1510,7531,0,17.954701986754966,0.0,1
Swargate,Kothrud,19,5,1,1777,8125,0,16.460326392796848,0.0,0
Swargate,Kothrud,19,5,2,1539,7445,0,17.415204678362574,0.0,0
Swargate,Kothrud,21,5,0,1097,7445,0,24.432087511394712,0.0,1
Swargate,Kothrud,21,5,1,1161,7247,0,22.47131782945736,0.0,0
Swargate,Kothrud,21,5,2,1381,9326,0,24.311078928312817,0.0,0
Swargate,Kothrud,23,5,0,903,7463,0,29.75282392026578,0.0,1
Swargate,Kothrud,23,5,1,971,7383,0,27.37260556127704,0.0,0
Swargate,Kothrud,23,5,2,1024,7479,0,26.293359375,0.0,0
Swargate,Kothrud,7,6,0,990,7445,0,27.07272727272727,0.0,1
Swargate,Kothrud,7,6,1,1058,7247,0,24.65897920604915,0.0,0
Swargate,Kothrud,7,6,2,1407,8790,0,22.49040511727079,0.0,0
Swargate,Kothrud,9,6,0,1321,7531,0,20.52354277062831,0.0,1
Swargate,Kothrud,9,6,1,1482,8125,0,19.73684210526316,0.0,0
Swargate,Kothrud,9,6,2,1530,7564,0,17.79764705882353,0.0,0
Swargate,Kothrud,11,6,0,1492,7667,0,18.49946380697051,0.0,1
Swargate,Kothrud,11,6,1,1745,8826,0,18.20836676217765,0.0,0
Swargate,Kothrud,11,6,2,1833,7564,0,14.855646481178397,0.0,0
Swargate,Kothrud,13,6,0,1460,7667,0,18.90493150684932,0.0,1
Swargate,Kothrud,13,6,1,1526,7173,0,16.9218872870249,0.0,0
Swargate,Kothrud,13,6,2,1740,8826,0,18.260689655172413,0.0,0
Swargate,Kothrud,15,6,0,1324,7667,0,20.846827794561936,0.0,1
Swargate,Kothrud,15,6,1,1403,7173,0,18.405416963649323,0.0,0
Swargate,Kothrud,15,6,2,1624,8790,0,19.485221674876843,0.0,0
Swargate,Kothrud,17,6,0,1505,7479,0,17.889966777408638,0.0,1
Swargate,Kothrud,17,6,1,1583,7309,0,16.621857233101707,0.0,0
Swargate,Kothrud,17,6,2,1839,8790,0,17.20717781402936,0.0,0
Swargate,Kothrud,19,6,0,1546,7326,0,17.059249676584734,0.0,1
Swargate,Kothrud,19,6,1,1624,7173,0,15.900738916256158,0.0,0
Swargate,Kothrud,19,6,2,1998,8826,0,15.902702702702705,0.0,0
Swargate,Kothrud,21,6,0,1111,7445,0,24.124212421242124,0.0,1
Swargate,Kothrud,21,6,1,1169,7383,0,22.736355859709157,0.0,0
Swargate,Kothrud,21,6,2,1319,7596,0,20.732069749810464,0.0,0
Swargate,Kothrud,23,6,0,903,7463,0,29.75282392026578,0.0,1
Swargate,Kothrud,23,6,1,971,7383,0,27.37260556127704,0.0,0
Swargate,Kothrud,23,6,2,1024,7479,0,26.293359375,0.0,0
Swargate,Hadapsar,7,0,0,1187,8745,0,26.52232518955349,0.0,1
Swargate,Hadapsar,7,0,1,1706,11398,0,24.05205158264947,0.0,0
Swargate,Hadapsar,7,0,2,2076,14315,0,24.82369942196532,0.0,0
Swargate,Hadapsar,9,0,0,1387,8326,0,21.61038211968277,0.0,1
Swargate,Hadapsar,9,0,1,1938,11398,0,21.17275541795665,0.0,0
Swargate,Hadapsar,9,0,2,1537,9733,0,22.796877033181524,0.0,0
Swargate,Hadapsar,11,0,0,1514,8326,0,19.79762219286658,0.0,1
Swargate,Hadapsar,11,0,1,1662,9733,0,21.08231046931408,0.0,0
Swargate,Hadapsar,11,0,2,2361,11988,0,18.279034307496826,0.0,0
Swargate,Hadapsar,13,0,0,1531,8326,0,19.577792292619204,0.0,1
Swargate,Hadapsar,13,0,1,2075,11477,0,19.911903614457835,0.0,0
Swargate,Hadapsar,13,0,2,1684,9733,0,20.80688836104513,0.0,0
Swargate,Hadapsar,15,0,0,1425,8326,0,21.034105263157898,0.0,1
Swargate,Hadapsar,15,0,1,1616,9733,0,21.68242574257426,0.0,0
Swargate,Hadapsar,15,0,2,2414,11988,0,17.87771333885667,0.0,0
Swargate,Hadapsar,17,0,0,1590,8326,0,18.851320754716983,0.0,1
Swargate,Hadapsar,17,0,1,1739,9733,0,20.14882116158712,0.0,0
Swargate,Hadapsar,17,0,2,2571,11988,0,16.785997666277712,0.0,0
Swargate,Hadapsar,19,0,0,1690,8326,0,17.73585798816568,0.0,1
Swargate,Hadapsar,19,0,1,2152,11477,0,19.19944237918216,0.0,0
Swargate,Hadapsar,19,0,2,1782,9733,0,19.662626262626265,0.0,0
Swargate,Hadapsar,21,0,0,1318,8745,0,23.88619119878604,0.0,1
Swargate,Hadapsar,21,0,1,1766,11398,0,23.23488108720272,0.0,0
Swargate,Hadapsar,21,0,2,1476,10151,0,24.758536585365853,0.0,0
Swargate,Hadapsar,23,0,0,1116,8745,0,28.20967741935484,0.0,1
Swargate,Hadapsar,23,0,1,1602,11398,0,25.613483146067416,0.0,0
Swargate,Hadapsar,23,0,2,1851,14315,0,27.841166936790923,0.0,0
Swargate,Hadapsar,7,1,0,1191,8745,0,26.43324937027708,0.0,1
Swargate,Hadapsar,7,1,1,1694,11398,0,24.222432113341203,0.0,0
Swargate,Hadapsar,7,1,2,2045,14315,0,25.2,0.0,0
Swargate,Hadapsar,9,1,0,1396,8326,0,21.47106017191977,0.0,1
Swargate,Hadapsar,9,1,1,1918,11398,0,21.393534932221066,0.0,0
Swargate,Hadapsar,9,1,2,1541,9733,0,22.737702790395847,0.0,0
Swargate,Hadapsar,11,1,0,1511,8326,0,19.83692918596956,0.0,1
Swargate,Hadapsar,11,1,1,1651,9733,0,21.222774076317386,0.0,0
Swargate,Hadapsar,11,1,2,2349,11988,0,18.372413793103448,0.0,0
Swargate,Hadapsar,13,1,0,1529,8326,0,19.60340091563113,0.0,1
Swargate,Hadapsar,13,1,1,2062,11477,0,20.03743937924345,0.0,0
Swargate,Hadapsar,13,1,2,1676,9733,0,20.90620525059666,0.0,0
Swargate,Hadapsar,15,1,0,1404,8326,0,21.34871794871795,0.0,1
Swargate,Hadapsar,15,1,1,1982,11477,0,20.846215943491423,0.0,0
Swargate,Hadapsar,15,1,2,1597,9733,0,21.940388227927365,0.0,0
Swargate,Hadapsar,17,1,0,1576,8326,0,19.018781725888328,0.0,1
Swargate,Hadapsar,17,1,1,2148,11477,0,19.23519553072626,0.0,0
Swargate,Hadapsar,17,1,2,1738,9733,0,20.16041426927503,0.0,0
Swargate,Hadapsar,19,1,0,1687,8326,0,17.767397747480736,0.0,1
Swargate,Hadapsar,19,1,1,2188,11477,0,18.883546617915908,0.0,0
Swargate,Hadapsar,19,1,2,1798,9733,0,19.48765294771969,0.0,0
Swargate,Hadapsar,21,1,0,1323,8745,0,23.795918367346932,0.0,1
Swargate,Hadapsar,21,1,1,1786,11398,0,22.974692049272115,0.0,0
Swargate,Hadapsar,21,1,2,1478,10151,0,24.725033829499324,0.0,0
Swargate,Hadapsar,23,1,0,1116,8745,0,28.20967741935484,0.0,1
Swargate,Hadapsar,23,1,1,1602,11398,0,25.613483146067416,0.0,0
Swargate,Hadapsar,23,1,2,1851,14315,0,27.841166936790923,0.0,0
Swargate,Hadapsar,7,2,0,1189,8745,0,26.47771236333053,0.0,1
Swargate,Hadapsar,7,2,1,1693,11398,0,24.236739515652687,0.0,0
Swargate,Hadapsar,7,2,2,2063,14315,0,24.98012603005332,0.0,0
Swargate,Hadapsar,9,2,0,1387,8326,0,21.61038211968277,0.0,1
Swargate,Hadapsar,9,2,1,1910,11398,0,21.483141361256543,0.0,0
Swargate,Hadapsar,9,2,2,1536,9733,0,22.81171875,0.0,0
Swargate,Hadapsar,11,2,0,1496,8326,0,20.035828877005347,0.0,1
Swargate,Hadapsar,11,2,1,1645,9733,0,21.30018237082067,0.0,0
Swargate,Hadapsar,11,2,2,2332,11988,0,18.506346483704974,0.0,0
Swargate,Hadapsar,13,2,0,1516,8326,0,19.771503957783644,0.0,1
Swargate,Hadapsar,13,2,1,2068,11477,0,19.97930367504836,0.0,0
Swargate,Hadapsar,13,2,2,1671,9733,0,20.96876122082585,0.0,0
Swargate,Hadapsar,15,2,0,1416,8326,0,21.167796610169493,0.0,1
Swargate,Hadapsar,15,2,1,2010,11477,0,20.555820895522388,0.0,0
Swargate,Hadapsar,15,2,2,1605,9733,0,21.831028037383177,0.0,0
Swargate,Hadapsar,17,2,0,1611,8326,0,18.60558659217877,0.0,1
Swargate,Hadapsar,17,2,1,2176,11477,0,18.98768382352941,0.0,0
Swargate,Hadapsar,17,2,2,1756,9733,0,19.953758542141237,0.0,0
Swargate,Hadapsar,19,2,0,1729,8326,0,17.335801041064197,0.0,1
Swargate,Hadapsar,19,2,1,2193,11477,0,18.84049247606019,0.0,0
Swargate,Hadapsar,19,2,2,1812,9733,0,19.33708609271524,0.0,0
Swargate,Hadapsar,21,2,0,1323,8745,0,23.795918367346932,0.0,1
Swargate,Hadapsar,21,2,1,1787,11398,0,22.961835478455512,0.0,0
Swargate,Hadapsar,21,2,2,1480,10151,0,24.69162162162162,0.0,0
Swargate,Hadapsar,23,2,0,1116,8745,0,28.20967741935484,0.0,1
Swargate,Hadapsar,23,2,1,1602,11398,0,25.613483146067416,0.0,0
Swargate,Hadapsar,23,2,2,1851,14315,0,27.841166936790923,0.0,0
Swargate,Hadapsar,7,3,0,1177,8745,0,26.747663551401867,0.0,1
Swargate,Hadapsar,7,3,1,1651,11398,0,24.85330102967898,0.0,0
Swargate,Hadapsar,7,3,2,1355,10151,0,26.969446494464943,0.0,0
Swargate,Hadapsar,9,3,0,1309,8326,0,22.89809014514897,0.0,1
Swargate,Hadapsar,9,3,1,1778,11398,0,23.07806524184477,0.0,0
Swargate,Hadapsar,9,3,2,1452,9733,0,24.131404958677688,0.0,0
Swargate,Hadapsar,11,3,0,1463,8326,0,20.48776486671224,0.0,1
Swargate,Hadapsar,11,3,1,1968,11398,0,20.85,0.0,0
Swargate,Hadapsar,11,3,2,1608,9733,0,21.790298507462687,0.0,0
Swargate,Hadapsar,13,3,0,1550,8326,0,19.337806451612902,0.0,1
Swargate,Hadapsar,13,3,1,2049,11477,0,20.164568081991213,0.0,0
Swargate,Hadapsar,13,3,2,1706,9733,0,20.538569753810084,0.0,0
Swargate,Hadapsar,15,3,0,1561,8326,0,19.201537475976934,0.0,1
Swargate,Hadapsar,15,3,1,2060,11477,0,20.056893203883497,0.0,0
Swargate,Hadapsar,15,3,2,2185,11883,0,19.578398169336385,0.0,0
Swargate,Hadapsar,17,3,0,1682,8326,0,17.82021403091558,0.0,1
Swargate,Hadapsar,17,3,1,2151,11477,0,19.20836820083682,0.0,0
Swargate,Hadapsar,17,3,2,2341,11883,0,18.273729175566,0.0,0
Swargate,Hadapsar,19,3,0,1667,8326,0,17.980563887222555,0.0,1
Swargate,Hadapsar,19,3,1,2124,11477,0,19.45254237288136,0.0,0
Swargate,Hadapsar,19,3,2,1786,9733,0,19.61858902575588,0.0,0
Swargate,Hadapsar,21,3,0,1311,8745,0,24.0137299771167,0.0,1
Swargate,Hadapsar,21,3,1,1782,11398,0,23.026262626262625,0.0,0
Swargate,Hadapsar,21,3,2,1470,10151,0,24.85959183673469,0.0,0
Swargate,Hadapsar,23,3,0,1116,8745,0,28.20967741935484,0.0,1
Swargate,Hadapsar,23,3,1,1602,11398,0,25.613483146067416,0.0,0
Swargate,Hadapsar,23,3,2,1851,14315,0,27.841166936790923,0.0,0
Swargate,Hadapsar,7,4,0,1151,8745,0,27.351867940920933,0.0,1
Swargate,Hadapsar,7,4,1,1636,11398,0,25.08117359413203,0.0,0
Swargate,Hadapsar,7,4,2,1920,14315,0,26.840625,0.0,0
Swargate,Hadapsar,9,4,0,1248,8745,0,25.225961538461537,0.0,1
Swargate,Hadapsar,9,4,1,1697,11398,0,24.1796110783736,0.0,0
Swargate,Hadapsar,9,4,2,1409,10151,0,25.93584102200142,0.0,0
Swargate,Hadapsar,11,4,0,1387,8745,0,22.697909156452774,0.0,1
Swargate,Hadapsar,11,4,1,1796,11398,0,22.846770601336303,0.0,0
Swargate,Hadapsar,11,4,2,1487,9733,0,23.563416274377943,0.0,0
Swargate,Hadapsar,13,4,0,1388,8326,0,21.594812680115275,0.0,1
Swargate,Hadapsar,13,4,1,1856,11398,0,22.108189655172414,0.0,0
Swargate,Hadapsar,13,4,2,1538,9733,0,22.782054616384915,0.0,0
Swargate,Hadapsar,15,4,0,1418,8326,0,21.13794076163611,0.0,1
Swargate,Hadapsar,15,4,1,1898,11398,0,21.618967334035823,0.0,0
Swargate,Hadapsar,15,4,2,1575,9733,0,22.246857142857145,0.0,0
Swargate,Hadapsar,17,4,0,1443,8326,0,20.77172557172557,0.0,1
Swargate,Hadapsar,17,4,1,1956,11477,0,21.123312883435585,0.0,0
Swargate,Hadapsar,17,4,2,1622,9733,0,21.60221948212084,0.0,0
Swargate,Hadapsar,19,4,0,1392,8326,0,21.532758620689656,0.0,1
Swargate,Hadapsar,19,4,1,1924,11477,0,21.47463617463617,0.0,0
Swargate,Hadapsar,19,4,2,1583,9733,0,22.13442830069488,0.0,0
Swargate,Hadapsar,21,4,0,1243,8745,0,25.32743362831858,0.0,1
Swargate,Hadapsar,21,4,1,1722,11398,0,23.82857142857143,0.0,0
Swargate,Hadapsar,21,4,2,1421,10151,0,25.716819141449683,0.0,0
Swargate,Hadapsar,23,4,0,1116,8745,0,28.20967741935484,0.0,1
Swargate,Hadapsar,23,4,1,1602,11398,0,25.613483146067416,0.0,0
Swargate,Hadapsar,23,4,2,1851,14315,0,27.841166936790923,0.0,0
Swargate,Hadapsar,7,5,0,1186,8745,0,26.54468802698145,0.0,1
Swargate,Hadapsar,7,5,1,1695,11398,0,24.208141592920352,0.0,0
Swargate,Hadapsar,7,5,2,2048,14315,0,25.1630859375,0.0,0
Swargate,Hadapsar,9,5,0,1388,8326,0,21.594812680115275,0.0,1
Swargate,Hadapsar,9,5,1,1912,11398,0,21.460669456066945,0.0,0
Swargate,Hadapsar,9,5,2,1534,9733,0,22.84146023468057,0.0,0
Swargate,Hadapsar,11,5,0,1517,8326,0,19.75847066578774,0.0,1
Swargate,Hadapsar,11,5,1,1661,9733,0,21.0950030102348,0.0,0
Swargate,Hadapsar,11,5,2,2333,11988,0,18.498414059151305,0.0,0
Swargate,Hadapsar,13,5,0,1537,8326,0,19.50136629798309,0.0,1
Swargate,Hadapsar,13,5,1,2072,11477,0,19.94073359073359,0.0,0
Swargate,Hadapsar,13,5,2,1687,9733,0,20.769887374036752,0.0,0
Swargate,Hadapsar,15,5,0,1419,8326,0,21.123044397463005,0.0,1
Swargate,Hadapsar,15,5,1,1608,9733,0,21.790298507462687,0.0,0
Swargate,Hadapsar,15,5,2,2399,11988,0,17.98949562317632,0.0,0
Swargate,Hadapsar,17,5,0,1592,8326,0,18.827638190954776,0.0,1
Swargate,Hadapsar,17,5,1,2169,11477,0,19.04896265560166,0.0,0
Swargate,Hadapsar,17,5,2,1744,9733,0,20.09105504587156,0.0,0
Swargate,Hadapsar,19,5,0,1705,8326,0,17.579824046920823,0.0,1
Swargate,Hadapsar,19,5,1,2179,11477,0,18.96154199173933,0.0,0
Swargate,Hadapsar,19,5,2,1798,9733,0,19.48765294771969,0.0,0
Swargate,Hadapsar,21,5,0,1320,8745,0,23.85,0.0,1
Swargate,Hadapsar,21,5,1,1778,11398,0,23.07806524184477,0.0,0
Swargate,Hadapsar,21,5,2,1474,10151,0,24.792130257801897,0.0,0
Swargate,Hadapsar,23,5,0,1116,8745,0,28.20967741935484,0.0,1
Swargate,Hadapsar,23,5,1,1602,11398,0,25.613483146067416,0.0,0
Swargate,Hadapsar,23,5,2,1851,14315,0,27.841166936790923,0.0,0
Swargate,Hadapsar,7,6,0,1211,8745,0,25.99669694467382,0.0,1
Swargate,Hadapsar,7,6,1,1714,11398,0,23.93978996499417,0.0,0
Swargate,Hadapsar,7,6,2,1379,10151,0,26.500072516316173,0.0,0
Swargate,Hadapsar,9,6,0,1433,8326,0,20.91667829727844,0.0,1
Swargate,Hadapsar,9,6,1,1964,11398,0,20.892464358452138,0.0,0
Swargate,Hadapsar,9,6,2,1556,9733,0,22.518508997429308,0.0,0
Swargate,Hadapsar,11,6,0,1566,8326,0,19.140229885057472,0.0,1
Swargate,Hadapsar,11,6,1,2141,11398,0,19.16524988323213,0.0,0
Swargate,Hadapsar,11,6,2,1712,9733,0,20.46658878504673,0.0,0
Swargate,Hadapsar,13,6,0,1562,8326,0,19.189244558258643,0.0,1
Swargate,Hadapsar,13,6,1,2096,11477,0,19.712404580152672,0.0,0
Swargate,Hadapsar,13,6,2,1723,9733,0,20.33592571096924,0.0,0
Swargate,Hadapsar,15,6,0,1457,8326,0,20.572134522992453,0.0,1
Swargate,Hadapsar,15,6,1,1627,9733,0,21.53583282114321,0.0,0
Swargate,Hadapsar,15,6,2,2434,11988,0,17.730813475760066,0.0,0
Swargate,Hadapsar,17,6,0,1625,8326,0,18.44529230769231,0.0,1
Swargate,Hadapsar,17,6,1,2212,11477,0,18.67866184448463,0.0,0
Swargate,Hadapsar,17,6,2,1762,9733,0,19.885811577752555,0.0,0
Swargate,Hadapsar,19,6,0,1711,8326,0,17.518176504967855,0.0,1
Swargate,Hadapsar,19,6,1,2169,11477,0,19.04896265560166,0.0,0
Swargate,Hadapsar,19,6,2,1818,9733,0,19.273267326732675,0.0,0
Swargate,Hadapsar,21,6,0,1322,8745,0,23.81391830559758,0.0,1
Swargate,Hadapsar,21,6,1,1772,11398,0,23.15620767494357,0.0,0
Swargate,Hadapsar,21,6,2,1479,10151,0,24.70831643002028,0.0,0
Swargate,Hadapsar,23,6,0,1116,8745,0,28.20967741935484,0.0,1
Swargate,Hadapsar,23,6,1,1602,11398,0,25.613483146067416,0.0,0
Swargate,Hadapsar,23,6,2,1851,14315,0,27.841166936790923,0.0,0
Swargate,Hadapsar,7,0,0,1187,8745,0,26.52232518955349,0.0,1
Swargate,Hadapsar,7,0,1,1706,11398,0,24.05205158264947,0.0,0
Swargate,Hadapsar,7,0,2,2076,14315,0,24.82369942196532,0.0,0
Swargate,Hadapsar,9,0,0,1387,8326,0,21.61038211968277,0.0,1
Swargate,Hadapsar,9,0,1,1938,11398,0,21.17275541795665,0.0,0
Swargate,Hadapsar,9,0,2,1537,9733,0,22.796877033181524,0.0,0
Swargate,Hadapsar,11,0,0,1514,8326,0,19.79762219286658,0.0,1
Swargate,Hadapsar,11,0,1,1662,9733,0,21.08231046931408,0.0,0
Swargate,Hadapsar,11,0,2,2361,11988,0,18.279034307496826,0.0,0
Swargate,Hadapsar,13,0,0,1531,8326,0,19.577792292619204,0.0,1
Swargate,Hadapsar,13,0,1,2075,11477,0,19.911903614457835,0.0,0
Swargate,Hadapsar,13,0,2,1684,9733,0,20.80688836104513,0.0,0
Swargate,Hadapsar,15,0,0,1425,8326,0,21.034105263157898,0.0,1
Swargate,Hadapsar,15,0,1,1616,9733,0,21.68242574257426,0.0,0
Swargate,Hadapsar,15,0,2,2414,11988,0,17.87771333885667,0.0,0
Swargate,Hadapsar,17,0,0,1590,8326,0,18.851320754716983,0.0,1
Swargate,Hadapsar,17,0,1,1739,9733,0,20.14882116158712,0.0,0
Swargate,Hadapsar,17,0,2,2571,11988,0,16.785997666277712,0.0,0
Swargate,Hadapsar,19,0,0,1690,8326,0,17.73585798816568,0.0,1
Swargate,Hadapsar,19,0,1,2152,11477,0,19.19944237918216,0.0,0
Swargate,Hadapsar,19,0,2,1782,9733,0,19.662626262626265,0.0,0
Swargate,Hadapsar,21,0,0,1318,8745,0,23.88619119878604,0.0,1
Swargate,Hadapsar,21,0,1,1766,11398,0,23.23488108720272,0.0,0
Swargate,Hadapsar,21,0,2,1476,10151,0,24.758536585365853,0.0,0
Swargate,Hadapsar,23,0,0,1116,8745,0,28.20967741935484,0.0,1
Swargate,Hadapsar,23,0,1,1602,11398,0,25.613483146067416,0.0,0
Swargate,Hadapsar,23,0,2,1851,14315,0,27.841166936790923,0.0,0
Swargate,Hadapsar,7,1,0,1191,8745,0,26.43324937027708,0.0,1
Swargate,Hadapsar,7,1,1,1694,11398,0,24.222432113341203,0.0,0
Swargate,Hadapsar,7,1,2,2045,14315,0,25.2,0.0,0
Swargate,Hadapsar,9,1,0,1396,8326,0,21.47106017191977,0.0,1
Swargate,Hadapsar,9,1,1,1918,11398,0,21.393534932221066,0.0,0
Swargate,Hadapsar,9,1,2,1541,9733,0,22.737702790395847,0.0,0
Swargate,Hadapsar,11,1,0,1511,8326,0,19.83692918596956,0.0,1
Swargate,Hadapsar,11,1,1,1651,9733,0,21.222774076317386,0.0,0
Swargate,Hadapsar,11,1,2,2349,11988,0,18.372413793103448,0.0,0
Swargate,Hadapsar,13,1,0,1529,8326,0,19.60340091563113,0.0,1
Swargate,Hadapsar,13,1,1,2062,11477,0,20.03743937924345,0.0,0
Swargate,Hadapsar,13,1,2,1676,9733,0,20.90620525059666,0.0,0
Swargate,Hadapsar,15,1,0,1404,8326,0,21.34871794871795,0.0,1
Swargate,Hadapsar,15,1,1,1982,11477,0,20.846215943491423,0.0,0
Swargate,Hadapsar,15,1,2,1597,9733,0,21.940388227927365,0.0,0
Swargate,Hadapsar,17,1,0,1576,8326,0,19.018781725888328,0.0,1
Swargate,Hadapsar,17,1,1,2148,11477,0,19.23519553072626,0.0,0
Swargate,Hadapsar,17,1,2,1738,9733,0,20.16041426927503,0.0,0
Swargate,Hadapsar,19,1,0,1687,8326,0,17.767397747480736,0.0,1
Swargate,Hadapsar,19,1,1,2188,11477,0,18.883546617915908,0.0,0
Swargate,Hadapsar,19,1,2,1798,9733,0,19.48765294771969,0.0,0
Swargate,Hadapsar,21,1,0,1323,8745,0,23.795918367346932,0.0,1
Swargate,Hadapsar,21,1,1,1786,11398,0,22.974692049272115,0.0,0
Swargate,Hadapsar,21,1,2,1478,10151,0,24.725033829499324,0.0,0
Swargate,Hadapsar,23,1,0,1116,8745,0,28.20967741935484,0.0,1
Swargate,Hadapsar,23,1,1,1602,11398,0,25.613483146067416,0.0,0
Swargate,Hadapsar,23,1,2,1851,14315,0,27.841166936790923,0.0,0
Swargate,Hadapsar,7,2,0,1189,8745,0,26.47771236333053,0.0,1
Swargate,Hadapsar,7,2,1,1693,11398,0,24.236739515652687,0.0,0
Swargate,Hadapsar,7,2,2,2063,14315,0,24.98012603005332,0.0,0
Swargate,Hadapsar,9,2,0,1387,8326,0,21.61038211968277,0.0,1
Swargate,Hadapsar,9,2,1,1910,11398,0,21.483141361256543,0.0,0
Swargate,Hadapsar,9,2,2,1536,9733,0,22.81171875,0.0,0
Swargate,Hadapsar,11,2,0,1496,8326,0,20.035828877005347,0.0,1
Swargate,Hadapsar,11,2,1,1645,9733,0,21.30018237082067,0.0,0
Swargate,Hadapsar,11,2,2,2332,11988,0,18.506346483704974,0.0,0
Swargate,Hadapsar,13,2,0,1516,8326,0,19.771503957783644,0.0,1
Swargate,Hadapsar,13,2,1,2068,11477,0,19.97930367504836,0.0,0
Swargate,Hadapsar,13,2,2,1671,9733,0,20.96876122082585,0.0,0
Swargate,Hadapsar,15,2,0,1416,8326,0,21.167796610169493,0.0,1
Swargate,Hadapsar,15,2,1,1605,9733,0,21.831028037383177,0.0,0
Swargate,Hadapsar,15,2,2,2010,11477,0,20.555820895522388,0.0,0
Swargate,Hadapsar,17,2,0,1611,8326,0,18.60558659217877,0.0,1
Swargate,Hadapsar,17,2,1,2176,11477,0,18.98768382352941,0.0,0
Swargate,Hadapsar,17,2,2,1756,9733,0,19.953758542141237,0.0,0
Swargate,Hadapsar,19,2,0,1729,8326,0,17.335801041064197,0.0,1
Swargate,Hadapsar,19,2,1,2193,11477,0,18.84049247606019,0.0,0
Swargate,Hadapsar,19,2,2,1812,9733,0,19.33708609271524,0.0,0
Swargate,Hadapsar,21,2,0,1323,8745,0,23.795918367346932,0.0,1
Swargate,Hadapsar,21,2,1,1787,11398,0,22.961835478455512,0.0,0
Swargate,Hadapsar,21,2,2,1480,10151,0,24.69162162162162,0.0,0
Swargate,Hadapsar,23,2,0,1116,8745,0,28.20967741935484,0.0,1
Swargate,Hadapsar,23,2,1,1602,11398,0,25.613483146067416,0.0,0
Swargate,Hadapsar,23,2,2,1851,14315,0,27.841166936790923,0.0,0
Swargate,Hadapsar,7,3,0,1177,8745,0,26.747663551401867,0.0,1
Swargate,Hadapsar,7,3,1,1651,11398,0,24.85330102967898,0.0,0
Swargate,Hadapsar,7,3,2,1355,10151,0,26.969446494464943,0.0,0
Swargate,Hadapsar,9,3,0,1309,8326,0,22.89809014514897,0.0,1
Swargate,Hadapsar,9,3,1,1778,11398,0,23.07806524184477,0.0,0
Swargate,Hadapsar,9,3,2,1452,9733,0,24.131404958677688,0.0,0
Swargate,Hadapsar,11,3,0,1463,8326,0,20.48776486671224,0.0,1
Swargate,Hadapsar,11,3,1,1968,11398,0,20.85,0.0,0
Swargate,Hadapsar,11,3,2,1608,9733,0,21.790298507462687,0.0,0
Swargate,Hadapsar,13,3,0,1550,8326,0,19.337806451612902,0.0,1
Swargate,Hadapsar,13,3,1,2049,11477,0,20.164568081991213,0.0,0
Swargate,Hadapsar,13,3,2,1824,10060,0,19.855263157894736,0.0,0
Swargate,Hadapsar,15,3,0,1561,8326,0,19.201537475976934,0.0,1
Swargate,Hadapsar,15,3,1,2060,11477,0,20.056893203883497,0.0,0
Swargate,Hadapsar,15,3,2,2185,11883,0,19.578398169336385,0.0,0
Swargate,Hadapsar,17,3,0,1682,8326,0,17.82021403091558,0.0,1
Swargate,Hadapsar,17,3,1,2151,11477,0,19.20836820083682,0.0,0
Swargate,Hadapsar,17,3,2,2341,11883,0,18.273729175566,0.0,0
Swargate,Hadapsar,19,3,0,1667,8326,0,17.980563887222555,0.0,1
Swargate,Hadapsar,19,3,1,2124,11477,0,19.45254237288136,0.0,0
Swargate,Hadapsar,19,3,2,1786,9733,0,19.61858902575588,0.0,0
Swargate,Hadapsar,21,3,0,1311,8745,0,24.0137299771167,0.0,1
Swargate,Hadapsar,21,3,1,1782,11398,0,23.026262626262625,0.0,0
Swargate,Hadapsar,21,3,2,1470,10151,0,24.85959183673469,0.0,0
Swargate,Hadapsar,23,3,0,1116,8745,0,28.20967741935484,0.0,1
Swargate,Hadapsar,23,3,1,1602,11398,0,25.613483146067416,0.0,0
Swargate,Hadapsar,23,3,2,1851,14315,0,27.841166936790923,0.0,0
Swargate,Hadapsar,7,4,0,1151,8745,0,27.351867940920933,0.0,1
Swargate,Hadapsar,7,4,1,1636,11398,0,25.08117359413203,0.0,0
Swargate,Hadapsar,7,4,2,1920,14315,0,26.840625,0.0,0
Swargate,Hadapsar,9,4,0,1248,8745,0,25.225961538461537,0.0,1
Swargate,Hadapsar,9,4,1,1697,11398,0,24.1796110783736,0.0,0
Swargate,Hadapsar,9,4,2,1409,10151,0,25.93584102200142,0.0,0
Swargate,Hadapsar,11,4,0,1387,8745,0,22.697909156452774,0.0,1
Swargate,Hadapsar,11,4,1,1796,11398,0,22.846770601336303,0.0,0
Swargate,Hadapsar,11,4,2,1487,9733,0,23.563416274377943,0.0,0
Swargate,Hadapsar,13,4,0,1388,8326,0,21.594812680115275,0.0,1
Swargate,Hadapsar,13,4,1,1856,11398,0,22.108189655172414,0.0,0
Swargate,Hadapsar,13,4,2,1538,9733,0,22.782054616384915,0.0,0
Swargate,Hadapsar,15,4,0,1418,8326,0,21.13794076163611,0.0,1
Swargate,Hadapsar,15,4,1,1898,11398,0,21.618967334035823,0.0,0
Swargate,Hadapsar,15,4,2,1928,11883,0,22.18817427385892,0.0,0
Swargate,Hadapsar,17,4,0,1443,8326,0,20.77172557172557,0.0,1
Swargate,Hadapsar,17,4,1,1956,11477,0,21.123312883435585,0.0,0
Swargate,Hadapsar,17,4,2,1984,11883,0,21.56189516129032,0.0,0
Swargate,Hadapsar,19,4,0,1392,8326,0,21.532758620689656,0.0,1
Swargate,Hadapsar,19,4,1,1924,11477,0,21.47463617463617,0.0,0
Swargate,Hadapsar,19,4,2,1583,9733,0,22.13442830069488,0.0,0
Swargate,Hadapsar,21,4,0,1243,8745,0,25.32743362831858,0.0,1
Swargate,Hadapsar,21,4,1,1722,11398,0,23.82857142857143,0.0,0
Swargate,Hadapsar,21,4,2,1421,10151,0,25.716819141449683,0.0,0
Swargate,Hadapsar,23,4,0,1116,8745,0,28.20967741935484,0.0,1
Swargate,Hadapsar,23,4,1,1602,11398,0,25.613483146067416,0.0,0
Swargate,Hadapsar,23,4,2,1851,14315,0,27.841166936790923,0.0,0
Swargate,Hadapsar,7,5,0,1186,8745,0,26.54468802698145,0.0,1
Swargate,Hadapsar,7,5,1,1695,11398,0,24.208141592920352,0.0,0
Swargate,Hadapsar,7,5,2,2048,14315,0,25.1630859375,0.0,0
Swargate,Hadapsar,9,5,0,1388,8326,0,21.594812680115275,0.0,1
Swargate,Hadapsar,9,5,1,1912,11398,0,21.460669456066945,0.0,0
Swargate,Hadapsar,9,5,2,1534,9733,0,22.84146023468057,0.0,0
Swargate,Hadapsar,11,5,0,1517,8326,0,19.75847066578774,0.0,1
Swargate,Hadapsar,11,5,1,1661,9733,0,21.0950030102348,0.0,0
Swargate,Hadapsar,11,5,2,2333,11988,0,18.498414059151305,0.0,0
Swargate,Hadapsar,13,5,0,1537,8326,0,19.50136629798309,0.0,1
Swargate,Hadapsar,13,5,1,2072,11477,0,19.94073359073359,0.0,0
Swargate,Hadapsar,13,5,2,1687,9733,0,20.769887374036752,0.0,0
Swargate,Hadapsar,15,5,0,1419,8326,0,21.123044397463005,0.0,1
Swargate,Hadapsar,15,5,1,1608,9733,0,21.790298507462687,0.0,0
Swargate,Hadapsar,15,5,2,2399,11988,0,17.98949562317632,0.0,0
Swargate,Hadapsar,17,5,0,1592,8326,0,18.827638190954776,0.0,1
Swargate,Hadapsar,17,5,1,2169,11477,0,19.04896265560166,0.0,0
Swargate,Hadapsar,17,5,2,1744,9733,0,20.09105504587156,0.0,0
Swargate,Hadapsar,19,5,0,1705,8326,0,17.579824046920823,0.0,1
Swargate,Hadapsar,19,5,1,2179,11477,0,18.96154199173933,0.0,0
Swargate,Hadapsar,19,5,2,1798,9733,0,19.48765294771969,0.0,0
Swargate,Hadapsar,21,5,0,1320,8745,0,23.85,0.0,1
Swargate,Hadapsar,21,5,1,1778,11398,0,23.07806524184477,0.0,0
Swargate,Hadapsar,21,5,2,1474,10151,0,24.792130257801897,0.0,0
Swargate,Hadapsar,23,5,0,1116,8745,0,28.20967741935484,0.0,1
Swargate,Hadapsar,23,5,1,1602,11398,0,25.613483146067416,0.0,0
Swargate,Hadapsar,23,5,2,1851,14315,0,27.841166936790923,0.0,0
Swargate,Hadapsar,7,6,0,1211,8745,0,25.99669694467382,0.0,1
Swargate,Hadapsar,7,6,1,1714,11398,0,23.93978996499417,0.0,0
Swargate,Hadapsar,7,6,2,1379,10151,0,26.500072516316173,0.0,0
Swargate,Hadapsar,9,6,0,1433,8326,0,20.91667829727844,0.0,1
Swargate,Hadapsar,9,6,1,1964,11398,0,20.892464358452138,0.0,0
Swargate,Hadapsar,9,6,2,1556,9733,0,22.518508997429308,0.0,0
Swargate,Hadapsar,11,6,0,1566,8326,0,19.140229885057472,0.0,1
Swargate,Hadapsar,11,6,1,2141,11398,0,19.16524988323213,0.0,0
Swargate,Hadapsar,11,6,2,1712,9733,0,20.46658878504673,0.0,0
Swargate,Hadapsar,13,6,0,1562,8326,0,19.189244558258643,0.0,1
Swargate,Hadapsar,13,6,1,2096,11477,0,19.712404580152672,0.0,0
Swargate,Hadapsar,13,6,2,1723,9733,0,20.33592571096924,0.0,0
Swargate,Hadapsar,15,6,0,1457,8326,0,20.572134522992453,0.0,1
Swargate,Hadapsar,15,6,1,1627,9733,0,21.53583282114321,0.0,0
Swargate,Hadapsar,15,6,2,2434,11988,0,17.730813475760066,0.0,0
Swargate,Hadapsar,17,6,0,1625,8326,0,18.44529230769231,0.0,1
Swargate,Hadapsar,17,6,1,2212,11477,0,18.67866184448463,0.0,0
Swargate,Hadapsar,17,6,2,1762,9733,0,19.885811577752555,0.0,0
Swargate,Hadapsar,19,6,0,1711,8326,0,17.518176504967855,0.0,1
Swargate,Hadapsar,19,6,1,2169,11477,0,19.04896265560166,0.0,0
Swargate,Hadapsar,19,6,2,1818,9733,0,19.273267326732675,0.0,0
Swargate,Hadapsar,21,6,0,1322,8745,0,23.81391830559758,0.0,1
Swargate,Hadapsar,21,6,1,1772,11398,0,23.15620767494357,0.0,0
Swargate,Hadapsar,21,6,2,1479,10151,0,24.70831643002028,0.0,0
Swargate,Hadapsar,23,6,0,1116,8745,0,28.20967741935484,0.0,1
Swargate,Hadapsar,23,6,1,1602,11398,0,25.613483146067416,0.0,0
Swargate,Hadapsar,23,6,2,1851,14315,0,27.841166936790923,0.0,0
Swargate,Hadapsar,7,0,0,1187,8745,0,26.52232518955349,0.0,1
Swargate,Hadapsar,7,0,1,1706,11398,0,24.05205158264947,0.0,0
Swargate,Hadapsar,7,0,2,2076,14315,0,24.82369942196532,0.0,0
Swargate,Hadapsar,9,0,0,1387,8326,0,21.61038211968277,0.0,1
Swargate,Hadapsar,9,0,1,1938,11398,0,21.17275541795665,0.0,0
Swargate,Hadapsar,9,0,2,1537,9733,0,22.796877033181524,0.0,0
Swargate,Hadapsar,11,0,0,1514,8326,0,19.79762219286658,0.0,1
Swargate,Hadapsar,11,0,1,1662,9733,0,21.08231046931408,0.0,0
Swargate,Hadapsar,11,0,2,2361,11988,0,18.279034307496826,0.0,0
Swargate,Hadapsar,13,0,0,1531,8326,0,19.577792292619204,0.0,1
Swargate,Hadapsar,13,0,1,2075,11477,0,19.911903614457835,0.0,0
Swargate,Hadapsar,13,0,2,1684,9733,0,20.80688836104513,0.0,0
Swargate,Hadapsar,15,0,0,1425,8326,0,21.034105263157898,0.0,1
Swargate,Hadapsar,15,0,1,1616,9733,0,21.68242574257426,0.0,0
Swargate,Hadapsar,15,0,2,2414,11988,0,17.87771333885667,0.0,0
Swargate,Hadapsar,17,0,0,1590,8326,0,18.851320754716983,0.0,1
Swargate,Hadapsar,17,0,1,1739,9733,0,20.14882116158712,0.0,0
Swargate,Hadapsar,17,0,2,2571,11988,0,16.785997666277712,0.0,0
Swargate,Hadapsar,19,0,0,1690,8326,0,17.73585798816568,0.0,1
Swargate,Hadapsar,19,0,1,2152,11477,0,19.19944237918216,0.0,0
Swargate,Hadapsar,19,0,2,1782,9733,0,19.662626262626265,0.0,0
Swargate,Hadapsar,21,0,0,1318,8745,0,23.88619119878604,0.0,1
Swargate,Hadapsar,21,0,1,1766,11398,0,23.23488108720272,0.0,0
Swargate,Hadapsar,21,0,2,1476,10151,0,24.758536585365853,0.0,0
Swargate,Hadapsar,23,0,0,1116,8745,0,28.20967741935484,0.0,1
Swargate,Hadapsar,23,0,1,1602,11398,0,25.613483146067416,0.0,0
Swargate,Hadapsar,23,0,2,1851,14315,0,27.841166936790923,0.0,0
Swargate,Hadapsar,7,1,0,1191,8745,0,26.43324937027708,0.0,1
Swargate,Hadapsar,7,1,1,1694,11398,0,24.222432113341203,0.0,0
Swargate,Hadapsar,7,1,2,2045,14315,0,25.2,0.0,0
Swargate,Hadapsar,9,1,0,1396,8326,0,21.47106017191977,0.0,1
Swargate,Hadapsar,9,1,1,1918,11398,0,21.393534932221066,0.0,0
Swargate,Hadapsar,9,1,2,1541,9733,0,22.737702790395847,0.0,0
Swargate,Hadapsar,11,1,0,1511,8326,0,19.83692918596956,0.0,1
Swargate,Hadapsar,11,1,1,1651,9733,0,21.222774076317386,0.0,0
Swargate,Hadapsar,11,1,2,2349,11988,0,18.372413793103448,0.0,0
Swargate,Hadapsar,13,1,0,1529,8326,0,19.60340091563113,0.0,1
Swargate,Hadapsar,13,1,1,2062,11477,0,20.03743937924345,0.0,0
Swargate,Hadapsar,13,1,2,1676,9733,0,20.90620525059666,0.0,0
Swargate,Hadapsar,15,1,0,1404,8326,0,21.34871794871795,0.0,1
Swargate,Hadapsar,15,1,1,1982,11477,0,20.846215943491423,0.0,0
Swargate,Hadapsar,15,1,2,1597,9733,0,21.940388227927365,0.0,0
Swargate,Hadapsar,17,1,0,1576,8326,0,19.018781725888328,0.0,1
Swargate,Hadapsar,17,1,1,2148,11477,0,19.23519553072626,0.0,0
Swargate,Hadapsar,17,1,2,1738,9733,0,20.16041426927503,0.0,0
Swargate,Hadapsar,19,1,0,1687,8326,0,17.767397747480736,0.0,1
Swargate,Hadapsar,19,1,1,2188,11477,0,18.883546617915908,0.0,0
Swargate,Hadapsar,19,1,2,1798,9733,0,19.48765294771969,0.0,0
Swargate,Hadapsar,21,1,0,1323,8745,0,23.795918367346932,0.0,1
Swargate,Hadapsar,21,1,1,1786,11398,0,22.974692049272115,0.0,0
Swargate,Hadapsar,21,1,2,1478,10151,0,24.725033829499324,0.0,0
Swargate,Hadapsar,23,1,0,1116,8745,0,28.20967741935484,0.0,1
Swargate,Hadapsar,23,1,1,1602,11398,0,25.613483146067416,0.0,0
Swargate,Hadapsar,23,1,2,1851,14315,0,27.841166936790923,0.0,0
Swargate,Hadapsar,7,2,0,1189,8745,0,26.47771236333053,0.0,1
Swargate,Hadapsar,7,2,1,1693,11398,0,24.236739515652687,0.0,0
Swargate,Hadapsar,7,2,2,2063,14315,0,24.98012603005332,0.0,0
Swargate,Hadapsar,9,2,0,1387,8326,0,21.61038211968277,0.0,1
Swargate,Hadapsar,9,2,1,1910,11398,0,21.483141361256543,0.0,0
Swargate,Hadapsar,9,2,2,1536,9733,0,22.81171875,0.0,0
Swargate,Hadapsar,11,2,0,1496,8326,0,20.035828877005347,0.0,1
Swargate,Hadapsar,11,2,1,1645,9733,0,21.30018237082067,0.0,0
Swargate,Hadapsar,11,2,2,2332,11988,0,18.506346483704974,0.0,0
Swargate,Hadapsar,13,2,0,1516,8326,0,19.771503957783644,0.0,1
Swargate,Hadapsar,13,2,1,2068,11477,0,19.97930367504836,0.0,0
Swargate,Hadapsar,13,2,2,1671,9733,0,20.96876122082585,0.0,0
Swargate,Hadapsar,15,2,0,1416,8326,0,21.167796610169493,0.0,1
Swargate,Hadapsar,15,2,1,1605,9733,0,21.831028037383177,0.0,0
Swargate,Hadapsar,15,2,2,2010,11477,0,20.555820895522388,0.0,0
Swargate,Hadapsar,17,2,0,1611,8326,0,18.60558659217877,0.0,1
Swargate,Hadapsar,17,2,1,2176,11477,0,18.98768382352941,0.0,0
Swargate,Hadapsar,17,2,2,1756,9733,0,19.953758542141237,0.0,0
Swargate,Hadapsar,19,2,0,1729,8326,0,17.335801041064197,0.0,1
Swargate,Hadapsar,19,2,1,2193,11477,0,18.84049247606019,0.0,0
Swargate,Hadapsar,19,2,2,1812,9733,0,19.33708609271524,0.0,0
Swargate,Hadapsar,21,2,0,1323,8745,0,23.795918367346932,0.0,1
Swargate,Hadapsar,21,2,1,1787,11398,0,22.961835478455512,0.0,0
Swargate,Hadapsar,21,2,2,1480,10151,0,24.69162162162162,0.0,0
Swargate,Hadapsar,23,2,0,1116,8745,0,28.20967741935484,0.0,1
Swargate,Hadapsar,23,2,1,1602,11398,0,25.613483146067416,0.0,0
Swargate,Hadapsar,23,2,2,1851,14315,0,27.841166936790923,0.0,0
Swargate,Hadapsar,7,3,0,1177,8745,0,26.747663551401867,0.0,1
Swargate,Hadapsar,7,3,1,1651,11398,0,24.85330102967898,0.0,0
Swargate,Hadapsar,7,3,2,1355,10151,0,26.969446494464943,0.0,0
Swargate,Hadapsar,9,3,0,1309,8326,0,22.89809014514897,0.0,1
Swargate,Hadapsar,9,3,1,1778,11398,0,23.07806524184477,0.0,0
Swargate,Hadapsar,9,3,2,1452,9733,0,24.131404958677688,0.0,0
Swargate,Hadapsar,11,3,0,1463,8326,0,20.48776486671224,0.0,1
Swargate,Hadapsar,11,3,1,1968,11398,0,20.85,0.0,0
Swargate,Hadapsar,11,3,2,1608,9733,0,21.790298507462687,0.0,0
Swargate,Hadapsar,13,3,0,1550,8326,0,19.337806451612902,0.0,1
Swargate,Hadapsar,13,3,1,2049,11477,0,20.164568081991213,0.0,0
Swargate,Hadapsar,13,3,2,1824,10060,0,19.855263157894736,0.0,0
Swargate,Hadapsar,15,3,0,1561,8326,0,19.201537475976934,0.0,1
Swargate,Hadapsar,15,3,1,2060,11477,0,20.056893203883497,0.0,0
Swargate,Hadapsar,15,3,2,2185,11883,0,19.578398169336385,0.0,0
Swargate,Hadapsar,17,3,0,1682,8326,0,17.82021403091558,0.0,1
Swargate,Hadapsar,17,3,1,2151,11477,0,19.20836820083682,0.0,0
Swargate,Hadapsar,17,3,2,2341,11883,0,18.273729175566,0.0,0
Swargate,Hadapsar,19,3,0,1667,8326,0,17.980563887222555,0.0,1
Swargate,Hadapsar,19,3,1,2124,11477,0,19.45254237288136,0.0,0
Swargate,Hadapsar,19,3,2,1786,9733,0,19.61858902575588,0.0,0
Swargate,Hadapsar,21,3,0,1311,8745,0,24.0137299771167,0.0,1
Swargate,Hadapsar,21,3,1,1782,11398,0,23.026262626262625,0.0,0
Swargate,Hadapsar,21,3,2,1470,10151,0,24.85959183673469,0.0,0
Swargate,Hadapsar,23,3,0,1116,8745,0,28.20967741935484,0.0,1
Swargate,Hadapsar,23,3,1,1290,10151,0,28.32837209302325,0.0,0
Swargate,Hadapsar,23,3,2,1851,14315,0,27.841166936790923,0.0,0
Swargate,Hadapsar,7,4,0,1151,8745,0,27.351867940920933,0.0,1
Swargate,Hadapsar,7,4,1,1338,10151,0,27.312107623318383,0.0,0
Swargate,Hadapsar,7,4,2,1920,14315,0,26.840625,0.0,0
Swargate,Hadapsar,9,4,0,1248,8745,0,25.225961538461537,0.0,1
Swargate,Hadapsar,9,4,1,1409,10151,0,25.93584102200142,0.0,0
Swargate,Hadapsar,9,4,2,2089,14315,0,24.669219722355194,0.0,0
Swargate,Hadapsar,11,4,0,1387,8745,0,22.697909156452774,0.0,1
Swargate,Hadapsar,11,4,1,1662,10893,0,23.594945848375453,0.0,0
Swargate,Hadapsar,11,4,2,2287,14315,0,22.53344993441189,0.0,0
Swargate,Hadapsar,13,4,0,1388,8326,0,21.594812680115275,0.0,1
Swargate,Hadapsar,13,4,1,1538,9733,0,22.782054616384915,0.0,0
Swargate,Hadapsar,13,4,2,2391,14591,0,21.96888331242158,0.0,0
Swargate,Hadapsar,15,4,0,1418,8326,0,21.13794076163611,0.0,1
Swargate,Hadapsar,15,4,1,1575,9733,0,22.246857142857145,0.0,0
Swargate,Hadapsar,15,4,2,2106,13043,0,22.29572649572649,0.0,0
Swargate,Hadapsar,17,4,0,1443,8326,0,20.77172557172557,0.0,1
Swargate,Hadapsar,17,4,1,1622,9733,0,21.60221948212084,0.0,0
Swargate,Hadapsar,17,4,2,2177,13043,0,21.56858061552595,0.0,0
Swargate,Hadapsar,19,4,0,1392,8326,0,21.532758620689656,0.0,1
Swargate,Hadapsar,19,4,1,1583,9733,0,22.13442830069488,0.0,0
Swargate,Hadapsar,19,4,2,2504,14591,0,20.97747603833865,0.0,0
Swargate,Hadapsar,21,4,0,1243,8745,0,25.32743362831858,0.0,1
Swargate,Hadapsar,21,4,1,1421,10151,0,25.716819141449683,0.0,0
Swargate,Hadapsar,21,4,2,2050,14591,0,25.62321951219512,0.0,0
Swargate,Hadapsar,23,4,0,1116,8745,0,28.20967741935484,0.0,1
Swargate,Hadapsar,23,4,1,1290,10151,0,28.32837209302325,0.0,0
Swargate,Hadapsar,23,4,2,1851,14315,0,27.841166936790923,0.0,0
Swargate,Hadapsar,7,5,0,1186,8745,0,26.54468802698145,0.0,1
Swargate,Hadapsar,7,5,1,1375,10151,0,26.57716363636364,0.0,0
Swargate,Hadapsar,7,5,2,2048,14315,0,25.1630859375,0.0,0
Swargate,Hadapsar,9,5,0,1388,8326,0,21.594812680115275,0.0,1
Swargate,Hadapsar,9,5,1,1534,9733,0,22.84146023468057,0.0,0
Swargate,Hadapsar,9,5,2,2507,14315,0,20.556043079377744,0.0,0
Swargate,Hadapsar,11,5,0,1517,8326,0,19.75847066578774,0.0,1
Swargate,Hadapsar,11,5,1,1661,9733,0,21.0950030102348,0.0,0
Swargate,Hadapsar,11,5,2,2045,11220,0,19.751589242053797,0.0,0
Swargate,Hadapsar,13,5,0,1537,8326,0,19.50136629798309,0.0,1
Swargate,Hadapsar,13,5,1,1687,9733,0,20.769887374036752,0.0,0
Swargate,Hadapsar,13,5,2,2047,11220,0,19.73229115779189,0.0,0
Swargate,Hadapsar,15,5,0,1419,8326,0,21.123044397463005,0.0,1
Swargate,Hadapsar,15,5,1,1608,9733,0,21.790298507462687,0.0,0
Swargate,Hadapsar,15,5,2,1934,11220,0,20.885211995863497,0.0,0
Swargate,Hadapsar,17,5,0,1592,8326,0,18.827638190954776,0.0,1
Swargate,Hadapsar,17,5,1,1744,9733,0,20.09105504587156,0.0,0
Swargate,Hadapsar,17,5,2,2095,11220,0,19.28019093078759,0.0,0
Swargate,Hadapsar,19,5,0,1705,8326,0,17.579824046920823,0.0,1
Swargate,Hadapsar,19,5,1,1798,9733,0,19.48765294771969,0.0,0
Swargate,Hadapsar,19,5,2,2183,11220,0,18.50297755382501,0.0,0
Swargate,Hadapsar,21,5,0,1320,8745,0,23.85,0.0,1
Swargate,Hadapsar,21,5,1,1474,10151,0,24.792130257801897,0.0,0
Swargate,Hadapsar,21,5,2,2147,14315,0,24.00279459711225,0.0,0
Swargate,Hadapsar,23,5,0,1116,8745,0,28.20967741935484,0.0,1
Swargate,Hadapsar,23,5,1,1290,10151,0,28.32837209302325,0.0,0
Swargate,Hadapsar,23,5,2,1851,14315,0,27.841166936790923,0.0,0
Swargate,Hadapsar,7,6,0,1211,8745,0,25.99669694467382,0.0,1
Swargate,Hadapsar,7,6,1,1379,10151,0,26.500072516316173,0.0,0
Swargate,Hadapsar,7,6,2,2079,14315,0,24.787878787878785,0.0,0
Swargate,Hadapsar,9,6,0,1433,8326,0,20.91667829727844,0.0,1
Swargate,Hadapsar,9,6,1,1556,9733,0,22.518508997429308,0.0,0
Swargate,Hadapsar,9,6,2,1931,11220,0,20.91765924391507,0.0,0
Swargate,Hadapsar,11,6,0,1566,8326,0,19.140229885057472,0.0,1
Swargate,Hadapsar,11,6,1,1712,9733,0,20.46658878504673,0.0,0
Swargate,Hadapsar,11,6,2,2092,11220,0,19.307839388145315,0.0,0
Swargate,Hadapsar,13,6,0,1562,8326,0,19.189244558258643,0.0,1
Swargate,Hadapsar,13,6,1,1723,9733,0,20.33592571096924,0.0,0
Swargate,Hadapsar,13,6,2,2487,13043,0,18.88009650180941,0.0,0
Swargate,Hadapsar,15,6,0,1457,8326,0,20.572134522992453,0.0,1
Swargate,Hadapsar,15,6,1,1627,9733,0,21.53583282114321,0.0,0
Swargate,Hadapsar,15,6,2,1974,11220,0,20.46200607902736,0.0,0
Swargate,Hadapsar,17,6,0,1625,8326,0,18.44529230769231,0.0,1
Swargate,Hadapsar,17,6,1,1762,9733,0,19.885811577752555,0.0,0
Swargate,Hadapsar,17,6,2,2137,11220,0,18.9012634534394,0.0,0
Swargate,Hadapsar,19,6,0,1711,8326,0,17.518176504967855,0.0,1
Swargate,Hadapsar,19,6,1,1818,9733,0,19.273267326732675,0.0,0
Swargate,Hadapsar,19,6,2,2211,11220,0,18.26865671641791,0.0,0
Swargate,Hadapsar,21,6,0,1322,8745,0,23.81391830559758,0.0,1
Swargate,Hadapsar,21,6,1,1479,10151,0,24.70831643002028,0.0,0
Swargate,Hadapsar,21,6,2,2161,14315,0,23.84729291994447,0.0,0
Swargate,Hadapsar,23,6,0,1116,8745,0,28.20967741935484,0.0,1
Swargate,Hadapsar,23,6,1,1290,10151,0,28.32837209302325,0.0,0
Swargate,Hadapsar,23,6,2,1851,14315,0,27.841166936790923,0.0,0
Swargate,University,7,0,0,1220,8624,0,25.447868852459017,0.0,1
Swargate,University,7,0,1,1400,8962,0,23.045142857142856,0.0,0
Swargate,University,7,0,2,1715,11573,0,24.2931778425656,0.0,0
Swargate,University,9,0,0,1488,8624,0,20.86451612903226,0.0,1
Swargate,University,9,0,1,1712,8634,0,18.155607476635517,0.0,0
Swargate,University,9,0,2,1828,9429,0,18.569146608315094,0.0,0
Swargate,University,11,0,0,1695,8647,0,18.365309734513275,0.0,1
Swargate,University,11,0,1,1976,8634,0,15.72995951417004,0.0,0
Swargate,University,11,0,2,2068,9612,0,16.732688588007736,0.0,0
Swargate,University,13,0,0,1688,8647,0,18.441469194312795,0.0,1
Swargate,University,13,0,1,1987,9778,0,17.715551082033215,0.0,0
Swargate,University,13,0,2,1991,8634,0,15.611451531893522,0.0,0
Swargate,University,15,0,0,1704,8647,0,18.26830985915493,0.0,1
Swargate,University,15,0,1,1908,9689,0,18.281132075471696,0.0,0
Swargate,University,15,0,2,1972,8634,0,15.76186612576065,0.0,0
Swargate,University,17,0,0,1861,8624,0,16.682643739924774,0.0,1
Swargate,University,17,0,1,2084,9494,0,16.400383877159307,0.0,0
Swargate,University,17,0,2,2123,8613,0,14.605181347150255,0.0,0
Swargate,University,19,0,0,1768,8624,0,17.560180995475115,0.0,1
Swargate,University,19,0,1,2011,8932,0,15.989656887120836,0.0,0
Swargate,University,19,0,2,2210,11371,0,18.52289592760181,0.0,0
Swargate,University,21,0,0,1296,8624,0,23.95555555555556,0.0,1
Swargate,University,21,0,1,1486,8962,0,21.7114401076716,0.0,0
Swargate,University,21,0,2,1817,11573,0,22.92944413869015,0.0,0
Swargate,University,23,0,0,1122,8647,0,27.74438502673797,0.0,1
Swargate,University,23,0,1,1266,8962,0,25.484360189573454,0.0,0
Swargate,University,23,0,2,1600,11573,0,26.039250000000003,0.0,0
Swargate,University,7,1,0,1207,8624,0,25.72195526097763,0.0,1
Swargate,University,7,1,1,1395,8962,0,23.12774193548387,0.0,0
Swargate,University,7,1,2,1718,11573,0,24.25075669383004,0.0,0
Swargate,University,9,1,0,1470,8624,0,21.12,0.0,1
Swargate,University,9,1,1,1740,8634,0,17.86344827586207,0.0,0
Swargate,University,9,1,2,1852,9633,0,18.72505399568034,0.0,0
Swargate,University,11,1,0,1682,8647,0,18.507253269916767,0.0,1
Swargate,University,11,1,1,2053,9484,0,16.630491962981004,0.0,0
Swargate,University,11,1,2,2082,8087,0,13.98328530259366,0.0,0
Swargate,University,13,1,0,1701,8647,0,18.3005291005291,0.0,1
Swargate,University,13,1,1,1982,9573,0,17.387891019172553,0.0,0
Swargate,University,13,1,2,2014,8615,0,15.399205561072494,0.0,0
Swargate,University,15,1,0,1725,8647,0,18.04591304347826,0.0,1
Swargate,University,15,1,1,1898,9778,0,18.54625922023182,0.0,0
Swargate,University,15,1,2,1964,8634,0,15.826069246435845,0.0,0
Swargate,University,17,1,0,1908,8624,0,16.27169811320755,0.0,1
Swargate,University,17,1,1,2133,9406,0,15.875105485232067,0.0,0
Swargate,University,17,1,2,2152,8634,0,14.443494423791822,0.0,0
Swargate,University,19,1,0,1818,8624,0,17.077227722772278,0.0,1
Swargate,University,19,1,1,2076,8932,0,15.489017341040464,0.0,0
Swargate,University,19,1,2,2206,11371,0,18.556482320942884,0.0,0
Swargate,University,21,1,0,1306,8624,0,23.772128637059726,0.0,1
Swargate,University,21,1,1,1493,8962,0,21.609645010046886,0.0,0
Swargate,University,21,1,2,1814,11573,0,22.96736493936053,0.0,0
Swargate,University,23,1,0,1122,8647,0,27.74438502673797,0.0,1
Swargate,University,23,1,1,1266,8962,0,25.484360189573454,0.0,0
Swargate,University,23,1,2,1600,11573,0,26.039250000000003,0.0,0
Swargate,University,7,2,0,1208,8624,0,25.700662251655636,0.0,1
Swargate,University,7,2,1,1385,8962,0,23.294729241877253,0.0,0
Swargate,University,7,2,2,1718,11573,0,24.25075669383004,0.0,0
Swargate,University,9,2,0,1479,8624,0,20.991480730223124,0.0,1
Swargate,University,9,2,1,1728,8634,0,17.9875,0.0,0
Swargate,University,9,2,2,1820,9429,0,18.65076923076923,0.0,0
Swargate,University,11,2,0,1709,8647,0,18.214862492685786,0.0,1
Swargate,University,11,2,1,2068,9721,0,16.922437137330753,0.0,0
Swargate,University,11,2,2,2058,8087,0,14.146355685131196,0.0,0
Swargate,University,13,2,0,1708,8647,0,18.22552693208431,0.0,1
Swargate,University,13,2,1,2007,9778,0,17.539013452914798,0.0,0
Swargate,University,13,2,2,2003,8634,0,15.517923115327008,0.0,0
Swargate,University,15,2,0,1750,8624,0,17.7408,0.0,1
Swargate,University,15,2,1,1921,9778,0,18.324206142634043,0.0,0
Swargate,University,15,2,2,2005,8634,0,15.502443890274314,0.0,0
Swargate,University,17,2,0,1921,8624,0,16.161582509109838,0.0,1
Swargate,University,17,2,1,2117,9484,0,16.127727916863485,0.0,0
Swargate,University,17,2,2,2163,8613,0,14.33509015256588,0.0,0
Swargate,University,19,2,0,1833,8624,0,16.937479541734863,0.0,1
Swargate,University,19,2,1,2055,8932,0,15.647299270072994,0.0,0
Swargate,University,19,2,2,2233,11371,0,18.332109270040306,0.0,0
Swargate,University,21,2,0,1307,8647,0,23.817291507268557,0.0,1
Swargate,University,21,2,1,1497,8962,0,21.55190380761523,0.0,0
Swargate,University,21,2,2,1812,11573,0,22.992715231788083,0.0,0
Swargate,University,23,2,0,1122,8647,0,27.74438502673797,0.0,1
Swargate,University,23,2,1,1266,8962,0,25.484360189573454,0.0,0
Swargate,University,23,2,2,1600,11573,0,26.039250000000003,0.0,0
Swargate,University,7,3,0,1191,8624,0,26.067506297229222,0.0,1
Swargate,University,7,3,1,1368,8962,0,23.58421052631579,0.0,0
Swargate,University,7,3,2,1693,11573,0,24.60886001181335,0.0,0
Swargate,University,9,3,0,1368,8647,0,22.75526315789474,0.0,1
Swargate,University,9,3,1,1628,8962,0,19.81769041769041,0.0,0
Swargate,University,9,3,2,1871,11371,0,21.87899518973811,0.0,0
Swargate,University,11,3,0,1611,8647,0,19.32290502793296,0.0,1
Swargate,University,11,3,1,1946,9573,0,17.70955806783145,0.0,0
Swargate,University,11,3,2,2075,11371,0,19.728,0.0,0
Swargate,University,13,3,0,1777,8647,0,17.517839054586382,0.0,1
Swargate,University,13,3,1,2031,9573,0,16.968389955686852,0.0,0
Swargate,University,13,3,2,2211,11371,0,18.514518317503395,0.0,0
Swargate,University,15,3,0,1981,8647,0,15.713881877839476,0.0,1
Swargate,University,15,3,1,2095,9689,0,16.649355608591883,0.0,0
Swargate,University,15,3,2,2309,11371,0,17.728713728886966,0.0,0
Swargate,University,17,3,0,2085,8624,0,14.890359712230216,0.0,1
Swargate,University,17,3,1,2170,9484,0,15.733824884792629,0.0,0
Swargate,University,17,3,2,2363,11371,0,17.323571730850613,0.0,0
Swargate,University,19,3,0,1745,8624,0,17.79163323782235,0.0,1
Swargate,University,19,3,1,1987,9484,0,17.18288877705083,0.0,0
Swargate,University,19,3,2,1973,8634,0,15.753877344145971,0.0,0
Swargate,University,21,3,0,1306,8624,0,23.772128637059726,0.0,1
Swargate,University,21,3,1,1497,8962,0,21.55190380761523,0.0,0
Swargate,University,21,3,2,1811,11573,0,23.005411374930976,0.0,0
Swargate,University,23,3,0,1122,8647,0,27.74438502673797,0.0,1
Swargate,University,23,3,1,1266,8962,0,25.484360189573454,0.0,0
Swargate,University,23,3,2,1600,11573,0,26.039250000000003,0.0,0
Swargate,University,7,4,0,1170,8624,0,26.53538461538461,0.0,1
Swargate,University,7,4,1,1335,8962,0,24.167191011235957,0.0,0
Swargate,University,7,4,2,1654,11573,0,25.189117291414757,0.0,0
Swargate,University,9,4,0,1273,8624,0,24.388373919874315,0.0,1
Swargate,University,9,4,1,1495,9010,0,21.696321070234116,0.0,0
Swargate,University,9,4,2,1781,11573,0,23.39292532285233,0.0,0
Swargate,University,11,4,0,1426,8624,0,21.77166900420757,0.0,1
Swargate,University,11,4,1,1665,9517,0,20.577297297297296,0.0,0
Swargate,University,11,4,2,1647,8634,0,18.872131147540983,0.0,0
Swargate,University,13,4,0,1556,8624,0,19.952699228791776,0.0,1
Swargate,University,13,4,1,1726,9517,0,19.85005793742757,0.0,0
Swargate,University,13,4,2,1774,8634,0,17.52108229988726,0.0,0
Swargate,University,15,4,0,1692,8624,0,18.348936170212767,0.0,1
Swargate,University,15,4,1,1719,9429,0,19.746596858638743,0.0,0
Swargate,University,15,4,2,1845,8806,0,17.182439024390245,0.0,0
Swargate,University,17,4,0,1810,8624,0,17.152707182320444,0.0,1
Swargate,University,17,4,1,1812,9577,0,19.027152317880795,0.0,0
Swargate,University,17,4,2,2091,11371,0,19.57704447632712,0.0,0
Swargate,University,19,4,0,1604,8624,0,19.35561097256858,0.0,1
Swargate,University,19,4,1,1809,9517,0,18.939303482587064,0.0,0
Swargate,University,19,4,2,1887,8615,0,16.435612082670907,0.0,0
Swargate,University,21,4,0,1271,8624,0,24.426750590086545,0.0,1
Swargate,University,21,4,1,1461,8962,0,22.0829568788501,0.0,0
Swargate,University,21,4,2,1766,11573,0,23.5916194790487,0.0,0
Swargate,University,23,4,0,1122,8647,0,27.74438502673797,0.0,1
Swargate,University,23,4,1,1266,8962,0,25.484360189573454,0.0,0
Swargate,University,23,4,2,1600,11573,0,26.039250000000003,0.0,0
Swargate,University,7,5,0,1218,8624,0,25.489655172413794,0.0,1
Swargate,University,7,5,1,1395,8962,0,23.12774193548387,0.0,0
Swargate,University,7,5,2,1709,11573,0,24.37846693973084,0.0,0
Swargate,University,9,5,0,1471,8624,0,21.10564242012237,0.0,1
Swargate,University,9,5,1,1703,8634,0,18.25155607751028,0.0,0
Swargate,University,9,5,2,1809,9429,0,18.764179104477613,0.0,0
Swargate,University,11,5,0,1630,8647,0,19.097668711656443,0.0,1
Swargate,University,11,5,1,1948,8634,0,15.956057494866531,0.0,0
Swargate,University,11,5,2,2055,9612,0,16.8385401459854,0.0,0
Swargate,University,13,5,0,1636,8647,0,19.02762836185819,0.0,1
Swargate,University,13,5,1,1971,9721,0,17.755251141552513,0.0,0
Swargate,University,13,5,2,1939,8634,0,16.03011861784425,0.0,0
Swargate,University,15,5,0,1655,8647,0,18.809184290030213,0.0,1
Swargate,University,15,5,1,1899,9778,0,18.536492890995262,0.0,0
Swargate,University,15,5,2,1928,8634,0,16.12157676348548,0.0,0
Swargate,University,17,5,0,1834,8647,0,16.97339149400218,0.0,1
Swargate,University,17,5,1,2092,9573,0,16.473613766730402,0.0,0
Swargate,University,17,5,2,2088,8595,0,14.81896551724138,0.0,0
Swargate,University,19,5,0,1747,8624,0,17.771265025758446,0.0,1
Swargate,University,19,5,1,1985,8932,0,16.199093198992443,0.0,0
Swargate,University,19,5,2,2199,11371,0,18.615552523874488,0.0,0
Swargate,University,21,5,0,1286,8624,0,24.14183514774495,0.0,1
Swargate,University,21,5,1,1477,8962,0,21.84373730534868,0.0,0
Swargate,University,21,5,2,1808,11573,0,23.04358407079646,0.0,0
Swargate,University,23,5,0,1122,8647,0,27.74438502673797,0.0,1
Swargate,University,23,5,1,1266,8962,0,25.484360189573454,0.0,0
Swargate,University,23,5,2,1600,11573,0,26.039250000000003,0.0,0
Swargate,University,7,6,0,1218,8624,0,25.489655172413794,0.0,1
Swargate,University,7,6,1,1399,8962,0,23.061615439599716,0.0,0
Swargate,University,7,6,2,1717,11573,0,24.26488060570763,0.0,0
Swargate,University,9,6,0,1500,8624,0,20.6976,0.0,1
Swargate,University,9,6,1,1748,8634,0,17.781693363844393,0.0,0
Swargate,University,9,6,2,1857,9408,0,18.23844911147011,0.0,0
Swargate,University,11,6,0,1737,8647,0,17.921243523316065,0.0,1
Swargate,University,11,6,1,2041,8634,0,15.229005389514944,0.0,0
Swargate,University,11,6,2,2120,9612,0,16.322264150943397,0.0,0
Swargate,University,13,6,0,1720,8647,0,18.09837209302325,0.0,1
Swargate,University,13,6,1,2014,9721,0,17.37616683217478,0.0,0
Swargate,University,13,6,2,2011,8634,0,15.456190949776232,0.0,0
Swargate,University,15,6,0,1751,8624,0,17.730668189605943,0.0,1
Swargate,University,15,6,1,1931,9689,0,18.06338684619368,0.0,0
Swargate,University,15,6,2,1991,8634,0,15.611451531893522,0.0,0
Swargate,University,17,6,0,1936,8624,0,16.036363636363635,0.0,1
Swargate,University,17,6,1,2137,9406,0,15.84539073467478,0.0,0
Swargate,University,17,6,2,2152,8634,0,14.443494423791822,0.0,0
Swargate,University,19,6,0,1814,8624,0,17.114884233737595,0.0,1
Swargate,University,19,6,1,2035,8932,0,15.80108108108108,0.0,0
Swargate,University,19,6,2,2201,11371,0,18.59863698318946,0.0,0
Swargate,University,21,6,0,1288,8624,0,24.10434782608696,0.0,1
Swargate,University,21,6,1,1488,8962,0,21.68225806451613,0.0,0
Swargate,University,21,6,2,1812,11573,0,22.992715231788083,0.0,0
Swargate,University,23,6,0,1122,8647,0,27.74438502673797,0.0,1
Swargate,University,23,6,1,1266,8962,0,25.484360189573454,0.0,0
Swargate,University,23,6,2,1600,11573,0,26.039250000000003,0.0,0
Swargate,University,7,0,0,1220,8624,0,25.447868852459017,0.0,1
Swargate,University,7,0,1,1400,8962,0,23.045142857142856,0.0,0
Swargate,University,7,0,2,1715,11573,0,24.2931778425656,0.0,0
Swargate,University,9,0,0,1488,8624,0,20.86451612903226,0.0,1
Swargate,University,9,0,1,1712,8634,0,18.155607476635517,0.0,0
Swargate,University,9,0,2,1828,9429,0,18.569146608315094,0.0,0
Swargate,University,11,0,0,1695,8647,0,18.365309734513275,0.0,1
Swargate,University,11,0,1,1976,8634,0,15.72995951417004,0.0,0
Swargate,University,11,0,2,2068,9612,0,16.732688588007736,0.0,0
Swargate,University,13,0,0,1688,8647,0,18.441469194312795,0.0,1
Swargate,University,13,0,1,1987,9778,0,17.715551082033215,0.0,0
Swargate,University,13,0,2,1991,8634,0,15.611451531893522,0.0,0
Swargate,University,15,0,0,1704,8647,0,18.26830985915493,0.0,1
Swargate,University,15,0,1,1908,9689,0,18.281132075471696,0.0,0
Swargate,University,15,0,2,1972,8634,0,15.76186612576065,0.0,0
Swargate,University,17,0,0,1861,8624,0,16.682643739924774,0.0,1
Swargate,University,17,0,1,2084,9494,0,16.400383877159307,0.0,0
Swargate,University,17,0,2,2123,8613,0,14.605181347150255,0.0,0
Swargate,University,19,0,0,1768,8624,0,17.560180995475115,0.0,1
Swargate,University,19,0,1,2011,8932,0,15.989656887120836,0.0,0
Swargate,University,19,0,2,2210,11371,0,18.52289592760181,0.0,0
Swargate,University,21,0,0,1296,8624,0,23.95555555555556,0.0,1
Swargate,University,21,0,1,1486,8962,0,21.7114401076716,0.0,0
Swargate,University,21,0,2,1817,11573,0,22.92944413869015,0.0,0
Swargate,University,23,0,0,1122,8647,0,27.74438502673797,0.0,1
Swargate,University,23,0,1,1266,8962,0,25.484360189573454,0.0,0
Swargate,University,23,0,2,1600,11573,0,26.039250000000003,0.0,0
Swargate,University,7,1,0,1207,8624,0,25.72195526097763,0.0,1
Swargate,University,7,1,1,1395,8962,0,23.12774193548387,0.0,0
Swargate,University,7,1,2,1718,11573,0,24.25075669383004,0.0,0
Swargate,University,9,1,0,1470,8624,0,21.12,0.0,1
Swargate,University,9,1,1,1740,8634,0,17.86344827586207,0.0,0
Swargate,University,9,1,2,1852,9633,0,18.72505399568034,0.0,0
Swargate,University,11,1,0,1682,8647,0,18.507253269916767,0.0,1
Swargate,University,11,1,1,2053,9484,0,16.630491962981004,0.0,0
Swargate,University,11,1,2,2082,8087,0,13.98328530259366,0.0,0
Swargate,University,13,1,0,1701,8647,0,18.3005291005291,0.0,1
Swargate,University,13,1,1,1982,9573,0,17.387891019172553,0.0,0
Swargate,University,13,1,2,2014,8615,0,15.399205561072494,0.0,0
Swargate,University,15,1,0,1725,8647,0,18.04591304347826,0.0,1
Swargate,University,15,1,1,1898,9778,0,18.54625922023182,0.0,0
Swargate,University,15,1,2,1964,8634,0,15.826069246435845,0.0,0
Swargate,University,17,1,0,1908,8624,0,16.27169811320755,0.0,1
Swargate,University,17,1,1,2133,9406,0,15.875105485232067,0.0,0
Swargate,University,17,1,2,2152,8634,0,14.443494423791822,0.0,0
Swargate,University,19,1,0,1818,8624,0,17.077227722772278,0.0,1
Swargate,University,19,1,1,2076,8932,0,15.489017341040464,0.0,0
Swargate,University,19,1,2,2206,11371,0,18.556482320942884,0.0,0
Swargate,University,21,1,0,1306,8624,0,23.772128637059726,0.0,1
Swargate,University,21,1,1,1493,8962,0,21.609645010046886,0.0,0
Swargate,University,21,1,2,1814,11573,0,22.96736493936053,0.0,0
Swargate,University,23,1,0,1122,8647,0,27.74438502673797,0.0,1
Swargate,University,23,1,1,1266,8962,0,25.484360189573454,0.0,0
Swargate,University,23,1,2,1600,11573,0,26.039250000000003,0.0,0
Swargate,University,7,2,0,1208,8624,0,25.700662251655636,0.0,1
Swargate,University,7,2,1,1385,8962,0,23.294729241877253,0.0,0
Swargate,University,7,2,2,1718,11573,0,24.25075669383004,0.0,0
Swargate,University,9,2,0,1479,8624,0,20.991480730223124,0.0,1
Swargate,University,9,2,1,1728,8634,0,17.9875,0.0,0
Swargate,University,9,2,2,1820,9429,0,18.65076923076923,0.0,0
Swargate,University,11,2,0,1709,8647,0,18.214862492685786,0.0,1
Swargate,University,11,2,1,2068,9721,0,16.922437137330753,0.0,0
Swargate,University,11,2,2,2058,8087,0,14.146355685131196,0.0,0
Swargate,University,13,2,0,1708,8647,0,18.22552693208431,0.0,1
Swargate,University,13,2,1,2007,9778,0,17.539013452914798,0.0,0
Swargate,University,13,2,2,2003,8634,0,15.517923115327008,0.0,0
Swargate,University,15,2,0,1750,8624,0,17.7408,0.0,1
Swargate,University,15,2,1,1921,9778,0,18.324206142634043,0.0,0
Swargate,University,15,2,2,2005,8634,0,15.502443890274314,0.0,0
Swargate,University,17,2,0,1921,8624,0,16.161582509109838,0.0,1
Swargate,University,17,2,1,2117,9484,0,16.127727916863485,0.0,0
Swargate,University,17,2,2,2163,8613,0,14.33509015256588,0.0,0
Swargate,University,19,2,0,1833,8624,0,16.937479541734863,0.0,1
Swargate,University,19,2,1,2055,8932,0,15.647299270072994,0.0,0
Swargate,University,19,2,2,2233,11371,0,18.332109270040306,0.0,0
Swargate,University,21,2,0,1307,8647,0,23.817291507268557,0.0,1
Swargate,University,21,2,1,1497,8962,0,21.55190380761523,0.0,0
Swargate,University,21,2,2,1812,11573,0,22.992715231788083,0.0,0
Swargate,University,23,2,0,1122,8647,0,27.74438502673797,0.0,1
Swargate,University,23,2,1,1266,8962,0,25.484360189573454,0.0,0
Swargate,University,23,2,2,1600,11573,0,26.039250000000003,0.0,0
Swargate,University,7,3,0,1191,8624,0,26.067506297229222,0.0,1
Swargate,University,7,3,1,1368,8962,0,23.58421052631579,0.0,0
Swargate,University,7,3,2,1693,11573,0,24.60886001181335,0.0,0
Swargate,University,9,3,0,1368,8647,0,22.75526315789474,0.0,1
Swargate,University,9,3,1,1628,8962,0,19.81769041769041,0.0,0
Swargate,University,9,3,2,1871,11371,0,21.87899518973811,0.0,0
Swargate,University,11,3,0,1611,8647,0,19.32290502793296,0.0,1
Swargate,University,11,3,1,1946,9573,0,17.70955806783145,0.0,0
Swargate,University,11,3,2,2075,11371,0,19.728,0.0,0
Swargate,University,13,3,0,1777,8647,0,17.517839054586382,0.0,1
Swargate,University,13,3,1,2031,9573,0,16.968389955686852,0.0,0
Swargate,University,13,3,2,2211,11371,0,18.514518317503395,0.0,0
Swargate,University,15,3,0,1981,8647,0,15.713881877839476,0.0,1
Swargate,University,15,3,1,2095,9689,0,16.649355608591883,0.0,0
Swargate,University,15,3,2,2309,11371,0,17.728713728886966,0.0,0
Swargate,University,17,3,0,2085,8624,0,14.890359712230216,0.0,1
Swargate,University,17,3,1,2170,9484,0,15.733824884792629,0.0,0
Swargate,University,17,3,2,2363,11371,0,17.323571730850613,0.0,0
Swargate,University,19,3,0,1745,8624,0,17.79163323782235,0.0,1
Swargate,University,19,3,1,1987,9484,0,17.18288877705083,0.0,0
Swargate,University,19,3,2,1973,8634,0,15.753877344145971,0.0,0
Swargate,University,21,3,0,1306,8624,0,23.772128637059726,0.0,1
Swargate,University,21,3,1,1497,8962,0,21.55190380761523,0.0,0
Swargate,University,21,3,2,1811,11573,0,23.005411374930976,0.0,0
Swargate,University,23,3,0,1122,8647,0,27.74438502673797,0.0,1
Swargate,University,23,3,1,1266,8962,0,25.484360189573454,0.0,0
Swargate,University,23,3,2,1600,11573,0,26.039250000000003,0.0,0
Swargate,University,7,4,0,1170,8624,0,26.53538461538461,0.0,1
Swargate,University,7,4,1,1335,8962,0,24.167191011235957,0.0,0
Swargate,University,7,4,2,1654,11573,0,25.189117291414757,0.0,0
Swargate,University,9,4,0,1273,8624,0,24.388373919874315,0.0,1
Swargate,University,9,4,1,1495,9010,0,21.696321070234116,0.0,0
Swargate,University,9,4,2,1781,11573,0,23.39292532285233,0.0,0
Swargate,University,11,4,0,1426,8624,0,21.77166900420757,0.0,1
Swargate,University,11,4,1,1665,9517,0,20.577297297297296,0.0,0
Swargate,University,11,4,2,1647,8634,0,18.872131147540983,0.0,0
Swargate,University,13,4,0,1556,8624,0,19.952699228791776,0.0,1
Swargate,University,13,4,1,1726,9517,0,19.85005793742757,0.0,0
Swargate,University,13,4,2,1774,8634,0,17.52108229988726,0.0,0
Swargate,University,15,4,0,1692,8624,0,18.348936170212767,0.0,1
Swargate,University,15,4,1,1719,9429,0,19.746596858638743,0.0,0
Swargate,University,15,4,2,1845,8806,0,17.182439024390245,0.0,0
Swargate,University,17,4,0,1810,8624,0,17.152707182320444,0.0,1
Swargate,University,17,4,1,1812,9577,0,19.027152317880795,0.0,0
Swargate,University,17,4,2,2091,11371,0,19.57704447632712,0.0,0
Swargate,University,19,4,0,1604,8624,0,19.35561097256858,0.0,1
Swargate,University,19,4,1,1809,9517,0,18.939303482587064,0.0,0
Swargate,University,19,4,2,1887,8615,0,16.435612082670907,0.0,0
Swargate,University,21,4,0,1271,8624,0,24.426750590086545,0.0,1
Swargate,University,21,4,1,1461,8962,0,22.0829568788501,0.0,0
Swargate,University,21,4,2,1766,11573,0,23.5916194790487,0.0,0
Swargate,University,23,4,0,1122,8647,0,27.74438502673797,0.0,1
Swargate,University,23,4,1,1266,8962,0,25.484360189573454,0.0,0
Swargate,University,23,4,2,1600,11573,0,26.039250000000003,0.0,0
Swargate,University,7,5,0,1218,8624,0,25.489655172413794,0.0,1
Swargate,University,7,5,1,1395,8962,0,23.12774193548387,0.0,0
Swargate,University,7,5,2,1709,11573,0,24.37846693973084,0.0,0
Swargate,University,9,5,0,1471,8624,0,21.10564242012237,0.0,1
Swargate,University,9,5,1,1703,8634,0,18.25155607751028,0.0,0
Swargate,University,9,5,2,1809,9429,0,18.764179104477613,0.0,0
Swargate,University,11,5,0,1630,8647,0,19.097668711656443,0.0,1
Swargate,University,11,5,1,1948,8634,0,15.956057494866531,0.0,0
Swargate,University,11,5,2,2055,9612,0,16.8385401459854,0.0,0
Swargate,University,13,5,0,1636,8647,0,19.02762836185819,0.0,1
Swargate,University,13,5,1,1971,9721,0,17.755251141552513,0.0,0
Swargate,University,13,5,2,1939,8634,0,16.03011861784425,0.0,0
Swargate,University,15,5,0,1655,8647,0,18.809184290030213,0.0,1
Swargate,University,15,5,1,1899,9778,0,18.536492890995262,0.0,0
Swargate,University,15,5,2,1928,8634,0,16.12157676348548,0.0,0
Swargate,University,17,5,0,1834,8647,0,16.97339149400218,0.0,1
Swargate,University,17,5,1,2092,9573,0,16.473613766730402,0.0,0
Swargate,University,17,5,2,2088,8595,0,14.81896551724138,0.0,0
Swargate,University,19,5,0,1747,8624,0,17.771265025758446,0.0,1
Swargate,University,19,5,1,1985,8932,0,16.199093198992443,0.0,0
Swargate,University,19,5,2,2199,11371,0,18.615552523874488,0.0,0
Swargate,University,21,5,0,1286,8624,0,24.14183514774495,0.0,1
Swargate,University,21,5,1,1477,8962,0,21.84373730534868,0.0,0
Swargate,University,21,5,2,1808,11573,0,23.04358407079646,0.0,0
Swargate,University,23,5,0,1122,8647,0,27.74438502673797,0.0,1
Swargate,University,23,5,1,1266,8962,0,25.484360189573454,0.0,0
Swargate,University,23,5,2,1600,11573,0,26.039250000000003,0.0,0
Swargate,University,7,6,0,1218,8624,0,25.489655172413794,0.0,1
Swargate,University,7,6,1,1399,8962,0,23.061615439599716,0.0,0
Swargate,University,7,6,2,1717,11573,0,24.26488060570763,0.0,0
Swargate,University,9,6,0,1500,8624,0,20.6976,0.0,1
Swargate,University,9,6,1,1748,8634,0,17.781693363844393,0.0,0
Swargate,University,9,6,2,1857,9408,0,18.23844911147011,0.0,0
Swargate,University,11,6,0,1737,8647,0,17.921243523316065,0.0,1
Swargate,University,11,6,1,2041,8634,0,15.229005389514944,0.0,0
Swargate,University,11,6,2,2120,9612,0,16.322264150943397,0.0,0
Swargate,University,13,6,0,1720,8647,0,18.09837209302325,0.0,1
Swargate,University,13,6,1,2014,9721,0,17.37616683217478,0.0,0
Swargate,University,13,6,2,2011,8634,0,15.456190949776232,0.0,0
Swargate,University,15,6,0,1751,8624,0,17.730668189605943,0.0,1
Swargate,University,15,6,1,1931,9689,0,18.06338684619368,0.0,0
Swargate,University,15,6,2,1991,8634,0,15.611451531893522,0.0,0
Swargate,University,17,6,0,1936,8624,0,16.036363636363635,0.0,1
Swargate,University,17,6,1,2137,9406,0,15.84539073467478,0.0,0
Swargate,University,17,6,2,2152,8634,0,14.443494423791822,0.0,0
Swargate,University,19,6,0,1814,8624,0,17.114884233737595,0.0,1
Swargate,University,19,6,1,2035,8932,0,15.80108108108108,0.0,0
Swargate,University,19,6,2,2201,11371,0,18.59863698318946,0.0,0
Swargate,University,21,6,0,1288,8624,0,24.10434782608696,0.0,1
Swargate,University,21,6,1,1488,8962,0,21.68225806451613,0.0,0
Swargate,University,21,6,2,1812,11573,0,22.992715231788083,0.0,0
Swargate,University,23,6,0,1122,8647,0,27.74438502673797,0.0,1
Swargate,University,23,6,1,1266,8962,0,25.484360189573454,0.0,0
Swargate,University,23,6,2,1600,11573,0,26.039250000000003,0.0,0
Swargate,University,7,0,0,1220,8624,0,25.447868852459017,0.0,1
Swargate,University,7,0,1,1400,8962,0,23.045142857142856,0.0,0
Swargate,University,7,0,2,1715,11573,0,24.2931778425656,0.0,0
Swargate,University,9,0,0,1488,8624,0,20.86451612903226,0.0,1
Swargate,University,9,0,1,1712,8634,0,18.155607476635517,0.0,0
Swargate,University,9,0,2,1828,9429,0,18.569146608315094,0.0,0
Swargate,University,11,0,0,1695,8647,0,18.365309734513275,0.0,1
Swargate,University,11,0,1,1976,8634,0,15.72995951417004,0.0,0
Swargate,University,11,0,2,2068,9612,0,16.732688588007736,0.0,0
Swargate,University,13,0,0,1688,8647,0,18.441469194312795,0.0,1
Swargate,University,13,0,1,1987,9778,0,17.715551082033215,0.0,0
Swargate,University,13,0,2,1991,8634,0,15.611451531893522,0.0,0
Swargate,University,15,0,0,1704,8647,0,18.26830985915493,0.0,1
Swargate,University,15,0,1,1908,9689,0,18.281132075471696,0.0,0
Swargate,University,15,0,2,1972,8634,0,15.76186612576065,0.0,0
Swargate,University,17,0,0,1861,8624,0,16.682643739924774,0.0,1
Swargate,University,17,0,1,2084,9494,0,16.400383877159307,0.0,0
Swargate,University,17,0,2,2123,8613,0,14.605181347150255,0.0,0
Swargate,University,19,0,0,1768,8624,0,17.560180995475115,0.0,1
Swargate,University,19,0,1,2011,8932,0,15.989656887120836,0.0,0
Swargate,University,19,0,2,2210,11371,0,18.52289592760181,0.0,0
Swargate,University,21,0,0,1296,8624,0,23.95555555555556,0.0,1
Swargate,University,21,0,1,1486,8962,0,21.7114401076716,0.0,0
Swargate,University,21,0,2,1817,11573,0,22.92944413869015,0.0,0
Swargate,University,23,0,0,1122,8647,0,27.74438502673797,0.0,1
Swargate,University,23,0,1,1266,8962,0,25.484360189573454,0.0,0
Swargate,University,23,0,2,1600,11573,0,26.039250000000003,0.0,0
Swargate,University,7,1,0,1207,8624,0,25.72195526097763,0.0,1
Swargate,University,7,1,1,1395,8962,0,23.12774193548387,0.0,0
Swargate,University,7,1,2,1718,11573,0,24.25075669383004,0.0,0
Swargate,University,9,1,0,1470,8624,0,21.12,0.0,1
Swargate,University,9,1,1,1740,8634,0,17.86344827586207,0.0,0
Swargate,University,9,1,2,1852,9633,0,18.72505399568034,0.0,0
Swargate,University,11,1,0,1682,8647,0,18.507253269916767,0.0,1
Swargate,University,11,1,1,2053,9484,0,16.630491962981004,0.0,0
Swargate,University,11,1,2,2082,8087,0,13.98328530259366,0.0,0
Swargate,University,13,1,0,1701,8647,0,18.3005291005291,0.0,1
Swargate,University,13,1,1,1982,9573,0,17.387891019172553,0.0,0
Swargate,University,13,1,2,2014,8615,0,15.399205561072494,0.0,0
Swargate,University,15,1,0,1725,8647,0,18.04591304347826,0.0,1
Swargate,University,15,1,1,1898,9778,0,18.54625922023182,0.0,0
Swargate,University,15,1,2,1964,8634,0,15.826069246435845,0.0,0
Swargate,University,17,1,0,1908,8624,0,16.27169811320755,0.0,1
Swargate,University,17,1,1,2133,9406,0,15.875105485232067,0.0,0
Swargate,University,17,1,2,2152,8634,0,14.443494423791822,0.0,0
Swargate,University,19,1,0,1818,8624,0,17.077227722772278,0.0,1
Swargate,University,19,1,1,2076,8932,0,15.489017341040464,0.0,0
Swargate,University,19,1,2,2206,11371,0,18.556482320942884,0.0,0
Swargate,University,21,1,0,1306,8624,0,23.772128637059726,0.0,1
Swargate,University,21,1,1,1493,8962,0,21.609645010046886,0.0,0
Swargate,University,21,1,2,1814,11573,0,22.96736493936053,0.0,0
Swargate,University,23,1,0,1122,8647,0,27.74438502673797,0.0,1
Swargate,University,23,1,1,1266,8962,0,25.484360189573454,0.0,0
Swargate,University,23,1,2,1600,11573,0,26.039250000000003,0.0,0
Swargate,University,7,2,0,1208,8624,0,25.700662251655636,0.0,1
Swargate,University,7,2,1,1385,8962,0,23.294729241877253,0.0,0
Swargate,University,7,2,2,1718,11573,0,24.25075669383004,0.0,0
Swargate,University,9,2,0,1479,8624,0,20.991480730223124,0.0,1
Swargate,University,9,2,1,1728,8634,0,17.9875,0.0,0
Swargate,University,9,2,2,1820,9429,0,18.65076923076923,0.0,0
Swargate,University,11,2,0,1709,8647,0,18.214862492685786,0.0,1
Swargate,University,11,2,1,2068,9721,0,16.922437137330753,0.0,0
Swargate,University,11,2,2,2058,8087,0,14.146355685131196,0.0,0
Swargate,University,13,2,0,1708,8647,0,18.22552693208431,0.0,1
Swargate,University,13,2,1,2007,9778,0,17.539013452914798,0.0,0
Swargate,University,13,2,2,2003,8634,0,15.517923115327008,0.0,0
Swargate,University,15,2,0,1750,8624,0,17.7408,0.0,1
Swargate,University,15,2,1,1921,9778,0,18.324206142634043,0.0,0
Swargate,University,15,2,2,2005,8634,0,15.502443890274314,0.0,0
Swargate,University,17,2,0,1921,8624,0,16.161582509109838,0.0,1
Swargate,University,17,2,1,2117,9484,0,16.127727916863485,0.0,0
Swargate,University,17,2,2,2163,8613,0,14.33509015256588,0.0,0
Swargate,University,19,2,0,1833,8624,0,16.937479541734863,0.0,1
Swargate,University,19,2,1,2055,8932,0,15.647299270072994,0.0,0
Swargate,University,19,2,2,2233,11371,0,18.332109270040306,0.0,0
Swargate,University,21,2,0,1307,8647,0,23.817291507268557,0.0,1
Swargate,University,21,2,1,1497,8962,0,21.55190380761523,0.0,0
Swargate,University,21,2,2,1812,11573,0,22.992715231788083,0.0,0
Swargate,University,23,2,0,1122,8647,0,27.74438502673797,0.0,1
Swargate,University,23,2,1,1266,8962,0,25.484360189573454,0.0,0
Swargate,University,23,2,2,1600,11573,0,26.039250000000003,0.0,0
Swargate,University,7,3,0,1191,8624,0,26.067506297229222,0.0,1
Swargate,University,7,3,1,1368,8962,0,23.58421052631579,0.0,0
Swargate,University,7,3,2,1693,11573,0,24.60886001181335,0.0,0
Swargate,University,9,3,0,1368,8647,0,22.75526315789474,0.0,1
Swargate,University,9,3,1,1628,8962,0,19.81769041769041,0.0,0
Swargate,University,9,3,2,1871,11371,0,21.87899518973811,0.0,0
Swargate,University,11,3,0,1611,8647,0,19.32290502793296,0.0,1
Swargate,University,11,3,1,1946,9573,0,17.70955806783145,0.0,0
Swargate,University,11,3,2,2075,11371,0,19.728,0.0,0
Swargate,University,13,3,0,1777,8647,0,17.517839054586382,0.0,1
Swargate,University,13,3,1,2031,9573,0,16.968389955686852,0.0,0
Swargate,University,13,3,2,2211,11371,0,18.514518317503395,0.0,0
Swargate,University,15,3,0,1981,8647,0,15.713881877839476,0.0,1
Swargate,University,15,3,1,2095,9689,0,16.649355608591883,0.0,0
Swargate,University,15,3,2,2309,11371,0,17.728713728886966,0.0,0
Swargate,University,17,3,0,2085,8624,0,14.890359712230216,0.0,1
Swargate,University,17,3,1,2170,9484,0,15.733824884792629,0.0,0
Swargate,University,17,3,2,2363,11371,0,17.323571730850613,0.0,0
Swargate,University,19,3,0,1745,8624,0,17.79163323782235,0.0,1
Swargate,University,19,3,1,1987,9484,0,17.18288877705083,0.0,0
Swargate,University,19,3,2,1973,8634,0,15.753877344145971,0.0,0
Swargate,University,21,3,0,1306,8624,0,23.772128637059726,0.0,1
Swargate,University,21,3,1,1497,8962,0,21.55190380761523,0.0,0
Swargate,University,21,3,2,1811,11573,0,23.005411374930976,0.0,0
Swargate,University,23,3,0,1122,8647,0,27.74438502673797,0.0,1
Swargate,University,23,3,1,1266,8962,0,25.484360189573454,0.0,0
Swargate,University,23,3,2,1600,11573,0,26.039250000000003,0.0,0
Swargate,University,7,4,0,1170,8624,0,26.53538461538461,0.0,1
Swargate,University,7,4,1,1335,8962,0,24.167191011235957,0.0,0
Swargate,University,7,4,2,1654,11573,0,25.189117291414757,0.0,0
Swargate,University,9,4,0,1273,8624,0,24.388373919874315,0.0,1
Swargate,University,9,4,1,1495,9010,0,21.696321070234116,0.0,0
Swargate,University,9,4,2,1781,11573,0,23.39292532285233,0.0,0
Swargate,University,11,4,0,1426,8624,0,21.77166900420757,0.0,1
Swargate,University,11,4,1,1665,9517,0,20.577297297297296,0.0,0
Swargate,University,11,4,2,1647,8634,0,18.872131147540983,0.0,0
Swargate,University,13,4,0,1556,8624,0,19.952699228791776,0.0,1
Swargate,University,13,4,1,1726,9517,0,19.85005793742757,0.0,0
Swargate,University,13,4,2,1774,8634,0,17.52108229988726,0.0,0
Swargate,University,15,4,0,1692,8624,0,18.348936170212767,0.0,1
Swargate,University,15,4,1,1719,9429,0,19.746596858638743,0.0,0
Swargate,University,15,4,2,1845,8806,0,17.182439024390245,0.0,0
Swargate,University,17,4,0,1810,8624,0,17.152707182320444,0.0,1
Swargate,University,17,4,1,1812,9577,0,19.027152317880795,0.0,0
Swargate,University,17,4,2,2091,11371,0,19.57704447632712,0.0,0
Swargate,University,19,4,0,1604,8624,0,19.35561097256858,0.0,1
Swargate,University,19,4,1,1809,9517,0,18.939303482587064,0.0,0
Swargate,University,19,4,2,1887,8615,0,16.435612082670907,0.0,0
Swargate,University,21,4,0,1271,8624,0,24.426750590086545,0.0,1
Swargate,University,21,4,1,1461,8962,0,22.0829568788501,0.0,0
Swargate,University,21,4,2,1766,11573,0,23.5916194790487,0.0,0
Swargate,University,23,4,0,1122,8647,0,27.74438502673797,0.0,1
Swargate,University,23,4,1,1266,8962,0,25.484360189573454,0.0,0
Swargate,University,23,4,2,1600,11573,0,26.039250000000003,0.0,0
Swargate,University,7,5,0,1218,8624,0,25.489655172413794,0.0,1
Swargate,University,7,5,1,1395,8962,0,23.12774193548387,0.0,0
Swargate,University,7,5,2,1709,11573,0,24.37846693973084,0.0,0
Swargate,University,9,5,0,1471,8624,0,21.10564242012237,0.0,1
Swargate,University,9,5,1,1703,8634,0,18.25155607751028,0.0,0
Swargate,University,9,5,2,1809,9429,0,18.764179104477613,0.0,0
Swargate,University,11,5,0,1630,8647,0,19.097668711656443,0.0,1
Swargate,University,11,5,1,1948,8634,0,15.956057494866531,0.0,0
Swargate,University,11,5,2,2055,9612,0,16.8385401459854,0.0,0
Swargate,University,13,5,0,1636,8647,0,19.02762836185819,0.0,1
Swargate,University,13,5,1,1971,9721,0,17.755251141552513,0.0,0
Swargate,University,13,5,2,1939,8634,0,16.03011861784425,0.0,0
Swargate,University,15,5,0,1655,8647,0,18.809184290030213,0.0,1
Swargate,University,15,5,1,1899,9778,0,18.536492890995262,0.0,0
Swargate,University,15,5,2,1928,8634,0,16.12157676348548,0.0,0
Swargate,University,17,5,0,1834,8647,0,16.97339149400218,0.0,1
Swargate,University,17,5,1,2092,9573,0,16.473613766730402,0.0,0
Swargate,University,17,5,2,2088,8595,0,14.81896551724138,0.0,0
Swargate,University,19,5,0,1747,8624,0,17.771265025758446,0.0,1
Swargate,University,19,5,1,1985,8932,0,16.199093198992443,0.0,0
Swargate,University,19,5,2,2199,11371,0,18.615552523874488,0.0,0
Swargate,University,21,5,0,1286,8624,0,24.14183514774495,0.0,1
Swargate,University,21,5,1,1477,8962,0,21.84373730534868,0.0,0
Swargate,University,21,5,2,1808,11573,0,23.04358407079646,0.0,0
Swargate,University,23,5,0,1122,8647,0,27.74438502673797,0.0,1
Swargate,University,23,5,1,1266,8962,0,25.484360189573454,0.0,0
Swargate,University,23,5,2,1600,11573,0,26.039250000000003,0.0,0
Swargate,University,7,6,0,1218,8624,0,25.489655172413794,0.0,1
Swargate,University,7,6,1,1399,8962,0,23.061615439599716,0.0,0
Swargate,University,7,6,2,1717,11573,0,24.26488060570763,0.0,0
Swargate,University,9,6,0,1500,8624,0,20.6976,0.0,1
Swargate,University,9,6,1,1748,8634,0,17.781693363844393,0.0,0
Swargate,University,9,6,2,1857,9408,0,18.23844911147011,0.0,0
Swargate,University,11,6,0,1737,8647,0,17.921243523316065,0.0,1
Swargate,University,11,6,1,2041,8634,0,15.229005389514944,0.0,0
Swargate,University,11,6,2,2120,9612,0,16.322264150943397,0.0,0
Swargate,University,13,6,0,1720,8647,0,18.09837209302325,0.0,1
Swargate,University,13,6,1,2014,9721,0,17.37616683217478,0.0,0
Swargate,University,13,6,2,2011,8634,0,15.456190949776232,0.0,0
Swargate,University,15,6,0,1751,8624,0,17.730668189605943,0.0,1
Swargate,University,15,6,1,1931,9689,0,18.06338684619368,0.0,0
Swargate,University,15,6,2,1991,8634,0,15.611451531893522,0.0,0
Swargate,University,17,6,0,1936,8624,0,16.036363636363635,0.0,1
Swargate,University,17,6,1,2137,9406,0,15.84539073467478,0.0,0
Swargate,University,17,6,2,2152,8634,0,14.443494423791822,0.0,0
Swargate,University,19,6,0,1814,8624,0,17.114884233737595,0.0,1
Swargate,University,19,6,1,2035,8932,0,15.80108108108108,0.0,0
Swargate,University,19,6,2,2201,11371,0,18.59863698318946,0.0,0
Swargate,University,21,6,0,1288,8624,0,24.10434782608696,0.0,1
Swargate,University,21,6,1,1488,8962,0,21.68225806451613,0.0,0
Swargate,University,21,6,2,1812,11573,0,22.992715231788083,0.0,0
Swargate,University,23,6,0,1122,8647,0,27.74438502673797,0.0,1
Swargate,University,23,6,1,1266,8962,0,25.484360189573454,0.0,0
Swargate,University,23,6,2,1600,11573,0,26.039250000000003,0.0,0
Hinjewadi,Swargate,7,0,0,2282,18638,0,29.40262927256793,0.0,1
Hinjewadi,Swargate,7,0,1,2863,25230,0,31.724764233321693,0.0,0
Hinjewadi,Swargate,7,0,2,2874,20400,0,25.55323590814196,0.0,0
Hinjewadi,Swargate,9,0,0,2700,18638,0,24.85066666666667,0.0,1
Hinjewadi,Swargate,9,0,1,3452,25227,0,26.30857473928157,0.0,0
Hinjewadi,Swargate,9,0,2,3467,24922,0,25.87805018748197,0.0,0
Hinjewadi,Swargate,11,0,0,2967,18638,0,22.614357937310416,0.0,1
Hinjewadi,Swargate,11,0,1,3725,25788,0,24.922630872483214,0.0,0
Hinjewadi,Swargate,11,0,2,3932,25288,0,23.15279755849441,0.0,0
Hinjewadi,Swargate,13,0,0,2947,18638,0,22.767831693247373,0.0,1
Hinjewadi,Swargate,13,0,1,3568,25853,0,26.08486547085202,0.0,0
Hinjewadi,Swargate,13,0,2,3870,25288,0,23.52372093023256,0.0,0
Hinjewadi,Swargate,15,0,0,2919,18638,0,22.98622816032888,0.0,1
Hinjewadi,Swargate,15,0,1,3332,25476,0,27.525090036014404,0.0,0
Hinjewadi,Swargate,15,0,2,3668,21072,0,20.68135223555071,0.0,0
Hinjewadi,Swargate,17,0,0,3318,18638,0,20.22206148282098,0.0,1
Hinjewadi,Swargate,17,0,1,3864,25469,0,23.728881987577644,0.0,0
Hinjewadi,Swargate,17,0,2,4324,25288,0,21.053839037927847,0.0,0
Hinjewadi,Swargate,19,0,0,3390,18638,0,19.792566371681417,0.0,1
Hinjewadi,Swargate,19,0,1,3979,25227,0,22.824126664991205,0.0,0
Hinjewadi,Swargate,19,0,2,4211,26494,0,22.649821895036805,0.0,0
Hinjewadi,Swargate,21,0,0,2410,18638,0,27.84099585062241,0.0,1
Hinjewadi,Swargate,21,0,1,2890,25230,0,31.428373702422142,0.0,0
Hinjewadi,Swargate,21,0,2,2974,20400,0,24.69401479488904,0.0,0
Hinjewadi,Swargate,23,0,0,2142,18638,0,31.32436974789917,0.0,1
Hinjewadi,Swargate,23,0,1,2617,25230,0,34.70691631639282,0.0,0
Hinjewadi,Swargate,23,0,2,2691,20400,0,27.290969899665548,0.0,0
Hinjewadi,Swargate,7,1,0,2283,18638,0,29.389750328515117,0.0,1
Hinjewadi,Swargate,7,1,1,2846,25230,0,31.914265635980325,0.0,0
Hinjewadi,Swargate,7,1,2,2873,20400,0,25.562130177514792,0.0,0
Hinjewadi,Swargate,9,1,0,2672,18638,0,25.111077844311374,0.0,1
Hinjewadi,Swargate,9,1,1,3425,25227,0,26.51597080291971,0.0,0
Hinjewadi,Swargate,9,1,2,3433,24885,0,26.09554325662686,0.0,0
Hinjewadi,Swargate,11,1,0,2964,18638,0,22.63724696356276,0.0,1
Hinjewadi,Swargate,11,1,1,3707,25793,0,25.04850283247909,0.0,0
Hinjewadi,Swargate,11,1,2,3912,25438,0,23.409202453987728,0.0,0
Hinjewadi,Swargate,13,1,0,2977,18638,0,22.53839435673497,0.0,1
Hinjewadi,Swargate,13,1,1,3559,25853,0,26.150828884518123,0.0,0
Hinjewadi,Swargate,13,1,2,3869,25438,0,23.66937193073145,0.0,0
Hinjewadi,Swargate,15,1,0,3010,19310,0,23.09501661129568,0.0,1
Hinjewadi,Swargate,15,1,1,3323,25476,0,27.599638880529643,0.0,0
Hinjewadi,Swargate,15,1,2,3810,24922,0,23.548346456692915,0.0,0
Hinjewadi,Swargate,17,1,0,3301,19160,0,20.89548621629809,0.0,1
Hinjewadi,Swargate,17,1,1,3803,25469,0,24.109492505916386,0.0,0
Hinjewadi,Swargate,17,1,2,4202,24922,0,21.35154688243693,0.0,0
Hinjewadi,Swargate,19,1,0,3259,18638,0,20.5881558760356,0.0,1
Hinjewadi,Swargate,19,1,1,3934,25227,0,23.08520589730554,0.0,0
Hinjewadi,Swargate,19,1,2,4310,27879,0,23.286403712296984,0.0,0
Hinjewadi,Swargate,21,1,0,2389,18638,0,28.08572624529092,0.0,1
Hinjewadi,Swargate,21,1,1,2891,25230,0,31.417502594258043,0.0,0
Hinjewadi,Swargate,21,1,2,2950,20400,0,24.894915254237286,0.0,0
Hinjewadi,Swargate,23,1,0,2142,18638,0,31.32436974789917,0.0,1
Hinjewadi,Swargate,23,1,1,2617,25230,0,34.70691631639282,0.0,0
Hinjewadi,Swargate,23,1,2,2691,20400,0,27.290969899665548,0.0,0
Hinjewadi,Swargate,7,2,0,2267,18638,0,29.5971768857521,0.0,1
Hinjewadi,Swargate,7,2,1,2854,25230,0,31.824807288016817,0.0,0
Hinjewadi,Swargate,7,2,2,2850,20400,0,25.768421052631577,0.0,0
Hinjewadi,Swargate,9,2,0,2641,18638,0,25.40583112457403,0.0,1
Hinjewadi,Swargate,9,2,1,3423,25227,0,26.531463628396143,0.0,0
Hinjewadi,Swargate,9,2,2,3248,20400,0,22.610837438423644,0.0,0
Hinjewadi,Swargate,11,2,0,2923,18638,0,22.954772494013003,0.0,1
Hinjewadi,Swargate,11,2,1,3705,25776,0,25.045506072874492,0.0,0
Hinjewadi,Swargate,11,2,2,3563,20400,0,20.611843951726076,0.0,0
Hinjewadi,Swargate,13,2,0,2962,18638,0,22.6525320729237,0.0,1
Hinjewadi,Swargate,13,2,1,3599,25853,0,25.86018338427341,0.0,0
Hinjewadi,Swargate,13,2,2,3735,20922,0,20.16578313253012,0.0,0
Hinjewadi,Swargate,15,2,0,2944,18638,0,22.79103260869565,0.0,1
Hinjewadi,Swargate,15,2,1,3403,25749,0,27.239612106964444,0.0,0
Hinjewadi,Swargate,15,2,2,3650,21072,0,20.783342465753424,0.0,0
Hinjewadi,Swargate,17,2,0,3330,18638,0,20.14918918918919,0.0,1
Hinjewadi,Swargate,17,2,1,3912,25469,0,23.437730061349694,0.0,0
Hinjewadi,Swargate,17,2,2,4078,20922,0,18.469641981363413,0.0,0
Hinjewadi,Swargate,19,2,0,3368,18638,0,19.92185273159145,0.0,1
Hinjewadi,Swargate,19,2,1,3997,25227,0,22.72134100575432,0.0,0
Hinjewadi,Swargate,19,2,2,4360,27879,0,23.01935779816514,0.0,0
Hinjewadi,Swargate,21,2,0,2416,18638,0,27.771854304635763,0.0,1
Hinjewadi,Swargate,21,2,1,2902,25230,0,31.29841488628532,0.0,0
Hinjewadi,Swargate,21,2,2,2979,20400,0,24.652567975830813,0.0,0
Hinjewadi,Swargate,23,2,0,2142,18638,0,31.32436974789917,0.0,1
Hinjewadi,Swargate,23,2,1,2617,25230,0,34.70691631639282,0.0,0
Hinjewadi,Swargate,23,2,2,2691,20400,0,27.290969899665548,0.0,0
Hinjewadi,Swargate,7,3,0,2252,18638,0,29.794316163410304,0.0,1
Hinjewadi,Swargate,7,3,1,2821,25230,0,32.197093229351296,0.0,0
Hinjewadi,Swargate,7,3,2,2823,20400,0,26.014877789585544,0.0,0
Hinjewadi,Swargate,9,3,0,2565,18638,0,26.15859649122807,0.0,1
Hinjewadi,Swargate,9,3,1,3294,25253,0,27.59890710382513,0.0,0
Hinjewadi,Swargate,9,3,2,3176,20400,0,23.12342569269521,0.0,0
Hinjewadi,Swargate,11,3,0,2993,18638,0,22.417908453057137,0.0,1
Hinjewadi,Swargate,11,3,1,3707,25784,0,25.039762611275965,0.0,0
Hinjewadi,Swargate,11,3,2,3697,21072,0,20.51912361374087,0.0,0
Hinjewadi,Swargate,13,3,0,3171,19160,0,21.75212866603595,0.0,1
Hinjewadi,Swargate,13,3,1,3775,25850,0,24.65165562913907,0.0,0
Hinjewadi,Swargate,13,3,2,3689,21926,0,21.39701816210355,0.0,0
Hinjewadi,Swargate,15,3,0,3219,19310,0,21.5955265610438,0.0,1
Hinjewadi,Swargate,15,3,1,3666,25789,0,25.32471358428805,0.0,0
Hinjewadi,Swargate,15,3,2,3723,20607,0,19.926188557614825,0.0,0
Hinjewadi,Swargate,17,3,0,3340,19160,0,20.651497005988023,0.0,1
Hinjewadi,Swargate,17,3,1,4037,25741,0,22.95457022541491,0.0,0
Hinjewadi,Swargate,17,3,2,3872,20607,0,19.15940082644628,0.0,0
Hinjewadi,Swargate,19,3,0,3125,18638,0,21.470976,0.0,1
Hinjewadi,Swargate,19,3,1,4048,25499,0,22.67697628458498,0.0,0
Hinjewadi,Swargate,19,3,2,3731,23310,0,22.49155722326454,0.0,0
Hinjewadi,Swargate,21,3,0,2406,18638,0,27.887281795511225,0.0,1
Hinjewadi,Swargate,21,3,1,2938,25230,0,30.914908100748807,0.0,0
Hinjewadi,Swargate,21,3,2,2968,20400,0,24.743935309973043,0.0,0
Hinjewadi,Swargate,23,3,0,2142,18638,0,31.32436974789917,0.0,1
Hinjewadi,Swargate,23,3,1,2617,25230,0,34.70691631639282,0.0,0
Hinjewadi,Swargate,23,3,2,2690,20400,0,27.301115241635685,0.0,0
Hinjewadi,Swargate,7,4,0,2228,18638,0,30.115260323159784,0.0,1
Hinjewadi,Swargate,7,4,1,2760,25230,0,32.90869565217391,0.0,0
Hinjewadi,Swargate,7,4,2,2797,20400,0,26.2567036110118,0.0,0
Hinjewadi,Swargate,9,4,0,2428,18638,0,27.6345963756178,0.0,1
Hinjewadi,Swargate,9,4,1,3009,25230,0,30.18544366899302,0.0,0
Hinjewadi,Swargate,9,4,2,3222,26306,0,29.39217877094972,0.0,0
Hinjewadi,Swargate,11,4,0,2711,19160,0,25.443009959424565,0.0,1
Hinjewadi,Swargate,11,4,1,3228,25476,0,28.411895910780668,0.0,0
Hinjewadi,Swargate,11,4,2,3425,26306,0,27.650102189781023,0.0,0
Hinjewadi,Swargate,13,4,0,2739,19160,0,25.182913472070094,0.0,1
Hinjewadi,Swargate,13,4,1,3268,25752,0,28.36817625458996,0.0,0
Hinjewadi,Swargate,13,4,2,3115,21991,0,25.414959871589083,0.0,0
Hinjewadi,Swargate,15,4,0,2760,19310,0,25.186956521739127,0.0,1
Hinjewadi,Swargate,15,4,1,3202,25811,0,29.019237976264836,0.0,0
Hinjewadi,Swargate,15,4,2,3165,21991,0,25.01345971563981,0.0,0
Hinjewadi,Swargate,17,4,0,2890,19160,0,23.86712802768166,0.0,1
Hinjewadi,Swargate,17,4,1,3429,25746,0,27.02992125984252,0.0,0
Hinjewadi,Swargate,17,4,2,3309,21991,0,23.924932003626477,0.0,0
Hinjewadi,Swargate,19,4,0,2838,18638,0,23.64228329809725,0.0,1
Hinjewadi,Swargate,19,4,1,3479,25499,0,26.3858580051739,0.0,0
Hinjewadi,Swargate,19,4,2,3344,23310,0,25.0944976076555,0.0,0
Hinjewadi,Swargate,21,4,0,2328,18638,0,28.82164948453609,0.0,1
Hinjewadi,Swargate,21,4,1,2839,25230,0,31.99295526593871,0.0,0
Hinjewadi,Swargate,21,4,2,2889,20400,0,25.42056074766355,0.0,0
Hinjewadi,Swargate,23,4,0,2142,18638,0,31.32436974789917,0.0,1
Hinjewadi,Swargate,23,4,1,2617,25230,0,34.70691631639282,0.0,0
Hinjewadi,Swargate,23,4,2,2690,20400,0,27.301115241635685,0.0,0
Hinjewadi,Swargate,7,5,0,2274,18638,0,29.506068601583117,0.0,1
Hinjewadi,Swargate,7,5,1,2860,25230,0,31.75804195804196,0.0,0
Hinjewadi,Swargate,7,5,2,2867,20400,0,25.615626089989533,0.0,0
Hinjewadi,Swargate,9,5,0,2659,18638,0,25.233847311019183,0.0,1
Hinjewadi,Swargate,9,5,1,3392,25227,0,26.773938679245283,0.0,0
Hinjewadi,Swargate,9,5,2,3425,24885,0,26.156496350364968,0.0,0
Hinjewadi,Swargate,11,5,0,2905,18638,0,23.097005163511188,0.0,1
Hinjewadi,Swargate,11,5,1,3671,25788,0,25.289239989103788,0.0,0
Hinjewadi,Swargate,11,5,2,3717,24885,0,24.10169491525424,0.0,0
Hinjewadi,Swargate,13,5,0,2874,18638,0,23.34613778705637,0.0,1
Hinjewadi,Swargate,13,5,1,3535,25853,0,26.32837340876945,0.0,0
Hinjewadi,Swargate,13,5,2,3844,25438,0,23.82330905306972,0.0,0
Hinjewadi,Swargate,15,5,0,2846,18638,0,23.575825720309208,0.0,1
Hinjewadi,Swargate,15,5,1,3316,25749,0,27.95428226779252,0.0,0
Hinjewadi,Swargate,15,5,2,3608,21072,0,21.02527716186253,0.0,0
Hinjewadi,Swargate,17,5,0,3176,18638,0,21.12619647355164,0.0,1
Hinjewadi,Swargate,17,5,1,3790,25469,0,24.192189973614777,0.0,0
Hinjewadi,Swargate,17,5,2,4005,20922,0,18.80629213483146,0.0,0
Hinjewadi,Swargate,19,5,0,3182,18638,0,21.08636077938404,0.0,1
Hinjewadi,Swargate,19,5,1,3845,25227,0,23.619557867360207,0.0,0
Hinjewadi,Swargate,19,5,2,3861,21465,0,20.013986013986013,0.0,0
Hinjewadi,Swargate,21,5,0,2379,18638,0,28.20378310214376,0.0,1
Hinjewadi,Swargate,21,5,1,2865,25230,0,31.70261780104712,0.0,0
Hinjewadi,Swargate,21,5,2,2897,20911,0,25.98536416983086,0.0,0
Hinjewadi,Swargate,23,5,0,2142,18638,0,31.32436974789917,0.0,1
Hinjewadi,Swargate,23,5,1,2617,25230,0,34.70691631639282,0.0,0
Hinjewadi,Swargate,23,5,2,2691,20400,0,27.290969899665548,0.0,0
Hinjewadi,Swargate,7,6,0,2289,18638,0,29.312712975098297,0.0,1
Hinjewadi,Swargate,7,6,1,2869,25230,0,31.65841756709655,0.0,0
Hinjewadi,Swargate,7,6,2,2882,20400,0,25.4823039555864,0.0,0
Hinjewadi,Swargate,9,6,0,2723,18638,0,24.64076386338597,0.0,1
Hinjewadi,Swargate,9,6,1,3488,25227,0,26.03704128440367,0.0,0
Hinjewadi,Swargate,9,6,2,3480,24922,0,25.78137931034483,0.0,0
Hinjewadi,Swargate,11,6,0,3009,18638,0,22.298703888335,0.0,1
Hinjewadi,Swargate,11,6,1,3770,25788,0,24.625145888594165,0.0,0
Hinjewadi,Swargate,11,6,2,3794,24922,0,23.647654190827623,0.0,0
Hinjewadi,Swargate,13,6,0,2961,18638,0,22.66018237082067,0.0,1
Hinjewadi,Swargate,13,6,1,3580,25853,0,25.997430167597766,0.0,0
Hinjewadi,Swargate,13,6,2,3905,25438,0,23.451165172855315,0.0,0
Hinjewadi,Swargate,15,6,0,2947,18638,0,22.767831693247373,0.0,1
Hinjewadi,Swargate,15,6,1,3340,25476,0,27.459161676646705,0.0,0
Hinjewadi,Swargate,15,6,2,3819,25438,0,23.979261586802828,0.0,0
Hinjewadi,Swargate,17,6,0,3309,18638,0,20.277062556663648,0.0,1
Hinjewadi,Swargate,17,6,1,3864,25469,0,23.728881987577644,0.0,0
Hinjewadi,Swargate,17,6,2,4301,25288,0,21.16642641246222,0.0,0
Hinjewadi,Swargate,19,6,0,3311,18638,0,20.264814255511933,0.0,1
Hinjewadi,Swargate,19,6,1,3959,25227,0,22.93942914877494,0.0,0
Hinjewadi,Swargate,19,6,2,4181,26494,0,22.81234154508491,0.0,0
Hinjewadi,Swargate,21,6,0,2392,18638,0,28.05050167224081,0.0,1
Hinjewadi,Swargate,21,6,1,2882,25230,0,31.51561415683553,0.0,0
Hinjewadi,Swargate,21,6,2,2959,20400,0,24.81919567421426,0.0,0
Hinjewadi,Swargate,23,6,0,2142,18638,0,31.32436974789917,0.0,1
Hinjewadi,Swargate,23,6,1,2617,25230,0,34.70691631639282,0.0,0
Hinjewadi,Swargate,23,6,2,2691,20400,0,27.290969899665548,0.0,0
Hinjewadi,Swargate,7,0,0,2282,18638,0,29.40262927256793,0.0,1
Hinjewadi,Swargate,7,0,1,2863,25230,0,31.724764233321693,0.0,0
Hinjewadi,Swargate,7,0,2,2874,20400,0,25.55323590814196,0.0,0
Hinjewadi,Swargate,9,0,0,2700,18638,0,24.85066666666667,0.0,1
Hinjewadi,Swargate,9,0,1,3452,25227,0,26.30857473928157,0.0,0
Hinjewadi,Swargate,9,0,2,3467,24922,0,25.87805018748197,0.0,0
Hinjewadi,Swargate,11,0,0,2967,18638,0,22.614357937310416,0.0,1
Hinjewadi,Swargate,11,0,1,3725,25788,0,24.922630872483214,0.0,0
Hinjewadi,Swargate,11,0,2,3932,25288,0,23.15279755849441,0.0,0
Hinjewadi,Swargate,13,0,0,2947,18638,0,22.767831693247373,0.0,1
Hinjewadi,Swargate,13,0,1,3568,25853,0,26.08486547085202,0.0,0
Hinjewadi,Swargate,13,0,2,3870,25288,0,23.52372093023256,0.0,0
Hinjewadi,Swargate,15,0,0,2919,18638,0,22.98622816032888,0.0,1
Hinjewadi,Swargate,15,0,1,3332,25476,0,27.525090036014404,0.0,0
Hinjewadi,Swargate,15,0,2,3668,21072,0,20.68135223555071,0.0,0
Hinjewadi,Swargate,17,0,0,3318,18638,0,20.22206148282098,0.0,1
Hinjewadi,Swargate,17,0,1,3864,25469,0,23.728881987577644,0.0,0
Hinjewadi,Swargate,17,0,2,4324,25288,0,21.053839037927847,0.0,0
Hinjewadi,Swargate,19,0,0,3390,18638,0,19.792566371681417,0.0,1
Hinjewadi,Swargate,19,0,1,3979,25227,0,22.824126664991205,0.0,0
Hinjewadi,Swargate,19,0,2,4211,26494,0,22.649821895036805,0.0,0
Hinjewadi,Swargate,21,0,0,2410,18638,0,27.84099585062241,0.0,1
Hinjewadi,Swargate,21,0,1,2890,25230,0,31.428373702422142,0.0,0
Hinjewadi,Swargate,21,0,2,2974,20400,0,24.69401479488904,0.0,0
Hinjewadi,Swargate,23,0,0,2142,18638,0,31.32436974789917,0.0,1
Hinjewadi,Swargate,23,0,1,2617,25230,0,34.70691631639282,0.0,0
Hinjewadi,Swargate,23,0,2,2691,20400,0,27.290969899665548,0.0,0
Hinjewadi,Swargate,7,1,0,2283,18638,0,29.389750328515117,0.0,1
Hinjewadi,Swargate,7,1,1,2846,25230,0,31.914265635980325,0.0,0
Hinjewadi,Swargate,7,1,2,2873,20400,0,25.562130177514792,0.0,0
Hinjewadi,Swargate,9,1,0,2672,18638,0,25.111077844311374,0.0,1
Hinjewadi,Swargate,9,1,1,3425,25227,0,26.51597080291971,0.0,0
Hinjewadi,Swargate,9,1,2,3433,24885,0,26.09554325662686,0.0,0
Hinjewadi,Swargate,11,1,0,2964,18638,0,22.63724696356276,0.0,1
Hinjewadi,Swargate,11,1,1,3707,25793,0,25.04850283247909,0.0,0
Hinjewadi,Swargate,11,1,2,3912,25438,0,23.409202453987728,0.0,0
Hinjewadi,Swargate,13,1,0,2977,18638,0,22.53839435673497,0.0,1
Hinjewadi,Swargate,13,1,1,3559,25853,0,26.150828884518123,0.0,0
Hinjewadi,Swargate,13,1,2,3869,25438,0,23.66937193073145,0.0,0
Hinjewadi,Swargate,15,1,0,3010,19310,0,23.09501661129568,0.0,1
Hinjewadi,Swargate,15,1,1,3323,25476,0,27.599638880529643,0.0,0
Hinjewadi,Swargate,15,1,2,3810,24922,0,23.548346456692915,0.0,0
Hinjewadi,Swargate,17,1,0,3301,19160,0,20.89548621629809,0.0,1
Hinjewadi,Swargate,17,1,1,3803,25469,0,24.109492505916386,0.0,0
Hinjewadi,Swargate,17,1,2,4202,24922,0,21.35154688243693,0.0,0
Hinjewadi,Swargate,19,1,0,3259,18638,0,20.5881558760356,0.0,1
Hinjewadi,Swargate,19,1,1,3934,25227,0,23.08520589730554,0.0,0
Hinjewadi,Swargate,19,1,2,4310,27879,0,23.286403712296984,0.0,0
Hinjewadi,Swargate,21,1,0,2389,18638,0,28.08572624529092,0.0,1
Hinjewadi,Swargate,21,1,1,2891,25230,0,31.417502594258043,0.0,0
Hinjewadi,Swargate,21,1,2,2950,20400,0,24.894915254237286,0.0,0
Hinjewadi,Swargate,23,1,0,2142,18638,0,31.32436974789917,0.0,1
Hinjewadi,Swargate,23,1,1,2617,25230,0,34.70691631639282,0.0,0
Hinjewadi,Swargate,23,1,2,2691,20400,0,27.290969899665548,0.0,0
Hinjewadi,Swargate,7,2,0,2267,18638,0,29.5971768857521,0.0,1
Hinjewadi,Swargate,7,2,1,2854,25230,0,31.824807288016817,0.0,0
Hinjewadi,Swargate,7,2,2,2850,20400,0,25.768421052631577,0.0,0
Hinjewadi,Swargate,9,2,0,2641,18638,0,25.40583112457403,0.0,1
Hinjewadi,Swargate,9,2,1,3423,25227,0,26.531463628396143,0.0,0
Hinjewadi,Swargate,9,2,2,3248,20400,0,22.610837438423644,0.0,0
Hinjewadi,Swargate,11,2,0,2923,18638,0,22.954772494013003,0.0,1
Hinjewadi,Swargate,11,2,1,3705,25776,0,25.045506072874492,0.0,0
Hinjewadi,Swargate,11,2,2,3563,20400,0,20.611843951726076,0.0,0
Hinjewadi,Swargate,13,2,0,2962,18638,0,22.6525320729237,0.0,1
Hinjewadi,Swargate,13,2,1,3599,25853,0,25.86018338427341,0.0,0
Hinjewadi,Swargate,13,2,2,3735,20922,0,20.16578313253012,0.0,0
Hinjewadi,Swargate,15,2,0,2944,18638,0,22.79103260869565,0.0,1
Hinjewadi,Swargate,15,2,1,3403,25749,0,27.239612106964444,0.0,0
Hinjewadi,Swargate,15,2,2,3650,21072,0,20.783342465753424,0.0,0
Hinjewadi,Swargate,17,2,0,3330,18638,0,20.14918918918919,0.0,1
Hinjewadi,Swargate,17,2,1,3912,25469,0,23.437730061349694,0.0,0
Hinjewadi,Swargate,17,2,2,4078,20922,0,18.469641981363413,0.0,0
Hinjewadi,Swargate,19,2,0,3368,18638,0,19.92185273159145,0.0,1
Hinjewadi,Swargate,19,2,1,3997,25227,0,22.72134100575432,0.0,0
Hinjewadi,Swargate,19,2,2,4360,27879,0,23.01935779816514,0.0,0
Hinjewadi,Swargate,21,2,0,2416,18638,0,27.771854304635763,0.0,1
Hinjewadi,Swargate,21,2,1,2902,25230,0,31.29841488628532,0.0,0
Hinjewadi,Swargate,21,2,2,2979,20400,0,24.652567975830813,0.0,0
Hinjewadi,Swargate,23,2,0,2142,18638,0,31.32436974789917,0.0,1
Hinjewadi,Swargate,23,2,1,2617,25230,0,34.70691631639282,0.0,0
Hinjewadi,Swargate,23,2,2,2691,20400,0,27.290969899665548,0.0,0
Hinjewadi,Swargate,7,3,0,2252,18638,0,29.794316163410304,0.0,1
Hinjewadi,Swargate,7,3,1,2821,25230,0,32.197093229351296,0.0,0
Hinjewadi,Swargate,7,3,2,2823,20400,0,26.014877789585544,0.0,0
Hinjewadi,Swargate,9,3,0,2565,18638,0,26.15859649122807,0.0,1
Hinjewadi,Swargate,9,3,1,3294,25253,0,27.59890710382513,0.0,0
Hinjewadi,Swargate,9,3,2,3176,20400,0,23.12342569269521,0.0,0
Hinjewadi,Swargate,11,3,0,2993,18638,0,22.417908453057137,0.0,1
Hinjewadi,Swargate,11,3,1,3707,25784,0,25.039762611275965,0.0,0
Hinjewadi,Swargate,11,3,2,3697,21072,0,20.51912361374087,0.0,0
Hinjewadi,Swargate,13,3,0,3171,19160,0,21.75212866603595,0.0,1
Hinjewadi,Swargate,13,3,1,3775,25850,0,24.65165562913907,0.0,0
Hinjewadi,Swargate,13,3,2,3689,21926,0,21.39701816210355,0.0,0
Hinjewadi,Swargate,15,3,0,3219,19310,0,21.5955265610438,0.0,1
Hinjewadi,Swargate,15,3,1,3666,25789,0,25.32471358428805,0.0,0
Hinjewadi,Swargate,15,3,2,3723,20607,0,19.926188557614825,0.0,0
Hinjewadi,Swargate,17,3,0,3340,19160,0,20.651497005988023,0.0,1
Hinjewadi,Swargate,17,3,1,4037,25741,0,22.95457022541491,0.0,0
Hinjewadi,Swargate,17,3,2,3872,20607,0,19.15940082644628,0.0,0
Hinjewadi,Swargate,19,3,0,3125,18638,0,21.470976,0.0,1
Hinjewadi,Swargate,19,3,1,4048,25499,0,22.67697628458498,0.0,0
Hinjewadi,Swargate,19,3,2,3731,23310,0,22.49155722326454,0.0,0
Hinjewadi,Swargate,21,3,0,2406,18638,0,27.887281795511225,0.0,1
Hinjewadi,Swargate,21,3,1,2938,25230,0,30.914908100748807,0.0,0
Hinjewadi,Swargate,21,3,2,2968,20400,0,24.743935309973043,0.0,0
Hinjewadi,Swargate,23,3,0,2142,18638,0,31.32436974789917,0.0,1
Hinjewadi,Swargate,23,3,1,2617,25230,0,34.70691631639282,0.0,0
Hinjewadi,Swargate,23,3,2,2690,20400,0,27.301115241635685,0.0,0
Hinjewadi,Swargate,7,4,0,2228,18638,0,30.115260323159784,0.0,1
Hinjewadi,Swargate,7,4,1,2760,25230,0,32.90869565217391,0.0,0
Hinjewadi,Swargate,7,4,2,2797,20400,0,26.2567036110118,0.0,0
Hinjewadi,Swargate,9,4,0,2428,18638,0,27.6345963756178,0.0,1
Hinjewadi,Swargate,9,4,1,3009,25230,0,30.18544366899302,0.0,0
Hinjewadi,Swargate,9,4,2,3222,26306,0,29.39217877094972,0.0,0
Hinjewadi,Swargate,11,4,0,2711,19160,0,25.443009959424565,0.0,1
Hinjewadi,Swargate,11,4,1,3228,25476,0,28.411895910780668,0.0,0
Hinjewadi,Swargate,11,4,2,3425,26306,0,27.650102189781023,0.0,0
Hinjewadi,Swargate,13,4,0,2739,19160,0,25.182913472070094,0.0,1
Hinjewadi,Swargate,13,4,1,3268,25752,0,28.36817625458996,0.0,0
Hinjewadi,Swargate,13,4,2,3115,21991,0,25.414959871589083,0.0,0
Hinjewadi,Swargate,15,4,0,2760,19310,0,25.186956521739127,0.0,1
Hinjewadi,Swargate,15,4,1,3202,25811,0,29.019237976264836,0.0,0
Hinjewadi,Swargate,15,4,2,3165,21991,0,25.01345971563981,0.0,0
Hinjewadi,Swargate,17,4,0,2890,19160,0,23.86712802768166,0.0,1
Hinjewadi,Swargate,17,4,1,3429,25746,0,27.02992125984252,0.0,0
Hinjewadi,Swargate,17,4,2,3309,21991,0,23.924932003626477,0.0,0
Hinjewadi,Swargate,19,4,0,2838,18638,0,23.64228329809725,0.0,1
Hinjewadi,Swargate,19,4,1,3479,25499,0,26.3858580051739,0.0,0
Hinjewadi,Swargate,19,4,2,3344,23310,0,25.0944976076555,0.0,0
Hinjewadi,Swargate,21,4,0,2328,18638,0,28.82164948453609,0.0,1
Hinjewadi,Swargate,21,4,1,2839,25230,0,31.99295526593871,0.0,0
Hinjewadi,Swargate,21,4,2,2889,20400,0,25.42056074766355,0.0,0
Hinjewadi,Swargate,23,4,0,2142,18638,0,31.32436974789917,0.0,1
Hinjewadi,Swargate,23,4,1,2617,25230,0,34.70691631639282,0.0,0
Hinjewadi,Swargate,23,4,2,2690,20400,0,27.301115241635685,0.0,0
Hinjewadi,Swargate,7,5,0,2274,18638,0,29.506068601583117,0.0,1
Hinjewadi,Swargate,7,5,1,2860,25230,0,31.75804195804196,0.0,0
Hinjewadi,Swargate,7,5,2,2867,20400,0,25.615626089989533,0.0,0
Hinjewadi,Swargate,9,5,0,2659,18638,0,25.233847311019183,0.0,1
Hinjewadi,Swargate,9,5,1,3392,25227,0,26.773938679245283,0.0,0
Hinjewadi,Swargate,9,5,2,3425,24885,0,26.156496350364968,0.0,0
Hinjewadi,Swargate,11,5,0,2905,18638,0,23.097005163511188,0.0,1
Hinjewadi,Swargate,11,5,1,3671,25788,0,25.289239989103788,0.0,0
Hinjewadi,Swargate,11,5,2,3717,24885,0,24.10169491525424,0.0,0
Hinjewadi,Swargate,13,5,0,2874,18638,0,23.34613778705637,0.0,1
Hinjewadi,Swargate,13,5,1,3535,25853,0,26.32837340876945,0.0,0
Hinjewadi,Swargate,13,5,2,3844,25438,0,23.82330905306972,0.0,0
Hinjewadi,Swargate,15,5,0,2846,18638,0,23.575825720309208,0.0,1
Hinjewadi,Swargate,15,5,1,3316,25749,0,27.95428226779252,0.0,0
Hinjewadi,Swargate,15,5,2,3608,21072,0,21.02527716186253,0.0,0
Hinjewadi,Swargate,17,5,0,3176,18638,0,21.12619647355164,0.0,1
Hinjewadi,Swargate,17,5,1,3790,25469,0,24.192189973614777,0.0,0
Hinjewadi,Swargate,17,5,2,4005,20922,0,18.80629213483146,0.0,0
Hinjewadi,Swargate,19,5,0,3182,18638,0,21.08636077938404,0.0,1
Hinjewadi,Swargate,19,5,1,3845,25227,0,23.619557867360207,0.0,0
Hinjewadi,Swargate,19,5,2,3861,21465,0,20.013986013986013,0.0,0
Hinjewadi,Swargate,21,5,0,2379,18638,0,28.20378310214376,0.0,1
Hinjewadi,Swargate,21,5,1,2865,25230,0,31.70261780104712,0.0,0
Hinjewadi,Swargate,21,5,2,2897,20911,0,25.98536416983086,0.0,0
Hinjewadi,Swargate,23,5,0,2142,18638,0,31.32436974789917,0.0,1
Hinjewadi,Swargate,23,5,1,2617,25230,0,34.70691631639282,0.0,0
Hinjewadi,Swargate,23,5,2,2691,20400,0,27.290969899665548,0.0,0
Hinjewadi,Swargate,7,6,0,2289,18638,0,29.312712975098297,0.0,1
Hinjewadi,Swargate,7,6,1,2869,25230,0,31.65841756709655,0.0,0
Hinjewadi,Swargate,7,6,2,2882,20400,0,25.4823039555864,0.0,0
Hinjewadi,Swargate,9,6,0,2723,18638,0,24.64076386338597,0.0,1
Hinjewadi,Swargate,9,6,1,3488,25227,0,26.03704128440367,0.0,0
Hinjewadi,Swargate,9,6,2,3480,24922,0,25.78137931034483,0.0,0
Hinjewadi,Swargate,11,6,0,3009,18638,0,22.298703888335,0.0,1
Hinjewadi,Swargate,11,6,1,3770,25788,0,24.625145888594165,0.0,0
Hinjewadi,Swargate,11,6,2,3794,24922,0,23.647654190827623,0.0,0
Hinjewadi,Swargate,13,6,0,2961,18638,0,22.66018237082067,0.0,1
Hinjewadi,Swargate,13,6,1,3580,25853,0,25.997430167597766,0.0,0
Hinjewadi,Swargate,13,6,2,3905,25438,0,23.451165172855315,0.0,0
Hinjewadi,Swargate,15,6,0,2947,18638,0,22.767831693247373,0.0,1
Hinjewadi,Swargate,15,6,1,3340,25476,0,27.459161676646705,0.0,0
Hinjewadi,Swargate,15,6,2,3819,25438,0,23.979261586802828,0.0,0
Hinjewadi,Swargate,17,6,0,3309,18638,0,20.277062556663648,0.0,1
Hinjewadi,Swargate,17,6,1,3864,25469,0,23.728881987577644,0.0,0
Hinjewadi,Swargate,17,6,2,4301,25288,0,21.16642641246222,0.0,0
Hinjewadi,Swargate,19,6,0,3311,18638,0,20.264814255511933,0.0,1
Hinjewadi,Swargate,19,6,1,3959,25227,0,22.93942914877494,0.0,0
Hinjewadi,Swargate,19,6,2,4181,26494,0,22.81234154508491,0.0,0
Hinjewadi,Swargate,21,6,0,2392,18638,0,28.05050167224081,0.0,1
Hinjewadi,Swargate,21,6,1,2882,25230,0,31.51561415683553,0.0,0
Hinjewadi,Swargate,21,6,2,2959,20400,0,24.81919567421426,0.0,0
Hinjewadi,Swargate,23,6,0,2142,18638,0,31.32436974789917,0.0,1
Hinjewadi,Swargate,23,6,1,2617,25230,0,34.70691631639282,0.0,0
Hinjewadi,Swargate,23,6,2,2691,20400,0,27.290969899665548,0.0,0
Hinjewadi,Swargate,7,0,0,2282,18638,0,29.40262927256793,0.0,1
Hinjewadi,Swargate,7,0,1,2863,25230,0,31.724764233321693,0.0,0
Hinjewadi,Swargate,7,0,2,2874,20400,0,25.55323590814196,0.0,0
Hinjewadi,Swargate,9,0,0,2700,18638,0,24.85066666666667,0.0,1
Hinjewadi,Swargate,9,0,1,3452,25227,0,26.30857473928157,0.0,0
Hinjewadi,Swargate,9,0,2,3467,24922,0,25.87805018748197,0.0,0
Hinjewadi,Swargate,11,0,0,2967,18638,0,22.614357937310416,0.0,1
Hinjewadi,Swargate,11,0,1,3725,25788,0,24.922630872483214,0.0,0
Hinjewadi,Swargate,11,0,2,3932,25288,0,23.15279755849441,0.0,0
Hinjewadi,Swargate,13,0,0,2947,18638,0,22.767831693247373,0.0,1
Hinjewadi,Swargate,13,0,1,3568,25853,0,26.08486547085202,0.0,0
Hinjewadi,Swargate,13,0,2,3870,25288,0,23.52372093023256,0.0,0
Hinjewadi,Swargate,15,0,0,2919,18638,0,22.98622816032888,0.0,1
Hinjewadi,Swargate,15,0,1,3332,25476,0,27.525090036014404,0.0,0
Hinjewadi,Swargate,15,0,2,3668,21072,0,20.68135223555071,0.0,0
Hinjewadi,Swargate,17,0,0,3318,18638,0,20.22206148282098,0.0,1
Hinjewadi,Swargate,17,0,1,3864,25469,0,23.728881987577644,0.0,0
Hinjewadi,Swargate,17,0,2,4324,25288,0,21.053839037927847,0.0,0
Hinjewadi,Swargate,19,0,0,3390,18638,0,19.792566371681417,0.0,1
Hinjewadi,Swargate,19,0,1,3979,25227,0,22.824126664991205,0.0,0
Hinjewadi,Swargate,19,0,2,4211,26494,0,22.649821895036805,0.0,0
Hinjewadi,Swargate,21,0,0,2410,18638,0,27.84099585062241,0.0,1
Hinjewadi,Swargate,21,0,1,2890,25230,0,31.428373702422142,0.0,0
Hinjewadi,Swargate,21,0,2,2974,20400,0,24.69401479488904,0.0,0
Hinjewadi,Swargate,23,0,0,2142,18638,0,31.32436974789917,0.0,1
Hinjewadi,Swargate,23,0,1,2617,25230,0,34.70691631639282,0.0,0
Hinjewadi,Swargate,23,0,2,2691,20400,0,27.290969899665548,0.0,0
Hinjewadi,Swargate,7,1,0,2283,18638,0,29.389750328515117,0.0,1
Hinjewadi,Swargate,7,1,1,2846,25230,0,31.914265635980325,0.0,0
Hinjewadi,Swargate,7,1,2,2873,20400,0,25.562130177514792,0.0,0
Hinjewadi,Swargate,9,1,0,2672,18638,0,25.111077844311374,0.0,1
Hinjewadi,Swargate,9,1,1,3425,25227,0,26.51597080291971,0.0,0
Hinjewadi,Swargate,9,1,2,3433,24885,0,26.09554325662686,0.0,0
Hinjewadi,Swargate,11,1,0,2964,18638,0,22.63724696356276,0.0,1
Hinjewadi,Swargate,11,1,1,3707,25793,0,25.04850283247909,0.0,0
Hinjewadi,Swargate,11,1,2,3912,25438,0,23.409202453987728,0.0,0
Hinjewadi,Swargate,13,1,0,2977,18638,0,22.53839435673497,0.0,1
Hinjewadi,Swargate,13,1,1,3559,25853,0,26.150828884518123,0.0,0
Hinjewadi,Swargate,13,1,2,3869,25438,0,23.66937193073145,0.0,0
Hinjewadi,Swargate,15,1,0,3010,19310,0,23.09501661129568,0.0,1
Hinjewadi,Swargate,15,1,1,3323,25476,0,27.599638880529643,0.0,0
Hinjewadi,Swargate,15,1,2,3810,24922,0,23.548346456692915,0.0,0
Hinjewadi,Swargate,17,1,0,3301,19160,0,20.89548621629809,0.0,1
Hinjewadi,Swargate,17,1,1,3803,25469,0,24.109492505916386,0.0,0
Hinjewadi,Swargate,17,1,2,4202,24922,0,21.35154688243693,0.0,0
Hinjewadi,Swargate,19,1,0,3259,18638,0,20.5881558760356,0.0,1
Hinjewadi,Swargate,19,1,1,3934,25227,0,23.08520589730554,0.0,0
Hinjewadi,Swargate,19,1,2,4310,27879,0,23.286403712296984,0.0,0
Hinjewadi,Swargate,21,1,0,2389,18638,0,28.08572624529092,0.0,1
Hinjewadi,Swargate,21,1,1,2891,25230,0,31.417502594258043,0.0,0
Hinjewadi,Swargate,21,1,2,2950,20400,0,24.894915254237286,0.0,0
Hinjewadi,Swargate,23,1,0,2142,18638,0,31.32436974789917,0.0,1
Hinjewadi,Swargate,23,1,1,2617,25230,0,34.70691631639282,0.0,0
Hinjewadi,Swargate,23,1,2,2691,20400,0,27.290969899665548,0.0,0
Hinjewadi,Swargate,7,2,0,2267,18638,0,29.5971768857521,0.0,1
Hinjewadi,Swargate,7,2,1,2854,25230,0,31.824807288016817,0.0,0
Hinjewadi,Swargate,7,2,2,2850,20400,0,25.768421052631577,0.0,0
Hinjewadi,Swargate,9,2,0,2641,18638,0,25.40583112457403,0.0,1
Hinjewadi,Swargate,9,2,1,3423,25227,0,26.531463628396143,0.0,0
Hinjewadi,Swargate,9,2,2,3248,20400,0,22.610837438423644,0.0,0
Hinjewadi,Swargate,11,2,0,2923,18638,0,22.954772494013003,0.0,1
Hinjewadi,Swargate,11,2,1,3705,25776,0,25.045506072874492,0.0,0
Hinjewadi,Swargate,11,2,2,3563,20400,0,20.611843951726076,0.0,0
Hinjewadi,Swargate,13,2,0,2962,18638,0,22.6525320729237,0.0,1
Hinjewadi,Swargate,13,2,1,3599,25853,0,25.86018338427341,0.0,0
Hinjewadi,Swargate,13,2,2,3735,20922,0,20.16578313253012,0.0,0
Hinjewadi,Swargate,15,2,0,2944,18638,0,22.79103260869565,0.0,1
Hinjewadi,Swargate,15,2,1,3403,25749,0,27.239612106964444,0.0,0
Hinjewadi,Swargate,15,2,2,3650,21072,0,20.783342465753424,0.0,0
Hinjewadi,Swargate,17,2,0,3330,18638,0,20.14918918918919,0.0,1
Hinjewadi,Swargate,17,2,1,3912,25469,0,23.437730061349694,0.0,0
Hinjewadi,Swargate,17,2,2,4078,20922,0,18.469641981363413,0.0,0
Hinjewadi,Swargate,19,2,0,3368,18638,0,19.92185273159145,0.0,1
Hinjewadi,Swargate,19,2,1,3997,25227,0,22.72134100575432,0.0,0
Hinjewadi,Swargate,19,2,2,4360,27879,0,23.01935779816514,0.0,0
Hinjewadi,Swargate,21,2,0,2416,18638,0,27.771854304635763,0.0,1
Hinjewadi,Swargate,21,2,1,2902,25230,0,31.29841488628532,0.0,0
Hinjewadi,Swargate,21,2,2,2979,20400,0,24.652567975830813,0.0,0
Hinjewadi,Swargate,23,2,0,2142,18638,0,31.32436974789917,0.0,1
Hinjewadi,Swargate,23,2,1,2617,25230,0,34.70691631639282,0.0,0
Hinjewadi,Swargate,23,2,2,2691,20400,0,27.290969899665548,0.0,0
Hinjewadi,Swargate,7,3,0,2252,18638,0,29.794316163410304,0.0,1
Hinjewadi,Swargate,7,3,1,2821,25230,0,32.197093229351296,0.0,0
Hinjewadi,Swargate,7,3,2,2823,20400,0,26.014877789585544,0.0,0
Hinjewadi,Swargate,9,3,0,2565,18638,0,26.15859649122807,0.0,1
Hinjewadi,Swargate,9,3,1,3294,25253,0,27.59890710382513,0.0,0
Hinjewadi,Swargate,9,3,2,3176,20400,0,23.12342569269521,0.0,0
Hinjewadi,Swargate,11,3,0,2993,18638,0,22.417908453057137,0.0,1
Hinjewadi,Swargate,11,3,1,3707,25784,0,25.039762611275965,0.0,0
Hinjewadi,Swargate,11,3,2,3697,21072,0,20.51912361374087,0.0,0
Hinjewadi,Swargate,13,3,0,3171,19160,0,21.75212866603595,0.0,1
Hinjewadi,Swargate,13,3,1,3775,25850,0,24.65165562913907,0.0,0
Hinjewadi,Swargate,13,3,2,3689,21926,0,21.39701816210355,0.0,0
Hinjewadi,Swargate,15,3,0,3219,19310,0,21.5955265610438,0.0,1
Hinjewadi,Swargate,15,3,1,3666,25789,0,25.32471358428805,0.0,0
Hinjewadi,Swargate,15,3,2,3723,20607,0,19.926188557614825,0.0,0
Hinjewadi,Swargate,17,3,0,3340,19160,0,20.651497005988023,0.0,1
Hinjewadi,Swargate,17,3,1,4037,25741,0,22.95457022541491,0.0,0
Hinjewadi,Swargate,17,3,2,3872,20607,0,19.15940082644628,0.0,0
Hinjewadi,Swargate,19,3,0,3125,18638,0,21.470976,0.0,1
Hinjewadi,Swargate,19,3,1,4048,25499,0,22.67697628458498,0.0,0
Hinjewadi,Swargate,19,3,2,3731,23310,0,22.49155722326454,0.0,0
Hinjewadi,Swargate,21,3,0,2406,18638,0,27.887281795511225,0.0,1
Hinjewadi,Swargate,21,3,1,2938,25230,0,30.914908100748807,0.0,0
Hinjewadi,Swargate,21,3,2,2968,20400,0,24.743935309973043,0.0,0
Hinjewadi,Swargate,23,3,0,2142,18638,0,31.32436974789917,0.0,1
Hinjewadi,Swargate,23,3,1,2617,25230,0,34.70691631639282,0.0,0
Hinjewadi,Swargate,23,3,2,2690,20400,0,27.301115241635685,0.0,0
Hinjewadi,Swargate,7,4,0,2228,18638,0,30.115260323159784,0.0,1
Hinjewadi,Swargate,7,4,1,2760,25230,0,32.90869565217391,0.0,0
Hinjewadi,Swargate,7,4,2,2797,20400,0,26.2567036110118,0.0,0
Hinjewadi,Swargate,9,4,0,2428,18638,0,27.6345963756178,0.0,1
Hinjewadi,Swargate,9,4,1,3009,25230,0,30.18544366899302,0.0,0
Hinjewadi,Swargate,9,4,2,3222,26306,0,29.39217877094972,0.0,0
Hinjewadi,Swargate,11,4,0,2711,19160,0,25.443009959424565,0.0,1
Hinjewadi,Swargate,11,4,1,3228,25476,0,28.411895910780668,0.0,0
Hinjewadi,Swargate,11,4,2,3425,26306,0,27.650102189781023,0.0,0
Hinjewadi,Swargate,13,4,0,2739,19160,0,25.182913472070094,0.0,1
Hinjewadi,Swargate,13,4,1,3268,25752,0,28.36817625458996,0.0,0
Hinjewadi,Swargate,13,4,2,3115,21991,0,25.414959871589083,0.0,0
Hinjewadi,Swargate,15,4,0,2760,19310,0,25.186956521739127,0.0,1
Hinjewadi,Swargate,15,4,1,3202,25811,0,29.019237976264836,0.0,0
Hinjewadi,Swargate,15,4,2,3165,21991,0,25.01345971563981,0.0,0
Hinjewadi,Swargate,17,4,0,2890,19160,0,23.86712802768166,0.0,1
Hinjewadi,Swargate,17,4,1,3429,25746,0,27.02992125984252,0.0,0
Hinjewadi,Swargate,17,4,2,3309,21991,0,23.924932003626477,0.0,0
Hinjewadi,Swargate,19,4,0,2838,18638,0,23.64228329809725,0.0,1
Hinjewadi,Swargate,19,4,1,3479,25499,0,26.3858580051739,0.0,0
Hinjewadi,Swargate,19,4,2,3344,23310,0,25.0944976076555,0.0,0
Hinjewadi,Swargate,21,4,0,2328,18638,0,28.82164948453609,0.0,1
Hinjewadi,Swargate,21,4,1,2839,25230,0,31.99295526593871,0.0,0
Hinjewadi,Swargate,21,4,2,2889,20400,0,25.42056074766355,0.0,0
Hinjewadi,Swargate,23,4,0,2142,18638,0,31.32436974789917,0.0,1
Hinjewadi,Swargate,23,4,1,2617,25230,0,34.70691631639282,0.0,0
Hinjewadi,Swargate,23,4,2,2690,20400,0,27.301115241635685,0.0,0
Hinjewadi,Swargate,7,5,0,2274,18638,0,29.506068601583117,0.0,1
Hinjewadi,Swargate,7,5,1,2860,25230,0,31.75804195804196,0.0,0
Hinjewadi,Swargate,7,5,2,2867,20400,0,25.615626089989533,0.0,0
Hinjewadi,Swargate,9,5,0,2659,18638,0,25.233847311019183,0.0,1
Hinjewadi,Swargate,9,5,1,3392,25227,0,26.773938679245283,0.0,0
Hinjewadi,Swargate,9,5,2,3425,24885,0,26.156496350364968,0.0,0
Hinjewadi,Swargate,11,5,0,2905,18638,0,23.097005163511188,0.0,1
Hinjewadi,Swargate,11,5,1,3671,25788,0,25.289239989103788,0.0,0
Hinjewadi,Swargate,11,5,2,3717,24885,0,24.10169491525424,0.0,0
Hinjewadi,Swargate,13,5,0,2874,18638,0,23.34613778705637,0.0,1
Hinjewadi,Swargate,13,5,1,3535,25853,0,26.32837340876945,0.0,0
Hinjewadi,Swargate,13,5,2,3844,25438,0,23.82330905306972,0.0,0
Hinjewadi,Swargate,15,5,0,2846,18638,0,23.575825720309208,0.0,1
Hinjewadi,Swargate,15,5,1,3316,25749,0,27.95428226779252,0.0,0
Hinjewadi,Swargate,15,5,2,3608,21072,0,21.02527716186253,0.0,0
Hinjewadi,Swargate,17,5,0,3176,18638,0,21.12619647355164,0.0,1
Hinjewadi,Swargate,17,5,1,3790,25469,0,24.192189973614777,0.0,0
Hinjewadi,Swargate,17,5,2,4005,20922,0,18.80629213483146,0.0,0
Hinjewadi,Swargate,19,5,0,3182,18638,0,21.08636077938404,0.0,1
Hinjewadi,Swargate,19,5,1,3845,25227,0,23.619557867360207,0.0,0
Hinjewadi,Swargate,19,5,2,3861,21465,0,20.013986013986013,0.0,0
Hinjewadi,Swargate,21,5,0,2379,18638,0,28.20378310214376,0.0,1
Hinjewadi,Swargate,21,5,1,2865,25230,0,31.70261780104712,0.0,0
Hinjewadi,Swargate,21,5,2,2897,20911,0,25.98536416983086,0.0,0
Hinjewadi,Swargate,23,5,0,2142,18638,0,31.32436974789917,0.0,1
Hinjewadi,Swargate,23,5,1,2617,25230,0,34.70691631639282,0.0,0
Hinjewadi,Swargate,23,5,2,2691,20400,0,27.290969899665548,0.0,0
Hinjewadi,Swargate,7,6,0,2289,18638,0,29.312712975098297,0.0,1
Hinjewadi,Swargate,7,6,1,2869,25230,0,31.65841756709655,0.0,0
Hinjewadi,Swargate,7,6,2,2882,20400,0,25.4823039555864,0.0,0
Hinjewadi,Swargate,9,6,0,2723,18638,0,24.64076386338597,0.0,1
Hinjewadi,Swargate,9,6,1,3488,25227,0,26.03704128440367,0.0,0
Hinjewadi,Swargate,9,6,2,3480,24922,0,25.78137931034483,0.0,0
Hinjewadi,Swargate,11,6,0,3009,18638,0,22.298703888335,0.0,1
Hinjewadi,Swargate,11,6,1,3770,25788,0,24.625145888594165,0.0,0
Hinjewadi,Swargate,11,6,2,3794,24922,0,23.647654190827623,0.0,0
Hinjewadi,Swargate,13,6,0,2961,18638,0,22.66018237082067,0.0,1
Hinjewadi,Swargate,13,6,1,3580,25853,0,25.997430167597766,0.0,0
Hinjewadi,Swargate,13,6,2,3905,25438,0,23.451165172855315,0.0,0
Hinjewadi,Swargate,15,6,0,2947,18638,0,22.767831693247373,0.0,1
Hinjewadi,Swargate,15,6,1,3340,25476,0,27.459161676646705,0.0,0
Hinjewadi,Swargate,15,6,2,3819,25438,0,23.979261586802828,0.0,0
Hinjewadi,Swargate,17,6,0,3309,18638,0,20.277062556663648,0.0,1
Hinjewadi,Swargate,17,6,1,3864,25469,0,23.728881987577644,0.0,0
Hinjewadi,Swargate,17,6,2,4301,25288,0,21.16642641246222,0.0,0
Hinjewadi,Swargate,19,6,0,3311,18638,0,20.264814255511933,0.0,1
Hinjewadi,Swargate,19,6,1,3959,25227,0,22.93942914877494,0.0,0
Hinjewadi,Swargate,19,6,2,4181,26494,0,22.81234154508491,0.0,0
Hinjewadi,Swargate,21,6,0,2392,18638,0,28.05050167224081,0.0,1
Hinjewadi,Swargate,21,6,1,2882,25230,0,31.51561415683553,0.0,0
Hinjewadi,Swargate,21,6,2,2959,20400,0,24.81919567421426,0.0,0
Hinjewadi,Swargate,23,6,0,2142,18638,0,31.32436974789917,0.0,1
Hinjewadi,Swargate,23,6,1,2617,25230,0,34.70691631639282,0.0,0
Hinjewadi,Swargate,23,6,2,2691,20400,0,27.290969899665548,0.0,0
Hinjewadi,Kothrud,7,0,0,1851,18631,0,36.23533225283631,0.0,1
Hinjewadi,Kothrud,7,0,1,2269,19501,0,30.940326134861174,0.0,0
Hinjewadi,Kothrud,7,0,2,2134,17729,0,29.90834114339269,0.0,0
Hinjewadi,Kothrud,9,0,0,2160,18627,0,31.045,0.0,1
Hinjewadi,Kothrud,9,0,1,2691,19501,0,26.088294314381272,0.0,0
Hinjewadi,Kothrud,9,0,2,3622,28379,0,28.20662617338487,0.0,0
Hinjewadi,Kothrud,11,0,0,2296,18903,0,29.638850174216024,0.0,1
Hinjewadi,Kothrud,11,0,1,2871,19501,0,24.45266457680251,0.0,0
Hinjewadi,Kothrud,11,0,2,3755,26136,0,25.05715046604527,0.0,0
Hinjewadi,Kothrud,13,0,0,2208,18903,0,30.820108695652173,0.0,1
Hinjewadi,Kothrud,13,0,1,2782,19501,0,25.23493889288282,0.0,0
Hinjewadi,Kothrud,13,0,2,3592,26136,0,26.194209354120268,0.0,0
Hinjewadi,Kothrud,15,0,0,2045,18627,0,32.79080684596577,0.0,1
Hinjewadi,Kothrud,15,0,1,2645,19501,0,26.542003780718336,0.0,0
Hinjewadi,Kothrud,15,0,2,2220,18637,0,30.22216216216216,0.0,0
Hinjewadi,Kothrud,17,0,0,2423,18627,0,27.67527858027239,0.0,1
Hinjewadi,Kothrud,17,0,1,3179,19501,0,22.08354828562441,0.0,0
Hinjewadi,Kothrud,17,0,2,2798,17729,0,22.810721944245888,0.0,0
Hinjewadi,Kothrud,19,0,0,2630,18627,0,25.49703422053232,0.0,1
Hinjewadi,Kothrud,19,0,1,3406,19501,0,20.61174398120963,0.0,0
Hinjewadi,Kothrud,19,0,2,2777,17723,0,22.97544112351458,0.0,0
Hinjewadi,Kothrud,21,0,0,1953,18631,0,34.34285714285714,0.0,1
Hinjewadi,Kothrud,21,0,1,2370,19501,0,29.621772151898732,0.0,0
Hinjewadi,Kothrud,21,0,2,2117,18637,0,31.69258384506377,0.0,0
Hinjewadi,Kothrud,23,0,0,1753,18631,0,38.26103822019395,0.0,1
Hinjewadi,Kothrud,23,0,1,2100,19501,0,33.43028571428572,0.0,0
Hinjewadi,Kothrud,23,0,2,2017,17729,0,31.643232523549827,0.0,0
Hinjewadi,Kothrud,7,1,0,1845,18631,0,36.35317073170732,0.0,1
Hinjewadi,Kothrud,7,1,1,2261,19501,0,31.049800973020787,0.0,0
Hinjewadi,Kothrud,7,1,2,2124,17729,0,30.04915254237288,0.0,0
Hinjewadi,Kothrud,9,1,0,2144,18627,0,31.27667910447761,0.0,1
Hinjewadi,Kothrud,9,1,1,2671,19501,0,26.283639086484467,0.0,0
Hinjewadi,Kothrud,9,1,2,2343,18637,0,28.63559539052497,0.0,0
Hinjewadi,Kothrud,11,1,0,2278,18903,0,29.87304653204565,0.0,1
Hinjewadi,Kothrud,11,1,1,2867,19501,0,24.486780606906173,0.0,0
Hinjewadi,Kothrud,11,1,2,3709,26136,0,25.367915880291186,0.0,0
Hinjewadi,Kothrud,13,1,0,2190,18903,0,31.073424657534247,0.0,1
Hinjewadi,Kothrud,13,1,1,2765,19501,0,25.3900904159132,0.0,0
Hinjewadi,Kothrud,13,1,2,3570,26136,0,26.35563025210084,0.0,0
Hinjewadi,Kothrud,15,1,0,2032,18627,0,33.000590551181105,0.0,1
Hinjewadi,Kothrud,15,1,1,2626,19501,0,26.734044173648137,0.0,0
Hinjewadi,Kothrud,15,1,2,2328,17729,0,27.4159793814433,0.0,0
Hinjewadi,Kothrud,17,1,0,2371,18627,0,28.2822437789962,0.0,1
Hinjewadi,Kothrud,17,1,1,3104,19501,0,22.617139175257734,0.0,0
Hinjewadi,Kothrud,17,1,2,2713,17729,0,23.52539624032436,0.0,0
Hinjewadi,Kothrud,19,1,0,2597,18627,0,25.821024258760108,0.0,1
Hinjewadi,Kothrud,19,1,1,3265,19501,0,21.50186830015314,0.0,0
Hinjewadi,Kothrud,19,1,2,2972,17729,0,21.47523553162853,0.0,0
Hinjewadi,Kothrud,21,1,0,1955,18631,0,34.307723785166246,0.0,1
Hinjewadi,Kothrud,21,1,1,2347,19501,0,29.912057946314444,0.0,0
Hinjewadi,Kothrud,21,1,2,2121,18637,0,31.632814710042435,0.0,0
Hinjewadi,Kothrud,23,1,0,1753,18631,0,38.26103822019395,0.0,1
Hinjewadi,Kothrud,23,1,1,2100,19501,0,33.43028571428572,0.0,0
Hinjewadi,Kothrud,23,1,2,2017,17729,0,31.643232523549827,0.0,0
Hinjewadi,Kothrud,7,2,0,1854,18631,0,36.17669902912621,0.0,1
Hinjewadi,Kothrud,7,2,1,2250,19501,0,31.201600000000003,0.0,0
Hinjewadi,Kothrud,7,2,2,2135,17729,0,29.894332552693207,0.0,0
Hinjewadi,Kothrud,9,2,0,2158,18627,0,31.07377201112141,0.0,1
Hinjewadi,Kothrud,9,2,1,2647,19501,0,26.521949376652817,0.0,0
Hinjewadi,Kothrud,9,2,2,2349,18637,0,28.562452107279697,0.0,0
Hinjewadi,Kothrud,11,2,0,2279,18903,0,29.85993856954804,0.0,1
Hinjewadi,Kothrud,11,2,1,2845,19501,0,24.676133567662568,0.0,0
Hinjewadi,Kothrud,11,2,2,2493,18906,0,27.30108303249097,0.0,0
Hinjewadi,Kothrud,13,2,0,2228,18903,0,30.54344703770197,0.0,1
Hinjewadi,Kothrud,13,2,1,2796,19501,0,25.10858369098713,0.0,0
Hinjewadi,Kothrud,13,2,2,2568,18002,0,25.23644859813084,0.0,0
Hinjewadi,Kothrud,15,2,0,2094,18900,0,32.49283667621776,0.0,1
Hinjewadi,Kothrud,15,2,1,2623,19501,0,26.764620663362564,0.0,0
Hinjewadi,Kothrud,15,2,2,2385,18002,0,27.17283018867925,0.0,0
Hinjewadi,Kothrud,17,2,0,2472,18627,0,27.12669902912621,0.0,1
Hinjewadi,Kothrud,17,2,1,3179,19501,0,22.08354828562441,0.0,0
Hinjewadi,Kothrud,17,2,2,2805,17729,0,22.75379679144385,0.0,0
Hinjewadi,Kothrud,19,2,0,2666,18627,0,25.152738184546138,0.0,1
Hinjewadi,Kothrud,19,2,1,3422,19501,0,20.515371127995326,0.0,0
Hinjewadi,Kothrud,19,2,2,2885,18633,0,23.250883882149044,0.0,0
Hinjewadi,Kothrud,21,2,0,1967,18631,0,34.09842399593289,0.0,1
Hinjewadi,Kothrud,21,2,1,2382,19501,0,29.47254408060454,0.0,0
Hinjewadi,Kothrud,21,2,2,2260,17729,0,28.24088495575221,0.0,0
Hinjewadi,Kothrud,23,2,0,1753,18631,0,38.26103822019395,0.0,1
Hinjewadi,Kothrud,23,2,1,2100,19501,0,33.43028571428572,0.0,0
Hinjewadi,Kothrud,23,2,2,2017,17729,0,31.643232523549827,0.0,0
Hinjewadi,Kothrud,7,3,0,1827,18631,0,36.711330049261086,0.0,1
Hinjewadi,Kothrud,7,3,1,2222,19501,0,31.5947794779478,0.0,0
Hinjewadi,Kothrud,7,3,2,2105,17729,0,30.32038004750593,0.0,0
Hinjewadi,Kothrud,9,3,0,2071,18631,0,32.38609367455336,0.0,1
Hinjewadi,Kothrud,9,3,1,2528,19501,0,27.770411392405062,0.0,0
Hinjewadi,Kothrud,9,3,2,2232,18637,0,30.05967741935484,0.0,0
Hinjewadi,Kothrud,11,3,0,2271,18900,0,29.96036988110964,0.0,1
Hinjewadi,Kothrud,11,3,1,2798,19501,0,25.090636168691923,0.0,0
Hinjewadi,Kothrud,11,3,2,2465,18910,0,27.617038539553757,0.0,0
Hinjewadi,Kothrud,13,3,0,2341,18900,0,29.06450234942332,0.0,1
Hinjewadi,Kothrud,13,3,1,2872,19501,0,24.4441504178273,0.0,0
Hinjewadi,Kothrud,13,3,2,3680,26136,0,25.56782608695652,0.0,0
Hinjewadi,Kothrud,15,3,0,2283,18900,0,29.802890932982915,0.0,1
Hinjewadi,Kothrud,15,3,1,2854,19501,0,24.598318149964964,0.0,0
Hinjewadi,Kothrud,15,3,2,2395,17995,0,27.048851774530277,0.0,0
Hinjewadi,Kothrud,17,3,0,2587,18900,0,26.30073444143796,0.0,1
Hinjewadi,Kothrud,17,3,1,3089,19501,0,22.72696665587569,0.0,0
Hinjewadi,Kothrud,17,3,2,2939,18002,0,22.05076556651922,0.0,0
Hinjewadi,Kothrud,19,3,0,2708,18900,0,25.12555391432792,0.0,1
Hinjewadi,Kothrud,19,3,1,3037,19501,0,23.11610141587093,0.0,0
Hinjewadi,Kothrud,19,3,2,2904,18906,0,23.437190082644623,0.0,0
Hinjewadi,Kothrud,21,3,0,2001,18631,0,33.51904047976012,0.0,1
Hinjewadi,Kothrud,21,3,1,2355,19501,0,29.81044585987261,0.0,0
Hinjewadi,Kothrud,21,3,2,2280,17729,0,27.993157894736843,0.0,0
Hinjewadi,Kothrud,23,3,0,1753,18631,0,38.26103822019395,0.0,1
Hinjewadi,Kothrud,23,3,1,2100,19501,0,33.43028571428572,0.0,0
Hinjewadi,Kothrud,23,3,2,2017,17729,0,31.643232523549827,0.0,0
Hinjewadi,Kothrud,7,4,0,1809,18631,0,37.07661691542289,0.0,1
Hinjewadi,Kothrud,7,4,1,2169,19501,0,32.36680497925311,0.0,0
Hinjewadi,Kothrud,7,4,2,2076,17729,0,30.74393063583815,0.0,0
Hinjewadi,Kothrud,9,4,0,1944,18631,0,34.50185185185185,0.0,1
Hinjewadi,Kothrud,9,4,1,2318,19501,0,30.286281276962903,0.0,0
Hinjewadi,Kothrud,9,4,2,2211,17729,0,28.86675712347354,0.0,0
Hinjewadi,Kothrud,11,4,0,2034,18627,0,32.968141592920354,0.0,1
Hinjewadi,Kothrud,11,4,1,2474,19501,0,28.3765561843169,0.0,0
Hinjewadi,Kothrud,11,4,2,2178,18637,0,30.804958677685956,0.0,0
Hinjewadi,Kothrud,13,4,0,2045,18903,0,33.27667481662591,0.0,1
Hinjewadi,Kothrud,13,4,1,2538,19501,0,27.660992907801425,0.0,0
Hinjewadi,Kothrud,13,4,2,2313,18002,0,28.01867704280156,0.0,0
Hinjewadi,Kothrud,15,4,0,1997,18903,0,34.076514772158234,0.0,1
Hinjewadi,Kothrud,15,4,1,2540,19501,0,27.6392125984252,0.0,0
Hinjewadi,Kothrud,15,4,2,2266,18002,0,28.599823477493377,0.0,0
Hinjewadi,Kothrud,17,4,0,2161,18900,0,31.48542341508561,0.0,1
Hinjewadi,Kothrud,17,4,1,2686,19501,0,26.136857781087123,0.0,0
Hinjewadi,Kothrud,17,4,2,2311,18910,0,29.457377758546084,0.0,0
Hinjewadi,Kothrud,19,4,0,2260,18900,0,30.10619469026549,0.0,1
Hinjewadi,Kothrud,19,4,1,2696,19501,0,26.039910979228488,0.0,0
Hinjewadi,Kothrud,19,4,2,2410,18910,0,28.24730290456432,0.0,0
Hinjewadi,Kothrud,21,4,0,1912,18631,0,35.07928870292887,0.0,1
Hinjewadi,Kothrud,21,4,1,2279,19501,0,30.804563405002195,0.0,0
Hinjewadi,Kothrud,21,4,2,2174,17729,0,29.358049678012875,0.0,0
Hinjewadi,Kothrud,23,4,0,1753,18631,0,38.26103822019395,0.0,1
Hinjewadi,Kothrud,23,4,1,2100,19501,0,33.43028571428572,0.0,0
Hinjewadi,Kothrud,23,4,2,2017,17729,0,31.643232523549827,0.0,0
Hinjewadi,Kothrud,7,5,0,1848,18631,0,36.294155844155846,0.0,1
Hinjewadi,Kothrud,7,5,1,2262,19501,0,31.036074270557037,0.0,0
Hinjewadi,Kothrud,7,5,2,2129,17729,0,29.978581493659,0.0,0
Hinjewadi,Kothrud,9,5,0,2123,18627,0,31.586057465850207,0.0,1
Hinjewadi,Kothrud,9,5,1,2661,19501,0,26.38241262683202,0.0,0
Hinjewadi,Kothrud,9,5,2,2324,18637,0,28.869707401032706,0.0,0
Hinjewadi,Kothrud,11,5,0,2234,18903,0,30.461414503133398,0.0,1
Hinjewadi,Kothrud,11,5,1,2833,19501,0,24.78065654782916,0.0,0
Hinjewadi,Kothrud,11,5,2,3720,26136,0,25.292903225806448,0.0,0
Hinjewadi,Kothrud,13,5,0,2167,18903,0,31.403230272265805,0.0,1
Hinjewadi,Kothrud,13,5,1,2750,19501,0,25.52858181818182,0.0,0
Hinjewadi,Kothrud,13,5,2,2350,18910,0,28.96851063829787,0.0,0
Hinjewadi,Kothrud,15,5,0,2019,18900,0,33.6998514115899,0.0,1
Hinjewadi,Kothrud,15,5,1,2609,19501,0,26.908240705251053,0.0,0
Hinjewadi,Kothrud,15,5,2,2178,18910,0,31.25619834710744,0.0,0
Hinjewadi,Kothrud,17,5,0,2354,18627,0,28.48649107901444,0.0,1
Hinjewadi,Kothrud,17,5,1,3081,19501,0,22.78597857838364,0.0,0
Hinjewadi,Kothrud,17,5,2,2709,17729,0,23.56013289036545,0.0,0
Hinjewadi,Kothrud,19,5,0,2536,18627,0,26.44211356466877,0.0,1
Hinjewadi,Kothrud,19,5,1,3242,19501,0,21.65441085749537,0.0,0
Hinjewadi,Kothrud,19,5,2,2926,17729,0,21.812850307587148,0.0,0
Hinjewadi,Kothrud,21,5,0,1933,18631,0,34.69818934299017,0.0,1
Hinjewadi,Kothrud,21,5,1,2349,19501,0,29.88659003831418,0.0,0
Hinjewadi,Kothrud,21,5,2,2097,18637,0,31.994849785407727,0.0,0
Hinjewadi,Kothrud,23,5,0,1753,18631,0,38.26103822019395,0.0,1
Hinjewadi,Kothrud,23,5,1,2100,19501,0,33.43028571428572,0.0,0
Hinjewadi,Kothrud,23,5,2,2017,17729,0,31.643232523549827,0.0,0
Hinjewadi,Kothrud,7,6,0,1854,18631,0,36.17669902912621,0.0,1
Hinjewadi,Kothrud,7,6,1,2276,19501,0,30.845166959578208,0.0,0
Hinjewadi,Kothrud,7,6,2,2137,17729,0,29.86635470285447,0.0,0
Hinjewadi,Kothrud,9,6,0,2172,18627,0,30.87348066298342,0.0,1
Hinjewadi,Kothrud,9,6,1,2724,19501,0,25.772246696035243,0.0,0
Hinjewadi,Kothrud,9,6,2,3638,28379,0,28.082572842221,0.0,0
Hinjewadi,Kothrud,11,6,0,2306,18903,0,29.510320901994795,0.0,1
Hinjewadi,Kothrud,11,6,1,2916,19501,0,24.075308641975308,0.0,0
Hinjewadi,Kothrud,11,6,2,3788,26136,0,24.838859556494192,0.0,0
Hinjewadi,Kothrud,13,6,0,2204,18903,0,30.87604355716878,0.0,1
Hinjewadi,Kothrud,13,6,1,2794,19501,0,25.12655690765927,0.0,0
Hinjewadi,Kothrud,13,6,2,3597,26136,0,26.157798165137613,0.0,0
Hinjewadi,Kothrud,15,6,0,2038,18627,0,32.90343473994112,0.0,1
Hinjewadi,Kothrud,15,6,1,2647,19501,0,26.521949376652817,0.0,0
Hinjewadi,Kothrud,15,6,2,2343,17729,0,27.2404609475032,0.0,0
Hinjewadi,Kothrud,17,6,0,2409,18627,0,27.836114570361143,0.0,1
Hinjewadi,Kothrud,17,6,1,3193,19501,0,21.98672095208268,0.0,0
Hinjewadi,Kothrud,17,6,2,2781,17729,0,22.950161812297736,0.0,0
Hinjewadi,Kothrud,19,6,0,2609,18627,0,25.70226140283633,0.0,1
Hinjewadi,Kothrud,19,6,1,3379,19501,0,20.776442734536847,0.0,0
Hinjewadi,Kothrud,19,6,2,4125,28379,0,24.76712727272728,0.0,0
Hinjewadi,Kothrud,21,6,0,1945,18631,0,34.48411311053985,0.0,1
Hinjewadi,Kothrud,21,6,1,2361,19501,0,29.734688691232527,0.0,0
Hinjewadi,Kothrud,21,6,2,2115,18637,0,31.72255319148936,0.0,0
Hinjewadi,Kothrud,23,6,0,1753,18631,0,38.26103822019395,0.0,1
Hinjewadi,Kothrud,23,6,1,2100,19501,0,33.43028571428572,0.0,0
Hinjewadi,Kothrud,23,6,2,2017,17729,0,31.643232523549827,0.0,0
Hinjewadi,Kothrud,7,0,0,1851,18631,0,36.23533225283631,0.0,1
Hinjewadi,Kothrud,7,0,1,2269,19501,0,30.940326134861174,0.0,0
Hinjewadi,Kothrud,7,0,2,2134,17729,0,29.90834114339269,0.0,0
Hinjewadi,Kothrud,9,0,0,2160,18627,0,31.045,0.0,1
Hinjewadi,Kothrud,9,0,1,2691,19501,0,26.088294314381272,0.0,0
Hinjewadi,Kothrud,9,0,2,3622,28379,0,28.20662617338487,0.0,0
Hinjewadi,Kothrud,11,0,0,2296,18903,0,29.638850174216024,0.0,1
Hinjewadi,Kothrud,11,0,1,2871,19501,0,24.45266457680251,0.0,0
Hinjewadi,Kothrud,11,0,2,3755,26136,0,25.05715046604527,0.0,0
Hinjewadi,Kothrud,13,0,0,2208,18903,0,30.820108695652173,0.0,1
Hinjewadi,Kothrud,13,0,1,2782,19501,0,25.23493889288282,0.0,0
Hinjewadi,Kothrud,13,0,2,3592,26136,0,26.194209354120268,0.0,0
Hinjewadi,Kothrud,15,0,0,2045,18627,0,32.79080684596577,0.0,1
Hinjewadi,Kothrud,15,0,1,2645,19501,0,26.542003780718336,0.0,0
Hinjewadi,Kothrud,15,0,2,2220,18637,0,30.22216216216216,0.0,0
Hinjewadi,Kothrud,17,0,0,2423,18627,0,27.67527858027239,0.0,1
Hinjewadi,Kothrud,17,0,1,3179,19501,0,22.08354828562441,0.0,0
Hinjewadi,Kothrud,17,0,2,2798,17729,0,22.810721944245888,0.0,0
Hinjewadi,Kothrud,19,0,0,2630,18627,0,25.49703422053232,0.0,1
Hinjewadi,Kothrud,19,0,1,3406,19501,0,20.61174398120963,0.0,0
Hinjewadi,Kothrud,19,0,2,2777,17723,0,22.97544112351458,0.0,0
Hinjewadi,Kothrud,21,0,0,1953,18631,0,34.34285714285714,0.0,1
Hinjewadi,Kothrud,21,0,1,2370,19501,0,29.621772151898732,0.0,0
Hinjewadi,Kothrud,21,0,2,2117,18637,0,31.69258384506377,0.0,0
Hinjewadi,Kothrud,23,0,0,1753,18631,0,38.26103822019395,0.0,1
Hinjewadi,Kothrud,23,0,1,2100,19501,0,33.43028571428572,0.0,0
Hinjewadi,Kothrud,23,0,2,2017,17729,0,31.643232523549827,0.0,0
Hinjewadi,Kothrud,7,1,0,1845,18631,0,36.35317073170732,0.0,1
Hinjewadi,Kothrud,7,1,1,2261,19501,0,31.049800973020787,0.0,0
Hinjewadi,Kothrud,7,1,2,2124,17729,0,30.04915254237288,0.0,0
Hinjewadi,Kothrud,9,1,0,2144,18627,0,31.27667910447761,0.0,1
Hinjewadi,Kothrud,9,1,1,2671,19501,0,26.283639086484467,0.0,0
Hinjewadi,Kothrud,9,1,2,2343,18637,0,28.63559539052497,0.0,0
Hinjewadi,Kothrud,11,1,0,2278,18903,0,29.87304653204565,0.0,1
Hinjewadi,Kothrud,11,1,1,2867,19501,0,24.486780606906173,0.0,0
Hinjewadi,Kothrud,11,1,2,3709,26136,0,25.367915880291186,0.0,0
Hinjewadi,Kothrud,13,1,0,2190,18903,0,31.073424657534247,0.0,1
Hinjewadi,Kothrud,13,1,1,2765,19501,0,25.3900904159132,0.0,0
Hinjewadi,Kothrud,13,1,2,3570,26136,0,26.35563025210084,0.0,0
Hinjewadi,Kothrud,15,1,0,2032,18627,0,33.000590551181105,0.0,1
Hinjewadi,Kothrud,15,1,1,2626,19501,0,26.734044173648137,0.0,0
Hinjewadi,Kothrud,15,1,2,2328,17729,0,27.4159793814433,0.0,0
Hinjewadi,Kothrud,17,1,0,2371,18627,0,28.2822437789962,0.0,1
Hinjewadi,Kothrud,17,1,1,3104,19501,0,22.617139175257734,0.0,0
Hinjewadi,Kothrud,17,1,2,2713,17729,0,23.52539624032436,0.0,0
Hinjewadi,Kothrud,19,1,0,2597,18627,0,25.821024258760108,0.0,1
Hinjewadi,Kothrud,19,1,1,3265,19501,0,21.50186830015314,0.0,0
Hinjewadi,Kothrud,19,1,2,2972,17729,0,21.47523553162853,0.0,0
Hinjewadi,Kothrud,21,1,0,1955,18631,0,34.307723785166246,0.0,1
Hinjewadi,Kothrud,21,1,1,2347,19501,0,29.912057946314444,0.0,0
Hinjewadi,Kothrud,21,1,2,2121,18637,0,31.632814710042435,0.0,0
Hinjewadi,Kothrud,23,1,0,1753,18631,0,38.26103822019395,0.0,1
Hinjewadi,Kothrud,23,1,1,2100,19501,0,33.43028571428572,0.0,0
Hinjewadi,Kothrud,23,1,2,2017,17729,0,31.643232523549827,0.0,0
Hinjewadi,Kothrud,7,2,0,1854,18631,0,36.17669902912621,0.0,1
Hinjewadi,Kothrud,7,2,1,2250,19501,0,31.201600000000003,0.0,0
Hinjewadi,Kothrud,7,2,2,2135,17729,0,29.894332552693207,0.0,0
Hinjewadi,Kothrud,9,2,0,2158,18627,0,31.07377201112141,0.0,1
Hinjewadi,Kothrud,9,2,1,2647,19501,0,26.521949376652817,0.0,0
Hinjewadi,Kothrud,9,2,2,2349,18637,0,28.562452107279697,0.0,0
Hinjewadi,Kothrud,11,2,0,2279,18903,0,29.85993856954804,0.0,1
Hinjewadi,Kothrud,11,2,1,2845,19501,0,24.676133567662568,0.0,0
Hinjewadi,Kothrud,11,2,2,2493,18906,0,27.30108303249097,0.0,0
Hinjewadi,Kothrud,13,2,0,2228,18903,0,30.54344703770197,0.0,1
Hinjewadi,Kothrud,13,2,1,2796,19501,0,25.10858369098713,0.0,0
Hinjewadi,Kothrud,13,2,2,2568,18002,0,25.23644859813084,0.0,0
Hinjewadi,Kothrud,15,2,0,2094,18900,0,32.49283667621776,0.0,1
Hinjewadi,Kothrud,15,2,1,2623,19501,0,26.764620663362564,0.0,0
Hinjewadi,Kothrud,15,2,2,2385,18002,0,27.17283018867925,0.0,0
Hinjewadi,Kothrud,17,2,0,2472,18627,0,27.12669902912621,0.0,1
Hinjewadi,Kothrud,17,2,1,3179,19501,0,22.08354828562441,0.0,0
Hinjewadi,Kothrud,17,2,2,2805,17729,0,22.75379679144385,0.0,0
Hinjewadi,Kothrud,19,2,0,2666,18627,0,25.152738184546138,0.0,1
Hinjewadi,Kothrud,19,2,1,3422,19501,0,20.515371127995326,0.0,0
Hinjewadi,Kothrud,19,2,2,2885,18633,0,23.250883882149044,0.0,0
Hinjewadi,Kothrud,21,2,0,1967,18631,0,34.09842399593289,0.0,1
Hinjewadi,Kothrud,21,2,1,2382,19501,0,29.47254408060454,0.0,0
Hinjewadi,Kothrud,21,2,2,2260,17729,0,28.24088495575221,0.0,0
Hinjewadi,Kothrud,23,2,0,1753,18631,0,38.26103822019395,0.0,1
Hinjewadi,Kothrud,23,2,1,2100,19501,0,33.43028571428572,0.0,0
Hinjewadi,Kothrud,23,2,2,2017,17729,0,31.643232523549827,0.0,0
Hinjewadi,Kothrud,7,3,0,1827,18631,0,36.711330049261086,0.0,1
Hinjewadi,Kothrud,7,3,1,2222,19501,0,31.5947794779478,0.0,0
Hinjewadi,Kothrud,7,3,2,2105,17729,0,30.32038004750593,0.0,0
Hinjewadi,Kothrud,9,3,0,2071,18631,0,32.38609367455336,0.0,1
Hinjewadi,Kothrud,9,3,1,2528,19501,0,27.770411392405062,0.0,0
Hinjewadi,Kothrud,9,3,2,2232,18637,0,30.05967741935484,0.0,0
Hinjewadi,Kothrud,11,3,0,2271,18900,0,29.96036988110964,0.0,1
Hinjewadi,Kothrud,11,3,1,2798,19501,0,25.090636168691923,0.0,0
Hinjewadi,Kothrud,11,3,2,2465,18910,0,27.617038539553757,0.0,0
Hinjewadi,Kothrud,13,3,0,2341,18900,0,29.06450234942332,0.0,1
Hinjewadi,Kothrud,13,3,1,2872,19501,0,24.4441504178273,0.0,0
Hinjewadi,Kothrud,13,3,2,3680,26136,0,25.56782608695652,0.0,0
Hinjewadi,Kothrud,15,3,0,2283,18900,0,29.802890932982915,0.0,1
Hinjewadi,Kothrud,15,3,1,2854,19501,0,24.598318149964964,0.0,0
Hinjewadi,Kothrud,15,3,2,2395,17995,0,27.048851774530277,0.0,0
Hinjewadi,Kothrud,17,3,0,2587,18900,0,26.30073444143796,0.0,1
Hinjewadi,Kothrud,17,3,1,3089,19501,0,22.72696665587569,0.0,0
Hinjewadi,Kothrud,17,3,2,2939,18002,0,22.05076556651922,0.0,0
Hinjewadi,Kothrud,19,3,0,2708,18900,0,25.12555391432792,0.0,1
Hinjewadi,Kothrud,19,3,1,3037,19501,0,23.11610141587093,0.0,0
Hinjewadi,Kothrud,19,3,2,3054,18002,0,21.22043222003929,0.0,0
Hinjewadi,Kothrud,21,3,0,2001,18631,0,33.51904047976012,0.0,1
Hinjewadi,Kothrud,21,3,1,2355,19501,0,29.81044585987261,0.0,0
Hinjewadi,Kothrud,21,3,2,2280,17729,0,27.993157894736843,0.0,0
Hinjewadi,Kothrud,23,3,0,1753,18631,0,38.26103822019395,0.0,1
Hinjewadi,Kothrud,23,3,1,2100,19501,0,33.43028571428572,0.0,0
Hinjewadi,Kothrud,23,3,2,2017,17729,0,31.643232523549827,0.0,0
Hinjewadi,Kothrud,7,4,0,1809,18631,0,37.07661691542289,0.0,1
Hinjewadi,Kothrud,7,4,1,2169,19501,0,32.36680497925311,0.0,0
Hinjewadi,Kothrud,7,4,2,2076,17729,0,30.74393063583815,0.0,0
Hinjewadi,Kothrud,9,4,0,1944,18631,0,34.50185185185185,0.0,1
Hinjewadi,Kothrud,9,4,1,2318,19501,0,30.286281276962903,0.0,0
Hinjewadi,Kothrud,9,4,2,2211,17729,0,28.86675712347354,0.0,0
Hinjewadi,Kothrud,11,4,0,2034,18627,0,32.968141592920354,0.0,1
Hinjewadi,Kothrud,11,4,1,2474,19501,0,28.3765561843169,0.0,0
Hinjewadi,Kothrud,11,4,2,2178,18637,0,30.804958677685956,0.0,0
Hinjewadi,Kothrud,13,4,0,2045,18903,0,33.27667481662591,0.0,1
Hinjewadi,Kothrud,13,4,1,2538,19501,0,27.660992907801425,0.0,0
Hinjewadi,Kothrud,13,4,2,2313,18002,0,28.01867704280156,0.0,0
Hinjewadi,Kothrud,15,4,0,1997,18903,0,34.076514772158234,0.0,1
Hinjewadi,Kothrud,15,4,1,2540,19501,0,27.6392125984252,0.0,0
Hinjewadi,Kothrud,15,4,2,2266,18002,0,28.599823477493377,0.0,0
Hinjewadi,Kothrud,17,4,0,2161,18900,0,31.48542341508561,0.0,1
Hinjewadi,Kothrud,17,4,1,2686,19501,0,26.136857781087123,0.0,0
Hinjewadi,Kothrud,17,4,2,2436,18002,0,26.603940886699508,0.0,0
Hinjewadi,Kothrud,19,4,0,2260,18900,0,30.10619469026549,0.0,1
Hinjewadi,Kothrud,19,4,1,2696,19501,0,26.039910979228488,0.0,0
Hinjewadi,Kothrud,19,4,2,2541,18002,0,25.504604486422668,0.0,0
Hinjewadi,Kothrud,21,4,0,1912,18631,0,35.07928870292887,0.0,1
Hinjewadi,Kothrud,21,4,1,2279,19501,0,30.804563405002195,0.0,0
Hinjewadi,Kothrud,21,4,2,2174,17729,0,29.358049678012875,0.0,0
Hinjewadi,Kothrud,23,4,0,1753,18631,0,38.26103822019395,0.0,1
Hinjewadi,Kothrud,23,4,1,2100,19501,0,33.43028571428572,0.0,0
Hinjewadi,Kothrud,23,4,2,2017,17729,0,31.643232523549827,0.0,0
Hinjewadi,Kothrud,7,5,0,1848,18631,0,36.294155844155846,0.0,1
Hinjewadi,Kothrud,7,5,1,2262,19501,0,31.036074270557037,0.0,0
Hinjewadi,Kothrud,7,5,2,2129,17729,0,29.978581493659,0.0,0
Hinjewadi,Kothrud,9,5,0,2123,18627,0,31.586057465850207,0.0,1
Hinjewadi,Kothrud,9,5,1,2661,19501,0,26.38241262683202,0.0,0
Hinjewadi,Kothrud,9,5,2,2458,17729,0,25.96598860862489,0.0,0
Hinjewadi,Kothrud,11,5,0,2234,18903,0,30.461414503133398,0.0,1
Hinjewadi,Kothrud,11,5,1,2833,19501,0,24.78065654782916,0.0,0
Hinjewadi,Kothrud,11,5,2,2379,17995,0,27.23076923076923,0.0,0
Hinjewadi,Kothrud,13,5,0,2167,18903,0,31.403230272265805,0.0,1
Hinjewadi,Kothrud,13,5,1,2750,19501,0,25.52858181818182,0.0,0
Hinjewadi,Kothrud,13,5,2,2486,18002,0,26.06886564762671,0.0,0
Hinjewadi,Kothrud,15,5,0,2019,18900,0,33.6998514115899,0.0,1
Hinjewadi,Kothrud,15,5,1,2609,19501,0,26.908240705251053,0.0,0
Hinjewadi,Kothrud,15,5,2,2307,18002,0,28.09154746423927,0.0,0
Hinjewadi,Kothrud,17,5,0,2354,18627,0,28.48649107901444,0.0,1
Hinjewadi,Kothrud,17,5,1,3081,19501,0,22.78597857838364,0.0,0
Hinjewadi,Kothrud,17,5,2,2709,17729,0,23.56013289036545,0.0,0
Hinjewadi,Kothrud,19,5,0,2536,18627,0,26.44211356466877,0.0,1
Hinjewadi,Kothrud,19,5,1,3242,19501,0,21.65441085749537,0.0,0
Hinjewadi,Kothrud,19,5,2,2926,17729,0,21.812850307587148,0.0,0
Hinjewadi,Kothrud,21,5,0,1933,18631,0,34.69818934299017,0.0,1
Hinjewadi,Kothrud,21,5,1,2349,19501,0,29.88659003831418,0.0,0
Hinjewadi,Kothrud,21,5,2,2230,17729,0,28.62080717488789,0.0,0
Hinjewadi,Kothrud,23,5,0,1753,18631,0,38.26103822019395,0.0,1
Hinjewadi,Kothrud,23,5,1,2100,19501,0,33.43028571428572,0.0,0
Hinjewadi,Kothrud,23,5,2,2017,17729,0,31.643232523549827,0.0,0
Hinjewadi,Kothrud,7,6,0,1854,18631,0,36.17669902912621,0.0,1
Hinjewadi,Kothrud,7,6,1,2276,19501,0,30.845166959578208,0.0,0
Hinjewadi,Kothrud,7,6,2,2137,17729,0,29.86635470285447,0.0,0
Hinjewadi,Kothrud,9,6,0,2172,18627,0,30.87348066298342,0.0,1
Hinjewadi,Kothrud,9,6,1,2724,19501,0,25.772246696035243,0.0,0
Hinjewadi,Kothrud,9,6,2,2307,17723,0,27.656176853055918,0.0,0
Hinjewadi,Kothrud,11,6,0,2306,18903,0,29.510320901994795,0.0,1
Hinjewadi,Kothrud,11,6,1,2916,19501,0,24.075308641975308,0.0,0
Hinjewadi,Kothrud,11,6,2,2452,17995,0,26.420065252854812,0.0,0
Hinjewadi,Kothrud,13,6,0,2204,18903,0,30.87604355716878,0.0,1
Hinjewadi,Kothrud,13,6,1,2794,19501,0,25.12655690765927,0.0,0
Hinjewadi,Kothrud,13,6,2,2341,17995,0,27.672789406236653,0.0,0
Hinjewadi,Kothrud,15,6,0,2038,18627,0,32.90343473994112,0.0,1
Hinjewadi,Kothrud,15,6,1,2647,19501,0,26.521949376652817,0.0,0
Hinjewadi,Kothrud,15,6,2,2343,17729,0,27.2404609475032,0.0,0
Hinjewadi,Kothrud,17,6,0,2409,18627,0,27.836114570361143,0.0,1
Hinjewadi,Kothrud,17,6,1,3193,19501,0,21.98672095208268,0.0,0
Hinjewadi,Kothrud,17,6,2,2781,17729,0,22.950161812297736,0.0,0
Hinjewadi,Kothrud,19,6,0,2609,18627,0,25.70226140283633,0.0,1
Hinjewadi,Kothrud,19,6,1,3379,19501,0,20.776442734536847,0.0,0
Hinjewadi,Kothrud,19,6,2,2761,17723,0,23.10858384643245,0.0,0
Hinjewadi,Kothrud,21,6,0,1945,18631,0,34.48411311053985,0.0,1
Hinjewadi,Kothrud,21,6,1,2361,19501,0,29.734688691232527,0.0,0
Hinjewadi,Kothrud,21,6,2,2250,17729,0,28.3664,0.0,0
Hinjewadi,Kothrud,23,6,0,1753,18631,0,38.26103822019395,0.0,1
Hinjewadi,Kothrud,23,6,1,2100,19501,0,33.43028571428572,0.0,0
Hinjewadi,Kothrud,23,6,2,2017,17729,0,31.643232523549827,0.0,0
Hinjewadi,Kothrud,7,0,0,1851,18631,0,36.23533225283631,0.0,1
Hinjewadi,Kothrud,7,0,1,2269,19501,0,30.940326134861174,0.0,0
Hinjewadi,Kothrud,7,0,2,2134,17729,0,29.90834114339269,0.0,0
Hinjewadi,Kothrud,9,0,0,2160,18627,0,31.045,0.0,1
Hinjewadi,Kothrud,9,0,1,2691,19501,0,26.088294314381272,0.0,0
Hinjewadi,Kothrud,9,0,2,2292,17723,0,27.837172774869103,0.0,0
Hinjewadi,Kothrud,11,0,0,2296,18903,0,29.638850174216024,0.0,1
Hinjewadi,Kothrud,11,0,1,2871,19501,0,24.45266457680251,0.0,0
Hinjewadi,Kothrud,11,0,2,2439,17995,0,26.56088560885609,0.0,0
Hinjewadi,Kothrud,13,0,0,2208,18903,0,30.820108695652173,0.0,1
Hinjewadi,Kothrud,13,0,1,2782,19501,0,25.23493889288282,0.0,0
Hinjewadi,Kothrud,13,0,2,2342,17995,0,27.660973526900086,0.0,0
Hinjewadi,Kothrud,15,0,0,2045,18627,0,32.79080684596577,0.0,1
Hinjewadi,Kothrud,15,0,1,2645,19501,0,26.542003780718336,0.0,0
Hinjewadi,Kothrud,15,0,2,2349,17729,0,27.17088122605364,0.0,0
Hinjewadi,Kothrud,17,0,0,2423,18627,0,27.67527858027239,0.0,1
Hinjewadi,Kothrud,17,0,1,3179,19501,0,22.08354828562441,0.0,0
Hinjewadi,Kothrud,17,0,2,2798,17729,0,22.810721944245888,0.0,0
Hinjewadi,Kothrud,19,0,0,2630,18627,0,25.49703422053232,0.0,1
Hinjewadi,Kothrud,19,0,1,3406,19501,0,20.61174398120963,0.0,0
Hinjewadi,Kothrud,19,0,2,2777,17723,0,22.97544112351458,0.0,0
Hinjewadi,Kothrud,21,0,0,1953,18631,0,34.34285714285714,0.0,1
Hinjewadi,Kothrud,21,0,1,2370,19501,0,29.621772151898732,0.0,0
Hinjewadi,Kothrud,21,0,2,2250,17729,0,28.3664,0.0,0
Hinjewadi,Kothrud,23,0,0,1753,18631,0,38.26103822019395,0.0,1
Hinjewadi,Kothrud,23,0,1,2100,19501,0,33.43028571428572,0.0,0
Hinjewadi,Kothrud,23,0,2,2017,17729,0,31.643232523549827,0.0,0
Hinjewadi,Kothrud,7,1,0,1845,18631,0,36.35317073170732,0.0,1
Hinjewadi,Kothrud,7,1,1,2261,19501,0,31.049800973020787,0.0,0
Hinjewadi,Kothrud,7,1,2,2124,17729,0,30.04915254237288,0.0,0
Hinjewadi,Kothrud,9,1,0,2144,18627,0,31.27667910447761,0.0,1
Hinjewadi,Kothrud,9,1,1,2671,19501,0,26.283639086484467,0.0,0
Hinjewadi,Kothrud,9,1,2,2473,17729,0,25.808491710473103,0.0,0
Hinjewadi,Kothrud,11,1,0,2278,18903,0,29.87304653204565,0.0,1
Hinjewadi,Kothrud,11,1,1,2867,19501,0,24.486780606906173,0.0,0
Hinjewadi,Kothrud,11,1,2,2417,17995,0,26.802647910633016,0.0,0
Hinjewadi,Kothrud,13,1,0,2190,18903,0,31.073424657534247,0.0,1
Hinjewadi,Kothrud,13,1,1,2765,19501,0,25.3900904159132,0.0,0
Hinjewadi,Kothrud,13,1,2,2321,17995,0,27.91124515295132,0.0,0
Hinjewadi,Kothrud,15,1,0,2032,18627,0,33.000590551181105,0.0,1
Hinjewadi,Kothrud,15,1,1,2626,19501,0,26.734044173648137,0.0,0
Hinjewadi,Kothrud,15,1,2,2328,17729,0,27.4159793814433,0.0,0
Hinjewadi,Kothrud,17,1,0,2371,18627,0,28.2822437789962,0.0,1
Hinjewadi,Kothrud,17,1,1,3104,19501,0,22.617139175257734,0.0,0
Hinjewadi,Kothrud,17,1,2,2713,17729,0,23.52539624032436,0.0,0
Hinjewadi,Kothrud,19,1,0,2597,18627,0,25.821024258760108,0.0,1
Hinjewadi,Kothrud,19,1,1,3265,19501,0,21.50186830015314,0.0,0
Hinjewadi,Kothrud,19,1,2,2972,17729,0,21.47523553162853,0.0,0
Hinjewadi,Kothrud,21,1,0,1955,18631,0,34.307723785166246,0.0,1
Hinjewadi,Kothrud,21,1,1,2347,19501,0,29.912057946314444,0.0,0
Hinjewadi,Kothrud,21,1,2,2254,17729,0,28.31606033717835,0.0,0
Hinjewadi,Kothrud,23,1,0,1753,18631,0,38.26103822019395,0.0,1
Hinjewadi,Kothrud,23,1,1,2100,19501,0,33.43028571428572,0.0,0
Hinjewadi,Kothrud,23,1,2,2017,17729,0,31.643232523549827,0.0,0
Hinjewadi,Kothrud,7,2,0,1854,18631,0,36.17669902912621,0.0,1
Hinjewadi,Kothrud,7,2,1,2250,19501,0,31.201600000000003,0.0,0
Hinjewadi,Kothrud,7,2,2,2135,17729,0,29.894332552693207,0.0,0
Hinjewadi,Kothrud,9,2,0,2158,18627,0,31.07377201112141,0.0,1
Hinjewadi,Kothrud,9,2,1,2647,19501,0,26.521949376652817,0.0,0
Hinjewadi,Kothrud,9,2,2,2485,17729,0,25.683863179074446,0.0,0
Hinjewadi,Kothrud,11,2,0,2279,18903,0,29.85993856954804,0.0,1
Hinjewadi,Kothrud,11,2,1,2845,19501,0,24.676133567662568,0.0,0
Hinjewadi,Kothrud,11,2,2,2635,18002,0,24.594762808349145,0.0,0
Hinjewadi,Kothrud,13,2,0,2228,18903,0,30.54344703770197,0.0,1
Hinjewadi,Kothrud,13,2,1,2796,19501,0,25.10858369098713,0.0,0
Hinjewadi,Kothrud,13,2,2,2568,18002,0,25.23644859813084,0.0,0
Hinjewadi,Kothrud,15,2,0,2094,18900,0,32.49283667621776,0.0,1
Hinjewadi,Kothrud,15,2,1,2623,19501,0,26.764620663362564,0.0,0
Hinjewadi,Kothrud,15,2,2,2385,18002,0,27.17283018867925,0.0,0
Hinjewadi,Kothrud,17,2,0,2472,18627,0,27.12669902912621,0.0,1
Hinjewadi,Kothrud,17,2,1,3179,19501,0,22.08354828562441,0.0,0
Hinjewadi,Kothrud,17,2,2,2805,17729,0,22.75379679144385,0.0,0
Hinjewadi,Kothrud,19,2,0,2666,18627,0,25.152738184546138,0.0,1
Hinjewadi,Kothrud,19,2,1,3422,19501,0,20.515371127995326,0.0,0
Hinjewadi,Kothrud,19,2,2,3036,17729,0,21.02252964426877,0.0,0
Hinjewadi,Kothrud,21,2,0,1967,18631,0,34.09842399593289,0.0,1
Hinjewadi,Kothrud,21,2,1,2382,19501,0,29.47254408060454,0.0,0
Hinjewadi,Kothrud,21,2,2,2260,17729,0,28.24088495575221,0.0,0
Hinjewadi,Kothrud,23,2,0,1753,18631,0,38.26103822019395,0.0,1
Hinjewadi,Kothrud,23,2,1,2100,19501,0,33.43028571428572,0.0,0
Hinjewadi,Kothrud,23,2,2,2017,17729,0,31.643232523549827,0.0,0
Hinjewadi,Kothrud,7,3,0,1827,18631,0,36.711330049261086,0.0,1
Hinjewadi,Kothrud,7,3,1,2222,19501,0,31.5947794779478,0.0,0
Hinjewadi,Kothrud,7,3,2,2105,17729,0,30.32038004750593,0.0,0
Hinjewadi,Kothrud,9,3,0,2071,18631,0,32.38609367455336,0.0,1
Hinjewadi,Kothrud,9,3,1,2528,19501,0,27.770411392405062,0.0,0
Hinjewadi,Kothrud,9,3,2,2372,17729,0,26.90741989881956,0.0,0
Hinjewadi,Kothrud,11,3,0,2271,18900,0,29.96036988110964,0.0,1
Hinjewadi,Kothrud,11,3,1,2798,19501,0,25.090636168691923,0.0,0
Hinjewadi,Kothrud,11,3,2,2605,18002,0,24.87800383877159,0.0,0
Hinjewadi,Kothrud,13,3,0,2341,18900,0,29.06450234942332,0.0,1
Hinjewadi,Kothrud,13,3,1,2872,19501,0,24.4441504178273,0.0,0
Hinjewadi,Kothrud,13,3,2,2472,17995,0,26.20631067961165,0.0,0
Hinjewadi,Kothrud,15,3,0,2283,18900,0,29.802890932982915,0.0,1
Hinjewadi,Kothrud,15,3,1,2854,19501,0,24.598318149964964,0.0,0
Hinjewadi,Kothrud,15,3,2,2395,17995,0,27.048851774530277,0.0,0
Hinjewadi,Kothrud,17,3,0,2587,18900,0,26.30073444143796,0.0,1
Hinjewadi,Kothrud,17,3,1,3089,19501,0,22.72696665587569,0.0,0
Hinjewadi,Kothrud,17,3,2,2939,18002,0,22.05076556651922,0.0,0
Hinjewadi,Kothrud,19,3,0,2708,18900,0,25.12555391432792,0.0,1
Hinjewadi,Kothrud,19,3,1,3037,19501,0,23.11610141587093,0.0,0
Hinjewadi,Kothrud,19,3,2,3054,18002,0,21.22043222003929,0.0,0
Hinjewadi,Kothrud,21,3,0,2001,18631,0,33.51904047976012,0.0,1
Hinjewadi,Kothrud,21,3,1,2355,19501,0,29.81044585987261,0.0,0
Hinjewadi,Kothrud,21,3,2,2280,17729,0,27.993157894736843,0.0,0
Hinjewadi,Kothrud,23,3,0,1753,18631,0,38.26103822019395,0.0,1
Hinjewadi,Kothrud,23,3,1,2100,19501,0,33.43028571428572,0.0,0
Hinjewadi,Kothrud,23,3,2,2017,17729,0,31.643232523549827,0.0,0
Hinjewadi,Kothrud,7,4,0,1809,18631,0,37.07661691542289,0.0,1
Hinjewadi,Kothrud,7,4,1,2169,19501,0,32.36680497925311,0.0,0
Hinjewadi,Kothrud,7,4,2,2076,17729,0,30.74393063583815,0.0,0
Hinjewadi,Kothrud,9,4,0,1944,18631,0,34.50185185185185,0.0,1
Hinjewadi,Kothrud,9,4,1,2318,19501,0,30.286281276962903,0.0,0
Hinjewadi,Kothrud,9,4,2,2211,17729,0,28.86675712347354,0.0,0
Hinjewadi,Kothrud,11,4,0,2034,18627,0,32.968141592920354,0.0,1
Hinjewadi,Kothrud,11,4,1,2474,19501,0,28.3765561843169,0.0,0
Hinjewadi,Kothrud,11,4,2,2304,17729,0,27.7015625,0.0,0
Hinjewadi,Kothrud,13,4,0,2045,18903,0,33.27667481662591,0.0,1
Hinjewadi,Kothrud,13,4,1,2538,19501,0,27.660992907801425,0.0,0
Hinjewadi,Kothrud,13,4,2,2313,18002,0,28.01867704280156,0.0,0
Hinjewadi,Kothrud,15,4,0,1997,18903,0,34.076514772158234,0.0,1
Hinjewadi,Kothrud,15,4,1,2540,19501,0,27.6392125984252,0.0,0
Hinjewadi,Kothrud,15,4,2,2266,18002,0,28.599823477493377,0.0,0
Hinjewadi,Kothrud,17,4,0,2161,18900,0,31.48542341508561,0.0,1
Hinjewadi,Kothrud,17,4,1,2686,19501,0,26.136857781087123,0.0,0
Hinjewadi,Kothrud,17,4,2,2436,18002,0,26.603940886699508,0.0,0
Hinjewadi,Kothrud,19,4,0,2260,18900,0,30.10619469026549,0.0,1
Hinjewadi,Kothrud,19,4,1,2696,19501,0,26.039910979228488,0.0,0
Hinjewadi,Kothrud,19,4,2,2541,18002,0,25.504604486422668,0.0,0
Hinjewadi,Kothrud,21,4,0,1912,18631,0,35.07928870292887,0.0,1
Hinjewadi,Kothrud,21,4,1,2279,19501,0,30.804563405002195,0.0,0
Hinjewadi,Kothrud,21,4,2,2174,17729,0,29.358049678012875,0.0,0
Hinjewadi,Kothrud,23,4,0,1753,18631,0,38.26103822019395,0.0,1
Hinjewadi,Kothrud,23,4,1,2100,19501,0,33.43028571428572,0.0,0
Hinjewadi,Kothrud,23,4,2,2017,17729,0,31.643232523549827,0.0,0
Hinjewadi,Kothrud,7,5,0,1848,18631,0,36.294155844155846,0.0,1
Hinjewadi,Kothrud,7,5,1,2262,19501,0,31.036074270557037,0.0,0
Hinjewadi,Kothrud,7,5,2,2129,17729,0,29.978581493659,0.0,0
Hinjewadi,Kothrud,9,5,0,2123,18627,0,31.586057465850207,0.0,1
Hinjewadi,Kothrud,9,5,1,2661,19501,0,26.38241262683202,0.0,0
Hinjewadi,Kothrud,9,5,2,2458,17729,0,25.96598860862489,0.0,0
Hinjewadi,Kothrud,11,5,0,2234,18903,0,30.461414503133398,0.0,1
Hinjewadi,Kothrud,11,5,1,2833,19501,0,24.78065654782916,0.0,0
Hinjewadi,Kothrud,11,5,2,2379,17995,0,27.23076923076923,0.0,0
Hinjewadi,Kothrud,13,5,0,2167,18903,0,31.403230272265805,0.0,1
Hinjewadi,Kothrud,13,5,1,2750,19501,0,25.52858181818182,0.0,0
Hinjewadi,Kothrud,13,5,2,2486,18002,0,26.06886564762671,0.0,0
Hinjewadi,Kothrud,15,5,0,2019,18900,0,33.6998514115899,0.0,1
Hinjewadi,Kothrud,15,5,1,2609,19501,0,26.908240705251053,0.0,0
Hinjewadi,Kothrud,15,5,2,2307,18002,0,28.09154746423927,0.0,0
Hinjewadi,Kothrud,17,5,0,2354,18627,0,28.48649107901444,0.0,1
Hinjewadi,Kothrud,17,5,1,3081,19501,0,22.78597857838364,0.0,0
Hinjewadi,Kothrud,17,5,2,2709,17729,0,23.56013289036545,0.0,0
Hinjewadi,Kothrud,19,5,0,2536,18627,0,26.44211356466877,0.0,1
Hinjewadi,Kothrud,19,5,1,3242,19501,0,21.65441085749537,0.0,0
Hinjewadi,Kothrud,19,5,2,2926,17729,0,21.812850307587148,0.0,0
Hinjewadi,Kothrud,21,5,0,1933,18631,0,34.69818934299017,0.0,1
Hinjewadi,Kothrud,21,5,1,2349,19501,0,29.88659003831418,0.0,0
Hinjewadi,Kothrud,21,5,2,2230,17729,0,28.62080717488789,0.0,0
Hinjewadi,Kothrud,23,5,0,1753,18631,0,38.26103822019395,0.0,1
Hinjewadi,Kothrud,23,5,1,2100,19501,0,33.43028571428572,0.0,0
Hinjewadi,Kothrud,23,5,2,2017,17729,0,31.643232523549827,0.0,0
Hinjewadi,Kothrud,7,6,0,1854,18631,0,36.17669902912621,0.0,1
Hinjewadi,Kothrud,7,6,1,2276,19501,0,30.845166959578208,0.0,0
Hinjewadi,Kothrud,7,6,2,2137,17729,0,29.86635470285447,0.0,0
Hinjewadi,Kothrud,9,6,0,2172,18627,0,30.87348066298342,0.0,1
Hinjewadi,Kothrud,9,6,1,2724,19501,0,25.772246696035243,0.0,0
Hinjewadi,Kothrud,9,6,2,2307,17723,0,27.656176853055918,0.0,0
Hinjewadi,Kothrud,11,6,0,2306,18903,0,29.510320901994795,0.0,1
Hinjewadi,Kothrud,11,6,1,2916,19501,0,24.075308641975308,0.0,0
Hinjewadi,Kothrud,11,6,2,2452,17995,0,26.420065252854812,0.0,0
Hinjewadi,Kothrud,13,6,0,2204,18903,0,30.87604355716878,0.0,1
Hinjewadi,Kothrud,13,6,1,2794,19501,0,25.12655690765927,0.0,0
Hinjewadi,Kothrud,13,6,2,2341,17995,0,27.672789406236653,0.0,0
Hinjewadi,Kothrud,15,6,0,2038,18627,0,32.90343473994112,0.0,1
Hinjewadi,Kothrud,15,6,1,2647,19501,0,26.521949376652817,0.0,0
Hinjewadi,Kothrud,15,6,2,2343,17729,0,27.2404609475032,0.0,0
Hinjewadi,Kothrud,17,6,0,2409,18627,0,27.836114570361143,0.0,1
Hinjewadi,Kothrud,17,6,1,3193,19501,0,21.98672095208268,0.0,0
Hinjewadi,Kothrud,17,6,2,2781,17729,0,22.950161812297736,0.0,0
Hinjewadi,Kothrud,19,6,0,2609,18627,0,25.70226140283633,0.0,1
Hinjewadi,Kothrud,19,6,1,3379,19501,0,20.776442734536847,0.0,0
Hinjewadi,Kothrud,19,6,2,2761,17723,0,23.10858384643245,0.0,0
Hinjewadi,Kothrud,21,6,0,1945,18631,0,34.48411311053985,0.0,1
Hinjewadi,Kothrud,21,6,1,2361,19501,0,29.734688691232527,0.0,0
Hinjewadi,Kothrud,21,6,2,2250,17729,0,28.3664,0.0,0
Hinjewadi,Kothrud,23,6,0,1753,18631,0,38.26103822019395,0.0,1
Hinjewadi,Kothrud,23,6,1,2100,19501,0,33.43028571428572,0.0,0
Hinjewadi,Kothrud,23,6,2,2017,17729,0,31.643232523549827,0.0,0
Hinjewadi,Hadapsar,7,0,0,3172,25719,0,29.18928121059269,0.0,1
Hinjewadi,Hadapsar,7,0,1,3287,25475,0,27.90082141770612,0.0,0
Hinjewadi,Hadapsar,7,0,2,4083,33874,0,29.866862601028654,0.0,0
Hinjewadi,Hadapsar,9,0,0,3675,25301,0,24.78465306122449,0.0,1
Hinjewadi,Hadapsar,9,0,1,3815,25475,0,24.03931847968545,0.0,0
Hinjewadi,Hadapsar,9,0,2,4445,31257,0,25.31500562429696,0.0,0
Hinjewadi,Hadapsar,11,0,0,3911,25301,0,23.289082076195346,0.0,1
Hinjewadi,Hadapsar,11,0,1,4034,25475,0,22.734258800198315,0.0,0
Hinjewadi,Hadapsar,11,0,2,4684,31257,0,24.02331340734415,0.0,0
Hinjewadi,Hadapsar,13,0,0,3722,26786,0,25.90800644814616,0.0,1
Hinjewadi,Hadapsar,13,0,1,3909,26535,0,24.437452033768224,0.0,0
Hinjewadi,Hadapsar,13,0,2,4373,31229,0,25.708758289503773,0.0,0
Hinjewadi,Hadapsar,15,0,0,3639,25585,0,25.31079967023908,0.0,1
Hinjewadi,Hadapsar,15,0,1,3750,25475,0,24.456,0.0,0
Hinjewadi,Hadapsar,15,0,2,4734,33702,0,25.628897338403043,0.0,0
Hinjewadi,Hadapsar,17,0,0,4339,25301,0,20.991841438119383,0.0,1
Hinjewadi,Hadapsar,17,0,1,4611,25475,0,19.889394925178923,0.0,0
Hinjewadi,Hadapsar,17,0,2,5559,33702,0,21.825364274150022,0.0,0
Hinjewadi,Hadapsar,19,0,0,4366,25301,0,20.862024736601008,0.0,1
Hinjewadi,Hadapsar,19,0,1,4650,28058,0,21.72232258064516,0.0,0
Hinjewadi,Hadapsar,19,0,2,5145,32830,0,22.97142857142857,0.0,0
Hinjewadi,Hadapsar,21,0,0,3147,25719,0,29.42116301239276,0.0,1
Hinjewadi,Hadapsar,21,0,1,3213,25475,0,28.54341736694678,0.0,0
Hinjewadi,Hadapsar,21,0,2,3929,33874,0,31.03751590735556,0.0,0
Hinjewadi,Hadapsar,23,0,0,2855,25719,0,32.43026269702277,0.0,1
Hinjewadi,Hadapsar,23,0,1,2926,25475,0,31.34313055365687,0.0,0
Hinjewadi,Hadapsar,23,0,2,3643,33874,0,33.47416964040626,0.0,0
Hinjewadi,Hadapsar,7,1,0,3151,25719,0,29.38381466201206,0.0,1
Hinjewadi,Hadapsar,7,1,1,3215,25475,0,28.52566096423017,0.0,0
Hinjewadi,Hadapsar,7,1,2,4077,33874,0,29.910816777041944,0.0,0
Hinjewadi,Hadapsar,9,1,0,3601,25301,0,25.29397389613996,0.0,1
Hinjewadi,Hadapsar,9,1,1,3723,25475,0,24.633360193392427,0.0,0
Hinjewadi,Hadapsar,9,1,2,4313,31257,0,26.0897750985393,0.0,0
Hinjewadi,Hadapsar,11,1,0,3907,26786,0,24.681238802149988,0.0,1
Hinjewadi,Hadapsar,11,1,1,4123,26535,0,23.169051661411597,0.0,0
Hinjewadi,Hadapsar,11,1,2,4562,30945,0,24.419552827707147,0.0,0
Hinjewadi,Hadapsar,13,1,0,3677,26786,0,26.22507478923035,0.0,1
Hinjewadi,Hadapsar,13,1,1,3867,26535,0,24.702870442203256,0.0,0
Hinjewadi,Hadapsar,13,1,2,4364,31229,0,25.76177818515124,0.0,0
Hinjewadi,Hadapsar,15,1,0,3608,26786,0,26.726607538802664,0.0,1
Hinjewadi,Hadapsar,15,1,1,3731,26535,0,25.60332350576253,0.0,0
Hinjewadi,Hadapsar,15,1,2,4311,31229,0,26.07849686847599,0.0,0
Hinjewadi,Hadapsar,17,1,0,4179,25585,0,22.040201005025125,0.0,1
Hinjewadi,Hadapsar,17,1,1,4348,25475,0,21.09245630174793,0.0,0
Hinjewadi,Hadapsar,17,1,2,5000,33272,0,23.95584,0.0,0
Hinjewadi,Hadapsar,19,1,0,4180,25301,0,21.79033492822966,0.0,1
Hinjewadi,Hadapsar,19,1,1,4556,28058,0,22.170500438981563,0.0,0
Hinjewadi,Hadapsar,19,1,2,4979,31257,0,22.599959831291425,0.0,0
Hinjewadi,Hadapsar,21,1,0,3127,26786,0,30.837735849056607,0.0,1
Hinjewadi,Hadapsar,21,1,1,3299,26535,0,28.956047287056684,0.0,0
Hinjewadi,Hadapsar,21,1,2,3896,30151,0,27.860266940451744,0.0,0
Hinjewadi,Hadapsar,23,1,0,2855,25719,0,32.43026269702277,0.0,1
Hinjewadi,Hadapsar,23,1,1,2926,25475,0,31.34313055365687,0.0,0
Hinjewadi,Hadapsar,23,1,2,3643,33874,0,33.47416964040626,0.0,0
Hinjewadi,Hadapsar,7,2,0,3144,25719,0,29.449236641221376,0.0,1
Hinjewadi,Hadapsar,7,2,1,3198,25475,0,28.677298311444652,0.0,0
Hinjewadi,Hadapsar,7,2,2,4083,33874,0,29.866862601028654,0.0,0
Hinjewadi,Hadapsar,9,2,0,3564,25637,0,25.8959595959596,0.0,1
Hinjewadi,Hadapsar,9,2,1,3666,25475,0,25.01636661211129,0.0,0
Hinjewadi,Hadapsar,9,2,2,4231,31257,0,26.595414795556604,0.0,0
Hinjewadi,Hadapsar,11,2,0,3851,26786,0,25.040145416774862,0.0,1
Hinjewadi,Hadapsar,11,2,1,4026,26535,0,23.727272727272727,0.0,0
Hinjewadi,Hadapsar,11,2,2,4515,31229,0,24.900199335548173,0.0,0
Hinjewadi,Hadapsar,13,2,0,3721,26786,0,25.91496909432949,0.0,1
Hinjewadi,Hadapsar,13,2,1,3878,26535,0,24.632800412583805,0.0,0
Hinjewadi,Hadapsar,13,2,2,4557,33074,0,26.128242264647792,0.0,0
Hinjewadi,Hadapsar,15,2,0,3625,25585,0,25.408551724137933,0.0,1
Hinjewadi,Hadapsar,15,2,1,3704,25475,0,24.7597192224622,0.0,0
Hinjewadi,Hadapsar,15,2,2,4277,31257,0,26.309375730652327,0.0,0
Hinjewadi,Hadapsar,17,2,0,4285,25301,0,21.25638273045508,0.0,1
Hinjewadi,Hadapsar,17,2,1,4444,25475,0,20.63681368136814,0.0,0
Hinjewadi,Hadapsar,17,2,2,5310,32830,0,22.257627118644063,0.0,0
Hinjewadi,Hadapsar,19,2,0,4325,25301,0,21.05979190751445,0.0,1
Hinjewadi,Hadapsar,19,2,1,4589,28058,0,22.011069949880145,0.0,0
Hinjewadi,Hadapsar,19,2,2,5090,32830,0,23.219646365422395,0.0,0
Hinjewadi,Hadapsar,21,2,0,3157,25719,0,29.327969591384228,0.0,1
Hinjewadi,Hadapsar,21,2,1,3221,25475,0,28.47252406085067,0.0,0
Hinjewadi,Hadapsar,21,2,2,3942,33874,0,30.9351598173516,0.0,0
Hinjewadi,Hadapsar,23,2,0,2855,25719,0,32.43026269702277,0.0,1
Hinjewadi,Hadapsar,23,2,1,2926,25475,0,31.34313055365687,0.0,0
Hinjewadi,Hadapsar,23,2,2,3643,33874,0,33.47416964040626,0.0,0
Hinjewadi,Hadapsar,7,3,0,3012,26786,0,32.015139442231074,0.0,1
Hinjewadi,Hadapsar,7,3,1,3176,26535,0,30.077455919395465,0.0,0
Hinjewadi,Hadapsar,7,3,2,3916,30151,0,27.71797752808989,0.0,0
Hinjewadi,Hadapsar,9,3,0,3276,26786,0,29.43516483516484,0.0,1
Hinjewadi,Hadapsar,9,3,1,3439,26535,0,27.777260831637104,0.0,0
Hinjewadi,Hadapsar,9,3,2,4146,32518,0,28.235600578871203,0.0,0
Hinjewadi,Hadapsar,11,3,0,3583,26786,0,26.91308958972928,0.0,1
Hinjewadi,Hadapsar,11,3,1,3696,26535,0,25.84577922077922,0.0,0
Hinjewadi,Hadapsar,11,3,2,4538,32790,0,26.0123402379903,0.0,0
Hinjewadi,Hadapsar,13,3,0,3700,25475,0,24.78648648648649,0.0,1
Hinjewadi,Hadapsar,13,3,1,3761,25585,0,24.489763360808293,0.0,0
Hinjewadi,Hadapsar,13,3,2,4179,30911,0,26.62828427853553,0.0,0
Hinjewadi,Hadapsar,15,3,0,3747,25475,0,24.4755804643715,0.0,1
Hinjewadi,Hadapsar,15,3,1,3885,25585,0,23.70810810810811,0.0,0
Hinjewadi,Hadapsar,15,3,2,4349,31257,0,25.873810071280754,0.0,0
Hinjewadi,Hadapsar,17,3,0,4030,25475,0,22.75682382133995,0.0,1
Hinjewadi,Hadapsar,17,3,1,4166,25301,0,21.86356216994719,0.0,0
Hinjewadi,Hadapsar,17,3,2,4717,29279,0,22.345643417426327,0.0,0
Hinjewadi,Hadapsar,19,3,0,3900,26786,0,24.725538461538463,0.0,1
Hinjewadi,Hadapsar,19,3,1,4054,26535,0,23.56339417858905,0.0,0
Hinjewadi,Hadapsar,19,3,2,4789,33074,0,24.862476508665694,0.0,0
Hinjewadi,Hadapsar,21,3,0,3124,26786,0,30.867349551856595,0.0,1
Hinjewadi,Hadapsar,21,3,1,3295,26535,0,28.99119878603945,0.0,0
Hinjewadi,Hadapsar,21,3,2,3860,32936,0,30.71751295336788,0.0,0
Hinjewadi,Hadapsar,23,3,0,2855,25719,0,32.43026269702277,0.0,1
Hinjewadi,Hadapsar,23,3,1,2926,25475,0,31.34313055365687,0.0,0
Hinjewadi,Hadapsar,23,3,2,3643,33874,0,33.47416964040626,0.0,0
Hinjewadi,Hadapsar,7,4,0,2957,26786,0,32.61061887047684,0.0,1
Hinjewadi,Hadapsar,7,4,1,3126,26535,0,30.558541266794627,0.0,0
Hinjewadi,Hadapsar,7,4,2,3778,30151,0,28.73043938591848,0.0,0
Hinjewadi,Hadapsar,9,4,0,3091,26786,0,31.196894208993854,0.0,1
Hinjewadi,Hadapsar,9,4,1,3279,26535,0,29.13266239707228,0.0,0
Hinjewadi,Hadapsar,9,4,2,3970,30151,0,27.340957178841307,0.0,0
Hinjewadi,Hadapsar,11,4,0,3271,26786,0,29.480158972791195,0.0,1
Hinjewadi,Hadapsar,11,4,1,3461,26535,0,27.600693441201965,0.0,0
Hinjewadi,Hadapsar,11,4,2,4189,30151,0,25.91157794222965,0.0,0
Hinjewadi,Hadapsar,13,4,0,3332,26786,0,28.94045618247299,0.0,1
Hinjewadi,Hadapsar,13,4,1,3515,26535,0,27.17667140825036,0.0,0
Hinjewadi,Hadapsar,13,4,2,4201,30005,0,25.712449416805523,0.0,0
Hinjewadi,Hadapsar,15,4,0,3414,26786,0,28.24534270650264,0.0,1
Hinjewadi,Hadapsar,15,4,1,3566,26535,0,26.787997756590016,0.0,0
Hinjewadi,Hadapsar,15,4,2,4304,30005,0,25.097118959107807,0.0,0
Hinjewadi,Hadapsar,17,4,0,3615,26786,0,26.674854771784236,0.0,1
Hinjewadi,Hadapsar,17,4,1,3763,26535,0,25.38559659845868,0.0,0
Hinjewadi,Hadapsar,17,4,2,4495,30005,0,24.03070077864293,0.0,0
Hinjewadi,Hadapsar,19,4,0,3499,25301,0,26.031323235210056,0.0,1
Hinjewadi,Hadapsar,19,4,1,3629,25475,0,25.271424634885648,0.0,0
Hinjewadi,Hadapsar,19,4,2,4296,30620,0,25.65921787709497,0.0,0
Hinjewadi,Hadapsar,21,4,0,3040,25719,0,30.456710526315792,0.0,1
Hinjewadi,Hadapsar,21,4,1,3113,25475,0,29.46032765820752,0.0,0
Hinjewadi,Hadapsar,21,4,2,3877,33874,0,31.45380448800619,0.0,0
Hinjewadi,Hadapsar,23,4,0,2855,25719,0,32.43026269702277,0.0,1
Hinjewadi,Hadapsar,23,4,1,2926,25475,0,31.34313055365687,0.0,0
Hinjewadi,Hadapsar,23,4,2,3643,33874,0,33.47416964040626,0.0,0
Hinjewadi,Hadapsar,7,5,0,3148,25719,0,29.411817026683607,0.0,1
Hinjewadi,Hadapsar,7,5,1,3239,25475,0,28.31429453535042,0.0,0
Hinjewadi,Hadapsar,7,5,2,4087,33874,0,29.83763151455836,0.0,0
Hinjewadi,Hadapsar,9,5,0,3595,25301,0,25.33618915159944,0.0,1
Hinjewadi,Hadapsar,9,5,1,3714,25475,0,24.69305331179321,0.0,0
Hinjewadi,Hadapsar,9,5,2,4294,31257,0,26.2052165812762,0.0,0
Hinjewadi,Hadapsar,11,5,0,3842,26786,0,25.098802706923475,0.0,1
Hinjewadi,Hadapsar,11,5,1,4048,26535,0,23.59832015810277,0.0,0
Hinjewadi,Hadapsar,11,5,2,4576,30945,0,24.344842657342657,0.0,0
Hinjewadi,Hadapsar,13,5,0,3586,26786,0,26.89057445621863,0.0,1
Hinjewadi,Hadapsar,13,5,1,3782,26535,0,25.25806451612904,0.0,0
Hinjewadi,Hadapsar,13,5,2,4376,31229,0,25.69113345521024,0.0,0
Hinjewadi,Hadapsar,15,5,0,3569,26786,0,27.018660689268703,0.0,1
Hinjewadi,Hadapsar,15,5,1,3702,26535,0,25.80388978930308,0.0,0
Hinjewadi,Hadapsar,15,5,2,4563,30289,0,23.89664694280079,0.0,0
Hinjewadi,Hadapsar,17,5,0,4203,25585,0,21.914346895074942,0.0,1
Hinjewadi,Hadapsar,17,5,1,4385,25475,0,20.914481185860893,0.0,0
Hinjewadi,Hadapsar,17,5,2,5031,33272,0,23.808228980322003,0.0,0
Hinjewadi,Hadapsar,19,5,0,4165,25301,0,21.86881152460984,0.0,1
Hinjewadi,Hadapsar,19,5,1,4378,25475,0,20.94792142530836,0.0,0
Hinjewadi,Hadapsar,19,5,2,5026,32830,0,23.51532033426184,0.0,0
Hinjewadi,Hadapsar,21,5,0,3117,26786,0,30.93666987487969,0.0,1
Hinjewadi,Hadapsar,21,5,1,3301,26535,0,28.93850348379279,0.0,0
Hinjewadi,Hadapsar,21,5,2,3876,30151,0,28.00402476780186,0.0,0
Hinjewadi,Hadapsar,23,5,0,2855,25719,0,32.43026269702277,0.0,1
Hinjewadi,Hadapsar,23,5,1,2926,25475,0,31.34313055365687,0.0,0
Hinjewadi,Hadapsar,23,5,2,3643,33874,0,33.47416964040626,0.0,0
Hinjewadi,Hadapsar,7,6,0,3178,25719,0,29.134172435494023,0.0,1
Hinjewadi,Hadapsar,7,6,1,3292,25475,0,27.8584447144593,0.0,0
Hinjewadi,Hadapsar,7,6,2,4138,33874,0,29.46988883518608,0.0,0
Hinjewadi,Hadapsar,9,6,0,3711,25637,0,24.870169765561844,0.0,1
Hinjewadi,Hadapsar,9,6,1,3854,25475,0,23.79605604566684,0.0,0
Hinjewadi,Hadapsar,9,6,2,4476,31257,0,25.139678284182303,0.0,0
Hinjewadi,Hadapsar,11,6,0,3980,25301,0,22.885326633165825,0.0,1
Hinjewadi,Hadapsar,11,6,1,4076,25475,0,22.5,0.0,0
Hinjewadi,Hadapsar,11,6,2,4703,31257,0,23.926259834148414,0.0,0
Hinjewadi,Hadapsar,13,6,0,3707,26786,0,26.01284057189102,0.0,1
Hinjewadi,Hadapsar,13,6,1,3880,26535,0,24.620103092783506,0.0,0
Hinjewadi,Hadapsar,13,6,2,4339,31229,0,25.91020972574326,0.0,0
Hinjewadi,Hadapsar,15,6,0,3607,25585,0,25.535347934571664,0.0,1
Hinjewadi,Hadapsar,15,6,1,3694,25475,0,24.826746074715757,0.0,0
Hinjewadi,Hadapsar,15,6,2,4301,31257,0,26.162566844919787,0.0,0
Hinjewadi,Hadapsar,17,6,0,4338,25301,0,20.996680497925308,0.0,1
Hinjewadi,Hadapsar,17,6,1,4509,25475,0,20.33932135728543,0.0,0
Hinjewadi,Hadapsar,17,6,2,5585,33702,0,21.72376007162041,0.0,0
Hinjewadi,Hadapsar,19,6,0,4320,25301,0,21.084166666666665,0.0,1
Hinjewadi,Hadapsar,19,6,1,4614,28058,0,21.89180754226268,0.0,0
Hinjewadi,Hadapsar,19,6,2,5099,32830,0,23.17866248283977,0.0,0
Hinjewadi,Hadapsar,21,6,0,3133,25719,0,29.552633258857327,0.0,1
Hinjewadi,Hadapsar,21,6,1,3201,25475,0,28.65042174320525,0.0,0
Hinjewadi,Hadapsar,21,6,2,3923,33874,0,31.08498598011726,0.0,0
Hinjewadi,Hadapsar,23,6,0,2855,25719,0,32.43026269702277,0.0,1
Hinjewadi,Hadapsar,23,6,1,2926,25475,0,31.34313055365687,0.0,0
Hinjewadi,Hadapsar,23,6,2,3643,33874,0,33.47416964040626,0.0,0
Hinjewadi,Hadapsar,7,0,0,3172,25719,0,29.18928121059269,0.0,1
Hinjewadi,Hadapsar,7,0,1,3287,25475,0,27.90082141770612,0.0,0
Hinjewadi,Hadapsar,7,0,2,4083,33874,0,29.866862601028654,0.0,0
Hinjewadi,Hadapsar,9,0,0,3675,25301,0,24.78465306122449,0.0,1
Hinjewadi,Hadapsar,9,0,1,3815,25475,0,24.03931847968545,0.0,0
Hinjewadi,Hadapsar,9,0,2,4445,31257,0,25.31500562429696,0.0,0
Hinjewadi,Hadapsar,11,0,0,3911,25301,0,23.289082076195346,0.0,1
Hinjewadi,Hadapsar,11,0,1,4034,25475,0,22.734258800198315,0.0,0
Hinjewadi,Hadapsar,11,0,2,4684,31257,0,24.02331340734415,0.0,0
Hinjewadi,Hadapsar,13,0,0,3722,26786,0,25.90800644814616,0.0,1
Hinjewadi,Hadapsar,13,0,1,3909,26535,0,24.437452033768224,0.0,0
Hinjewadi,Hadapsar,13,0,2,4373,31229,0,25.708758289503773,0.0,0
Hinjewadi,Hadapsar,15,0,0,3639,25585,0,25.31079967023908,0.0,1
Hinjewadi,Hadapsar,15,0,1,3750,25475,0,24.456,0.0,0
Hinjewadi,Hadapsar,15,0,2,4734,33702,0,25.628897338403043,0.0,0
Hinjewadi,Hadapsar,17,0,0,4339,25301,0,20.991841438119383,0.0,1
Hinjewadi,Hadapsar,17,0,1,4611,25475,0,19.889394925178923,0.0,0
Hinjewadi,Hadapsar,17,0,2,5559,33702,0,21.825364274150022,0.0,0
Hinjewadi,Hadapsar,19,0,0,4366,25301,0,20.862024736601008,0.0,1
Hinjewadi,Hadapsar,19,0,1,4650,28058,0,21.72232258064516,0.0,0
Hinjewadi,Hadapsar,19,0,2,5145,32830,0,22.97142857142857,0.0,0
Hinjewadi,Hadapsar,21,0,0,3147,25719,0,29.42116301239276,0.0,1
Hinjewadi,Hadapsar,21,0,1,3213,25475,0,28.54341736694678,0.0,0
Hinjewadi,Hadapsar,21,0,2,3929,33874,0,31.03751590735556,0.0,0
Hinjewadi,Hadapsar,23,0,0,2855,25719,0,32.43026269702277,0.0,1
Hinjewadi,Hadapsar,23,0,1,2926,25475,0,31.34313055365687,0.0,0
Hinjewadi,Hadapsar,23,0,2,3643,33874,0,33.47416964040626,0.0,0
Hinjewadi,Hadapsar,7,1,0,3151,25719,0,29.38381466201206,0.0,1
Hinjewadi,Hadapsar,7,1,1,3215,25475,0,28.52566096423017,0.0,0
Hinjewadi,Hadapsar,7,1,2,4077,33874,0,29.910816777041944,0.0,0
Hinjewadi,Hadapsar,9,1,0,3601,25301,0,25.29397389613996,0.0,1
Hinjewadi,Hadapsar,9,1,1,3723,25475,0,24.633360193392427,0.0,0
Hinjewadi,Hadapsar,9,1,2,4313,31257,0,26.0897750985393,0.0,0
Hinjewadi,Hadapsar,11,1,0,3907,26786,0,24.681238802149988,0.0,1
Hinjewadi,Hadapsar,11,1,1,4123,26535,0,23.169051661411597,0.0,0
Hinjewadi,Hadapsar,11,1,2,4562,30945,0,24.419552827707147,0.0,0
Hinjewadi,Hadapsar,13,1,0,3677,26786,0,26.22507478923035,0.0,1
Hinjewadi,Hadapsar,13,1,1,3867,26535,0,24.702870442203256,0.0,0
Hinjewadi,Hadapsar,13,1,2,4364,31229,0,25.76177818515124,0.0,0
Hinjewadi,Hadapsar,15,1,0,3608,26786,0,26.726607538802664,0.0,1
Hinjewadi,Hadapsar,15,1,1,3731,26535,0,25.60332350576253,0.0,0
Hinjewadi,Hadapsar,15,1,2,4311,31229,0,26.07849686847599,0.0,0
Hinjewadi,Hadapsar,17,1,0,4179,25585,0,22.040201005025125,0.0,1
Hinjewadi,Hadapsar,17,1,1,4348,25475,0,21.09245630174793,0.0,0
Hinjewadi,Hadapsar,17,1,2,5000,33272,0,23.95584,0.0,0
Hinjewadi,Hadapsar,19,1,0,4180,25301,0,21.79033492822966,0.0,1
Hinjewadi,Hadapsar,19,1,1,4556,28058,0,22.170500438981563,0.0,0
Hinjewadi,Hadapsar,19,1,2,4979,31257,0,22.599959831291425,0.0,0
Hinjewadi,Hadapsar,21,1,0,3127,26786,0,30.837735849056607,0.0,1
Hinjewadi,Hadapsar,21,1,1,3299,26535,0,28.956047287056684,0.0,0
Hinjewadi,Hadapsar,21,1,2,3896,30151,0,27.860266940451744,0.0,0
Hinjewadi,Hadapsar,23,1,0,2855,25719,0,32.43026269702277,0.0,1
Hinjewadi,Hadapsar,23,1,1,2926,25475,0,31.34313055365687,0.0,0
Hinjewadi,Hadapsar,23,1,2,3643,33874,0,33.47416964040626,0.0,0
Hinjewadi,Hadapsar,7,2,0,3144,25719,0,29.449236641221376,0.0,1
Hinjewadi,Hadapsar,7,2,1,3198,25475,0,28.677298311444652,0.0,0
Hinjewadi,Hadapsar,7,2,2,4083,33874,0,29.866862601028654,0.0,0
Hinjewadi,Hadapsar,9,2,0,3564,25637,0,25.8959595959596,0.0,1
Hinjewadi,Hadapsar,9,2,1,3666,25475,0,25.01636661211129,0.0,0
Hinjewadi,Hadapsar,9,2,2,4231,31257,0,26.595414795556604,0.0,0
Hinjewadi,Hadapsar,11,2,0,3851,26786,0,25.040145416774862,0.0,1
Hinjewadi,Hadapsar,11,2,1,4026,26535,0,23.727272727272727,0.0,0
Hinjewadi,Hadapsar,11,2,2,4515,31229,0,24.900199335548173,0.0,0
Hinjewadi,Hadapsar,13,2,0,3721,26786,0,25.91496909432949,0.0,1
Hinjewadi,Hadapsar,13,2,1,3878,26535,0,24.632800412583805,0.0,0
Hinjewadi,Hadapsar,13,2,2,4557,33074,0,26.128242264647792,0.0,0
Hinjewadi,Hadapsar,15,2,0,3625,25585,0,25.408551724137933,0.0,1
Hinjewadi,Hadapsar,15,2,1,3704,25475,0,24.7597192224622,0.0,0
Hinjewadi,Hadapsar,15,2,2,4277,31257,0,26.309375730652327,0.0,0
Hinjewadi,Hadapsar,17,2,0,4285,25301,0,21.25638273045508,0.0,1
Hinjewadi,Hadapsar,17,2,1,4444,25475,0,20.63681368136814,0.0,0
Hinjewadi,Hadapsar,17,2,2,5310,32830,0,22.257627118644063,0.0,0
Hinjewadi,Hadapsar,19,2,0,4325,25301,0,21.05979190751445,0.0,1
Hinjewadi,Hadapsar,19,2,1,4589,28058,0,22.011069949880145,0.0,0
Hinjewadi,Hadapsar,19,2,2,5090,32830,0,23.219646365422395,0.0,0
Hinjewadi,Hadapsar,21,2,0,3157,25719,0,29.327969591384228,0.0,1
Hinjewadi,Hadapsar,21,2,1,3221,25475,0,28.47252406085067,0.0,0
Hinjewadi,Hadapsar,21,2,2,3942,33874,0,30.9351598173516,0.0,0
Hinjewadi,Hadapsar,23,2,0,2855,25719,0,32.43026269702277,0.0,1
Hinjewadi,Hadapsar,23,2,1,2926,25475,0,31.34313055365687,0.0,0
Hinjewadi,Hadapsar,23,2,2,3643,33874,0,33.47416964040626,0.0,0
Hinjewadi,Hadapsar,7,3,0,3012,26786,0,32.015139442231074,0.0,1
Hinjewadi,Hadapsar,7,3,1,3176,26535,0,30.077455919395465,0.0,0
Hinjewadi,Hadapsar,7,3,2,3916,30151,0,27.71797752808989,0.0,0
Hinjewadi,Hadapsar,9,3,0,3276,26786,0,29.43516483516484,0.0,1
Hinjewadi,Hadapsar,9,3,1,3439,26535,0,27.777260831637104,0.0,0
Hinjewadi,Hadapsar,9,3,2,4146,32518,0,28.235600578871203,0.0,0
Hinjewadi,Hadapsar,11,3,0,3583,26786,0,26.91308958972928,0.0,1
Hinjewadi,Hadapsar,11,3,1,3696,26535,0,25.84577922077922,0.0,0
Hinjewadi,Hadapsar,11,3,2,4538,32790,0,26.0123402379903,0.0,0
Hinjewadi,Hadapsar,13,3,0,3700,25475,0,24.78648648648649,0.0,1
Hinjewadi,Hadapsar,13,3,1,3761,25585,0,24.489763360808293,0.0,0
Hinjewadi,Hadapsar,13,3,2,4179,30911,0,26.62828427853553,0.0,0
Hinjewadi,Hadapsar,15,3,0,3747,25475,0,24.4755804643715,0.0,1
Hinjewadi,Hadapsar,15,3,1,3885,25585,0,23.70810810810811,0.0,0
Hinjewadi,Hadapsar,15,3,2,4349,31257,0,25.873810071280754,0.0,0
Hinjewadi,Hadapsar,17,3,0,4030,25475,0,22.75682382133995,0.0,1
Hinjewadi,Hadapsar,17,3,1,4166,25301,0,21.86356216994719,0.0,0
Hinjewadi,Hadapsar,17,3,2,4717,29279,0,22.345643417426327,0.0,0
Hinjewadi,Hadapsar,19,3,0,3900,26786,0,24.725538461538463,0.0,1
Hinjewadi,Hadapsar,19,3,1,4054,26535,0,23.56339417858905,0.0,0
Hinjewadi,Hadapsar,19,3,2,4789,33074,0,24.862476508665694,0.0,0
Hinjewadi,Hadapsar,21,3,0,3124,26786,0,30.867349551856595,0.0,1
Hinjewadi,Hadapsar,21,3,1,3295,26535,0,28.99119878603945,0.0,0
Hinjewadi,Hadapsar,21,3,2,3860,32936,0,30.71751295336788,0.0,0
Hinjewadi,Hadapsar,23,3,0,2855,25719,0,32.43026269702277,0.0,1
Hinjewadi,Hadapsar,23,3,1,2926,25475,0,31.34313055365687,0.0,0
Hinjewadi,Hadapsar,23,3,2,3643,33874,0,33.47416964040626,0.0,0
Hinjewadi,Hadapsar,7,4,0,2957,26786,0,32.61061887047684,0.0,1
Hinjewadi,Hadapsar,7,4,1,3126,26535,0,30.558541266794627,0.0,0
Hinjewadi,Hadapsar,7,4,2,3778,30151,0,28.73043938591848,0.0,0
Hinjewadi,Hadapsar,9,4,0,3091,26786,0,31.196894208993854,0.0,1
Hinjewadi,Hadapsar,9,4,1,3279,26535,0,29.13266239707228,0.0,0
Hinjewadi,Hadapsar,9,4,2,3970,30151,0,27.340957178841307,0.0,0
Hinjewadi,Hadapsar,11,4,0,3271,26786,0,29.480158972791195,0.0,1
Hinjewadi,Hadapsar,11,4,1,3461,26535,0,27.600693441201965,0.0,0
Hinjewadi,Hadapsar,11,4,2,4189,30151,0,25.91157794222965,0.0,0
Hinjewadi,Hadapsar,13,4,0,3332,26786,0,28.94045618247299,0.0,1
Hinjewadi,Hadapsar,13,4,1,3515,26535,0,27.17667140825036,0.0,0
Hinjewadi,Hadapsar,13,4,2,4201,30005,0,25.712449416805523,0.0,0
Hinjewadi,Hadapsar,15,4,0,3414,26786,0,28.24534270650264,0.0,1
Hinjewadi,Hadapsar,15,4,1,3566,26535,0,26.787997756590016,0.0,0
Hinjewadi,Hadapsar,15,4,2,4304,30005,0,25.097118959107807,0.0,0
Hinjewadi,Hadapsar,17,4,0,3615,26786,0,26.674854771784236,0.0,1
Hinjewadi,Hadapsar,17,4,1,3763,26535,0,25.38559659845868,0.0,0
Hinjewadi,Hadapsar,17,4,2,4495,30005,0,24.03070077864293,0.0,0
Hinjewadi,Hadapsar,19,4,0,3499,25301,0,26.031323235210056,0.0,1
Hinjewadi,Hadapsar,19,4,1,3629,25475,0,25.271424634885648,0.0,0
Hinjewadi,Hadapsar,19,4,2,4296,30620,0,25.65921787709497,0.0,0
Hinjewadi,Hadapsar,21,4,0,3040,25719,0,30.456710526315792,0.0,1
Hinjewadi,Hadapsar,21,4,1,3113,25475,0,29.46032765820752,0.0,0
Hinjewadi,Hadapsar,21,4,2,3877,33874,0,31.45380448800619,0.0,0
Hinjewadi,Hadapsar,23,4,0,2855,25719,0,32.43026269702277,0.0,1
Hinjewadi,Hadapsar,23,4,1,2926,25475,0,31.34313055365687,0.0,0
Hinjewadi,Hadapsar,23,4,2,3643,33874,0,33.47416964040626,0.0,0
Hinjewadi,Hadapsar,7,5,0,3148,25719,0,29.411817026683607,0.0,1
Hinjewadi,Hadapsar,7,5,1,3239,25475,0,28.31429453535042,0.0,0
Hinjewadi,Hadapsar,7,5,2,4087,33874,0,29.83763151455836,0.0,0
Hinjewadi,Hadapsar,9,5,0,3595,25301,0,25.33618915159944,0.0,1
Hinjewadi,Hadapsar,9,5,1,3714,25475,0,24.69305331179321,0.0,0
Hinjewadi,Hadapsar,9,5,2,4294,31257,0,26.2052165812762,0.0,0
Hinjewadi,Hadapsar,11,5,0,3842,26786,0,25.098802706923475,0.0,1
Hinjewadi,Hadapsar,11,5,1,4048,26535,0,23.59832015810277,0.0,0
Hinjewadi,Hadapsar,11,5,2,4576,30945,0,24.344842657342657,0.0,0
Hinjewadi,Hadapsar,13,5,0,3586,26786,0,26.89057445621863,0.0,1
Hinjewadi,Hadapsar,13,5,1,3782,26535,0,25.25806451612904,0.0,0
Hinjewadi,Hadapsar,13,5,2,4376,31229,0,25.69113345521024,0.0,0
Hinjewadi,Hadapsar,15,5,0,3569,26786,0,27.018660689268703,0.0,1
Hinjewadi,Hadapsar,15,5,1,3702,26535,0,25.80388978930308,0.0,0
Hinjewadi,Hadapsar,15,5,2,4563,30289,0,23.89664694280079,0.0,0
Hinjewadi,Hadapsar,17,5,0,4203,25585,0,21.914346895074942,0.0,1
Hinjewadi,Hadapsar,17,5,1,4385,25475,0,20.914481185860893,0.0,0
Hinjewadi,Hadapsar,17,5,2,5031,33272,0,23.808228980322003,0.0,0
Hinjewadi,Hadapsar,19,5,0,4165,25301,0,21.86881152460984,0.0,1
Hinjewadi,Hadapsar,19,5,1,4378,25475,0,20.94792142530836,0.0,0
Hinjewadi,Hadapsar,19,5,2,5026,32830,0,23.51532033426184,0.0,0
Hinjewadi,Hadapsar,21,5,0,3117,26786,0,30.93666987487969,0.0,1
Hinjewadi,Hadapsar,21,5,1,3301,26535,0,28.93850348379279,0.0,0
Hinjewadi,Hadapsar,21,5,2,3876,30151,0,28.00402476780186,0.0,0
Hinjewadi,Hadapsar,23,5,0,2855,25719,0,32.43026269702277,0.0,1
Hinjewadi,Hadapsar,23,5,1,2926,25475,0,31.34313055365687,0.0,0
Hinjewadi,Hadapsar,23,5,2,3643,33874,0,33.47416964040626,0.0,0
Hinjewadi,Hadapsar,7,6,0,3178,25719,0,29.134172435494023,0.0,1
Hinjewadi,Hadapsar,7,6,1,3292,25475,0,27.8584447144593,0.0,0
Hinjewadi,Hadapsar,7,6,2,4138,33874,0,29.46988883518608,0.0,0
Hinjewadi,Hadapsar,9,6,0,3711,25637,0,24.870169765561844,0.0,1
Hinjewadi,Hadapsar,9,6,1,3854,25475,0,23.79605604566684,0.0,0
Hinjewadi,Hadapsar,9,6,2,4476,31257,0,25.139678284182303,0.0,0
Hinjewadi,Hadapsar,11,6,0,3980,25301,0,22.885326633165825,0.0,1
Hinjewadi,Hadapsar,11,6,1,4076,25475,0,22.5,0.0,0
Hinjewadi,Hadapsar,11,6,2,4703,31257,0,23.926259834148414,0.0,0
Hinjewadi,Hadapsar,13,6,0,3707,26786,0,26.01284057189102,0.0,1
Hinjewadi,Hadapsar,13,6,1,3880,26535,0,24.620103092783506,0.0,0
Hinjewadi,Hadapsar,13,6,2,4339,31229,0,25.91020972574326,0.0,0
Hinjewadi,Hadapsar,15,6,0,3607,25585,0,25.535347934571664,0.0,1
Hinjewadi,Hadapsar,15,6,1,3694,25475,0,24.826746074715757,0.0,0
Hinjewadi,Hadapsar,15,6,2,4301,31257,0,26.162566844919787,0.0,0
Hinjewadi,Hadapsar,17,6,0,4338,25301,0,20.996680497925308,0.0,1
Hinjewadi,Hadapsar,17,6,1,4509,25475,0,20.33932135728543,0.0,0
Hinjewadi,Hadapsar,17,6,2,5585,33702,0,21.72376007162041,0.0,0
Hinjewadi,Hadapsar,19,6,0,4320,25301,0,21.084166666666665,0.0,1
Hinjewadi,Hadapsar,19,6,1,4614,28058,0,21.89180754226268,0.0,0
Hinjewadi,Hadapsar,19,6,2,5099,32830,0,23.17866248283977,0.0,0
Hinjewadi,Hadapsar,21,6,0,3133,25719,0,29.552633258857327,0.0,1
Hinjewadi,Hadapsar,21,6,1,3201,25475,0,28.65042174320525,0.0,0
Hinjewadi,Hadapsar,21,6,2,3923,33874,0,31.08498598011726,0.0,0
Hinjewadi,Hadapsar,23,6,0,2855,25719,0,32.43026269702277,0.0,1
Hinjewadi,Hadapsar,23,6,1,2926,25475,0,31.34313055365687,0.0,0
Hinjewadi,Hadapsar,23,6,2,3643,33874,0,33.47416964040626,0.0,0
Hinjewadi,Hadapsar,7,0,0,3172,25719,0,29.18928121059269,0.0,1
Hinjewadi,Hadapsar,7,0,1,3287,25475,0,27.90082141770612,0.0,0
Hinjewadi,Hadapsar,7,0,2,4083,33874,0,29.866862601028654,0.0,0
Hinjewadi,Hadapsar,9,0,0,3675,25301,0,24.78465306122449,0.0,1
Hinjewadi,Hadapsar,9,0,1,3815,25475,0,24.03931847968545,0.0,0
Hinjewadi,Hadapsar,9,0,2,4445,31257,0,25.31500562429696,0.0,0
Hinjewadi,Hadapsar,11,0,0,3911,25301,0,23.289082076195346,0.0,1
Hinjewadi,Hadapsar,11,0,1,4034,25475,0,22.734258800198315,0.0,0
Hinjewadi,Hadapsar,11,0,2,4684,31257,0,24.02331340734415,0.0,0
Hinjewadi,Hadapsar,13,0,0,3722,26786,0,25.90800644814616,0.0,1
Hinjewadi,Hadapsar,13,0,1,3909,26535,0,24.437452033768224,0.0,0
Hinjewadi,Hadapsar,13,0,2,4373,31229,0,25.708758289503773,0.0,0
Hinjewadi,Hadapsar,15,0,0,3639,25585,0,25.31079967023908,0.0,1
Hinjewadi,Hadapsar,15,0,1,3750,25475,0,24.456,0.0,0
Hinjewadi,Hadapsar,15,0,2,4734,33702,0,25.628897338403043,0.0,0
Hinjewadi,Hadapsar,17,0,0,4339,25301,0,20.991841438119383,0.0,1
Hinjewadi,Hadapsar,17,0,1,4611,25475,0,19.889394925178923,0.0,0
Hinjewadi,Hadapsar,17,0,2,5559,33702,0,21.825364274150022,0.0,0
Hinjewadi,Hadapsar,19,0,0,4366,25301,0,20.862024736601008,0.0,1
Hinjewadi,Hadapsar,19,0,1,4650,28058,0,21.72232258064516,0.0,0
Hinjewadi,Hadapsar,19,0,2,5145,32830,0,22.97142857142857,0.0,0
Hinjewadi,Hadapsar,21,0,0,3147,25719,0,29.42116301239276,0.0,1
Hinjewadi,Hadapsar,21,0,1,3213,25475,0,28.54341736694678,0.0,0
Hinjewadi,Hadapsar,21,0,2,3929,33874,0,31.03751590735556,0.0,0
Hinjewadi,Hadapsar,23,0,0,2855,25719,0,32.43026269702277,0.0,1
Hinjewadi,Hadapsar,23,0,1,2926,25475,0,31.34313055365687,0.0,0
Hinjewadi,Hadapsar,23,0,2,3643,33874,0,33.47416964040626,0.0,0
Hinjewadi,Hadapsar,7,1,0,3151,25719,0,29.38381466201206,0.0,1
Hinjewadi,Hadapsar,7,1,1,3215,25475,0,28.52566096423017,0.0,0
Hinjewadi,Hadapsar,7,1,2,4077,33874,0,29.910816777041944,0.0,0
Hinjewadi,Hadapsar,9,1,0,3601,25301,0,25.29397389613996,0.0,1
Hinjewadi,Hadapsar,9,1,1,3723,25475,0,24.633360193392427,0.0,0
Hinjewadi,Hadapsar,9,1,2,4313,31257,0,26.0897750985393,0.0,0
Hinjewadi,Hadapsar,11,1,0,3907,26786,0,24.681238802149988,0.0,1
Hinjewadi,Hadapsar,11,1,1,4123,26535,0,23.169051661411597,0.0,0
Hinjewadi,Hadapsar,11,1,2,4562,30945,0,24.419552827707147,0.0,0
Hinjewadi,Hadapsar,13,1,0,3677,26786,0,26.22507478923035,0.0,1
Hinjewadi,Hadapsar,13,1,1,3867,26535,0,24.702870442203256,0.0,0
Hinjewadi,Hadapsar,13,1,2,4364,31229,0,25.76177818515124,0.0,0
Hinjewadi,Hadapsar,15,1,0,3608,26786,0,26.726607538802664,0.0,1
Hinjewadi,Hadapsar,15,1,1,3731,26535,0,25.60332350576253,0.0,0
Hinjewadi,Hadapsar,15,1,2,4311,31229,0,26.07849686847599,0.0,0
Hinjewadi,Hadapsar,17,1,0,4179,25585,0,22.040201005025125,0.0,1
Hinjewadi,Hadapsar,17,1,1,4348,25475,0,21.09245630174793,0.0,0
Hinjewadi,Hadapsar,17,1,2,5000,33272,0,23.95584,0.0,0
Hinjewadi,Hadapsar,19,1,0,4180,25301,0,21.79033492822966,0.0,1
Hinjewadi,Hadapsar,19,1,1,4556,28058,0,22.170500438981563,0.0,0
Hinjewadi,Hadapsar,19,1,2,4979,31257,0,22.599959831291425,0.0,0
Hinjewadi,Hadapsar,21,1,0,3127,26786,0,30.837735849056607,0.0,1
Hinjewadi,Hadapsar,21,1,1,3299,26535,0,28.956047287056684,0.0,0
Hinjewadi,Hadapsar,21,1,2,3896,30151,0,27.860266940451744,0.0,0
Hinjewadi,Hadapsar,23,1,0,2855,25719,0,32.43026269702277,0.0,1
Hinjewadi,Hadapsar,23,1,1,2926,25475,0,31.34313055365687,0.0,0
Hinjewadi,Hadapsar,23,1,2,3643,33874,0,33.47416964040626,0.0,0
Hinjewadi,Hadapsar,7,2,0,3144,25719,0,29.449236641221376,0.0,1
Hinjewadi,Hadapsar,7,2,1,3198,25475,0,28.677298311444652,0.0,0
Hinjewadi,Hadapsar,7,2,2,4083,33874,0,29.866862601028654,0.0,0
Hinjewadi,Hadapsar,9,2,0,3564,25637,0,25.8959595959596,0.0,1
Hinjewadi,Hadapsar,9,2,1,3666,25475,0,25.01636661211129,0.0,0
Hinjewadi,Hadapsar,9,2,2,4231,31257,0,26.595414795556604,0.0,0
Hinjewadi,Hadapsar,11,2,0,3851,26786,0,25.040145416774862,0.0,1
Hinjewadi,Hadapsar,11,2,1,4026,26535,0,23.727272727272727,0.0,0
Hinjewadi,Hadapsar,11,2,2,4515,31229,0,24.900199335548173,0.0,0
Hinjewadi,Hadapsar,13,2,0,3721,26786,0,25.91496909432949,0.0,1
Hinjewadi,Hadapsar,13,2,1,3878,26535,0,24.632800412583805,0.0,0
Hinjewadi,Hadapsar,13,2,2,4557,33074,0,26.128242264647792,0.0,0
Hinjewadi,Hadapsar,15,2,0,3625,25585,0,25.408551724137933,0.0,1
Hinjewadi,Hadapsar,15,2,1,3704,25475,0,24.7597192224622,0.0,0
Hinjewadi,Hadapsar,15,2,2,4277,31257,0,26.309375730652327,0.0,0
Hinjewadi,Hadapsar,17,2,0,4285,25301,0,21.25638273045508,0.0,1
Hinjewadi,Hadapsar,17,2,1,4444,25475,0,20.63681368136814,0.0,0
Hinjewadi,Hadapsar,17,2,2,5310,32830,0,22.257627118644063,0.0,0
Hinjewadi,Hadapsar,19,2,0,4325,25301,0,21.05979190751445,0.0,1
Hinjewadi,Hadapsar,19,2,1,4589,28058,0,22.011069949880145,0.0,0
Hinjewadi,Hadapsar,19,2,2,5090,32830,0,23.219646365422395,0.0,0
Hinjewadi,Hadapsar,21,2,0,3157,25719,0,29.327969591384228,0.0,1
Hinjewadi,Hadapsar,21,2,1,3221,25475,0,28.47252406085067,0.0,0
Hinjewadi,Hadapsar,21,2,2,3942,33874,0,30.9351598173516,0.0,0
Hinjewadi,Hadapsar,23,2,0,2855,25719,0,32.43026269702277,0.0,1
Hinjewadi,Hadapsar,23,2,1,2926,25475,0,31.34313055365687,0.0,0
Hinjewadi,Hadapsar,23,2,2,3643,33874,0,33.47416964040626,0.0,0
Hinjewadi,Hadapsar,7,3,0,3012,26786,0,32.015139442231074,0.0,1
Hinjewadi,Hadapsar,7,3,1,3176,26535,0,30.077455919395465,0.0,0
Hinjewadi,Hadapsar,7,3,2,3916,30151,0,27.71797752808989,0.0,0
Hinjewadi,Hadapsar,9,3,0,3276,26786,0,29.43516483516484,0.0,1
Hinjewadi,Hadapsar,9,3,1,3439,26535,0,27.777260831637104,0.0,0
Hinjewadi,Hadapsar,9,3,2,4146,32518,0,28.235600578871203,0.0,0
Hinjewadi,Hadapsar,11,3,0,3583,26786,0,26.91308958972928,0.0,1
Hinjewadi,Hadapsar,11,3,1,3696,26535,0,25.84577922077922,0.0,0
Hinjewadi,Hadapsar,11,3,2,4538,32790,0,26.0123402379903,0.0,0
Hinjewadi,Hadapsar,13,3,0,3700,25475,0,24.78648648648649,0.0,1
Hinjewadi,Hadapsar,13,3,1,3761,25585,0,24.489763360808293,0.0,0
Hinjewadi,Hadapsar,13,3,2,4179,30911,0,26.62828427853553,0.0,0
Hinjewadi,Hadapsar,15,3,0,3747,25475,0,24.4755804643715,0.0,1
Hinjewadi,Hadapsar,15,3,1,3885,25585,0,23.70810810810811,0.0,0
Hinjewadi,Hadapsar,15,3,2,4349,31257,0,25.873810071280754,0.0,0
Hinjewadi,Hadapsar,17,3,0,4030,25475,0,22.75682382133995,0.0,1
Hinjewadi,Hadapsar,17,3,1,4166,25301,0,21.86356216994719,0.0,0
Hinjewadi,Hadapsar,17,3,2,4717,29279,0,22.345643417426327,0.0,0
Hinjewadi,Hadapsar,19,3,0,3900,26786,0,24.725538461538463,0.0,1
Hinjewadi,Hadapsar,19,3,1,4054,26535,0,23.56339417858905,0.0,0
Hinjewadi,Hadapsar,19,3,2,4789,33074,0,24.862476508665694,0.0,0
Hinjewadi,Hadapsar,21,3,0,3124,26786,0,30.867349551856595,0.0,1
Hinjewadi,Hadapsar,21,3,1,3295,26535,0,28.99119878603945,0.0,0
Hinjewadi,Hadapsar,21,3,2,3860,32936,0,30.71751295336788,0.0,0
Hinjewadi,Hadapsar,23,3,0,2855,25719,0,32.43026269702277,0.0,1
Hinjewadi,Hadapsar,23,3,1,2926,25475,0,31.34313055365687,0.0,0
Hinjewadi,Hadapsar,23,3,2,3643,33874,0,33.47416964040626,0.0,0
Hinjewadi,Hadapsar,7,4,0,2957,26786,0,32.61061887047684,0.0,1
Hinjewadi,Hadapsar,7,4,1,3126,26535,0,30.558541266794627,0.0,0
Hinjewadi,Hadapsar,7,4,2,3778,30151,0,28.73043938591848,0.0,0
Hinjewadi,Hadapsar,9,4,0,3091,26786,0,31.196894208993854,0.0,1
Hinjewadi,Hadapsar,9,4,1,3279,26535,0,29.13266239707228,0.0,0
Hinjewadi,Hadapsar,9,4,2,3970,30151,0,27.340957178841307,0.0,0
Hinjewadi,Hadapsar,11,4,0,3271,26786,0,29.480158972791195,0.0,1
Hinjewadi,Hadapsar,11,4,1,3461,26535,0,27.600693441201965,0.0,0
Hinjewadi,Hadapsar,11,4,2,4189,30151,0,25.91157794222965,0.0,0
Hinjewadi,Hadapsar,13,4,0,3332,26786,0,28.94045618247299,0.0,1
Hinjewadi,Hadapsar,13,4,1,3515,26535,0,27.17667140825036,0.0,0
Hinjewadi,Hadapsar,13,4,2,4201,30005,0,25.712449416805523,0.0,0
Hinjewadi,Hadapsar,15,4,0,3414,26786,0,28.24534270650264,0.0,1
Hinjewadi,Hadapsar,15,4,1,3566,26535,0,26.787997756590016,0.0,0
Hinjewadi,Hadapsar,15,4,2,4304,30005,0,25.097118959107807,0.0,0
Hinjewadi,Hadapsar,17,4,0,3615,26786,0,26.674854771784236,0.0,1
Hinjewadi,Hadapsar,17,4,1,3763,26535,0,25.38559659845868,0.0,0
Hinjewadi,Hadapsar,17,4,2,4495,30005,0,24.03070077864293,0.0,0
Hinjewadi,Hadapsar,19,4,0,3499,25301,0,26.031323235210056,0.0,1
Hinjewadi,Hadapsar,19,4,1,3629,25475,0,25.271424634885648,0.0,0
Hinjewadi,Hadapsar,19,4,2,4296,30620,0,25.65921787709497,0.0,0
Hinjewadi,Hadapsar,21,4,0,3040,25719,0,30.456710526315792,0.0,1
Hinjewadi,Hadapsar,21,4,1,3113,25475,0,29.46032765820752,0.0,0
Hinjewadi,Hadapsar,21,4,2,3877,33874,0,31.45380448800619,0.0,0
Hinjewadi,Hadapsar,23,4,0,2855,25719,0,32.43026269702277,0.0,1
Hinjewadi,Hadapsar,23,4,1,2926,25475,0,31.34313055365687,0.0,0
Hinjewadi,Hadapsar,23,4,2,3643,33874,0,33.47416964040626,0.0,0
Hinjewadi,Hadapsar,7,5,0,3148,25719,0,29.411817026683607,0.0,1
Hinjewadi,Hadapsar,7,5,1,3239,25475,0,28.31429453535042,0.0,0
Hinjewadi,Hadapsar,7,5,2,4087,33874,0,29.83763151455836,0.0,0
Hinjewadi,Hadapsar,9,5,0,3595,25301,0,25.33618915159944,0.0,1
Hinjewadi,Hadapsar,9,5,1,3714,25475,0,24.69305331179321,0.0,0
Hinjewadi,Hadapsar,9,5,2,4294,31257,0,26.2052165812762,0.0,0
Hinjewadi,Hadapsar,11,5,0,3842,26786,0,25.098802706923475,0.0,1
Hinjewadi,Hadapsar,11,5,1,4048,26535,0,23.59832015810277,0.0,0
Hinjewadi,Hadapsar,11,5,2,4576,30945,0,24.344842657342657,0.0,0
Hinjewadi,Hadapsar,13,5,0,3586,26786,0,26.89057445621863,0.0,1
Hinjewadi,Hadapsar,13,5,1,3782,26535,0,25.25806451612904,0.0,0
Hinjewadi,Hadapsar,13,5,2,4376,31229,0,25.69113345521024,0.0,0
Hinjewadi,Hadapsar,15,5,0,3569,26786,0,27.018660689268703,0.0,1
Hinjewadi,Hadapsar,15,5,1,3702,26535,0,25.80388978930308,0.0,0
Hinjewadi,Hadapsar,15,5,2,4563,30289,0,23.89664694280079,0.0,0
Hinjewadi,Hadapsar,17,5,0,4203,25585,0,21.914346895074942,0.0,1
Hinjewadi,Hadapsar,17,5,1,4385,25475,0,20.914481185860893,0.0,0
Hinjewadi,Hadapsar,17,5,2,5031,33272,0,23.808228980322003,0.0,0
Hinjewadi,Hadapsar,19,5,0,4165,25301,0,21.86881152460984,0.0,1
Hinjewadi,Hadapsar,19,5,1,4378,25475,0,20.94792142530836,0.0,0
Hinjewadi,Hadapsar,19,5,2,5026,32830,0,23.51532033426184,0.0,0
Hinjewadi,Hadapsar,21,5,0,3117,26786,0,30.93666987487969,0.0,1
Hinjewadi,Hadapsar,21,5,1,3301,26535,0,28.93850348379279,0.0,0
Hinjewadi,Hadapsar,21,5,2,3876,30151,0,28.00402476780186,0.0,0
Hinjewadi,Hadapsar,23,5,0,2855,25719,0,32.43026269702277,0.0,1
Hinjewadi,Hadapsar,23,5,1,2926,25475,0,31.34313055365687,0.0,0
Hinjewadi,Hadapsar,23,5,2,3643,33874,0,33.47416964040626,0.0,0
Hinjewadi,Hadapsar,7,6,0,3178,25719,0,29.134172435494023,0.0,1
Hinjewadi,Hadapsar,7,6,1,3292,25475,0,27.8584447144593,0.0,0
Hinjewadi,Hadapsar,7,6,2,4138,33874,0,29.46988883518608,0.0,0
Hinjewadi,Hadapsar,9,6,0,3711,25637,0,24.870169765561844,0.0,1
Hinjewadi,Hadapsar,9,6,1,3854,25475,0,23.79605604566684,0.0,0
Hinjewadi,Hadapsar,9,6,2,4476,31257,0,25.139678284182303,0.0,0
Hinjewadi,Hadapsar,11,6,0,3980,25301,0,22.885326633165825,0.0,1
Hinjewadi,Hadapsar,11,6,1,4076,25475,0,22.5,0.0,0
Hinjewadi,Hadapsar,11,6,2,4703,31257,0,23.926259834148414,0.0,0
Hinjewadi,Hadapsar,13,6,0,3707,26786,0,26.01284057189102,0.0,1
Hinjewadi,Hadapsar,13,6,1,3880,26535,0,24.620103092783506,0.0,0
Hinjewadi,Hadapsar,13,6,2,4339,31229,0,25.91020972574326,0.0,0
Hinjewadi,Hadapsar,15,6,0,3607,25585,0,25.535347934571664,0.0,1
Hinjewadi,Hadapsar,15,6,1,3694,25475,0,24.826746074715757,0.0,0
Hinjewadi,Hadapsar,15,6,2,4301,31257,0,26.162566844919787,0.0,0
Hinjewadi,Hadapsar,17,6,0,4338,25301,0,20.996680497925308,0.0,1
Hinjewadi,Hadapsar,17,6,1,4509,25475,0,20.33932135728543,0.0,0
Hinjewadi,Hadapsar,17,6,2,5585,33702,0,21.72376007162041,0.0,0
Hinjewadi,Hadapsar,19,6,0,4320,25301,0,21.084166666666665,0.0,1
Hinjewadi,Hadapsar,19,6,1,4614,28058,0,21.89180754226268,0.0,0
Hinjewadi,Hadapsar,19,6,2,5099,32830,0,23.17866248283977,0.0,0
Hinjewadi,Hadapsar,21,6,0,3133,25719,0,29.552633258857327,0.0,1
Hinjewadi,Hadapsar,21,6,1,3201,25475,0,28.65042174320525,0.0,0
Hinjewadi,Hadapsar,21,6,2,3923,33874,0,31.08498598011726,0.0,0
Hinjewadi,Hadapsar,23,6,0,2855,25719,0,32.43026269702277,0.0,1
Hinjewadi,Hadapsar,23,6,1,2926,25475,0,31.34313055365687,0.0,0
Hinjewadi,Hadapsar,23,6,2,3643,33874,0,33.47416964040626,0.0,0
Hinjewadi,University,7,0,0,1458,12455,0,30.753086419753085,0.0,1
Hinjewadi,University,7,0,1,2093,15662,0,26.93893932154802,0.0,0
Hinjewadi,University,7,0,2,1708,14073,0,29.662060889929744,0.0,0
Hinjewadi,University,9,0,0,1704,12455,0,26.31338028169014,0.0,1
Hinjewadi,University,9,0,1,1955,13735,0,25.2920716112532,0.0,0
Hinjewadi,University,9,0,2,2423,18074,0,26.85365249690467,0.0,0
Hinjewadi,University,11,0,0,1760,12455,0,25.476136363636364,0.0,1
Hinjewadi,University,11,0,1,1990,13735,0,24.84723618090452,0.0,0
Hinjewadi,University,11,0,2,2521,18347,0,26.199603332011108,0.0,0
Hinjewadi,University,13,0,0,1688,12455,0,26.56279620853081,0.0,1
Hinjewadi,University,13,0,1,1961,13729,0,25.203671596124423,0.0,0
Hinjewadi,University,13,0,2,2435,18368,0,27.15597535934291,0.0,0
Hinjewadi,University,15,0,0,1635,12455,0,27.42385321100917,0.0,1
Hinjewadi,University,15,0,1,2347,15662,0,24.02351938645079,0.0,0
Hinjewadi,University,15,0,2,1928,13729,0,25.6350622406639,0.0,0
Hinjewadi,University,17,0,0,1913,12455,0,23.4385781495034,0.0,1
Hinjewadi,University,17,0,1,2196,14694,0,24.08852459016393,0.0,0
Hinjewadi,University,17,0,2,2587,18074,0,25.15129493621956,0.0,0
Hinjewadi,University,19,0,0,2159,12455,0,20.76794812413154,0.0,1
Hinjewadi,University,19,0,1,2333,14694,0,22.673981997428204,0.0,0
Hinjewadi,University,19,0,2,2752,18074,0,23.643313953488374,0.0,0
Hinjewadi,University,21,0,0,1542,12455,0,29.07782101167315,0.0,1
Hinjewadi,University,21,0,1,2176,15662,0,25.91139705882353,0.0,0
Hinjewadi,University,21,0,2,1764,14073,0,28.720408163265308,0.0,0
Hinjewadi,University,23,0,0,1356,12455,0,33.06637168141593,0.0,1
Hinjewadi,University,23,0,1,1945,15662,0,28.988791773778924,0.0,0
Hinjewadi,University,23,0,2,1590,14073,0,31.863396226415095,0.0,0
Hinjewadi,University,7,1,0,1440,12455,0,31.1375,0.0,1
Hinjewadi,University,7,1,1,2071,15662,0,27.22510864316755,0.0,0
Hinjewadi,University,7,1,2,1681,14073,0,30.13848899464605,0.0,0
Hinjewadi,University,9,1,0,1682,12455,0,26.65755053507729,0.0,1
Hinjewadi,University,9,1,1,1918,13735,0,25.779979144942647,0.0,0
Hinjewadi,University,9,1,2,2390,18074,0,27.22443514644352,0.0,0
Hinjewadi,University,11,1,0,1758,12455,0,25.50511945392492,0.0,1
Hinjewadi,University,11,1,1,1963,13735,0,25.188996434029548,0.0,0
Hinjewadi,University,11,1,2,2481,18347,0,26.622007255139057,0.0,0
Hinjewadi,University,13,1,0,1679,12455,0,26.705181655747467,0.0,1
Hinjewadi,University,13,1,1,1939,13729,0,25.48963383187209,0.0,0
Hinjewadi,University,13,1,2,2414,18368,0,27.392212096106046,0.0,0
Hinjewadi,University,15,1,0,1615,12455,0,27.763467492260062,0.0,1
Hinjewadi,University,15,1,1,2319,15662,0,24.313583441138423,0.0,0
Hinjewadi,University,15,1,2,1917,13729,0,25.782159624413147,0.0,0
Hinjewadi,University,17,1,0,1880,12455,0,23.85,0.0,1
Hinjewadi,University,17,1,1,2159,14694,0,24.501343214451133,0.0,0
Hinjewadi,University,17,1,2,2584,18074,0,25.18049535603716,0.0,0
Hinjewadi,University,19,1,0,2063,12455,0,21.734367426078528,0.0,1
Hinjewadi,University,19,1,1,2315,14694,0,22.8502807775378,0.0,0
Hinjewadi,University,19,1,2,2740,18074,0,23.746861313868617,0.0,0
Hinjewadi,University,21,1,0,1526,12455,0,29.382699868938403,0.0,1
Hinjewadi,University,21,1,1,2173,15662,0,25.947169811320755,0.0,0
Hinjewadi,University,21,1,2,1754,14073,0,28.88415051311289,0.0,0
Hinjewadi,University,23,1,0,1356,12455,0,33.06637168141593,0.0,1
Hinjewadi,University,23,1,1,1945,15662,0,28.988791773778924,0.0,0
Hinjewadi,University,23,1,2,1590,14073,0,31.863396226415095,0.0,0
Hinjewadi,University,7,2,0,1428,12455,0,31.399159663865547,0.0,1
Hinjewadi,University,7,2,1,2069,15662,0,27.25142580956984,0.0,0
Hinjewadi,University,7,2,2,1677,14073,0,30.21037567084079,0.0,0
Hinjewadi,University,9,2,0,1664,12455,0,26.945913461538463,0.0,1
Hinjewadi,University,9,2,1,1921,13735,0,25.73971889640812,0.0,0
Hinjewadi,University,9,2,2,2399,15641,0,23.471279699874948,0.0,0
Hinjewadi,University,11,2,0,1748,12455,0,25.65102974828375,0.0,1
Hinjewadi,University,11,2,1,1968,13735,0,25.125,0.0,0
Hinjewadi,University,11,2,2,2478,18347,0,26.654237288135597,0.0,0
Hinjewadi,University,13,2,0,1706,12455,0,26.28253223915592,0.0,1
Hinjewadi,University,13,2,1,1954,13735,0,25.3050153531218,0.0,0
Hinjewadi,University,13,2,2,2434,18347,0,27.136072308956454,0.0,0
Hinjewadi,University,15,2,0,1612,12455,0,27.8151364764268,0.0,1
Hinjewadi,University,15,2,1,1840,14073,0,27.53413043478261,0.0,0
Hinjewadi,University,15,2,2,2346,15913,0,24.41892583120205,0.0,0
Hinjewadi,University,17,2,0,1903,12455,0,23.561744613767733,0.0,1
Hinjewadi,University,17,2,1,2192,14694,0,24.132481751824816,0.0,0
Hinjewadi,University,17,2,2,2666,18074,0,24.406001500375098,0.0,0
Hinjewadi,University,19,2,0,2156,12455,0,20.796846011131723,0.0,1
Hinjewadi,University,19,2,1,2294,14699,0,23.067306015693116,0.0,0
Hinjewadi,University,19,2,2,2814,18074,0,23.122388059701496,0.0,0
Hinjewadi,University,21,2,0,1553,12455,0,28.871860914359303,0.0,1
Hinjewadi,University,21,2,1,2185,15662,0,25.804668192219683,0.0,0
Hinjewadi,University,21,2,2,1776,14073,0,28.52635135135135,0.0,0
Hinjewadi,University,23,2,0,1356,12455,0,33.06637168141593,0.0,1
Hinjewadi,University,23,2,1,1945,15662,0,28.988791773778924,0.0,0
Hinjewadi,University,23,2,2,1590,14073,0,31.863396226415095,0.0,0
Hinjewadi,University,7,3,0,1417,12455,0,31.64290755116443,0.0,1
Hinjewadi,University,7,3,1,2022,15662,0,27.88486646884273,0.0,0
Hinjewadi,University,7,3,2,1662,14073,0,30.48303249097473,0.0,0
Hinjewadi,University,9,3,0,1577,12455,0,28.43246670894103,0.0,1
Hinjewadi,University,9,3,1,2236,15662,0,25.21610017889088,0.0,0
Hinjewadi,University,9,3,2,1882,13735,0,26.273113708820404,0.0,0
Hinjewadi,University,11,3,0,1702,12455,0,26.34430082256169,0.0,1
Hinjewadi,University,11,3,1,1960,13735,0,25.227551020408164,0.0,0
Hinjewadi,University,11,3,2,2424,18347,0,27.2480198019802,0.0,0
Hinjewadi,University,13,3,0,1745,12455,0,25.69512893982808,0.0,1
Hinjewadi,University,13,3,1,1997,13735,0,24.760140210315477,0.0,0
Hinjewadi,University,13,3,2,2500,18347,0,26.419680000000003,0.0,0
Hinjewadi,University,15,3,0,1750,12455,0,25.621714285714287,0.0,1
Hinjewadi,University,15,3,1,1965,13735,0,25.163358778625955,0.0,0
Hinjewadi,University,15,3,2,2551,18347,0,25.89149353194826,0.0,0
Hinjewadi,University,17,3,0,1861,12455,0,24.093498119290704,0.0,1
Hinjewadi,University,17,3,1,2090,13735,0,23.658373205741626,0.0,0
Hinjewadi,University,17,3,2,2733,18347,0,24.167288693743146,0.0,0
Hinjewadi,University,19,3,0,1884,12455,0,23.799363057324843,0.0,1
Hinjewadi,University,19,3,1,2310,14972,0,23.33298701298701,0.0,0
Hinjewadi,University,19,3,2,2529,14411,0,20.51387900355872,0.0,0
Hinjewadi,University,21,3,0,1534,12455,0,29.229465449804437,0.0,1
Hinjewadi,University,21,3,1,2205,15662,0,25.57061224489796,0.0,0
Hinjewadi,University,21,3,2,1777,14073,0,28.510298255486777,0.0,0
Hinjewadi,University,23,3,0,1356,12455,0,33.06637168141593,0.0,1
Hinjewadi,University,23,3,1,1944,15662,0,29.003703703703703,0.0,0
Hinjewadi,University,23,3,2,1590,14073,0,31.863396226415095,0.0,0
Hinjewadi,University,7,4,0,1397,12455,0,32.09591982820329,0.0,1
Hinjewadi,University,7,4,1,2001,15662,0,28.17751124437781,0.0,0
Hinjewadi,University,7,4,2,1640,14073,0,30.8919512195122,0.0,0
Hinjewadi,University,9,4,0,1482,12455,0,30.255060728744937,0.0,1
Hinjewadi,University,9,4,1,2100,15662,0,26.84914285714286,0.0,0
Hinjewadi,University,9,4,2,1725,14073,0,29.369739130434784,0.0,0
Hinjewadi,University,11,4,0,1564,12455,0,28.668797953964194,0.0,1
Hinjewadi,University,11,4,1,2193,15662,0,25.71053351573188,0.0,0
Hinjewadi,University,11,4,2,1854,13735,0,26.66990291262136,0.0,0
Hinjewadi,University,13,4,0,1588,12455,0,28.23551637279597,0.0,1
Hinjewadi,University,13,4,1,2220,15934,0,25.83891891891892,0.0,0
Hinjewadi,University,13,4,2,1872,13735,0,26.413461538461537,0.0,0
Hinjewadi,University,15,4,0,1582,12455,0,28.34260429835651,0.0,1
Hinjewadi,University,15,4,1,2241,15934,0,25.596787148594373,0.0,0
Hinjewadi,University,15,4,2,1860,13735,0,26.58387096774193,0.0,0
Hinjewadi,University,17,4,0,1680,12455,0,26.689285714285717,0.0,1
Hinjewadi,University,17,4,1,1941,13729,0,25.463369397217928,0.0,0
Hinjewadi,University,17,4,2,2377,15934,0,24.1322675641565,0.0,0
Hinjewadi,University,19,4,0,1719,12455,0,26.083769633507856,0.0,1
Hinjewadi,University,19,4,1,1992,13735,0,24.822289156626503,0.0,0
Hinjewadi,University,19,4,2,2437,15934,0,23.538120640131307,0.0,0
Hinjewadi,University,21,4,0,1480,12455,0,30.29594594594595,0.0,1
Hinjewadi,University,21,4,1,2108,15662,0,26.74724857685009,0.0,0
Hinjewadi,University,21,4,2,1722,14073,0,29.42090592334495,0.0,0
Hinjewadi,University,23,4,0,1356,12455,0,33.06637168141593,0.0,1
Hinjewadi,University,23,4,1,1944,15662,0,29.003703703703703,0.0,0
Hinjewadi,University,23,4,2,1590,14073,0,31.863396226415095,0.0,0
Hinjewadi,University,7,5,0,1450,12455,0,30.922758620689656,0.0,1
Hinjewadi,University,7,5,1,2084,15662,0,27.0552783109405,0.0,0
Hinjewadi,University,7,5,2,1690,14073,0,29.977988165680475,0.0,0
Hinjewadi,University,9,5,0,1673,12455,0,26.800956365809924,0.0,1
Hinjewadi,University,9,5,1,1909,13735,0,25.901519119958092,0.0,0
Hinjewadi,University,9,5,2,2388,18074,0,27.24723618090453,0.0,0
Hinjewadi,University,11,5,0,1727,12455,0,25.96294151708165,0.0,1
Hinjewadi,University,11,5,1,1945,13735,0,25.42210796915167,0.0,0
Hinjewadi,University,11,5,2,2455,18347,0,26.903951120162933,0.0,0
Hinjewadi,University,13,5,0,1661,12455,0,26.994581577363032,0.0,1
Hinjewadi,University,13,5,1,1860,14073,0,27.23806451612903,0.0,0
Hinjewadi,University,13,5,2,2408,15913,0,23.790199335548174,0.0,0
Hinjewadi,University,15,5,0,1606,12455,0,27.919053549190537,0.0,1
Hinjewadi,University,15,5,1,2302,15934,0,24.918505647263245,0.0,0
Hinjewadi,University,15,5,2,1826,14073,0,27.74523548740416,0.0,0
Hinjewadi,University,17,5,0,1838,12455,0,24.39499455930359,0.0,1
Hinjewadi,University,17,5,1,2180,14701,0,24.27688073394496,0.0,0
Hinjewadi,University,17,5,2,2549,18074,0,25.526245586504515,0.0,0
Hinjewadi,University,19,5,0,2000,12455,0,22.419,0.0,1
Hinjewadi,University,19,5,1,2290,14699,0,23.10759825327511,0.0,0
Hinjewadi,University,19,5,2,2663,18074,0,24.43349605707849,0.0,0
Hinjewadi,University,21,5,0,1519,12455,0,29.518104015799867,0.0,1
Hinjewadi,University,21,5,1,2148,15662,0,26.249162011173187,0.0,0
Hinjewadi,University,21,5,2,1750,14073,0,28.95017142857143,0.0,0
Hinjewadi,University,23,5,0,1356,12455,0,33.06637168141593,0.0,1
Hinjewadi,University,23,5,1,1945,15662,0,28.988791773778924,0.0,0
Hinjewadi,University,23,5,2,1590,14073,0,31.863396226415095,0.0,0
Hinjewadi,University,7,6,0,1453,12455,0,30.8589125946318,0.0,1
Hinjewadi,University,7,6,1,2091,15662,0,26.964705882352945,0.0,0
Hinjewadi,University,7,6,2,1700,14073,0,29.80164705882353,0.0,0
Hinjewadi,University,9,6,0,1723,12455,0,26.023215322112595,0.0,1
Hinjewadi,University,9,6,1,2444,18074,0,26.62291325695581,0.0,0
Hinjewadi,University,9,6,2,1969,13735,0,25.11223971559167,0.0,0
Hinjewadi,University,11,6,0,1788,12455,0,25.07718120805369,0.0,1
Hinjewadi,University,11,6,1,2161,14331,0,23.87394724664507,0.0,0
Hinjewadi,University,11,6,2,2542,18347,0,25.983162863886704,0.0,0
Hinjewadi,University,13,6,0,1687,12455,0,26.57854179016005,0.0,1
Hinjewadi,University,13,6,1,1970,13735,0,25.0994923857868,0.0,0
Hinjewadi,University,13,6,2,2427,18347,0,27.214338689740423,0.0,0
Hinjewadi,University,15,6,0,1637,12455,0,27.39034819792303,0.0,1
Hinjewadi,University,15,6,1,2340,15662,0,24.095384615384617,0.0,0
Hinjewadi,University,15,6,2,1929,13729,0,25.62177293934681,0.0,0
Hinjewadi,University,17,6,0,1946,12455,0,23.04110996916752,0.0,1
Hinjewadi,University,17,6,1,2202,14694,0,24.022888283378748,0.0,0
Hinjewadi,University,17,6,2,2622,18074,0,24.815560640732265,0.0,0
Hinjewadi,University,19,6,0,2139,12455,0,20.962131837307155,0.0,1
Hinjewadi,University,19,6,1,2313,14699,0,22.877821011673152,0.0,0
Hinjewadi,University,19,6,2,2765,18074,0,23.532151898734178,0.0,0
Hinjewadi,University,21,6,0,1531,12455,0,29.286740692357935,0.0,1
Hinjewadi,University,21,6,1,2166,15662,0,26.03102493074792,0.0,0
Hinjewadi,University,21,6,2,1767,14073,0,28.671646859083197,0.0,0
Hinjewadi,University,23,6,0,1356,12455,0,33.06637168141593,0.0,1
Hinjewadi,University,23,6,1,1945,15662,0,28.988791773778924,0.0,0
Hinjewadi,University,23,6,2,1590,14073,0,31.863396226415095,0.0,0
Hinjewadi,University,7,0,0,1458,12455,0,30.753086419753085,0.0,1
Hinjewadi,University,7,0,1,2093,15662,0,26.93893932154802,0.0,0
Hinjewadi,University,7,0,2,1708,14073,0,29.662060889929744,0.0,0
Hinjewadi,University,9,0,0,1704,12455,0,26.31338028169014,0.0,1
Hinjewadi,University,9,0,1,1955,13735,0,25.2920716112532,0.0,0
Hinjewadi,University,9,0,2,2423,18074,0,26.85365249690467,0.0,0
Hinjewadi,University,11,0,0,1760,12455,0,25.476136363636364,0.0,1
Hinjewadi,University,11,0,1,1990,13735,0,24.84723618090452,0.0,0
Hinjewadi,University,11,0,2,2521,18347,0,26.199603332011108,0.0,0
Hinjewadi,University,13,0,0,1688,12455,0,26.56279620853081,0.0,1
Hinjewadi,University,13,0,1,1961,13729,0,25.203671596124423,0.0,0
Hinjewadi,University,13,0,2,2435,18368,0,27.15597535934291,0.0,0
Hinjewadi,University,15,0,0,1635,12455,0,27.42385321100917,0.0,1
Hinjewadi,University,15,0,1,2347,15662,0,24.02351938645079,0.0,0
Hinjewadi,University,15,0,2,1928,13729,0,25.6350622406639,0.0,0
Hinjewadi,University,17,0,0,1913,12455,0,23.4385781495034,0.0,1
Hinjewadi,University,17,0,1,2196,14694,0,24.08852459016393,0.0,0
Hinjewadi,University,17,0,2,2587,18074,0,25.15129493621956,0.0,0
Hinjewadi,University,19,0,0,2159,12455,0,20.76794812413154,0.0,1
Hinjewadi,University,19,0,1,2333,14694,0,22.673981997428204,0.0,0
Hinjewadi,University,19,0,2,2752,18074,0,23.643313953488374,0.0,0
Hinjewadi,University,21,0,0,1542,12455,0,29.07782101167315,0.0,1
Hinjewadi,University,21,0,1,2176,15662,0,25.91139705882353,0.0,0
Hinjewadi,University,21,0,2,1764,14073,0,28.720408163265308,0.0,0
Hinjewadi,University,23,0,0,1356,12455,0,33.06637168141593,0.0,1
Hinjewadi,University,23,0,1,1945,15662,0,28.988791773778924,0.0,0
Hinjewadi,University,23,0,2,1590,14073,0,31.863396226415095,0.0,0
Hinjewadi,University,7,1,0,1440,12455,0,31.1375,0.0,1
Hinjewadi,University,7,1,1,2071,15662,0,27.22510864316755,0.0,0
Hinjewadi,University,7,1,2,1681,14073,0,30.13848899464605,0.0,0
Hinjewadi,University,9,1,0,1682,12455,0,26.65755053507729,0.0,1
Hinjewadi,University,9,1,1,1918,13735,0,25.779979144942647,0.0,0
Hinjewadi,University,9,1,2,2390,18074,0,27.22443514644352,0.0,0
Hinjewadi,University,11,1,0,1758,12455,0,25.50511945392492,0.0,1
Hinjewadi,University,11,1,1,1963,13735,0,25.188996434029548,0.0,0
Hinjewadi,University,11,1,2,2481,18347,0,26.622007255139057,0.0,0
Hinjewadi,University,13,1,0,1679,12455,0,26.705181655747467,0.0,1
Hinjewadi,University,13,1,1,1939,13729,0,25.48963383187209,0.0,0
Hinjewadi,University,13,1,2,2414,18368,0,27.392212096106046,0.0,0
Hinjewadi,University,15,1,0,1615,12455,0,27.763467492260062,0.0,1
Hinjewadi,University,15,1,1,2319,15662,0,24.313583441138423,0.0,0
Hinjewadi,University,15,1,2,1917,13729,0,25.782159624413147,0.0,0
Hinjewadi,University,17,1,0,1880,12455,0,23.85,0.0,1
Hinjewadi,University,17,1,1,2159,14694,0,24.501343214451133,0.0,0
Hinjewadi,University,17,1,2,2584,18074,0,25.18049535603716,0.0,0
Hinjewadi,University,19,1,0,2063,12455,0,21.734367426078528,0.0,1
Hinjewadi,University,19,1,1,2315,14694,0,22.8502807775378,0.0,0
Hinjewadi,University,19,1,2,2740,18074,0,23.746861313868617,0.0,0
Hinjewadi,University,21,1,0,1526,12455,0,29.382699868938403,0.0,1
Hinjewadi,University,21,1,1,2173,15662,0,25.947169811320755,0.0,0
Hinjewadi,University,21,1,2,1754,14073,0,28.88415051311289,0.0,0
Hinjewadi,University,23,1,0,1356,12455,0,33.06637168141593,0.0,1
Hinjewadi,University,23,1,1,1945,15662,0,28.988791773778924,0.0,0
Hinjewadi,University,23,1,2,1590,14073,0,31.863396226415095,0.0,0
Hinjewadi,University,7,2,0,1428,12455,0,31.399159663865547,0.0,1
Hinjewadi,University,7,2,1,2069,15662,0,27.25142580956984,0.0,0
Hinjewadi,University,7,2,2,1677,14073,0,30.21037567084079,0.0,0
Hinjewadi,University,9,2,0,1664,12455,0,26.945913461538463,0.0,1
Hinjewadi,University,9,2,1,1921,13735,0,25.73971889640812,0.0,0
Hinjewadi,University,9,2,2,2399,15641,0,23.471279699874948,0.0,0
Hinjewadi,University,11,2,0,1748,12455,0,25.65102974828375,0.0,1
Hinjewadi,University,11,2,1,1968,13735,0,25.125,0.0,0
Hinjewadi,University,11,2,2,2478,18347,0,26.654237288135597,0.0,0
Hinjewadi,University,13,2,0,1706,12455,0,26.28253223915592,0.0,1
Hinjewadi,University,13,2,1,1954,13735,0,25.3050153531218,0.0,0
Hinjewadi,University,13,2,2,2434,18347,0,27.136072308956454,0.0,0
Hinjewadi,University,15,2,0,1612,12455,0,27.8151364764268,0.0,1
Hinjewadi,University,15,2,1,1840,14073,0,27.53413043478261,0.0,0
Hinjewadi,University,15,2,2,2346,15913,0,24.41892583120205,0.0,0
Hinjewadi,University,17,2,0,1903,12455,0,23.561744613767733,0.0,1
Hinjewadi,University,17,2,1,2192,14694,0,24.132481751824816,0.0,0
Hinjewadi,University,17,2,2,2666,18074,0,24.406001500375098,0.0,0
Hinjewadi,University,19,2,0,2156,12455,0,20.796846011131723,0.0,1
Hinjewadi,University,19,2,1,2294,14699,0,23.067306015693116,0.0,0
Hinjewadi,University,19,2,2,2814,18074,0,23.122388059701496,0.0,0
Hinjewadi,University,21,2,0,1553,12455,0,28.871860914359303,0.0,1
Hinjewadi,University,21,2,1,2185,15662,0,25.804668192219683,0.0,0
Hinjewadi,University,21,2,2,1776,14073,0,28.52635135135135,0.0,0
Hinjewadi,University,23,2,0,1356,12455,0,33.06637168141593,0.0,1
Hinjewadi,University,23,2,1,1945,15662,0,28.988791773778924,0.0,0
Hinjewadi,University,23,2,2,1590,14073,0,31.863396226415095,0.0,0
Hinjewadi,University,7,3,0,1417,12455,0,31.64290755116443,0.0,1
Hinjewadi,University,7,3,1,2022,15662,0,27.88486646884273,0.0,0
Hinjewadi,University,7,3,2,1662,14073,0,30.48303249097473,0.0,0
Hinjewadi,University,9,3,0,1577,12455,0,28.43246670894103,0.0,1
Hinjewadi,University,9,3,1,2236,15662,0,25.21610017889088,0.0,0
Hinjewadi,University,9,3,2,1882,13735,0,26.273113708820404,0.0,0
Hinjewadi,University,11,3,0,1702,12455,0,26.34430082256169,0.0,1
Hinjewadi,University,11,3,1,1960,13735,0,25.227551020408164,0.0,0
Hinjewadi,University,11,3,2,2424,18347,0,27.2480198019802,0.0,0
Hinjewadi,University,13,3,0,1745,12455,0,25.69512893982808,0.0,1
Hinjewadi,University,13,3,1,1997,13735,0,24.760140210315477,0.0,0
Hinjewadi,University,13,3,2,2500,18347,0,26.419680000000003,0.0,0
Hinjewadi,University,15,3,0,1750,12455,0,25.621714285714287,0.0,1
Hinjewadi,University,15,3,1,1965,13735,0,25.163358778625955,0.0,0
Hinjewadi,University,15,3,2,2551,18347,0,25.89149353194826,0.0,0
Hinjewadi,University,17,3,0,1861,12455,0,24.093498119290704,0.0,1
Hinjewadi,University,17,3,1,2090,13735,0,23.658373205741626,0.0,0
Hinjewadi,University,17,3,2,2733,18347,0,24.167288693743146,0.0,0
Hinjewadi,University,19,3,0,1884,12455,0,23.799363057324843,0.0,1
Hinjewadi,University,19,3,1,2310,14972,0,23.33298701298701,0.0,0
Hinjewadi,University,19,3,2,2529,14411,0,20.51387900355872,0.0,0
Hinjewadi,University,21,3,0,1534,12455,0,29.229465449804437,0.0,1
Hinjewadi,University,21,3,1,2205,15662,0,25.57061224489796,0.0,0
Hinjewadi,University,21,3,2,1777,14073,0,28.510298255486777,0.0,0
Hinjewadi,University,23,3,0,1356,12455,0,33.06637168141593,0.0,1
Hinjewadi,University,23,3,1,1944,15662,0,29.003703703703703,0.0,0
Hinjewadi,University,23,3,2,1590,14073,0,31.863396226415095,0.0,0
Hinjewadi,University,7,4,0,1397,12455,0,32.09591982820329,0.0,1
Hinjewadi,University,7,4,1,2001,15662,0,28.17751124437781,0.0,0
Hinjewadi,University,7,4,2,1640,14073,0,30.8919512195122,0.0,0
Hinjewadi,University,9,4,0,1482,12455,0,30.255060728744937,0.0,1
Hinjewadi,University,9,4,1,2100,15662,0,26.84914285714286,0.0,0
Hinjewadi,University,9,4,2,1725,14073,0,29.369739130434784,0.0,0
Hinjewadi,University,11,4,0,1564,12455,0,28.668797953964194,0.0,1
Hinjewadi,University,11,4,1,2193,15662,0,25.71053351573188,0.0,0
Hinjewadi,University,11,4,2,1854,13735,0,26.66990291262136,0.0,0
Hinjewadi,University,13,4,0,1588,12455,0,28.23551637279597,0.0,1
Hinjewadi,University,13,4,1,2220,15934,0,25.83891891891892,0.0,0
Hinjewadi,University,13,4,2,1872,13735,0,26.413461538461537,0.0,0
Hinjewadi,University,15,4,0,1582,12455,0,28.34260429835651,0.0,1
Hinjewadi,University,15,4,1,2241,15934,0,25.596787148594373,0.0,0
Hinjewadi,University,15,4,2,1860,13735,0,26.58387096774193,0.0,0
Hinjewadi,University,17,4,0,1680,12455,0,26.689285714285717,0.0,1
Hinjewadi,University,17,4,1,1941,13729,0,25.463369397217928,0.0,0
Hinjewadi,University,17,4,2,2377,15934,0,24.1322675641565,0.0,0
Hinjewadi,University,19,4,0,1719,12455,0,26.083769633507856,0.0,1
Hinjewadi,University,19,4,1,1992,13735,0,24.822289156626503,0.0,0
Hinjewadi,University,19,4,2,2437,15934,0,23.538120640131307,0.0,0
Hinjewadi,University,21,4,0,1480,12455,0,30.29594594594595,0.0,1
Hinjewadi,University,21,4,1,2108,15662,0,26.74724857685009,0.0,0
Hinjewadi,University,21,4,2,1722,14073,0,29.42090592334495,0.0,0
Hinjewadi,University,23,4,0,1356,12455,0,33.06637168141593,0.0,1
Hinjewadi,University,23,4,1,1944,15662,0,29.003703703703703,0.0,0
Hinjewadi,University,23,4,2,1590,14073,0,31.863396226415095,0.0,0
Hinjewadi,University,7,5,0,1450,12455,0,30.922758620689656,0.0,1
Hinjewadi,University,7,5,1,2084,15662,0,27.0552783109405,0.0,0
Hinjewadi,University,7,5,2,1690,14073,0,29.977988165680475,0.0,0
Hinjewadi,University,9,5,0,1673,12455,0,26.800956365809924,0.0,1
Hinjewadi,University,9,5,1,1909,13735,0,25.901519119958092,0.0,0
Hinjewadi,University,9,5,2,2388,18074,0,27.24723618090453,0.0,0
Hinjewadi,University,11,5,0,1727,12455,0,25.96294151708165,0.0,1
Hinjewadi,University,11,5,1,1945,13735,0,25.42210796915167,0.0,0
Hinjewadi,University,11,5,2,2455,18347,0,26.903951120162933,0.0,0
Hinjewadi,University,13,5,0,1661,12455,0,26.994581577363032,0.0,1
Hinjewadi,University,13,5,1,1860,14073,0,27.23806451612903,0.0,0
Hinjewadi,University,13,5,2,2408,15913,0,23.790199335548174,0.0,0
Hinjewadi,University,15,5,0,1606,12455,0,27.919053549190537,0.0,1
Hinjewadi,University,15,5,1,2302,15934,0,24.918505647263245,0.0,0
Hinjewadi,University,15,5,2,1826,14073,0,27.74523548740416,0.0,0
Hinjewadi,University,17,5,0,1838,12455,0,24.39499455930359,0.0,1
Hinjewadi,University,17,5,1,2180,14701,0,24.27688073394496,0.0,0
Hinjewadi,University,17,5,2,2549,18074,0,25.526245586504515,0.0,0
Hinjewadi,University,19,5,0,2000,12455,0,22.419,0.0,1
Hinjewadi,University,19,5,1,2290,14699,0,23.10759825327511,0.0,0
Hinjewadi,University,19,5,2,2663,18074,0,24.43349605707849,0.0,0
Hinjewadi,University,21,5,0,1519,12455,0,29.518104015799867,0.0,1
Hinjewadi,University,21,5,1,2148,15662,0,26.249162011173187,0.0,0
Hinjewadi,University,21,5,2,1750,14073,0,28.95017142857143,0.0,0
Hinjewadi,University,23,5,0,1356,12455,0,33.06637168141593,0.0,1
Hinjewadi,University,23,5,1,1945,15662,0,28.988791773778924,0.0,0
Hinjewadi,University,23,5,2,1590,14073,0,31.863396226415095,0.0,0
Hinjewadi,University,7,6,0,1453,12455,0,30.8589125946318,0.0,1
Hinjewadi,University,7,6,1,2091,15662,0,26.964705882352945,0.0,0
Hinjewadi,University,7,6,2,1700,14073,0,29.80164705882353,0.0,0
Hinjewadi,University,9,6,0,1723,12455,0,26.023215322112595,0.0,1
Hinjewadi,University,9,6,1,2444,18074,0,26.62291325695581,0.0,0
Hinjewadi,University,9,6,2,1969,13735,0,25.11223971559167,0.0,0
Hinjewadi,University,11,6,0,1788,12455,0,25.07718120805369,0.0,1
Hinjewadi,University,11,6,1,2161,14331,0,23.87394724664507,0.0,0
Hinjewadi,University,11,6,2,2542,18347,0,25.983162863886704,0.0,0
Hinjewadi,University,13,6,0,1687,12455,0,26.57854179016005,0.0,1
Hinjewadi,University,13,6,1,1970,13735,0,25.0994923857868,0.0,0
Hinjewadi,University,13,6,2,2427,18347,0,27.214338689740423,0.0,0
Hinjewadi,University,15,6,0,1637,12455,0,27.39034819792303,0.0,1
Hinjewadi,University,15,6,1,2340,15662,0,24.095384615384617,0.0,0
Hinjewadi,University,15,6,2,1929,13729,0,25.62177293934681,0.0,0
Hinjewadi,University,17,6,0,1946,12455,0,23.04110996916752,0.0,1
Hinjewadi,University,17,6,1,2202,14694,0,24.022888283378748,0.0,0
Hinjewadi,University,17,6,2,2622,18074,0,24.815560640732265,0.0,0
Hinjewadi,University,19,6,0,2139,12455,0,20.962131837307155,0.0,1
Hinjewadi,University,19,6,1,2313,14699,0,22.877821011673152,0.0,0
Hinjewadi,University,19,6,2,2765,18074,0,23.532151898734178,0.0,0
Hinjewadi,University,21,6,0,1531,12455,0,29.286740692357935,0.0,1
Hinjewadi,University,21,6,1,2166,15662,0,26.03102493074792,0.0,0
Hinjewadi,University,21,6,2,1767,14073,0,28.671646859083197,0.0,0
Hinjewadi,University,23,6,0,1356,12455,0,33.06637168141593,0.0,1
Hinjewadi,University,23,6,1,1945,15662,0,28.988791773778924,0.0,0
Hinjewadi,University,23,6,2,1590,14073,0,31.863396226415095,0.0,0
Hinjewadi,University,7,0,0,1458,12455,0,30.753086419753085,0.0,1
Hinjewadi,University,7,0,1,2093,15662,0,26.93893932154802,0.0,0
Hinjewadi,University,7,0,2,1708,14073,0,29.662060889929744,0.0,0
Hinjewadi,University,9,0,0,1704,12455,0,26.31338028169014,0.0,1
Hinjewadi,University,9,0,1,1955,13735,0,25.2920716112532,0.0,0
Hinjewadi,University,9,0,2,2423,18074,0,26.85365249690467,0.0,0
Hinjewadi,University,11,0,0,1760,12455,0,25.476136363636364,0.0,1
Hinjewadi,University,11,0,1,1990,13735,0,24.84723618090452,0.0,0
Hinjewadi,University,11,0,2,2521,18347,0,26.199603332011108,0.0,0
Hinjewadi,University,13,0,0,1688,12455,0,26.56279620853081,0.0,1
Hinjewadi,University,13,0,1,1961,13729,0,25.203671596124423,0.0,0
Hinjewadi,University,13,0,2,2435,18368,0,27.15597535934291,0.0,0
Hinjewadi,University,15,0,0,1635,12455,0,27.42385321100917,0.0,1
Hinjewadi,University,15,0,1,2347,15662,0,24.02351938645079,0.0,0
Hinjewadi,University,15,0,2,1928,13729,0,25.6350622406639,0.0,0
Hinjewadi,University,17,0,0,1913,12455,0,23.4385781495034,0.0,1
Hinjewadi,University,17,0,1,2196,14694,0,24.08852459016393,0.0,0
Hinjewadi,University,17,0,2,2587,18074,0,25.15129493621956,0.0,0
Hinjewadi,University,19,0,0,2159,12455,0,20.76794812413154,0.0,1
Hinjewadi,University,19,0,1,2333,14694,0,22.673981997428204,0.0,0
Hinjewadi,University,19,0,2,2752,18074,0,23.643313953488374,0.0,0
Hinjewadi,University,21,0,0,1542,12455,0,29.07782101167315,0.0,1
Hinjewadi,University,21,0,1,2176,15662,0,25.91139705882353,0.0,0
Hinjewadi,University,21,0,2,1764,14073,0,28.720408163265308,0.0,0
Hinjewadi,University,23,0,0,1356,12455,0,33.06637168141593,0.0,1
Hinjewadi,University,23,0,1,1945,15662,0,28.988791773778924,0.0,0
Hinjewadi,University,23,0,2,1590,14073,0,31.863396226415095,0.0,0
Hinjewadi,University,7,1,0,1440,12455,0,31.1375,0.0,1
Hinjewadi,University,7,1,1,2071,15662,0,27.22510864316755,0.0,0
Hinjewadi,University,7,1,2,1681,14073,0,30.13848899464605,0.0,0
Hinjewadi,University,9,1,0,1682,12455,0,26.65755053507729,0.0,1
Hinjewadi,University,9,1,1,1918,13735,0,25.779979144942647,0.0,0
Hinjewadi,University,9,1,2,2390,18074,0,27.22443514644352,0.0,0
Hinjewadi,University,11,1,0,1758,12455,0,25.50511945392492,0.0,1
Hinjewadi,University,11,1,1,1963,13735,0,25.188996434029548,0.0,0
Hinjewadi,University,11,1,2,2481,18347,0,26.622007255139057,0.0,0
Hinjewadi,University,13,1,0,1679,12455,0,26.705181655747467,0.0,1
Hinjewadi,University,13,1,1,1939,13729,0,25.48963383187209,0.0,0
Hinjewadi,University,13,1,2,2414,18368,0,27.392212096106046,0.0,0
Hinjewadi,University,15,1,0,1615,12455,0,27.763467492260062,0.0,1
Hinjewadi,University,15,1,1,2319,15662,0,24.313583441138423,0.0,0
Hinjewadi,University,15,1,2,1917,13729,0,25.782159624413147,0.0,0
Hinjewadi,University,17,1,0,1880,12455,0,23.85,0.0,1
Hinjewadi,University,17,1,1,2159,14694,0,24.501343214451133,0.0,0
Hinjewadi,University,17,1,2,2584,18074,0,25.18049535603716,0.0,0
Hinjewadi,University,19,1,0,2063,12455,0,21.734367426078528,0.0,1
Hinjewadi,University,19,1,1,2315,14694,0,22.8502807775378,0.0,0
Hinjewadi,University,19,1,2,2740,18074,0,23.746861313868617,0.0,0
Hinjewadi,University,21,1,0,1526,12455,0,29.382699868938403,0.0,1
Hinjewadi,University,21,1,1,2173,15662,0,25.947169811320755,0.0,0
Hinjewadi,University,21,1,2,1754,14073,0,28.88415051311289,0.0,0
Hinjewadi,University,23,1,0,1356,12455,0,33.06637168141593,0.0,1
Hinjewadi,University,23,1,1,1945,15662,0,28.988791773778924,0.0,0
Hinjewadi,University,23,1,2,1590,14073,0,31.863396226415095,0.0,0
Hinjewadi,University,7,2,0,1428,12455,0,31.399159663865547,0.0,1
Hinjewadi,University,7,2,1,2069,15662,0,27.25142580956984,0.0,0
Hinjewadi,University,7,2,2,1677,14073,0,30.21037567084079,0.0,0
Hinjewadi,University,9,2,0,1664,12455,0,26.945913461538463,0.0,1
Hinjewadi,University,9,2,1,1921,13735,0,25.73971889640812,0.0,0
Hinjewadi,University,9,2,2,2399,15641,0,23.471279699874948,0.0,0
Hinjewadi,University,11,2,0,1748,12455,0,25.65102974828375,0.0,1
Hinjewadi,University,11,2,1,1968,13735,0,25.125,0.0,0
Hinjewadi,University,11,2,2,2478,18347,0,26.654237288135597,0.0,0
Hinjewadi,University,13,2,0,1706,12455,0,26.28253223915592,0.0,1
Hinjewadi,University,13,2,1,1954,13735,0,25.3050153531218,0.0,0
Hinjewadi,University,13,2,2,2434,18347,0,27.136072308956454,0.0,0
Hinjewadi,University,15,2,0,1612,12455,0,27.8151364764268,0.0,1
Hinjewadi,University,15,2,1,1840,14073,0,27.53413043478261,0.0,0
Hinjewadi,University,15,2,2,2346,15913,0,24.41892583120205,0.0,0
Hinjewadi,University,17,2,0,1903,12455,0,23.561744613767733,0.0,1
Hinjewadi,University,17,2,1,2192,14694,0,24.132481751824816,0.0,0
Hinjewadi,University,17,2,2,2666,18074,0,24.406001500375098,0.0,0
Hinjewadi,University,19,2,0,2156,12455,0,20.796846011131723,0.0,1
Hinjewadi,University,19,2,1,2294,14699,0,23.067306015693116,0.0,0
Hinjewadi,University,19,2,2,2814,18074,0,23.122388059701496,0.0,0
Hinjewadi,University,21,2,0,1553,12455,0,28.871860914359303,0.0,1
Hinjewadi,University,21,2,1,2185,15662,0,25.804668192219683,0.0,0
Hinjewadi,University,21,2,2,1776,14073,0,28.52635135135135,0.0,0
Hinjewadi,University,23,2,0,1356,12455,0,33.06637168141593,0.0,1
Hinjewadi,University,23,2,1,1945,15662,0,28.988791773778924,0.0,0
Hinjewadi,University,23,2,2,1590,14073,0,31.863396226415095,0.0,0
Hinjewadi,University,7,3,0,1417,12455,0,31.64290755116443,0.0,1
Hinjewadi,University,7,3,1,2022,15662,0,27.88486646884273,0.0,0
Hinjewadi,University,7,3,2,1662,14073,0,30.48303249097473,0.0,0
Hinjewadi,University,9,3,0,1577,12455,0,28.43246670894103,0.0,1
Hinjewadi,University,9,3,1,2236,15662,0,25.21610017889088,0.0,0
Hinjewadi,University,9,3,2,1882,13735,0,26.273113708820404,0.0,0
Hinjewadi,University,11,3,0,1702,12455,0,26.34430082256169,0.0,1
Hinjewadi,University,11,3,1,1960,13735,0,25.227551020408164,0.0,0
Hinjewadi,University,11,3,2,2424,18347,0,27.2480198019802,0.0,0
Hinjewadi,University,13,3,0,1745,12455,0,25.69512893982808,0.0,1
Hinjewadi,University,13,3,1,1997,13735,0,24.760140210315477,0.0,0
Hinjewadi,University,13,3,2,2500,18347,0,26.419680000000003,0.0,0
Hinjewadi,University,15,3,0,1750,12455,0,25.621714285714287,0.0,1
Hinjewadi,University,15,3,1,1965,13735,0,25.163358778625955,0.0,0
Hinjewadi,University,15,3,2,2551,18347,0,25.89149353194826,0.0,0
Hinjewadi,University,17,3,0,1861,12455,0,24.093498119290704,0.0,1
Hinjewadi,University,17,3,1,2090,13735,0,23.658373205741626,0.0,0
Hinjewadi,University,17,3,2,2733,18347,0,24.167288693743146,0.0,0
Hinjewadi,University,19,3,0,1884,12455,0,23.799363057324843,0.0,1
Hinjewadi,University,19,3,1,2310,14972,0,23.33298701298701,0.0,0
Hinjewadi,University,19,3,2,2529,14411,0,20.51387900355872,0.0,0
Hinjewadi,University,21,3,0,1534,12455,0,29.229465449804437,0.0,1
Hinjewadi,University,21,3,1,2205,15662,0,25.57061224489796,0.0,0
Hinjewadi,University,21,3,2,1777,14073,0,28.510298255486777,0.0,0
Hinjewadi,University,23,3,0,1356,12455,0,33.06637168141593,0.0,1
Hinjewadi,University,23,3,1,1944,15662,0,29.003703703703703,0.0,0
Hinjewadi,University,23,3,2,1590,14073,0,31.863396226415095,0.0,0
Hinjewadi,University,7,4,0,1397,12455,0,32.09591982820329,0.0,1
Hinjewadi,University,7,4,1,2001,15662,0,28.17751124437781,0.0,0
Hinjewadi,University,7,4,2,1640,14073,0,30.8919512195122,0.0,0
Hinjewadi,University,9,4,0,1482,12455,0,30.255060728744937,0.0,1
Hinjewadi,University,9,4,1,2100,15662,0,26.84914285714286,0.0,0
Hinjewadi,University,9,4,2,1725,14073,0,29.369739130434784,0.0,0
Hinjewadi,University,11,4,0,1564,12455,0,28.668797953964194,0.0,1
Hinjewadi,University,11,4,1,2193,15662,0,25.71053351573188,0.0,0
Hinjewadi,University,11,4,2,1854,13735,0,26.66990291262136,0.0,0
Hinjewadi,University,13,4,0,1588,12455,0,28.23551637279597,0.0,1
Hinjewadi,University,13,4,1,2220,15934,0,25.83891891891892,0.0,0
Hinjewadi,University,13,4,2,1872,13735,0,26.413461538461537,0.0,0
Hinjewadi,University,15,4,0,1582,12455,0,28.34260429835651,0.0,1
Hinjewadi,University,15,4,1,2241,15934,0,25.596787148594373,0.0,0
Hinjewadi,University,15,4,2,1860,13735,0,26.58387096774193,0.0,0
Hinjewadi,University,17,4,0,1680,12455,0,26.689285714285717,0.0,1
Hinjewadi,University,17,4,1,1941,13729,0,25.463369397217928,0.0,0
Hinjewadi,University,17,4,2,2377,15934,0,24.1322675641565,0.0,0
Hinjewadi,University,19,4,0,1719,12455,0,26.083769633507856,0.0,1
Hinjewadi,University,19,4,1,1992,13735,0,24.822289156626503,0.0,0
Hinjewadi,University,19,4,2,2437,15934,0,23.538120640131307,0.0,0
Hinjewadi,University,21,4,0,1480,12455,0,30.29594594594595,0.0,1
Hinjewadi,University,21,4,1,2108,15662,0,26.74724857685009,0.0,0
Hinjewadi,University,21,4,2,1722,14073,0,29.42090592334495,0.0,0
Hinjewadi,University,23,4,0,1356,12455,0,33.06637168141593,0.0,1
Hinjewadi,University,23,4,1,1944,15662,0,29.003703703703703,0.0,0
Hinjewadi,University,23,4,2,1590,14073,0,31.863396226415095,0.0,0
Hinjewadi,University,7,5,0,1450,12455,0,30.922758620689656,0.0,1
Hinjewadi,University,7,5,1,2084,15662,0,27.0552783109405,0.0,0
Hinjewadi,University,7,5,2,1690,14073,0,29.977988165680475,0.0,0
Hinjewadi,University,9,5,0,1673,12455,0,26.800956365809924,0.0,1
Hinjewadi,University,9,5,1,1909,13735,0,25.901519119958092,0.0,0
Hinjewadi,University,9,5,2,2388,18074,0,27.24723618090453,0.0,0
Hinjewadi,University,11,5,0,1727,12455,0,25.96294151708165,0.0,1
Hinjewadi,University,11,5,1,1945,13735,0,25.42210796915167,0.0,0
Hinjewadi,University,11,5,2,2455,18347,0,26.903951120162933,0.0,0
Hinjewadi,University,13,5,0,1661,12455,0,26.994581577363032,0.0,1
Hinjewadi,University,13,5,1,1860,14073,0,27.23806451612903,0.0,0
Hinjewadi,University,13,5,2,2408,15913,0,23.790199335548174,0.0,0
Hinjewadi,University,15,5,0,1606,12455,0,27.919053549190537,0.0,1
Hinjewadi,University,15,5,1,2302,15934,0,24.918505647263245,0.0,0
Hinjewadi,University,15,5,2,1826,14073,0,27.74523548740416,0.0,0
Hinjewadi,University,17,5,0,1838,12455,0,24.39499455930359,0.0,1
Hinjewadi,University,17,5,1,2180,14701,0,24.27688073394496,0.0,0
Hinjewadi,University,17,5,2,2549,18074,0,25.526245586504515,0.0,0
Hinjewadi,University,19,5,0,2000,12455,0,22.419,0.0,1
Hinjewadi,University,19,5,1,2290,14699,0,23.10759825327511,0.0,0
Hinjewadi,University,19,5,2,2663,18074,0,24.43349605707849,0.0,0
Hinjewadi,University,21,5,0,1519,12455,0,29.518104015799867,0.0,1
Hinjewadi,University,21,5,1,2148,15662,0,26.249162011173187,0.0,0
Hinjewadi,University,21,5,2,1750,14073,0,28.95017142857143,0.0,0
Hinjewadi,University,23,5,0,1356,12455,0,33.06637168141593,0.0,1
Hinjewadi,University,23,5,1,1945,15662,0,28.988791773778924,0.0,0
Hinjewadi,University,23,5,2,1590,14073,0,31.863396226415095,0.0,0
Hinjewadi,University,7,6,0,1453,12455,0,30.8589125946318,0.0,1
Hinjewadi,University,7,6,1,2091,15662,0,26.964705882352945,0.0,0
Hinjewadi,University,7,6,2,1700,14073,0,29.80164705882353,0.0,0
Hinjewadi,University,9,6,0,1723,12455,0,26.023215322112595,0.0,1
Hinjewadi,University,9,6,1,2444,18074,0,26.62291325695581,0.0,0
Hinjewadi,University,9,6,2,1969,13735,0,25.11223971559167,0.0,0
Hinjewadi,University,11,6,0,1788,12455,0,25.07718120805369,0.0,1
Hinjewadi,University,11,6,1,2161,14331,0,23.87394724664507,0.0,0
Hinjewadi,University,11,6,2,2542,18347,0,25.983162863886704,0.0,0
Hinjewadi,University,13,6,0,1687,12455,0,26.57854179016005,0.0,1
Hinjewadi,University,13,6,1,1970,13735,0,25.0994923857868,0.0,0
Hinjewadi,University,13,6,2,2427,18347,0,27.214338689740423,0.0,0
Hinjewadi,University,15,6,0,1637,12455,0,27.39034819792303,0.0,1
Hinjewadi,University,15,6,1,2340,15662,0,24.095384615384617,0.0,0
Hinjewadi,University,15,6,2,1929,13729,0,25.62177293934681,0.0,0
Hinjewadi,University,17,6,0,1946,12455,0,23.04110996916752,0.0,1
Hinjewadi,University,17,6,1,2202,14694,0,24.022888283378748,0.0,0
Hinjewadi,University,17,6,2,2622,18074,0,24.815560640732265,0.0,0
Hinjewadi,University,19,6,0,2139,12455,0,20.962131837307155,0.0,1
Hinjewadi,University,19,6,1,2313,14699,0,22.877821011673152,0.0,0
Hinjewadi,University,19,6,2,2765,18074,0,23.532151898734178,0.0,0
Hinjewadi,University,21,6,0,1531,12455,0,29.286740692357935,0.0,1
Hinjewadi,University,21,6,1,2166,15662,0,26.03102493074792,0.0,0
Hinjewadi,University,21,6,2,1767,14073,0,28.671646859083197,0.0,0
Hinjewadi,University,23,6,0,1356,12455,0,33.06637168141593,0.0,1
Hinjewadi,University,23,6,1,1945,15662,0,28.988791773778924,0.0,0
Hinjewadi,University,23,6,2,1590,14073,0,31.863396226415095,0.0,0
Kothrud,Swargate,7,0,0,1069,6976,0,23.492609915809165,0.0,1
Kothrud,Swargate,7,0,1,1253,7243,0,20.8098962490024,0.0,0
Kothrud,Swargate,7,0,2,1246,7350,0,21.235955056179776,0.0,0
Kothrud,Swargate,9,0,0,1382,6976,0,18.171924746743848,0.0,1
Kothrud,Swargate,9,0,1,1538,7318,0,17.12925877763329,0.0,0
Kothrud,Swargate,9,0,2,1519,7333,0,17.37906517445688,0.0,0
Kothrud,Swargate,11,0,0,1563,7261,0,16.723992322456816,0.0,1
Kothrud,Swargate,11,0,1,1679,7361,0,15.782966051220964,0.0,0
Kothrud,Swargate,11,0,2,1730,7427,0,15.455028901734105,0.0,0
Kothrud,Swargate,13,0,0,1560,7261,0,16.756153846153847,0.0,1
Kothrud,Swargate,13,0,1,1716,7361,0,15.44265734265734,0.0,0
Kothrud,Swargate,13,0,2,1790,7427,0,14.936983240223462,0.0,0
Kothrud,Swargate,15,0,0,1421,7226,0,18.30654468684025,0.0,1
Kothrud,Swargate,15,0,1,1602,7373,0,16.568539325842696,0.0,0
Kothrud,Swargate,15,0,2,1719,7427,0,15.55392670157068,0.0,0
Kothrud,Swargate,17,0,0,1559,7223,0,16.679153303399612,0.0,1
Kothrud,Swargate,17,0,1,1740,7318,0,15.140689655172412,0.0,0
Kothrud,Swargate,17,0,2,1811,7427,0,14.763776918829372,0.0,0
Kothrud,Swargate,19,0,0,1598,7218,0,16.260826032540677,0.0,1
Kothrud,Swargate,19,0,1,1826,7285,0,14.362541073384447,0.0,0
Kothrud,Swargate,19,0,2,1757,7427,0,15.217529880478086,0.0,0
Kothrud,Swargate,21,0,0,1203,6976,0,20.875810473815463,0.0,1
Kothrud,Swargate,21,0,1,1342,7152,0,19.185692995529063,0.0,0
Kothrud,Swargate,21,0,2,1268,7310,0,20.75394321766561,0.0,0
Kothrud,Swargate,23,0,0,987,6976,0,25.44437689969605,0.0,1
Kothrud,Swargate,23,0,1,1130,7152,0,22.785132743362837,0.0,0
Kothrud,Swargate,23,0,2,1080,7301,0,24.33666666666667,0.0,0
Kothrud,Swargate,7,1,0,1065,6976,0,23.580845070422534,0.0,1
Kothrud,Swargate,7,1,1,1255,7243,0,20.776733067729086,0.0,0
Kothrud,Swargate,7,1,2,1242,7325,0,21.231884057971016,0.0,0
Kothrud,Swargate,9,1,0,1365,6976,0,18.39824175824176,0.0,1
Kothrud,Swargate,9,1,1,1531,7318,0,17.207576747224035,0.0,0
Kothrud,Swargate,9,1,2,1513,7333,0,17.447984137475217,0.0,0
Kothrud,Swargate,11,1,0,1559,7266,0,16.778447722899294,0.0,1
Kothrud,Swargate,11,1,1,1681,7361,0,15.764187983343248,0.0,0
Kothrud,Swargate,11,1,2,1740,7427,0,15.366206896551724,0.0,0
Kothrud,Swargate,13,1,0,1565,7266,0,16.7141214057508,0.0,1
Kothrud,Swargate,13,1,1,1718,7361,0,15.424679860302676,0.0,0
Kothrud,Swargate,13,1,2,1810,7427,0,14.771933701657458,0.0,0
Kothrud,Swargate,15,1,0,1428,7226,0,18.216806722689075,0.0,1
Kothrud,Swargate,15,1,1,1614,7373,0,16.4453531598513,0.0,0
Kothrud,Swargate,15,1,2,1716,7427,0,15.58111888111888,0.0,0
Kothrud,Swargate,17,1,0,1551,7223,0,16.765183752417794,0.0,1
Kothrud,Swargate,17,1,1,1738,7318,0,15.158112773302646,0.0,0
Kothrud,Swargate,17,1,2,1805,7427,0,14.812853185595568,0.0,0
Kothrud,Swargate,19,1,0,1596,7218,0,16.281203007518798,0.0,1
Kothrud,Swargate,19,1,1,1811,7285,0,14.481501932633904,0.0,0
Kothrud,Swargate,19,1,2,1765,7427,0,15.1485552407932,0.0,0
Kothrud,Swargate,21,1,0,1200,6976,0,20.928,0.0,1
Kothrud,Swargate,21,1,1,1340,7152,0,19.21432835820896,0.0,0
Kothrud,Swargate,21,1,2,1271,7139,0,20.220613690007863,0.0,0
Kothrud,Swargate,23,1,0,987,6976,0,25.44437689969605,0.0,1
Kothrud,Swargate,23,1,1,1130,7152,0,22.785132743362837,0.0,0
Kothrud,Swargate,23,1,2,1080,7301,0,24.33666666666667,0.0,0
Kothrud,Swargate,7,2,0,1064,6976,0,23.603007518796996,0.0,1
Kothrud,Swargate,7,2,1,1257,7243,0,20.7436754176611,0.0,0
Kothrud,Swargate,7,2,2,1242,7325,0,21.231884057971016,0.0,0
Kothrud,Swargate,9,2,0,1354,6976,0,18.547710487444608,0.0,1
Kothrud,Swargate,9,2,1,1545,7243,0,16.876893203883498,0.0,0
Kothrud,Swargate,9,2,2,1508,7333,0,17.50583554376658,0.0,0
Kothrud,Swargate,11,2,0,1554,7249,0,16.793050193050192,0.0,1
Kothrud,Swargate,11,2,1,1700,7361,0,15.588,0.0,0
Kothrud,Swargate,11,2,2,1727,7427,0,15.481876085697742,0.0,0
Kothrud,Swargate,13,2,0,1566,7327,0,16.84367816091954,0.0,1
Kothrud,Swargate,13,2,1,1746,7277,0,15.004123711340206,0.0,0
Kothrud,Swargate,13,2,2,1804,7427,0,14.821064301552108,0.0,0
Kothrud,Swargate,15,2,0,1444,7226,0,18.014958448753465,0.0,1
Kothrud,Swargate,15,2,1,1624,7373,0,16.34408866995074,0.0,0
Kothrud,Swargate,15,2,2,1753,7427,0,15.25225328009127,0.0,0
Kothrud,Swargate,17,2,0,1563,7223,0,16.636468330134356,0.0,1
Kothrud,Swargate,17,2,1,1763,7177,0,14.655246738513895,0.0,0
Kothrud,Swargate,17,2,2,1837,7427,0,14.554817637452366,0.0,0
Kothrud,Swargate,19,2,0,1597,7218,0,16.271008140262992,0.0,1
Kothrud,Swargate,19,2,1,1835,7285,0,14.292098092643052,0.0,0
Kothrud,Swargate,19,2,2,1761,7427,0,15.18296422487223,0.0,0
Kothrud,Swargate,21,2,0,1200,6976,0,20.928,0.0,1
Kothrud,Swargate,21,2,1,1343,7152,0,19.171407297096057,0.0,0
Kothrud,Swargate,21,2,2,1269,7301,0,20.712056737588654,0.0,0
Kothrud,Swargate,23,2,0,987,6976,0,25.44437689969605,0.0,1
Kothrud,Swargate,23,2,1,1130,7152,0,22.785132743362837,0.0,0
Kothrud,Swargate,23,2,2,1080,7301,0,24.33666666666667,0.0,0
Kothrud,Swargate,7,3,0,1065,6976,0,23.580845070422534,0.0,1
Kothrud,Swargate,7,3,1,1251,7243,0,20.8431654676259,0.0,0
Kothrud,Swargate,7,3,2,1230,7325,0,21.4390243902439,0.0,0
Kothrud,Swargate,9,3,0,1318,6976,0,19.05432473444613,0.0,1
Kothrud,Swargate,9,3,1,1505,7243,0,17.325448504983388,0.0,0
Kothrud,Swargate,9,3,2,1454,7325,0,18.13617606602476,0.0,0
Kothrud,Swargate,11,3,0,1554,7268,0,16.83706563706564,0.0,1
Kothrud,Swargate,11,3,1,1721,7136,0,14.927135386403254,0.0,0
Kothrud,Swargate,11,3,2,1728,7427,0,15.472916666666666,0.0,0
Kothrud,Swargate,13,3,0,1623,7266,0,16.116820702402958,0.0,1
Kothrud,Swargate,13,3,1,1788,7328,0,14.754362416107384,0.0,0
Kothrud,Swargate,13,3,2,1873,7427,0,14.275066737853711,0.0,0
Kothrud,Swargate,15,3,0,1527,7266,0,17.130058939096266,0.0,1
Kothrud,Swargate,15,3,1,1744,7349,0,15.169954128440368,0.0,0
Kothrud,Swargate,15,3,2,1935,7703,0,14.331162790697675,0.0,0
Kothrud,Swargate,17,3,0,1593,7261,0,16.409039548022598,0.0,1
Kothrud,Swargate,17,3,1,1829,7317,0,14.40196828868234,0.0,0
Kothrud,Swargate,17,3,2,1997,7703,0,13.886229344016025,0.0,0
Kothrud,Swargate,19,3,0,1592,7206,0,16.29497487437186,0.0,1
Kothrud,Swargate,19,3,1,1722,7086,0,14.813937282229968,0.0,0
Kothrud,Swargate,19,3,2,1781,7427,0,15.012464907355415,0.0,0
Kothrud,Swargate,21,3,0,1209,6976,0,20.772208436724565,0.0,1
Kothrud,Swargate,21,3,1,1344,7152,0,19.15714285714286,0.0,0
Kothrud,Swargate,21,3,2,1272,7310,0,20.68867924528302,0.0,0
Kothrud,Swargate,23,3,0,987,6976,0,25.44437689969605,0.0,1
Kothrud,Swargate,23,3,1,1130,7152,0,22.785132743362837,0.0,0
Kothrud,Swargate,23,3,2,1080,7301,0,24.33666666666667,0.0,0
Kothrud,Swargate,7,4,0,1044,6976,0,24.055172413793105,0.0,1
Kothrud,Swargate,7,4,1,1236,7243,0,21.09611650485437,0.0,0
Kothrud,Swargate,7,4,2,1212,7512,0,22.31287128712871,0.0,0
Kothrud,Swargate,9,4,0,1176,6976,0,21.355102040816327,0.0,1
Kothrud,Swargate,9,4,1,1382,7243,0,18.86743849493488,0.0,0
Kothrud,Swargate,9,4,2,1315,7512,0,20.5651711026616,0.0,0
Kothrud,Swargate,11,4,0,1309,7226,0,19.87288006111536,0.0,1
Kothrud,Swargate,11,4,1,1444,7427,0,18.51606648199446,0.0,0
Kothrud,Swargate,11,4,2,1494,7405,0,17.843373493975903,0.0,0
Kothrud,Swargate,13,4,0,1375,7226,0,18.91898181818182,0.0,1
Kothrud,Swargate,13,4,1,1545,7177,0,16.723106796116504,0.0,0
Kothrud,Swargate,13,4,2,1554,7427,0,17.205405405405404,0.0,0
Kothrud,Swargate,15,4,0,1354,7284,0,19.36661742983752,0.0,1
Kothrud,Swargate,15,4,1,1493,7177,0,17.305559276624244,0.0,0
Kothrud,Swargate,15,4,2,1620,7703,0,17.11777777777778,0.0,0
Kothrud,Swargate,17,4,0,1406,7223,0,18.49416785206259,0.0,1
Kothrud,Swargate,17,4,1,1564,7177,0,16.519948849104857,0.0,0
Kothrud,Swargate,17,4,2,1672,7703,0,16.585406698564594,0.0,0
Kothrud,Swargate,19,4,0,1419,7226,0,18.3323467230444,0.0,1
Kothrud,Swargate,19,4,1,1629,7093,0,15.67513812154696,0.0,0
Kothrud,Swargate,19,4,2,1578,7427,0,16.943726235741444,0.0,0
Kothrud,Swargate,21,4,0,1154,6976,0,21.762218370883883,0.0,1
Kothrud,Swargate,21,4,1,1370,7243,0,19.032700729927008,0.0,0
Kothrud,Swargate,21,4,2,1313,7325,0,20.083777608530085,0.0,0
Kothrud,Swargate,23,4,0,987,6976,0,25.44437689969605,0.0,1
Kothrud,Swargate,23,4,1,1130,7152,0,22.785132743362837,0.0,0
Kothrud,Swargate,23,4,2,1080,7301,0,24.33666666666667,0.0,0
Kothrud,Swargate,7,5,0,1070,6976,0,23.47065420560748,0.0,1
Kothrud,Swargate,7,5,1,1253,7243,0,20.8098962490024,0.0,0
Kothrud,Swargate,7,5,2,1243,7325,0,21.214802896218824,0.0,0
Kothrud,Swargate,9,5,0,1365,6976,0,18.39824175824176,0.0,1
Kothrud,Swargate,9,5,1,1529,7243,0,17.053499018966647,0.0,0
Kothrud,Swargate,9,5,2,1517,7325,0,17.38299274884641,0.0,0
Kothrud,Swargate,11,5,0,1571,7261,0,16.638828771483134,0.0,1
Kothrud,Swargate,11,5,1,1684,7361,0,15.736104513064133,0.0,0
Kothrud,Swargate,11,5,2,1710,7427,0,15.635789473684213,0.0,0
Kothrud,Swargate,13,5,0,1565,7261,0,16.70261980830671,0.0,1
Kothrud,Swargate,13,5,1,1711,7361,0,15.487784921098772,0.0,0
Kothrud,Swargate,13,5,2,1771,7427,0,15.097233201581028,0.0,0
Kothrud,Swargate,15,5,0,1430,7226,0,18.191328671328677,0.0,1
Kothrud,Swargate,15,5,1,1607,7373,0,16.51698817672682,0.0,0
Kothrud,Swargate,15,5,2,1722,7427,0,15.526829268292682,0.0,0
Kothrud,Swargate,17,5,0,1558,7218,0,16.678305519897304,0.0,1
Kothrud,Swargate,17,5,1,1743,7318,0,15.114629948364886,0.0,0
Kothrud,Swargate,17,5,2,1808,7427,0,14.788274336283184,0.0,0
Kothrud,Swargate,19,5,0,1586,6976,0,15.83455233291299,0.0,1
Kothrud,Swargate,19,5,1,1799,7202,0,14.41200667037243,0.0,0
Kothrud,Swargate,19,5,2,1734,7404,0,15.371626297577851,0.0,0
Kothrud,Swargate,21,5,0,1187,6976,0,21.157203032855936,0.0,1
Kothrud,Swargate,21,5,1,1336,7152,0,19.27185628742515,0.0,0
Kothrud,Swargate,21,5,2,1271,7139,0,20.220613690007863,0.0,0
Kothrud,Swargate,23,5,0,987,6976,0,25.44437689969605,0.0,1
Kothrud,Swargate,23,5,1,1130,7152,0,22.785132743362837,0.0,0
Kothrud,Swargate,23,5,2,1080,7301,0,24.33666666666667,0.0,0
Kothrud,Swargate,7,6,0,1072,6976,0,23.426865671641792,0.0,1
Kothrud,Swargate,7,6,1,1258,7243,0,20.72718600953895,0.0,0
Kothrud,Swargate,7,6,2,1247,7325,0,21.146752205292703,0.0,0
Kothrud,Swargate,9,6,0,1399,6976,0,17.951107934238742,0.0,1
Kothrud,Swargate,9,6,1,1552,7384,0,17.12783505154639,0.0,0
Kothrud,Swargate,9,6,2,1532,7333,0,17.231592689295038,0.0,0
Kothrud,Swargate,11,6,0,1603,7261,0,16.306674984404243,0.0,1
Kothrud,Swargate,11,6,1,1716,7361,0,15.44265734265734,0.0,0
Kothrud,Swargate,11,6,2,1750,7427,0,15.2784,0.0,0
Kothrud,Swargate,13,6,0,1579,7261,0,16.55452818239392,0.0,1
Kothrud,Swargate,13,6,1,1740,7361,0,15.229655172413793,0.0,0
Kothrud,Swargate,13,6,2,1814,7427,0,14.739360529217198,0.0,0
Kothrud,Swargate,15,6,0,1436,7226,0,18.11532033426184,0.0,1
Kothrud,Swargate,15,6,1,1616,7373,0,16.425,0.0,0
Kothrud,Swargate,15,6,2,1742,7427,0,15.348564867967854,0.0,0
Kothrud,Swargate,17,6,0,1574,7206,0,16.481321473951716,0.0,1
Kothrud,Swargate,17,6,1,1753,7318,0,15.028408442669708,0.0,0
Kothrud,Swargate,17,6,2,1810,7427,0,14.771933701657458,0.0,0
Kothrud,Swargate,19,6,0,1614,7218,0,16.099628252788104,0.0,1
Kothrud,Swargate,19,6,1,1822,7285,0,14.394072447859497,0.0,0
Kothrud,Swargate,19,6,2,1747,7427,0,15.30463651974814,0.0,0
Kothrud,Swargate,21,6,0,1202,6976,0,20.893178036605654,0.0,1
Kothrud,Swargate,21,6,1,1337,7152,0,19.257442034405383,0.0,0
Kothrud,Swargate,21,6,2,1274,7148,0,20.19843014128729,0.0,0
Kothrud,Swargate,23,6,0,987,6976,0,25.44437689969605,0.0,1
Kothrud,Swargate,23,6,1,1130,7152,0,22.785132743362837,0.0,0
Kothrud,Swargate,23,6,2,1080,7301,0,24.33666666666667,0.0,0
Kothrud,Swargate,7,0,0,1069,6976,0,23.492609915809165,0.0,1
Kothrud,Swargate,7,0,1,1253,7243,0,20.8098962490024,0.0,0
Kothrud,Swargate,7,0,2,1246,7350,0,21.235955056179776,0.0,0
Kothrud,Swargate,9,0,0,1382,6976,0,18.171924746743848,0.0,1
Kothrud,Swargate,9,0,1,1538,7318,0,17.12925877763329,0.0,0
Kothrud,Swargate,9,0,2,1519,7333,0,17.37906517445688,0.0,0
Kothrud,Swargate,11,0,0,1563,7261,0,16.723992322456816,0.0,1
Kothrud,Swargate,11,0,1,1679,7361,0,15.782966051220964,0.0,0
Kothrud,Swargate,11,0,2,1730,7427,0,15.455028901734105,0.0,0
Kothrud,Swargate,13,0,0,1560,7261,0,16.756153846153847,0.0,1
Kothrud,Swargate,13,0,1,1716,7361,0,15.44265734265734,0.0,0
Kothrud,Swargate,13,0,2,1790,7427,0,14.936983240223462,0.0,0
Kothrud,Swargate,15,0,0,1421,7226,0,18.30654468684025,0.0,1
Kothrud,Swargate,15,0,1,1602,7373,0,16.568539325842696,0.0,0
Kothrud,Swargate,15,0,2,1719,7427,0,15.55392670157068,0.0,0
Kothrud,Swargate,17,0,0,1559,7223,0,16.679153303399612,0.0,1
Kothrud,Swargate,17,0,1,1740,7318,0,15.140689655172412,0.0,0
Kothrud,Swargate,17,0,2,1811,7427,0,14.763776918829372,0.0,0
Kothrud,Swargate,19,0,0,1598,7218,0,16.260826032540677,0.0,1
Kothrud,Swargate,19,0,1,1826,7285,0,14.362541073384447,0.0,0
Kothrud,Swargate,19,0,2,1757,7427,0,15.217529880478086,0.0,0
Kothrud,Swargate,21,0,0,1203,6976,0,20.875810473815463,0.0,1
Kothrud,Swargate,21,0,1,1342,7152,0,19.185692995529063,0.0,0
Kothrud,Swargate,21,0,2,1268,7310,0,20.75394321766561,0.0,0
Kothrud,Swargate,23,0,0,987,6976,0,25.44437689969605,0.0,1
Kothrud,Swargate,23,0,1,1130,7152,0,22.785132743362837,0.0,0
Kothrud,Swargate,23,0,2,1080,7301,0,24.33666666666667,0.0,0
Kothrud,Swargate,7,1,0,1065,6976,0,23.580845070422534,0.0,1
Kothrud,Swargate,7,1,1,1255,7243,0,20.776733067729086,0.0,0
Kothrud,Swargate,7,1,2,1242,7325,0,21.231884057971016,0.0,0
Kothrud,Swargate,9,1,0,1365,6976,0,18.39824175824176,0.0,1
Kothrud,Swargate,9,1,1,1531,7318,0,17.207576747224035,0.0,0
Kothrud,Swargate,9,1,2,1513,7333,0,17.447984137475217,0.0,0
Kothrud,Swargate,11,1,0,1559,7266,0,16.778447722899294,0.0,1
Kothrud,Swargate,11,1,1,1681,7361,0,15.764187983343248,0.0,0
Kothrud,Swargate,11,1,2,1740,7427,0,15.366206896551724,0.0,0
Kothrud,Swargate,13,1,0,1565,7266,0,16.7141214057508,0.0,1
Kothrud,Swargate,13,1,1,1718,7361,0,15.424679860302676,0.0,0
Kothrud,Swargate,13,1,2,1810,7427,0,14.771933701657458,0.0,0
Kothrud,Swargate,15,1,0,1428,7226,0,18.216806722689075,0.0,1
Kothrud,Swargate,15,1,1,1614,7373,0,16.4453531598513,0.0,0
Kothrud,Swargate,15,1,2,1716,7427,0,15.58111888111888,0.0,0
Kothrud,Swargate,17,1,0,1551,7223,0,16.765183752417794,0.0,1
Kothrud,Swargate,17,1,1,1738,7318,0,15.158112773302646,0.0,0
Kothrud,Swargate,17,1,2,1805,7427,0,14.812853185595568,0.0,0
Kothrud,Swargate,19,1,0,1596,7218,0,16.281203007518798,0.0,1
Kothrud,Swargate,19,1,1,1811,7285,0,14.481501932633904,0.0,0
Kothrud,Swargate,19,1,2,1765,7427,0,15.1485552407932,0.0,0
Kothrud,Swargate,21,1,0,1200,6976,0,20.928,0.0,1
Kothrud,Swargate,21,1,1,1340,7152,0,19.21432835820896,0.0,0
Kothrud,Swargate,21,1,2,1271,7139,0,20.220613690007863,0.0,0
Kothrud,Swargate,23,1,0,987,6976,0,25.44437689969605,0.0,1
Kothrud,Swargate,23,1,1,1130,7152,0,22.785132743362837,0.0,0
Kothrud,Swargate,23,1,2,1080,7301,0,24.33666666666667,0.0,0
Kothrud,Swargate,7,2,0,1064,6976,0,23.603007518796996,0.0,1
Kothrud,Swargate,7,2,1,1257,7243,0,20.7436754176611,0.0,0
Kothrud,Swargate,7,2,2,1242,7325,0,21.231884057971016,0.0,0
Kothrud,Swargate,9,2,0,1354,6976,0,18.547710487444608,0.0,1
Kothrud,Swargate,9,2,1,1545,7243,0,16.876893203883498,0.0,0
Kothrud,Swargate,9,2,2,1508,7333,0,17.50583554376658,0.0,0
Kothrud,Swargate,11,2,0,1554,7249,0,16.793050193050192,0.0,1
Kothrud,Swargate,11,2,1,1700,7361,0,15.588,0.0,0
Kothrud,Swargate,11,2,2,1727,7427,0,15.481876085697742,0.0,0
Kothrud,Swargate,13,2,0,1566,7327,0,16.84367816091954,0.0,1
Kothrud,Swargate,13,2,1,1746,7277,0,15.004123711340206,0.0,0
Kothrud,Swargate,13,2,2,1804,7427,0,14.821064301552108,0.0,0
Kothrud,Swargate,15,2,0,1444,7226,0,18.014958448753465,0.0,1
Kothrud,Swargate,15,2,1,1624,7373,0,16.34408866995074,0.0,0
Kothrud,Swargate,15,2,2,1753,7427,0,15.25225328009127,0.0,0
Kothrud,Swargate,17,2,0,1563,7223,0,16.636468330134356,0.0,1
Kothrud,Swargate,17,2,1,1763,7177,0,14.655246738513895,0.0,0
Kothrud,Swargate,17,2,2,1837,7427,0,14.554817637452366,0.0,0
Kothrud,Swargate,19,2,0,1597,7218,0,16.271008140262992,0.0,1
Kothrud,Swargate,19,2,1,1835,7285,0,14.292098092643052,0.0,0
Kothrud,Swargate,19,2,2,1761,7427,0,15.18296422487223,0.0,0
Kothrud,Swargate,21,2,0,1200,6976,0,20.928,0.0,1
Kothrud,Swargate,21,2,1,1343,7152,0,19.171407297096057,0.0,0
Kothrud,Swargate,21,2,2,1269,7301,0,20.712056737588654,0.0,0
Kothrud,Swargate,23,2,0,987,6976,0,25.44437689969605,0.0,1
Kothrud,Swargate,23,2,1,1130,7152,0,22.785132743362837,0.0,0
Kothrud,Swargate,23,2,2,1080,7301,0,24.33666666666667,0.0,0
Kothrud,Swargate,7,3,0,1065,6976,0,23.580845070422534,0.0,1
Kothrud,Swargate,7,3,1,1251,7243,0,20.8431654676259,0.0,0
Kothrud,Swargate,7,3,2,1230,7325,0,21.4390243902439,0.0,0
Kothrud,Swargate,9,3,0,1318,6976,0,19.05432473444613,0.0,1
Kothrud,Swargate,9,3,1,1505,7243,0,17.325448504983388,0.0,0
Kothrud,Swargate,9,3,2,1454,7325,0,18.13617606602476,0.0,0
Kothrud,Swargate,11,3,0,1554,7268,0,16.83706563706564,0.0,1
Kothrud,Swargate,11,3,1,1721,7136,0,14.927135386403254,0.0,0
Kothrud,Swargate,11,3,2,1728,7427,0,15.472916666666666,0.0,0
Kothrud,Swargate,13,3,0,1623,7266,0,16.116820702402958,0.0,1
Kothrud,Swargate,13,3,1,1788,7328,0,14.754362416107384,0.0,0
Kothrud,Swargate,13,3,2,1873,7427,0,14.275066737853711,0.0,0
Kothrud,Swargate,15,3,0,1527,7266,0,17.130058939096266,0.0,1
Kothrud,Swargate,15,3,1,1744,7349,0,15.169954128440368,0.0,0
Kothrud,Swargate,15,3,2,1935,7703,0,14.331162790697675,0.0,0
Kothrud,Swargate,17,3,0,1593,7261,0,16.409039548022598,0.0,1
Kothrud,Swargate,17,3,1,1829,7317,0,14.40196828868234,0.0,0
Kothrud,Swargate,17,3,2,1997,7703,0,13.886229344016025,0.0,0
Kothrud,Swargate,19,3,0,1592,7206,0,16.29497487437186,0.0,1
Kothrud,Swargate,19,3,1,1722,7086,0,14.813937282229968,0.0,0
Kothrud,Swargate,19,3,2,1781,7427,0,15.012464907355415,0.0,0
Kothrud,Swargate,21,3,0,1209,6976,0,20.772208436724565,0.0,1
Kothrud,Swargate,21,3,1,1344,7152,0,19.15714285714286,0.0,0
Kothrud,Swargate,21,3,2,1272,7310,0,20.68867924528302,0.0,0
Kothrud,Swargate,23,3,0,987,6976,0,25.44437689969605,0.0,1
Kothrud,Swargate,23,3,1,1130,7152,0,22.785132743362837,0.0,0
Kothrud,Swargate,23,3,2,1080,7301,0,24.33666666666667,0.0,0
Kothrud,Swargate,7,4,0,1044,6976,0,24.055172413793105,0.0,1
Kothrud,Swargate,7,4,1,1236,7243,0,21.09611650485437,0.0,0
Kothrud,Swargate,7,4,2,1212,7512,0,22.31287128712871,0.0,0
Kothrud,Swargate,9,4,0,1176,6976,0,21.355102040816327,0.0,1
Kothrud,Swargate,9,4,1,1382,7243,0,18.86743849493488,0.0,0
Kothrud,Swargate,9,4,2,1315,7512,0,20.5651711026616,0.0,0
Kothrud,Swargate,11,4,0,1309,7226,0,19.87288006111536,0.0,1
Kothrud,Swargate,11,4,1,1444,7427,0,18.51606648199446,0.0,0
Kothrud,Swargate,11,4,2,1494,7405,0,17.843373493975903,0.0,0
Kothrud,Swargate,13,4,0,1375,7226,0,18.91898181818182,0.0,1
Kothrud,Swargate,13,4,1,1545,7177,0,16.723106796116504,0.0,0
Kothrud,Swargate,13,4,2,1554,7427,0,17.205405405405404,0.0,0
Kothrud,Swargate,15,4,0,1354,7284,0,19.36661742983752,0.0,1
Kothrud,Swargate,15,4,1,1493,7177,0,17.305559276624244,0.0,0
Kothrud,Swargate,15,4,2,1620,7703,0,17.11777777777778,0.0,0
Kothrud,Swargate,17,4,0,1406,7223,0,18.49416785206259,0.0,1
Kothrud,Swargate,17,4,1,1564,7177,0,16.519948849104857,0.0,0
Kothrud,Swargate,17,4,2,1672,7703,0,16.585406698564594,0.0,0
Kothrud,Swargate,19,4,0,1419,7226,0,18.3323467230444,0.0,1
Kothrud,Swargate,19,4,1,1629,7093,0,15.67513812154696,0.0,0
Kothrud,Swargate,19,4,2,1578,7427,0,16.943726235741444,0.0,0
Kothrud,Swargate,21,4,0,1154,6976,0,21.762218370883883,0.0,1
Kothrud,Swargate,21,4,1,1370,7243,0,19.032700729927008,0.0,0
Kothrud,Swargate,21,4,2,1313,7325,0,20.083777608530085,0.0,0
Kothrud,Swargate,23,4,0,987,6976,0,25.44437689969605,0.0,1
Kothrud,Swargate,23,4,1,1130,7152,0,22.785132743362837,0.0,0
Kothrud,Swargate,23,4,2,1080,7301,0,24.33666666666667,0.0,0
Kothrud,Swargate,7,5,0,1070,6976,0,23.47065420560748,0.0,1
Kothrud,Swargate,7,5,1,1253,7243,0,20.8098962490024,0.0,0
Kothrud,Swargate,7,5,2,1243,7325,0,21.214802896218824,0.0,0
Kothrud,Swargate,9,5,0,1365,6976,0,18.39824175824176,0.0,1
Kothrud,Swargate,9,5,1,1529,7243,0,17.053499018966647,0.0,0
Kothrud,Swargate,9,5,2,1517,7325,0,17.38299274884641,0.0,0
Kothrud,Swargate,11,5,0,1571,7261,0,16.638828771483134,0.0,1
Kothrud,Swargate,11,5,1,1684,7361,0,15.736104513064133,0.0,0
Kothrud,Swargate,11,5,2,1710,7427,0,15.635789473684213,0.0,0
Kothrud,Swargate,13,5,0,1565,7261,0,16.70261980830671,0.0,1
Kothrud,Swargate,13,5,1,1711,7361,0,15.487784921098772,0.0,0
Kothrud,Swargate,13,5,2,1771,7427,0,15.097233201581028,0.0,0
Kothrud,Swargate,15,5,0,1430,7226,0,18.191328671328677,0.0,1
Kothrud,Swargate,15,5,1,1607,7373,0,16.51698817672682,0.0,0
Kothrud,Swargate,15,5,2,1722,7427,0,15.526829268292682,0.0,0
Kothrud,Swargate,17,5,0,1558,7218,0,16.678305519897304,0.0,1
Kothrud,Swargate,17,5,1,1743,7318,0,15.114629948364886,0.0,0
Kothrud,Swargate,17,5,2,1808,7427,0,14.788274336283184,0.0,0
Kothrud,Swargate,19,5,0,1586,6976,0,15.83455233291299,0.0,1
Kothrud,Swargate,19,5,1,1799,7202,0,14.41200667037243,0.0,0
Kothrud,Swargate,19,5,2,1734,7404,0,15.371626297577851,0.0,0
Kothrud,Swargate,21,5,0,1187,6976,0,21.157203032855936,0.0,1
Kothrud,Swargate,21,5,1,1336,7152,0,19.27185628742515,0.0,0
Kothrud,Swargate,21,5,2,1271,7139,0,20.220613690007863,0.0,0
Kothrud,Swargate,23,5,0,987,6976,0,25.44437689969605,0.0,1
Kothrud,Swargate,23,5,1,1130,7152,0,22.785132743362837,0.0,0
Kothrud,Swargate,23,5,2,1080,7301,0,24.33666666666667,0.0,0
Kothrud,Swargate,7,6,0,1072,6976,0,23.426865671641792,0.0,1
Kothrud,Swargate,7,6,1,1258,7243,0,20.72718600953895,0.0,0
Kothrud,Swargate,7,6,2,1247,7325,0,21.146752205292703,0.0,0
Kothrud,Swargate,9,6,0,1399,6976,0,17.951107934238742,0.0,1
Kothrud,Swargate,9,6,1,1552,7384,0,17.12783505154639,0.0,0
Kothrud,Swargate,9,6,2,1532,7333,0,17.231592689295038,0.0,0
Kothrud,Swargate,11,6,0,1603,7261,0,16.306674984404243,0.0,1
Kothrud,Swargate,11,6,1,1716,7361,0,15.44265734265734,0.0,0
Kothrud,Swargate,11,6,2,1750,7427,0,15.2784,0.0,0
Kothrud,Swargate,13,6,0,1579,7261,0,16.55452818239392,0.0,1
Kothrud,Swargate,13,6,1,1740,7361,0,15.229655172413793,0.0,0
Kothrud,Swargate,13,6,2,1814,7427,0,14.739360529217198,0.0,0
Kothrud,Swargate,15,6,0,1436,7226,0,18.11532033426184,0.0,1
Kothrud,Swargate,15,6,1,1616,7373,0,16.425,0.0,0
Kothrud,Swargate,15,6,2,1742,7427,0,15.348564867967854,0.0,0
Kothrud,Swargate,17,6,0,1574,7206,0,16.481321473951716,0.0,1
Kothrud,Swargate,17,6,1,1753,7318,0,15.028408442669708,0.0,0
Kothrud,Swargate,17,6,2,1810,7427,0,14.771933701657458,0.0,0
Kothrud,Swargate,19,6,0,1614,7218,0,16.099628252788104,0.0,1
Kothrud,Swargate,19,6,1,1822,7285,0,14.394072447859497,0.0,0
Kothrud,Swargate,19,6,2,1747,7427,0,15.30463651974814,0.0,0
Kothrud,Swargate,21,6,0,1202,6976,0,20.893178036605654,0.0,1
Kothrud,Swargate,21,6,1,1337,7152,0,19.257442034405383,0.0,0
Kothrud,Swargate,21,6,2,1274,7148,0,20.19843014128729,0.0,0
Kothrud,Swargate,23,6,0,987,6976,0,25.44437689969605,0.0,1
Kothrud,Swargate,23,6,1,1130,7152,0,22.785132743362837,0.0,0
Kothrud,Swargate,23,6,2,1080,7301,0,24.33666666666667,0.0,0
Kothrud,Swargate,7,0,0,1069,6976,0,23.492609915809165,0.0,1
Kothrud,Swargate,7,0,1,1253,7243,0,20.8098962490024,0.0,0
Kothrud,Swargate,7,0,2,1246,7350,0,21.235955056179776,0.0,0
Kothrud,Swargate,9,0,0,1382,6976,0,18.171924746743848,0.0,1
Kothrud,Swargate,9,0,1,1538,7318,0,17.12925877763329,0.0,0
Kothrud,Swargate,9,0,2,1519,7333,0,17.37906517445688,0.0,0
Kothrud,Swargate,11,0,0,1563,7261,0,16.723992322456816,0.0,1
Kothrud,Swargate,11,0,1,1679,7361,0,15.782966051220964,0.0,0
Kothrud,Swargate,11,0,2,1730,7427,0,15.455028901734105,0.0,0
Kothrud,Swargate,13,0,0,1560,7261,0,16.756153846153847,0.0,1
Kothrud,Swargate,13,0,1,1716,7361,0,15.44265734265734,0.0,0
Kothrud,Swargate,13,0,2,1790,7427,0,14.936983240223462,0.0,0
Kothrud,Swargate,15,0,0,1421,7226,0,18.30654468684025,0.0,1
Kothrud,Swargate,15,0,1,1602,7373,0,16.568539325842696,0.0,0
Kothrud,Swargate,15,0,2,1719,7427,0,15.55392670157068,0.0,0
Kothrud,Swargate,17,0,0,1559,7223,0,16.679153303399612,0.0,1
Kothrud,Swargate,17,0,1,1740,7318,0,15.140689655172412,0.0,0
Kothrud,Swargate,17,0,2,1811,7427,0,14.763776918829372,0.0,0
Kothrud,Swargate,19,0,0,1598,7218,0,16.260826032540677,0.0,1
Kothrud,Swargate,19,0,1,1826,7285,0,14.362541073384447,0.0,0
Kothrud,Swargate,19,0,2,1757,7427,0,15.217529880478086,0.0,0
Kothrud,Swargate,21,0,0,1203,6976,0,20.875810473815463,0.0,1
Kothrud,Swargate,21,0,1,1342,7152,0,19.185692995529063,0.0,0
Kothrud,Swargate,21,0,2,1268,7310,0,20.75394321766561,0.0,0
Kothrud,Swargate,23,0,0,987,6976,0,25.44437689969605,0.0,1
Kothrud,Swargate,23,0,1,1130,7152,0,22.785132743362837,0.0,0
Kothrud,Swargate,23,0,2,1080,7301,0,24.33666666666667,0.0,0
Kothrud,Swargate,7,1,0,1065,6976,0,23.580845070422534,0.0,1
Kothrud,Swargate,7,1,1,1255,7243,0,20.776733067729086,0.0,0
Kothrud,Swargate,7,1,2,1242,7325,0,21.231884057971016,0.0,0
Kothrud,Swargate,9,1,0,1365,6976,0,18.39824175824176,0.0,1
Kothrud,Swargate,9,1,1,1531,7318,0,17.207576747224035,0.0,0
Kothrud,Swargate,9,1,2,1513,7333,0,17.447984137475217,0.0,0
Kothrud,Swargate,11,1,0,1559,7266,0,16.778447722899294,0.0,1
Kothrud,Swargate,11,1,1,1681,7361,0,15.764187983343248,0.0,0
Kothrud,Swargate,11,1,2,1740,7427,0,15.366206896551724,0.0,0
Kothrud,Swargate,13,1,0,1565,7266,0,16.7141214057508,0.0,1
Kothrud,Swargate,13,1,1,1718,7361,0,15.424679860302676,0.0,0
Kothrud,Swargate,13,1,2,1810,7427,0,14.771933701657458,0.0,0
Kothrud,Swargate,15,1,0,1428,7226,0,18.216806722689075,0.0,1
Kothrud,Swargate,15,1,1,1614,7373,0,16.4453531598513,0.0,0
Kothrud,Swargate,15,1,2,1716,7427,0,15.58111888111888,0.0,0
Kothrud,Swargate,17,1,0,1551,7223,0,16.765183752417794,0.0,1
Kothrud,Swargate,17,1,1,1738,7318,0,15.158112773302646,0.0,0
Kothrud,Swargate,17,1,2,1805,7427,0,14.812853185595568,0.0,0
Kothrud,Swargate,19,1,0,1596,7218,0,16.281203007518798,0.0,1
Kothrud,Swargate,19,1,1,1811,7285,0,14.481501932633904,0.0,0
Kothrud,Swargate,19,1,2,1765,7427,0,15.1485552407932,0.0,0
Kothrud,Swargate,21,1,0,1200,6976,0,20.928,0.0,1
Kothrud,Swargate,21,1,1,1340,7152,0,19.21432835820896,0.0,0
Kothrud,Swargate,21,1,2,1271,7139,0,20.220613690007863,0.0,0
Kothrud,Swargate,23,1,0,987,6976,0,25.44437689969605,0.0,1
Kothrud,Swargate,23,1,1,1130,7152,0,22.785132743362837,0.0,0
Kothrud,Swargate,23,1,2,1080,7301,0,24.33666666666667,0.0,0
Kothrud,Swargate,7,2,0,1064,6976,0,23.603007518796996,0.0,1
Kothrud,Swargate,7,2,1,1257,7243,0,20.7436754176611,0.0,0
Kothrud,Swargate,7,2,2,1242,7325,0,21.231884057971016,0.0,0
Kothrud,Swargate,9,2,0,1354,6976,0,18.547710487444608,0.0,1
Kothrud,Swargate,9,2,1,1545,7243,0,16.876893203883498,0.0,0
Kothrud,Swargate,9,2,2,1508,7333,0,17.50583554376658,0.0,0
Kothrud,Swargate,11,2,0,1554,7249,0,16.793050193050192,0.0,1
Kothrud,Swargate,11,2,1,1700,7361,0,15.588,0.0,0
Kothrud,Swargate,11,2,2,1727,7427,0,15.481876085697742,0.0,0
Kothrud,Swargate,13,2,0,1566,7327,0,16.84367816091954,0.0,1
Kothrud,Swargate,13,2,1,1746,7277,0,15.004123711340206,0.0,0
Kothrud,Swargate,13,2,2,1804,7427,0,14.821064301552108,0.0,0
Kothrud,Swargate,15,2,0,1444,7226,0,18.014958448753465,0.0,1
Kothrud,Swargate,15,2,1,1624,7373,0,16.34408866995074,0.0,0
Kothrud,Swargate,15,2,2,1753,7427,0,15.25225328009127,0.0,0
Kothrud,Swargate,17,2,0,1563,7223,0,16.636468330134356,0.0,1
Kothrud,Swargate,17,2,1,1763,7177,0,14.655246738513895,0.0,0
Kothrud,Swargate,17,2,2,1837,7427,0,14.554817637452366,0.0,0
Kothrud,Swargate,19,2,0,1597,7218,0,16.271008140262992,0.0,1
Kothrud,Swargate,19,2,1,1835,7285,0,14.292098092643052,0.0,0
Kothrud,Swargate,19,2,2,1761,7427,0,15.18296422487223,0.0,0
Kothrud,Swargate,21,2,0,1200,6976,0,20.928,0.0,1
Kothrud,Swargate,21,2,1,1343,7152,0,19.171407297096057,0.0,0
Kothrud,Swargate,21,2,2,1269,7301,0,20.712056737588654,0.0,0
Kothrud,Swargate,23,2,0,987,6976,0,25.44437689969605,0.0,1
Kothrud,Swargate,23,2,1,1130,7152,0,22.785132743362837,0.0,0
Kothrud,Swargate,23,2,2,1080,7301,0,24.33666666666667,0.0,0
Kothrud,Swargate,7,3,0,1065,6976,0,23.580845070422534,0.0,1
Kothrud,Swargate,7,3,1,1251,7243,0,20.8431654676259,0.0,0
Kothrud,Swargate,7,3,2,1230,7325,0,21.4390243902439,0.0,0
Kothrud,Swargate,9,3,0,1318,6976,0,19.05432473444613,0.0,1
Kothrud,Swargate,9,3,1,1505,7243,0,17.325448504983388,0.0,0
Kothrud,Swargate,9,3,2,1454,7325,0,18.13617606602476,0.0,0
Kothrud,Swargate,11,3,0,1554,7268,0,16.83706563706564,0.0,1
Kothrud,Swargate,11,3,1,1721,7136,0,14.927135386403254,0.0,0
Kothrud,Swargate,11,3,2,1728,7427,0,15.472916666666666,0.0,0
Kothrud,Swargate,13,3,0,1623,7266,0,16.116820702402958,0.0,1
Kothrud,Swargate,13,3,1,1788,7328,0,14.754362416107384,0.0,0
Kothrud,Swargate,13,3,2,1873,7427,0,14.275066737853711,0.0,0
Kothrud,Swargate,15,3,0,1527,7266,0,17.130058939096266,0.0,1
Kothrud,Swargate,15,3,1,1744,7349,0,15.169954128440368,0.0,0
Kothrud,Swargate,15,3,2,1935,7703,0,14.331162790697675,0.0,0
Kothrud,Swargate,17,3,0,1593,7261,0,16.409039548022598,0.0,1
Kothrud,Swargate,17,3,1,1829,7317,0,14.40196828868234,0.0,0
Kothrud,Swargate,17,3,2,1997,7703,0,13.886229344016025,0.0,0
Kothrud,Swargate,19,3,0,1592,7206,0,16.29497487437186,0.0,1
Kothrud,Swargate,19,3,1,1722,7086,0,14.813937282229968,0.0,0
Kothrud,Swargate,19,3,2,1781,7427,0,15.012464907355415,0.0,0
Kothrud,Swargate,21,3,0,1209,6976,0,20.772208436724565,0.0,1
Kothrud,Swargate,21,3,1,1344,7152,0,19.15714285714286,0.0,0
Kothrud,Swargate,21,3,2,1272,7310,0,20.68867924528302,0.0,0
Kothrud,Swargate,23,3,0,987,6976,0,25.44437689969605,0.0,1
Kothrud,Swargate,23,3,1,1130,7152,0,22.785132743362837,0.0,0
Kothrud,Swargate,23,3,2,1080,7301,0,24.33666666666667,0.0,0
Kothrud,Swargate,7,4,0,1044,6976,0,24.055172413793105,0.0,1
Kothrud,Swargate,7,4,1,1236,7243,0,21.09611650485437,0.0,0
Kothrud,Swargate,7,4,2,1212,7512,0,22.31287128712871,0.0,0
Kothrud,Swargate,9,4,0,1176,6976,0,21.355102040816327,0.0,1
Kothrud,Swargate,9,4,1,1382,7243,0,18.86743849493488,0.0,0
Kothrud,Swargate,9,4,2,1315,7512,0,20.5651711026616,0.0,0
Kothrud,Swargate,11,4,0,1309,7226,0,19.87288006111536,0.0,1
Kothrud,Swargate,11,4,1,1444,7427,0,18.51606648199446,0.0,0
Kothrud,Swargate,11,4,2,1494,7405,0,17.843373493975903,0.0,0
Kothrud,Swargate,13,4,0,1375,7226,0,18.91898181818182,0.0,1
Kothrud,Swargate,13,4,1,1545,7177,0,16.723106796116504,0.0,0
Kothrud,Swargate,13,4,2,1554,7427,0,17.205405405405404,0.0,0
Kothrud,Swargate,15,4,0,1354,7284,0,19.36661742983752,0.0,1
Kothrud,Swargate,15,4,1,1493,7177,0,17.305559276624244,0.0,0
Kothrud,Swargate,15,4,2,1620,7703,0,17.11777777777778,0.0,0
Kothrud,Swargate,17,4,0,1406,7223,0,18.49416785206259,0.0,1
Kothrud,Swargate,17,4,1,1564,7177,0,16.519948849104857,0.0,0
Kothrud,Swargate,17,4,2,1672,7703,0,16.585406698564594,0.0,0
Kothrud,Swargate,19,4,0,1419,7226,0,18.3323467230444,0.0,1
Kothrud,Swargate,19,4,1,1629,7093,0,15.67513812154696,0.0,0
Kothrud,Swargate,19,4,2,1578,7427,0,16.943726235741444,0.0,0
Kothrud,Swargate,21,4,0,1154,6976,0,21.762218370883883,0.0,1
Kothrud,Swargate,21,4,1,1370,7243,0,19.032700729927008,0.0,0
Kothrud,Swargate,21,4,2,1313,7325,0,20.083777608530085,0.0,0
Kothrud,Swargate,23,4,0,987,6976,0,25.44437689969605,0.0,1
Kothrud,Swargate,23,4,1,1130,7152,0,22.785132743362837,0.0,0
Kothrud,Swargate,23,4,2,1080,7301,0,24.33666666666667,0.0,0
Kothrud,Swargate,7,5,0,1070,6976,0,23.47065420560748,0.0,1
Kothrud,Swargate,7,5,1,1253,7243,0,20.8098962490024,0.0,0
Kothrud,Swargate,7,5,2,1243,7325,0,21.214802896218824,0.0,0
Kothrud,Swargate,9,5,0,1365,6976,0,18.39824175824176,0.0,1
Kothrud,Swargate,9,5,1,1529,7243,0,17.053499018966647,0.0,0
Kothrud,Swargate,9,5,2,1517,7325,0,17.38299274884641,0.0,0
Kothrud,Swargate,11,5,0,1571,7261,0,16.638828771483134,0.0,1
Kothrud,Swargate,11,5,1,1684,7361,0,15.736104513064133,0.0,0
Kothrud,Swargate,11,5,2,1710,7427,0,15.635789473684213,0.0,0
Kothrud,Swargate,13,5,0,1565,7261,0,16.70261980830671,0.0,1
Kothrud,Swargate,13,5,1,1711,7361,0,15.487784921098772,0.0,0
Kothrud,Swargate,13,5,2,1771,7427,0,15.097233201581028,0.0,0
Kothrud,Swargate,15,5,0,1430,7226,0,18.191328671328677,0.0,1
Kothrud,Swargate,15,5,1,1607,7373,0,16.51698817672682,0.0,0
Kothrud,Swargate,15,5,2,1722,7427,0,15.526829268292682,0.0,0
Kothrud,Swargate,17,5,0,1558,7218,0,16.678305519897304,0.0,1
Kothrud,Swargate,17,5,1,1743,7318,0,15.114629948364886,0.0,0
Kothrud,Swargate,17,5,2,1808,7427,0,14.788274336283184,0.0,0
Kothrud,Swargate,19,5,0,1586,6976,0,15.83455233291299,0.0,1
Kothrud,Swargate,19,5,1,1799,7202,0,14.41200667037243,0.0,0
Kothrud,Swargate,19,5,2,1734,7404,0,15.371626297577851,0.0,0
Kothrud,Swargate,21,5,0,1187,6976,0,21.157203032855936,0.0,1
Kothrud,Swargate,21,5,1,1336,7152,0,19.27185628742515,0.0,0
Kothrud,Swargate,21,5,2,1271,7139,0,20.220613690007863,0.0,0
Kothrud,Swargate,23,5,0,987,6976,0,25.44437689969605,0.0,1
Kothrud,Swargate,23,5,1,1130,7152,0,22.785132743362837,0.0,0
Kothrud,Swargate,23,5,2,1080,7301,0,24.33666666666667,0.0,0
Kothrud,Swargate,7,6,0,1072,6976,0,23.426865671641792,0.0,1
Kothrud,Swargate,7,6,1,1258,7243,0,20.72718600953895,0.0,0
Kothrud,Swargate,7,6,2,1247,7325,0,21.146752205292703,0.0,0
Kothrud,Swargate,9,6,0,1399,6976,0,17.951107934238742,0.0,1
Kothrud,Swargate,9,6,1,1552,7384,0,17.12783505154639,0.0,0
Kothrud,Swargate,9,6,2,1532,7333,0,17.231592689295038,0.0,0
Kothrud,Swargate,11,6,0,1603,7261,0,16.306674984404243,0.0,1
Kothrud,Swargate,11,6,1,1716,7361,0,15.44265734265734,0.0,0
Kothrud,Swargate,11,6,2,1750,7427,0,15.2784,0.0,0
Kothrud,Swargate,13,6,0,1579,7261,0,16.55452818239392,0.0,1
Kothrud,Swargate,13,6,1,1740,7361,0,15.229655172413793,0.0,0
Kothrud,Swargate,13,6,2,1814,7427,0,14.739360529217198,0.0,0
Kothrud,Swargate,15,6,0,1436,7226,0,18.11532033426184,0.0,1
Kothrud,Swargate,15,6,1,1616,7373,0,16.425,0.0,0
Kothrud,Swargate,15,6,2,1742,7427,0,15.348564867967854,0.0,0
Kothrud,Swargate,17,6,0,1574,7206,0,16.481321473951716,0.0,1
Kothrud,Swargate,17,6,1,1753,7318,0,15.028408442669708,0.0,0
Kothrud,Swargate,17,6,2,1810,7427,0,14.771933701657458,0.0,0
Kothrud,Swargate,19,6,0,1614,7218,0,16.099628252788104,0.0,1
Kothrud,Swargate,19,6,1,1822,7285,0,14.394072447859497,0.0,0
Kothrud,Swargate,19,6,2,1747,7427,0,15.30463651974814,0.0,0
Kothrud,Swargate,21,6,0,1202,6976,0,20.893178036605654,0.0,1
Kothrud,Swargate,21,6,1,1337,7152,0,19.257442034405383,0.0,0
Kothrud,Swargate,21,6,2,1274,7148,0,20.19843014128729,0.0,0
Kothrud,Swargate,23,6,0,987,6976,0,25.44437689969605,0.0,1
Kothrud,Swargate,23,6,1,1130,7152,0,22.785132743362837,0.0,0
Kothrud,Swargate,23,6,2,1080,7301,0,24.33666666666667,0.0,0
Kothrud,Hinjewadi,7,0,0,1408,16099,0,41.16221590909091,0.0,1
Kothrud,Hinjewadi,7,0,1,2266,18880,0,29.994704324801408,0.0,0
Kothrud,Hinjewadi,7,0,2,1952,15641,0,28.84610655737705,0.0,0
Kothrud,Hinjewadi,9,0,0,1719,16099,0,33.7151832460733,0.0,1
Kothrud,Hinjewadi,9,0,1,2756,18880,0,24.66182873730044,0.0,0
Kothrud,Hinjewadi,9,0,2,2414,17371,0,25.905385252692625,0.0,0
Kothrud,Hinjewadi,11,0,0,1816,16099,0,31.914317180616735,0.0,1
Kothrud,Hinjewadi,11,0,1,2941,18880,0,23.110506630397825,0.0,0
Kothrud,Hinjewadi,11,0,2,2556,17371,0,24.46619718309859,0.0,0
Kothrud,Hinjewadi,13,0,0,1710,16099,0,33.89263157894737,0.0,1
Kothrud,Hinjewadi,13,0,1,2752,18880,0,24.69767441860465,0.0,0
Kothrud,Hinjewadi,13,0,2,2281,15641,0,24.68548882069268,0.0,0
Kothrud,Hinjewadi,15,0,0,1541,16099,0,37.6096041531473,0.0,1
Kothrud,Hinjewadi,15,0,1,2624,18880,0,25.90243902439024,0.0,0
Kothrud,Hinjewadi,15,0,2,2116,15641,0,26.61039697542533,0.0,0
Kothrud,Hinjewadi,17,0,0,1737,16099,0,33.365803108808294,0.0,1
Kothrud,Hinjewadi,17,0,1,3081,18880,0,22.060370009737092,0.0,0
Kothrud,Hinjewadi,17,0,2,2387,15641,0,23.589275240888146,0.0,0
Kothrud,Hinjewadi,19,0,0,1866,16099,0,31.059163987138263,0.0,1
Kothrud,Hinjewadi,19,0,1,3164,18880,0,21.48166877370417,0.0,0
Kothrud,Hinjewadi,19,0,2,2550,15641,0,22.08141176470588,0.0,0
Kothrud,Hinjewadi,21,0,0,1482,16099,0,39.10688259109312,0.0,1
Kothrud,Hinjewadi,21,0,1,2322,18880,0,29.271317829457363,0.0,0
Kothrud,Hinjewadi,21,0,2,2046,15641,0,27.5208211143695,0.0,0
Kothrud,Hinjewadi,23,0,0,1314,16099,0,44.106849315068494,0.0,1
Kothrud,Hinjewadi,23,0,1,2067,18880,0,32.882438316400574,0.0,0
Kothrud,Hinjewadi,23,0,2,1819,15637,0,30.947333699835077,0.0,0
Kothrud,Hinjewadi,7,1,0,1394,16099,0,41.57560975609756,0.0,1
Kothrud,Hinjewadi,7,1,1,2247,18880,0,30.248331108144196,0.0,0
Kothrud,Hinjewadi,7,1,2,1938,15641,0,29.05448916408669,0.0,0
Kothrud,Hinjewadi,9,1,0,1666,16099,0,34.78775510204082,0.0,1
Kothrud,Hinjewadi,9,1,1,2705,18880,0,25.1268022181146,0.0,0
Kothrud,Hinjewadi,9,1,2,2377,17371,0,26.308624316365165,0.0,0
Kothrud,Hinjewadi,11,1,0,1754,16099,0,33.042417331813,0.0,1
Kothrud,Hinjewadi,11,1,1,2893,18880,0,23.493950916004145,0.0,0
Kothrud,Hinjewadi,11,1,2,2329,15641,0,24.176728209531987,0.0,0
Kothrud,Hinjewadi,13,1,0,1678,16099,0,34.538974970202624,0.0,1
Kothrud,Hinjewadi,13,1,1,2732,18880,0,24.878477306002928,0.0,0
Kothrud,Hinjewadi,13,1,2,2248,15641,0,25.047864768683272,0.0,0
Kothrud,Hinjewadi,15,1,0,1529,16099,0,37.90477436232832,0.0,1
Kothrud,Hinjewadi,15,1,1,2604,18880,0,26.10138248847926,0.0,0
Kothrud,Hinjewadi,15,1,2,2107,15641,0,26.72406264831514,0.0,0
Kothrud,Hinjewadi,17,1,0,1722,16099,0,33.65644599303136,0.0,1
Kothrud,Hinjewadi,17,1,1,3045,18880,0,22.321182266009853,0.0,0
Kothrud,Hinjewadi,17,1,2,2357,15641,0,23.889520577004667,0.0,0
Kothrud,Hinjewadi,19,1,0,1848,16099,0,31.361688311688315,0.0,1
Kothrud,Hinjewadi,19,1,1,3147,18880,0,21.59771210676835,0.0,0
Kothrud,Hinjewadi,19,1,2,2499,15641,0,22.53205282112845,0.0,0
Kothrud,Hinjewadi,21,1,0,1481,16099,0,39.13328831870358,0.0,1
Kothrud,Hinjewadi,21,1,1,2320,18880,0,29.296551724137927,0.0,0
Kothrud,Hinjewadi,21,1,2,2019,15637,0,27.88172362555721,0.0,0
Kothrud,Hinjewadi,23,1,0,1314,16099,0,44.106849315068494,0.0,1
Kothrud,Hinjewadi,23,1,1,2067,18880,0,32.882438316400574,0.0,0
Kothrud,Hinjewadi,23,1,2,1819,15637,0,30.947333699835077,0.0,0
Kothrud,Hinjewadi,7,2,0,1379,16099,0,42.02784626540972,0.0,1
Kothrud,Hinjewadi,7,2,1,2228,18880,0,30.506283662477557,0.0,0
Kothrud,Hinjewadi,7,2,2,1925,15641,0,29.250701298701298,0.0,0
Kothrud,Hinjewadi,9,2,0,1627,16099,0,35.62163491087892,0.0,1
Kothrud,Hinjewadi,9,2,1,2646,18880,0,25.687074829931973,0.0,0
Kothrud,Hinjewadi,9,2,2,2184,15641,0,25.78186813186813,0.0,0
Kothrud,Hinjewadi,11,2,0,1730,16099,0,33.50080924855492,0.0,1
Kothrud,Hinjewadi,11,2,1,2852,18880,0,23.831697054698456,0.0,0
Kothrud,Hinjewadi,11,2,2,2305,15641,0,24.42845986984816,0.0,0
Kothrud,Hinjewadi,13,2,0,1694,16099,0,34.21275088547816,0.0,1
Kothrud,Hinjewadi,13,2,1,2751,18880,0,24.706652126499453,0.0,0
Kothrud,Hinjewadi,13,2,2,2276,15641,0,24.739718804920912,0.0,0
Kothrud,Hinjewadi,15,2,0,1537,16099,0,37.7074821080026,0.0,1
Kothrud,Hinjewadi,15,2,1,2645,18880,0,25.696786389413987,0.0,0
Kothrud,Hinjewadi,15,2,2,2121,15641,0,26.54766619519095,0.0,0
Kothrud,Hinjewadi,17,2,0,1728,16099,0,33.53958333333333,0.0,1
Kothrud,Hinjewadi,17,2,1,3060,18880,0,22.211764705882352,0.0,0
Kothrud,Hinjewadi,17,2,2,2367,15641,0,23.788593155893537,0.0,0
Kothrud,Hinjewadi,19,2,0,1871,16099,0,30.97616247995724,0.0,1
Kothrud,Hinjewadi,19,2,1,3158,18880,0,21.522482583913867,0.0,0
Kothrud,Hinjewadi,19,2,2,2538,15641,0,22.18581560283688,0.0,0
Kothrud,Hinjewadi,21,2,0,1497,16099,0,38.71503006012024,0.0,1
Kothrud,Hinjewadi,21,2,1,2331,18880,0,29.15830115830116,0.0,0
Kothrud,Hinjewadi,21,2,2,2037,15637,0,27.63534609720177,0.0,0
Kothrud,Hinjewadi,23,2,0,1314,16099,0,44.106849315068494,0.0,1
Kothrud,Hinjewadi,23,2,1,2067,18880,0,32.882438316400574,0.0,0
Kothrud,Hinjewadi,23,2,2,1819,15637,0,30.947333699835077,0.0,0
Kothrud,Hinjewadi,7,3,0,1358,16099,0,42.67776141384389,0.0,1
Kothrud,Hinjewadi,7,3,1,2172,18880,0,31.29281767955801,0.0,0
Kothrud,Hinjewadi,7,3,2,1892,15641,0,29.76088794926004,0.0,0
Kothrud,Hinjewadi,9,3,0,1507,16099,0,38.45812873258129,0.0,1
Kothrud,Hinjewadi,9,3,1,2436,18880,0,27.90147783251232,0.0,0
Kothrud,Hinjewadi,9,3,2,2058,15641,0,27.360349854227405,0.0,0
Kothrud,Hinjewadi,11,3,0,1639,16099,0,35.36082977425259,0.0,1
Kothrud,Hinjewadi,11,3,1,2677,18880,0,25.38961524094135,0.0,0
Kothrud,Hinjewadi,11,3,2,2211,15641,0,25.46702849389417,0.0,0
Kothrud,Hinjewadi,13,3,0,1705,16099,0,33.99202346041056,0.0,1
Kothrud,Hinjewadi,13,3,1,2785,18880,0,24.405026929982043,0.0,0
Kothrud,Hinjewadi,13,3,2,2275,15641,0,24.750593406593406,0.0,0
Kothrud,Hinjewadi,15,3,0,1679,16099,0,34.51840381179273,0.0,1
Kothrud,Hinjewadi,15,3,1,2785,18880,0,24.405026929982043,0.0,0
Kothrud,Hinjewadi,15,3,2,2232,15641,0,25.22741935483871,0.0,0
Kothrud,Hinjewadi,17,3,0,1755,16099,0,33.023589743589746,0.0,1
Kothrud,Hinjewadi,17,3,1,3039,18880,0,22.36525172754196,0.0,0
Kothrud,Hinjewadi,17,3,2,2351,15641,0,23.950489153551683,0.0,0
Kothrud,Hinjewadi,19,3,0,1766,16099,0,32.81789354473386,0.0,1
Kothrud,Hinjewadi,19,3,1,2990,18880,0,22.731772575250837,0.0,0
Kothrud,Hinjewadi,19,3,2,2414,15641,0,23.32543496271748,0.0,0
Kothrud,Hinjewadi,21,3,0,1495,16099,0,38.76682274247492,0.0,1
Kothrud,Hinjewadi,21,3,1,2335,18880,0,29.10835117773019,0.0,0
Kothrud,Hinjewadi,21,3,2,2054,15641,0,27.41363193768257,0.0,0
Kothrud,Hinjewadi,23,3,0,1314,16099,0,44.106849315068494,0.0,1
Kothrud,Hinjewadi,23,3,1,2067,18880,0,32.882438316400574,0.0,0
Kothrud,Hinjewadi,23,3,2,1819,15637,0,30.947333699835077,0.0,0
Kothrud,Hinjewadi,7,4,0,1345,16099,0,43.090260223048325,0.0,1
Kothrud,Hinjewadi,7,4,1,2130,18880,0,31.90985915492957,0.0,0
Kothrud,Hinjewadi,7,4,2,1872,15641,0,30.078846153846158,0.0,0
Kothrud,Hinjewadi,9,4,0,1426,16099,0,40.642636746143054,0.0,1
Kothrud,Hinjewadi,9,4,1,2281,18880,0,29.79745725558965,0.0,0
Kothrud,Hinjewadi,9,4,2,1959,15641,0,28.74303215926493,0.0,0
Kothrud,Hinjewadi,11,4,0,1521,16099,0,38.10414201183432,0.0,1
Kothrud,Hinjewadi,11,4,1,2426,18880,0,28.01648804616653,0.0,0
Kothrud,Hinjewadi,11,4,2,2051,15641,0,27.45372988785958,0.0,0
Kothrud,Hinjewadi,13,4,0,1559,16099,0,37.17536882617062,0.0,1
Kothrud,Hinjewadi,13,4,1,2485,18880,0,27.35130784708249,0.0,0
Kothrud,Hinjewadi,13,4,2,2088,15641,0,26.967241379310348,0.0,0
Kothrud,Hinjewadi,15,4,0,1561,16099,0,37.12773862908392,0.0,1
Kothrud,Hinjewadi,15,4,1,2526,18880,0,26.90736342042755,0.0,0
Kothrud,Hinjewadi,15,4,2,2079,15641,0,27.083982683982683,0.0,0
Kothrud,Hinjewadi,17,4,0,1645,16099,0,35.231854103343466,0.0,1
Kothrud,Hinjewadi,17,4,1,2678,18880,0,25.380134428678115,0.0,0
Kothrud,Hinjewadi,17,4,2,2162,15641,0,26.04421831637373,0.0,0
Kothrud,Hinjewadi,19,4,0,1674,16099,0,34.62150537634408,0.0,1
Kothrud,Hinjewadi,19,4,1,2672,18880,0,25.437125748502996,0.0,0
Kothrud,Hinjewadi,19,4,2,2189,15641,0,25.72297852900868,0.0,0
Kothrud,Hinjewadi,21,4,0,1460,16099,0,39.69616438356165,0.0,1
Kothrud,Hinjewadi,21,4,1,2263,18880,0,30.03446752098984,0.0,0
Kothrud,Hinjewadi,21,4,2,1978,15641,0,28.466936299292215,0.0,0
Kothrud,Hinjewadi,23,4,0,1314,16099,0,44.106849315068494,0.0,1
Kothrud,Hinjewadi,23,4,1,2067,18880,0,32.882438316400574,0.0,0
Kothrud,Hinjewadi,23,4,2,1819,15637,0,30.947333699835077,0.0,0
Kothrud,Hinjewadi,7,5,0,1402,16099,0,41.338373751783166,0.0,1
Kothrud,Hinjewadi,7,5,1,2252,18880,0,30.181172291296622,0.0,0
Kothrud,Hinjewadi,7,5,2,1920,15637,0,29.319375,0.0,0
Kothrud,Hinjewadi,9,5,0,1679,16099,0,34.51840381179273,0.0,1
Kothrud,Hinjewadi,9,5,1,2710,18880,0,25.08044280442804,0.0,0
Kothrud,Hinjewadi,9,5,2,2221,15641,0,25.35236380009005,0.0,0
Kothrud,Hinjewadi,11,5,0,1764,16099,0,32.85510204081633,0.0,1
Kothrud,Hinjewadi,11,5,1,2884,18880,0,23.56726768377254,0.0,0
Kothrud,Hinjewadi,11,5,2,2329,15641,0,24.176728209531987,0.0,0
Kothrud,Hinjewadi,13,5,0,1685,16099,0,34.395489614243324,0.0,1
Kothrud,Hinjewadi,13,5,1,2723,18880,0,24.960705104663973,0.0,0
Kothrud,Hinjewadi,13,5,2,2239,15641,0,25.148548459133544,0.0,0
Kothrud,Hinjewadi,15,5,0,1532,16099,0,37.83054830287206,0.0,1
Kothrud,Hinjewadi,15,5,1,2607,18880,0,26.071346375143843,0.0,0
Kothrud,Hinjewadi,15,5,2,2071,15637,0,27.18165137614679,0.0,0
Kothrud,Hinjewadi,17,5,0,1700,16099,0,34.092,0.0,1
Kothrud,Hinjewadi,17,5,1,3050,18880,0,22.284590163934425,0.0,0
Kothrud,Hinjewadi,17,5,2,2302,15637,0,24.45403996524761,0.0,0
Kothrud,Hinjewadi,19,5,0,1818,16099,0,31.87920792079208,0.0,1
Kothrud,Hinjewadi,19,5,1,3165,18880,0,21.47488151658768,0.0,0
Kothrud,Hinjewadi,19,5,2,2472,15637,0,22.77233009708738,0.0,0
Kothrud,Hinjewadi,21,5,0,1480,16099,0,39.15972972972973,0.0,1
Kothrud,Hinjewadi,21,5,1,2321,18880,0,29.28392934080138,0.0,0
Kothrud,Hinjewadi,21,5,2,2025,15637,0,27.799111111111117,0.0,0
Kothrud,Hinjewadi,23,5,0,1314,16099,0,44.106849315068494,0.0,1
Kothrud,Hinjewadi,23,5,1,2067,18880,0,32.882438316400574,0.0,0
Kothrud,Hinjewadi,23,5,2,1819,15637,0,30.947333699835077,0.0,0
Kothrud,Hinjewadi,7,6,0,1412,16099,0,41.0456090651558,0.0,1
Kothrud,Hinjewadi,7,6,1,2277,18880,0,29.849802371541504,0.0,0
Kothrud,Hinjewadi,7,6,2,1943,15637,0,28.972310859495625,0.0,0
Kothrud,Hinjewadi,9,6,0,1729,16099,0,33.52018507807981,0.0,1
Kothrud,Hinjewadi,9,6,1,2785,18880,0,24.405026929982043,0.0,0
Kothrud,Hinjewadi,9,6,2,2436,17371,0,25.67142857142857,0.0,0
Kothrud,Hinjewadi,11,6,0,1829,16099,0,31.68747949699289,0.0,1
Kothrud,Hinjewadi,11,6,1,2981,18880,0,22.80040254948004,0.0,0
Kothrud,Hinjewadi,11,6,2,2568,17371,0,24.3518691588785,0.0,0
Kothrud,Hinjewadi,13,6,0,1712,16099,0,33.85303738317757,0.0,1
Kothrud,Hinjewadi,13,6,1,2777,18880,0,24.475333093266112,0.0,0
Kothrud,Hinjewadi,13,6,2,2275,15641,0,24.750593406593406,0.0,0
Kothrud,Hinjewadi,15,6,0,1553,16099,0,37.31899549259498,0.0,1
Kothrud,Hinjewadi,15,6,1,2653,18880,0,25.619298906897853,0.0,0
Kothrud,Hinjewadi,15,6,2,2129,15641,0,26.447909816815407,0.0,0
Kothrud,Hinjewadi,17,6,0,1746,16099,0,33.19381443298969,0.0,1
Kothrud,Hinjewadi,17,6,1,3107,18880,0,21.875764402961053,0.0,0
Kothrud,Hinjewadi,17,6,2,2417,15641,0,23.296483243690524,0.0,0
Kothrud,Hinjewadi,19,6,0,1857,16099,0,31.209693053311792,0.0,1
Kothrud,Hinjewadi,19,6,1,3181,18880,0,21.36686576548255,0.0,0
Kothrud,Hinjewadi,19,6,2,2530,15637,0,22.2502766798419,0.0,0
Kothrud,Hinjewadi,21,6,0,1477,16099,0,39.23926878808396,0.0,1
Kothrud,Hinjewadi,21,6,1,2324,18880,0,29.246127366609294,0.0,0
Kothrud,Hinjewadi,21,6,2,2020,15637,0,27.867920792079207,0.0,0
Kothrud,Hinjewadi,23,6,0,1314,16099,0,44.106849315068494,0.0,1
Kothrud,Hinjewadi,23,6,1,2067,18880,0,32.882438316400574,0.0,0
Kothrud,Hinjewadi,23,6,2,1819,15637,0,30.947333699835077,0.0,0
Kothrud,Hinjewadi,7,0,0,1408,16099,0,41.16221590909091,0.0,1
Kothrud,Hinjewadi,7,0,1,2266,18880,0,29.994704324801408,0.0,0
Kothrud,Hinjewadi,7,0,2,1952,15641,0,28.84610655737705,0.0,0
Kothrud,Hinjewadi,9,0,0,1719,16099,0,33.7151832460733,0.0,1
Kothrud,Hinjewadi,9,0,1,2756,18880,0,24.66182873730044,0.0,0
Kothrud,Hinjewadi,9,0,2,2414,17371,0,25.905385252692625,0.0,0
Kothrud,Hinjewadi,11,0,0,1816,16099,0,31.914317180616735,0.0,1
Kothrud,Hinjewadi,11,0,1,2941,18880,0,23.110506630397825,0.0,0
Kothrud,Hinjewadi,11,0,2,2556,17371,0,24.46619718309859,0.0,0
Kothrud,Hinjewadi,13,0,0,1710,16099,0,33.89263157894737,0.0,1
Kothrud,Hinjewadi,13,0,1,2752,18880,0,24.69767441860465,0.0,0
Kothrud,Hinjewadi,13,0,2,2281,15641,0,24.68548882069268,0.0,0
Kothrud,Hinjewadi,15,0,0,1541,16099,0,37.6096041531473,0.0,1
Kothrud,Hinjewadi,15,0,1,2624,18880,0,25.90243902439024,0.0,0
Kothrud,Hinjewadi,15,0,2,2116,15641,0,26.61039697542533,0.0,0
Kothrud,Hinjewadi,17,0,0,1737,16099,0,33.365803108808294,0.0,1
Kothrud,Hinjewadi,17,0,1,3081,18880,0,22.060370009737092,0.0,0
Kothrud,Hinjewadi,17,0,2,2387,15641,0,23.589275240888146,0.0,0
Kothrud,Hinjewadi,19,0,0,1866,16099,0,31.059163987138263,0.0,1
Kothrud,Hinjewadi,19,0,1,3164,18880,0,21.48166877370417,0.0,0
Kothrud,Hinjewadi,19,0,2,2550,15641,0,22.08141176470588,0.0,0
Kothrud,Hinjewadi,21,0,0,1482,16099,0,39.10688259109312,0.0,1
Kothrud,Hinjewadi,21,0,1,2322,18880,0,29.271317829457363,0.0,0
Kothrud,Hinjewadi,21,0,2,2046,15641,0,27.5208211143695,0.0,0
Kothrud,Hinjewadi,23,0,0,1314,16099,0,44.106849315068494,0.0,1
Kothrud,Hinjewadi,23,0,1,2067,18880,0,32.882438316400574,0.0,0
Kothrud,Hinjewadi,23,0,2,1819,15637,0,30.947333699835077,0.0,0
Kothrud,Hinjewadi,7,1,0,1394,16099,0,41.57560975609756,0.0,1
Kothrud,Hinjewadi,7,1,1,2247,18880,0,30.248331108144196,0.0,0
Kothrud,Hinjewadi,7,1,2,1938,15641,0,29.05448916408669,0.0,0
Kothrud,Hinjewadi,9,1,0,1666,16099,0,34.78775510204082,0.0,1
Kothrud,Hinjewadi,9,1,1,2705,18880,0,25.1268022181146,0.0,0
Kothrud,Hinjewadi,9,1,2,2377,17371,0,26.308624316365165,0.0,0
Kothrud,Hinjewadi,11,1,0,1754,16099,0,33.042417331813,0.0,1
Kothrud,Hinjewadi,11,1,1,2893,18880,0,23.493950916004145,0.0,0
Kothrud,Hinjewadi,11,1,2,2329,15641,0,24.176728209531987,0.0,0
Kothrud,Hinjewadi,13,1,0,1678,16099,0,34.538974970202624,0.0,1
Kothrud,Hinjewadi,13,1,1,2732,18880,0,24.878477306002928,0.0,0
Kothrud,Hinjewadi,13,1,2,2248,15641,0,25.047864768683272,0.0,0
Kothrud,Hinjewadi,15,1,0,1529,16099,0,37.90477436232832,0.0,1
Kothrud,Hinjewadi,15,1,1,2604,18880,0,26.10138248847926,0.0,0
Kothrud,Hinjewadi,15,1,2,2107,15641,0,26.72406264831514,0.0,0
Kothrud,Hinjewadi,17,1,0,1722,16099,0,33.65644599303136,0.0,1
Kothrud,Hinjewadi,17,1,1,3045,18880,0,22.321182266009853,0.0,0
Kothrud,Hinjewadi,17,1,2,2357,15641,0,23.889520577004667,0.0,0
Kothrud,Hinjewadi,19,1,0,1848,16099,0,31.361688311688315,0.0,1
Kothrud,Hinjewadi,19,1,1,3147,18880,0,21.59771210676835,0.0,0
Kothrud,Hinjewadi,19,1,2,2499,15641,0,22.53205282112845,0.0,0
Kothrud,Hinjewadi,21,1,0,1481,16099,0,39.13328831870358,0.0,1
Kothrud,Hinjewadi,21,1,1,2320,18880,0,29.296551724137927,0.0,0
Kothrud,Hinjewadi,21,1,2,2019,15637,0,27.88172362555721,0.0,0
Kothrud,Hinjewadi,23,1,0,1314,16099,0,44.106849315068494,0.0,1
Kothrud,Hinjewadi,23,1,1,2067,18880,0,32.882438316400574,0.0,0
Kothrud,Hinjewadi,23,1,2,1819,15637,0,30.947333699835077,0.0,0
Kothrud,Hinjewadi,7,2,0,1379,16099,0,42.02784626540972,0.0,1
Kothrud,Hinjewadi,7,2,1,2228,18880,0,30.506283662477557,0.0,0
Kothrud,Hinjewadi,7,2,2,1925,15641,0,29.250701298701298,0.0,0
Kothrud,Hinjewadi,9,2,0,1627,16099,0,35.62163491087892,0.0,1
Kothrud,Hinjewadi,9,2,1,2646,18880,0,25.687074829931973,0.0,0
Kothrud,Hinjewadi,9,2,2,2184,15641,0,25.78186813186813,0.0,0
Kothrud,Hinjewadi,11,2,0,1730,16099,0,33.50080924855492,0.0,1
Kothrud,Hinjewadi,11,2,1,2852,18880,0,23.831697054698456,0.0,0
Kothrud,Hinjewadi,11,2,2,2305,15641,0,24.42845986984816,0.0,0
Kothrud,Hinjewadi,13,2,0,1694,16099,0,34.21275088547816,0.0,1
Kothrud,Hinjewadi,13,2,1,2751,18880,0,24.706652126499453,0.0,0
Kothrud,Hinjewadi,13,2,2,2276,15641,0,24.739718804920912,0.0,0
Kothrud,Hinjewadi,15,2,0,1537,16099,0,37.7074821080026,0.0,1
Kothrud,Hinjewadi,15,2,1,2645,18880,0,25.696786389413987,0.0,0
Kothrud,Hinjewadi,15,2,2,2121,15641,0,26.54766619519095,0.0,0
Kothrud,Hinjewadi,17,2,0,1728,16099,0,33.53958333333333,0.0,1
Kothrud,Hinjewadi,17,2,1,3060,18880,0,22.211764705882352,0.0,0
Kothrud,Hinjewadi,17,2,2,2367,15641,0,23.788593155893537,0.0,0
Kothrud,Hinjewadi,19,2,0,1871,16099,0,30.97616247995724,0.0,1
Kothrud,Hinjewadi,19,2,1,3158,18880,0,21.522482583913867,0.0,0
Kothrud,Hinjewadi,19,2,2,2538,15641,0,22.18581560283688,0.0,0
Kothrud,Hinjewadi,21,2,0,1497,16099,0,38.71503006012024,0.0,1
Kothrud,Hinjewadi,21,2,1,2331,18880,0,29.15830115830116,0.0,0
Kothrud,Hinjewadi,21,2,2,2037,15637,0,27.63534609720177,0.0,0
Kothrud,Hinjewadi,23,2,0,1314,16099,0,44.106849315068494,0.0,1
Kothrud,Hinjewadi,23,2,1,2067,18880,0,32.882438316400574,0.0,0
Kothrud,Hinjewadi,23,2,2,1819,15637,0,30.947333699835077,0.0,0
Kothrud,Hinjewadi,7,3,0,1358,16099,0,42.67776141384389,0.0,1
Kothrud,Hinjewadi,7,3,1,2172,18880,0,31.29281767955801,0.0,0
Kothrud,Hinjewadi,7,3,2,1892,15641,0,29.76088794926004,0.0,0
Kothrud,Hinjewadi,9,3,0,1507,16099,0,38.45812873258129,0.0,1
Kothrud,Hinjewadi,9,3,1,2436,18880,0,27.90147783251232,0.0,0
Kothrud,Hinjewadi,9,3,2,2058,15641,0,27.360349854227405,0.0,0
Kothrud,Hinjewadi,11,3,0,1639,16099,0,35.36082977425259,0.0,1
Kothrud,Hinjewadi,11,3,1,2677,18880,0,25.38961524094135,0.0,0
Kothrud,Hinjewadi,11,3,2,2211,15641,0,25.46702849389417,0.0,0
Kothrud,Hinjewadi,13,3,0,1705,16099,0,33.99202346041056,0.0,1
Kothrud,Hinjewadi,13,3,1,2785,18880,0,24.405026929982043,0.0,0
Kothrud,Hinjewadi,13,3,2,2275,15641,0,24.750593406593406,0.0,0
Kothrud,Hinjewadi,15,3,0,1679,16099,0,34.51840381179273,0.0,1
Kothrud,Hinjewadi,15,3,1,2785,18880,0,24.405026929982043,0.0,0
Kothrud,Hinjewadi,15,3,2,2232,15641,0,25.22741935483871,0.0,0
Kothrud,Hinjewadi,17,3,0,1755,16099,0,33.023589743589746,0.0,1
Kothrud,Hinjewadi,17,3,1,3039,18880,0,22.36525172754196,0.0,0
Kothrud,Hinjewadi,17,3,2,2351,15641,0,23.950489153551683,0.0,0
Kothrud,Hinjewadi,19,3,0,1766,16099,0,32.81789354473386,0.0,1
Kothrud,Hinjewadi,19,3,1,2990,18880,0,22.731772575250837,0.0,0
Kothrud,Hinjewadi,19,3,2,2414,15641,0,23.32543496271748,0.0,0
Kothrud,Hinjewadi,21,3,0,1495,16099,0,38.76682274247492,0.0,1
Kothrud,Hinjewadi,21,3,1,2335,18880,0,29.10835117773019,0.0,0
Kothrud,Hinjewadi,21,3,2,2054,15641,0,27.41363193768257,0.0,0
Kothrud,Hinjewadi,23,3,0,1314,16099,0,44.106849315068494,0.0,1
Kothrud,Hinjewadi,23,3,1,2067,18880,0,32.882438316400574,0.0,0
Kothrud,Hinjewadi,23,3,2,1819,15637,0,30.947333699835077,0.0,0
Kothrud,Hinjewadi,7,4,0,1345,16099,0,43.090260223048325,0.0,1
Kothrud,Hinjewadi,7,4,1,2130,18880,0,31.90985915492957,0.0,0
Kothrud,Hinjewadi,7,4,2,1872,15641,0,30.078846153846158,0.0,0
Kothrud,Hinjewadi,9,4,0,1426,16099,0,40.642636746143054,0.0,1
Kothrud,Hinjewadi,9,4,1,2281,18880,0,29.79745725558965,0.0,0
Kothrud,Hinjewadi,9,4,2,1959,15641,0,28.74303215926493,0.0,0
Kothrud,Hinjewadi,11,4,0,1521,16099,0,38.10414201183432,0.0,1
Kothrud,Hinjewadi,11,4,1,2426,18880,0,28.01648804616653,0.0,0
Kothrud,Hinjewadi,11,4,2,2051,15641,0,27.45372988785958,0.0,0
Kothrud,Hinjewadi,13,4,0,1559,16099,0,37.17536882617062,0.0,1
Kothrud,Hinjewadi,13,4,1,2485,18880,0,27.35130784708249,0.0,0
Kothrud,Hinjewadi,13,4,2,2088,15641,0,26.967241379310348,0.0,0
Kothrud,Hinjewadi,15,4,0,1561,16099,0,37.12773862908392,0.0,1
Kothrud,Hinjewadi,15,4,1,2526,18880,0,26.90736342042755,0.0,0
Kothrud,Hinjewadi,15,4,2,2079,15641,0,27.083982683982683,0.0,0
Kothrud,Hinjewadi,17,4,0,1645,16099,0,35.231854103343466,0.0,1
Kothrud,Hinjewadi,17,4,1,2678,18880,0,25.380134428678115,0.0,0
Kothrud,Hinjewadi,17,4,2,2162,15641,0,26.04421831637373,0.0,0
Kothrud,Hinjewadi,19,4,0,1674,16099,0,34.62150537634408,0.0,1
Kothrud,Hinjewadi,19,4,1,2672,18880,0,25.437125748502996,0.0,0
Kothrud,Hinjewadi,19,4,2,2189,15641,0,25.72297852900868,0.0,0
Kothrud,Hinjewadi,21,4,0,1460,16099,0,39.69616438356165,0.0,1
Kothrud,Hinjewadi,21,4,1,2263,18880,0,30.03446752098984,0.0,0
Kothrud,Hinjewadi,21,4,2,1978,15641,0,28.466936299292215,0.0,0
Kothrud,Hinjewadi,23,4,0,1314,16099,0,44.106849315068494,0.0,1
Kothrud,Hinjewadi,23,4,1,2067,18880,0,32.882438316400574,0.0,0
Kothrud,Hinjewadi,23,4,2,1819,15637,0,30.947333699835077,0.0,0
Kothrud,Hinjewadi,7,5,0,1402,16099,0,41.338373751783166,0.0,1
Kothrud,Hinjewadi,7,5,1,2252,18880,0,30.181172291296622,0.0,0
Kothrud,Hinjewadi,7,5,2,1920,15637,0,29.319375,0.0,0
Kothrud,Hinjewadi,9,5,0,1679,16099,0,34.51840381179273,0.0,1
Kothrud,Hinjewadi,9,5,1,2710,18880,0,25.08044280442804,0.0,0
Kothrud,Hinjewadi,9,5,2,2221,15641,0,25.35236380009005,0.0,0
Kothrud,Hinjewadi,11,5,0,1764,16099,0,32.85510204081633,0.0,1
Kothrud,Hinjewadi,11,5,1,2884,18880,0,23.56726768377254,0.0,0
Kothrud,Hinjewadi,11,5,2,2329,15641,0,24.176728209531987,0.0,0
Kothrud,Hinjewadi,13,5,0,1685,16099,0,34.395489614243324,0.0,1
Kothrud,Hinjewadi,13,5,1,2723,18880,0,24.960705104663973,0.0,0
Kothrud,Hinjewadi,13,5,2,2239,15641,0,25.148548459133544,0.0,0
Kothrud,Hinjewadi,15,5,0,1532,16099,0,37.83054830287206,0.0,1
Kothrud,Hinjewadi,15,5,1,2607,18880,0,26.071346375143843,0.0,0
Kothrud,Hinjewadi,15,5,2,2071,15637,0,27.18165137614679,0.0,0
Kothrud,Hinjewadi,17,5,0,1700,16099,0,34.092,0.0,1
Kothrud,Hinjewadi,17,5,1,3050,18880,0,22.284590163934425,0.0,0
Kothrud,Hinjewadi,17,5,2,2302,15637,0,24.45403996524761,0.0,0
Kothrud,Hinjewadi,19,5,0,1818,16099,0,31.87920792079208,0.0,1
Kothrud,Hinjewadi,19,5,1,3165,18880,0,21.47488151658768,0.0,0
Kothrud,Hinjewadi,19,5,2,2472,15637,0,22.77233009708738,0.0,0
Kothrud,Hinjewadi,21,5,0,1480,16099,0,39.15972972972973,0.0,1
Kothrud,Hinjewadi,21,5,1,2321,18880,0,29.28392934080138,0.0,0
Kothrud,Hinjewadi,21,5,2,2025,15637,0,27.799111111111117,0.0,0
Kothrud,Hinjewadi,23,5,0,1314,16099,0,44.106849315068494,0.0,1
Kothrud,Hinjewadi,23,5,1,2067,18880,0,32.882438316400574,0.0,0
Kothrud,Hinjewadi,23,5,2,1819,15637,0,30.947333699835077,0.0,0
Kothrud,Hinjewadi,7,6,0,1412,16099,0,41.0456090651558,0.0,1
Kothrud,Hinjewadi,7,6,1,2277,18880,0,29.849802371541504,0.0,0
Kothrud,Hinjewadi,7,6,2,1943,15637,0,28.972310859495625,0.0,0
Kothrud,Hinjewadi,9,6,0,1729,16099,0,33.52018507807981,0.0,1
Kothrud,Hinjewadi,9,6,1,2785,18880,0,24.405026929982043,0.0,0
Kothrud,Hinjewadi,9,6,2,2436,17371,0,25.67142857142857,0.0,0
Kothrud,Hinjewadi,11,6,0,1829,16099,0,31.68747949699289,0.0,1
Kothrud,Hinjewadi,11,6,1,2981,18880,0,22.80040254948004,0.0,0
Kothrud,Hinjewadi,11,6,2,2568,17371,0,24.3518691588785,0.0,0
Kothrud,Hinjewadi,13,6,0,1712,16099,0,33.85303738317757,0.0,1
Kothrud,Hinjewadi,13,6,1,2777,18880,0,24.475333093266112,0.0,0
Kothrud,Hinjewadi,13,6,2,2275,15641,0,24.750593406593406,0.0,0
Kothrud,Hinjewadi,15,6,0,1553,16099,0,37.31899549259498,0.0,1
Kothrud,Hinjewadi,15,6,1,2653,18880,0,25.619298906897853,0.0,0
Kothrud,Hinjewadi,15,6,2,2129,15641,0,26.447909816815407,0.0,0
Kothrud,Hinjewadi,17,6,0,1746,16099,0,33.19381443298969,0.0,1
Kothrud,Hinjewadi,17,6,1,3107,18880,0,21.875764402961053,0.0,0
Kothrud,Hinjewadi,17,6,2,2417,15641,0,23.296483243690524,0.0,0
Kothrud,Hinjewadi,19,6,0,1857,16099,0,31.209693053311792,0.0,1
Kothrud,Hinjewadi,19,6,1,3181,18880,0,21.36686576548255,0.0,0
Kothrud,Hinjewadi,19,6,2,2530,15637,0,22.2502766798419,0.0,0
Kothrud,Hinjewadi,21,6,0,1477,16099,0,39.23926878808396,0.0,1
Kothrud,Hinjewadi,21,6,1,2324,18880,0,29.246127366609294,0.0,0
Kothrud,Hinjewadi,21,6,2,2020,15637,0,27.867920792079207,0.0,0
Kothrud,Hinjewadi,23,6,0,1314,16099,0,44.106849315068494,0.0,1
Kothrud,Hinjewadi,23,6,1,2067,18880,0,32.882438316400574,0.0,0
Kothrud,Hinjewadi,23,6,2,1819,15637,0,30.947333699835077,0.0,0
Kothrud,Hinjewadi,7,0,0,1408,16099,0,41.16221590909091,0.0,1
Kothrud,Hinjewadi,7,0,1,2266,18880,0,29.994704324801408,0.0,0
Kothrud,Hinjewadi,7,0,2,1952,15641,0,28.84610655737705,0.0,0
Kothrud,Hinjewadi,9,0,0,1719,16099,0,33.7151832460733,0.0,1
Kothrud,Hinjewadi,9,0,1,2756,18880,0,24.66182873730044,0.0,0
Kothrud,Hinjewadi,9,0,2,2414,17371,0,25.905385252692625,0.0,0
Kothrud,Hinjewadi,11,0,0,1816,16099,0,31.914317180616735,0.0,1
Kothrud,Hinjewadi,11,0,1,2941,18880,0,23.110506630397825,0.0,0
Kothrud,Hinjewadi,11,0,2,2556,17371,0,24.46619718309859,0.0,0
Kothrud,Hinjewadi,13,0,0,1710,16099,0,33.89263157894737,0.0,1
Kothrud,Hinjewadi,13,0,1,2752,18880,0,24.69767441860465,0.0,0
Kothrud,Hinjewadi,13,0,2,2281,15641,0,24.68548882069268,0.0,0
Kothrud,Hinjewadi,15,0,0,1541,16099,0,37.6096041531473,0.0,1
Kothrud,Hinjewadi,15,0,1,2624,18880,0,25.90243902439024,0.0,0
Kothrud,Hinjewadi,15,0,2,2116,15641,0,26.61039697542533,0.0,0
Kothrud,Hinjewadi,17,0,0,1737,16099,0,33.365803108808294,0.0,1
Kothrud,Hinjewadi,17,0,1,3081,18880,0,22.060370009737092,0.0,0
Kothrud,Hinjewadi,17,0,2,2387,15641,0,23.589275240888146,0.0,0
Kothrud,Hinjewadi,19,0,0,1866,16099,0,31.059163987138263,0.0,1
Kothrud,Hinjewadi,19,0,1,3164,18880,0,21.48166877370417,0.0,0
Kothrud,Hinjewadi,19,0,2,2550,15641,0,22.08141176470588,0.0,0
Kothrud,Hinjewadi,21,0,0,1482,16099,0,39.10688259109312,0.0,1
Kothrud,Hinjewadi,21,0,1,2322,18880,0,29.271317829457363,0.0,0
Kothrud,Hinjewadi,21,0,2,2046,15641,0,27.5208211143695,0.0,0
Kothrud,Hinjewadi,23,0,0,1314,16099,0,44.106849315068494,0.0,1
Kothrud,Hinjewadi,23,0,1,2067,18880,0,32.882438316400574,0.0,0
Kothrud,Hinjewadi,23,0,2,1819,15637,0,30.947333699835077,0.0,0
Kothrud,Hinjewadi,7,1,0,1394,16099,0,41.57560975609756,0.0,1
Kothrud,Hinjewadi,7,1,1,2247,18880,0,30.248331108144196,0.0,0
Kothrud,Hinjewadi,7,1,2,1938,15641,0,29.05448916408669,0.0,0
Kothrud,Hinjewadi,9,1,0,1666,16099,0,34.78775510204082,0.0,1
Kothrud,Hinjewadi,9,1,1,2705,18880,0,25.1268022181146,0.0,0
Kothrud,Hinjewadi,9,1,2,2377,17371,0,26.308624316365165,0.0,0
Kothrud,Hinjewadi,11,1,0,1754,16099,0,33.042417331813,0.0,1
Kothrud,Hinjewadi,11,1,1,2893,18880,0,23.493950916004145,0.0,0
Kothrud,Hinjewadi,11,1,2,2329,15641,0,24.176728209531987,0.0,0
Kothrud,Hinjewadi,13,1,0,1678,16099,0,34.538974970202624,0.0,1
Kothrud,Hinjewadi,13,1,1,2732,18880,0,24.878477306002928,0.0,0
Kothrud,Hinjewadi,13,1,2,2248,15641,0,25.047864768683272,0.0,0
Kothrud,Hinjewadi,15,1,0,1529,16099,0,37.90477436232832,0.0,1
Kothrud,Hinjewadi,15,1,1,2604,18880,0,26.10138248847926,0.0,0
Kothrud,Hinjewadi,15,1,2,2107,15641,0,26.72406264831514,0.0,0
Kothrud,Hinjewadi,17,1,0,1722,16099,0,33.65644599303136,0.0,1
Kothrud,Hinjewadi,17,1,1,3045,18880,0,22.321182266009853,0.0,0
Kothrud,Hinjewadi,17,1,2,2357,15641,0,23.889520577004667,0.0,0
Kothrud,Hinjewadi,19,1,0,1848,16099,0,31.361688311688315,0.0,1
Kothrud,Hinjewadi,19,1,1,3147,18880,0,21.59771210676835,0.0,0
Kothrud,Hinjewadi,19,1,2,2499,15641,0,22.53205282112845,0.0,0
Kothrud,Hinjewadi,21,1,0,1481,16099,0,39.13328831870358,0.0,1
Kothrud,Hinjewadi,21,1,1,2320,18880,0,29.296551724137927,0.0,0
Kothrud,Hinjewadi,21,1,2,2019,15637,0,27.88172362555721,0.0,0
Kothrud,Hinjewadi,23,1,0,1314,16099,0,44.106849315068494,0.0,1
Kothrud,Hinjewadi,23,1,1,2067,18880,0,32.882438316400574,0.0,0
Kothrud,Hinjewadi,23,1,2,1819,15637,0,30.947333699835077,0.0,0
Kothrud,Hinjewadi,7,2,0,1379,16099,0,42.02784626540972,0.0,1
Kothrud,Hinjewadi,7,2,1,2228,18880,0,30.506283662477557,0.0,0
Kothrud,Hinjewadi,7,2,2,1925,15641,0,29.250701298701298,0.0,0
Kothrud,Hinjewadi,9,2,0,1627,16099,0,35.62163491087892,0.0,1
Kothrud,Hinjewadi,9,2,1,2646,18880,0,25.687074829931973,0.0,0
Kothrud,Hinjewadi,9,2,2,2184,15641,0,25.78186813186813,0.0,0
Kothrud,Hinjewadi,11,2,0,1730,16099,0,33.50080924855492,0.0,1
Kothrud,Hinjewadi,11,2,1,2852,18880,0,23.831697054698456,0.0,0
Kothrud,Hinjewadi,11,2,2,2305,15641,0,24.42845986984816,0.0,0
Kothrud,Hinjewadi,13,2,0,1694,16099,0,34.21275088547816,0.0,1
Kothrud,Hinjewadi,13,2,1,2751,18880,0,24.706652126499453,0.0,0
Kothrud,Hinjewadi,13,2,2,2276,15641,0,24.739718804920912,0.0,0
Kothrud,Hinjewadi,15,2,0,1537,16099,0,37.7074821080026,0.0,1
Kothrud,Hinjewadi,15,2,1,2645,18880,0,25.696786389413987,0.0,0
Kothrud,Hinjewadi,15,2,2,2121,15641,0,26.54766619519095,0.0,0
Kothrud,Hinjewadi,17,2,0,1728,16099,0,33.53958333333333,0.0,1
Kothrud,Hinjewadi,17,2,1,3060,18880,0,22.211764705882352,0.0,0
Kothrud,Hinjewadi,17,2,2,2367,15641,0,23.788593155893537,0.0,0
Kothrud,Hinjewadi,19,2,0,1871,16099,0,30.97616247995724,0.0,1
Kothrud,Hinjewadi,19,2,1,3158,18880,0,21.522482583913867,0.0,0
Kothrud,Hinjewadi,19,2,2,2538,15641,0,22.18581560283688,0.0,0
Kothrud,Hinjewadi,21,2,0,1497,16099,0,38.71503006012024,0.0,1
Kothrud,Hinjewadi,21,2,1,2331,18880,0,29.15830115830116,0.0,0
Kothrud,Hinjewadi,21,2,2,2037,15637,0,27.63534609720177,0.0,0
Kothrud,Hinjewadi,23,2,0,1314,16099,0,44.106849315068494,0.0,1
Kothrud,Hinjewadi,23,2,1,2067,18880,0,32.882438316400574,0.0,0
Kothrud,Hinjewadi,23,2,2,1819,15637,0,30.947333699835077,0.0,0
Kothrud,Hinjewadi,7,3,0,1358,16099,0,42.67776141384389,0.0,1
Kothrud,Hinjewadi,7,3,1,2172,18880,0,31.29281767955801,0.0,0
Kothrud,Hinjewadi,7,3,2,1892,15641,0,29.76088794926004,0.0,0
Kothrud,Hinjewadi,9,3,0,1507,16099,0,38.45812873258129,0.0,1
Kothrud,Hinjewadi,9,3,1,2436,18880,0,27.90147783251232,0.0,0
Kothrud,Hinjewadi,9,3,2,2058,15641,0,27.360349854227405,0.0,0
Kothrud,Hinjewadi,11,3,0,1639,16099,0,35.36082977425259,0.0,1
Kothrud,Hinjewadi,11,3,1,2677,18880,0,25.38961524094135,0.0,0
Kothrud,Hinjewadi,11,3,2,2211,15641,0,25.46702849389417,0.0,0
Kothrud,Hinjewadi,13,3,0,1705,16099,0,33.99202346041056,0.0,1
Kothrud,Hinjewadi,13,3,1,2785,18880,0,24.405026929982043,0.0,0
Kothrud,Hinjewadi,13,3,2,2275,15641,0,24.750593406593406,0.0,0
Kothrud,Hinjewadi,15,3,0,1679,16099,0,34.51840381179273,0.0,1
Kothrud,Hinjewadi,15,3,1,2785,18880,0,24.405026929982043,0.0,0
Kothrud,Hinjewadi,15,3,2,2232,15641,0,25.22741935483871,0.0,0
Kothrud,Hinjewadi,17,3,0,1755,16099,0,33.023589743589746,0.0,1
Kothrud,Hinjewadi,17,3,1,3039,18880,0,22.36525172754196,0.0,0
Kothrud,Hinjewadi,17,3,2,2351,15641,0,23.950489153551683,0.0,0
Kothrud,Hinjewadi,19,3,0,1766,16099,0,32.81789354473386,0.0,1
Kothrud,Hinjewadi,19,3,1,2990,18880,0,22.731772575250837,0.0,0
Kothrud,Hinjewadi,19,3,2,2414,15641,0,23.32543496271748,0.0,0
Kothrud,Hinjewadi,21,3,0,1495,16099,0,38.76682274247492,0.0,1
Kothrud,Hinjewadi,21,3,1,2335,18880,0,29.10835117773019,0.0,0
Kothrud,Hinjewadi,21,3,2,2054,15641,0,27.41363193768257,0.0,0
Kothrud,Hinjewadi,23,3,0,1314,16099,0,44.106849315068494,0.0,1
Kothrud,Hinjewadi,23,3,1,2067,18880,0,32.882438316400574,0.0,0
Kothrud,Hinjewadi,23,3,2,1819,15637,0,30.947333699835077,0.0,0
Kothrud,Hinjewadi,7,4,0,1345,16099,0,43.090260223048325,0.0,1
Kothrud,Hinjewadi,7,4,1,2130,18880,0,31.90985915492957,0.0,0
Kothrud,Hinjewadi,7,4,2,1872,15641,0,30.078846153846158,0.0,0
Kothrud,Hinjewadi,9,4,0,1426,16099,0,40.642636746143054,0.0,1
Kothrud,Hinjewadi,9,4,1,2281,18880,0,29.79745725558965,0.0,0
Kothrud,Hinjewadi,9,4,2,1959,15641,0,28.74303215926493,0.0,0
Kothrud,Hinjewadi,11,4,0,1521,16099,0,38.10414201183432,0.0,1
Kothrud,Hinjewadi,11,4,1,2426,18880,0,28.01648804616653,0.0,0
Kothrud,Hinjewadi,11,4,2,2051,15641,0,27.45372988785958,0.0,0
Kothrud,Hinjewadi,13,4,0,1559,16099,0,37.17536882617062,0.0,1
Kothrud,Hinjewadi,13,4,1,2485,18880,0,27.35130784708249,0.0,0
Kothrud,Hinjewadi,13,4,2,2088,15641,0,26.967241379310348,0.0,0
Kothrud,Hinjewadi,15,4,0,1561,16099,0,37.12773862908392,0.0,1
Kothrud,Hinjewadi,15,4,1,2526,18880,0,26.90736342042755,0.0,0
Kothrud,Hinjewadi,15,4,2,2079,15641,0,27.083982683982683,0.0,0
Kothrud,Hinjewadi,17,4,0,1645,16099,0,35.231854103343466,0.0,1
Kothrud,Hinjewadi,17,4,1,2678,18880,0,25.380134428678115,0.0,0
Kothrud,Hinjewadi,17,4,2,2162,15641,0,26.04421831637373,0.0,0
Kothrud,Hinjewadi,19,4,0,1674,16099,0,34.62150537634408,0.0,1
Kothrud,Hinjewadi,19,4,1,2672,18880,0,25.437125748502996,0.0,0
Kothrud,Hinjewadi,19,4,2,2189,15641,0,25.72297852900868,0.0,0
Kothrud,Hinjewadi,21,4,0,1460,16099,0,39.69616438356165,0.0,1
Kothrud,Hinjewadi,21,4,1,2263,18880,0,30.03446752098984,0.0,0
Kothrud,Hinjewadi,21,4,2,1978,15641,0,28.466936299292215,0.0,0
Kothrud,Hinjewadi,23,4,0,1314,16099,0,44.106849315068494,0.0,1
Kothrud,Hinjewadi,23,4,1,2067,18880,0,32.882438316400574,0.0,0
Kothrud,Hinjewadi,23,4,2,1819,15637,0,30.947333699835077,0.0,0
Kothrud,Hinjewadi,7,5,0,1402,16099,0,41.338373751783166,0.0,1
Kothrud,Hinjewadi,7,5,1,2252,18880,0,30.181172291296622,0.0,0
Kothrud,Hinjewadi,7,5,2,1920,15637,0,29.319375,0.0,0
Kothrud,Hinjewadi,9,5,0,1679,16099,0,34.51840381179273,0.0,1
Kothrud,Hinjewadi,9,5,1,2710,18880,0,25.08044280442804,0.0,0
Kothrud,Hinjewadi,9,5,2,2221,15641,0,25.35236380009005,0.0,0
Kothrud,Hinjewadi,11,5,0,1764,16099,0,32.85510204081633,0.0,1
Kothrud,Hinjewadi,11,5,1,2884,18880,0,23.56726768377254,0.0,0
Kothrud,Hinjewadi,11,5,2,2329,15641,0,24.176728209531987,0.0,0
Kothrud,Hinjewadi,13,5,0,1685,16099,0,34.395489614243324,0.0,1
Kothrud,Hinjewadi,13,5,1,2723,18880,0,24.960705104663973,0.0,0
Kothrud,Hinjewadi,13,5,2,2239,15641,0,25.148548459133544,0.0,0
Kothrud,Hinjewadi,15,5,0,1532,16099,0,37.83054830287206,0.0,1
Kothrud,Hinjewadi,15,5,1,2607,18880,0,26.071346375143843,0.0,0
Kothrud,Hinjewadi,15,5,2,2071,15637,0,27.18165137614679,0.0,0
Kothrud,Hinjewadi,17,5,0,1700,16099,0,34.092,0.0,1
Kothrud,Hinjewadi,17,5,1,3050,18880,0,22.284590163934425,0.0,0
Kothrud,Hinjewadi,17,5,2,2302,15637,0,24.45403996524761,0.0,0
Kothrud,Hinjewadi,19,5,0,1818,16099,0,31.87920792079208,0.0,1
Kothrud,Hinjewadi,19,5,1,3165,18880,0,21.47488151658768,0.0,0
Kothrud,Hinjewadi,19,5,2,2472,15637,0,22.77233009708738,0.0,0
Kothrud,Hinjewadi,21,5,0,1480,16099,0,39.15972972972973,0.0,1
Kothrud,Hinjewadi,21,5,1,2321,18880,0,29.28392934080138,0.0,0
Kothrud,Hinjewadi,21,5,2,2025,15637,0,27.799111111111117,0.0,0
Kothrud,Hinjewadi,23,5,0,1314,16099,0,44.106849315068494,0.0,1
Kothrud,Hinjewadi,23,5,1,2067,18880,0,32.882438316400574,0.0,0
Kothrud,Hinjewadi,23,5,2,1819,15637,0,30.947333699835077,0.0,0
Kothrud,Hinjewadi,7,6,0,1412,16099,0,41.0456090651558,0.0,1
Kothrud,Hinjewadi,7,6,1,2277,18880,0,29.849802371541504,0.0,0
Kothrud,Hinjewadi,7,6,2,1943,15637,0,28.972310859495625,0.0,0
Kothrud,Hinjewadi,9,6,0,1729,16099,0,33.52018507807981,0.0,1
Kothrud,Hinjewadi,9,6,1,2785,18880,0,24.405026929982043,0.0,0
Kothrud,Hinjewadi,9,6,2,2436,17371,0,25.67142857142857,0.0,0
Kothrud,Hinjewadi,11,6,0,1829,16099,0,31.68747949699289,0.0,1
Kothrud,Hinjewadi,11,6,1,2981,18880,0,22.80040254948004,0.0,0
Kothrud,Hinjewadi,11,6,2,2568,17371,0,24.3518691588785,0.0,0
Kothrud,Hinjewadi,13,6,0,1712,16099,0,33.85303738317757,0.0,1
Kothrud,Hinjewadi,13,6,1,2777,18880,0,24.475333093266112,0.0,0
Kothrud,Hinjewadi,13,6,2,2275,15641,0,24.750593406593406,0.0,0
Kothrud,Hinjewadi,15,6,0,1553,16099,0,37.31899549259498,0.0,1
Kothrud,Hinjewadi,15,6,1,2653,18880,0,25.619298906897853,0.0,0
Kothrud,Hinjewadi,15,6,2,2129,15641,0,26.447909816815407,0.0,0
Kothrud,Hinjewadi,17,6,0,1746,16099,0,33.19381443298969,0.0,1
Kothrud,Hinjewadi,17,6,1,3107,18880,0,21.875764402961053,0.0,0
Kothrud,Hinjewadi,17,6,2,2417,15641,0,23.296483243690524,0.0,0
Kothrud,Hinjewadi,19,6,0,1857,16099,0,31.209693053311792,0.0,1
Kothrud,Hinjewadi,19,6,1,3181,18880,0,21.36686576548255,0.0,0
Kothrud,Hinjewadi,19,6,2,2530,15637,0,22.2502766798419,0.0,0
Kothrud,Hinjewadi,21,6,0,1477,16099,0,39.23926878808396,0.0,1
Kothrud,Hinjewadi,21,6,1,2324,18880,0,29.246127366609294,0.0,0
Kothrud,Hinjewadi,21,6,2,2020,15637,0,27.867920792079207,0.0,0
Kothrud,Hinjewadi,23,6,0,1314,16099,0,44.106849315068494,0.0,1
Kothrud,Hinjewadi,23,6,1,2067,18880,0,32.882438316400574,0.0,0
Kothrud,Hinjewadi,23,6,2,1819,15637,0,30.947333699835077,0.0,0
Kothrud,Hadapsar,7,0,0,2205,15620,0,25.502040816326527,0.0,1
Kothrud,Hadapsar,7,0,1,2493,18779,0,27.11768953068592,0.0,0
Kothrud,Hadapsar,7,0,2,2492,17184,0,24.82439807383628,0.0,0
Kothrud,Hadapsar,9,0,0,2725,15201,0,20.08205504587156,0.0,1
Kothrud,Hadapsar,9,0,1,3164,19286,0,21.94361567635904,0.0,0
Kothrud,Hadapsar,9,0,2,2915,16559,0,20.450222984562608,0.0,0
Kothrud,Hadapsar,11,0,0,3076,15494,0,18.1334200260078,0.0,1
Kothrud,Hadapsar,11,0,1,3210,16521,0,18.52822429906542,0.0,0
Kothrud,Hadapsar,11,0,2,3476,19286,0,19.973993095512085,0.0,0
Kothrud,Hadapsar,13,0,0,3022,15494,0,18.457445400397088,0.0,1
Kothrud,Hadapsar,13,0,1,3332,19286,0,20.83721488595438,0.0,0
Kothrud,Hadapsar,13,0,2,3205,16521,0,18.55712948517941,0.0,0
Kothrud,Hadapsar,15,0,0,2789,15451,0,19.94392255288634,0.0,1
Kothrud,Hadapsar,15,0,1,3248,19597,0,21.72081280788177,0.0,0
Kothrud,Hadapsar,15,0,2,3193,16521,0,18.62687128092703,0.0,0
Kothrud,Hadapsar,17,0,0,3171,15451,0,17.541343424787133,0.0,1
Kothrud,Hadapsar,17,0,1,3465,16521,0,17.164675324675326,0.0,0
Kothrud,Hadapsar,17,0,2,3887,19286,0,17.862001543606894,0.0,0
Kothrud,Hadapsar,19,0,0,3195,15201,0,17.127887323943664,0.0,1
Kothrud,Hadapsar,19,0,1,3566,17915,0,18.085810431856423,0.0,0
Kothrud,Hadapsar,19,0,2,3836,17514,0,16.436496350364962,0.0,0
Kothrud,Hadapsar,21,0,0,2349,15620,0,23.938697318007662,0.0,1
Kothrud,Hadapsar,21,0,1,2634,19286,0,26.358997722095676,0.0,0
Kothrud,Hadapsar,21,0,2,2531,16977,0,24.147451600158043,0.0,0
Kothrud,Hadapsar,23,0,0,2013,15620,0,27.934426229508198,0.0,1
Kothrud,Hadapsar,23,0,1,2241,18779,0,30.167068273092365,0.0,0
Kothrud,Hadapsar,23,0,2,2168,16733,0,27.785424354243546,0.0,0
Kothrud,Hadapsar,7,1,0,2205,15620,0,25.502040816326527,0.0,1
Kothrud,Hadapsar,7,1,1,2476,18779,0,27.303877221324715,0.0,0
Kothrud,Hadapsar,7,1,2,2488,16978,0,24.56623794212219,0.0,0
Kothrud,Hadapsar,9,1,0,2707,15201,0,20.21558921315109,0.0,1
Kothrud,Hadapsar,9,1,1,3099,19286,0,22.403872216844142,0.0,0
Kothrud,Hadapsar,9,1,2,2866,16559,0,20.79986043265876,0.0,0
Kothrud,Hadapsar,11,1,0,3054,15494,0,18.26404715127701,0.0,1
Kothrud,Hadapsar,11,1,1,3146,16521,0,18.905149396058487,0.0,0
Kothrud,Hadapsar,11,1,2,3413,19286,0,20.34268971579256,0.0,0
Kothrud,Hadapsar,13,1,0,3015,15225,0,18.17910447761194,0.0,1
Kothrud,Hadapsar,13,1,1,3250,18779,0,20.801353846153845,0.0,0
Kothrud,Hadapsar,13,1,2,3285,16894,0,18.513972602739724,0.0,0
Kothrud,Hadapsar,15,1,0,2764,15451,0,20.124312590448625,0.0,1
Kothrud,Hadapsar,15,1,1,3181,19597,0,22.17830870795348,0.0,0
Kothrud,Hadapsar,15,1,2,3121,16521,0,19.05658442806793,0.0,0
Kothrud,Hadapsar,17,1,0,3136,15451,0,17.737117346938778,0.0,1
Kothrud,Hadapsar,17,1,1,3561,17008,0,17.194271272114573,0.0,0
Kothrud,Hadapsar,17,1,2,3717,19286,0,18.678934624697337,0.0,0
Kothrud,Hadapsar,19,1,0,3184,15201,0,17.187060301507536,0.0,1
Kothrud,Hadapsar,19,1,1,3558,17915,0,18.126475548060707,0.0,0
Kothrud,Hadapsar,19,1,2,3814,17527,0,16.543576297850027,0.0,0
Kothrud,Hadapsar,21,1,0,2351,15620,0,23.918332624415143,0.0,1
Kothrud,Hadapsar,21,1,1,2637,19286,0,26.32901023890785,0.0,0
Kothrud,Hadapsar,21,1,2,2525,16977,0,24.20483168316832,0.0,0
Kothrud,Hadapsar,23,1,0,2013,15620,0,27.934426229508198,0.0,1
Kothrud,Hadapsar,23,1,1,2241,18779,0,30.167068273092365,0.0,0
Kothrud,Hadapsar,23,1,2,2168,16733,0,27.785424354243546,0.0,0
Kothrud,Hadapsar,7,2,0,2203,15620,0,25.52519291874716,0.0,1
Kothrud,Hadapsar,7,2,1,2477,18779,0,27.292854259184494,0.0,0
Kothrud,Hadapsar,7,2,2,2489,17184,0,24.85431900361591,0.0,0
Kothrud,Hadapsar,9,2,0,2684,15201,0,20.38882265275708,0.0,1
Kothrud,Hadapsar,9,2,1,3065,19286,0,22.65239804241436,0.0,0
Kothrud,Hadapsar,9,2,2,2877,17101,0,21.3985401459854,0.0,0
Kothrud,Hadapsar,11,2,0,3034,15494,0,18.38444297956493,0.0,1
Kothrud,Hadapsar,11,2,1,3355,19286,0,20.69436661698957,0.0,0
Kothrud,Hadapsar,11,2,2,3130,16521,0,19.001789137380197,0.0,0
Kothrud,Hadapsar,13,2,0,3005,15225,0,18.239600665557404,0.0,1
Kothrud,Hadapsar,13,2,1,3250,18779,0,20.801353846153845,0.0,0
Kothrud,Hadapsar,13,2,2,3190,16765,0,18.919749216300943,0.0,0
Kothrud,Hadapsar,15,2,0,2807,15451,0,19.81603135019594,0.0,1
Kothrud,Hadapsar,15,2,1,3279,19286,0,21.1740164684355,0.0,0
Kothrud,Hadapsar,15,2,2,3127,16521,0,19.02001918771986,0.0,0
Kothrud,Hadapsar,17,2,0,3204,15451,0,17.36067415730337,0.0,1
Kothrud,Hadapsar,17,2,1,3604,17008,0,16.98912319644839,0.0,0
Kothrud,Hadapsar,17,2,2,3867,19286,0,17.954383242823894,0.0,0
Kothrud,Hadapsar,19,2,0,3215,15201,0,17.021337480559875,0.0,1
Kothrud,Hadapsar,19,2,1,3576,17915,0,18.03523489932886,0.0,0
Kothrud,Hadapsar,19,2,2,3858,17527,0,16.354898911353033,0.0,0
Kothrud,Hadapsar,21,2,0,2348,15620,0,23.94889267461669,0.0,1
Kothrud,Hadapsar,21,2,1,2636,19286,0,26.33899848254932,0.0,0
Kothrud,Hadapsar,21,2,2,2527,16977,0,24.185674713098532,0.0,0
Kothrud,Hadapsar,23,2,0,2013,15620,0,27.934426229508198,0.0,1
Kothrud,Hadapsar,23,2,1,2241,18779,0,30.167068273092365,0.0,0
Kothrud,Hadapsar,23,2,2,2168,16733,0,27.785424354243546,0.0,0
Kothrud,Hadapsar,7,3,0,2181,15620,0,25.782668500687755,0.0,1
Kothrud,Hadapsar,7,3,1,2366,18779,0,28.573288250211323,0.0,0
Kothrud,Hadapsar,7,3,2,2433,16978,0,25.121578298397043,0.0,0
Kothrud,Hadapsar,9,3,0,2564,15201,0,21.34305772230889,0.0,1
Kothrud,Hadapsar,9,3,1,2765,19286,0,25.110162748643763,0.0,0
Kothrud,Hadapsar,9,3,2,2756,16765,0,21.89912917271408,0.0,0
Kothrud,Hadapsar,11,3,0,2975,15494,0,18.74904201680672,0.0,1
Kothrud,Hadapsar,11,3,1,3100,19286,0,22.396645161290323,0.0,0
Kothrud,Hadapsar,11,3,2,3019,16521,0,19.70043060616098,0.0,0
Kothrud,Hadapsar,13,3,0,3114,15225,0,17.601156069364162,0.0,1
Kothrud,Hadapsar,13,3,1,3228,18779,0,20.943122676579925,0.0,0
Kothrud,Hadapsar,13,3,2,3213,16765,0,18.7843137254902,0.0,0
Kothrud,Hadapsar,15,3,0,3088,15494,0,18.062953367875647,0.0,1
Kothrud,Hadapsar,15,3,1,3333,19286,0,20.830963096309635,0.0,0
Kothrud,Hadapsar,15,3,2,3351,17008,0,18.27179946284691,0.0,0
Kothrud,Hadapsar,17,3,0,3320,15448,0,16.750843373493975,0.0,1
Kothrud,Hadapsar,17,3,1,3543,19286,0,19.596274343776464,0.0,0
Kothrud,Hadapsar,17,3,2,3557,17008,0,17.213606972167554,0.0,0
Kothrud,Hadapsar,19,3,0,3156,15451,0,17.62471482889734,0.0,1
Kothrud,Hadapsar,19,3,1,3310,17008,0,18.498126888217524,0.0,0
Kothrud,Hadapsar,19,3,2,3346,19286,0,20.75002988643156,0.0,0
Kothrud,Hadapsar,21,3,0,2351,15620,0,23.918332624415143,0.0,1
Kothrud,Hadapsar,21,3,1,2634,19286,0,26.358997722095676,0.0,0
Kothrud,Hadapsar,21,3,2,2524,16977,0,24.21442155309033,0.0,0
Kothrud,Hadapsar,23,3,0,2013,15620,0,27.934426229508198,0.0,1
Kothrud,Hadapsar,23,3,1,2241,18779,0,30.167068273092365,0.0,0
Kothrud,Hadapsar,23,3,2,2168,16733,0,27.785424354243546,0.0,0
Kothrud,Hadapsar,7,4,0,2111,15611,0,26.622264329701565,0.0,1
Kothrud,Hadapsar,7,4,1,2322,18779,0,29.11472868217054,0.0,0
Kothrud,Hadapsar,7,4,2,2344,16978,0,26.07542662116041,0.0,0
Kothrud,Hadapsar,9,4,0,2349,15620,0,23.938697318007662,0.0,1
Kothrud,Hadapsar,9,4,1,2585,19286,0,26.85864603481625,0.0,0
Kothrud,Hadapsar,9,4,2,2583,17200,0,23.972125435540068,0.0,0
Kothrud,Hadapsar,11,4,0,2630,15869,0,21.721825095057035,0.0,1
Kothrud,Hadapsar,11,4,1,2710,18779,0,24.94627306273063,0.0,0
Kothrud,Hadapsar,11,4,2,2866,17008,0,21.36385205861828,0.0,0
Kothrud,Hadapsar,13,4,0,2690,15451,0,20.677918215613385,0.0,1
Kothrud,Hadapsar,13,4,1,2873,19286,0,24.16623738252698,0.0,0
Kothrud,Hadapsar,13,4,2,2832,16521,0,21.00127118644068,0.0,0
Kothrud,Hadapsar,15,4,0,2732,15451,0,20.360029282576868,0.0,1
Kothrud,Hadapsar,15,4,1,2951,19286,0,23.527482209420537,0.0,0
Kothrud,Hadapsar,15,4,2,3072,17008,0,19.93125,0.0,0
Kothrud,Hadapsar,17,4,0,2803,15451,0,19.844309668212627,0.0,1
Kothrud,Hadapsar,17,4,1,3128,19286,0,22.19616368286445,0.0,0
Kothrud,Hadapsar,17,4,2,3039,16521,0,19.570779861796645,0.0,0
Kothrud,Hadapsar,19,4,0,2704,15451,0,20.57085798816568,0.0,1
Kothrud,Hadapsar,19,4,1,3054,19286,0,22.733988212180748,0.0,0
Kothrud,Hadapsar,19,4,2,2894,16521,0,20.55134761575674,0.0,0
Kothrud,Hadapsar,21,4,0,2263,15620,0,24.848431285903665,0.0,1
Kothrud,Hadapsar,21,4,1,2567,19286,0,27.04698091156993,0.0,0
Kothrud,Hadapsar,21,4,2,2470,16977,0,24.743805668016197,0.0,0
Kothrud,Hadapsar,23,4,0,2013,15620,0,27.934426229508198,0.0,1
Kothrud,Hadapsar,23,4,1,2241,18779,0,30.167068273092365,0.0,0
Kothrud,Hadapsar,23,4,2,2168,16733,0,27.785424354243546,0.0,0
Kothrud,Hadapsar,7,5,0,2206,15620,0,25.490480507706256,0.0,1
Kothrud,Hadapsar,7,5,1,2481,18779,0,27.24885126964933,0.0,0
Kothrud,Hadapsar,7,5,2,2476,16978,0,24.685298869143782,0.0,0
Kothrud,Hadapsar,9,5,0,2714,15201,0,20.163448784082533,0.0,1
Kothrud,Hadapsar,9,5,1,3097,19286,0,22.418340329350983,0.0,0
Kothrud,Hadapsar,9,5,2,2857,16559,0,20.86538326916346,0.0,0
Kothrud,Hadapsar,11,5,0,3082,15494,0,18.09811810512654,0.0,1
Kothrud,Hadapsar,11,5,1,3357,19286,0,20.682037533512062,0.0,0
Kothrud,Hadapsar,11,5,2,3129,16521,0,19.007861936721,0.0,0
Kothrud,Hadapsar,13,5,0,3022,15225,0,18.13699536730642,0.0,1
Kothrud,Hadapsar,13,5,1,3136,18779,0,21.557525510204083,0.0,0
Kothrud,Hadapsar,13,5,2,3273,16894,0,18.58185151237397,0.0,0
Kothrud,Hadapsar,15,5,0,2779,15451,0,20.01568909679741,0.0,1
Kothrud,Hadapsar,15,5,1,3133,19286,0,22.16074050430897,0.0,0
Kothrud,Hadapsar,15,5,2,3095,16521,0,19.216672051696285,0.0,0
Kothrud,Hadapsar,17,5,0,3161,15451,0,17.59683644416324,0.0,1
Kothrud,Hadapsar,17,5,1,3583,17008,0,17.08869662294167,0.0,0
Kothrud,Hadapsar,17,5,2,3755,19286,0,18.489906790945405,0.0,0
Kothrud,Hadapsar,19,5,0,3176,15201,0,17.230352644836273,0.0,1
Kothrud,Hadapsar,19,5,1,3562,17915,0,18.106120157215045,0.0,0
Kothrud,Hadapsar,19,5,2,3836,17527,0,16.448696558915536,0.0,0
Kothrud,Hadapsar,21,5,0,2338,15620,0,24.051325919589388,0.0,1
Kothrud,Hadapsar,21,5,1,2622,19286,0,26.47963386727689,0.0,0
Kothrud,Hadapsar,21,5,2,2515,16977,0,24.301073558648117,0.0,0
Kothrud,Hadapsar,23,5,0,2013,15620,0,27.934426229508198,0.0,1
Kothrud,Hadapsar,23,5,1,2241,18779,0,30.167068273092365,0.0,0
Kothrud,Hadapsar,23,5,2,2168,16733,0,27.785424354243546,0.0,0
Kothrud,Hadapsar,7,6,0,2237,15620,0,25.13723737147966,0.0,1
Kothrud,Hadapsar,7,6,1,2497,18779,0,27.074249098918703,0.0,0
Kothrud,Hadapsar,7,6,2,2485,17184,0,24.89432595573441,0.0,0
Kothrud,Hadapsar,9,6,0,2788,15201,0,19.62826398852224,0.0,1
Kothrud,Hadapsar,9,6,1,3198,19286,0,21.710318949343343,0.0,0
Kothrud,Hadapsar,9,6,2,3025,17271,0,20.5539173553719,0.0,0
Kothrud,Hadapsar,11,6,0,3159,15494,0,17.656980056980057,0.0,1
Kothrud,Hadapsar,11,6,1,3311,16971,0,18.452310480217456,0.0,0
Kothrud,Hadapsar,11,6,2,3530,19286,0,19.66844192634561,0.0,0
Kothrud,Hadapsar,13,6,0,3059,15225,0,17.91762013729977,0.0,1
Kothrud,Hadapsar,13,6,1,3267,18779,0,20.693112947658403,0.0,0
Kothrud,Hadapsar,13,6,2,3225,16765,0,18.71441860465116,0.0,0
Kothrud,Hadapsar,15,6,0,2828,15451,0,19.66888260254597,0.0,1
Kothrud,Hadapsar,15,6,1,3218,19286,0,21.575388440024863,0.0,0
Kothrud,Hadapsar,15,6,2,3097,16521,0,19.20426218921537,0.0,0
Kothrud,Hadapsar,17,6,0,3220,15451,0,17.274409937888198,0.0,1
Kothrud,Hadapsar,17,6,1,3627,17008,0,16.88138957816377,0.0,0
Kothrud,Hadapsar,17,6,2,3821,19286,0,18.170531274535463,0.0,0
Kothrud,Hadapsar,19,6,0,3222,15201,0,16.984357541899442,0.0,1
Kothrud,Hadapsar,19,6,1,3555,17915,0,18.14177215189873,0.0,0
Kothrud,Hadapsar,19,6,2,3852,17527,0,16.3803738317757,0.0,0
Kothrud,Hadapsar,21,6,0,2353,15620,0,23.898002549936248,0.0,1
Kothrud,Hadapsar,21,6,1,2626,19286,0,26.43929931454684,0.0,0
Kothrud,Hadapsar,21,6,2,2521,16977,0,24.24323681078937,0.0,0
Kothrud,Hadapsar,23,6,0,2013,15620,0,27.934426229508198,0.0,1
Kothrud,Hadapsar,23,6,1,2241,18779,0,30.167068273092365,0.0,0
Kothrud,Hadapsar,23,6,2,2168,16733,0,27.785424354243546,0.0,0
Kothrud,Hadapsar,7,0,0,2205,15620,0,25.502040816326527,0.0,1
Kothrud,Hadapsar,7,0,1,2493,18779,0,27.11768953068592,0.0,0
Kothrud,Hadapsar,7,0,2,2492,17184,0,24.82439807383628,0.0,0
Kothrud,Hadapsar,9,0,0,2725,15201,0,20.08205504587156,0.0,1
Kothrud,Hadapsar,9,0,1,3164,19286,0,21.94361567635904,0.0,0
Kothrud,Hadapsar,9,0,2,2915,16559,0,20.450222984562608,0.0,0
Kothrud,Hadapsar,11,0,0,3076,15494,0,18.1334200260078,0.0,1
Kothrud,Hadapsar,11,0,1,3210,16521,0,18.52822429906542,0.0,0
Kothrud,Hadapsar,11,0,2,3476,19286,0,19.973993095512085,0.0,0
Kothrud,Hadapsar,13,0,0,3022,15494,0,18.457445400397088,0.0,1
Kothrud,Hadapsar,13,0,1,3332,19286,0,20.83721488595438,0.0,0
Kothrud,Hadapsar,13,0,2,3205,16521,0,18.55712948517941,0.0,0
Kothrud,Hadapsar,15,0,0,2789,15451,0,19.94392255288634,0.0,1
Kothrud,Hadapsar,15,0,1,3248,19597,0,21.72081280788177,0.0,0
Kothrud,Hadapsar,15,0,2,3193,16521,0,18.62687128092703,0.0,0
Kothrud,Hadapsar,17,0,0,3171,15451,0,17.541343424787133,0.0,1
Kothrud,Hadapsar,17,0,1,3465,16521,0,17.164675324675326,0.0,0
Kothrud,Hadapsar,17,0,2,3887,19286,0,17.862001543606894,0.0,0
Kothrud,Hadapsar,19,0,0,3195,15201,0,17.127887323943664,0.0,1
Kothrud,Hadapsar,19,0,1,3566,17915,0,18.085810431856423,0.0,0
Kothrud,Hadapsar,19,0,2,3836,17514,0,16.436496350364962,0.0,0
Kothrud,Hadapsar,21,0,0,2349,15620,0,23.938697318007662,0.0,1
Kothrud,Hadapsar,21,0,1,2634,19286,0,26.358997722095676,0.0,0
Kothrud,Hadapsar,21,0,2,2531,16977,0,24.147451600158043,0.0,0
Kothrud,Hadapsar,23,0,0,2013,15620,0,27.934426229508198,0.0,1
Kothrud,Hadapsar,23,0,1,2241,18779,0,30.167068273092365,0.0,0
Kothrud,Hadapsar,23,0,2,2168,16733,0,27.785424354243546,0.0,0
Kothrud,Hadapsar,7,1,0,2205,15620,0,25.502040816326527,0.0,1
Kothrud,Hadapsar,7,1,1,2476,18779,0,27.303877221324715,0.0,0
Kothrud,Hadapsar,7,1,2,2488,16978,0,24.56623794212219,0.0,0
Kothrud,Hadapsar,9,1,0,2707,15201,0,20.21558921315109,0.0,1
Kothrud,Hadapsar,9,1,1,3099,19286,0,22.403872216844142,0.0,0
Kothrud,Hadapsar,9,1,2,2866,16559,0,20.79986043265876,0.0,0
Kothrud,Hadapsar,11,1,0,3054,15494,0,18.26404715127701,0.0,1
Kothrud,Hadapsar,11,1,1,3146,16521,0,18.905149396058487,0.0,0
Kothrud,Hadapsar,11,1,2,3413,19286,0,20.34268971579256,0.0,0
Kothrud,Hadapsar,13,1,0,3015,15225,0,18.17910447761194,0.0,1
Kothrud,Hadapsar,13,1,1,3250,18779,0,20.801353846153845,0.0,0
Kothrud,Hadapsar,13,1,2,3285,16894,0,18.513972602739724,0.0,0
Kothrud,Hadapsar,15,1,0,2764,15451,0,20.124312590448625,0.0,1
Kothrud,Hadapsar,15,1,1,3181,19597,0,22.17830870795348,0.0,0
Kothrud,Hadapsar,15,1,2,3121,16521,0,19.05658442806793,0.0,0
Kothrud,Hadapsar,17,1,0,3136,15451,0,17.737117346938778,0.0,1
Kothrud,Hadapsar,17,1,1,3561,17008,0,17.194271272114573,0.0,0
Kothrud,Hadapsar,17,1,2,3717,19286,0,18.678934624697337,0.0,0
Kothrud,Hadapsar,19,1,0,3184,15201,0,17.187060301507536,0.0,1
Kothrud,Hadapsar,19,1,1,3558,17915,0,18.126475548060707,0.0,0
Kothrud,Hadapsar,19,1,2,3814,17527,0,16.543576297850027,0.0,0
Kothrud,Hadapsar,21,1,0,2351,15620,0,23.918332624415143,0.0,1
Kothrud,Hadapsar,21,1,1,2637,19286,0,26.32901023890785,0.0,0
Kothrud,Hadapsar,21,1,2,2525,16977,0,24.20483168316832,0.0,0
Kothrud,Hadapsar,23,1,0,2013,15620,0,27.934426229508198,0.0,1
Kothrud,Hadapsar,23,1,1,2241,18779,0,30.167068273092365,0.0,0
Kothrud,Hadapsar,23,1,2,2168,16733,0,27.785424354243546,0.0,0
Kothrud,Hadapsar,7,2,0,2203,15620,0,25.52519291874716,0.0,1
Kothrud,Hadapsar,7,2,1,2477,18779,0,27.292854259184494,0.0,0
Kothrud,Hadapsar,7,2,2,2489,17184,0,24.85431900361591,0.0,0
Kothrud,Hadapsar,9,2,0,2684,15201,0,20.38882265275708,0.0,1
Kothrud,Hadapsar,9,2,1,3065,19286,0,22.65239804241436,0.0,0
Kothrud,Hadapsar,9,2,2,2877,17101,0,21.3985401459854,0.0,0
Kothrud,Hadapsar,11,2,0,3034,15494,0,18.38444297956493,0.0,1
Kothrud,Hadapsar,11,2,1,3355,19286,0,20.69436661698957,0.0,0
Kothrud,Hadapsar,11,2,2,3130,16521,0,19.001789137380197,0.0,0
Kothrud,Hadapsar,13,2,0,3005,15225,0,18.239600665557404,0.0,1
Kothrud,Hadapsar,13,2,1,3250,18779,0,20.801353846153845,0.0,0
Kothrud,Hadapsar,13,2,2,3190,16765,0,18.919749216300943,0.0,0
Kothrud,Hadapsar,15,2,0,2807,15451,0,19.81603135019594,0.0,1
Kothrud,Hadapsar,15,2,1,3279,19286,0,21.1740164684355,0.0,0
Kothrud,Hadapsar,15,2,2,3127,16521,0,19.02001918771986,0.0,0
Kothrud,Hadapsar,17,2,0,3204,15451,0,17.36067415730337,0.0,1
Kothrud,Hadapsar,17,2,1,3604,17008,0,16.98912319644839,0.0,0
Kothrud,Hadapsar,17,2,2,3867,19286,0,17.954383242823894,0.0,0
Kothrud,Hadapsar,19,2,0,3215,15201,0,17.021337480559875,0.0,1
Kothrud,Hadapsar,19,2,1,3576,17915,0,18.03523489932886,0.0,0
Kothrud,Hadapsar,19,2,2,3858,17527,0,16.354898911353033,0.0,0
Kothrud,Hadapsar,21,2,0,2348,15620,0,23.94889267461669,0.0,1
Kothrud,Hadapsar,21,2,1,2636,19286,0,26.33899848254932,0.0,0
Kothrud,Hadapsar,21,2,2,2527,16977,0,24.185674713098532,0.0,0
Kothrud,Hadapsar,23,2,0,2013,15620,0,27.934426229508198,0.0,1
Kothrud,Hadapsar,23,2,1,2241,18779,0,30.167068273092365,0.0,0
Kothrud,Hadapsar,23,2,2,2168,16733,0,27.785424354243546,0.0,0
Kothrud,Hadapsar,7,3,0,2181,15620,0,25.782668500687755,0.0,1
Kothrud,Hadapsar,7,3,1,2366,18779,0,28.573288250211323,0.0,0
Kothrud,Hadapsar,7,3,2,2433,16978,0,25.121578298397043,0.0,0
Kothrud,Hadapsar,9,3,0,2564,15201,0,21.34305772230889,0.0,1
Kothrud,Hadapsar,9,3,1,2765,19286,0,25.110162748643763,0.0,0
Kothrud,Hadapsar,9,3,2,2756,16765,0,21.89912917271408,0.0,0
Kothrud,Hadapsar,11,3,0,2975,15494,0,18.74904201680672,0.0,1
Kothrud,Hadapsar,11,3,1,3100,19286,0,22.396645161290323,0.0,0
Kothrud,Hadapsar,11,3,2,3019,16521,0,19.70043060616098,0.0,0
Kothrud,Hadapsar,13,3,0,3114,15225,0,17.601156069364162,0.0,1
Kothrud,Hadapsar,13,3,1,3228,18779,0,20.943122676579925,0.0,0
Kothrud,Hadapsar,13,3,2,3213,16765,0,18.7843137254902,0.0,0
Kothrud,Hadapsar,15,3,0,3088,15494,0,18.062953367875647,0.0,1
Kothrud,Hadapsar,15,3,1,3333,19286,0,20.830963096309635,0.0,0
Kothrud,Hadapsar,15,3,2,3351,17008,0,18.27179946284691,0.0,0
Kothrud,Hadapsar,17,3,0,3320,15448,0,16.750843373493975,0.0,1
Kothrud,Hadapsar,17,3,1,3543,19286,0,19.596274343776464,0.0,0
Kothrud,Hadapsar,17,3,2,3557,17008,0,17.213606972167554,0.0,0
Kothrud,Hadapsar,19,3,0,3156,15451,0,17.62471482889734,0.0,1
Kothrud,Hadapsar,19,3,1,3310,17008,0,18.498126888217524,0.0,0
Kothrud,Hadapsar,19,3,2,3346,19286,0,20.75002988643156,0.0,0
Kothrud,Hadapsar,21,3,0,2351,15620,0,23.918332624415143,0.0,1
Kothrud,Hadapsar,21,3,1,2634,19286,0,26.358997722095676,0.0,0
Kothrud,Hadapsar,21,3,2,2524,16977,0,24.21442155309033,0.0,0
Kothrud,Hadapsar,23,3,0,2013,15620,0,27.934426229508198,0.0,1
Kothrud,Hadapsar,23,3,1,2241,18779,0,30.167068273092365,0.0,0
Kothrud,Hadapsar,23,3,2,2168,16733,0,27.785424354243546,0.0,0
Kothrud,Hadapsar,7,4,0,2111,15611,0,26.622264329701565,0.0,1
Kothrud,Hadapsar,7,4,1,2322,18779,0,29.11472868217054,0.0,0
Kothrud,Hadapsar,7,4,2,2344,16978,0,26.07542662116041,0.0,0
Kothrud,Hadapsar,9,4,0,2349,15620,0,23.938697318007662,0.0,1
Kothrud,Hadapsar,9,4,1,2585,19286,0,26.85864603481625,0.0,0
Kothrud,Hadapsar,9,4,2,2583,17200,0,23.972125435540068,0.0,0
Kothrud,Hadapsar,11,4,0,2630,15869,0,21.721825095057035,0.0,1
Kothrud,Hadapsar,11,4,1,2710,18779,0,24.94627306273063,0.0,0
Kothrud,Hadapsar,11,4,2,2866,17008,0,21.36385205861828,0.0,0
Kothrud,Hadapsar,13,4,0,2690,15451,0,20.677918215613385,0.0,1
Kothrud,Hadapsar,13,4,1,2873,19286,0,24.16623738252698,0.0,0
Kothrud,Hadapsar,13,4,2,2832,16521,0,21.00127118644068,0.0,0
Kothrud,Hadapsar,15,4,0,2732,15451,0,20.360029282576868,0.0,1
Kothrud,Hadapsar,15,4,1,2951,19286,0,23.527482209420537,0.0,0
Kothrud,Hadapsar,15,4,2,3072,17008,0,19.93125,0.0,0
Kothrud,Hadapsar,17,4,0,2803,15451,0,19.844309668212627,0.0,1
Kothrud,Hadapsar,17,4,1,3128,19286,0,22.19616368286445,0.0,0
Kothrud,Hadapsar,17,4,2,3039,16521,0,19.570779861796645,0.0,0
Kothrud,Hadapsar,19,4,0,2704,15451,0,20.57085798816568,0.0,1
Kothrud,Hadapsar,19,4,1,3054,19286,0,22.733988212180748,0.0,0
Kothrud,Hadapsar,19,4,2,2894,16521,0,20.55134761575674,0.0,0
Kothrud,Hadapsar,21,4,0,2263,15620,0,24.848431285903665,0.0,1
Kothrud,Hadapsar,21,4,1,2567,19286,0,27.04698091156993,0.0,0
Kothrud,Hadapsar,21,4,2,2470,16977,0,24.743805668016197,0.0,0
Kothrud,Hadapsar,23,4,0,2013,15620,0,27.934426229508198,0.0,1
Kothrud,Hadapsar,23,4,1,2241,18779,0,30.167068273092365,0.0,0
Kothrud,Hadapsar,23,4,2,2168,16733,0,27.785424354243546,0.0,0
Kothrud,Hadapsar,7,5,0,2206,15620,0,25.490480507706256,0.0,1
Kothrud,Hadapsar,7,5,1,2481,18779,0,27.24885126964933,0.0,0
Kothrud,Hadapsar,7,5,2,2476,16978,0,24.685298869143782,0.0,0
Kothrud,Hadapsar,9,5,0,2714,15201,0,20.163448784082533,0.0,1
Kothrud,Hadapsar,9,5,1,3097,19286,0,22.418340329350983,0.0,0
Kothrud,Hadapsar,9,5,2,2857,16559,0,20.86538326916346,0.0,0
Kothrud,Hadapsar,11,5,0,3082,15494,0,18.09811810512654,0.0,1
Kothrud,Hadapsar,11,5,1,3357,19286,0,20.682037533512062,0.0,0
Kothrud,Hadapsar,11,5,2,3129,16521,0,19.007861936721,0.0,0
Kothrud,Hadapsar,13,5,0,3022,15225,0,18.13699536730642,0.0,1
Kothrud,Hadapsar,13,5,1,3136,18779,0,21.557525510204083,0.0,0
Kothrud,Hadapsar,13,5,2,3273,16894,0,18.58185151237397,0.0,0
Kothrud,Hadapsar,15,5,0,2779,15451,0,20.01568909679741,0.0,1
Kothrud,Hadapsar,15,5,1,3133,19286,0,22.16074050430897,0.0,0
Kothrud,Hadapsar,15,5,2,3095,16521,0,19.216672051696285,0.0,0
Kothrud,Hadapsar,17,5,0,3161,15451,0,17.59683644416324,0.0,1
Kothrud,Hadapsar,17,5,1,3583,17008,0,17.08869662294167,0.0,0
Kothrud,Hadapsar,17,5,2,3755,19286,0,18.489906790945405,0.0,0
Kothrud,Hadapsar,19,5,0,3176,15201,0,17.230352644836273,0.0,1
Kothrud,Hadapsar,19,5,1,3562,17915,0,18.106120157215045,0.0,0
Kothrud,Hadapsar,19,5,2,3836,17527,0,16.448696558915536,0.0,0
Kothrud,Hadapsar,21,5,0,2338,15620,0,24.051325919589388,0.0,1
Kothrud,Hadapsar,21,5,1,2622,19286,0,26.47963386727689,0.0,0
Kothrud,Hadapsar,21,5,2,2515,16977,0,24.301073558648117,0.0,0
Kothrud,Hadapsar,23,5,0,2013,15620,0,27.934426229508198,0.0,1
Kothrud,Hadapsar,23,5,1,2241,18779,0,30.167068273092365,0.0,0
Kothrud,Hadapsar,23,5,2,2168,16733,0,27.785424354243546,0.0,0
Kothrud,Hadapsar,7,6,0,2237,15620,0,25.13723737147966,0.0,1
Kothrud,Hadapsar,7,6,1,2497,18779,0,27.074249098918703,0.0,0
Kothrud,Hadapsar,7,6,2,2485,17184,0,24.89432595573441,0.0,0
Kothrud,Hadapsar,9,6,0,2788,15201,0,19.62826398852224,0.0,1
Kothrud,Hadapsar,9,6,1,3198,19286,0,21.710318949343343,0.0,0
Kothrud,Hadapsar,9,6,2,3025,17271,0,20.5539173553719,0.0,0
Kothrud,Hadapsar,11,6,0,3159,15494,0,17.656980056980057,0.0,1
Kothrud,Hadapsar,11,6,1,3311,16971,0,18.452310480217456,0.0,0
Kothrud,Hadapsar,11,6,2,3530,19286,0,19.66844192634561,0.0,0
Kothrud,Hadapsar,13,6,0,3059,15225,0,17.91762013729977,0.0,1
Kothrud,Hadapsar,13,6,1,3267,18779,0,20.693112947658403,0.0,0
Kothrud,Hadapsar,13,6,2,3225,16765,0,18.71441860465116,0.0,0
Kothrud,Hadapsar,15,6,0,2828,15451,0,19.66888260254597,0.0,1
Kothrud,Hadapsar,15,6,1,3218,19286,0,21.575388440024863,0.0,0
Kothrud,Hadapsar,15,6,2,3097,16521,0,19.20426218921537,0.0,0
Kothrud,Hadapsar,17,6,0,3220,15451,0,17.274409937888198,0.0,1
Kothrud,Hadapsar,17,6,1,3627,17008,0,16.88138957816377,0.0,0
Kothrud,Hadapsar,17,6,2,3821,19286,0,18.170531274535463,0.0,0
Kothrud,Hadapsar,19,6,0,3222,15201,0,16.984357541899442,0.0,1
Kothrud,Hadapsar,19,6,1,3555,17915,0,18.14177215189873,0.0,0
Kothrud,Hadapsar,19,6,2,3852,17527,0,16.3803738317757,0.0,0
Kothrud,Hadapsar,21,6,0,2353,15620,0,23.898002549936248,0.0,1
Kothrud,Hadapsar,21,6,1,2626,19286,0,26.43929931454684,0.0,0
Kothrud,Hadapsar,21,6,2,2521,16977,0,24.24323681078937,0.0,0
Kothrud,Hadapsar,23,6,0,2013,15620,0,27.934426229508198,0.0,1
Kothrud,Hadapsar,23,6,1,2241,18779,0,30.167068273092365,0.0,0
Kothrud,Hadapsar,23,6,2,2168,16733,0,27.785424354243546,0.0,0
Kothrud,Hadapsar,7,0,0,2205,15620,0,25.502040816326527,0.0,1
Kothrud,Hadapsar,7,0,1,2493,18779,0,27.11768953068592,0.0,0
Kothrud,Hadapsar,7,0,2,2492,17184,0,24.82439807383628,0.0,0
Kothrud,Hadapsar,9,0,0,2725,15201,0,20.08205504587156,0.0,1
Kothrud,Hadapsar,9,0,1,3164,19286,0,21.94361567635904,0.0,0
Kothrud,Hadapsar,9,0,2,2915,16559,0,20.450222984562608,0.0,0
Kothrud,Hadapsar,11,0,0,3076,15494,0,18.1334200260078,0.0,1
Kothrud,Hadapsar,11,0,1,3210,16521,0,18.52822429906542,0.0,0
Kothrud,Hadapsar,11,0,2,3476,19286,0,19.973993095512085,0.0,0
Kothrud,Hadapsar,13,0,0,3022,15494,0,18.457445400397088,0.0,1
Kothrud,Hadapsar,13,0,1,3332,19286,0,20.83721488595438,0.0,0
Kothrud,Hadapsar,13,0,2,3205,16521,0,18.55712948517941,0.0,0
Kothrud,Hadapsar,15,0,0,2789,15451,0,19.94392255288634,0.0,1
Kothrud,Hadapsar,15,0,1,3248,19597,0,21.72081280788177,0.0,0
Kothrud,Hadapsar,15,0,2,3193,16521,0,18.62687128092703,0.0,0
Kothrud,Hadapsar,17,0,0,3171,15451,0,17.541343424787133,0.0,1
Kothrud,Hadapsar,17,0,1,3465,16521,0,17.164675324675326,0.0,0
Kothrud,Hadapsar,17,0,2,3887,19286,0,17.862001543606894,0.0,0
Kothrud,Hadapsar,19,0,0,3195,15201,0,17.127887323943664,0.0,1
Kothrud,Hadapsar,19,0,1,3566,17915,0,18.085810431856423,0.0,0
Kothrud,Hadapsar,19,0,2,3844,17527,0,16.414464099895945,0.0,0
Kothrud,Hadapsar,21,0,0,2349,15620,0,23.938697318007662,0.0,1
Kothrud,Hadapsar,21,0,1,2634,19286,0,26.358997722095676,0.0,0
Kothrud,Hadapsar,21,0,2,2531,16977,0,24.147451600158043,0.0,0
Kothrud,Hadapsar,23,0,0,2013,15620,0,27.934426229508198,0.0,1
Kothrud,Hadapsar,23,0,1,2241,18779,0,30.167068273092365,0.0,0
Kothrud,Hadapsar,23,0,2,2168,16733,0,27.785424354243546,0.0,0
Kothrud,Hadapsar,7,1,0,2205,15620,0,25.502040816326527,0.0,1
Kothrud,Hadapsar,7,1,1,2476,18779,0,27.303877221324715,0.0,0
Kothrud,Hadapsar,7,1,2,2488,16978,0,24.56623794212219,0.0,0
Kothrud,Hadapsar,9,1,0,2707,15201,0,20.21558921315109,0.0,1
Kothrud,Hadapsar,9,1,1,3099,19286,0,22.403872216844142,0.0,0
Kothrud,Hadapsar,9,1,2,2866,16559,0,20.79986043265876,0.0,0
Kothrud,Hadapsar,11,1,0,3054,15494,0,18.26404715127701,0.0,1
Kothrud,Hadapsar,11,1,1,3146,16521,0,18.905149396058487,0.0,0
Kothrud,Hadapsar,11,1,2,3413,19286,0,20.34268971579256,0.0,0
Kothrud,Hadapsar,13,1,0,3015,15225,0,18.17910447761194,0.0,1
Kothrud,Hadapsar,13,1,1,3250,18779,0,20.801353846153845,0.0,0
Kothrud,Hadapsar,13,1,2,3285,16894,0,18.513972602739724,0.0,0
Kothrud,Hadapsar,15,1,0,2764,15451,0,20.124312590448625,0.0,1
Kothrud,Hadapsar,15,1,1,3181,19597,0,22.17830870795348,0.0,0
Kothrud,Hadapsar,15,1,2,3121,16521,0,19.05658442806793,0.0,0
Kothrud,Hadapsar,17,1,0,3136,15451,0,17.737117346938778,0.0,1
Kothrud,Hadapsar,17,1,1,3561,17008,0,17.194271272114573,0.0,0
Kothrud,Hadapsar,17,1,2,3717,19286,0,18.678934624697337,0.0,0
Kothrud,Hadapsar,19,1,0,3184,15201,0,17.187060301507536,0.0,1
Kothrud,Hadapsar,19,1,1,3558,17915,0,18.126475548060707,0.0,0
Kothrud,Hadapsar,19,1,2,3814,17527,0,16.543576297850027,0.0,0
Kothrud,Hadapsar,21,1,0,2351,15620,0,23.918332624415143,0.0,1
Kothrud,Hadapsar,21,1,1,2637,19286,0,26.32901023890785,0.0,0
Kothrud,Hadapsar,21,1,2,2525,16977,0,24.20483168316832,0.0,0
Kothrud,Hadapsar,23,1,0,2013,15620,0,27.934426229508198,0.0,1
Kothrud,Hadapsar,23,1,1,2241,18779,0,30.167068273092365,0.0,0
Kothrud,Hadapsar,23,1,2,2168,16733,0,27.785424354243546,0.0,0
Kothrud,Hadapsar,7,2,0,2203,15620,0,25.52519291874716,0.0,1
Kothrud,Hadapsar,7,2,1,2477,18779,0,27.292854259184494,0.0,0
Kothrud,Hadapsar,7,2,2,2489,17184,0,24.85431900361591,0.0,0
Kothrud,Hadapsar,9,2,0,2684,15201,0,20.38882265275708,0.0,1
Kothrud,Hadapsar,9,2,1,3065,19286,0,22.65239804241436,0.0,0
Kothrud,Hadapsar,9,2,2,2877,17101,0,21.3985401459854,0.0,0
Kothrud,Hadapsar,11,2,0,3034,15494,0,18.38444297956493,0.0,1
Kothrud,Hadapsar,11,2,1,3355,19286,0,20.69436661698957,0.0,0
Kothrud,Hadapsar,11,2,2,3130,16521,0,19.001789137380197,0.0,0
Kothrud,Hadapsar,13,2,0,3005,15225,0,18.239600665557404,0.0,1
Kothrud,Hadapsar,13,2,1,3250,18779,0,20.801353846153845,0.0,0
Kothrud,Hadapsar,13,2,2,3190,16765,0,18.919749216300943,0.0,0
Kothrud,Hadapsar,15,2,0,2807,15451,0,19.81603135019594,0.0,1
Kothrud,Hadapsar,15,2,1,3279,19286,0,21.1740164684355,0.0,0
Kothrud,Hadapsar,15,2,2,3127,16521,0,19.02001918771986,0.0,0
Kothrud,Hadapsar,17,2,0,3204,15451,0,17.36067415730337,0.0,1
Kothrud,Hadapsar,17,2,1,3604,17008,0,16.98912319644839,0.0,0
Kothrud,Hadapsar,17,2,2,3867,19286,0,17.954383242823894,0.0,0
Kothrud,Hadapsar,19,2,0,3215,15201,0,17.021337480559875,0.0,1
Kothrud,Hadapsar,19,2,1,3576,17915,0,18.03523489932886,0.0,0
Kothrud,Hadapsar,19,2,2,3858,17527,0,16.354898911353033,0.0,0
Kothrud,Hadapsar,21,2,0,2348,15620,0,23.94889267461669,0.0,1
Kothrud,Hadapsar,21,2,1,2636,19286,0,26.33899848254932,0.0,0
Kothrud,Hadapsar,21,2,2,2527,16977,0,24.185674713098532,0.0,0
Kothrud,Hadapsar,23,2,0,2013,15620,0,27.934426229508198,0.0,1
Kothrud,Hadapsar,23,2,1,2241,18779,0,30.167068273092365,0.0,0
Kothrud,Hadapsar,23,2,2,2168,16733,0,27.785424354243546,0.0,0
Kothrud,Hadapsar,7,3,0,2181,15620,0,25.782668500687755,0.0,1
Kothrud,Hadapsar,7,3,1,2366,18779,0,28.573288250211323,0.0,0
Kothrud,Hadapsar,7,3,2,2433,16978,0,25.121578298397043,0.0,0
Kothrud,Hadapsar,9,3,0,2564,15201,0,21.34305772230889,0.0,1
Kothrud,Hadapsar,9,3,1,2765,19286,0,25.110162748643763,0.0,0
Kothrud,Hadapsar,9,3,2,2756,16765,0,21.89912917271408,0.0,0
Kothrud,Hadapsar,11,3,0,2975,15494,0,18.74904201680672,0.0,1
Kothrud,Hadapsar,11,3,1,3100,19286,0,22.396645161290323,0.0,0
Kothrud,Hadapsar,11,3,2,3019,16521,0,19.70043060616098,0.0,0
Kothrud,Hadapsar,13,3,0,3114,15225,0,17.601156069364162,0.0,1
Kothrud,Hadapsar,13,3,1,3228,18779,0,20.943122676579925,0.0,0
Kothrud,Hadapsar,13,3,2,3213,16765,0,18.7843137254902,0.0,0
Kothrud,Hadapsar,15,3,0,3088,15494,0,18.062953367875647,0.0,1
Kothrud,Hadapsar,15,3,1,3333,19286,0,20.830963096309635,0.0,0
Kothrud,Hadapsar,15,3,2,3351,17008,0,18.27179946284691,0.0,0
Kothrud,Hadapsar,17,3,0,3320,15448,0,16.750843373493975,0.0,1
Kothrud,Hadapsar,17,3,1,3543,19286,0,19.596274343776464,0.0,0
Kothrud,Hadapsar,17,3,2,3557,17008,0,17.213606972167554,0.0,0
Kothrud,Hadapsar,19,3,0,3156,15451,0,17.62471482889734,0.0,1
Kothrud,Hadapsar,19,3,1,3310,17008,0,18.498126888217524,0.0,0
Kothrud,Hadapsar,19,3,2,3346,19286,0,20.75002988643156,0.0,0
Kothrud,Hadapsar,21,3,0,2351,15620,0,23.918332624415143,0.0,1
Kothrud,Hadapsar,21,3,1,2634,19286,0,26.358997722095676,0.0,0
Kothrud,Hadapsar,21,3,2,2524,16977,0,24.21442155309033,0.0,0
Kothrud,Hadapsar,23,3,0,2013,15620,0,27.934426229508198,0.0,1
Kothrud,Hadapsar,23,3,1,2241,18779,0,30.167068273092365,0.0,0
Kothrud,Hadapsar,23,3,2,2168,16733,0,27.785424354243546,0.0,0
Kothrud,Hadapsar,7,4,0,2111,15611,0,26.622264329701565,0.0,1
Kothrud,Hadapsar,7,4,1,2322,18779,0,29.11472868217054,0.0,0
Kothrud,Hadapsar,7,4,2,2344,16978,0,26.07542662116041,0.0,0
Kothrud,Hadapsar,9,4,0,2349,15620,0,23.938697318007662,0.0,1
Kothrud,Hadapsar,9,4,1,2585,19286,0,26.85864603481625,0.0,0
Kothrud,Hadapsar,9,4,2,2583,17200,0,23.972125435540068,0.0,0
Kothrud,Hadapsar,11,4,0,2630,15869,0,21.721825095057035,0.0,1
Kothrud,Hadapsar,11,4,1,2710,18779,0,24.94627306273063,0.0,0
Kothrud,Hadapsar,11,4,2,2772,16939,0,21.9987012987013,0.0,0
Kothrud,Hadapsar,13,4,0,2690,15451,0,20.677918215613385,0.0,1
Kothrud,Hadapsar,13,4,1,2873,19286,0,24.16623738252698,0.0,0
Kothrud,Hadapsar,13,4,2,2832,16521,0,21.00127118644068,0.0,0
Kothrud,Hadapsar,15,4,0,2732,15451,0,20.360029282576868,0.0,1
Kothrud,Hadapsar,15,4,1,2951,19286,0,23.527482209420537,0.0,0
Kothrud,Hadapsar,15,4,2,2931,16521,0,20.29191402251791,0.0,0
Kothrud,Hadapsar,17,4,0,2803,15451,0,19.844309668212627,0.0,1
Kothrud,Hadapsar,17,4,1,3128,19286,0,22.19616368286445,0.0,0
Kothrud,Hadapsar,17,4,2,3039,16521,0,19.570779861796645,0.0,0
Kothrud,Hadapsar,19,4,0,2704,15451,0,20.57085798816568,0.0,1
Kothrud,Hadapsar,19,4,1,3054,19286,0,22.733988212180748,0.0,0
Kothrud,Hadapsar,19,4,2,2894,16521,0,20.55134761575674,0.0,0
Kothrud,Hadapsar,21,4,0,2263,15620,0,24.848431285903665,0.0,1
Kothrud,Hadapsar,21,4,1,2567,19286,0,27.04698091156993,0.0,0
Kothrud,Hadapsar,21,4,2,2470,16977,0,24.743805668016197,0.0,0
Kothrud,Hadapsar,23,4,0,2013,15620,0,27.934426229508198,0.0,1
Kothrud,Hadapsar,23,4,1,2241,18779,0,30.167068273092365,0.0,0
Kothrud,Hadapsar,23,4,2,2168,16733,0,27.785424354243546,0.0,0
Kothrud,Hadapsar,7,5,0,2206,15620,0,25.490480507706256,0.0,1
Kothrud,Hadapsar,7,5,1,2481,18779,0,27.24885126964933,0.0,0
Kothrud,Hadapsar,7,5,2,2476,16978,0,24.685298869143782,0.0,0
Kothrud,Hadapsar,9,5,0,2714,15201,0,20.163448784082533,0.0,1
Kothrud,Hadapsar,9,5,1,3097,19286,0,22.418340329350983,0.0,0
Kothrud,Hadapsar,9,5,2,2857,16559,0,20.86538326916346,0.0,0
Kothrud,Hadapsar,11,5,0,3082,15494,0,18.09811810512654,0.0,1
Kothrud,Hadapsar,11,5,1,3357,19286,0,20.682037533512062,0.0,0
Kothrud,Hadapsar,11,5,2,3129,16521,0,19.007861936721,0.0,0
Kothrud,Hadapsar,13,5,0,3022,15225,0,18.13699536730642,0.0,1
Kothrud,Hadapsar,13,5,1,3136,18779,0,21.557525510204083,0.0,0
Kothrud,Hadapsar,13,5,2,3273,16894,0,18.58185151237397,0.0,0
Kothrud,Hadapsar,15,5,0,2779,15451,0,20.01568909679741,0.0,1
Kothrud,Hadapsar,15,5,1,3133,19286,0,22.16074050430897,0.0,0
Kothrud,Hadapsar,15,5,2,3095,16521,0,19.216672051696285,0.0,0
Kothrud,Hadapsar,17,5,0,3161,15451,0,17.59683644416324,0.0,1
Kothrud,Hadapsar,17,5,1,3367,16521,0,17.664270864270865,0.0,0
Kothrud,Hadapsar,17,5,2,3755,19286,0,18.489906790945405,0.0,0
Kothrud,Hadapsar,19,5,0,3176,15201,0,17.230352644836273,0.0,1
Kothrud,Hadapsar,19,5,1,3389,17428,0,18.513071702567128,0.0,0
Kothrud,Hadapsar,19,5,2,3627,18907,0,18.76625310173697,0.0,0
Kothrud,Hadapsar,21,5,0,2338,15620,0,24.051325919589388,0.0,1
Kothrud,Hadapsar,21,5,1,2622,19286,0,26.47963386727689,0.0,0
Kothrud,Hadapsar,21,5,2,2515,16977,0,24.301073558648117,0.0,0
Kothrud,Hadapsar,23,5,0,2013,15620,0,27.934426229508198,0.0,1
Kothrud,Hadapsar,23,5,1,2241,18779,0,30.167068273092365,0.0,0
Kothrud,Hadapsar,23,5,2,2168,16733,0,27.785424354243546,0.0,0
Kothrud,Hadapsar,7,6,0,2237,15620,0,25.13723737147966,0.0,1
Kothrud,Hadapsar,7,6,1,2497,18779,0,27.074249098918703,0.0,0
Kothrud,Hadapsar,7,6,2,2485,17184,0,24.89432595573441,0.0,0
Kothrud,Hadapsar,9,6,0,2788,15201,0,19.62826398852224,0.0,1
Kothrud,Hadapsar,9,6,1,3198,19286,0,21.710318949343343,0.0,0
Kothrud,Hadapsar,9,6,2,3025,17271,0,20.5539173553719,0.0,0
Kothrud,Hadapsar,11,6,0,3159,15494,0,17.656980056980057,0.0,1
Kothrud,Hadapsar,11,6,1,3311,16971,0,18.452310480217456,0.0,0
Kothrud,Hadapsar,11,6,2,3530,19286,0,19.66844192634561,0.0,0
Kothrud,Hadapsar,13,6,0,3059,15225,0,17.91762013729977,0.0,1
Kothrud,Hadapsar,13,6,1,3267,18779,0,20.693112947658403,0.0,0
Kothrud,Hadapsar,13,6,2,3225,16765,0,18.71441860465116,0.0,0
Kothrud,Hadapsar,15,6,0,2828,15451,0,19.66888260254597,0.0,1
Kothrud,Hadapsar,15,6,1,3218,19286,0,21.575388440024863,0.0,0
Kothrud,Hadapsar,15,6,2,3097,16521,0,19.20426218921537,0.0,0
Kothrud,Hadapsar,17,6,0,3220,15451,0,17.274409937888198,0.0,1
Kothrud,Hadapsar,17,6,1,3396,16521,0,17.513427561837457,0.0,0
Kothrud,Hadapsar,17,6,2,3821,19286,0,18.170531274535463,0.0,0
Kothrud,Hadapsar,19,6,0,3222,15201,0,16.984357541899442,0.0,1
Kothrud,Hadapsar,19,6,1,3416,17428,0,18.36674473067916,0.0,0
Kothrud,Hadapsar,19,6,2,3722,19128,0,18.501020956475013,0.0,0
Kothrud,Hadapsar,21,6,0,2353,15620,0,23.898002549936248,0.0,1
Kothrud,Hadapsar,21,6,1,2626,19286,0,26.43929931454684,0.0,0
Kothrud,Hadapsar,21,6,2,2521,16977,0,24.24323681078937,0.0,0
Kothrud,Hadapsar,23,6,0,2013,15620,0,27.934426229508198,0.0,1
Kothrud,Hadapsar,23,6,1,2241,18779,0,30.167068273092365,0.0,0
Kothrud,Hadapsar,23,6,2,2168,16733,0,27.785424354243546,0.0,0
Kothrud,University,7,0,0,1155,8057,0,25.112727272727277,0.0,1
Kothrud,University,7,0,1,1447,9741,0,24.234692467173463,0.0,0
Kothrud,University,7,0,2,1727,13620,0,28.39143022582513,0.0,0
Kothrud,University,9,0,0,1441,8057,0,20.12852185981957,0.0,1
Kothrud,University,9,0,1,1716,9546,0,20.026573426573425,0.0,0
Kothrud,University,9,0,2,1952,13599,0,25.08012295081967,0.0,0
Kothrud,University,11,0,0,1579,8057,0,18.369347688410382,0.0,1
Kothrud,University,11,0,1,2043,13599,0,23.962995594713657,0.0,0
Kothrud,University,11,0,2,2030,9654,0,17.12039408866995,0.0,0
Kothrud,University,13,0,0,1521,8057,0,19.0698224852071,0.0,1
Kothrud,University,13,0,1,2001,13620,0,24.503748125937037,0.0,0
Kothrud,University,13,0,2,1981,9675,0,17.582029278142354,0.0,0
Kothrud,University,15,0,0,1418,8057,0,20.45500705218618,0.0,1
Kothrud,University,15,0,1,1851,13620,0,26.489465153970823,0.0,0
Kothrud,University,15,0,2,1824,9546,0,18.840789473684207,0.0,0
Kothrud,University,17,0,0,1596,8057,0,18.173684210526314,0.0,1
Kothrud,University,17,0,1,2012,13599,0,24.33220675944334,0.0,0
Kothrud,University,17,0,2,2020,9546,0,17.012673267326733,0.0,0
Kothrud,University,19,0,0,1649,8057,0,17.589569436021833,0.0,1
Kothrud,University,19,0,1,2148,13599,0,22.791620111731845,0.0,0
Kothrud,University,19,0,2,2075,9680,0,16.79421686746988,0.0,0
Kothrud,University,21,0,0,1234,8057,0,23.505024311183146,0.0,1
Kothrud,University,21,0,1,1547,9741,0,22.668131868131866,0.0,0
Kothrud,University,21,0,2,1815,13620,0,27.01487603305785,0.0,0
Kothrud,University,23,0,0,1066,8057,0,27.209380863039403,0.0,1
Kothrud,University,23,0,1,1326,9741,0,26.446153846153845,0.0,0
Kothrud,University,23,0,2,1643,13620,0,29.842970176506388,0.0,0
Kothrud,University,7,1,0,1140,8057,0,25.44315789473685,0.0,1
Kothrud,University,7,1,1,1430,9741,0,24.522797202797204,0.0,0
Kothrud,University,7,1,2,1714,13620,0,28.60676779463244,0.0,0
Kothrud,University,9,1,0,1431,8057,0,20.269182389937107,0.0,1
Kothrud,University,9,1,1,1696,9546,0,20.262735849056604,0.0,0
Kothrud,University,9,1,2,1924,13599,0,25.445114345114344,0.0,0
Kothrud,University,11,1,0,1582,8057,0,18.334513274336285,0.0,1
Kothrud,University,11,1,1,2007,13599,0,24.392825112107623,0.0,0
Kothrud,University,11,1,2,2018,9675,0,17.25966303270565,0.0,0
Kothrud,University,13,1,0,1533,8057,0,18.92054794520548,0.0,1
Kothrud,University,13,1,1,1991,13620,0,24.62682069311904,0.0,0
Kothrud,University,13,1,2,1974,9675,0,17.64437689969605,0.0,0
Kothrud,University,15,1,0,1409,8057,0,20.58566359119943,0.0,1
Kothrud,University,15,1,1,1853,13620,0,26.460874257960064,0.0,0
Kothrud,University,15,1,2,1893,9741,0,18.52488114104596,0.0,0
Kothrud,University,17,1,0,1610,8057,0,18.015652173913043,0.0,1
Kothrud,University,17,1,1,2028,13599,0,24.140236686390534,0.0,0
Kothrud,University,17,1,2,2025,9572,0,17.016888888888886,0.0,0
Kothrud,University,19,1,0,1676,8057,0,17.30620525059666,0.0,1
Kothrud,University,19,1,1,2148,13599,0,22.791620111731845,0.0,0
Kothrud,University,19,1,2,2094,9701,0,16.677936962750717,0.0,0
Kothrud,University,21,1,0,1244,8057,0,23.31607717041801,0.0,1
Kothrud,University,21,1,1,1555,9741,0,22.55151125401929,0.0,0
Kothrud,University,21,1,2,1813,13620,0,27.04467733039161,0.0,0
Kothrud,University,23,1,0,1066,8057,0,27.209380863039403,0.0,1
Kothrud,University,23,1,1,1326,9741,0,26.446153846153845,0.0,0
Kothrud,University,23,1,2,1643,13620,0,29.842970176506388,0.0,0
Kothrud,University,7,2,0,1141,8057,0,25.420858895705525,0.0,1
Kothrud,University,7,2,1,1434,9741,0,24.45439330543933,0.0,0
Kothrud,University,7,2,2,1715,13620,0,28.59008746355685,0.0,0
Kothrud,University,9,2,0,1414,8057,0,20.512871287128718,0.0,1
Kothrud,University,9,2,1,1694,9546,0,20.2866587957497,0.0,0
Kothrud,University,9,2,2,1923,13599,0,25.458346333853356,0.0,0
Kothrud,University,11,2,0,1562,8057,0,18.569270166453265,0.0,1
Kothrud,University,11,2,1,2015,13599,0,24.295980148883373,0.0,0
Kothrud,University,11,2,2,1924,9526,0,17.824116424116422,0.0,0
Kothrud,University,13,2,0,1525,8057,0,19.019803278688524,0.0,1
Kothrud,University,13,2,1,2005,13620,0,24.45486284289277,0.0,0
Kothrud,University,13,2,2,1977,9675,0,17.617602427921092,0.0,0
Kothrud,University,15,2,0,1443,8057,0,20.100623700623704,0.0,1
Kothrud,University,15,2,1,1882,13620,0,26.05313496280552,0.0,0
Kothrud,University,15,2,2,1921,9741,0,18.25486725663717,0.0,0
Kothrud,University,17,2,0,1618,8057,0,17.926576019777503,0.0,1
Kothrud,University,17,2,1,2051,13599,0,23.869527059970743,0.0,0
Kothrud,University,17,2,2,2043,9526,0,16.78590308370044,0.0,0
Kothrud,University,19,2,0,1651,8057,0,17.568261659600243,0.0,1
Kothrud,University,19,2,1,2175,13599,0,22.50868965517241,0.0,0
Kothrud,University,19,2,2,2006,9551,0,17.140378863409772,0.0,0
Kothrud,University,21,2,0,1240,8057,0,23.391290322580648,0.0,1
Kothrud,University,21,2,1,1553,9741,0,22.580553766902767,0.0,0
Kothrud,University,21,2,2,1821,13620,0,26.92586490939044,0.0,0
Kothrud,University,23,2,0,1066,8057,0,27.209380863039403,0.0,1
Kothrud,University,23,2,1,1326,9741,0,26.446153846153845,0.0,0
Kothrud,University,23,2,2,1643,13620,0,29.842970176506388,0.0,0
Kothrud,University,7,3,0,1114,8057,0,26.03698384201077,0.0,1
Kothrud,University,7,3,1,1400,9741,0,25.04828571428571,0.0,0
Kothrud,University,7,3,2,1698,13620,0,28.87632508833922,0.0,0
Kothrud,University,9,3,0,1293,8057,0,22.432482598607887,0.0,1
Kothrud,University,9,3,1,1587,9546,0,21.654442344045368,0.0,0
Kothrud,University,9,3,2,1861,13620,0,26.347125201504568,0.0,0
Kothrud,University,11,3,0,1472,8057,0,19.704619565217392,0.0,1
Kothrud,University,11,3,1,1999,13620,0,24.52826413206603,0.0,0
Kothrud,University,11,3,2,1858,9546,0,18.496017222820235,0.0,0
Kothrud,University,13,3,0,1562,8057,0,18.569270166453265,0.0,1
Kothrud,University,13,3,1,2035,13599,0,24.057199017199014,0.0,0
Kothrud,University,13,3,2,1973,9546,0,17.41794221996959,0.0,0
Kothrud,University,15,3,0,1563,8057,0,18.5573896353167,0.0,1
Kothrud,University,15,3,1,1986,13599,0,24.650755287009066,0.0,0
Kothrud,University,15,3,2,1974,9546,0,17.409118541033433,0.0,0
Kothrud,University,17,3,0,1653,8057,0,17.5470054446461,0.0,1
Kothrud,University,17,3,1,2068,13599,0,23.67330754352031,0.0,0
Kothrud,University,17,3,2,2069,9546,0,16.60976317061382,0.0,0
Kothrud,University,19,3,0,1576,8057,0,18.404314720812184,0.0,1
Kothrud,University,19,3,1,2012,9675,0,17.31113320079523,0.0,0
Kothrud,University,19,3,2,2104,13599,0,23.268250950570344,0.0,0
Kothrud,University,21,3,0,1246,8057,0,23.27865168539326,0.0,1
Kothrud,University,21,3,1,1487,9546,0,23.110692669804976,0.0,0
Kothrud,University,21,3,2,1824,13620,0,26.881578947368418,0.0,0
Kothrud,University,23,3,0,1066,8057,0,27.209380863039403,0.0,1
Kothrud,University,23,3,1,1326,9741,0,26.446153846153845,0.0,0
Kothrud,University,23,3,2,1642,13620,0,29.86114494518879,0.0,0
Kothrud,University,7,4,0,1101,8057,0,26.34441416893733,0.0,1
Kothrud,University,7,4,1,1311,9546,0,26.21327231121281,0.0,0
Kothrud,University,7,4,2,1683,13620,0,29.133689839572188,0.0,0
Kothrud,University,9,4,0,1205,8057,0,24.070705394190878,0.0,1
Kothrud,University,9,4,1,1442,9546,0,23.831900138696252,0.0,0
Kothrud,University,9,4,2,1770,13620,0,27.70169491525424,0.0,0
Kothrud,University,11,4,0,1297,8057,0,22.363299922899,0.0,1
Kothrud,University,11,4,1,1585,9546,0,21.681766561514195,0.0,0
Kothrud,University,11,4,2,1851,13620,0,26.489465153970823,0.0,0
Kothrud,University,13,4,0,1353,8057,0,21.43769401330377,0.0,1
Kothrud,University,13,4,1,1679,9546,0,20.46789755807028,0.0,0
Kothrud,University,13,4,2,1881,13620,0,26.066985645933016,0.0,0
Kothrud,University,15,4,0,1351,8057,0,21.46943005181347,0.0,1
Kothrud,University,15,4,1,1841,13620,0,26.63335143943509,0.0,0
Kothrud,University,15,4,2,1785,9675,0,19.51260504201681,0.0,0
Kothrud,University,17,4,0,1421,8057,0,20.41182266009853,0.0,1
Kothrud,University,17,4,1,1901,13620,0,25.79274066280905,0.0,0
Kothrud,University,17,4,2,1808,9546,0,19.007522123893803,0.0,0
Kothrud,University,19,4,0,1428,8057,0,20.311764705882357,0.0,1
Kothrud,University,19,4,1,1934,13620,0,25.35263702171665,0.0,0
Kothrud,University,19,4,2,1811,9546,0,18.976035339591384,0.0,0
Kothrud,University,21,4,0,1206,8057,0,24.05074626865672,0.0,1
Kothrud,University,21,4,1,1446,9546,0,23.76597510373444,0.0,0
Kothrud,University,21,4,2,1767,13620,0,27.748726655348044,0.0,0
Kothrud,University,23,4,0,1066,8057,0,27.209380863039403,0.0,1
Kothrud,University,23,4,1,1326,9741,0,26.446153846153845,0.0,0
Kothrud,University,23,4,2,1642,13620,0,29.86114494518879,0.0,0
Kothrud,University,7,5,0,1151,8057,0,25.2,0.0,1
Kothrud,University,7,5,1,1444,9741,0,24.28504155124654,0.0,0
Kothrud,University,7,5,2,1730,13620,0,28.342196531791902,0.0,0
Kothrud,University,9,5,0,1429,8057,0,20.297550734779566,0.0,1
Kothrud,University,9,5,1,1700,9546,0,20.21505882352941,0.0,0
Kothrud,University,9,5,2,1936,13599,0,25.28739669421488,0.0,0
Kothrud,University,11,5,0,1565,8057,0,18.533674121405756,0.0,1
Kothrud,University,11,5,1,2016,13599,0,24.283928571428568,0.0,0
Kothrud,University,11,5,2,1978,9654,0,17.57047522750253,0.0,0
Kothrud,University,13,5,0,1513,8057,0,19.170654329147396,0.0,1
Kothrud,University,13,5,1,1985,13620,0,24.701259445843824,0.0,0
Kothrud,University,13,5,2,1922,9675,0,18.12174817898023,0.0,0
Kothrud,University,15,5,0,1407,8057,0,20.61492537313433,0.0,1
Kothrud,University,15,5,1,1846,13620,0,26.56121343445287,0.0,0
Kothrud,University,15,5,2,1864,9741,0,18.813090128755363,0.0,0
Kothrud,University,17,5,0,1584,8057,0,18.31136363636364,0.0,1
Kothrud,University,17,5,1,1999,13599,0,24.490445222611307,0.0,0
Kothrud,University,17,5,2,1986,9546,0,17.30392749244713,0.0,0
Kothrud,University,19,5,0,1654,8057,0,17.53639661426844,0.0,1
Kothrud,University,19,5,1,2120,13599,0,23.09264150943396,0.0,0
Kothrud,University,19,5,2,2037,9654,0,17.061561119293078,0.0,0
Kothrud,University,21,5,0,1238,8057,0,23.42907915993538,0.0,1
Kothrud,University,21,5,1,1535,9741,0,22.84534201954397,0.0,0
Kothrud,University,21,5,2,1814,13620,0,27.02976846747519,0.0,0
Kothrud,University,23,5,0,1066,8057,0,27.209380863039403,0.0,1
Kothrud,University,23,5,1,1326,9741,0,26.446153846153845,0.0,0
Kothrud,University,23,5,2,1643,13620,0,29.842970176506388,0.0,0
Kothrud,University,7,6,0,1151,8057,0,25.2,0.0,1
Kothrud,University,7,6,1,1375,9546,0,24.99316363636364,0.0,0
Kothrud,University,7,6,2,1729,13620,0,28.35858877964141,0.0,0
Kothrud,University,9,6,0,1460,8057,0,19.866575342465755,0.0,1
Kothrud,University,9,6,1,1733,9546,0,19.83012117714945,0.0,0
Kothrud,University,9,6,2,1978,13599,0,24.750455005055613,0.0,0
Kothrud,University,11,6,0,1616,8057,0,17.948762376237624,0.0,1
Kothrud,University,11,6,1,2074,13599,0,23.60482160077145,0.0,0
Kothrud,University,11,6,2,1958,9526,0,17.514606741573033,0.0,0
Kothrud,University,13,6,0,1532,8057,0,18.93289817232376,0.0,1
Kothrud,University,13,6,1,2010,13620,0,24.394029850746268,0.0,0
Kothrud,University,13,6,2,1978,9675,0,17.608695652173914,0.0,0
Kothrud,University,15,6,0,1437,8057,0,20.18455114822547,0.0,1
Kothrud,University,15,6,1,1867,13620,0,26.26245313336904,0.0,0
Kothrud,University,15,6,2,1904,9741,0,18.417857142857144,0.0,0
Kothrud,University,17,6,0,1632,8057,0,17.77279411764706,0.0,1
Kothrud,University,17,6,1,2073,13599,0,23.61620839363242,0.0,0
Kothrud,University,17,6,2,2043,9572,0,16.866960352422907,0.0,0
Kothrud,University,19,6,0,1670,8057,0,17.368383233532935,0.0,1
Kothrud,University,19,6,1,2108,9701,0,16.56717267552182,0.0,0
Kothrud,University,19,6,2,2198,13599,0,22.27315741583258,0.0,0
Kothrud,University,21,6,0,1237,8057,0,23.4480194017785,0.0,1
Kothrud,University,21,6,1,1537,9741,0,22.815614834092383,0.0,0
Kothrud,University,21,6,2,1816,13620,0,27.0,0.0,0
Kothrud,University,23,6,0,1066,8057,0,27.209380863039403,0.0,1
Kothrud,University,23,6,1,1326,9741,0,26.446153846153845,0.0,0
Kothrud,University,23,6,2,1643,13620,0,29.842970176506388,0.0,0
Kothrud,University,7,0,0,1155,8057,0,25.112727272727277,0.0,1
Kothrud,University,7,0,1,1447,9741,0,24.234692467173463,0.0,0
Kothrud,University,7,0,2,1727,13620,0,28.39143022582513,0.0,0
Kothrud,University,9,0,0,1441,8057,0,20.12852185981957,0.0,1
Kothrud,University,9,0,1,1716,9546,0,20.026573426573425,0.0,0
Kothrud,University,9,0,2,1952,13599,0,25.08012295081967,0.0,0
Kothrud,University,11,0,0,1579,8057,0,18.369347688410382,0.0,1
Kothrud,University,11,0,1,2043,13599,0,23.962995594713657,0.0,0
Kothrud,University,11,0,2,2030,9654,0,17.12039408866995,0.0,0
Kothrud,University,13,0,0,1521,8057,0,19.0698224852071,0.0,1
Kothrud,University,13,0,1,2001,13620,0,24.503748125937037,0.0,0
Kothrud,University,13,0,2,1981,9675,0,17.582029278142354,0.0,0
Kothrud,University,15,0,0,1418,8057,0,20.45500705218618,0.0,1
Kothrud,University,15,0,1,1851,13620,0,26.489465153970823,0.0,0
Kothrud,University,15,0,2,1824,9546,0,18.840789473684207,0.0,0
Kothrud,University,17,0,0,1596,8057,0,18.173684210526314,0.0,1
Kothrud,University,17,0,1,2012,13599,0,24.33220675944334,0.0,0
Kothrud,University,17,0,2,2020,9546,0,17.012673267326733,0.0,0
Kothrud,University,19,0,0,1649,8057,0,17.589569436021833,0.0,1
Kothrud,University,19,0,1,2148,13599,0,22.791620111731845,0.0,0
Kothrud,University,19,0,2,2075,9680,0,16.79421686746988,0.0,0
Kothrud,University,21,0,0,1234,8057,0,23.505024311183146,0.0,1
Kothrud,University,21,0,1,1547,9741,0,22.668131868131866,0.0,0
Kothrud,University,21,0,2,1815,13620,0,27.01487603305785,0.0,0
Kothrud,University,23,0,0,1066,8057,0,27.209380863039403,0.0,1
Kothrud,University,23,0,1,1326,9741,0,26.446153846153845,0.0,0
Kothrud,University,23,0,2,1643,13620,0,29.842970176506388,0.0,0
Kothrud,University,7,1,0,1140,8057,0,25.44315789473685,0.0,1
Kothrud,University,7,1,1,1430,9741,0,24.522797202797204,0.0,0
Kothrud,University,7,1,2,1714,13620,0,28.60676779463244,0.0,0
Kothrud,University,9,1,0,1431,8057,0,20.269182389937107,0.0,1
Kothrud,University,9,1,1,1696,9546,0,20.262735849056604,0.0,0
Kothrud,University,9,1,2,1924,13599,0,25.445114345114344,0.0,0
Kothrud,University,11,1,0,1582,8057,0,18.334513274336285,0.0,1
Kothrud,University,11,1,1,2007,13599,0,24.392825112107623,0.0,0
Kothrud,University,11,1,2,2018,9675,0,17.25966303270565,0.0,0
Kothrud,University,13,1,0,1533,8057,0,18.92054794520548,0.0,1
Kothrud,University,13,1,1,1991,13620,0,24.62682069311904,0.0,0
Kothrud,University,13,1,2,1974,9675,0,17.64437689969605,0.0,0
Kothrud,University,15,1,0,1409,8057,0,20.58566359119943,0.0,1
Kothrud,University,15,1,1,1853,13620,0,26.460874257960064,0.0,0
Kothrud,University,15,1,2,1893,9741,0,18.52488114104596,0.0,0
Kothrud,University,17,1,0,1610,8057,0,18.015652173913043,0.0,1
Kothrud,University,17,1,1,2028,13599,0,24.140236686390534,0.0,0
Kothrud,University,17,1,2,2025,9572,0,17.016888888888886,0.0,0
Kothrud,University,19,1,0,1676,8057,0,17.30620525059666,0.0,1
Kothrud,University,19,1,1,2148,13599,0,22.791620111731845,0.0,0
Kothrud,University,19,1,2,2094,9701,0,16.677936962750717,0.0,0
Kothrud,University,21,1,0,1244,8057,0,23.31607717041801,0.0,1
Kothrud,University,21,1,1,1555,9741,0,22.55151125401929,0.0,0
Kothrud,University,21,1,2,1813,13620,0,27.04467733039161,0.0,0
Kothrud,University,23,1,0,1066,8057,0,27.209380863039403,0.0,1
Kothrud,University,23,1,1,1326,9741,0,26.446153846153845,0.0,0
Kothrud,University,23,1,2,1643,13620,0,29.842970176506388,0.0,0
Kothrud,University,7,2,0,1141,8057,0,25.420858895705525,0.0,1
Kothrud,University,7,2,1,1434,9741,0,24.45439330543933,0.0,0
Kothrud,University,7,2,2,1715,13620,0,28.59008746355685,0.0,0
Kothrud,University,9,2,0,1414,8057,0,20.512871287128718,0.0,1
Kothrud,University,9,2,1,1694,9546,0,20.2866587957497,0.0,0
Kothrud,University,9,2,2,1923,13599,0,25.458346333853356,0.0,0
Kothrud,University,11,2,0,1562,8057,0,18.569270166453265,0.0,1
Kothrud,University,11,2,1,2015,13599,0,24.295980148883373,0.0,0
Kothrud,University,11,2,2,1924,9526,0,17.824116424116422,0.0,0
Kothrud,University,13,2,0,1525,8057,0,19.019803278688524,0.0,1
Kothrud,University,13,2,1,2005,13620,0,24.45486284289277,0.0,0
Kothrud,University,13,2,2,1977,9675,0,17.617602427921092,0.0,0
Kothrud,University,15,2,0,1443,8057,0,20.100623700623704,0.0,1
Kothrud,University,15,2,1,1882,13620,0,26.05313496280552,0.0,0
Kothrud,University,15,2,2,1921,9741,0,18.25486725663717,0.0,0
Kothrud,University,17,2,0,1618,8057,0,17.926576019777503,0.0,1
Kothrud,University,17,2,1,2051,13599,0,23.869527059970743,0.0,0
Kothrud,University,17,2,2,2043,9526,0,16.78590308370044,0.0,0
Kothrud,University,19,2,0,1651,8057,0,17.568261659600243,0.0,1
Kothrud,University,19,2,1,2175,13599,0,22.50868965517241,0.0,0
Kothrud,University,19,2,2,2006,9551,0,17.140378863409772,0.0,0
Kothrud,University,21,2,0,1240,8057,0,23.391290322580648,0.0,1
Kothrud,University,21,2,1,1553,9741,0,22.580553766902767,0.0,0
Kothrud,University,21,2,2,1821,13620,0,26.92586490939044,0.0,0
Kothrud,University,23,2,0,1066,8057,0,27.209380863039403,0.0,1
Kothrud,University,23,2,1,1326,9741,0,26.446153846153845,0.0,0
Kothrud,University,23,2,2,1643,13620,0,29.842970176506388,0.0,0
Kothrud,University,7,3,0,1114,8057,0,26.03698384201077,0.0,1
Kothrud,University,7,3,1,1400,9741,0,25.04828571428571,0.0,0
Kothrud,University,7,3,2,1698,13620,0,28.87632508833922,0.0,0
Kothrud,University,9,3,0,1293,8057,0,22.432482598607887,0.0,1
Kothrud,University,9,3,1,1587,9546,0,21.654442344045368,0.0,0
Kothrud,University,9,3,2,1861,13620,0,26.347125201504568,0.0,0
Kothrud,University,11,3,0,1472,8057,0,19.704619565217392,0.0,1
Kothrud,University,11,3,1,1999,13620,0,24.52826413206603,0.0,0
Kothrud,University,11,3,2,1858,9546,0,18.496017222820235,0.0,0
Kothrud,University,13,3,0,1562,8057,0,18.569270166453265,0.0,1
Kothrud,University,13,3,1,2035,13599,0,24.057199017199014,0.0,0
Kothrud,University,13,3,2,1973,9546,0,17.41794221996959,0.0,0
Kothrud,University,15,3,0,1563,8057,0,18.5573896353167,0.0,1
Kothrud,University,15,3,1,1986,13599,0,24.650755287009066,0.0,0
Kothrud,University,15,3,2,1974,9546,0,17.409118541033433,0.0,0
Kothrud,University,17,3,0,1653,8057,0,17.5470054446461,0.0,1
Kothrud,University,17,3,1,2068,13599,0,23.67330754352031,0.0,0
Kothrud,University,17,3,2,2069,9546,0,16.60976317061382,0.0,0
Kothrud,University,19,3,0,1576,8057,0,18.404314720812184,0.0,1
Kothrud,University,19,3,1,2012,9675,0,17.31113320079523,0.0,0
Kothrud,University,19,3,2,2104,13599,0,23.268250950570344,0.0,0
Kothrud,University,21,3,0,1246,8057,0,23.27865168539326,0.0,1
Kothrud,University,21,3,1,1487,9546,0,23.110692669804976,0.0,0
Kothrud,University,21,3,2,1824,13620,0,26.881578947368418,0.0,0
Kothrud,University,23,3,0,1066,8057,0,27.209380863039403,0.0,1
Kothrud,University,23,3,1,1326,9741,0,26.446153846153845,0.0,0
Kothrud,University,23,3,2,1642,13620,0,29.86114494518879,0.0,0
Kothrud,University,7,4,0,1101,8057,0,26.34441416893733,0.0,1
Kothrud,University,7,4,1,1311,9546,0,26.21327231121281,0.0,0
Kothrud,University,7,4,2,1683,13620,0,29.133689839572188,0.0,0
Kothrud,University,9,4,0,1205,8057,0,24.070705394190878,0.0,1
Kothrud,University,9,4,1,1442,9546,0,23.831900138696252,0.0,0
Kothrud,University,9,4,2,1770,13620,0,27.70169491525424,0.0,0
Kothrud,University,11,4,0,1297,8057,0,22.363299922899,0.0,1
Kothrud,University,11,4,1,1585,9546,0,21.681766561514195,0.0,0
Kothrud,University,11,4,2,1851,13620,0,26.489465153970823,0.0,0
Kothrud,University,13,4,0,1353,8057,0,21.43769401330377,0.0,1
Kothrud,University,13,4,1,1679,9546,0,20.46789755807028,0.0,0
Kothrud,University,13,4,2,1881,13620,0,26.066985645933016,0.0,0
Kothrud,University,15,4,0,1351,8057,0,21.46943005181347,0.0,1
Kothrud,University,15,4,1,1841,13620,0,26.63335143943509,0.0,0
Kothrud,University,15,4,2,1785,9675,0,19.51260504201681,0.0,0
Kothrud,University,17,4,0,1421,8057,0,20.41182266009853,0.0,1
Kothrud,University,17,4,1,1901,13620,0,25.79274066280905,0.0,0
Kothrud,University,17,4,2,1808,9546,0,19.007522123893803,0.0,0
Kothrud,University,19,4,0,1428,8057,0,20.311764705882357,0.0,1
Kothrud,University,19,4,1,1934,13620,0,25.35263702171665,0.0,0
Kothrud,University,19,4,2,1811,9546,0,18.976035339591384,0.0,0
Kothrud,University,21,4,0,1206,8057,0,24.05074626865672,0.0,1
Kothrud,University,21,4,1,1446,9546,0,23.76597510373444,0.0,0
Kothrud,University,21,4,2,1767,13620,0,27.748726655348044,0.0,0
Kothrud,University,23,4,0,1066,8057,0,27.209380863039403,0.0,1
Kothrud,University,23,4,1,1326,9741,0,26.446153846153845,0.0,0
Kothrud,University,23,4,2,1642,13620,0,29.86114494518879,0.0,0
Kothrud,University,7,5,0,1151,8057,0,25.2,0.0,1
Kothrud,University,7,5,1,1444,9741,0,24.28504155124654,0.0,0
Kothrud,University,7,5,2,1730,13620,0,28.342196531791902,0.0,0
Kothrud,University,9,5,0,1429,8057,0,20.297550734779566,0.0,1
Kothrud,University,9,5,1,1700,9546,0,20.21505882352941,0.0,0
Kothrud,University,9,5,2,1936,13599,0,25.28739669421488,0.0,0
Kothrud,University,11,5,0,1565,8057,0,18.533674121405756,0.0,1
Kothrud,University,11,5,1,2016,13599,0,24.283928571428568,0.0,0
Kothrud,University,11,5,2,1978,9654,0,17.57047522750253,0.0,0
Kothrud,University,13,5,0,1513,8057,0,19.170654329147396,0.0,1
Kothrud,University,13,5,1,1985,13620,0,24.701259445843824,0.0,0
Kothrud,University,13,5,2,1922,9675,0,18.12174817898023,0.0,0
Kothrud,University,15,5,0,1407,8057,0,20.61492537313433,0.0,1
Kothrud,University,15,5,1,1846,13620,0,26.56121343445287,0.0,0
Kothrud,University,15,5,2,1864,9741,0,18.813090128755363,0.0,0
Kothrud,University,17,5,0,1584,8057,0,18.31136363636364,0.0,1
Kothrud,University,17,5,1,1999,13599,0,24.490445222611307,0.0,0
Kothrud,University,17,5,2,1986,9546,0,17.30392749244713,0.0,0
Kothrud,University,19,5,0,1654,8057,0,17.53639661426844,0.0,1
Kothrud,University,19,5,1,2120,13599,0,23.09264150943396,0.0,0
Kothrud,University,19,5,2,2037,9654,0,17.061561119293078,0.0,0
Kothrud,University,21,5,0,1238,8057,0,23.42907915993538,0.0,1
Kothrud,University,21,5,1,1535,9741,0,22.84534201954397,0.0,0
Kothrud,University,21,5,2,1814,13620,0,27.02976846747519,0.0,0
Kothrud,University,23,5,0,1066,8057,0,27.209380863039403,0.0,1
Kothrud,University,23,5,1,1326,9741,0,26.446153846153845,0.0,0
Kothrud,University,23,5,2,1643,13620,0,29.842970176506388,0.0,0
Kothrud,University,7,6,0,1151,8057,0,25.2,0.0,1
Kothrud,University,7,6,1,1375,9546,0,24.99316363636364,0.0,0
Kothrud,University,7,6,2,1729,13620,0,28.35858877964141,0.0,0
Kothrud,University,9,6,0,1460,8057,0,19.866575342465755,0.0,1
Kothrud,University,9,6,1,1733,9546,0,19.83012117714945,0.0,0
Kothrud,University,9,6,2,1978,13599,0,24.750455005055613,0.0,0
Kothrud,University,11,6,0,1616,8057,0,17.948762376237624,0.0,1
Kothrud,University,11,6,1,2074,13599,0,23.60482160077145,0.0,0
Kothrud,University,11,6,2,1958,9526,0,17.514606741573033,0.0,0
Kothrud,University,13,6,0,1532,8057,0,18.93289817232376,0.0,1
Kothrud,University,13,6,1,2010,13620,0,24.394029850746268,0.0,0
Kothrud,University,13,6,2,1978,9675,0,17.608695652173914,0.0,0
Kothrud,University,15,6,0,1437,8057,0,20.18455114822547,0.0,1
Kothrud,University,15,6,1,1867,13620,0,26.26245313336904,0.0,0
Kothrud,University,15,6,2,1904,9741,0,18.417857142857144,0.0,0
Kothrud,University,17,6,0,1632,8057,0,17.77279411764706,0.0,1
Kothrud,University,17,6,1,2073,13599,0,23.61620839363242,0.0,0
Kothrud,University,17,6,2,2043,9572,0,16.866960352422907,0.0,0
Kothrud,University,19,6,0,1670,8057,0,17.368383233532935,0.0,1
Kothrud,University,19,6,1,2108,9701,0,16.56717267552182,0.0,0
Kothrud,University,19,6,2,2198,13599,0,22.27315741583258,0.0,0
Kothrud,University,21,6,0,1237,8057,0,23.4480194017785,0.0,1
Kothrud,University,21,6,1,1537,9741,0,22.815614834092383,0.0,0
Kothrud,University,21,6,2,1816,13620,0,27.0,0.0,0
Kothrud,University,23,6,0,1066,8057,0,27.209380863039403,0.0,1
Kothrud,University,23,6,1,1326,9741,0,26.446153846153845,0.0,0
Kothrud,University,23,6,2,1643,13620,0,29.842970176506388,0.0,0
Kothrud,University,7,0,0,1155,8057,0,25.112727272727277,0.0,1
Kothrud,University,7,0,1,1447,9741,0,24.234692467173463,0.0,0
Kothrud,University,7,0,2,1727,13620,0,28.39143022582513,0.0,0
Kothrud,University,9,0,0,1441,8057,0,20.12852185981957,0.0,1
Kothrud,University,9,0,1,1716,9546,0,20.026573426573425,0.0,0
Kothrud,University,9,0,2,1952,13599,0,25.08012295081967,0.0,0
Kothrud,University,11,0,0,1579,8057,0,18.369347688410382,0.0,1
Kothrud,University,11,0,1,2043,13599,0,23.962995594713657,0.0,0
Kothrud,University,11,0,2,2030,9654,0,17.12039408866995,0.0,0
Kothrud,University,13,0,0,1521,8057,0,19.0698224852071,0.0,1
Kothrud,University,13,0,1,2001,13620,0,24.503748125937037,0.0,0
Kothrud,University,13,0,2,1981,9675,0,17.582029278142354,0.0,0
Kothrud,University,15,0,0,1418,8057,0,20.45500705218618,0.0,1
Kothrud,University,15,0,1,1851,13620,0,26.489465153970823,0.0,0
Kothrud,University,15,0,2,1824,9546,0,18.840789473684207,0.0,0
Kothrud,University,17,0,0,1596,8057,0,18.173684210526314,0.0,1
Kothrud,University,17,0,1,2012,13599,0,24.33220675944334,0.0,0
Kothrud,University,17,0,2,2020,9546,0,17.012673267326733,0.0,0
Kothrud,University,19,0,0,1649,8057,0,17.589569436021833,0.0,1
Kothrud,University,19,0,1,2148,13599,0,22.791620111731845,0.0,0
Kothrud,University,19,0,2,2075,9680,0,16.79421686746988,0.0,0
Kothrud,University,21,0,0,1234,8057,0,23.505024311183146,0.0,1
Kothrud,University,21,0,1,1547,9741,0,22.668131868131866,0.0,0
Kothrud,University,21,0,2,1815,13620,0,27.01487603305785,0.0,0
Kothrud,University,23,0,0,1066,8057,0,27.209380863039403,0.0,1
Kothrud,University,23,0,1,1326,9741,0,26.446153846153845,0.0,0
Kothrud,University,23,0,2,1643,13620,0,29.842970176506388,0.0,0
Kothrud,University,7,1,0,1140,8057,0,25.44315789473685,0.0,1
Kothrud,University,7,1,1,1430,9741,0,24.522797202797204,0.0,0
Kothrud,University,7,1,2,1714,13620,0,28.60676779463244,0.0,0
Kothrud,University,9,1,0,1431,8057,0,20.269182389937107,0.0,1
Kothrud,University,9,1,1,1696,9546,0,20.262735849056604,0.0,0
Kothrud,University,9,1,2,1924,13599,0,25.445114345114344,0.0,0
Kothrud,University,11,1,0,1582,8057,0,18.334513274336285,0.0,1
Kothrud,University,11,1,1,2007,13599,0,24.392825112107623,0.0,0
Kothrud,University,11,1,2,2018,9675,0,17.25966303270565,0.0,0
Kothrud,University,13,1,0,1533,8057,0,18.92054794520548,0.0,1
Kothrud,University,13,1,1,1991,13620,0,24.62682069311904,0.0,0
Kothrud,University,13,1,2,1974,9675,0,17.64437689969605,0.0,0
Kothrud,University,15,1,0,1409,8057,0,20.58566359119943,0.0,1
Kothrud,University,15,1,1,1853,13620,0,26.460874257960064,0.0,0
Kothrud,University,15,1,2,1893,9741,0,18.52488114104596,0.0,0
Kothrud,University,17,1,0,1610,8057,0,18.015652173913043,0.0,1
Kothrud,University,17,1,1,2028,13599,0,24.140236686390534,0.0,0
Kothrud,University,17,1,2,2025,9572,0,17.016888888888886,0.0,0
Kothrud,University,19,1,0,1676,8057,0,17.30620525059666,0.0,1
Kothrud,University,19,1,1,2148,13599,0,22.791620111731845,0.0,0
Kothrud,University,19,1,2,2094,9701,0,16.677936962750717,0.0,0
Kothrud,University,21,1,0,1244,8057,0,23.31607717041801,0.0,1
Kothrud,University,21,1,1,1555,9741,0,22.55151125401929,0.0,0
Kothrud,University,21,1,2,1813,13620,0,27.04467733039161,0.0,0
Kothrud,University,23,1,0,1066,8057,0,27.209380863039403,0.0,1
Kothrud,University,23,1,1,1326,9741,0,26.446153846153845,0.0,0
Kothrud,University,23,1,2,1643,13620,0,29.842970176506388,0.0,0
Kothrud,University,7,2,0,1141,8057,0,25.420858895705525,0.0,1
Kothrud,University,7,2,1,1434,9741,0,24.45439330543933,0.0,0
Kothrud,University,7,2,2,1715,13620,0,28.59008746355685,0.0,0
Kothrud,University,9,2,0,1414,8057,0,20.512871287128718,0.0,1
Kothrud,University,9,2,1,1694,9546,0,20.2866587957497,0.0,0
Kothrud,University,9,2,2,1923,13599,0,25.458346333853356,0.0,0
Kothrud,University,11,2,0,1562,8057,0,18.569270166453265,0.0,1
Kothrud,University,11,2,1,2015,13599,0,24.295980148883373,0.0,0
Kothrud,University,11,2,2,1924,9526,0,17.824116424116422,0.0,0
Kothrud,University,13,2,0,1525,8057,0,19.019803278688524,0.0,1
Kothrud,University,13,2,1,2005,13620,0,24.45486284289277,0.0,0
Kothrud,University,13,2,2,1977,9675,0,17.617602427921092,0.0,0
Kothrud,University,15,2,0,1443,8057,0,20.100623700623704,0.0,1
Kothrud,University,15,2,1,1882,13620,0,26.05313496280552,0.0,0
Kothrud,University,15,2,2,1921,9741,0,18.25486725663717,0.0,0
Kothrud,University,17,2,0,1618,8057,0,17.926576019777503,0.0,1
Kothrud,University,17,2,1,2051,13599,0,23.869527059970743,0.0,0
Kothrud,University,17,2,2,2043,9526,0,16.78590308370044,0.0,0
Kothrud,University,19,2,0,1651,8057,0,17.568261659600243,0.0,1
Kothrud,University,19,2,1,2175,13599,0,22.50868965517241,0.0,0
Kothrud,University,19,2,2,2006,9551,0,17.140378863409772,0.0,0
Kothrud,University,21,2,0,1240,8057,0,23.391290322580648,0.0,1
Kothrud,University,21,2,1,1553,9741,0,22.580553766902767,0.0,0
Kothrud,University,21,2,2,1821,13620,0,26.92586490939044,0.0,0
Kothrud,University,23,2,0,1066,8057,0,27.209380863039403,0.0,1
Kothrud,University,23,2,1,1326,9741,0,26.446153846153845,0.0,0
Kothrud,University,23,2,2,1643,13620,0,29.842970176506388,0.0,0
Kothrud,University,7,3,0,1114,8057,0,26.03698384201077,0.0,1
Kothrud,University,7,3,1,1400,9741,0,25.04828571428571,0.0,0
Kothrud,University,7,3,2,1698,13620,0,28.87632508833922,0.0,0
Kothrud,University,9,3,0,1293,8057,0,22.432482598607887,0.0,1
Kothrud,University,9,3,1,1587,9546,0,21.654442344045368,0.0,0
Kothrud,University,9,3,2,1861,13620,0,26.347125201504568,0.0,0
Kothrud,University,11,3,0,1472,8057,0,19.704619565217392,0.0,1
Kothrud,University,11,3,1,1999,13620,0,24.52826413206603,0.0,0
Kothrud,University,11,3,2,1858,9546,0,18.496017222820235,0.0,0
Kothrud,University,13,3,0,1562,8057,0,18.569270166453265,0.0,1
Kothrud,University,13,3,1,2035,13599,0,24.057199017199014,0.0,0
Kothrud,University,13,3,2,1973,9546,0,17.41794221996959,0.0,0
Kothrud,University,15,3,0,1563,8057,0,18.5573896353167,0.0,1
Kothrud,University,15,3,1,1986,13599,0,24.650755287009066,0.0,0
Kothrud,University,15,3,2,1974,9546,0,17.409118541033433,0.0,0
Kothrud,University,17,3,0,1653,8057,0,17.5470054446461,0.0,1
Kothrud,University,17,3,1,2068,13599,0,23.67330754352031,0.0,0
Kothrud,University,17,3,2,2069,9546,0,16.60976317061382,0.0,0
Kothrud,University,19,3,0,1576,8057,0,18.404314720812184,0.0,1
Kothrud,University,19,3,1,2012,9675,0,17.31113320079523,0.0,0
Kothrud,University,19,3,2,2104,13599,0,23.268250950570344,0.0,0
Kothrud,University,21,3,0,1246,8057,0,23.27865168539326,0.0,1
Kothrud,University,21,3,1,1487,9546,0,23.110692669804976,0.0,0
Kothrud,University,21,3,2,1824,13620,0,26.881578947368418,0.0,0
Kothrud,University,23,3,0,1066,8057,0,27.209380863039403,0.0,1
Kothrud,University,23,3,1,1326,9741,0,26.446153846153845,0.0,0
Kothrud,University,23,3,2,1642,13620,0,29.86114494518879,0.0,0
Kothrud,University,7,4,0,1101,8057,0,26.34441416893733,0.0,1
Kothrud,University,7,4,1,1311,9546,0,26.21327231121281,0.0,0
Kothrud,University,7,4,2,1683,13620,0,29.133689839572188,0.0,0
Kothrud,University,9,4,0,1205,8057,0,24.070705394190878,0.0,1
Kothrud,University,9,4,1,1442,9546,0,23.831900138696252,0.0,0
Kothrud,University,9,4,2,1770,13620,0,27.70169491525424,0.0,0
Kothrud,University,11,4,0,1297,8057,0,22.363299922899,0.0,1
Kothrud,University,11,4,1,1585,9546,0,21.681766561514195,0.0,0
Kothrud,University,11,4,2,1851,13620,0,26.489465153970823,0.0,0
Kothrud,University,13,4,0,1353,8057,0,21.43769401330377,0.0,1
Kothrud,University,13,4,1,1679,9546,0,20.46789755807028,0.0,0
Kothrud,University,13,4,2,1881,13620,0,26.066985645933016,0.0,0
Kothrud,University,15,4,0,1351,8057,0,21.46943005181347,0.0,1
Kothrud,University,15,4,1,1841,13620,0,26.63335143943509,0.0,0
Kothrud,University,15,4,2,1785,9675,0,19.51260504201681,0.0,0
Kothrud,University,17,4,0,1421,8057,0,20.41182266009853,0.0,1
Kothrud,University,17,4,1,1901,13620,0,25.79274066280905,0.0,0
Kothrud,University,17,4,2,1808,9546,0,19.007522123893803,0.0,0
Kothrud,University,19,4,0,1428,8057,0,20.311764705882357,0.0,1
Kothrud,University,19,4,1,1934,13620,0,25.35263702171665,0.0,0
Kothrud,University,19,4,2,1811,9546,0,18.976035339591384,0.0,0
Kothrud,University,21,4,0,1206,8057,0,24.05074626865672,0.0,1
Kothrud,University,21,4,1,1446,9546,0,23.76597510373444,0.0,0
Kothrud,University,21,4,2,1767,13620,0,27.748726655348044,0.0,0
Kothrud,University,23,4,0,1066,8057,0,27.209380863039403,0.0,1
Kothrud,University,23,4,1,1326,9741,0,26.446153846153845,0.0,0
Kothrud,University,23,4,2,1642,13620,0,29.86114494518879,0.0,0
Kothrud,University,7,5,0,1151,8057,0,25.2,0.0,1
Kothrud,University,7,5,1,1444,9741,0,24.28504155124654,0.0,0
Kothrud,University,7,5,2,1730,13620,0,28.342196531791902,0.0,0
Kothrud,University,9,5,0,1429,8057,0,20.297550734779566,0.0,1
Kothrud,University,9,5,1,1700,9546,0,20.21505882352941,0.0,0
Kothrud,University,9,5,2,1936,13599,0,25.28739669421488,0.0,0
Kothrud,University,11,5,0,1565,8057,0,18.533674121405756,0.0,1
Kothrud,University,11,5,1,2016,13599,0,24.283928571428568,0.0,0
Kothrud,University,11,5,2,1978,9654,0,17.57047522750253,0.0,0
Kothrud,University,13,5,0,1513,8057,0,19.170654329147396,0.0,1
Kothrud,University,13,5,1,1985,13620,0,24.701259445843824,0.0,0
Kothrud,University,13,5,2,1922,9675,0,18.12174817898023,0.0,0
Kothrud,University,15,5,0,1407,8057,0,20.61492537313433,0.0,1
Kothrud,University,15,5,1,1846,13620,0,26.56121343445287,0.0,0
Kothrud,University,15,5,2,1864,9741,0,18.813090128755363,0.0,0
Kothrud,University,17,5,0,1584,8057,0,18.31136363636364,0.0,1
Kothrud,University,17,5,1,1999,13599,0,24.490445222611307,0.0,0
Kothrud,University,17,5,2,1986,9546,0,17.30392749244713,0.0,0
Kothrud,University,19,5,0,1654,8057,0,17.53639661426844,0.0,1
Kothrud,University,19,5,1,2120,13599,0,23.09264150943396,0.0,0
Kothrud,University,19,5,2,2037,9654,0,17.061561119293078,0.0,0
Kothrud,University,21,5,0,1238,8057,0,23.42907915993538,0.0,1
Kothrud,University,21,5,1,1535,9741,0,22.84534201954397,0.0,0
Kothrud,University,21,5,2,1814,13620,0,27.02976846747519,0.0,0
Kothrud,University,23,5,0,1066,8057,0,27.209380863039403,0.0,1
Kothrud,University,23,5,1,1326,9741,0,26.446153846153845,0.0,0
Kothrud,University,23,5,2,1643,13620,0,29.842970176506388,0.0,0
Kothrud,University,7,6,0,1151,8057,0,25.2,0.0,1
Kothrud,University,7,6,1,1375,9546,0,24.99316363636364,0.0,0
Kothrud,University,7,6,2,1729,13620,0,28.35858877964141,0.0,0
Kothrud,University,9,6,0,1460,8057,0,19.866575342465755,0.0,1
Kothrud,University,9,6,1,1733,9546,0,19.83012117714945,0.0,0
Kothrud,University,9,6,2,1978,13599,0,24.750455005055613,0.0,0
Kothrud,University,11,6,0,1616,8057,0,17.948762376237624,0.0,1
Kothrud,University,11,6,1,2074,13599,0,23.60482160077145,0.0,0
Kothrud,University,11,6,2,1958,9526,0,17.514606741573033,0.0,0
Kothrud,University,13,6,0,1532,8057,0,18.93289817232376,0.0,1
Kothrud,University,13,6,1,2010,13620,0,24.394029850746268,0.0,0
Kothrud,University,13,6,2,1978,9675,0,17.608695652173914,0.0,0
Kothrud,University,15,6,0,1437,8057,0,20.18455114822547,0.0,1
Kothrud,University,15,6,1,1867,13620,0,26.26245313336904,0.0,0
Kothrud,University,15,6,2,1904,9741,0,18.417857142857144,0.0,0
Kothrud,University,17,6,0,1632,8057,0,17.77279411764706,0.0,1
Kothrud,University,17,6,1,2073,13599,0,23.61620839363242,0.0,0
Kothrud,University,17,6,2,2043,9572,0,16.866960352422907,0.0,0
Kothrud,University,19,6,0,1670,8057,0,17.368383233532935,0.0,1
Kothrud,University,19,6,1,2108,9701,0,16.56717267552182,0.0,0
Kothrud,University,19,6,2,2198,13599,0,22.27315741583258,0.0,0
Kothrud,University,21,6,0,1237,8057,0,23.4480194017785,0.0,1
Kothrud,University,21,6,1,1537,9741,0,22.815614834092383,0.0,0
Kothrud,University,21,6,2,1816,13620,0,27.0,0.0,0
Kothrud,University,23,6,0,1066,8057,0,27.209380863039403,0.0,1
Kothrud,University,23,6,1,1326,9741,0,26.446153846153845,0.0,0
Kothrud,University,23,6,2,1643,13620,0,29.842970176506388,0.0,0
Hadapsar,Swargate,7,0,0,1129,8486,0,27.058990256864483,0.0,1
Hadapsar,Swargate,7,0,1,1321,9613,0,26.197426192278574,0.0,0
Hadapsar,Swargate,7,0,2,1825,12146,0,23.95923287671233,0.0,0
Hadapsar,Swargate,9,0,0,1459,8486,0,20.938725154215216,0.0,1
Hadapsar,Swargate,9,0,1,2005,11129,0,19.98224438902743,0.0,0
Hadapsar,Swargate,9,0,2,2137,11695,0,19.70145063172672,0.0,0
Hadapsar,Swargate,11,0,0,1604,8486,0,19.045885286783044,0.0,1
Hadapsar,Swargate,11,0,1,2163,11129,0,18.52260748959778,0.0,0
Hadapsar,Swargate,11,0,2,2338,11695,0,18.007698887938407,0.0,0
Hadapsar,Swargate,13,0,0,1518,8486,0,20.124901185770756,0.0,1
Hadapsar,Swargate,13,0,1,2176,11202,0,18.532720588235293,0.0,0
Hadapsar,Swargate,13,0,2,1664,9613,0,20.79735576923077,0.0,0
Hadapsar,Swargate,15,0,0,1443,8486,0,21.17089397089397,0.0,1
Hadapsar,Swargate,15,0,1,1791,10290,0,20.68341708542713,0.0,0
Hadapsar,Swargate,15,0,2,2161,11764,0,19.597593706617307,0.0,0
Hadapsar,Swargate,17,0,0,1692,8486,0,18.05531914893617,0.0,1
Hadapsar,Swargate,17,0,1,2238,11183,0,17.988739946380697,0.0,0
Hadapsar,Swargate,17,0,2,2513,11695,0,16.75368085953044,0.0,0
Hadapsar,Swargate,19,0,0,1713,8486,0,17.83397548161121,0.0,1
Hadapsar,Swargate,19,0,1,2302,11626,0,18.18140747176368,0.0,0
Hadapsar,Swargate,19,0,2,1933,10271,0,19.128608380755303,0.0,0
Hadapsar,Swargate,21,0,0,1202,8486,0,25.415640599001662,0.0,1
Hadapsar,Swargate,21,0,1,1384,9613,0,25.00491329479769,0.0,0
Hadapsar,Swargate,21,0,2,1880,12131,0,23.229574468085104,0.0,0
Hadapsar,Swargate,23,0,0,1034,8486,0,29.545067698259192,0.0,1
Hadapsar,Swargate,23,0,1,1690,12131,0,25.841183431952665,0.0,0
Hadapsar,Swargate,23,0,2,1718,11129,0,23.32037252619325,0.0,0
Hadapsar,Swargate,7,1,0,1124,8486,0,27.179359430604983,0.0,1
Hadapsar,Swargate,7,1,1,1312,9613,0,26.37713414634146,0.0,0
Hadapsar,Swargate,7,1,2,1802,12146,0,24.265038845726973,0.0,0
Hadapsar,Swargate,9,1,0,1441,8486,0,21.20027758501041,0.0,1
Hadapsar,Swargate,9,1,1,2023,11626,0,20.688877904102817,0.0,0
Hadapsar,Swargate,9,1,2,1588,9613,0,21.79269521410579,0.0,0
Hadapsar,Swargate,11,1,0,1606,8486,0,19.022166874221668,0.0,1
Hadapsar,Swargate,11,1,1,2167,11129,0,18.488417166589755,0.0,0
Hadapsar,Swargate,11,1,2,2298,11695,0,18.32114882506528,0.0,0
Hadapsar,Swargate,13,1,0,1510,8486,0,20.231523178807947,0.0,1
Hadapsar,Swargate,13,1,1,2214,11764,0,19.12845528455285,0.0,0
Hadapsar,Swargate,13,1,2,1668,9613,0,20.74748201438849,0.0,0
Hadapsar,Swargate,15,1,0,1439,8486,0,21.22974287699792,0.0,1
Hadapsar,Swargate,15,1,1,2128,11764,0,19.90150375939849,0.0,0
Hadapsar,Swargate,15,1,2,1614,9613,0,21.441635687732344,0.0,0
Hadapsar,Swargate,17,1,0,1646,8486,0,18.55990279465371,0.0,1
Hadapsar,Swargate,17,1,1,2274,11764,0,18.623746701846965,0.0,0
Hadapsar,Swargate,17,1,2,2009,10475,0,18.77053260328522,0.0,0
Hadapsar,Swargate,19,1,0,1639,8486,0,18.639170225747407,0.0,1
Hadapsar,Swargate,19,1,1,2279,11807,0,18.650811759543657,0.0,0
Hadapsar,Swargate,19,1,2,1904,10271,0,19.41995798319328,0.0,0
Hadapsar,Swargate,21,1,0,1194,8486,0,25.58592964824121,0.0,1
Hadapsar,Swargate,21,1,1,1381,9613,0,25.05923244026068,0.0,0
Hadapsar,Swargate,21,1,2,1875,12131,0,23.29152,0.0,0
Hadapsar,Swargate,23,1,0,1034,8486,0,29.545067698259192,0.0,1
Hadapsar,Swargate,23,1,1,1690,12131,0,25.841183431952665,0.0,0
Hadapsar,Swargate,23,1,2,1718,11129,0,23.32037252619325,0.0,0
Hadapsar,Swargate,7,2,0,1127,8486,0,27.107009760425917,0.0,1
Hadapsar,Swargate,7,2,1,1311,9613,0,26.397254004576656,0.0,0
Hadapsar,Swargate,7,2,2,1806,12146,0,24.211295681063124,0.0,0
Hadapsar,Swargate,9,2,0,1435,8486,0,21.28891986062718,0.0,1
Hadapsar,Swargate,9,2,1,2003,11626,0,20.89545681477783,0.0,0
Hadapsar,Swargate,9,2,2,1578,9613,0,21.93079847908745,0.0,0
Hadapsar,Swargate,11,2,0,1584,8486,0,19.28636363636364,0.0,1
Hadapsar,Swargate,11,2,1,2172,11764,0,19.49834254143646,0.0,0
Hadapsar,Swargate,11,2,2,1932,10475,0,19.518633540372672,0.0,0
Hadapsar,Swargate,13,2,0,1517,8486,0,20.138167435728413,0.0,1
Hadapsar,Swargate,13,2,1,2184,11764,0,19.39120879120879,0.0,0
Hadapsar,Swargate,13,2,2,1666,9613,0,20.772388955582237,0.0,0
Hadapsar,Swargate,15,2,0,1437,8486,0,21.25929018789144,0.0,1
Hadapsar,Swargate,15,2,1,2117,11764,0,20.004912612187056,0.0,0
Hadapsar,Swargate,15,2,2,1605,9613,0,21.5618691588785,0.0,0
Hadapsar,Swargate,17,2,0,1666,8486,0,18.337094837935176,0.0,1
Hadapsar,Swargate,17,2,1,2272,11764,0,18.640140845070423,0.0,0
Hadapsar,Swargate,17,2,2,2037,10475,0,18.512518409425628,0.0,0
Hadapsar,Swargate,19,2,0,1687,8486,0,18.108832246591582,0.0,1
Hadapsar,Swargate,19,2,1,2270,11626,0,18.43770925110132,0.0,0
Hadapsar,Swargate,19,2,2,2065,10475,0,18.261501210653755,0.0,0
Hadapsar,Swargate,21,2,0,1207,8486,0,25.310356255178128,0.0,1
Hadapsar,Swargate,21,2,1,1774,11766,0,23.876888387824128,0.0,0
Hadapsar,Swargate,21,2,2,1390,9613,0,24.896978417266183,0.0,0
Hadapsar,Swargate,23,2,0,1034,8486,0,29.545067698259192,0.0,1
Hadapsar,Swargate,23,2,1,1690,12131,0,25.841183431952665,0.0,0
Hadapsar,Swargate,23,2,2,1718,11129,0,23.32037252619325,0.0,0
Hadapsar,Swargate,7,3,0,1092,8486,0,27.975824175824176,0.0,1
Hadapsar,Swargate,7,3,1,1287,9613,0,26.88951048951049,0.0,0
Hadapsar,Swargate,7,3,2,1772,12131,0,24.645372460496613,0.0,0
Hadapsar,Swargate,9,3,0,1277,8486,0,23.922944400939706,0.0,1
Hadapsar,Swargate,9,3,1,1955,12146,0,22.3660358056266,0.0,0
Hadapsar,Swargate,9,3,2,1447,9613,0,23.916240497581203,0.0,0
Hadapsar,Swargate,11,3,0,1470,8486,0,20.78204081632653,0.0,1
Hadapsar,Swargate,11,3,1,2066,11764,0,20.498741529525653,0.0,0
Hadapsar,Swargate,11,3,2,1623,9613,0,21.32273567467653,0.0,0
Hadapsar,Swargate,13,3,0,1529,8486,0,19.980117724002618,0.0,1
Hadapsar,Swargate,13,3,1,2114,11764,0,20.033301797540208,0.0,0
Hadapsar,Swargate,13,3,2,1675,9613,0,20.660776119402986,0.0,0
Hadapsar,Swargate,15,3,0,1568,8486,0,19.483163265306125,0.0,1
Hadapsar,Swargate,15,3,1,2119,11764,0,19.986031146767345,0.0,0
Hadapsar,Swargate,15,3,2,2005,11064,0,19.865536159601,0.0,0
Hadapsar,Swargate,17,3,0,1640,8486,0,18.62780487804878,0.0,1
Hadapsar,Swargate,17,3,1,2174,11764,0,19.480404783808645,0.0,0
Hadapsar,Swargate,17,3,2,2080,11064,0,19.149230769230773,0.0,0
Hadapsar,Swargate,19,3,0,1523,8486,0,20.058831254103744,0.0,1
Hadapsar,Swargate,19,3,1,2128,11764,0,19.90150375939849,0.0,0
Hadapsar,Swargate,19,3,2,1675,9613,0,20.660776119402986,0.0,0
Hadapsar,Swargate,21,3,0,1192,8486,0,25.62885906040269,0.0,1
Hadapsar,Swargate,21,3,1,1378,9613,0,25.11378809869376,0.0,0
Hadapsar,Swargate,21,3,2,1877,12131,0,23.266702184336708,0.0,0
Hadapsar,Swargate,23,3,0,1034,8486,0,29.545067698259192,0.0,1
Hadapsar,Swargate,23,3,1,1690,12131,0,25.841183431952665,0.0,0
Hadapsar,Swargate,23,3,2,1718,11129,0,23.32037252619325,0.0,0
Hadapsar,Swargate,7,4,0,1067,8486,0,28.63130271790066,0.0,1
Hadapsar,Swargate,7,4,1,1749,12131,0,24.96946826758148,0.0,0
Hadapsar,Swargate,7,4,2,1752,11129,0,22.86780821917808,0.0,0
Hadapsar,Swargate,9,4,0,1156,8486,0,26.426989619377164,0.0,1
Hadapsar,Swargate,9,4,1,1720,11766,0,24.62651162790697,0.0,0
Hadapsar,Swargate,9,4,2,1344,9613,0,25.74910714285714,0.0,0
Hadapsar,Swargate,11,4,0,1248,8486,0,24.47884615384616,0.0,1
Hadapsar,Swargate,11,4,1,1872,11626,0,22.357692307692307,0.0,0
Hadapsar,Swargate,11,4,2,1422,9613,0,24.33670886075949,0.0,0
Hadapsar,Swargate,13,4,0,1296,8486,0,23.572222222222223,0.0,1
Hadapsar,Swargate,13,4,1,1929,11626,0,21.697045101088644,0.0,0
Hadapsar,Swargate,13,4,2,1465,9613,0,23.62238907849829,0.0,0
Hadapsar,Swargate,15,4,0,1332,8486,0,22.935135135135138,0.0,1
Hadapsar,Swargate,15,4,1,1968,11764,0,21.51951219512195,0.0,0
Hadapsar,Swargate,15,4,2,1496,9613,0,23.13288770053476,0.0,0
Hadapsar,Swargate,17,4,0,1400,8486,0,21.82114285714286,0.0,1
Hadapsar,Swargate,17,4,1,2022,11764,0,20.94480712166172,0.0,0
Hadapsar,Swargate,17,4,2,1560,9613,0,22.18384615384615,0.0,0
Hadapsar,Swargate,19,4,0,1374,8486,0,22.23406113537118,0.0,1
Hadapsar,Swargate,19,4,1,1949,11766,0,21.732991277578243,0.0,0
Hadapsar,Swargate,19,4,2,1541,9613,0,22.45736534717716,0.0,0
Hadapsar,Swargate,21,4,0,1149,8486,0,26.58798955613577,0.0,1
Hadapsar,Swargate,21,4,1,1335,9613,0,25.92269662921348,0.0,0
Hadapsar,Swargate,21,4,2,1828,12146,0,23.919912472647702,0.0,0
Hadapsar,Swargate,23,4,0,1034,8486,0,29.545067698259192,0.0,1
Hadapsar,Swargate,23,4,1,1690,12131,0,25.841183431952665,0.0,0
Hadapsar,Swargate,23,4,2,1718,11129,0,23.32037252619325,0.0,0
Hadapsar,Swargate,7,5,0,1139,8486,0,26.821422300263396,0.0,1
Hadapsar,Swargate,7,5,1,1323,9613,0,26.1578231292517,0.0,0
Hadapsar,Swargate,7,5,2,1805,12146,0,24.22470914127424,0.0,0
Hadapsar,Swargate,9,5,0,1476,8486,0,20.69756097560976,0.0,1
Hadapsar,Swargate,9,5,1,2021,11626,0,20.70935180603661,0.0,0
Hadapsar,Swargate,9,5,2,1860,10494,0,20.31096774193548,0.0,0
Hadapsar,Swargate,11,5,0,1607,8486,0,19.010329807093964,0.0,1
Hadapsar,Swargate,11,5,1,2156,11129,0,18.582745825602967,0.0,0
Hadapsar,Swargate,11,5,2,2289,11695,0,18.39318479685452,0.0,0
Hadapsar,Swargate,13,5,0,1503,8486,0,20.325748502994013,0.0,1
Hadapsar,Swargate,13,5,1,2176,11202,0,18.532720588235293,0.0,0
Hadapsar,Swargate,13,5,2,1649,9613,0,20.986537295330503,0.0,0
Hadapsar,Swargate,15,5,0,1417,8486,0,21.55935074100212,0.0,1
Hadapsar,Swargate,15,5,1,1582,9613,0,21.875347661188368,0.0,0
Hadapsar,Swargate,15,5,2,2133,11764,0,19.854852320675104,0.0,0
Hadapsar,Swargate,17,5,0,1645,8486,0,18.571185410334348,0.0,1
Hadapsar,Swargate,17,5,1,2284,11764,0,18.54220665499124,0.0,0
Hadapsar,Swargate,17,5,2,1784,9613,0,19.39843049327354,0.0,0
Hadapsar,Swargate,19,5,0,1684,8486,0,18.14109263657957,0.0,1
Hadapsar,Swargate,19,5,1,2296,11626,0,18.228919860627176,0.0,0
Hadapsar,Swargate,19,5,2,1929,10271,0,19.168273716951788,0.0,0
Hadapsar,Swargate,21,5,0,1193,8486,0,25.607376362112323,0.0,1
Hadapsar,Swargate,21,5,1,1376,9613,0,25.150290697674414,0.0,0
Hadapsar,Swargate,21,5,2,1884,12131,0,23.180254777070065,0.0,0
Hadapsar,Swargate,23,5,0,1034,8486,0,29.545067698259192,0.0,1
Hadapsar,Swargate,23,5,1,1690,12131,0,25.841183431952665,0.0,0
Hadapsar,Swargate,23,5,2,1718,11129,0,23.32037252619325,0.0,0
Hadapsar,Swargate,7,6,0,1151,8486,0,26.54178974804518,0.0,1
Hadapsar,Swargate,7,6,1,1334,9613,0,25.94212893553223,0.0,0
Hadapsar,Swargate,7,6,2,1831,12146,0,23.88072091753141,0.0,0
Hadapsar,Swargate,9,6,0,1516,8486,0,20.15145118733509,0.0,1
Hadapsar,Swargate,9,6,1,2020,11129,0,19.83386138613861,0.0,0
Hadapsar,Swargate,9,6,2,2164,12146,0,20.20591497227357,0.0,0
Hadapsar,Swargate,11,6,0,1669,8486,0,18.304134212103055,0.0,1
Hadapsar,Swargate,11,6,1,2201,11129,0,18.20281690140845,0.0,0
Hadapsar,Swargate,11,6,2,2362,11695,0,17.824724809483488,0.0,0
Hadapsar,Swargate,13,6,0,1542,8486,0,19.811673151750973,0.0,1
Hadapsar,Swargate,13,6,1,2205,11202,0,18.28897959183673,0.0,0
Hadapsar,Swargate,13,6,2,1696,9613,0,20.40495283018868,0.0,0
Hadapsar,Swargate,15,6,0,1480,8486,0,20.641621621621624,0.0,1
Hadapsar,Swargate,15,6,1,2135,11202,0,18.888618266978924,0.0,0
Hadapsar,Swargate,15,6,2,1651,9613,0,20.961114476075103,0.0,0
Hadapsar,Swargate,17,6,0,1729,8486,0,17.66894158473106,0.0,1
Hadapsar,Swargate,17,6,1,2238,11183,0,17.988739946380697,0.0,0
Hadapsar,Swargate,17,6,2,2542,11695,0,16.562549173878836,0.0,0
Hadapsar,Swargate,19,6,0,1714,8486,0,17.823570595099184,0.0,1
Hadapsar,Swargate,19,6,1,2317,11626,0,18.06370306430729,0.0,0
Hadapsar,Swargate,19,6,2,1960,10271,0,18.86510204081633,0.0,0
Hadapsar,Swargate,21,6,0,1195,8486,0,25.564518828451885,0.0,1
Hadapsar,Swargate,21,6,1,1380,9613,0,25.077391304347824,0.0,0
Hadapsar,Swargate,21,6,2,1876,12131,0,23.27910447761194,0.0,0
Hadapsar,Swargate,23,6,0,1035,8486,0,29.51652173913044,0.0,1
Hadapsar,Swargate,23,6,1,1691,12131,0,25.825901833234774,0.0,0
Hadapsar,Swargate,23,6,2,1719,11129,0,23.306806282722512,0.0,0
Hadapsar,Swargate,7,0,0,1129,8486,0,27.058990256864483,0.0,1
Hadapsar,Swargate,7,0,1,1321,9613,0,26.197426192278574,0.0,0
Hadapsar,Swargate,7,0,2,1825,12146,0,23.95923287671233,0.0,0
Hadapsar,Swargate,9,0,0,1459,8486,0,20.938725154215216,0.0,1
Hadapsar,Swargate,9,0,1,2005,11129,0,19.98224438902743,0.0,0
Hadapsar,Swargate,9,0,2,2137,11695,0,19.70145063172672,0.0,0
Hadapsar,Swargate,11,0,0,1604,8486,0,19.045885286783044,0.0,1
Hadapsar,Swargate,11,0,1,2163,11129,0,18.52260748959778,0.0,0
Hadapsar,Swargate,11,0,2,2338,11695,0,18.007698887938407,0.0,0
Hadapsar,Swargate,13,0,0,1518,8486,0,20.124901185770756,0.0,1
Hadapsar,Swargate,13,0,1,2176,11202,0,18.532720588235293,0.0,0
Hadapsar,Swargate,13,0,2,1664,9613,0,20.79735576923077,0.0,0
Hadapsar,Swargate,15,0,0,1443,8486,0,21.17089397089397,0.0,1
Hadapsar,Swargate,15,0,1,1791,10290,0,20.68341708542713,0.0,0
Hadapsar,Swargate,15,0,2,2161,11764,0,19.597593706617307,0.0,0
Hadapsar,Swargate,17,0,0,1692,8486,0,18.05531914893617,0.0,1
Hadapsar,Swargate,17,0,1,2238,11183,0,17.988739946380697,0.0,0
Hadapsar,Swargate,17,0,2,2513,11695,0,16.75368085953044,0.0,0
Hadapsar,Swargate,19,0,0,1713,8486,0,17.83397548161121,0.0,1
Hadapsar,Swargate,19,0,1,2302,11626,0,18.18140747176368,0.0,0
Hadapsar,Swargate,19,0,2,1933,10271,0,19.128608380755303,0.0,0
Hadapsar,Swargate,21,0,0,1202,8486,0,25.415640599001662,0.0,1
Hadapsar,Swargate,21,0,1,1384,9613,0,25.00491329479769,0.0,0
Hadapsar,Swargate,21,0,2,1880,12131,0,23.229574468085104,0.0,0
Hadapsar,Swargate,23,0,0,1034,8486,0,29.545067698259192,0.0,1
Hadapsar,Swargate,23,0,1,1690,12131,0,25.841183431952665,0.0,0
Hadapsar,Swargate,23,0,2,1718,11129,0,23.32037252619325,0.0,0
Hadapsar,Swargate,7,1,0,1124,8486,0,27.179359430604983,0.0,1
Hadapsar,Swargate,7,1,1,1312,9613,0,26.37713414634146,0.0,0
Hadapsar,Swargate,7,1,2,1802,12146,0,24.265038845726973,0.0,0
Hadapsar,Swargate,9,1,0,1441,8486,0,21.20027758501041,0.0,1
Hadapsar,Swargate,9,1,1,2023,11626,0,20.688877904102817,0.0,0
Hadapsar,Swargate,9,1,2,1588,9613,0,21.79269521410579,0.0,0
Hadapsar,Swargate,11,1,0,1606,8486,0,19.022166874221668,0.0,1
Hadapsar,Swargate,11,1,1,2167,11129,0,18.488417166589755,0.0,0
Hadapsar,Swargate,11,1,2,2298,11695,0,18.32114882506528,0.0,0
Hadapsar,Swargate,13,1,0,1510,8486,0,20.231523178807947,0.0,1
Hadapsar,Swargate,13,1,1,2214,11764,0,19.12845528455285,0.0,0
Hadapsar,Swargate,13,1,2,1668,9613,0,20.74748201438849,0.0,0
Hadapsar,Swargate,15,1,0,1439,8486,0,21.22974287699792,0.0,1
Hadapsar,Swargate,15,1,1,2128,11764,0,19.90150375939849,0.0,0
Hadapsar,Swargate,15,1,2,1614,9613,0,21.441635687732344,0.0,0
Hadapsar,Swargate,17,1,0,1646,8486,0,18.55990279465371,0.0,1
Hadapsar,Swargate,17,1,1,2274,11764,0,18.623746701846965,0.0,0
Hadapsar,Swargate,17,1,2,2009,10475,0,18.77053260328522,0.0,0
Hadapsar,Swargate,19,1,0,1639,8486,0,18.639170225747407,0.0,1
Hadapsar,Swargate,19,1,1,2279,11807,0,18.650811759543657,0.0,0
Hadapsar,Swargate,19,1,2,1904,10271,0,19.41995798319328,0.0,0
Hadapsar,Swargate,21,1,0,1194,8486,0,25.58592964824121,0.0,1
Hadapsar,Swargate,21,1,1,1381,9613,0,25.05923244026068,0.0,0
Hadapsar,Swargate,21,1,2,1875,12131,0,23.29152,0.0,0
Hadapsar,Swargate,23,1,0,1034,8486,0,29.545067698259192,0.0,1
Hadapsar,Swargate,23,1,1,1690,12131,0,25.841183431952665,0.0,0
Hadapsar,Swargate,23,1,2,1718,11129,0,23.32037252619325,0.0,0
Hadapsar,Swargate,7,2,0,1127,8486,0,27.107009760425917,0.0,1
Hadapsar,Swargate,7,2,1,1311,9613,0,26.397254004576656,0.0,0
Hadapsar,Swargate,7,2,2,1806,12146,0,24.211295681063124,0.0,0
Hadapsar,Swargate,9,2,0,1435,8486,0,21.28891986062718,0.0,1
Hadapsar,Swargate,9,2,1,2003,11626,0,20.89545681477783,0.0,0
Hadapsar,Swargate,9,2,2,1578,9613,0,21.93079847908745,0.0,0
Hadapsar,Swargate,11,2,0,1584,8486,0,19.28636363636364,0.0,1
Hadapsar,Swargate,11,2,1,2172,11764,0,19.49834254143646,0.0,0
Hadapsar,Swargate,11,2,2,1932,10475,0,19.518633540372672,0.0,0
Hadapsar,Swargate,13,2,0,1517,8486,0,20.138167435728413,0.0,1
Hadapsar,Swargate,13,2,1,2184,11764,0,19.39120879120879,0.0,0
Hadapsar,Swargate,13,2,2,1666,9613,0,20.772388955582237,0.0,0
Hadapsar,Swargate,15,2,0,1437,8486,0,21.25929018789144,0.0,1
Hadapsar,Swargate,15,2,1,2117,11764,0,20.004912612187056,0.0,0
Hadapsar,Swargate,15,2,2,1605,9613,0,21.5618691588785,0.0,0
Hadapsar,Swargate,17,2,0,1666,8486,0,18.337094837935176,0.0,1
Hadapsar,Swargate,17,2,1,2272,11764,0,18.640140845070423,0.0,0
Hadapsar,Swargate,17,2,2,2037,10475,0,18.512518409425628,0.0,0
Hadapsar,Swargate,19,2,0,1687,8486,0,18.108832246591582,0.0,1
Hadapsar,Swargate,19,2,1,2270,11626,0,18.43770925110132,0.0,0
Hadapsar,Swargate,19,2,2,2065,10475,0,18.261501210653755,0.0,0
Hadapsar,Swargate,21,2,0,1207,8486,0,25.310356255178128,0.0,1
Hadapsar,Swargate,21,2,1,1774,11766,0,23.876888387824128,0.0,0
Hadapsar,Swargate,21,2,2,1390,9613,0,24.896978417266183,0.0,0
Hadapsar,Swargate,23,2,0,1034,8486,0,29.545067698259192,0.0,1
Hadapsar,Swargate,23,2,1,1690,12131,0,25.841183431952665,0.0,0
Hadapsar,Swargate,23,2,2,1718,11129,0,23.32037252619325,0.0,0
Hadapsar,Swargate,7,3,0,1092,8486,0,27.975824175824176,0.0,1
Hadapsar,Swargate,7,3,1,1287,9613,0,26.88951048951049,0.0,0
Hadapsar,Swargate,7,3,2,1772,12131,0,24.645372460496613,0.0,0
Hadapsar,Swargate,9,3,0,1277,8486,0,23.922944400939706,0.0,1
Hadapsar,Swargate,9,3,1,1955,12146,0,22.3660358056266,0.0,0
Hadapsar,Swargate,9,3,2,1447,9613,0,23.916240497581203,0.0,0
Hadapsar,Swargate,11,3,0,1470,8486,0,20.78204081632653,0.0,1
Hadapsar,Swargate,11,3,1,2066,11764,0,20.498741529525653,0.0,0
Hadapsar,Swargate,11,3,2,1623,9613,0,21.32273567467653,0.0,0
Hadapsar,Swargate,13,3,0,1529,8486,0,19.980117724002618,0.0,1
Hadapsar,Swargate,13,3,1,2114,11764,0,20.033301797540208,0.0,0
Hadapsar,Swargate,13,3,2,1675,9613,0,20.660776119402986,0.0,0
Hadapsar,Swargate,15,3,0,1568,8486,0,19.483163265306125,0.0,1
Hadapsar,Swargate,15,3,1,2119,11764,0,19.986031146767345,0.0,0
Hadapsar,Swargate,15,3,2,2005,11064,0,19.865536159601,0.0,0
Hadapsar,Swargate,17,3,0,1640,8486,0,18.62780487804878,0.0,1
Hadapsar,Swargate,17,3,1,2174,11764,0,19.480404783808645,0.0,0
Hadapsar,Swargate,17,3,2,2080,11064,0,19.149230769230773,0.0,0
Hadapsar,Swargate,19,3,0,1523,8486,0,20.058831254103744,0.0,1
Hadapsar,Swargate,19,3,1,2128,11764,0,19.90150375939849,0.0,0
Hadapsar,Swargate,19,3,2,1675,9613,0,20.660776119402986,0.0,0
Hadapsar,Swargate,21,3,0,1192,8486,0,25.62885906040269,0.0,1
Hadapsar,Swargate,21,3,1,1378,9613,0,25.11378809869376,0.0,0
Hadapsar,Swargate,21,3,2,1877,12131,0,23.266702184336708,0.0,0
Hadapsar,Swargate,23,3,0,1034,8486,0,29.545067698259192,0.0,1
Hadapsar,Swargate,23,3,1,1690,12131,0,25.841183431952665,0.0,0
Hadapsar,Swargate,23,3,2,1718,11129,0,23.32037252619325,0.0,0
Hadapsar,Swargate,7,4,0,1067,8486,0,28.63130271790066,0.0,1
Hadapsar,Swargate,7,4,1,1749,12131,0,24.96946826758148,0.0,0
Hadapsar,Swargate,7,4,2,1752,11129,0,22.86780821917808,0.0,0
Hadapsar,Swargate,9,4,0,1156,8486,0,26.426989619377164,0.0,1
Hadapsar,Swargate,9,4,1,1720,11766,0,24.62651162790697,0.0,0
Hadapsar,Swargate,9,4,2,1344,9613,0,25.74910714285714,0.0,0
Hadapsar,Swargate,11,4,0,1248,8486,0,24.47884615384616,0.0,1
Hadapsar,Swargate,11,4,1,1872,11626,0,22.357692307692307,0.0,0
Hadapsar,Swargate,11,4,2,1422,9613,0,24.33670886075949,0.0,0
Hadapsar,Swargate,13,4,0,1296,8486,0,23.572222222222223,0.0,1
Hadapsar,Swargate,13,4,1,1929,11626,0,21.697045101088644,0.0,0
Hadapsar,Swargate,13,4,2,1465,9613,0,23.62238907849829,0.0,0
Hadapsar,Swargate,15,4,0,1332,8486,0,22.935135135135138,0.0,1
Hadapsar,Swargate,15,4,1,1968,11764,0,21.51951219512195,0.0,0
Hadapsar,Swargate,15,4,2,1496,9613,0,23.13288770053476,0.0,0
Hadapsar,Swargate,17,4,0,1400,8486,0,21.82114285714286,0.0,1
Hadapsar,Swargate,17,4,1,2022,11764,0,20.94480712166172,0.0,0
Hadapsar,Swargate,17,4,2,1560,9613,0,22.18384615384615,0.0,0
Hadapsar,Swargate,19,4,0,1374,8486,0,22.23406113537118,0.0,1
Hadapsar,Swargate,19,4,1,1949,11766,0,21.732991277578243,0.0,0
Hadapsar,Swargate,19,4,2,1541,9613,0,22.45736534717716,0.0,0
Hadapsar,Swargate,21,4,0,1149,8486,0,26.58798955613577,0.0,1
Hadapsar,Swargate,21,4,1,1335,9613,0,25.92269662921348,0.0,0
Hadapsar,Swargate,21,4,2,1828,12146,0,23.919912472647702,0.0,0
Hadapsar,Swargate,23,4,0,1034,8486,0,29.545067698259192,0.0,1
Hadapsar,Swargate,23,4,1,1690,12131,0,25.841183431952665,0.0,0
Hadapsar,Swargate,23,4,2,1718,11129,0,23.32037252619325,0.0,0
Hadapsar,Swargate,7,5,0,1139,8486,0,26.821422300263396,0.0,1
Hadapsar,Swargate,7,5,1,1323,9613,0,26.1578231292517,0.0,0
Hadapsar,Swargate,7,5,2,1805,12146,0,24.22470914127424,0.0,0
Hadapsar,Swargate,9,5,0,1476,8486,0,20.69756097560976,0.0,1
Hadapsar,Swargate,9,5,1,2021,11626,0,20.70935180603661,0.0,0
Hadapsar,Swargate,9,5,2,1860,10494,0,20.31096774193548,0.0,0
Hadapsar,Swargate,11,5,0,1607,8486,0,19.010329807093964,0.0,1
Hadapsar,Swargate,11,5,1,2156,11129,0,18.582745825602967,0.0,0
Hadapsar,Swargate,11,5,2,2289,11695,0,18.39318479685452,0.0,0
Hadapsar,Swargate,13,5,0,1503,8486,0,20.325748502994013,0.0,1
Hadapsar,Swargate,13,5,1,2176,11202,0,18.532720588235293,0.0,0
Hadapsar,Swargate,13,5,2,1649,9613,0,20.986537295330503,0.0,0
Hadapsar,Swargate,15,5,0,1417,8486,0,21.55935074100212,0.0,1
Hadapsar,Swargate,15,5,1,1582,9613,0,21.875347661188368,0.0,0
Hadapsar,Swargate,15,5,2,2133,11764,0,19.854852320675104,0.0,0
Hadapsar,Swargate,17,5,0,1645,8486,0,18.571185410334348,0.0,1
Hadapsar,Swargate,17,5,1,2284,11764,0,18.54220665499124,0.0,0
Hadapsar,Swargate,17,5,2,1784,9613,0,19.39843049327354,0.0,0
Hadapsar,Swargate,19,5,0,1684,8486,0,18.14109263657957,0.0,1
Hadapsar,Swargate,19,5,1,2296,11626,0,18.228919860627176,0.0,0
Hadapsar,Swargate,19,5,2,1929,10271,0,19.168273716951788,0.0,0
Hadapsar,Swargate,21,5,0,1193,8486,0,25.607376362112323,0.0,1
Hadapsar,Swargate,21,5,1,1376,9613,0,25.150290697674414,0.0,0
Hadapsar,Swargate,21,5,2,1884,12131,0,23.180254777070065,0.0,0
Hadapsar,Swargate,23,5,0,1034,8486,0,29.545067698259192,0.0,1
Hadapsar,Swargate,23,5,1,1690,12131,0,25.841183431952665,0.0,0
Hadapsar,Swargate,23,5,2,1718,11129,0,23.32037252619325,0.0,0
Hadapsar,Swargate,7,6,0,1151,8486,0,26.54178974804518,0.0,1
Hadapsar,Swargate,7,6,1,1334,9613,0,25.94212893553223,0.0,0
Hadapsar,Swargate,7,6,2,1831,12146,0,23.88072091753141,0.0,0
Hadapsar,Swargate,9,6,0,1516,8486,0,20.15145118733509,0.0,1
Hadapsar,Swargate,9,6,1,2020,11129,0,19.83386138613861,0.0,0
Hadapsar,Swargate,9,6,2,2164,12146,0,20.20591497227357,0.0,0
Hadapsar,Swargate,11,6,0,1669,8486,0,18.304134212103055,0.0,1
Hadapsar,Swargate,11,6,1,2201,11129,0,18.20281690140845,0.0,0
Hadapsar,Swargate,11,6,2,2362,11695,0,17.824724809483488,0.0,0
Hadapsar,Swargate,13,6,0,1542,8486,0,19.811673151750973,0.0,1
Hadapsar,Swargate,13,6,1,2205,11202,0,18.28897959183673,0.0,0
Hadapsar,Swargate,13,6,2,1696,9613,0,20.40495283018868,0.0,0
Hadapsar,Swargate,15,6,0,1480,8486,0,20.641621621621624,0.0,1
Hadapsar,Swargate,15,6,1,2135,11202,0,18.888618266978924,0.0,0
Hadapsar,Swargate,15,6,2,1651,9613,0,20.961114476075103,0.0,0
Hadapsar,Swargate,17,6,0,1729,8486,0,17.66894158473106,0.0,1
Hadapsar,Swargate,17,6,1,2238,11183,0,17.988739946380697,0.0,0
Hadapsar,Swargate,17,6,2,2542,11695,0,16.562549173878836,0.0,0
Hadapsar,Swargate,19,6,0,1714,8486,0,17.823570595099184,0.0,1
Hadapsar,Swargate,19,6,1,2317,11626,0,18.06370306430729,0.0,0
Hadapsar,Swargate,19,6,2,1960,10271,0,18.86510204081633,0.0,0
Hadapsar,Swargate,21,6,0,1195,8486,0,25.564518828451885,0.0,1
Hadapsar,Swargate,21,6,1,1380,9613,0,25.077391304347824,0.0,0
Hadapsar,Swargate,21,6,2,1876,12131,0,23.27910447761194,0.0,0
Hadapsar,Swargate,23,6,0,1035,8486,0,29.51652173913044,0.0,1
Hadapsar,Swargate,23,6,1,1691,12131,0,25.825901833234774,0.0,0
Hadapsar,Swargate,23,6,2,1719,11129,0,23.306806282722512,0.0,0
Hadapsar,Swargate,7,0,0,1129,8486,0,27.058990256864483,0.0,1
Hadapsar,Swargate,7,0,1,1321,9613,0,26.197426192278574,0.0,0
Hadapsar,Swargate,7,0,2,1825,12146,0,23.95923287671233,0.0,0
Hadapsar,Swargate,9,0,0,1459,8486,0,20.938725154215216,0.0,1
Hadapsar,Swargate,9,0,1,2005,11129,0,19.98224438902743,0.0,0
Hadapsar,Swargate,9,0,2,2137,11695,0,19.70145063172672,0.0,0
Hadapsar,Swargate,11,0,0,1604,8486,0,19.045885286783044,0.0,1
Hadapsar,Swargate,11,0,1,2163,11129,0,18.52260748959778,0.0,0
Hadapsar,Swargate,11,0,2,2338,11695,0,18.007698887938407,0.0,0
Hadapsar,Swargate,13,0,0,1518,8486,0,20.124901185770756,0.0,1
Hadapsar,Swargate,13,0,1,2176,11202,0,18.532720588235293,0.0,0
Hadapsar,Swargate,13,0,2,1664,9613,0,20.79735576923077,0.0,0
Hadapsar,Swargate,15,0,0,1443,8486,0,21.17089397089397,0.0,1
Hadapsar,Swargate,15,0,1,1791,10290,0,20.68341708542713,0.0,0
Hadapsar,Swargate,15,0,2,2161,11764,0,19.597593706617307,0.0,0
Hadapsar,Swargate,17,0,0,1692,8486,0,18.05531914893617,0.0,1
Hadapsar,Swargate,17,0,1,2238,11183,0,17.988739946380697,0.0,0
Hadapsar,Swargate,17,0,2,2513,11695,0,16.75368085953044,0.0,0
Hadapsar,Swargate,19,0,0,1713,8486,0,17.83397548161121,0.0,1
Hadapsar,Swargate,19,0,1,2302,11626,0,18.18140747176368,0.0,0
Hadapsar,Swargate,19,0,2,1933,10271,0,19.128608380755303,0.0,0
Hadapsar,Swargate,21,0,0,1202,8486,0,25.415640599001662,0.0,1
Hadapsar,Swargate,21,0,1,1384,9613,0,25.00491329479769,0.0,0
Hadapsar,Swargate,21,0,2,1880,12131,0,23.229574468085104,0.0,0
Hadapsar,Swargate,23,0,0,1034,8486,0,29.545067698259192,0.0,1
Hadapsar,Swargate,23,0,1,1690,12131,0,25.841183431952665,0.0,0
Hadapsar,Swargate,23,0,2,1718,11129,0,23.32037252619325,0.0,0
Hadapsar,Swargate,7,1,0,1124,8486,0,27.179359430604983,0.0,1
Hadapsar,Swargate,7,1,1,1312,9613,0,26.37713414634146,0.0,0
Hadapsar,Swargate,7,1,2,1802,12146,0,24.265038845726973,0.0,0
Hadapsar,Swargate,9,1,0,1441,8486,0,21.20027758501041,0.0,1
Hadapsar,Swargate,9,1,1,2023,11626,0,20.688877904102817,0.0,0
Hadapsar,Swargate,9,1,2,1588,9613,0,21.79269521410579,0.0,0
Hadapsar,Swargate,11,1,0,1606,8486,0,19.022166874221668,0.0,1
Hadapsar,Swargate,11,1,1,2167,11129,0,18.488417166589755,0.0,0
Hadapsar,Swargate,11,1,2,2298,11695,0,18.32114882506528,0.0,0
Hadapsar,Swargate,13,1,0,1510,8486,0,20.231523178807947,0.0,1
Hadapsar,Swargate,13,1,1,2214,11764,0,19.12845528455285,0.0,0
Hadapsar,Swargate,13,1,2,1668,9613,0,20.74748201438849,0.0,0
Hadapsar,Swargate,15,1,0,1439,8486,0,21.22974287699792,0.0,1
Hadapsar,Swargate,15,1,1,2128,11764,0,19.90150375939849,0.0,0
Hadapsar,Swargate,15,1,2,1614,9613,0,21.441635687732344,0.0,0
Hadapsar,Swargate,17,1,0,1646,8486,0,18.55990279465371,0.0,1
Hadapsar,Swargate,17,1,1,2274,11764,0,18.623746701846965,0.0,0
Hadapsar,Swargate,17,1,2,2009,10475,0,18.77053260328522,0.0,0
Hadapsar,Swargate,19,1,0,1639,8486,0,18.639170225747407,0.0,1
Hadapsar,Swargate,19,1,1,2279,11807,0,18.650811759543657,0.0,0
Hadapsar,Swargate,19,1,2,1904,10271,0,19.41995798319328,0.0,0
Hadapsar,Swargate,21,1,0,1194,8486,0,25.58592964824121,0.0,1
Hadapsar,Swargate,21,1,1,1381,9613,0,25.05923244026068,0.0,0
Hadapsar,Swargate,21,1,2,1875,12131,0,23.29152,0.0,0
Hadapsar,Swargate,23,1,0,1034,8486,0,29.545067698259192,0.0,1
Hadapsar,Swargate,23,1,1,1690,12131,0,25.841183431952665,0.0,0
Hadapsar,Swargate,23,1,2,1718,11129,0,23.32037252619325,0.0,0
Hadapsar,Swargate,7,2,0,1127,8486,0,27.107009760425917,0.0,1
Hadapsar,Swargate,7,2,1,1311,9613,0,26.397254004576656,0.0,0
Hadapsar,Swargate,7,2,2,1806,12146,0,24.211295681063124,0.0,0
Hadapsar,Swargate,9,2,0,1435,8486,0,21.28891986062718,0.0,1
Hadapsar,Swargate,9,2,1,2003,11626,0,20.89545681477783,0.0,0
Hadapsar,Swargate,9,2,2,1578,9613,0,21.93079847908745,0.0,0
Hadapsar,Swargate,11,2,0,1584,8486,0,19.28636363636364,0.0,1
Hadapsar,Swargate,11,2,1,2172,11764,0,19.49834254143646,0.0,0
Hadapsar,Swargate,11,2,2,1932,10475,0,19.518633540372672,0.0,0
Hadapsar,Swargate,13,2,0,1517,8486,0,20.138167435728413,0.0,1
Hadapsar,Swargate,13,2,1,2184,11764,0,19.39120879120879,0.0,0
Hadapsar,Swargate,13,2,2,1666,9613,0,20.772388955582237,0.0,0
Hadapsar,Swargate,15,2,0,1437,8486,0,21.25929018789144,0.0,1
Hadapsar,Swargate,15,2,1,2117,11764,0,20.004912612187056,0.0,0
Hadapsar,Swargate,15,2,2,1605,9613,0,21.5618691588785,0.0,0
Hadapsar,Swargate,17,2,0,1666,8486,0,18.337094837935176,0.0,1
Hadapsar,Swargate,17,2,1,2272,11764,0,18.640140845070423,0.0,0
Hadapsar,Swargate,17,2,2,2037,10475,0,18.512518409425628,0.0,0
Hadapsar,Swargate,19,2,0,1687,8486,0,18.108832246591582,0.0,1
Hadapsar,Swargate,19,2,1,2270,11626,0,18.43770925110132,0.0,0
Hadapsar,Swargate,19,2,2,2065,10475,0,18.261501210653755,0.0,0
Hadapsar,Swargate,21,2,0,1207,8486,0,25.310356255178128,0.0,1
Hadapsar,Swargate,21,2,1,1774,11766,0,23.876888387824128,0.0,0
Hadapsar,Swargate,21,2,2,1390,9613,0,24.896978417266183,0.0,0
Hadapsar,Swargate,23,2,0,1034,8486,0,29.545067698259192,0.0,1
Hadapsar,Swargate,23,2,1,1690,12131,0,25.841183431952665,0.0,0
Hadapsar,Swargate,23,2,2,1718,11129,0,23.32037252619325,0.0,0
Hadapsar,Swargate,7,3,0,1092,8486,0,27.975824175824176,0.0,1
Hadapsar,Swargate,7,3,1,1287,9613,0,26.88951048951049,0.0,0
Hadapsar,Swargate,7,3,2,1772,12131,0,24.645372460496613,0.0,0
Hadapsar,Swargate,9,3,0,1277,8486,0,23.922944400939706,0.0,1
Hadapsar,Swargate,9,3,1,1955,12146,0,22.3660358056266,0.0,0
Hadapsar,Swargate,9,3,2,1447,9613,0,23.916240497581203,0.0,0
Hadapsar,Swargate,11,3,0,1470,8486,0,20.78204081632653,0.0,1
Hadapsar,Swargate,11,3,1,2066,11764,0,20.498741529525653,0.0,0
Hadapsar,Swargate,11,3,2,1623,9613,0,21.32273567467653,0.0,0
Hadapsar,Swargate,13,3,0,1529,8486,0,19.980117724002618,0.0,1
Hadapsar,Swargate,13,3,1,2114,11764,0,20.033301797540208,0.0,0
Hadapsar,Swargate,13,3,2,1675,9613,0,20.660776119402986,0.0,0
Hadapsar,Swargate,15,3,0,1568,8486,0,19.483163265306125,0.0,1
Hadapsar,Swargate,15,3,1,2119,11764,0,19.986031146767345,0.0,0
Hadapsar,Swargate,15,3,2,2005,11064,0,19.865536159601,0.0,0
Hadapsar,Swargate,17,3,0,1640,8486,0,18.62780487804878,0.0,1
Hadapsar,Swargate,17,3,1,2174,11764,0,19.480404783808645,0.0,0
Hadapsar,Swargate,17,3,2,2080,11064,0,19.149230769230773,0.0,0
Hadapsar,Swargate,19,3,0,1523,8486,0,20.058831254103744,0.0,1
Hadapsar,Swargate,19,3,1,2128,11764,0,19.90150375939849,0.0,0
Hadapsar,Swargate,19,3,2,1675,9613,0,20.660776119402986,0.0,0
Hadapsar,Swargate,21,3,0,1192,8486,0,25.62885906040269,0.0,1
Hadapsar,Swargate,21,3,1,1378,9613,0,25.11378809869376,0.0,0
Hadapsar,Swargate,21,3,2,1877,12131,0,23.266702184336708,0.0,0
Hadapsar,Swargate,23,3,0,1034,8486,0,29.545067698259192,0.0,1
Hadapsar,Swargate,23,3,1,1690,12131,0,25.841183431952665,0.0,0
Hadapsar,Swargate,23,3,2,1718,11129,0,23.32037252619325,0.0,0
Hadapsar,Swargate,7,4,0,1067,8486,0,28.63130271790066,0.0,1
Hadapsar,Swargate,7,4,1,1749,12131,0,24.96946826758148,0.0,0
Hadapsar,Swargate,7,4,2,1752,11129,0,22.86780821917808,0.0,0
Hadapsar,Swargate,9,4,0,1156,8486,0,26.426989619377164,0.0,1
Hadapsar,Swargate,9,4,1,1720,11766,0,24.62651162790697,0.0,0
Hadapsar,Swargate,9,4,2,1344,9613,0,25.74910714285714,0.0,0
Hadapsar,Swargate,11,4,0,1248,8486,0,24.47884615384616,0.0,1
Hadapsar,Swargate,11,4,1,1872,11626,0,22.357692307692307,0.0,0
Hadapsar,Swargate,11,4,2,1422,9613,0,24.33670886075949,0.0,0
Hadapsar,Swargate,13,4,0,1296,8486,0,23.572222222222223,0.0,1
Hadapsar,Swargate,13,4,1,1929,11626,0,21.697045101088644,0.0,0
Hadapsar,Swargate,13,4,2,1465,9613,0,23.62238907849829,0.0,0
Hadapsar,Swargate,15,4,0,1332,8486,0,22.935135135135138,0.0,1
Hadapsar,Swargate,15,4,1,1968,11764,0,21.51951219512195,0.0,0
Hadapsar,Swargate,15,4,2,1496,9613,0,23.13288770053476,0.0,0
Hadapsar,Swargate,17,4,0,1400,8486,0,21.82114285714286,0.0,1
Hadapsar,Swargate,17,4,1,2022,11764,0,20.94480712166172,0.0,0
Hadapsar,Swargate,17,4,2,1560,9613,0,22.18384615384615,0.0,0
Hadapsar,Swargate,19,4,0,1374,8486,0,22.23406113537118,0.0,1
Hadapsar,Swargate,19,4,1,1949,11766,0,21.732991277578243,0.0,0
Hadapsar,Swargate,19,4,2,1541,9613,0,22.45736534717716,0.0,0
Hadapsar,Swargate,21,4,0,1149,8486,0,26.58798955613577,0.0,1
Hadapsar,Swargate,21,4,1,1335,9613,0,25.92269662921348,0.0,0
Hadapsar,Swargate,21,4,2,1828,12146,0,23.919912472647702,0.0,0
Hadapsar,Swargate,23,4,0,1034,8486,0,29.545067698259192,0.0,1
Hadapsar,Swargate,23,4,1,1690,12131,0,25.841183431952665,0.0,0
Hadapsar,Swargate,23,4,2,1718,11129,0,23.32037252619325,0.0,0
Hadapsar,Swargate,7,5,0,1139,8486,0,26.821422300263396,0.0,1
Hadapsar,Swargate,7,5,1,1323,9613,0,26.1578231292517,0.0,0
Hadapsar,Swargate,7,5,2,1805,12146,0,24.22470914127424,0.0,0
Hadapsar,Swargate,9,5,0,1476,8486,0,20.69756097560976,0.0,1
Hadapsar,Swargate,9,5,1,2021,11626,0,20.70935180603661,0.0,0
Hadapsar,Swargate,9,5,2,1860,10494,0,20.31096774193548,0.0,0
Hadapsar,Swargate,11,5,0,1607,8486,0,19.010329807093964,0.0,1
Hadapsar,Swargate,11,5,1,2156,11129,0,18.582745825602967,0.0,0
Hadapsar,Swargate,11,5,2,2289,11695,0,18.39318479685452,0.0,0
Hadapsar,Swargate,13,5,0,1503,8486,0,20.325748502994013,0.0,1
Hadapsar,Swargate,13,5,1,2176,11202,0,18.532720588235293,0.0,0
Hadapsar,Swargate,13,5,2,1649,9613,0,20.986537295330503,0.0,0
Hadapsar,Swargate,15,5,0,1417,8486,0,21.55935074100212,0.0,1
Hadapsar,Swargate,15,5,1,1582,9613,0,21.875347661188368,0.0,0
Hadapsar,Swargate,15,5,2,2133,11764,0,19.854852320675104,0.0,0
Hadapsar,Swargate,17,5,0,1645,8486,0,18.571185410334348,0.0,1
Hadapsar,Swargate,17,5,1,2284,11764,0,18.54220665499124,0.0,0
Hadapsar,Swargate,17,5,2,1784,9613,0,19.39843049327354,0.0,0
Hadapsar,Swargate,19,5,0,1684,8486,0,18.14109263657957,0.0,1
Hadapsar,Swargate,19,5,1,2296,11626,0,18.228919860627176,0.0,0
Hadapsar,Swargate,19,5,2,1929,10271,0,19.168273716951788,0.0,0
Hadapsar,Swargate,21,5,0,1193,8486,0,25.607376362112323,0.0,1
Hadapsar,Swargate,21,5,1,1376,9613,0,25.150290697674414,0.0,0
Hadapsar,Swargate,21,5,2,1884,12131,0,23.180254777070065,0.0,0
Hadapsar,Swargate,23,5,0,1034,8486,0,29.545067698259192,0.0,1
Hadapsar,Swargate,23,5,1,1690,12131,0,25.841183431952665,0.0,0
Hadapsar,Swargate,23,5,2,1718,11129,0,23.32037252619325,0.0,0
Hadapsar,Swargate,7,6,0,1151,8486,0,26.54178974804518,0.0,1
Hadapsar,Swargate,7,6,1,1334,9613,0,25.94212893553223,0.0,0
Hadapsar,Swargate,7,6,2,1831,12146,0,23.88072091753141,0.0,0
Hadapsar,Swargate,9,6,0,1516,8486,0,20.15145118733509,0.0,1
Hadapsar,Swargate,9,6,1,2020,11129,0,19.83386138613861,0.0,0
Hadapsar,Swargate,9,6,2,2164,12146,0,20.20591497227357,0.0,0
Hadapsar,Swargate,11,6,0,1669,8486,0,18.304134212103055,0.0,1
Hadapsar,Swargate,11,6,1,2201,11129,0,18.20281690140845,0.0,0
Hadapsar,Swargate,11,6,2,2362,11695,0,17.824724809483488,0.0,0
Hadapsar,Swargate,13,6,0,1542,8486,0,19.811673151750973,0.0,1
Hadapsar,Swargate,13,6,1,2205,11202,0,18.28897959183673,0.0,0
Hadapsar,Swargate,13,6,2,1696,9613,0,20.40495283018868,0.0,0
Hadapsar,Swargate,15,6,0,1480,8486,0,20.641621621621624,0.0,1
Hadapsar,Swargate,15,6,1,2135,11202,0,18.888618266978924,0.0,0
Hadapsar,Swargate,15,6,2,1651,9613,0,20.961114476075103,0.0,0
Hadapsar,Swargate,17,6,0,1729,8486,0,17.66894158473106,0.0,1
Hadapsar,Swargate,17,6,1,2238,11183,0,17.988739946380697,0.0,0
Hadapsar,Swargate,17,6,2,2542,11695,0,16.562549173878836,0.0,0
Hadapsar,Swargate,19,6,0,1714,8486,0,17.823570595099184,0.0,1
Hadapsar,Swargate,19,6,1,2317,11626,0,18.06370306430729,0.0,0
Hadapsar,Swargate,19,6,2,1960,10271,0,18.86510204081633,0.0,0
Hadapsar,Swargate,21,6,0,1195,8486,0,25.564518828451885,0.0,1
Hadapsar,Swargate,21,6,1,1380,9613,0,25.077391304347824,0.0,0
Hadapsar,Swargate,21,6,2,1876,12131,0,23.27910447761194,0.0,0
Hadapsar,Swargate,23,6,0,1035,8486,0,29.51652173913044,0.0,1
Hadapsar,Swargate,23,6,1,1691,12131,0,25.825901833234774,0.0,0
Hadapsar,Swargate,23,6,2,1719,11129,0,23.306806282722512,0.0,0
Hadapsar,Hinjewadi,7,0,0,3258,26025,0,28.756906077348063,0.0,1
Hadapsar,Hinjewadi,7,0,1,3538,31518,0,32.07032221594121,0.0,0
Hadapsar,Hinjewadi,7,0,2,3588,27756,0,27.848829431438126,0.0,0
Hadapsar,Hinjewadi,9,0,0,4046,27275,0,24.268413247652,0.0,1
Hadapsar,Hinjewadi,9,0,1,4402,31605,0,25.8468877782826,0.0,0
Hadapsar,Hinjewadi,9,0,2,4359,28576,0,23.60027529249828,0.0,0
Hadapsar,Hinjewadi,11,0,0,4272,26212,0,22.08876404494382,0.0,1
Hadapsar,Hinjewadi,11,0,1,4666,26410,0,20.37633947706815,0.0,0
Hadapsar,Hinjewadi,11,0,2,4714,34547,0,26.38294442087399,0.0,0
Hadapsar,Hinjewadi,13,0,0,3905,27275,0,25.14468629961588,0.0,1
Hadapsar,Hinjewadi,13,0,1,4371,31740,0,26.1413864104324,0.0,0
Hadapsar,Hinjewadi,13,0,2,4173,28180,0,24.31056793673616,0.0,0
Hadapsar,Hinjewadi,15,0,0,3862,26212,0,24.433764888658725,0.0,1
Hadapsar,Hinjewadi,15,0,1,4190,31740,0,27.270644391408112,0.0,0
Hadapsar,Hinjewadi,15,0,2,4224,26410,0,22.508522727272727,0.0,0
Hadapsar,Hinjewadi,17,0,0,4630,26212,0,20.380820734341253,0.0,1
Hadapsar,Hinjewadi,17,0,1,4904,31553,0,23.16288743882545,0.0,0
Hadapsar,Hinjewadi,17,0,2,4933,26057,0,19.015852422460977,0.0,0
Hadapsar,Hinjewadi,19,0,0,4467,25972,0,20.93109469442579,0.0,1
Hadapsar,Hinjewadi,19,0,1,4761,31605,0,23.897920604914933,0.0,0
Hadapsar,Hinjewadi,19,0,2,4592,27467,0,21.53336236933798,0.0,0
Hadapsar,Hinjewadi,21,0,0,3168,26025,0,29.573863636363637,0.0,1
Hadapsar,Hinjewadi,21,0,1,3464,31518,0,32.7554272517321,0.0,0
Hadapsar,Hinjewadi,21,0,2,3401,27020,0,28.60099970596883,0.0,0
Hadapsar,Hinjewadi,23,0,0,2865,26025,0,32.70157068062827,0.0,1
Hadapsar,Hinjewadi,23,0,1,3130,31537,0,36.27258785942492,0.0,0
Hadapsar,Hinjewadi,23,0,2,3110,27020,0,31.277170418006428,0.0,0
Hadapsar,Hinjewadi,7,1,0,3199,26025,0,29.28727727414817,0.0,1
Hadapsar,Hinjewadi,7,1,1,3505,31518,0,32.37226818830243,0.0,0
Hadapsar,Hinjewadi,7,1,2,3539,27756,0,28.23441650183668,0.0,0
Hadapsar,Hinjewadi,9,1,0,3851,27275,0,25.497273435471303,0.0,1
Hadapsar,Hinjewadi,9,1,1,4320,31740,0,26.45,0.0,0
Hadapsar,Hinjewadi,9,1,2,4096,28180,0,24.767578125,0.0,0
Hadapsar,Hinjewadi,11,1,0,4060,27275,0,24.18472906403941,0.0,1
Hadapsar,Hinjewadi,11,1,1,4313,28180,0,23.52144678877811,0.0,0
Hadapsar,Hinjewadi,11,1,2,4674,31740,0,24.44672657252888,0.0,0
Hadapsar,Hinjewadi,13,1,0,3824,27275,0,25.677301255230127,0.0,1
Hadapsar,Hinjewadi,13,1,1,4337,31740,0,26.346322342633155,0.0,0
Hadapsar,Hinjewadi,13,1,2,4069,28180,0,24.931924305726223,0.0,0
Hadapsar,Hinjewadi,15,1,0,3793,26212,0,24.87824940680201,0.0,1
Hadapsar,Hinjewadi,15,1,1,4157,31740,0,27.487130141929278,0.0,0
Hadapsar,Hinjewadi,15,1,2,4199,26225,0,22.483924743986663,0.0,0
Hadapsar,Hinjewadi,17,1,0,4470,26212,0,21.1103355704698,0.0,1
Hadapsar,Hinjewadi,17,1,1,4811,26243,0,19.637247973394302,0.0,0
Hadapsar,Hinjewadi,17,1,2,4830,31553,0,23.517763975155283,0.0,0
Hadapsar,Hinjewadi,19,1,0,4354,26212,0,21.67276067983463,0.0,1
Hadapsar,Hinjewadi,19,1,1,4558,26243,0,20.727248793330407,0.0,0
Hadapsar,Hinjewadi,19,1,2,4714,31605,0,24.136190072125583,0.0,0
Hadapsar,Hinjewadi,21,1,0,3155,26025,0,29.695721077654515,0.0,1
Hadapsar,Hinjewadi,21,1,1,3456,31518,0,32.831250000000004,0.0,0
Hadapsar,Hinjewadi,21,1,2,3378,27020,0,28.795737122557725,0.0,0
Hadapsar,Hinjewadi,23,1,0,2865,26025,0,32.70157068062827,0.0,1
Hadapsar,Hinjewadi,23,1,1,3130,31537,0,36.27258785942492,0.0,0
Hadapsar,Hinjewadi,23,1,2,3110,27020,0,31.277170418006428,0.0,0
Hadapsar,Hinjewadi,7,2,0,3179,26025,0,29.47153192827933,0.0,1
Hadapsar,Hinjewadi,7,2,1,3471,31518,0,32.68936905790839,0.0,0
Hadapsar,Hinjewadi,7,2,2,3484,27756,0,28.68013777267509,0.0,0
Hadapsar,Hinjewadi,9,2,0,3768,27275,0,26.058917197452228,0.0,1
Hadapsar,Hinjewadi,9,2,1,4259,31605,0,26.714721765672696,0.0,0
Hadapsar,Hinjewadi,9,2,2,3988,28180,0,25.438314944834502,0.0,0
Hadapsar,Hinjewadi,11,2,0,3982,26212,0,23.697438473129083,0.0,1
Hadapsar,Hinjewadi,11,2,1,4487,26410,0,21.189213282817025,0.0,0
Hadapsar,Hinjewadi,11,2,2,4242,27756,0,23.55530410183876,0.0,0
Hadapsar,Hinjewadi,13,2,0,3844,26212,0,24.54817898022893,0.0,1
Hadapsar,Hinjewadi,13,2,1,4268,26410,0,22.27647610121837,0.0,0
Hadapsar,Hinjewadi,13,2,2,4117,27756,0,24.270488219577363,0.0,0
Hadapsar,Hinjewadi,15,2,0,3825,26212,0,24.670117647058824,0.0,1
Hadapsar,Hinjewadi,15,2,1,4180,31740,0,27.335885167464117,0.0,0
Hadapsar,Hinjewadi,15,2,2,4218,26225,0,22.38264580369844,0.0,0
Hadapsar,Hinjewadi,17,2,0,4461,26212,0,21.15292535305985,0.0,1
Hadapsar,Hinjewadi,17,2,1,4827,26243,0,19.572156619018024,0.0,0
Hadapsar,Hinjewadi,17,2,2,4853,31553,0,23.40630537811663,0.0,0
Hadapsar,Hinjewadi,19,2,0,4335,26212,0,21.767750865051905,0.0,1
Hadapsar,Hinjewadi,19,2,1,4563,26057,0,20.557790927021696,0.0,0
Hadapsar,Hinjewadi,19,2,2,4774,31605,0,23.83284457478006,0.0,0
Hadapsar,Hinjewadi,21,2,0,3168,26025,0,29.573863636363637,0.0,1
Hadapsar,Hinjewadi,21,2,1,3475,31537,0,32.67142446043165,0.0,0
Hadapsar,Hinjewadi,21,2,2,3389,27020,0,28.70227205665388,0.0,0
Hadapsar,Hinjewadi,23,2,0,2865,26025,0,32.70157068062827,0.0,1
Hadapsar,Hinjewadi,23,2,1,3130,31537,0,36.27258785942492,0.0,0
Hadapsar,Hinjewadi,23,2,2,3110,27020,0,31.277170418006428,0.0,0
Hadapsar,Hinjewadi,7,3,0,3029,26025,0,30.93100033014196,0.0,1
Hadapsar,Hinjewadi,7,3,1,3368,31518,0,33.68907363420428,0.0,0
Hadapsar,Hinjewadi,7,3,2,3378,27756,0,29.580106571936057,0.0,0
Hadapsar,Hinjewadi,9,3,0,3322,26025,0,28.20288982540638,0.0,1
Hadapsar,Hinjewadi,9,3,1,3598,27756,0,27.77142857142857,0.0,0
Hadapsar,Hinjewadi,9,3,2,3965,31537,0,28.63384615384615,0.0,0
Hadapsar,Hinjewadi,11,3,0,3659,26212,0,25.789341350095658,0.0,1
Hadapsar,Hinjewadi,11,3,1,4098,26410,0,23.20058565153733,0.0,0
Hadapsar,Hinjewadi,11,3,2,3853,27756,0,25.93345445107708,0.0,0
Hadapsar,Hinjewadi,13,3,0,3762,26212,0,25.083253588516747,0.0,1
Hadapsar,Hinjewadi,13,3,1,4185,26225,0,22.55913978494624,0.0,0
Hadapsar,Hinjewadi,13,3,2,3967,27756,0,25.18820267204437,0.0,0
Hadapsar,Hinjewadi,15,3,0,3824,26358,0,24.81401673640168,0.0,1
Hadapsar,Hinjewadi,15,3,1,4242,26057,0,22.113437057991515,0.0,0
Hadapsar,Hinjewadi,15,3,2,4039,27756,0,24.73919286952216,0.0,0
Hadapsar,Hinjewadi,17,3,0,4094,26212,0,23.04914509037616,0.0,1
Hadapsar,Hinjewadi,17,3,1,4442,26057,0,21.117784781629897,0.0,0
Hadapsar,Hinjewadi,17,3,2,4806,31553,0,23.635205992509366,0.0,0
Hadapsar,Hinjewadi,19,3,0,3973,26347,0,23.87344575887239,0.0,1
Hadapsar,Hinjewadi,19,3,1,4203,26057,0,22.3186295503212,0.0,0
Hadapsar,Hinjewadi,19,3,2,4546,31518,0,24.95926088869336,0.0,0
Hadapsar,Hinjewadi,21,3,0,3144,26025,0,29.799618320610687,0.0,1
Hadapsar,Hinjewadi,21,3,1,3465,31518,0,32.74597402597403,0.0,0
Hadapsar,Hinjewadi,21,3,2,3454,27756,0,28.929241459177767,0.0,0
Hadapsar,Hinjewadi,23,3,0,2865,26025,0,32.70157068062827,0.0,1
Hadapsar,Hinjewadi,23,3,1,3130,31537,0,36.27258785942492,0.0,0
Hadapsar,Hinjewadi,23,3,2,3110,27020,0,31.277170418006428,0.0,0
Hadapsar,Hinjewadi,7,4,0,2965,26025,0,31.598650927487352,0.0,1
Hadapsar,Hinjewadi,7,4,1,3279,31518,0,34.60347666971638,0.0,0
Hadapsar,Hinjewadi,7,4,2,3217,27020,0,30.236866645943422,0.0,0
Hadapsar,Hinjewadi,9,4,0,3104,26025,0,30.183634020618555,0.0,1
Hadapsar,Hinjewadi,9,4,1,3604,31518,0,31.48301886792453,0.0,0
Hadapsar,Hinjewadi,9,4,2,3366,27020,0,28.89839572192513,0.0,0
Hadapsar,Hinjewadi,11,4,0,3310,26025,0,28.305135951661637,0.0,1
Hadapsar,Hinjewadi,11,4,1,3918,31605,0,29.039816232771823,0.0,0
Hadapsar,Hinjewadi,11,4,2,3552,27417,0,27.7875,0.0,0
Hadapsar,Hinjewadi,13,4,0,3403,26025,0,27.53158977372906,0.0,1
Hadapsar,Hinjewadi,13,4,1,4007,31605,0,28.39480908410282,0.0,0
Hadapsar,Hinjewadi,13,4,2,3722,28180,0,27.256313809779687,0.0,0
Hadapsar,Hinjewadi,15,4,0,3542,27275,0,27.721626199887066,0.0,1
Hadapsar,Hinjewadi,15,4,1,4044,31740,0,28.25519287833828,0.0,0
Hadapsar,Hinjewadi,15,4,2,3777,28180,0,26.859412231930104,0.0,0
Hadapsar,Hinjewadi,17,4,0,3725,27275,0,26.35973154362416,0.0,1
Hadapsar,Hinjewadi,17,4,1,3835,27271,0,25.59989569752282,0.0,0
Hadapsar,Hinjewadi,17,4,2,4305,31605,0,26.429268292682927,0.0,0
Hadapsar,Hinjewadi,19,4,0,3609,27275,0,27.206982543640898,0.0,1
Hadapsar,Hinjewadi,19,4,1,3778,27271,0,25.98613022763367,0.0,0
Hadapsar,Hinjewadi,19,4,2,4188,31605,0,27.167621776504298,0.0,0
Hadapsar,Hinjewadi,21,4,0,3052,26025,0,30.697903014416777,0.0,1
Hadapsar,Hinjewadi,21,4,1,3395,31518,0,33.42114874815906,0.0,0
Hadapsar,Hinjewadi,21,4,2,3290,27020,0,29.56595744680851,0.0,0
Hadapsar,Hinjewadi,23,4,0,2865,26025,0,32.70157068062827,0.0,1
Hadapsar,Hinjewadi,23,4,1,3130,31537,0,36.27258785942492,0.0,0
Hadapsar,Hinjewadi,23,4,2,3110,27020,0,31.277170418006428,0.0,0
Hadapsar,Hinjewadi,7,5,0,3206,26025,0,29.223331253898937,0.0,1
Hadapsar,Hinjewadi,7,5,1,3527,31518,0,32.17034306776297,0.0,0
Hadapsar,Hinjewadi,7,5,2,3534,27756,0,28.274363327674024,0.0,0
Hadapsar,Hinjewadi,9,5,0,3866,26212,0,24.408484221417485,0.0,1
Hadapsar,Hinjewadi,9,5,1,4267,26242,0,22.13995781579564,0.0,0
Hadapsar,Hinjewadi,9,5,2,4358,31605,0,26.10784763653052,0.0,0
Hadapsar,Hinjewadi,11,5,0,4061,26212,0,23.23644422556021,0.0,1
Hadapsar,Hinjewadi,11,5,1,4597,26410,0,20.68218403306504,0.0,0
Hadapsar,Hinjewadi,11,5,2,4326,27814,0,23.14618585298197,0.0,0
Hadapsar,Hinjewadi,13,5,0,3792,27275,0,25.893987341772156,0.0,1
Hadapsar,Hinjewadi,13,5,1,4328,31740,0,26.40110905730129,0.0,0
Hadapsar,Hinjewadi,13,5,2,4039,28180,0,25.1171081950978,0.0,0
Hadapsar,Hinjewadi,15,5,0,3760,26212,0,25.09659574468085,0.0,1
Hadapsar,Hinjewadi,15,5,1,4130,31740,0,27.666828087167072,0.0,0
Hadapsar,Hinjewadi,15,5,2,4171,26410,0,22.79453368496764,0.0,0
Hadapsar,Hinjewadi,17,5,0,4391,26212,0,21.490138920519247,0.0,1
Hadapsar,Hinjewadi,17,5,1,4779,31605,0,23.80790960451977,0.0,0
Hadapsar,Hinjewadi,17,5,2,4808,26057,0,19.510232945091516,0.0,0
Hadapsar,Hinjewadi,19,5,0,4283,26212,0,22.03203362129349,0.0,1
Hadapsar,Hinjewadi,19,5,1,4580,26243,0,20.62768558951965,0.0,0
Hadapsar,Hinjewadi,19,5,2,4703,31605,0,24.19264299383373,0.0,0
Hadapsar,Hinjewadi,21,5,0,3147,26025,0,29.77121067683508,0.0,1
Hadapsar,Hinjewadi,21,5,1,3449,31518,0,32.89788344447666,0.0,0
Hadapsar,Hinjewadi,21,5,2,3372,27020,0,28.846975088967973,0.0,0
Hadapsar,Hinjewadi,23,5,0,2865,26025,0,32.70157068062827,0.0,1
Hadapsar,Hinjewadi,23,5,1,3130,31537,0,36.27258785942492,0.0,0
Hadapsar,Hinjewadi,23,5,2,3110,27020,0,31.277170418006428,0.0,0
Hadapsar,Hinjewadi,7,6,0,3274,26025,0,28.616371411117896,0.0,1
Hadapsar,Hinjewadi,7,6,1,3570,31518,0,31.782857142857143,0.0,0
Hadapsar,Hinjewadi,7,6,2,3620,27756,0,27.602651933701654,0.0,0
Hadapsar,Hinjewadi,9,6,0,4067,26212,0,23.20216375706909,0.0,1
Hadapsar,Hinjewadi,9,6,1,4353,26243,0,21.70337698139214,0.0,0
Hadapsar,Hinjewadi,9,6,2,4487,31605,0,25.357254290171603,0.0,0
Hadapsar,Hinjewadi,11,6,0,4286,26212,0,22.01661222585161,0.0,1
Hadapsar,Hinjewadi,11,6,1,4696,26410,0,20.24616695059625,0.0,0
Hadapsar,Hinjewadi,11,6,2,4791,34547,0,25.958922980588603,0.0,0
Hadapsar,Hinjewadi,13,6,0,3936,27275,0,24.946646341463413,0.0,1
Hadapsar,Hinjewadi,13,6,1,4404,31740,0,25.94550408719346,0.0,0
Hadapsar,Hinjewadi,13,6,2,4194,28180,0,24.188841201716738,0.0,0
Hadapsar,Hinjewadi,15,6,0,3900,26212,0,24.19569230769231,0.0,1
Hadapsar,Hinjewadi,15,6,1,4231,31740,0,27.006381470101623,0.0,0
Hadapsar,Hinjewadi,15,6,2,4264,26410,0,22.29737335834897,0.0,0
Hadapsar,Hinjewadi,17,6,0,4647,26212,0,20.3062621045836,0.0,1
Hadapsar,Hinjewadi,17,6,1,4954,31553,0,22.92910779168349,0.0,0
Hadapsar,Hinjewadi,17,6,2,4988,26057,0,18.80617481956696,0.0,0
Hadapsar,Hinjewadi,19,6,0,4461,26212,0,21.15292535305985,0.0,1
Hadapsar,Hinjewadi,19,6,1,4633,26243,0,20.3917116339305,0.0,0
Hadapsar,Hinjewadi,19,6,2,4771,31605,0,23.84783064347097,0.0,0
Hadapsar,Hinjewadi,21,6,0,3163,26025,0,29.620613341764145,0.0,1
Hadapsar,Hinjewadi,21,6,1,3456,31518,0,32.831250000000004,0.0,0
Hadapsar,Hinjewadi,21,6,2,3397,27020,0,28.63467765675596,0.0,0
Hadapsar,Hinjewadi,23,6,0,2865,26025,0,32.70157068062827,0.0,1
Hadapsar,Hinjewadi,23,6,1,3130,31537,0,36.27258785942492,0.0,0
Hadapsar,Hinjewadi,23,6,2,3110,27020,0,31.277170418006428,0.0,0
Hadapsar,Hinjewadi,7,0,0,3258,26025,0,28.756906077348063,0.0,1
Hadapsar,Hinjewadi,7,0,1,3538,31518,0,32.07032221594121,0.0,0
Hadapsar,Hinjewadi,7,0,2,3588,27756,0,27.848829431438126,0.0,0
Hadapsar,Hinjewadi,9,0,0,4046,27275,0,24.268413247652,0.0,1
Hadapsar,Hinjewadi,9,0,1,4402,31605,0,25.8468877782826,0.0,0
Hadapsar,Hinjewadi,9,0,2,4359,28576,0,23.60027529249828,0.0,0
Hadapsar,Hinjewadi,11,0,0,4272,26212,0,22.08876404494382,0.0,1
Hadapsar,Hinjewadi,11,0,1,4666,26410,0,20.37633947706815,0.0,0
Hadapsar,Hinjewadi,11,0,2,4714,34547,0,26.38294442087399,0.0,0
Hadapsar,Hinjewadi,13,0,0,3905,27275,0,25.14468629961588,0.0,1
Hadapsar,Hinjewadi,13,0,1,4371,31740,0,26.1413864104324,0.0,0
Hadapsar,Hinjewadi,13,0,2,4173,28180,0,24.31056793673616,0.0,0
Hadapsar,Hinjewadi,15,0,0,3862,26212,0,24.433764888658725,0.0,1
Hadapsar,Hinjewadi,15,0,1,4190,31740,0,27.270644391408112,0.0,0
Hadapsar,Hinjewadi,15,0,2,4224,26410,0,22.508522727272727,0.0,0
Hadapsar,Hinjewadi,17,0,0,4630,26212,0,20.380820734341253,0.0,1
Hadapsar,Hinjewadi,17,0,1,4904,31553,0,23.16288743882545,0.0,0
Hadapsar,Hinjewadi,17,0,2,4933,26057,0,19.015852422460977,0.0,0
Hadapsar,Hinjewadi,19,0,0,4467,25972,0,20.93109469442579,0.0,1
Hadapsar,Hinjewadi,19,0,1,4761,31605,0,23.897920604914933,0.0,0
Hadapsar,Hinjewadi,19,0,2,4592,27467,0,21.53336236933798,0.0,0
Hadapsar,Hinjewadi,21,0,0,3168,26025,0,29.573863636363637,0.0,1
Hadapsar,Hinjewadi,21,0,1,3464,31518,0,32.7554272517321,0.0,0
Hadapsar,Hinjewadi,21,0,2,3401,27020,0,28.60099970596883,0.0,0
Hadapsar,Hinjewadi,23,0,0,2865,26025,0,32.70157068062827,0.0,1
Hadapsar,Hinjewadi,23,0,1,3130,31537,0,36.27258785942492,0.0,0
Hadapsar,Hinjewadi,23,0,2,3110,27020,0,31.277170418006428,0.0,0
Hadapsar,Hinjewadi,7,1,0,3199,26025,0,29.28727727414817,0.0,1
Hadapsar,Hinjewadi,7,1,1,3505,31518,0,32.37226818830243,0.0,0
Hadapsar,Hinjewadi,7,1,2,3539,27756,0,28.23441650183668,0.0,0
Hadapsar,Hinjewadi,9,1,0,3851,27275,0,25.497273435471303,0.0,1
Hadapsar,Hinjewadi,9,1,1,4320,31740,0,26.45,0.0,0
Hadapsar,Hinjewadi,9,1,2,4096,28180,0,24.767578125,0.0,0
Hadapsar,Hinjewadi,11,1,0,4060,27275,0,24.18472906403941,0.0,1
Hadapsar,Hinjewadi,11,1,1,4313,28180,0,23.52144678877811,0.0,0
Hadapsar,Hinjewadi,11,1,2,4674,31740,0,24.44672657252888,0.0,0
Hadapsar,Hinjewadi,13,1,0,3824,27275,0,25.677301255230127,0.0,1
Hadapsar,Hinjewadi,13,1,1,4337,31740,0,26.346322342633155,0.0,0
Hadapsar,Hinjewadi,13,1,2,4069,28180,0,24.931924305726223,0.0,0
Hadapsar,Hinjewadi,15,1,0,3793,26212,0,24.87824940680201,0.0,1
Hadapsar,Hinjewadi,15,1,1,4157,31740,0,27.487130141929278,0.0,0
Hadapsar,Hinjewadi,15,1,2,4199,26225,0,22.483924743986663,0.0,0
Hadapsar,Hinjewadi,17,1,0,4470,26212,0,21.1103355704698,0.0,1
Hadapsar,Hinjewadi,17,1,1,4811,26243,0,19.637247973394302,0.0,0
Hadapsar,Hinjewadi,17,1,2,4830,31553,0,23.517763975155283,0.0,0
Hadapsar,Hinjewadi,19,1,0,4354,26212,0,21.67276067983463,0.0,1
Hadapsar,Hinjewadi,19,1,1,4558,26243,0,20.727248793330407,0.0,0
Hadapsar,Hinjewadi,19,1,2,4714,31605,0,24.136190072125583,0.0,0
Hadapsar,Hinjewadi,21,1,0,3155,26025,0,29.695721077654515,0.0,1
Hadapsar,Hinjewadi,21,1,1,3456,31518,0,32.831250000000004,0.0,0
Hadapsar,Hinjewadi,21,1,2,3378,27020,0,28.795737122557725,0.0,0
Hadapsar,Hinjewadi,23,1,0,2865,26025,0,32.70157068062827,0.0,1
Hadapsar,Hinjewadi,23,1,1,3130,31537,0,36.27258785942492,0.0,0
Hadapsar,Hinjewadi,23,1,2,3110,27020,0,31.277170418006428,0.0,0
Hadapsar,Hinjewadi,7,2,0,3179,26025,0,29.47153192827933,0.0,1
Hadapsar,Hinjewadi,7,2,1,3471,31518,0,32.68936905790839,0.0,0
Hadapsar,Hinjewadi,7,2,2,3484,27756,0,28.68013777267509,0.0,0
Hadapsar,Hinjewadi,9,2,0,3768,27275,0,26.058917197452228,0.0,1
Hadapsar,Hinjewadi,9,2,1,4259,31605,0,26.714721765672696,0.0,0
Hadapsar,Hinjewadi,9,2,2,3988,28180,0,25.438314944834502,0.0,0
Hadapsar,Hinjewadi,11,2,0,3982,26212,0,23.697438473129083,0.0,1
Hadapsar,Hinjewadi,11,2,1,4458,26537,0,21.429609690444146,0.0,0
Hadapsar,Hinjewadi,11,2,2,4242,27756,0,23.55530410183876,0.0,0
Hadapsar,Hinjewadi,13,2,0,3844,26212,0,24.54817898022893,0.0,1
Hadapsar,Hinjewadi,13,2,1,4238,26537,0,22.542048135913166,0.0,0
Hadapsar,Hinjewadi,13,2,2,4117,27756,0,24.270488219577363,0.0,0
Hadapsar,Hinjewadi,15,2,0,3825,26212,0,24.670117647058824,0.0,1
Hadapsar,Hinjewadi,15,2,1,4180,31740,0,27.335885167464117,0.0,0
Hadapsar,Hinjewadi,15,2,2,4218,26225,0,22.38264580369844,0.0,0
Hadapsar,Hinjewadi,17,2,0,4461,26212,0,21.15292535305985,0.0,1
Hadapsar,Hinjewadi,17,2,1,4827,26243,0,19.572156619018024,0.0,0
Hadapsar,Hinjewadi,17,2,2,4853,31553,0,23.40630537811663,0.0,0
Hadapsar,Hinjewadi,19,2,0,4335,26212,0,21.767750865051905,0.0,1
Hadapsar,Hinjewadi,19,2,1,4563,26057,0,20.557790927021696,0.0,0
Hadapsar,Hinjewadi,19,2,2,4774,31605,0,23.83284457478006,0.0,0
Hadapsar,Hinjewadi,21,2,0,3168,26025,0,29.573863636363637,0.0,1
Hadapsar,Hinjewadi,21,2,1,3475,31537,0,32.67142446043165,0.0,0
Hadapsar,Hinjewadi,21,2,2,3389,27020,0,28.70227205665388,0.0,0
Hadapsar,Hinjewadi,23,2,0,2865,26025,0,32.70157068062827,0.0,1
Hadapsar,Hinjewadi,23,2,1,3130,31537,0,36.27258785942492,0.0,0
Hadapsar,Hinjewadi,23,2,2,3110,27020,0,31.277170418006428,0.0,0
Hadapsar,Hinjewadi,7,3,0,3029,26025,0,30.93100033014196,0.0,1
Hadapsar,Hinjewadi,7,3,1,3368,31518,0,33.68907363420428,0.0,0
Hadapsar,Hinjewadi,7,3,2,3378,27756,0,29.580106571936057,0.0,0
Hadapsar,Hinjewadi,9,3,0,3322,26025,0,28.20288982540638,0.0,1
Hadapsar,Hinjewadi,9,3,1,3598,27756,0,27.77142857142857,0.0,0
Hadapsar,Hinjewadi,9,3,2,3965,31537,0,28.63384615384615,0.0,0
Hadapsar,Hinjewadi,11,3,0,3659,26212,0,25.789341350095658,0.0,1
Hadapsar,Hinjewadi,11,3,1,4098,26410,0,23.20058565153733,0.0,0
Hadapsar,Hinjewadi,11,3,2,3853,27756,0,25.93345445107708,0.0,0
Hadapsar,Hinjewadi,13,3,0,3762,26212,0,25.083253588516747,0.0,1
Hadapsar,Hinjewadi,13,3,1,4185,26225,0,22.55913978494624,0.0,0
Hadapsar,Hinjewadi,13,3,2,3967,27756,0,25.18820267204437,0.0,0
Hadapsar,Hinjewadi,15,3,0,3824,26358,0,24.81401673640168,0.0,1
Hadapsar,Hinjewadi,15,3,1,4242,26057,0,22.113437057991515,0.0,0
Hadapsar,Hinjewadi,15,3,2,4039,27756,0,24.73919286952216,0.0,0
Hadapsar,Hinjewadi,17,3,0,4094,26212,0,23.04914509037616,0.0,1
Hadapsar,Hinjewadi,17,3,1,4438,26351,0,21.37530419107706,0.0,0
Hadapsar,Hinjewadi,17,3,2,4806,31553,0,23.635205992509366,0.0,0
Hadapsar,Hinjewadi,19,3,0,3973,26347,0,23.87344575887239,0.0,1
Hadapsar,Hinjewadi,19,3,1,4194,26351,0,22.61888412017167,0.0,0
Hadapsar,Hinjewadi,19,3,2,4546,31518,0,24.95926088869336,0.0,0
Hadapsar,Hinjewadi,21,3,0,3144,26025,0,29.799618320610687,0.0,1
Hadapsar,Hinjewadi,21,3,1,3465,31518,0,32.74597402597403,0.0,0
Hadapsar,Hinjewadi,21,3,2,3454,27756,0,28.929241459177767,0.0,0
Hadapsar,Hinjewadi,23,3,0,2865,26025,0,32.70157068062827,0.0,1
Hadapsar,Hinjewadi,23,3,1,3130,31537,0,36.27258785942492,0.0,0
Hadapsar,Hinjewadi,23,3,2,3110,27020,0,31.277170418006428,0.0,0
Hadapsar,Hinjewadi,7,4,0,2965,26025,0,31.598650927487352,0.0,1
Hadapsar,Hinjewadi,7,4,1,3279,31518,0,34.60347666971638,0.0,0
Hadapsar,Hinjewadi,7,4,2,3217,27020,0,30.236866645943422,0.0,0
Hadapsar,Hinjewadi,9,4,0,3104,26025,0,30.183634020618555,0.0,1
Hadapsar,Hinjewadi,9,4,1,3604,31518,0,31.48301886792453,0.0,0
Hadapsar,Hinjewadi,9,4,2,3366,27020,0,28.89839572192513,0.0,0
Hadapsar,Hinjewadi,11,4,0,3310,26025,0,28.305135951661637,0.0,1
Hadapsar,Hinjewadi,11,4,1,3918,31605,0,29.039816232771823,0.0,0
Hadapsar,Hinjewadi,11,4,2,3552,27417,0,27.7875,0.0,0
Hadapsar,Hinjewadi,13,4,0,3403,26025,0,27.53158977372906,0.0,1
Hadapsar,Hinjewadi,13,4,1,4007,31605,0,28.39480908410282,0.0,0
Hadapsar,Hinjewadi,13,4,2,3722,28180,0,27.256313809779687,0.0,0
Hadapsar,Hinjewadi,15,4,0,3542,27275,0,27.721626199887066,0.0,1
Hadapsar,Hinjewadi,15,4,1,4044,31740,0,28.25519287833828,0.0,0
Hadapsar,Hinjewadi,15,4,2,3777,28180,0,26.859412231930104,0.0,0
Hadapsar,Hinjewadi,17,4,0,3725,27275,0,26.35973154362416,0.0,1
Hadapsar,Hinjewadi,17,4,1,3835,27271,0,25.59989569752282,0.0,0
Hadapsar,Hinjewadi,17,4,2,4305,31605,0,26.429268292682927,0.0,0
Hadapsar,Hinjewadi,19,4,0,3609,27275,0,27.206982543640898,0.0,1
Hadapsar,Hinjewadi,19,4,1,3778,27271,0,25.98613022763367,0.0,0
Hadapsar,Hinjewadi,19,4,2,4188,31605,0,27.167621776504298,0.0,0
Hadapsar,Hinjewadi,21,4,0,3052,26025,0,30.697903014416777,0.0,1
Hadapsar,Hinjewadi,21,4,1,3395,31518,0,33.42114874815906,0.0,0
Hadapsar,Hinjewadi,21,4,2,3290,27020,0,29.56595744680851,0.0,0
Hadapsar,Hinjewadi,23,4,0,2865,26025,0,32.70157068062827,0.0,1
Hadapsar,Hinjewadi,23,4,1,3130,31537,0,36.27258785942492,0.0,0
Hadapsar,Hinjewadi,23,4,2,3110,27020,0,31.277170418006428,0.0,0
Hadapsar,Hinjewadi,7,5,0,3206,26025,0,29.223331253898937,0.0,1
Hadapsar,Hinjewadi,7,5,1,3527,31518,0,32.17034306776297,0.0,0
Hadapsar,Hinjewadi,7,5,2,3534,27756,0,28.274363327674024,0.0,0
Hadapsar,Hinjewadi,9,5,0,3866,26212,0,24.408484221417485,0.0,1
Hadapsar,Hinjewadi,9,5,1,4236,26536,0,22.55184135977337,0.0,0
Hadapsar,Hinjewadi,9,5,2,4358,31605,0,26.10784763653052,0.0,0
Hadapsar,Hinjewadi,11,5,0,4061,26212,0,23.23644422556021,0.0,1
Hadapsar,Hinjewadi,11,5,1,4547,26537,0,21.01016054541456,0.0,0
Hadapsar,Hinjewadi,11,5,2,4326,27814,0,23.14618585298197,0.0,0
Hadapsar,Hinjewadi,13,5,0,3792,27275,0,25.893987341772156,0.0,1
Hadapsar,Hinjewadi,13,5,1,4328,31740,0,26.40110905730129,0.0,0
Hadapsar,Hinjewadi,13,5,2,4039,28180,0,25.1171081950978,0.0,0
Hadapsar,Hinjewadi,15,5,0,3760,26212,0,25.09659574468085,0.0,1
Hadapsar,Hinjewadi,15,5,1,4130,31740,0,27.666828087167072,0.0,0
Hadapsar,Hinjewadi,15,5,2,4171,26410,0,22.79453368496764,0.0,0
Hadapsar,Hinjewadi,17,5,0,4391,26212,0,21.490138920519247,0.0,1
Hadapsar,Hinjewadi,17,5,1,4779,31605,0,23.80790960451977,0.0,0
Hadapsar,Hinjewadi,17,5,2,4808,26057,0,19.510232945091516,0.0,0
Hadapsar,Hinjewadi,19,5,0,4283,26212,0,22.03203362129349,0.0,1
Hadapsar,Hinjewadi,19,5,1,4574,26537,0,20.88613904678618,0.0,0
Hadapsar,Hinjewadi,19,5,2,4703,31605,0,24.19264299383373,0.0,0
Hadapsar,Hinjewadi,21,5,0,3147,26025,0,29.77121067683508,0.0,1
Hadapsar,Hinjewadi,21,5,1,3449,31518,0,32.89788344447666,0.0,0
Hadapsar,Hinjewadi,21,5,2,3372,27020,0,28.846975088967973,0.0,0
Hadapsar,Hinjewadi,23,5,0,2865,26025,0,32.70157068062827,0.0,1
Hadapsar,Hinjewadi,23,5,1,3130,31537,0,36.27258785942492,0.0,0
Hadapsar,Hinjewadi,23,5,2,3110,27020,0,31.277170418006428,0.0,0
Hadapsar,Hinjewadi,7,6,0,3274,26025,0,28.616371411117896,0.0,1
Hadapsar,Hinjewadi,7,6,1,3570,31518,0,31.782857142857143,0.0,0
Hadapsar,Hinjewadi,7,6,2,3620,27756,0,27.602651933701654,0.0,0
Hadapsar,Hinjewadi,9,6,0,4067,26212,0,23.20216375706909,0.0,1
Hadapsar,Hinjewadi,9,6,1,4340,26537,0,22.01225806451613,0.0,0
Hadapsar,Hinjewadi,9,6,2,4487,31605,0,25.357254290171603,0.0,0
Hadapsar,Hinjewadi,11,6,0,4286,26212,0,22.01661222585161,0.0,1
Hadapsar,Hinjewadi,11,6,1,4650,26537,0,20.544774193548385,0.0,0
Hadapsar,Hinjewadi,11,6,2,4791,34547,0,25.958922980588603,0.0,0
Hadapsar,Hinjewadi,13,6,0,3936,27275,0,24.946646341463413,0.0,1
Hadapsar,Hinjewadi,13,6,1,4404,31740,0,25.94550408719346,0.0,0
Hadapsar,Hinjewadi,13,6,2,4194,28180,0,24.188841201716738,0.0,0
Hadapsar,Hinjewadi,15,6,0,3900,26212,0,24.19569230769231,0.0,1
Hadapsar,Hinjewadi,15,6,1,4231,31740,0,27.006381470101623,0.0,0
Hadapsar,Hinjewadi,15,6,2,4264,26410,0,22.29737335834897,0.0,0
Hadapsar,Hinjewadi,17,6,0,4647,26212,0,20.3062621045836,0.0,1
Hadapsar,Hinjewadi,17,6,1,4954,31553,0,22.92910779168349,0.0,0
Hadapsar,Hinjewadi,17,6,2,4988,26057,0,18.80617481956696,0.0,0
Hadapsar,Hinjewadi,19,6,0,4461,26212,0,21.15292535305985,0.0,1
Hadapsar,Hinjewadi,19,6,1,4633,26243,0,20.3917116339305,0.0,0
Hadapsar,Hinjewadi,19,6,2,4771,31605,0,23.84783064347097,0.0,0
Hadapsar,Hinjewadi,21,6,0,3163,26025,0,29.620613341764145,0.0,1
Hadapsar,Hinjewadi,21,6,1,3456,31518,0,32.831250000000004,0.0,0
Hadapsar,Hinjewadi,21,6,2,3397,27020,0,28.63467765675596,0.0,0
Hadapsar,Hinjewadi,23,6,0,2865,26025,0,32.70157068062827,0.0,1
Hadapsar,Hinjewadi,23,6,1,3130,31537,0,36.27258785942492,0.0,0
Hadapsar,Hinjewadi,23,6,2,3110,27020,0,31.277170418006428,0.0,0
Hadapsar,Hinjewadi,7,0,0,3258,26025,0,28.756906077348063,0.0,1
Hadapsar,Hinjewadi,7,0,1,3538,31518,0,32.07032221594121,0.0,0
Hadapsar,Hinjewadi,7,0,2,3588,27756,0,27.848829431438126,0.0,0
Hadapsar,Hinjewadi,9,0,0,4046,27275,0,24.268413247652,0.0,1
Hadapsar,Hinjewadi,9,0,1,4402,31605,0,25.8468877782826,0.0,0
Hadapsar,Hinjewadi,9,0,2,4359,28576,0,23.60027529249828,0.0,0
Hadapsar,Hinjewadi,11,0,0,4272,26212,0,22.08876404494382,0.0,1
Hadapsar,Hinjewadi,11,0,1,4621,26537,0,20.673706989829043,0.0,0
Hadapsar,Hinjewadi,11,0,2,4714,34547,0,26.38294442087399,0.0,0
Hadapsar,Hinjewadi,13,0,0,3905,27275,0,25.14468629961588,0.0,1
Hadapsar,Hinjewadi,13,0,1,4371,31740,0,26.1413864104324,0.0,0
Hadapsar,Hinjewadi,13,0,2,4173,28180,0,24.31056793673616,0.0,0
Hadapsar,Hinjewadi,15,0,0,3862,26212,0,24.433764888658725,0.0,1
Hadapsar,Hinjewadi,15,0,1,4190,31740,0,27.270644391408112,0.0,0
Hadapsar,Hinjewadi,15,0,2,4224,26410,0,22.508522727272727,0.0,0
Hadapsar,Hinjewadi,17,0,0,4630,26212,0,20.380820734341253,0.0,1
Hadapsar,Hinjewadi,17,0,1,4904,31553,0,23.16288743882545,0.0,0
Hadapsar,Hinjewadi,17,0,2,4933,26057,0,19.015852422460977,0.0,0
Hadapsar,Hinjewadi,19,0,0,4467,25972,0,20.93109469442579,0.0,1
Hadapsar,Hinjewadi,19,0,1,4761,31605,0,23.897920604914933,0.0,0
Hadapsar,Hinjewadi,19,0,2,4592,27467,0,21.53336236933798,0.0,0
Hadapsar,Hinjewadi,21,0,0,3168,26025,0,29.573863636363637,0.0,1
Hadapsar,Hinjewadi,21,0,1,3464,31518,0,32.7554272517321,0.0,0
Hadapsar,Hinjewadi,21,0,2,3401,27020,0,28.60099970596883,0.0,0
Hadapsar,Hinjewadi,23,0,0,2865,26025,0,32.70157068062827,0.0,1
Hadapsar,Hinjewadi,23,0,1,3130,31537,0,36.27258785942492,0.0,0
Hadapsar,Hinjewadi,23,0,2,3110,27020,0,31.277170418006428,0.0,0
Hadapsar,Hinjewadi,7,1,0,3199,26025,0,29.28727727414817,0.0,1
Hadapsar,Hinjewadi,7,1,1,3505,31518,0,32.37226818830243,0.0,0
Hadapsar,Hinjewadi,7,1,2,3539,27756,0,28.23441650183668,0.0,0
Hadapsar,Hinjewadi,9,1,0,3851,27275,0,25.497273435471303,0.0,1
Hadapsar,Hinjewadi,9,1,1,4320,31740,0,26.45,0.0,0
Hadapsar,Hinjewadi,9,1,2,4096,28180,0,24.767578125,0.0,0
Hadapsar,Hinjewadi,11,1,0,4060,27275,0,24.18472906403941,0.0,1
Hadapsar,Hinjewadi,11,1,1,4313,28180,0,23.52144678877811,0.0,0
Hadapsar,Hinjewadi,11,1,2,4674,31740,0,24.44672657252888,0.0,0
Hadapsar,Hinjewadi,13,1,0,3824,27275,0,25.677301255230127,0.0,1
Hadapsar,Hinjewadi,13,1,1,4337,31740,0,26.346322342633155,0.0,0
Hadapsar,Hinjewadi,13,1,2,4069,28180,0,24.931924305726223,0.0,0
Hadapsar,Hinjewadi,15,1,0,3793,26212,0,24.87824940680201,0.0,1
Hadapsar,Hinjewadi,15,1,1,4157,31740,0,27.487130141929278,0.0,0
Hadapsar,Hinjewadi,15,1,2,4199,26225,0,22.483924743986663,0.0,0
Hadapsar,Hinjewadi,17,1,0,4470,26212,0,21.1103355704698,0.0,1
Hadapsar,Hinjewadi,17,1,1,4811,26243,0,19.637247973394302,0.0,0
Hadapsar,Hinjewadi,17,1,2,4830,31553,0,23.517763975155283,0.0,0
Hadapsar,Hinjewadi,19,1,0,4354,26212,0,21.67276067983463,0.0,1
Hadapsar,Hinjewadi,19,1,1,4558,26243,0,20.727248793330407,0.0,0
Hadapsar,Hinjewadi,19,1,2,4714,31605,0,24.136190072125583,0.0,0
Hadapsar,Hinjewadi,21,1,0,3155,26025,0,29.695721077654515,0.0,1
Hadapsar,Hinjewadi,21,1,1,3456,31518,0,32.831250000000004,0.0,0
Hadapsar,Hinjewadi,21,1,2,3378,27020,0,28.795737122557725,0.0,0
Hadapsar,Hinjewadi,23,1,0,2865,26025,0,32.70157068062827,0.0,1
Hadapsar,Hinjewadi,23,1,1,3130,31537,0,36.27258785942492,0.0,0
Hadapsar,Hinjewadi,23,1,2,3110,27020,0,31.277170418006428,0.0,0
Hadapsar,Hinjewadi,7,2,0,3179,26025,0,29.47153192827933,0.0,1
Hadapsar,Hinjewadi,7,2,1,3471,31518,0,32.68936905790839,0.0,0
Hadapsar,Hinjewadi,7,2,2,3484,27756,0,28.68013777267509,0.0,0
Hadapsar,Hinjewadi,9,2,0,3768,27275,0,26.058917197452228,0.0,1
Hadapsar,Hinjewadi,9,2,1,4259,31605,0,26.714721765672696,0.0,0
Hadapsar,Hinjewadi,9,2,2,3988,28180,0,25.438314944834502,0.0,0
Hadapsar,Hinjewadi,11,2,0,3982,26212,0,23.697438473129083,0.0,1
Hadapsar,Hinjewadi,11,2,1,4458,26537,0,21.429609690444146,0.0,0
Hadapsar,Hinjewadi,11,2,2,4242,27756,0,23.55530410183876,0.0,0
Hadapsar,Hinjewadi,13,2,0,3844,26212,0,24.54817898022893,0.0,1
Hadapsar,Hinjewadi,13,2,1,4238,26537,0,22.542048135913166,0.0,0
Hadapsar,Hinjewadi,13,2,2,4117,27756,0,24.270488219577363,0.0,0
Hadapsar,Hinjewadi,15,2,0,3825,26212,0,24.670117647058824,0.0,1
Hadapsar,Hinjewadi,15,2,1,4180,31740,0,27.335885167464117,0.0,0
Hadapsar,Hinjewadi,15,2,2,4218,26225,0,22.38264580369844,0.0,0
Hadapsar,Hinjewadi,17,2,0,4461,26212,0,21.15292535305985,0.0,1
Hadapsar,Hinjewadi,17,2,1,4827,26243,0,19.572156619018024,0.0,0
Hadapsar,Hinjewadi,17,2,2,4853,31553,0,23.40630537811663,0.0,0
Hadapsar,Hinjewadi,19,2,0,4335,26212,0,21.767750865051905,0.0,1
Hadapsar,Hinjewadi,19,2,1,4563,26057,0,20.557790927021696,0.0,0
Hadapsar,Hinjewadi,19,2,2,4774,31605,0,23.83284457478006,0.0,0
Hadapsar,Hinjewadi,21,2,0,3168,26025,0,29.573863636363637,0.0,1
Hadapsar,Hinjewadi,21,2,1,3475,31537,0,32.67142446043165,0.0,0
Hadapsar,Hinjewadi,21,2,2,3389,27020,0,28.70227205665388,0.0,0
Hadapsar,Hinjewadi,23,2,0,2865,26025,0,32.70157068062827,0.0,1
Hadapsar,Hinjewadi,23,2,1,3130,31537,0,36.27258785942492,0.0,0
Hadapsar,Hinjewadi,23,2,2,3110,27020,0,31.277170418006428,0.0,0
Hadapsar,Hinjewadi,7,3,0,3029,26025,0,30.93100033014196,0.0,1
Hadapsar,Hinjewadi,7,3,1,3368,31518,0,33.68907363420428,0.0,0
Hadapsar,Hinjewadi,7,3,2,3378,27756,0,29.580106571936057,0.0,0
Hadapsar,Hinjewadi,9,3,0,3322,26025,0,28.20288982540638,0.0,1
Hadapsar,Hinjewadi,9,3,1,3598,27756,0,27.77142857142857,0.0,0
Hadapsar,Hinjewadi,9,3,2,3965,31537,0,28.63384615384615,0.0,0
Hadapsar,Hinjewadi,11,3,0,3659,26212,0,25.789341350095658,0.0,1
Hadapsar,Hinjewadi,11,3,1,4098,26410,0,23.20058565153733,0.0,0
Hadapsar,Hinjewadi,11,3,2,3853,27756,0,25.93345445107708,0.0,0
Hadapsar,Hinjewadi,13,3,0,3762,26212,0,25.083253588516747,0.0,1
Hadapsar,Hinjewadi,13,3,1,4185,26225,0,22.55913978494624,0.0,0
Hadapsar,Hinjewadi,13,3,2,3967,27756,0,25.18820267204437,0.0,0
Hadapsar,Hinjewadi,15,3,0,3824,26358,0,24.81401673640168,0.0,1
Hadapsar,Hinjewadi,15,3,1,4242,26057,0,22.113437057991515,0.0,0
Hadapsar,Hinjewadi,15,3,2,4039,27756,0,24.73919286952216,0.0,0
Hadapsar,Hinjewadi,17,3,0,4094,26212,0,23.04914509037616,0.0,1
Hadapsar,Hinjewadi,17,3,1,4438,26351,0,21.37530419107706,0.0,0
Hadapsar,Hinjewadi,17,3,2,4806,31553,0,23.635205992509366,0.0,0
Hadapsar,Hinjewadi,19,3,0,3973,26347,0,23.87344575887239,0.0,1
Hadapsar,Hinjewadi,19,3,1,4194,26351,0,22.61888412017167,0.0,0
Hadapsar,Hinjewadi,19,3,2,4546,31518,0,24.95926088869336,0.0,0
Hadapsar,Hinjewadi,21,3,0,3144,26025,0,29.799618320610687,0.0,1
Hadapsar,Hinjewadi,21,3,1,3465,31518,0,32.74597402597403,0.0,0
Hadapsar,Hinjewadi,21,3,2,3454,27756,0,28.929241459177767,0.0,0
Hadapsar,Hinjewadi,23,3,0,2865,26025,0,32.70157068062827,0.0,1
Hadapsar,Hinjewadi,23,3,1,3130,31537,0,36.27258785942492,0.0,0
Hadapsar,Hinjewadi,23,3,2,3110,27020,0,31.277170418006428,0.0,0
Hadapsar,Hinjewadi,7,4,0,2965,26025,0,31.598650927487352,0.0,1
Hadapsar,Hinjewadi,7,4,1,3279,31518,0,34.60347666971638,0.0,0
Hadapsar,Hinjewadi,7,4,2,3217,27020,0,30.236866645943422,0.0,0
Hadapsar,Hinjewadi,9,4,0,3104,26025,0,30.183634020618555,0.0,1
Hadapsar,Hinjewadi,9,4,1,3604,31518,0,31.48301886792453,0.0,0
Hadapsar,Hinjewadi,9,4,2,3366,27020,0,28.89839572192513,0.0,0
Hadapsar,Hinjewadi,11,4,0,3310,26025,0,28.305135951661637,0.0,1
Hadapsar,Hinjewadi,11,4,1,3918,31605,0,29.039816232771823,0.0,0
Hadapsar,Hinjewadi,11,4,2,3552,27417,0,27.7875,0.0,0
Hadapsar,Hinjewadi,13,4,0,3403,26025,0,27.53158977372906,0.0,1
Hadapsar,Hinjewadi,13,4,1,4007,31605,0,28.39480908410282,0.0,0
Hadapsar,Hinjewadi,13,4,2,3722,28180,0,27.256313809779687,0.0,0
Hadapsar,Hinjewadi,15,4,0,3542,27275,0,27.721626199887066,0.0,1
Hadapsar,Hinjewadi,15,4,1,4044,31740,0,28.25519287833828,0.0,0
Hadapsar,Hinjewadi,15,4,2,3777,28180,0,26.859412231930104,0.0,0
Hadapsar,Hinjewadi,17,4,0,3725,27275,0,26.35973154362416,0.0,1
Hadapsar,Hinjewadi,17,4,1,3835,27271,0,25.59989569752282,0.0,0
Hadapsar,Hinjewadi,17,4,2,4305,31605,0,26.429268292682927,0.0,0
Hadapsar,Hinjewadi,19,4,0,3609,27275,0,27.206982543640898,0.0,1
Hadapsar,Hinjewadi,19,4,1,3778,27271,0,25.98613022763367,0.0,0
Hadapsar,Hinjewadi,19,4,2,4188,31605,0,27.167621776504298,0.0,0
Hadapsar,Hinjewadi,21,4,0,3052,26025,0,30.697903014416777,0.0,1
Hadapsar,Hinjewadi,21,4,1,3395,31518,0,33.42114874815906,0.0,0
Hadapsar,Hinjewadi,21,4,2,3290,27020,0,29.56595744680851,0.0,0
Hadapsar,Hinjewadi,23,4,0,2865,26025,0,32.70157068062827,0.0,1
Hadapsar,Hinjewadi,23,4,1,3130,31537,0,36.27258785942492,0.0,0
Hadapsar,Hinjewadi,23,4,2,3110,27020,0,31.277170418006428,0.0,0
Hadapsar,Hinjewadi,7,5,0,3206,26025,0,29.223331253898937,0.0,1
Hadapsar,Hinjewadi,7,5,1,3527,31518,0,32.17034306776297,0.0,0
Hadapsar,Hinjewadi,7,5,2,3534,27756,0,28.274363327674024,0.0,0
Hadapsar,Hinjewadi,9,5,0,3866,26212,0,24.408484221417485,0.0,1
Hadapsar,Hinjewadi,9,5,1,4236,26536,0,22.55184135977337,0.0,0
Hadapsar,Hinjewadi,9,5,2,4358,31605,0,26.10784763653052,0.0,0
Hadapsar,Hinjewadi,11,5,0,4061,26212,0,23.23644422556021,0.0,1
Hadapsar,Hinjewadi,11,5,1,4547,26537,0,21.01016054541456,0.0,0
Hadapsar,Hinjewadi,11,5,2,4326,27814,0,23.14618585298197,0.0,0
Hadapsar,Hinjewadi,13,5,0,3792,27275,0,25.893987341772156,0.0,1
Hadapsar,Hinjewadi,13,5,1,4328,31740,0,26.40110905730129,0.0,0
Hadapsar,Hinjewadi,13,5,2,4039,28180,0,25.1171081950978,0.0,0
Hadapsar,Hinjewadi,15,5,0,3760,26212,0,25.09659574468085,0.0,1
Hadapsar,Hinjewadi,15,5,1,4130,31740,0,27.666828087167072,0.0,0
Hadapsar,Hinjewadi,15,5,2,4171,26410,0,22.79453368496764,0.0,0
Hadapsar,Hinjewadi,17,5,0,4391,26212,0,21.490138920519247,0.0,1
Hadapsar,Hinjewadi,17,5,1,4779,31605,0,23.80790960451977,0.0,0
Hadapsar,Hinjewadi,17,5,2,4808,26057,0,19.510232945091516,0.0,0
Hadapsar,Hinjewadi,19,5,0,4283,26212,0,22.03203362129349,0.0,1
Hadapsar,Hinjewadi,19,5,1,4574,26537,0,20.88613904678618,0.0,0
Hadapsar,Hinjewadi,19,5,2,4703,31605,0,24.19264299383373,0.0,0
Hadapsar,Hinjewadi,21,5,0,3147,26025,0,29.77121067683508,0.0,1
Hadapsar,Hinjewadi,21,5,1,3449,31518,0,32.89788344447666,0.0,0
Hadapsar,Hinjewadi,21,5,2,3372,27020,0,28.846975088967973,0.0,0
Hadapsar,Hinjewadi,23,5,0,2865,26025,0,32.70157068062827,0.0,1
Hadapsar,Hinjewadi,23,5,1,3130,31537,0,36.27258785942492,0.0,0
Hadapsar,Hinjewadi,23,5,2,3110,27020,0,31.277170418006428,0.0,0
Hadapsar,Hinjewadi,7,6,0,3274,26025,0,28.616371411117896,0.0,1
Hadapsar,Hinjewadi,7,6,1,3570,31518,0,31.782857142857143,0.0,0
Hadapsar,Hinjewadi,7,6,2,3620,27756,0,27.602651933701654,0.0,0
Hadapsar,Hinjewadi,9,6,0,4067,26212,0,23.20216375706909,0.0,1
Hadapsar,Hinjewadi,9,6,1,4340,26537,0,22.01225806451613,0.0,0
Hadapsar,Hinjewadi,9,6,2,4487,31605,0,25.357254290171603,0.0,0
Hadapsar,Hinjewadi,11,6,0,4286,26212,0,22.01661222585161,0.0,1
Hadapsar,Hinjewadi,11,6,1,4650,26537,0,20.544774193548385,0.0,0
Hadapsar,Hinjewadi,11,6,2,4791,34547,0,25.958922980588603,0.0,0
Hadapsar,Hinjewadi,13,6,0,3936,27275,0,24.946646341463413,0.0,1
Hadapsar,Hinjewadi,13,6,1,4404,31740,0,25.94550408719346,0.0,0
Hadapsar,Hinjewadi,13,6,2,4194,28180,0,24.188841201716738,0.0,0
Hadapsar,Hinjewadi,15,6,0,3900,26212,0,24.19569230769231,0.0,1
Hadapsar,Hinjewadi,15,6,1,4231,31740,0,27.006381470101623,0.0,0
Hadapsar,Hinjewadi,15,6,2,4264,26410,0,22.29737335834897,0.0,0
Hadapsar,Hinjewadi,17,6,0,4647,26212,0,20.3062621045836,0.0,1
Hadapsar,Hinjewadi,17,6,1,4954,31553,0,22.92910779168349,0.0,0
Hadapsar,Hinjewadi,17,6,2,4988,26057,0,18.80617481956696,0.0,0
Hadapsar,Hinjewadi,19,6,0,4461,26212,0,21.15292535305985,0.0,1
Hadapsar,Hinjewadi,19,6,1,4633,26243,0,20.3917116339305,0.0,0
Hadapsar,Hinjewadi,19,6,2,4771,31605,0,23.84783064347097,0.0,0
Hadapsar,Hinjewadi,21,6,0,3163,26025,0,29.620613341764145,0.0,1
Hadapsar,Hinjewadi,21,6,1,3456,31518,0,32.831250000000004,0.0,0
Hadapsar,Hinjewadi,21,6,2,3397,27020,0,28.63467765675596,0.0,0
Hadapsar,Hinjewadi,23,6,0,2865,26025,0,32.70157068062827,0.0,1
Hadapsar,Hinjewadi,23,6,1,3130,31537,0,36.27258785942492,0.0,0
Hadapsar,Hinjewadi,23,6,2,3110,27020,0,31.277170418006428,0.0,0
Hadapsar,Kothrud,7,0,0,2028,15419,0,27.371005917159763,0.0,1
Hadapsar,Kothrud,7,0,1,2224,16861,0,27.292985611510797,0.0,0
Hadapsar,Kothrud,7,0,2,2349,16684,0,25.569348659003836,0.0,0
Hadapsar,Kothrud,9,0,0,2647,15506,0,21.088628636191917,0.0,1
Hadapsar,Kothrud,9,0,1,2917,18111,0,22.351594103531028,0.0,0
Hadapsar,Kothrud,9,0,2,2934,16684,0,20.471165644171784,0.0,0
Hadapsar,Kothrud,11,0,0,2929,15641,0,19.22417207237965,0.0,1
Hadapsar,Kothrud,11,0,1,3251,18111,0,20.055244540141494,0.0,0
Hadapsar,Kothrud,11,0,2,3355,16684,0,17.902354694485844,0.0,0
Hadapsar,Kothrud,13,0,0,2763,15641,0,20.37915309446254,0.0,1
Hadapsar,Kothrud,13,0,1,3065,18111,0,21.27230016313214,0.0,0
Hadapsar,Kothrud,13,0,2,3239,16684,0,18.543501080580427,0.0,0
Hadapsar,Kothrud,15,0,0,2620,15641,0,21.49145038167939,0.0,1
Hadapsar,Kothrud,15,0,1,3009,18111,0,21.668195413758724,0.0,0
Hadapsar,Kothrud,15,0,2,3211,16868,0,18.911491747119275,0.0,0
Hadapsar,Kothrud,17,0,0,3060,15454,0,18.18117647058824,0.0,1
Hadapsar,Kothrud,17,0,1,3566,16684,0,16.843073471676952,0.0,0
Hadapsar,Kothrud,17,0,2,3629,17307,0,17.168696610636538,0.0,0
Hadapsar,Kothrud,19,0,0,3015,15506,0,18.51462686567164,0.0,1
Hadapsar,Kothrud,19,0,1,3314,16684,0,18.123838261919133,0.0,0
Hadapsar,Kothrud,19,0,2,3449,16861,0,17.5991881704842,0.0,0
Hadapsar,Kothrud,21,0,0,2103,15419,0,26.394864479315267,0.0,1
Hadapsar,Kothrud,21,0,1,2277,16861,0,26.657707509881423,0.0,0
Hadapsar,Kothrud,21,0,2,2378,16684,0,25.25752733389403,0.0,0
Hadapsar,Kothrud,23,0,0,1816,15438,0,30.60396475770925,0.0,1
Hadapsar,Kothrud,23,0,1,1978,16861,0,30.687360970677457,0.0,0
Hadapsar,Kothrud,23,0,2,2124,16684,0,28.27796610169492,0.0,0
Hadapsar,Kothrud,7,1,0,2023,15419,0,27.438655462184872,0.0,1
Hadapsar,Kothrud,7,1,1,2190,16861,0,27.716712328767127,0.0,0
Hadapsar,Kothrud,7,1,2,2325,16684,0,25.833290322580645,0.0,0
Hadapsar,Kothrud,9,1,0,2626,15641,0,21.44234577303884,0.0,1
Hadapsar,Kothrud,9,1,1,2781,18111,0,23.44466019417476,0.0,0
Hadapsar,Kothrud,9,1,2,2865,16684,0,20.9641884816754,0.0,0
Hadapsar,Kothrud,11,1,0,2924,15641,0,19.25704514363885,0.0,1
Hadapsar,Kothrud,11,1,1,3096,18111,0,21.059302325581395,0.0,0
Hadapsar,Kothrud,11,1,2,3266,16684,0,18.390202082057563,0.0,0
Hadapsar,Kothrud,13,1,0,2747,15641,0,20.49785220240262,0.0,1
Hadapsar,Kothrud,13,1,1,3013,18111,0,21.639429140391638,0.0,0
Hadapsar,Kothrud,13,1,2,3187,16684,0,18.84606212739253,0.0,0
Hadapsar,Kothrud,15,1,0,2598,15641,0,21.673441108545035,0.0,1
Hadapsar,Kothrud,15,1,1,2970,18111,0,21.952727272727277,0.0,0
Hadapsar,Kothrud,15,1,2,3147,16868,0,19.296091515729263,0.0,0
Hadapsar,Kothrud,17,1,0,3011,15454,0,18.477050813683164,0.0,1
Hadapsar,Kothrud,17,1,1,3468,16684,0,17.319031141868514,0.0,0
Hadapsar,Kothrud,17,1,2,3489,18181,0,18.759415305245057,0.0,0
Hadapsar,Kothrud,19,1,0,2977,15506,0,18.750957339603627,0.0,1
Hadapsar,Kothrud,19,1,1,3259,16684,0,18.429702362687944,0.0,0
Hadapsar,Kothrud,19,1,2,3308,16861,0,18.34933494558646,0.0,0
Hadapsar,Kothrud,21,1,0,2094,15419,0,26.508309455587398,0.0,1
Hadapsar,Kothrud,21,1,1,2264,16861,0,26.81077738515901,0.0,0
Hadapsar,Kothrud,21,1,2,2374,16684,0,25.300084245998317,0.0,0
Hadapsar,Kothrud,23,1,0,1816,15438,0,30.60396475770925,0.0,1
Hadapsar,Kothrud,23,1,1,1978,16861,0,30.687360970677457,0.0,0
Hadapsar,Kothrud,23,1,2,2124,16684,0,28.27796610169492,0.0,0
Hadapsar,Kothrud,7,2,0,2020,15419,0,27.47940594059406,0.0,1
Hadapsar,Kothrud,7,2,1,2185,16861,0,27.78013729977117,0.0,0
Hadapsar,Kothrud,7,2,2,2318,16684,0,25.911302847282144,0.0,0
Hadapsar,Kothrud,9,2,0,2606,15506,0,21.42041442824252,0.0,1
Hadapsar,Kothrud,9,2,1,2727,18111,0,23.90891089108911,0.0,0
Hadapsar,Kothrud,9,2,2,2839,16684,0,21.15618175413878,0.0,0
Hadapsar,Kothrud,11,2,0,2899,15641,0,19.42311141773025,0.0,1
Hadapsar,Kothrud,11,2,1,3046,18111,0,21.404990151017728,0.0,0
Hadapsar,Kothrud,11,2,2,3258,16684,0,18.4353591160221,0.0,0
Hadapsar,Kothrud,13,2,0,2782,15641,0,20.23997124370956,0.0,1
Hadapsar,Kothrud,13,2,1,3065,18111,0,21.27230016313214,0.0,0
Hadapsar,Kothrud,13,2,2,3223,16684,0,18.63555693453305,0.0,0
Hadapsar,Kothrud,15,2,0,2616,15641,0,21.524311926605503,0.0,1
Hadapsar,Kothrud,15,2,1,3063,18111,0,21.28619000979432,0.0,0
Hadapsar,Kothrud,15,2,2,3163,16868,0,19.198482453367056,0.0,0
Hadapsar,Kothrud,17,2,0,3025,15454,0,18.391537190082644,0.0,1
Hadapsar,Kothrud,17,2,1,3466,16684,0,17.32902481246394,0.0,0
Hadapsar,Kothrud,17,2,2,3555,18181,0,18.41113924050633,0.0,0
Hadapsar,Kothrud,19,2,0,3007,15506,0,18.56388427003658,0.0,1
Hadapsar,Kothrud,19,2,1,3267,16684,0,18.384573002754824,0.0,0
Hadapsar,Kothrud,19,2,2,3363,18181,0,19.46226583407672,0.0,0
Hadapsar,Kothrud,21,2,0,2111,15438,0,26.32723827569873,0.0,1
Hadapsar,Kothrud,21,2,1,2278,16861,0,26.646005267778754,0.0,0
Hadapsar,Kothrud,21,2,2,2378,16684,0,25.25752733389403,0.0,0
Hadapsar,Kothrud,23,2,0,1816,15438,0,30.60396475770925,0.0,1
Hadapsar,Kothrud,23,2,1,1978,16861,0,30.687360970677457,0.0,0
Hadapsar,Kothrud,23,2,2,2124,16684,0,28.27796610169492,0.0,0
Hadapsar,Kothrud,7,3,0,1971,15419,0,28.16255707762557,0.0,1
Hadapsar,Kothrud,7,3,1,2105,16861,0,28.835914489311165,0.0,0
Hadapsar,Kothrud,7,3,2,2289,16684,0,26.239580602883358,0.0,0
Hadapsar,Kothrud,9,3,0,2422,15438,0,22.94665565648225,0.0,1
Hadapsar,Kothrud,9,3,1,2453,16861,0,24.74504688136975,0.0,0
Hadapsar,Kothrud,9,3,2,2639,16684,0,22.75953012504737,0.0,0
Hadapsar,Kothrud,11,3,0,2792,15641,0,20.16747851002865,0.0,1
Hadapsar,Kothrud,11,3,1,2863,18111,0,22.7731749912679,0.0,0
Hadapsar,Kothrud,11,3,2,2967,16684,0,20.24347826086957,0.0,0
Hadapsar,Kothrud,13,3,0,2844,15641,0,19.798734177215188,0.0,1
Hadapsar,Kothrud,13,3,1,3010,18111,0,21.660996677740865,0.0,0
Hadapsar,Kothrud,13,3,2,3072,16868,0,19.7671875,0.0,0
Hadapsar,Kothrud,15,3,0,2808,15641,0,20.0525641025641,0.0,1
Hadapsar,Kothrud,15,3,1,3086,18111,0,21.12754374594945,0.0,0
Hadapsar,Kothrud,15,3,2,3095,16868,0,19.620290791599352,0.0,0
Hadapsar,Kothrud,17,3,0,3024,15454,0,18.39761904761905,0.0,1
Hadapsar,Kothrud,17,3,1,3219,18111,0,20.25461323392358,0.0,0
Hadapsar,Kothrud,17,3,2,3276,16684,0,18.334065934065933,0.0,0
Hadapsar,Kothrud,19,3,0,2850,15419,0,19.47663157894737,0.0,1
Hadapsar,Kothrud,19,3,1,2980,18111,0,21.87906040268457,0.0,0
Hadapsar,Kothrud,19,3,2,3010,16684,0,19.954285714285717,0.0,0
Hadapsar,Kothrud,21,3,0,2100,15419,0,26.43257142857143,0.0,1
Hadapsar,Kothrud,21,3,1,2256,16861,0,26.905851063829783,0.0,0
Hadapsar,Kothrud,21,3,2,2360,16684,0,25.450169491525426,0.0,0
Hadapsar,Kothrud,23,3,0,1816,15438,0,30.60396475770925,0.0,1
Hadapsar,Kothrud,23,3,1,1978,16861,0,30.687360970677457,0.0,0
Hadapsar,Kothrud,23,3,2,2124,16684,0,28.27796610169492,0.0,0
Hadapsar,Kothrud,7,4,0,1915,15419,0,28.986109660574414,0.0,1
Hadapsar,Kothrud,7,4,1,2067,16861,0,29.36603773584905,0.0,0
Hadapsar,Kothrud,7,4,2,2225,16684,0,26.99433707865169,0.0,0
Hadapsar,Kothrud,9,4,0,2155,15419,0,25.757958236658933,0.0,1
Hadapsar,Kothrud,9,4,1,2244,16861,0,27.049732620320857,0.0,0
Hadapsar,Kothrud,9,4,2,2437,16684,0,24.646040213377105,0.0,0
Hadapsar,Kothrud,11,4,0,2369,15506,0,23.563360067539048,0.0,1
Hadapsar,Kothrud,11,4,1,2489,16861,0,24.387143431096824,0.0,0
Hadapsar,Kothrud,11,4,2,2717,16684,0,22.106146485093856,0.0,0
Hadapsar,Kothrud,13,4,0,2452,15506,0,22.765742251223493,0.0,1
Hadapsar,Kothrud,13,4,1,2627,16861,0,23.106052531404643,0.0,0
Hadapsar,Kothrud,13,4,2,2850,16684,0,21.07452631578948,0.0,0
Hadapsar,Kothrud,15,4,0,2466,15641,0,22.833576642335764,0.0,1
Hadapsar,Kothrud,15,4,1,2710,18111,0,24.05889298892989,0.0,0
Hadapsar,Kothrud,15,4,2,2923,16868,0,20.774820390010262,0.0,0
Hadapsar,Kothrud,17,4,0,2627,15506,0,21.24918157594214,0.0,1
Hadapsar,Kothrud,17,4,1,2832,18111,0,23.022457627118648,0.0,0
Hadapsar,Kothrud,17,4,2,3032,16684,0,19.809498680738788,0.0,0
Hadapsar,Kothrud,19,4,0,2565,15506,0,21.76280701754386,0.0,1
Hadapsar,Kothrud,19,4,1,2707,18111,0,24.08555596601404,0.0,0
Hadapsar,Kothrud,19,4,2,2858,16684,0,21.015535339398184,0.0,0
Hadapsar,Kothrud,21,4,0,2035,15419,0,27.27685503685504,0.0,1
Hadapsar,Kothrud,21,4,1,2175,16861,0,27.90786206896552,0.0,0
Hadapsar,Kothrud,21,4,2,2328,16684,0,25.800000000000004,0.0,0
Hadapsar,Kothrud,23,4,0,1816,15438,0,30.60396475770925,0.0,1
Hadapsar,Kothrud,23,4,1,1978,16861,0,30.687360970677457,0.0,0
Hadapsar,Kothrud,23,4,2,2124,16684,0,28.27796610169492,0.0,0
Hadapsar,Kothrud,7,5,0,2034,15419,0,27.290265486725666,0.0,1
Hadapsar,Kothrud,7,5,1,2191,16861,0,27.704062072113192,0.0,0
Hadapsar,Kothrud,7,5,2,2327,16684,0,25.81108723678556,0.0,0
Hadapsar,Kothrud,9,5,0,2649,15506,0,21.072706681766704,0.0,1
Hadapsar,Kothrud,9,5,1,2777,18112,0,23.479726323370546,0.0,0
Hadapsar,Kothrud,9,5,2,2865,16684,0,20.9641884816754,0.0,0
Hadapsar,Kothrud,11,5,0,2910,15641,0,19.349690721649484,0.0,1
Hadapsar,Kothrud,11,5,1,3073,18111,0,21.216921575008136,0.0,0
Hadapsar,Kothrud,11,5,2,3276,16684,0,18.334065934065933,0.0,0
Hadapsar,Kothrud,13,5,0,2729,15641,0,20.63305240014657,0.0,1
Hadapsar,Kothrud,13,5,1,2954,18111,0,22.07163168584969,0.0,0
Hadapsar,Kothrud,13,5,2,3204,16684,0,18.746067415730337,0.0,0
Hadapsar,Kothrud,15,5,0,2577,15641,0,21.850058207217696,0.0,1
Hadapsar,Kothrud,15,5,1,2911,18111,0,22.39766403297836,0.0,0
Hadapsar,Kothrud,15,5,2,3159,16868,0,19.22279202279202,0.0,0
Hadapsar,Kothrud,17,5,0,2995,15506,0,18.638263772954925,0.0,1
Hadapsar,Kothrud,17,5,1,3444,18181,0,19.00452961672474,0.0,0
Hadapsar,Kothrud,17,5,2,3578,17090,0,17.195081050866406,0.0,0
Hadapsar,Kothrud,19,5,0,2982,15506,0,18.719517102615693,0.0,1
Hadapsar,Kothrud,19,5,1,3272,16684,0,18.35647921760392,0.0,0
Hadapsar,Kothrud,19,5,2,3324,16861,0,18.26101083032491,0.0,0
Hadapsar,Kothrud,21,5,0,2087,15419,0,26.597220891231437,0.0,1
Hadapsar,Kothrud,21,5,1,2256,16861,0,26.905851063829783,0.0,0
Hadapsar,Kothrud,21,5,2,2381,16684,0,25.22570348593028,0.0,0
Hadapsar,Kothrud,23,5,0,1816,15438,0,30.60396475770925,0.0,1
Hadapsar,Kothrud,23,5,1,1978,16861,0,30.687360970677457,0.0,0
Hadapsar,Kothrud,23,5,2,2124,16684,0,28.27796610169492,0.0,0
Hadapsar,Kothrud,7,6,0,2050,15419,0,27.07726829268293,0.0,1
Hadapsar,Kothrud,7,6,1,2226,16861,0,27.26846361185984,0.0,0
Hadapsar,Kothrud,7,6,2,2358,16684,0,25.47175572519084,0.0,0
Hadapsar,Kothrud,9,6,0,2719,15506,0,20.530194924604636,0.0,1
Hadapsar,Kothrud,9,6,1,2940,16861,0,20.646122448979597,0.0,0
Hadapsar,Kothrud,9,6,2,2964,16684,0,20.26396761133603,0.0,0
Hadapsar,Kothrud,11,6,0,3015,15641,0,18.67582089552239,0.0,1
Hadapsar,Kothrud,11,6,1,3281,18111,0,19.87186833282536,0.0,0
Hadapsar,Kothrud,11,6,2,3382,16684,0,17.759432288586638,0.0,0
Hadapsar,Kothrud,13,6,0,2791,15641,0,20.17470440702257,0.0,1
Hadapsar,Kothrud,13,6,1,3092,18111,0,21.08654592496766,0.0,0
Hadapsar,Kothrud,13,6,2,3238,16684,0,18.54922791846819,0.0,0
Hadapsar,Kothrud,15,6,0,2646,15641,0,21.280272108843537,0.0,1
Hadapsar,Kothrud,15,6,1,3051,18111,0,21.369911504424778,0.0,0
Hadapsar,Kothrud,15,6,2,3193,16684,0,18.81064829314125,0.0,0
Hadapsar,Kothrud,17,6,0,3104,15454,0,17.923453608247424,0.0,1
Hadapsar,Kothrud,17,6,1,3544,16684,0,16.94762979683973,0.0,0
Hadapsar,Kothrud,17,6,2,3680,17307,0,16.930760869565216,0.0,0
Hadapsar,Kothrud,19,6,0,3041,15506,0,18.35633015455442,0.0,1
Hadapsar,Kothrud,19,6,1,3303,16684,0,18.184196185286105,0.0,0
Hadapsar,Kothrud,19,6,2,3412,16861,0,17.790035169988275,0.0,0
Hadapsar,Kothrud,21,6,0,2096,15419,0,26.48301526717557,0.0,1
Hadapsar,Kothrud,21,6,1,2273,16861,0,26.70461944566652,0.0,0
Hadapsar,Kothrud,21,6,2,2373,16684,0,25.310745891276863,0.0,0
Hadapsar,Kothrud,23,6,0,1816,15438,0,30.60396475770925,0.0,1
Hadapsar,Kothrud,23,6,1,1978,16861,0,30.687360970677457,0.0,0
Hadapsar,Kothrud,23,6,2,2124,16684,0,28.27796610169492,0.0,0
Hadapsar,Kothrud,7,0,0,2028,15419,0,27.371005917159763,0.0,1
Hadapsar,Kothrud,7,0,1,2224,16861,0,27.292985611510797,0.0,0
Hadapsar,Kothrud,7,0,2,2349,16684,0,25.569348659003836,0.0,0
Hadapsar,Kothrud,9,0,0,2647,15506,0,21.088628636191917,0.0,1
Hadapsar,Kothrud,9,0,1,2917,18111,0,22.351594103531028,0.0,0
Hadapsar,Kothrud,9,0,2,2934,16684,0,20.471165644171784,0.0,0
Hadapsar,Kothrud,11,0,0,2929,15641,0,19.22417207237965,0.0,1
Hadapsar,Kothrud,11,0,1,3251,18111,0,20.055244540141494,0.0,0
Hadapsar,Kothrud,11,0,2,3355,16684,0,17.902354694485844,0.0,0
Hadapsar,Kothrud,13,0,0,2763,15641,0,20.37915309446254,0.0,1
Hadapsar,Kothrud,13,0,1,3065,18111,0,21.27230016313214,0.0,0
Hadapsar,Kothrud,13,0,2,3239,16684,0,18.543501080580427,0.0,0
Hadapsar,Kothrud,15,0,0,2620,15641,0,21.49145038167939,0.0,1
Hadapsar,Kothrud,15,0,1,3009,18111,0,21.668195413758724,0.0,0
Hadapsar,Kothrud,15,0,2,3211,16868,0,18.911491747119275,0.0,0
Hadapsar,Kothrud,17,0,0,3060,15454,0,18.18117647058824,0.0,1
Hadapsar,Kothrud,17,0,1,3566,16684,0,16.843073471676952,0.0,0
Hadapsar,Kothrud,17,0,2,3629,17307,0,17.168696610636538,0.0,0
Hadapsar,Kothrud,19,0,0,3015,15506,0,18.51462686567164,0.0,1
Hadapsar,Kothrud,19,0,1,3314,16684,0,18.123838261919133,0.0,0
Hadapsar,Kothrud,19,0,2,3449,16861,0,17.5991881704842,0.0,0
Hadapsar,Kothrud,21,0,0,2103,15419,0,26.394864479315267,0.0,1
Hadapsar,Kothrud,21,0,1,2277,16861,0,26.657707509881423,0.0,0
Hadapsar,Kothrud,21,0,2,2378,16684,0,25.25752733389403,0.0,0
Hadapsar,Kothrud,23,0,0,1816,15438,0,30.60396475770925,0.0,1
Hadapsar,Kothrud,23,0,1,1978,16861,0,30.687360970677457,0.0,0
Hadapsar,Kothrud,23,0,2,2124,16684,0,28.27796610169492,0.0,0
Hadapsar,Kothrud,7,1,0,2023,15419,0,27.438655462184872,0.0,1
Hadapsar,Kothrud,7,1,1,2190,16861,0,27.716712328767127,0.0,0
Hadapsar,Kothrud,7,1,2,2325,16684,0,25.833290322580645,0.0,0
Hadapsar,Kothrud,9,1,0,2626,15641,0,21.44234577303884,0.0,1
Hadapsar,Kothrud,9,1,1,2781,18111,0,23.44466019417476,0.0,0
Hadapsar,Kothrud,9,1,2,2865,16684,0,20.9641884816754,0.0,0
Hadapsar,Kothrud,11,1,0,2924,15641,0,19.25704514363885,0.0,1
Hadapsar,Kothrud,11,1,1,3096,18111,0,21.059302325581395,0.0,0
Hadapsar,Kothrud,11,1,2,3266,16684,0,18.390202082057563,0.0,0
Hadapsar,Kothrud,13,1,0,2747,15641,0,20.49785220240262,0.0,1
Hadapsar,Kothrud,13,1,1,3013,18111,0,21.639429140391638,0.0,0
Hadapsar,Kothrud,13,1,2,3187,16684,0,18.84606212739253,0.0,0
Hadapsar,Kothrud,15,1,0,2598,15641,0,21.673441108545035,0.0,1
Hadapsar,Kothrud,15,1,1,2970,18111,0,21.952727272727277,0.0,0
Hadapsar,Kothrud,15,1,2,3147,16868,0,19.296091515729263,0.0,0
Hadapsar,Kothrud,17,1,0,3011,15454,0,18.477050813683164,0.0,1
Hadapsar,Kothrud,17,1,1,3468,16684,0,17.319031141868514,0.0,0
Hadapsar,Kothrud,17,1,2,3489,18181,0,18.759415305245057,0.0,0
Hadapsar,Kothrud,19,1,0,2977,15506,0,18.750957339603627,0.0,1
Hadapsar,Kothrud,19,1,1,3259,16684,0,18.429702362687944,0.0,0
Hadapsar,Kothrud,19,1,2,3308,16861,0,18.34933494558646,0.0,0
Hadapsar,Kothrud,21,1,0,2094,15419,0,26.508309455587398,0.0,1
Hadapsar,Kothrud,21,1,1,2264,16861,0,26.81077738515901,0.0,0
Hadapsar,Kothrud,21,1,2,2374,16684,0,25.300084245998317,0.0,0
Hadapsar,Kothrud,23,1,0,1816,15438,0,30.60396475770925,0.0,1
Hadapsar,Kothrud,23,1,1,1978,16861,0,30.687360970677457,0.0,0
Hadapsar,Kothrud,23,1,2,2124,16684,0,28.27796610169492,0.0,0
Hadapsar,Kothrud,7,2,0,2020,15419,0,27.47940594059406,0.0,1
Hadapsar,Kothrud,7,2,1,2185,16861,0,27.78013729977117,0.0,0
Hadapsar,Kothrud,7,2,2,2318,16684,0,25.911302847282144,0.0,0
Hadapsar,Kothrud,9,2,0,2606,15506,0,21.42041442824252,0.0,1
Hadapsar,Kothrud,9,2,1,2727,18111,0,23.90891089108911,0.0,0
Hadapsar,Kothrud,9,2,2,2839,16684,0,21.15618175413878,0.0,0
Hadapsar,Kothrud,11,2,0,2899,15641,0,19.42311141773025,0.0,1
Hadapsar,Kothrud,11,2,1,3046,18111,0,21.404990151017728,0.0,0
Hadapsar,Kothrud,11,2,2,3258,16684,0,18.4353591160221,0.0,0
Hadapsar,Kothrud,13,2,0,2782,15641,0,20.23997124370956,0.0,1
Hadapsar,Kothrud,13,2,1,3065,18111,0,21.27230016313214,0.0,0
Hadapsar,Kothrud,13,2,2,3223,16684,0,18.63555693453305,0.0,0
Hadapsar,Kothrud,15,2,0,2616,15641,0,21.524311926605503,0.0,1
Hadapsar,Kothrud,15,2,1,3063,18111,0,21.28619000979432,0.0,0
Hadapsar,Kothrud,15,2,2,3163,16868,0,19.198482453367056,0.0,0
Hadapsar,Kothrud,17,2,0,3025,15454,0,18.391537190082644,0.0,1
Hadapsar,Kothrud,17,2,1,3466,16684,0,17.32902481246394,0.0,0
Hadapsar,Kothrud,17,2,2,3555,18181,0,18.41113924050633,0.0,0
Hadapsar,Kothrud,19,2,0,3007,15506,0,18.56388427003658,0.0,1
Hadapsar,Kothrud,19,2,1,3267,16684,0,18.384573002754824,0.0,0
Hadapsar,Kothrud,19,2,2,3363,18181,0,19.46226583407672,0.0,0
Hadapsar,Kothrud,21,2,0,2111,15438,0,26.32723827569873,0.0,1
Hadapsar,Kothrud,21,2,1,2278,16861,0,26.646005267778754,0.0,0
Hadapsar,Kothrud,21,2,2,2378,16684,0,25.25752733389403,0.0,0
Hadapsar,Kothrud,23,2,0,1816,15438,0,30.60396475770925,0.0,1
Hadapsar,Kothrud,23,2,1,1978,16861,0,30.687360970677457,0.0,0
Hadapsar,Kothrud,23,2,2,2124,16684,0,28.27796610169492,0.0,0
Hadapsar,Kothrud,7,3,0,1971,15419,0,28.16255707762557,0.0,1
Hadapsar,Kothrud,7,3,1,2105,16861,0,28.835914489311165,0.0,0
Hadapsar,Kothrud,7,3,2,2289,16684,0,26.239580602883358,0.0,0
Hadapsar,Kothrud,9,3,0,2422,15438,0,22.94665565648225,0.0,1
Hadapsar,Kothrud,9,3,1,2453,16861,0,24.74504688136975,0.0,0
Hadapsar,Kothrud,9,3,2,2639,16684,0,22.75953012504737,0.0,0
Hadapsar,Kothrud,11,3,0,2792,15641,0,20.16747851002865,0.0,1
Hadapsar,Kothrud,11,3,1,2863,18111,0,22.7731749912679,0.0,0
Hadapsar,Kothrud,11,3,2,2967,16684,0,20.24347826086957,0.0,0
Hadapsar,Kothrud,13,3,0,2844,15641,0,19.798734177215188,0.0,1
Hadapsar,Kothrud,13,3,1,3010,18111,0,21.660996677740865,0.0,0
Hadapsar,Kothrud,13,3,2,3072,16868,0,19.7671875,0.0,0
Hadapsar,Kothrud,15,3,0,2808,15641,0,20.0525641025641,0.0,1
Hadapsar,Kothrud,15,3,1,3086,18111,0,21.12754374594945,0.0,0
Hadapsar,Kothrud,15,3,2,3095,16868,0,19.620290791599352,0.0,0
Hadapsar,Kothrud,17,3,0,3024,15454,0,18.39761904761905,0.0,1
Hadapsar,Kothrud,17,3,1,3219,18111,0,20.25461323392358,0.0,0
Hadapsar,Kothrud,17,3,2,3276,16684,0,18.334065934065933,0.0,0
Hadapsar,Kothrud,19,3,0,2850,15419,0,19.47663157894737,0.0,1
Hadapsar,Kothrud,19,3,1,2980,18111,0,21.87906040268457,0.0,0
Hadapsar,Kothrud,19,3,2,3010,16684,0,19.954285714285717,0.0,0
Hadapsar,Kothrud,21,3,0,2100,15419,0,26.43257142857143,0.0,1
Hadapsar,Kothrud,21,3,1,2256,16861,0,26.905851063829783,0.0,0
Hadapsar,Kothrud,21,3,2,2360,16684,0,25.450169491525426,0.0,0
Hadapsar,Kothrud,23,3,0,1816,15438,0,30.60396475770925,0.0,1
Hadapsar,Kothrud,23,3,1,1978,16861,0,30.687360970677457,0.0,0
Hadapsar,Kothrud,23,3,2,2124,16684,0,28.27796610169492,0.0,0
Hadapsar,Kothrud,7,4,0,1915,15419,0,28.986109660574414,0.0,1
Hadapsar,Kothrud,7,4,1,2067,16861,0,29.36603773584905,0.0,0
Hadapsar,Kothrud,7,4,2,2225,16684,0,26.99433707865169,0.0,0
Hadapsar,Kothrud,9,4,0,2155,15419,0,25.757958236658933,0.0,1
Hadapsar,Kothrud,9,4,1,2244,16861,0,27.049732620320857,0.0,0
Hadapsar,Kothrud,9,4,2,2437,16684,0,24.646040213377105,0.0,0
Hadapsar,Kothrud,11,4,0,2369,15506,0,23.563360067539048,0.0,1
Hadapsar,Kothrud,11,4,1,2489,16861,0,24.387143431096824,0.0,0
Hadapsar,Kothrud,11,4,2,2717,16684,0,22.106146485093856,0.0,0
Hadapsar,Kothrud,13,4,0,2452,15506,0,22.765742251223493,0.0,1
Hadapsar,Kothrud,13,4,1,2627,16861,0,23.106052531404643,0.0,0
Hadapsar,Kothrud,13,4,2,2850,16684,0,21.07452631578948,0.0,0
Hadapsar,Kothrud,15,4,0,2466,15641,0,22.833576642335764,0.0,1
Hadapsar,Kothrud,15,4,1,2710,18111,0,24.05889298892989,0.0,0
Hadapsar,Kothrud,15,4,2,2923,16868,0,20.774820390010262,0.0,0
Hadapsar,Kothrud,17,4,0,2627,15506,0,21.24918157594214,0.0,1
Hadapsar,Kothrud,17,4,1,2832,18111,0,23.022457627118648,0.0,0
Hadapsar,Kothrud,17,4,2,3032,16684,0,19.809498680738788,0.0,0
Hadapsar,Kothrud,19,4,0,2565,15506,0,21.76280701754386,0.0,1
Hadapsar,Kothrud,19,4,1,2707,18111,0,24.08555596601404,0.0,0
Hadapsar,Kothrud,19,4,2,2858,16684,0,21.015535339398184,0.0,0
Hadapsar,Kothrud,21,4,0,2035,15419,0,27.27685503685504,0.0,1
Hadapsar,Kothrud,21,4,1,2175,16861,0,27.90786206896552,0.0,0
Hadapsar,Kothrud,21,4,2,2328,16684,0,25.800000000000004,0.0,0
Hadapsar,Kothrud,23,4,0,1816,15438,0,30.60396475770925,0.0,1
Hadapsar,Kothrud,23,4,1,1978,16861,0,30.687360970677457,0.0,0
Hadapsar,Kothrud,23,4,2,2124,16684,0,28.27796610169492,0.0,0
Hadapsar,Kothrud,7,5,0,2034,15419,0,27.290265486725666,0.0,1
Hadapsar,Kothrud,7,5,1,2191,16861,0,27.704062072113192,0.0,0
Hadapsar,Kothrud,7,5,2,2327,16684,0,25.81108723678556,0.0,0
Hadapsar,Kothrud,9,5,0,2649,15506,0,21.072706681766704,0.0,1
Hadapsar,Kothrud,9,5,1,2777,18112,0,23.479726323370546,0.0,0
Hadapsar,Kothrud,9,5,2,2865,16684,0,20.9641884816754,0.0,0
Hadapsar,Kothrud,11,5,0,2910,15641,0,19.349690721649484,0.0,1
Hadapsar,Kothrud,11,5,1,3073,18111,0,21.216921575008136,0.0,0
Hadapsar,Kothrud,11,5,2,3276,16684,0,18.334065934065933,0.0,0
Hadapsar,Kothrud,13,5,0,2729,15641,0,20.63305240014657,0.0,1
Hadapsar,Kothrud,13,5,1,2954,18111,0,22.07163168584969,0.0,0
Hadapsar,Kothrud,13,5,2,3204,16684,0,18.746067415730337,0.0,0
Hadapsar,Kothrud,15,5,0,2577,15641,0,21.850058207217696,0.0,1
Hadapsar,Kothrud,15,5,1,2911,18111,0,22.39766403297836,0.0,0
Hadapsar,Kothrud,15,5,2,3159,16868,0,19.22279202279202,0.0,0
Hadapsar,Kothrud,17,5,0,2995,15506,0,18.638263772954925,0.0,1
Hadapsar,Kothrud,17,5,1,3444,18181,0,19.00452961672474,0.0,0
Hadapsar,Kothrud,17,5,2,3578,17090,0,17.195081050866406,0.0,0
Hadapsar,Kothrud,19,5,0,2982,15506,0,18.719517102615693,0.0,1
Hadapsar,Kothrud,19,5,1,3272,16684,0,18.35647921760392,0.0,0
Hadapsar,Kothrud,19,5,2,3324,16861,0,18.26101083032491,0.0,0
Hadapsar,Kothrud,21,5,0,2087,15419,0,26.597220891231437,0.0,1
Hadapsar,Kothrud,21,5,1,2256,16861,0,26.905851063829783,0.0,0
Hadapsar,Kothrud,21,5,2,2381,16684,0,25.22570348593028,0.0,0
Hadapsar,Kothrud,23,5,0,1816,15438,0,30.60396475770925,0.0,1
Hadapsar,Kothrud,23,5,1,1978,16861,0,30.687360970677457,0.0,0
Hadapsar,Kothrud,23,5,2,2124,16684,0,28.27796610169492,0.0,0
Hadapsar,Kothrud,7,6,0,2050,15419,0,27.07726829268293,0.0,1
Hadapsar,Kothrud,7,6,1,2226,16861,0,27.26846361185984,0.0,0
Hadapsar,Kothrud,7,6,2,2358,16684,0,25.47175572519084,0.0,0
Hadapsar,Kothrud,9,6,0,2719,15506,0,20.530194924604636,0.0,1
Hadapsar,Kothrud,9,6,1,2940,16861,0,20.646122448979597,0.0,0
Hadapsar,Kothrud,9,6,2,2964,16684,0,20.26396761133603,0.0,0
Hadapsar,Kothrud,11,6,0,3015,15641,0,18.67582089552239,0.0,1
Hadapsar,Kothrud,11,6,1,3281,18111,0,19.87186833282536,0.0,0
Hadapsar,Kothrud,11,6,2,3382,16684,0,17.759432288586638,0.0,0
Hadapsar,Kothrud,13,6,0,2791,15641,0,20.17470440702257,0.0,1
Hadapsar,Kothrud,13,6,1,3092,18111,0,21.08654592496766,0.0,0
Hadapsar,Kothrud,13,6,2,3238,16684,0,18.54922791846819,0.0,0
Hadapsar,Kothrud,15,6,0,2646,15641,0,21.280272108843537,0.0,1
Hadapsar,Kothrud,15,6,1,3051,18111,0,21.369911504424778,0.0,0
Hadapsar,Kothrud,15,6,2,3193,16684,0,18.81064829314125,0.0,0
Hadapsar,Kothrud,17,6,0,3104,15454,0,17.923453608247424,0.0,1
Hadapsar,Kothrud,17,6,1,3544,16684,0,16.94762979683973,0.0,0
Hadapsar,Kothrud,17,6,2,3680,17307,0,16.930760869565216,0.0,0
Hadapsar,Kothrud,19,6,0,3041,15506,0,18.35633015455442,0.0,1
Hadapsar,Kothrud,19,6,1,3303,16684,0,18.184196185286105,0.0,0
Hadapsar,Kothrud,19,6,2,3412,16861,0,17.790035169988275,0.0,0
Hadapsar,Kothrud,21,6,0,2096,15419,0,26.48301526717557,0.0,1
Hadapsar,Kothrud,21,6,1,2273,16861,0,26.70461944566652,0.0,0
Hadapsar,Kothrud,21,6,2,2373,16684,0,25.310745891276863,0.0,0
Hadapsar,Kothrud,23,6,0,1816,15438,0,30.60396475770925,0.0,1
Hadapsar,Kothrud,23,6,1,1978,16861,0,30.687360970677457,0.0,0
Hadapsar,Kothrud,23,6,2,2124,16684,0,28.27796610169492,0.0,0
Hadapsar,Kothrud,7,0,0,2028,15419,0,27.371005917159763,0.0,1
Hadapsar,Kothrud,7,0,1,2224,16861,0,27.292985611510797,0.0,0
Hadapsar,Kothrud,7,0,2,2349,16684,0,25.569348659003836,0.0,0
Hadapsar,Kothrud,9,0,0,2647,15506,0,21.088628636191917,0.0,1
Hadapsar,Kothrud,9,0,1,2917,18111,0,22.351594103531028,0.0,0
Hadapsar,Kothrud,9,0,2,2934,16684,0,20.471165644171784,0.0,0
Hadapsar,Kothrud,11,0,0,2929,15641,0,19.22417207237965,0.0,1
Hadapsar,Kothrud,11,0,1,3251,18111,0,20.055244540141494,0.0,0
Hadapsar,Kothrud,11,0,2,3355,16684,0,17.902354694485844,0.0,0
Hadapsar,Kothrud,13,0,0,2763,15641,0,20.37915309446254,0.0,1
Hadapsar,Kothrud,13,0,1,3065,18111,0,21.27230016313214,0.0,0
Hadapsar,Kothrud,13,0,2,3239,16684,0,18.543501080580427,0.0,0
Hadapsar,Kothrud,15,0,0,2620,15641,0,21.49145038167939,0.0,1
Hadapsar,Kothrud,15,0,1,3009,18111,0,21.668195413758724,0.0,0
Hadapsar,Kothrud,15,0,2,3211,16868,0,18.911491747119275,0.0,0
Hadapsar,Kothrud,17,0,0,3060,15454,0,18.18117647058824,0.0,1
Hadapsar,Kothrud,17,0,1,3566,16684,0,16.843073471676952,0.0,0
Hadapsar,Kothrud,17,0,2,3629,17307,0,17.168696610636538,0.0,0
Hadapsar,Kothrud,19,0,0,3015,15506,0,18.51462686567164,0.0,1
Hadapsar,Kothrud,19,0,1,3314,16684,0,18.123838261919133,0.0,0
Hadapsar,Kothrud,19,0,2,3449,16861,0,17.5991881704842,0.0,0
Hadapsar,Kothrud,21,0,0,2103,15419,0,26.394864479315267,0.0,1
Hadapsar,Kothrud,21,0,1,2277,16861,0,26.657707509881423,0.0,0
Hadapsar,Kothrud,21,0,2,2378,16684,0,25.25752733389403,0.0,0
Hadapsar,Kothrud,23,0,0,1816,15438,0,30.60396475770925,0.0,1
Hadapsar,Kothrud,23,0,1,1978,16861,0,30.687360970677457,0.0,0
Hadapsar,Kothrud,23,0,2,2124,16684,0,28.27796610169492,0.0,0
Hadapsar,Kothrud,7,1,0,2023,15419,0,27.438655462184872,0.0,1
Hadapsar,Kothrud,7,1,1,2190,16861,0,27.716712328767127,0.0,0
Hadapsar,Kothrud,7,1,2,2325,16684,0,25.833290322580645,0.0,0
Hadapsar,Kothrud,9,1,0,2626,15641,0,21.44234577303884,0.0,1
Hadapsar,Kothrud,9,1,1,2781,18111,0,23.44466019417476,0.0,0
Hadapsar,Kothrud,9,1,2,2865,16684,0,20.9641884816754,0.0,0
Hadapsar,Kothrud,11,1,0,2924,15641,0,19.25704514363885,0.0,1
Hadapsar,Kothrud,11,1,1,3096,18111,0,21.059302325581395,0.0,0
Hadapsar,Kothrud,11,1,2,3266,16684,0,18.390202082057563,0.0,0
Hadapsar,Kothrud,13,1,0,2747,15641,0,20.49785220240262,0.0,1
Hadapsar,Kothrud,13,1,1,3013,18111,0,21.639429140391638,0.0,0
Hadapsar,Kothrud,13,1,2,3187,16684,0,18.84606212739253,0.0,0
Hadapsar,Kothrud,15,1,0,2598,15641,0,21.673441108545035,0.0,1
Hadapsar,Kothrud,15,1,1,2970,18111,0,21.952727272727277,0.0,0
Hadapsar,Kothrud,15,1,2,3147,16868,0,19.296091515729263,0.0,0
Hadapsar,Kothrud,17,1,0,3011,15454,0,18.477050813683164,0.0,1
Hadapsar,Kothrud,17,1,1,3468,16684,0,17.319031141868514,0.0,0
Hadapsar,Kothrud,17,1,2,3489,18181,0,18.759415305245057,0.0,0
Hadapsar,Kothrud,19,1,0,2977,15506,0,18.750957339603627,0.0,1
Hadapsar,Kothrud,19,1,1,3259,16684,0,18.429702362687944,0.0,0
Hadapsar,Kothrud,19,1,2,3308,16861,0,18.34933494558646,0.0,0
Hadapsar,Kothrud,21,1,0,2094,15419,0,26.508309455587398,0.0,1
Hadapsar,Kothrud,21,1,1,2264,16861,0,26.81077738515901,0.0,0
Hadapsar,Kothrud,21,1,2,2374,16684,0,25.300084245998317,0.0,0
Hadapsar,Kothrud,23,1,0,1816,15438,0,30.60396475770925,0.0,1
Hadapsar,Kothrud,23,1,1,1978,16861,0,30.687360970677457,0.0,0
Hadapsar,Kothrud,23,1,2,2124,16684,0,28.27796610169492,0.0,0
Hadapsar,Kothrud,7,2,0,2020,15419,0,27.47940594059406,0.0,1
Hadapsar,Kothrud,7,2,1,2185,16861,0,27.78013729977117,0.0,0
Hadapsar,Kothrud,7,2,2,2318,16684,0,25.911302847282144,0.0,0
Hadapsar,Kothrud,9,2,0,2606,15506,0,21.42041442824252,0.0,1
Hadapsar,Kothrud,9,2,1,2727,18111,0,23.90891089108911,0.0,0
Hadapsar,Kothrud,9,2,2,2839,16684,0,21.15618175413878,0.0,0
Hadapsar,Kothrud,11,2,0,2899,15641,0,19.42311141773025,0.0,1
Hadapsar,Kothrud,11,2,1,3046,18111,0,21.404990151017728,0.0,0
Hadapsar,Kothrud,11,2,2,3258,16684,0,18.4353591160221,0.0,0
Hadapsar,Kothrud,13,2,0,2782,15641,0,20.23997124370956,0.0,1
Hadapsar,Kothrud,13,2,1,3065,18111,0,21.27230016313214,0.0,0
Hadapsar,Kothrud,13,2,2,3223,16684,0,18.63555693453305,0.0,0
Hadapsar,Kothrud,15,2,0,2616,15641,0,21.524311926605503,0.0,1
Hadapsar,Kothrud,15,2,1,3063,18111,0,21.28619000979432,0.0,0
Hadapsar,Kothrud,15,2,2,3163,16868,0,19.198482453367056,0.0,0
Hadapsar,Kothrud,17,2,0,3025,15454,0,18.391537190082644,0.0,1
Hadapsar,Kothrud,17,2,1,3466,16684,0,17.32902481246394,0.0,0
Hadapsar,Kothrud,17,2,2,3555,18181,0,18.41113924050633,0.0,0
Hadapsar,Kothrud,19,2,0,3007,15506,0,18.56388427003658,0.0,1
Hadapsar,Kothrud,19,2,1,3267,16684,0,18.384573002754824,0.0,0
Hadapsar,Kothrud,19,2,2,3363,18181,0,19.46226583407672,0.0,0
Hadapsar,Kothrud,21,2,0,2111,15438,0,26.32723827569873,0.0,1
Hadapsar,Kothrud,21,2,1,2278,16861,0,26.646005267778754,0.0,0
Hadapsar,Kothrud,21,2,2,2378,16684,0,25.25752733389403,0.0,0
Hadapsar,Kothrud,23,2,0,1816,15438,0,30.60396475770925,0.0,1
Hadapsar,Kothrud,23,2,1,1978,16861,0,30.687360970677457,0.0,0
Hadapsar,Kothrud,23,2,2,2124,16684,0,28.27796610169492,0.0,0
Hadapsar,Kothrud,7,3,0,1971,15419,0,28.16255707762557,0.0,1
Hadapsar,Kothrud,7,3,1,2105,16861,0,28.835914489311165,0.0,0
Hadapsar,Kothrud,7,3,2,2289,16684,0,26.239580602883358,0.0,0
Hadapsar,Kothrud,9,3,0,2422,15438,0,22.94665565648225,0.0,1
Hadapsar,Kothrud,9,3,1,2453,16861,0,24.74504688136975,0.0,0
Hadapsar,Kothrud,9,3,2,2639,16684,0,22.75953012504737,0.0,0
Hadapsar,Kothrud,11,3,0,2792,15641,0,20.16747851002865,0.0,1
Hadapsar,Kothrud,11,3,1,2863,18111,0,22.7731749912679,0.0,0
Hadapsar,Kothrud,11,3,2,2967,16684,0,20.24347826086957,0.0,0
Hadapsar,Kothrud,13,3,0,2844,15641,0,19.798734177215188,0.0,1
Hadapsar,Kothrud,13,3,1,3010,18111,0,21.660996677740865,0.0,0
Hadapsar,Kothrud,13,3,2,3072,16868,0,19.7671875,0.0,0
Hadapsar,Kothrud,15,3,0,2808,15641,0,20.0525641025641,0.0,1
Hadapsar,Kothrud,15,3,1,3086,18111,0,21.12754374594945,0.0,0
Hadapsar,Kothrud,15,3,2,3095,16868,0,19.620290791599352,0.0,0
Hadapsar,Kothrud,17,3,0,3024,15454,0,18.39761904761905,0.0,1
Hadapsar,Kothrud,17,3,1,3219,18111,0,20.25461323392358,0.0,0
Hadapsar,Kothrud,17,3,2,3276,16684,0,18.334065934065933,0.0,0
Hadapsar,Kothrud,19,3,0,2850,15419,0,19.47663157894737,0.0,1
Hadapsar,Kothrud,19,3,1,2980,18111,0,21.87906040268457,0.0,0
Hadapsar,Kothrud,19,3,2,3010,16684,0,19.954285714285717,0.0,0
Hadapsar,Kothrud,21,3,0,2100,15419,0,26.43257142857143,0.0,1
Hadapsar,Kothrud,21,3,1,2256,16861,0,26.905851063829783,0.0,0
Hadapsar,Kothrud,21,3,2,2360,16684,0,25.450169491525426,0.0,0
Hadapsar,Kothrud,23,3,0,1816,15438,0,30.60396475770925,0.0,1
Hadapsar,Kothrud,23,3,1,1978,16861,0,30.687360970677457,0.0,0
Hadapsar,Kothrud,23,3,2,2124,16684,0,28.27796610169492,0.0,0
Hadapsar,Kothrud,7,4,0,1915,15419,0,28.986109660574414,0.0,1
Hadapsar,Kothrud,7,4,1,2067,16861,0,29.36603773584905,0.0,0
Hadapsar,Kothrud,7,4,2,2225,16684,0,26.99433707865169,0.0,0
Hadapsar,Kothrud,9,4,0,2155,15419,0,25.757958236658933,0.0,1
Hadapsar,Kothrud,9,4,1,2244,16861,0,27.049732620320857,0.0,0
Hadapsar,Kothrud,9,4,2,2437,16684,0,24.646040213377105,0.0,0
Hadapsar,Kothrud,11,4,0,2369,15506,0,23.563360067539048,0.0,1
Hadapsar,Kothrud,11,4,1,2489,16861,0,24.387143431096824,0.0,0
Hadapsar,Kothrud,11,4,2,2717,16684,0,22.106146485093856,0.0,0
Hadapsar,Kothrud,13,4,0,2452,15506,0,22.765742251223493,0.0,1
Hadapsar,Kothrud,13,4,1,2627,16861,0,23.106052531404643,0.0,0
Hadapsar,Kothrud,13,4,2,2850,16684,0,21.07452631578948,0.0,0
Hadapsar,Kothrud,15,4,0,2466,15641,0,22.833576642335764,0.0,1
Hadapsar,Kothrud,15,4,1,2710,18111,0,24.05889298892989,0.0,0
Hadapsar,Kothrud,15,4,2,2923,16868,0,20.774820390010262,0.0,0
Hadapsar,Kothrud,17,4,0,2627,15506,0,21.24918157594214,0.0,1
Hadapsar,Kothrud,17,4,1,2832,18111,0,23.022457627118648,0.0,0
Hadapsar,Kothrud,17,4,2,3032,16684,0,19.809498680738788,0.0,0
Hadapsar,Kothrud,19,4,0,2565,15506,0,21.76280701754386,0.0,1
Hadapsar,Kothrud,19,4,1,2707,18111,0,24.08555596601404,0.0,0
Hadapsar,Kothrud,19,4,2,2858,16684,0,21.015535339398184,0.0,0
Hadapsar,Kothrud,21,4,0,2035,15419,0,27.27685503685504,0.0,1
Hadapsar,Kothrud,21,4,1,2175,16861,0,27.90786206896552,0.0,0
Hadapsar,Kothrud,21,4,2,2328,16684,0,25.800000000000004,0.0,0
Hadapsar,Kothrud,23,4,0,1816,15438,0,30.60396475770925,0.0,1
Hadapsar,Kothrud,23,4,1,1978,16861,0,30.687360970677457,0.0,0
Hadapsar,Kothrud,23,4,2,2124,16684,0,28.27796610169492,0.0,0
Hadapsar,Kothrud,7,5,0,2034,15419,0,27.290265486725666,0.0,1
Hadapsar,Kothrud,7,5,1,2191,16861,0,27.704062072113192,0.0,0
Hadapsar,Kothrud,7,5,2,2327,16684,0,25.81108723678556,0.0,0
Hadapsar,Kothrud,9,5,0,2649,15506,0,21.072706681766704,0.0,1
Hadapsar,Kothrud,9,5,1,2777,18112,0,23.479726323370546,0.0,0
Hadapsar,Kothrud,9,5,2,2865,16684,0,20.9641884816754,0.0,0
Hadapsar,Kothrud,11,5,0,2910,15641,0,19.349690721649484,0.0,1
Hadapsar,Kothrud,11,5,1,3073,18111,0,21.216921575008136,0.0,0
Hadapsar,Kothrud,11,5,2,3276,16684,0,18.334065934065933,0.0,0
Hadapsar,Kothrud,13,5,0,2729,15641,0,20.63305240014657,0.0,1
Hadapsar,Kothrud,13,5,1,2954,18111,0,22.07163168584969,0.0,0
Hadapsar,Kothrud,13,5,2,3204,16684,0,18.746067415730337,0.0,0
Hadapsar,Kothrud,15,5,0,2577,15641,0,21.850058207217696,0.0,1
Hadapsar,Kothrud,15,5,1,2911,18111,0,22.39766403297836,0.0,0
Hadapsar,Kothrud,15,5,2,3159,16868,0,19.22279202279202,0.0,0
Hadapsar,Kothrud,17,5,0,2995,15506,0,18.638263772954925,0.0,1
Hadapsar,Kothrud,17,5,1,3444,18181,0,19.00452961672474,0.0,0
Hadapsar,Kothrud,17,5,2,3578,17090,0,17.195081050866406,0.0,0
Hadapsar,Kothrud,19,5,0,2982,15506,0,18.719517102615693,0.0,1
Hadapsar,Kothrud,19,5,1,3272,16684,0,18.35647921760392,0.0,0
Hadapsar,Kothrud,19,5,2,3324,16861,0,18.26101083032491,0.0,0
Hadapsar,Kothrud,21,5,0,2087,15419,0,26.597220891231437,0.0,1
Hadapsar,Kothrud,21,5,1,2256,16861,0,26.905851063829783,0.0,0
Hadapsar,Kothrud,21,5,2,2381,16684,0,25.22570348593028,0.0,0
Hadapsar,Kothrud,23,5,0,1816,15438,0,30.60396475770925,0.0,1
Hadapsar,Kothrud,23,5,1,1978,16861,0,30.687360970677457,0.0,0
Hadapsar,Kothrud,23,5,2,2124,16684,0,28.27796610169492,0.0,0
Hadapsar,Kothrud,7,6,0,2050,15419,0,27.07726829268293,0.0,1
Hadapsar,Kothrud,7,6,1,2226,16861,0,27.26846361185984,0.0,0
Hadapsar,Kothrud,7,6,2,2358,16684,0,25.47175572519084,0.0,0
Hadapsar,Kothrud,9,6,0,2719,15506,0,20.530194924604636,0.0,1
Hadapsar,Kothrud,9,6,1,2940,16861,0,20.646122448979597,0.0,0
Hadapsar,Kothrud,9,6,2,2964,16684,0,20.26396761133603,0.0,0
Hadapsar,Kothrud,11,6,0,3015,15641,0,18.67582089552239,0.0,1
Hadapsar,Kothrud,11,6,1,3281,18111,0,19.87186833282536,0.0,0
Hadapsar,Kothrud,11,6,2,3382,16684,0,17.759432288586638,0.0,0
Hadapsar,Kothrud,13,6,0,2791,15641,0,20.17470440702257,0.0,1
Hadapsar,Kothrud,13,6,1,3092,18111,0,21.08654592496766,0.0,0
Hadapsar,Kothrud,13,6,2,3238,16684,0,18.54922791846819,0.0,0
Hadapsar,Kothrud,15,6,0,2646,15641,0,21.280272108843537,0.0,1
Hadapsar,Kothrud,15,6,1,3051,18111,0,21.369911504424778,0.0,0
Hadapsar,Kothrud,15,6,2,3193,16684,0,18.81064829314125,0.0,0
Hadapsar,Kothrud,17,6,0,3104,15454,0,17.923453608247424,0.0,1
Hadapsar,Kothrud,17,6,1,3544,16684,0,16.94762979683973,0.0,0
Hadapsar,Kothrud,17,6,2,3680,17307,0,16.930760869565216,0.0,0
Hadapsar,Kothrud,19,6,0,3041,15506,0,18.35633015455442,0.0,1
Hadapsar,Kothrud,19,6,1,3303,16684,0,18.184196185286105,0.0,0
Hadapsar,Kothrud,19,6,2,3412,16861,0,17.790035169988275,0.0,0
Hadapsar,Kothrud,21,6,0,2096,15419,0,26.48301526717557,0.0,1
Hadapsar,Kothrud,21,6,1,2273,16861,0,26.70461944566652,0.0,0
Hadapsar,Kothrud,21,6,2,2373,16684,0,25.310745891276863,0.0,0
Hadapsar,Kothrud,23,6,0,1816,15438,0,30.60396475770925,0.0,1
Hadapsar,Kothrud,23,6,1,1978,16861,0,30.687360970677457,0.0,0
Hadapsar,Kothrud,23,6,2,2124,16684,0,28.27796610169492,0.0,0
Hadapsar,University,7,0,0,2103,15202,0,26.023395149786023,0.0,1
Hadapsar,University,7,0,1,2195,15335,0,25.150797266514804,0.0,0
Hadapsar,University,7,0,2,2318,16449,0,25.54633304572908,0.0,0
Hadapsar,University,9,0,0,2680,15839,0,21.276268656716415,0.0,1
Hadapsar,University,9,0,1,2768,15504,0,20.164161849710982,0.0,0
Hadapsar,University,9,0,2,2794,15443,0,19.897924123120973,0.0,0
Hadapsar,University,11,0,0,2854,15839,0,19.979117028731604,0.0,1
Hadapsar,University,11,0,1,3037,15629,0,18.52630885742509,0.0,0
Hadapsar,University,11,0,2,3145,15550,0,17.799682034976154,0.0,0
Hadapsar,University,13,0,0,2698,16453,0,21.953595255744997,0.0,1
Hadapsar,University,13,0,1,2908,15545,0,19.244154057771663,0.0,0
Hadapsar,University,13,0,2,2835,16553,0,21.01968253968254,0.0,0
Hadapsar,University,15,0,0,2647,16453,0,22.37657725727238,0.0,1
Hadapsar,University,15,0,1,2851,15545,0,19.62890213960014,0.0,0
Hadapsar,University,15,0,2,2746,16553,0,21.70094683175528,0.0,0
Hadapsar,University,17,0,0,3072,15839,0,18.561328125,0.0,1
Hadapsar,University,17,0,1,3259,15504,0,17.12623504142375,0.0,0
Hadapsar,University,17,0,2,3433,17202,0,18.03879988348384,0.0,0
Hadapsar,University,19,0,0,3000,15839,0,19.0068,0.0,1
Hadapsar,University,19,0,1,3070,15504,0,18.180586319218243,0.0,0
Hadapsar,University,19,0,2,3081,15443,0,18.0444011684518,0.0,0
Hadapsar,University,21,0,0,2121,15202,0,25.802545968882605,0.0,1
Hadapsar,University,21,0,1,2222,15335,0,24.845184518451845,0.0,0
Hadapsar,University,21,0,2,2339,16449,0,25.31697306541257,0.0,0
Hadapsar,University,23,0,0,1865,15202,0,29.34434316353887,0.0,1
Hadapsar,University,23,0,1,1971,15335,0,28.009132420091326,0.0,0
Hadapsar,University,23,0,2,2087,16449,0,28.373933876377578,0.0,0
Hadapsar,University,7,1,0,2055,15202,0,26.63124087591241,0.0,1
Hadapsar,University,7,1,1,2169,15335,0,25.452282157676347,0.0,0
Hadapsar,University,7,1,2,2282,16449,0,25.949342681858024,0.0,0
Hadapsar,University,9,1,0,2569,16453,0,23.05597508758272,0.0,1
Hadapsar,University,9,1,1,2718,15504,0,20.535099337748346,0.0,0
Hadapsar,University,9,1,2,2863,16803,0,21.12846664338107,0.0,0
Hadapsar,University,11,1,0,2716,15839,0,20.99425625920471,0.0,1
Hadapsar,University,11,1,1,2999,15629,0,18.76105368456152,0.0,0
Hadapsar,University,11,1,2,3064,15550,0,18.27023498694517,0.0,0
Hadapsar,University,13,1,0,2640,16453,0,22.43590909090909,0.0,1
Hadapsar,University,13,1,1,2891,15545,0,19.357315807679004,0.0,0
Hadapsar,University,13,1,2,2742,16553,0,21.73260393873085,0.0,0
Hadapsar,University,15,1,0,2571,15839,0,22.17829638273046,0.0,1
Hadapsar,University,15,1,1,2806,15713,0,20.15923022095509,0.0,0
Hadapsar,University,15,1,2,2777,16449,0,21.32387468491177,0.0,0
Hadapsar,University,17,1,0,2910,15839,0,19.594639175257733,0.0,1
Hadapsar,University,17,1,1,3225,15504,0,17.30679069767442,0.0,0
Hadapsar,University,17,1,2,3285,17202,0,18.851506849315072,0.0,0
Hadapsar,University,19,1,0,2886,15839,0,19.75758835758836,0.0,1
Hadapsar,University,19,1,1,3029,15504,0,18.42667547045229,0.0,0
Hadapsar,University,19,1,2,3065,15443,0,18.13859706362153,0.0,0
Hadapsar,University,21,1,0,2114,15202,0,25.8879848628193,0.0,1
Hadapsar,University,21,1,1,2224,15335,0,24.82284172661871,0.0,0
Hadapsar,University,21,1,2,2320,16449,0,25.524310344827587,0.0,0
Hadapsar,University,23,1,0,1865,15202,0,29.34434316353887,0.0,1
Hadapsar,University,23,1,1,1971,15335,0,28.009132420091326,0.0,0
Hadapsar,University,23,1,2,2087,16449,0,28.373933876377578,0.0,0
Hadapsar,University,7,2,0,2062,15202,0,26.540834141610084,0.0,1
Hadapsar,University,7,2,1,2165,15335,0,25.49930715935335,0.0,0
Hadapsar,University,7,2,2,2268,16449,0,26.10952380952381,0.0,0
Hadapsar,University,9,2,0,2533,16453,0,23.383655744176867,0.0,1
Hadapsar,University,9,2,1,2708,15545,0,20.665435745937963,0.0,0
Hadapsar,University,9,2,2,2649,16553,0,22.495583238958098,0.0,0
Hadapsar,University,11,2,0,2652,15839,0,21.50090497737557,0.0,1
Hadapsar,University,11,2,1,2984,15629,0,18.855361930294904,0.0,0
Hadapsar,University,11,2,2,2876,16449,0,20.589847009735745,0.0,0
Hadapsar,University,13,2,0,2637,16453,0,22.46143344709897,0.0,1
Hadapsar,University,13,2,1,2892,15545,0,19.350622406639005,0.0,0
Hadapsar,University,13,2,2,2753,16553,0,21.645768252815117,0.0,0
Hadapsar,University,15,2,0,2617,15839,0,21.78846006878105,0.0,1
Hadapsar,University,15,2,1,2820,15713,0,20.05914893617021,0.0,0
Hadapsar,University,15,2,2,2799,16449,0,21.156270096463025,0.0,0
Hadapsar,University,17,2,0,2957,15839,0,19.28319242475482,0.0,1
Hadapsar,University,17,2,1,3245,15504,0,17.200123266563942,0.0,0
Hadapsar,University,17,2,2,3426,17005,0,17.86865148861646,0.0,0
Hadapsar,University,19,2,0,2907,15839,0,19.614860681114557,0.0,1
Hadapsar,University,19,2,1,3075,15504,0,18.151024390243904,0.0,0
Hadapsar,University,19,2,2,3182,17005,0,19.23884349465745,0.0,0
Hadapsar,University,21,2,0,2120,15202,0,25.81471698113208,0.0,1
Hadapsar,University,21,2,1,2233,15335,0,24.72279444693238,0.0,0
Hadapsar,University,21,2,2,2326,16449,0,25.45846947549441,0.0,0
Hadapsar,University,23,2,0,1865,15202,0,29.34434316353887,0.0,1
Hadapsar,University,23,2,1,1971,15335,0,28.009132420091326,0.0,0
Hadapsar,University,23,2,2,2087,16449,0,28.373933876377578,0.0,0
Hadapsar,University,7,3,0,1954,15202,0,28.007778915046057,0.0,1
Hadapsar,University,7,3,1,2105,15335,0,26.226128266033253,0.0,0
Hadapsar,University,7,3,2,2202,16449,0,26.892098092643053,0.0,0
Hadapsar,University,9,3,0,2179,15202,0,25.11574116567233,0.0,1
Hadapsar,University,9,3,1,2382,15504,0,23.431738035264484,0.0,0
Hadapsar,University,9,3,2,2346,16553,0,25.401023017902816,0.0,0
Hadapsar,University,11,3,0,2414,15839,0,23.620712510356256,0.0,1
Hadapsar,University,11,3,1,2659,15671,0,21.21684843926288,0.0,0
Hadapsar,University,11,3,2,2536,16449,0,23.35031545741325,0.0,0
Hadapsar,University,13,3,0,2507,15839,0,22.74447546868768,0.0,1
Hadapsar,University,13,3,1,2792,15671,0,20.20616045845272,0.0,0
Hadapsar,University,13,3,2,2652,16449,0,22.3289592760181,0.0,0
Hadapsar,University,15,3,0,2568,15839,0,22.204205607476634,0.0,1
Hadapsar,University,15,3,1,2919,15504,0,19.12106885919836,0.0,0
Hadapsar,University,15,3,2,2860,15443,0,19.43874125874126,0.0,0
Hadapsar,University,17,3,0,2648,15839,0,21.533383685800604,0.0,1
Hadapsar,University,17,3,1,2940,15443,0,18.909795918367347,0.0,0
Hadapsar,University,17,3,2,3036,15504,0,18.384189723320155,0.0,0
Hadapsar,University,19,3,0,2574,15839,0,22.152447552447555,0.0,1
Hadapsar,University,19,3,1,2774,15504,0,20.12054794520548,0.0,0
Hadapsar,University,19,3,2,2710,15443,0,20.514686346863467,0.0,0
Hadapsar,University,21,3,0,2097,15202,0,26.097854077253217,0.0,1
Hadapsar,University,21,3,1,2209,15335,0,24.991398822996832,0.0,0
Hadapsar,University,21,3,2,2289,16449,0,25.869986893840107,0.0,0
Hadapsar,University,23,3,0,1865,15202,0,29.34434316353887,0.0,1
Hadapsar,University,23,3,1,1971,15335,0,28.009132420091326,0.0,0
Hadapsar,University,23,3,2,2087,16449,0,28.373933876377578,0.0,0
Hadapsar,University,7,4,0,1932,15202,0,28.326708074534164,0.0,1
Hadapsar,University,7,4,1,2062,15335,0,26.773035887487875,0.0,0
Hadapsar,University,7,4,2,2153,16449,0,27.504133766836976,0.0,0
Hadapsar,University,9,4,0,2024,15202,0,27.03913043478261,0.0,1
Hadapsar,University,9,4,1,2215,15335,0,24.92370203160271,0.0,0
Hadapsar,University,9,4,2,2247,16449,0,26.353538050734315,0.0,0
Hadapsar,University,11,4,0,2176,15202,0,25.15036764705882,0.0,1
Hadapsar,University,11,4,1,2399,15335,0,23.01208837015423,0.0,0
Hadapsar,University,11,4,2,2370,16553,0,25.143797468354432,0.0,0
Hadapsar,University,13,4,0,2271,15202,0,24.098282694848084,0.0,1
Hadapsar,University,13,4,1,2489,15335,0,22.17999196464444,0.0,0
Hadapsar,University,13,4,2,2428,16553,0,24.543163097199344,0.0,0
Hadapsar,University,15,4,0,2357,16453,0,25.129741196436147,0.0,1
Hadapsar,University,15,4,1,2559,15545,0,21.868698710433765,0.0,0
Hadapsar,University,15,4,2,2475,16553,0,24.07709090909091,0.0,0
Hadapsar,University,17,4,0,2453,16453,0,24.14626987362413,0.0,1
Hadapsar,University,17,4,1,2696,15545,0,20.75741839762611,0.0,0
Hadapsar,University,17,4,2,2544,16553,0,23.424056603773582,0.0,0
Hadapsar,University,19,4,0,2389,16453,0,24.79313520301381,0.0,1
Hadapsar,University,19,4,1,2599,15504,0,21.475336667949207,0.0,0
Hadapsar,University,19,4,2,2505,16553,0,23.78874251497006,0.0,0
Hadapsar,University,21,4,0,2017,15202,0,27.13296975706495,0.0,1
Hadapsar,University,21,4,1,2162,15335,0,25.53469010175764,0.0,0
Hadapsar,University,21,4,2,2236,16449,0,26.48318425760287,0.0,0
Hadapsar,University,23,4,0,1865,15202,0,29.34434316353887,0.0,1
Hadapsar,University,23,4,1,1971,15335,0,28.009132420091326,0.0,0
Hadapsar,University,23,4,2,2087,16449,0,28.373933876377578,0.0,0
Hadapsar,University,7,5,0,2066,15202,0,26.48944820909971,0.0,1
Hadapsar,University,7,5,1,2189,15335,0,25.21973503883052,0.0,0
Hadapsar,University,7,5,2,2287,16449,0,25.892610406646263,0.0,0
Hadapsar,University,9,5,0,2552,15839,0,22.343416927899685,0.0,1
Hadapsar,University,9,5,1,2739,15629,0,20.54194961664841,0.0,0
Hadapsar,University,9,5,2,2761,15550,0,20.27526258601956,0.0,0
Hadapsar,University,11,5,0,2711,15839,0,21.03297676134268,0.0,1
Hadapsar,University,11,5,1,2999,15629,0,18.76105368456152,0.0,0
Hadapsar,University,11,5,2,3065,16141,0,18.9584339314845,0.0,0
Hadapsar,University,13,5,0,2598,16453,0,22.798614318706697,0.0,1
Hadapsar,University,13,5,1,2888,15545,0,19.37742382271468,0.0,0
Hadapsar,University,13,5,2,2715,16553,0,21.94872928176796,0.0,0
Hadapsar,University,15,5,0,2556,16453,0,23.17323943661972,0.0,1
Hadapsar,University,15,5,1,2628,16553,0,22.675342465753427,0.0,0
Hadapsar,University,15,5,2,2838,15545,0,19.718816067653275,0.0,0
Hadapsar,University,17,5,0,2862,15839,0,19.92327044025157,0.0,1
Hadapsar,University,17,5,1,3204,15504,0,17.420224719101125,0.0,0
Hadapsar,University,17,5,2,3428,17005,0,17.858226371061843,0.0,0
Hadapsar,University,19,5,0,2858,15839,0,19.95115465360392,0.0,1
Hadapsar,University,19,5,1,3028,15504,0,18.43276089828269,0.0,0
Hadapsar,University,19,5,2,3030,15443,0,18.348118811881186,0.0,0
Hadapsar,University,21,5,0,2100,15202,0,26.06057142857143,0.0,1
Hadapsar,University,21,5,1,2212,15335,0,24.95750452079566,0.0,0
Hadapsar,University,21,5,2,2312,16449,0,25.61262975778547,0.0,0
Hadapsar,University,23,5,0,1865,15202,0,29.34434316353887,0.0,1
Hadapsar,University,23,5,1,1971,15335,0,28.009132420091326,0.0,0
Hadapsar,University,23,5,2,2087,16449,0,28.373933876377578,0.0,0
Hadapsar,University,7,6,0,2101,15202,0,26.048167539267016,0.0,1
Hadapsar,University,7,6,1,2211,15335,0,24.968792401628225,0.0,0
Hadapsar,University,7,6,2,2337,16449,0,25.33863928112965,0.0,0
Hadapsar,University,9,6,0,2691,15839,0,21.18929765886288,0.0,1
Hadapsar,University,9,6,1,2828,15629,0,19.895473833097597,0.0,0
Hadapsar,University,9,6,2,2866,15550,0,19.5324494068388,0.0,0
Hadapsar,University,11,6,0,2863,15839,0,19.916311561299334,0.0,1
Hadapsar,University,11,6,1,3092,15629,0,18.196765847347997,0.0,0
Hadapsar,University,11,6,2,3164,15550,0,17.692793931731984,0.0,0
Hadapsar,University,13,6,0,2710,16453,0,21.85638376383764,0.0,1
Hadapsar,University,13,6,1,2917,15545,0,19.18477888241344,0.0,0
Hadapsar,University,13,6,2,2848,16553,0,20.92373595505618,0.0,0
Hadapsar,University,15,6,0,2657,15839,0,21.460444109898383,0.0,1
Hadapsar,University,15,6,1,2860,15713,0,19.7786013986014,0.0,0
Hadapsar,University,15,6,2,2866,16449,0,20.661688764829037,0.0,0
Hadapsar,University,17,6,0,3075,15839,0,18.54321951219512,0.0,1
Hadapsar,University,17,6,1,3351,15504,0,16.65604297224709,0.0,0
Hadapsar,University,17,6,2,3390,17202,0,18.26761061946903,0.0,0
Hadapsar,University,19,6,0,2992,15839,0,19.057620320855616,0.0,1
Hadapsar,University,19,6,1,3085,15504,0,18.09218800648298,0.0,0
Hadapsar,University,19,6,2,3114,15443,0,17.853179190751444,0.0,0
Hadapsar,University,21,6,0,2116,15202,0,25.86351606805293,0.0,1
Hadapsar,University,21,6,1,2209,15335,0,24.991398822996832,0.0,0
Hadapsar,University,21,6,2,2334,16449,0,25.37120822622108,0.0,0
Hadapsar,University,23,6,0,1865,15202,0,29.34434316353887,0.0,1
Hadapsar,University,23,6,1,1971,15335,0,28.009132420091326,0.0,0
Hadapsar,University,23,6,2,2087,16449,0,28.373933876377578,0.0,0
Hadapsar,University,7,0,0,2103,15202,0,26.023395149786023,0.0,1
Hadapsar,University,7,0,1,2195,15335,0,25.150797266514804,0.0,0
Hadapsar,University,7,0,2,2318,16449,0,25.54633304572908,0.0,0
Hadapsar,University,9,0,0,2680,15839,0,21.276268656716415,0.0,1
Hadapsar,University,9,0,1,2768,15504,0,20.164161849710982,0.0,0
Hadapsar,University,9,0,2,2794,15443,0,19.897924123120973,0.0,0
Hadapsar,University,11,0,0,2854,15839,0,19.979117028731604,0.0,1
Hadapsar,University,11,0,1,3037,15629,0,18.52630885742509,0.0,0
Hadapsar,University,11,0,2,3145,15550,0,17.799682034976154,0.0,0
Hadapsar,University,13,0,0,2698,16453,0,21.953595255744997,0.0,1
Hadapsar,University,13,0,1,2908,15545,0,19.244154057771663,0.0,0
Hadapsar,University,13,0,2,2835,16553,0,21.01968253968254,0.0,0
Hadapsar,University,15,0,0,2647,16453,0,22.37657725727238,0.0,1
Hadapsar,University,15,0,1,2851,15545,0,19.62890213960014,0.0,0
Hadapsar,University,15,0,2,2746,16553,0,21.70094683175528,0.0,0
Hadapsar,University,17,0,0,3072,15839,0,18.561328125,0.0,1
Hadapsar,University,17,0,1,3259,15504,0,17.12623504142375,0.0,0
Hadapsar,University,17,0,2,3433,17202,0,18.03879988348384,0.0,0
Hadapsar,University,19,0,0,3000,15839,0,19.0068,0.0,1
Hadapsar,University,19,0,1,3070,15504,0,18.180586319218243,0.0,0
Hadapsar,University,19,0,2,3081,15443,0,18.0444011684518,0.0,0
Hadapsar,University,21,0,0,2121,15202,0,25.802545968882605,0.0,1
Hadapsar,University,21,0,1,2222,15335,0,24.845184518451845,0.0,0
Hadapsar,University,21,0,2,2339,16449,0,25.31697306541257,0.0,0
Hadapsar,University,23,0,0,1865,15202,0,29.34434316353887,0.0,1
Hadapsar,University,23,0,1,1971,15335,0,28.009132420091326,0.0,0
Hadapsar,University,23,0,2,2087,16449,0,28.373933876377578,0.0,0
Hadapsar,University,7,1,0,2055,15202,0,26.63124087591241,0.0,1
Hadapsar,University,7,1,1,2169,15335,0,25.452282157676347,0.0,0
Hadapsar,University,7,1,2,2282,16449,0,25.949342681858024,0.0,0
Hadapsar,University,9,1,0,2569,16453,0,23.05597508758272,0.0,1
Hadapsar,University,9,1,1,2718,15504,0,20.535099337748346,0.0,0
Hadapsar,University,9,1,2,2863,16803,0,21.12846664338107,0.0,0
Hadapsar,University,11,1,0,2716,15839,0,20.99425625920471,0.0,1
Hadapsar,University,11,1,1,2999,15629,0,18.76105368456152,0.0,0
Hadapsar,University,11,1,2,3064,15550,0,18.27023498694517,0.0,0
Hadapsar,University,13,1,0,2640,16453,0,22.43590909090909,0.0,1
Hadapsar,University,13,1,1,2891,15545,0,19.357315807679004,0.0,0
Hadapsar,University,13,1,2,2742,16553,0,21.73260393873085,0.0,0
Hadapsar,University,15,1,0,2571,15839,0,22.17829638273046,0.0,1
Hadapsar,University,15,1,1,2806,15713,0,20.15923022095509,0.0,0
Hadapsar,University,15,1,2,2777,16449,0,21.32387468491177,0.0,0
Hadapsar,University,17,1,0,2910,15839,0,19.594639175257733,0.0,1
Hadapsar,University,17,1,1,3225,15504,0,17.30679069767442,0.0,0
Hadapsar,University,17,1,2,3285,17202,0,18.851506849315072,0.0,0
Hadapsar,University,19,1,0,2886,15839,0,19.75758835758836,0.0,1
Hadapsar,University,19,1,1,3029,15504,0,18.42667547045229,0.0,0
Hadapsar,University,19,1,2,3065,15443,0,18.13859706362153,0.0,0
Hadapsar,University,21,1,0,2114,15202,0,25.8879848628193,0.0,1
Hadapsar,University,21,1,1,2224,15335,0,24.82284172661871,0.0,0
Hadapsar,University,21,1,2,2320,16449,0,25.524310344827587,0.0,0
Hadapsar,University,23,1,0,1865,15202,0,29.34434316353887,0.0,1
Hadapsar,University,23,1,1,1971,15335,0,28.009132420091326,0.0,0
Hadapsar,University,23,1,2,2087,16449,0,28.373933876377578,0.0,0
Hadapsar,University,7,2,0,2062,15202,0,26.540834141610084,0.0,1
Hadapsar,University,7,2,1,2165,15335,0,25.49930715935335,0.0,0
Hadapsar,University,7,2,2,2268,16449,0,26.10952380952381,0.0,0
Hadapsar,University,9,2,0,2533,16453,0,23.383655744176867,0.0,1
Hadapsar,University,9,2,1,2708,15545,0,20.665435745937963,0.0,0
Hadapsar,University,9,2,2,2649,16553,0,22.495583238958098,0.0,0
Hadapsar,University,11,2,0,2652,15839,0,21.50090497737557,0.0,1
Hadapsar,University,11,2,1,2984,15629,0,18.855361930294904,0.0,0
Hadapsar,University,11,2,2,2876,16449,0,20.589847009735745,0.0,0
Hadapsar,University,13,2,0,2637,16453,0,22.46143344709897,0.0,1
Hadapsar,University,13,2,1,2892,15545,0,19.350622406639005,0.0,0
Hadapsar,University,13,2,2,2753,16553,0,21.645768252815117,0.0,0
Hadapsar,University,15,2,0,2617,15839,0,21.78846006878105,0.0,1
Hadapsar,University,15,2,1,2820,15713,0,20.05914893617021,0.0,0
Hadapsar,University,15,2,2,2799,16449,0,21.156270096463025,0.0,0
Hadapsar,University,17,2,0,2957,15839,0,19.28319242475482,0.0,1
Hadapsar,University,17,2,1,3245,15504,0,17.200123266563942,0.0,0
Hadapsar,University,17,2,2,3426,17005,0,17.86865148861646,0.0,0
Hadapsar,University,19,2,0,2907,15839,0,19.614860681114557,0.0,1
Hadapsar,University,19,2,1,3075,15504,0,18.151024390243904,0.0,0
Hadapsar,University,19,2,2,3182,17005,0,19.23884349465745,0.0,0
Hadapsar,University,21,2,0,2120,15202,0,25.81471698113208,0.0,1
Hadapsar,University,21,2,1,2233,15335,0,24.72279444693238,0.0,0
Hadapsar,University,21,2,2,2326,16449,0,25.45846947549441,0.0,0
Hadapsar,University,23,2,0,1865,15202,0,29.34434316353887,0.0,1
Hadapsar,University,23,2,1,1971,15335,0,28.009132420091326,0.0,0
Hadapsar,University,23,2,2,2087,16449,0,28.373933876377578,0.0,0
Hadapsar,University,7,3,0,1954,15202,0,28.007778915046057,0.0,1
Hadapsar,University,7,3,1,2105,15335,0,26.226128266033253,0.0,0
Hadapsar,University,7,3,2,2202,16449,0,26.892098092643053,0.0,0
Hadapsar,University,9,3,0,2179,15202,0,25.11574116567233,0.0,1
Hadapsar,University,9,3,1,2382,15504,0,23.431738035264484,0.0,0
Hadapsar,University,9,3,2,2346,16553,0,25.401023017902816,0.0,0
Hadapsar,University,11,3,0,2414,15839,0,23.620712510356256,0.0,1
Hadapsar,University,11,3,1,2659,15671,0,21.21684843926288,0.0,0
Hadapsar,University,11,3,2,2536,16449,0,23.35031545741325,0.0,0
Hadapsar,University,13,3,0,2507,15839,0,22.74447546868768,0.0,1
Hadapsar,University,13,3,1,2792,15671,0,20.20616045845272,0.0,0
Hadapsar,University,13,3,2,2652,16449,0,22.3289592760181,0.0,0
Hadapsar,University,15,3,0,2568,15839,0,22.204205607476634,0.0,1
Hadapsar,University,15,3,1,2919,15504,0,19.12106885919836,0.0,0
Hadapsar,University,15,3,2,2860,15443,0,19.43874125874126,0.0,0
Hadapsar,University,17,3,0,2648,15839,0,21.533383685800604,0.0,1
Hadapsar,University,17,3,1,2940,15443,0,18.909795918367347,0.0,0
Hadapsar,University,17,3,2,3036,15504,0,18.384189723320155,0.0,0
Hadapsar,University,19,3,0,2574,15839,0,22.152447552447555,0.0,1
Hadapsar,University,19,3,1,2774,15504,0,20.12054794520548,0.0,0
Hadapsar,University,19,3,2,2710,15443,0,20.514686346863467,0.0,0
Hadapsar,University,21,3,0,2097,15202,0,26.097854077253217,0.0,1
Hadapsar,University,21,3,1,2209,15335,0,24.991398822996832,0.0,0
Hadapsar,University,21,3,2,2289,16449,0,25.869986893840107,0.0,0
Hadapsar,University,23,3,0,1865,15202,0,29.34434316353887,0.0,1
Hadapsar,University,23,3,1,1971,15335,0,28.009132420091326,0.0,0
Hadapsar,University,23,3,2,2087,16449,0,28.373933876377578,0.0,0
Hadapsar,University,7,4,0,1932,15202,0,28.326708074534164,0.0,1
Hadapsar,University,7,4,1,2062,15335,0,26.773035887487875,0.0,0
Hadapsar,University,7,4,2,2153,16449,0,27.504133766836976,0.0,0
Hadapsar,University,9,4,0,2024,15202,0,27.03913043478261,0.0,1
Hadapsar,University,9,4,1,2215,15335,0,24.92370203160271,0.0,0
Hadapsar,University,9,4,2,2247,16449,0,26.353538050734315,0.0,0
Hadapsar,University,11,4,0,2176,15202,0,25.15036764705882,0.0,1
Hadapsar,University,11,4,1,2399,15335,0,23.01208837015423,0.0,0
Hadapsar,University,11,4,2,2370,16553,0,25.143797468354432,0.0,0
Hadapsar,University,13,4,0,2271,15202,0,24.098282694848084,0.0,1
Hadapsar,University,13,4,1,2489,15335,0,22.17999196464444,0.0,0
Hadapsar,University,13,4,2,2428,16553,0,24.543163097199344,0.0,0
Hadapsar,University,15,4,0,2357,16453,0,25.129741196436147,0.0,1
Hadapsar,University,15,4,1,2559,15545,0,21.868698710433765,0.0,0
Hadapsar,University,15,4,2,2475,16553,0,24.07709090909091,0.0,0
Hadapsar,University,17,4,0,2453,16453,0,24.14626987362413,0.0,1
Hadapsar,University,17,4,1,2696,15545,0,20.75741839762611,0.0,0
Hadapsar,University,17,4,2,2544,16553,0,23.424056603773582,0.0,0
Hadapsar,University,19,4,0,2389,16453,0,24.79313520301381,0.0,1
Hadapsar,University,19,4,1,2599,15504,0,21.475336667949207,0.0,0
Hadapsar,University,19,4,2,2505,16553,0,23.78874251497006,0.0,0
Hadapsar,University,21,4,0,2017,15202,0,27.13296975706495,0.0,1
Hadapsar,University,21,4,1,2162,15335,0,25.53469010175764,0.0,0
Hadapsar,University,21,4,2,2236,16449,0,26.48318425760287,0.0,0
Hadapsar,University,23,4,0,1865,15202,0,29.34434316353887,0.0,1
Hadapsar,University,23,4,1,1971,15335,0,28.009132420091326,0.0,0
Hadapsar,University,23,4,2,2087,16449,0,28.373933876377578,0.0,0
Hadapsar,University,7,5,0,2066,15202,0,26.48944820909971,0.0,1
Hadapsar,University,7,5,1,2189,15335,0,25.21973503883052,0.0,0
Hadapsar,University,7,5,2,2287,16449,0,25.892610406646263,0.0,0
Hadapsar,University,9,5,0,2552,15839,0,22.343416927899685,0.0,1
Hadapsar,University,9,5,1,2739,15629,0,20.54194961664841,0.0,0
Hadapsar,University,9,5,2,2761,15550,0,20.27526258601956,0.0,0
Hadapsar,University,11,5,0,2711,15839,0,21.03297676134268,0.0,1
Hadapsar,University,11,5,1,3019,15671,0,18.686849950314677,0.0,0
Hadapsar,University,11,5,2,3082,16236,0,18.96482803374432,0.0,0
Hadapsar,University,13,5,0,2598,16453,0,22.798614318706697,0.0,1
Hadapsar,University,13,5,1,2888,15545,0,19.37742382271468,0.0,0
Hadapsar,University,13,5,2,2715,16553,0,21.94872928176796,0.0,0
Hadapsar,University,15,5,0,2556,16453,0,23.17323943661972,0.0,1
Hadapsar,University,15,5,1,2628,16553,0,22.675342465753427,0.0,0
Hadapsar,University,15,5,2,2838,15545,0,19.718816067653275,0.0,0
Hadapsar,University,17,5,0,2862,15839,0,19.92327044025157,0.0,1
Hadapsar,University,17,5,1,3204,15504,0,17.420224719101125,0.0,0
Hadapsar,University,17,5,2,3428,17005,0,17.858226371061843,0.0,0
Hadapsar,University,19,5,0,2858,15839,0,19.95115465360392,0.0,1
Hadapsar,University,19,5,1,3028,15504,0,18.43276089828269,0.0,0
Hadapsar,University,19,5,2,3030,15443,0,18.348118811881186,0.0,0
Hadapsar,University,21,5,0,2100,15202,0,26.06057142857143,0.0,1
Hadapsar,University,21,5,1,2212,15335,0,24.95750452079566,0.0,0
Hadapsar,University,21,5,2,2312,16449,0,25.61262975778547,0.0,0
Hadapsar,University,23,5,0,1865,15202,0,29.34434316353887,0.0,1
Hadapsar,University,23,5,1,1971,15335,0,28.009132420091326,0.0,0
Hadapsar,University,23,5,2,2087,16449,0,28.373933876377578,0.0,0
Hadapsar,University,7,6,0,2101,15202,0,26.048167539267016,0.0,1
Hadapsar,University,7,6,1,2211,15335,0,24.968792401628225,0.0,0
Hadapsar,University,7,6,2,2337,16449,0,25.33863928112965,0.0,0
Hadapsar,University,9,6,0,2691,15839,0,21.18929765886288,0.0,1
Hadapsar,University,9,6,1,2835,15504,0,19.687619047619048,0.0,0
Hadapsar,University,9,6,2,2823,15443,0,19.69351753453773,0.0,0
Hadapsar,University,11,6,0,2863,15839,0,19.916311561299334,0.0,1
Hadapsar,University,11,6,1,3098,15671,0,18.210329244673986,0.0,0
Hadapsar,University,11,6,2,3179,16171,0,18.312551116703364,0.0,0
Hadapsar,University,13,6,0,2710,16453,0,21.85638376383764,0.0,1
Hadapsar,University,13,6,1,2917,15545,0,19.18477888241344,0.0,0
Hadapsar,University,13,6,2,2848,16553,0,20.92373595505618,0.0,0
Hadapsar,University,15,6,0,2657,15839,0,21.460444109898383,0.0,1
Hadapsar,University,15,6,1,2860,15713,0,19.7786013986014,0.0,0
Hadapsar,University,15,6,2,2866,16449,0,20.661688764829037,0.0,0
Hadapsar,University,17,6,0,3075,15839,0,18.54321951219512,0.0,1
Hadapsar,University,17,6,1,3351,15504,0,16.65604297224709,0.0,0
Hadapsar,University,17,6,2,3390,17202,0,18.26761061946903,0.0,0
Hadapsar,University,19,6,0,2992,15839,0,19.057620320855616,0.0,1
Hadapsar,University,19,6,1,3085,15504,0,18.09218800648298,0.0,0
Hadapsar,University,19,6,2,3114,15443,0,17.853179190751444,0.0,0
Hadapsar,University,21,6,0,2116,15202,0,25.86351606805293,0.0,1
Hadapsar,University,21,6,1,2209,15335,0,24.991398822996832,0.0,0
Hadapsar,University,21,6,2,2334,16449,0,25.37120822622108,0.0,0
Hadapsar,University,23,6,0,1865,15202,0,29.34434316353887,0.0,1
Hadapsar,University,23,6,1,1971,15335,0,28.009132420091326,0.0,0
Hadapsar,University,23,6,2,2087,16449,0,28.373933876377578,0.0,0
Hadapsar,University,7,0,0,2103,15202,0,26.023395149786023,0.0,1
Hadapsar,University,7,0,1,2195,15335,0,25.150797266514804,0.0,0
Hadapsar,University,7,0,2,2318,16449,0,25.54633304572908,0.0,0
Hadapsar,University,9,0,0,2680,15839,0,21.276268656716415,0.0,1
Hadapsar,University,9,0,1,2768,15504,0,20.164161849710982,0.0,0
Hadapsar,University,9,0,2,2794,15443,0,19.897924123120973,0.0,0
Hadapsar,University,11,0,0,2854,15839,0,19.979117028731604,0.0,1
Hadapsar,University,11,0,1,3054,15671,0,18.472691552062862,0.0,0
Hadapsar,University,11,0,2,3175,16171,0,18.33562204724409,0.0,0
Hadapsar,University,13,0,0,2698,16453,0,21.953595255744997,0.0,1
Hadapsar,University,13,0,1,2908,15545,0,19.244154057771663,0.0,0
Hadapsar,University,13,0,2,2835,16553,0,21.01968253968254,0.0,0
Hadapsar,University,15,0,0,2647,16453,0,22.37657725727238,0.0,1
Hadapsar,University,15,0,1,2851,15545,0,19.62890213960014,0.0,0
Hadapsar,University,15,0,2,2746,16553,0,21.70094683175528,0.0,0
Hadapsar,University,17,0,0,3072,15839,0,18.561328125,0.0,1
Hadapsar,University,17,0,1,3259,15504,0,17.12623504142375,0.0,0
Hadapsar,University,17,0,2,3433,17202,0,18.03879988348384,0.0,0
Hadapsar,University,19,0,0,3000,15839,0,19.0068,0.0,1
Hadapsar,University,19,0,1,3070,15504,0,18.180586319218243,0.0,0
Hadapsar,University,19,0,2,3081,15443,0,18.0444011684518,0.0,0
Hadapsar,University,21,0,0,2121,15202,0,25.802545968882605,0.0,1
Hadapsar,University,21,0,1,2222,15335,0,24.845184518451845,0.0,0
Hadapsar,University,21,0,2,2339,16449,0,25.31697306541257,0.0,0
Hadapsar,University,23,0,0,1865,15202,0,29.34434316353887,0.0,1
Hadapsar,University,23,0,1,1971,15335,0,28.009132420091326,0.0,0
Hadapsar,University,23,0,2,2087,16449,0,28.373933876377578,0.0,0
Hadapsar,University,7,1,0,2055,15202,0,26.63124087591241,0.0,1
Hadapsar,University,7,1,1,2169,15335,0,25.452282157676347,0.0,0
Hadapsar,University,7,1,2,2282,16449,0,25.949342681858024,0.0,0
Hadapsar,University,9,1,0,2569,16453,0,23.05597508758272,0.0,1
Hadapsar,University,9,1,1,2718,15504,0,20.535099337748346,0.0,0
Hadapsar,University,9,1,2,2715,16553,0,21.94872928176796,0.0,0
Hadapsar,University,11,1,0,2716,15839,0,20.99425625920471,0.0,1
Hadapsar,University,11,1,1,3008,15671,0,18.755186170212763,0.0,0
Hadapsar,University,11,1,2,3106,16171,0,18.742949130714745,0.0,0
Hadapsar,University,13,1,0,2640,16453,0,22.43590909090909,0.0,1
Hadapsar,University,13,1,1,2891,15545,0,19.357315807679004,0.0,0
Hadapsar,University,13,1,2,2742,16553,0,21.73260393873085,0.0,0
Hadapsar,University,15,1,0,2571,15839,0,22.17829638273046,0.0,1
Hadapsar,University,15,1,1,2806,15713,0,20.15923022095509,0.0,0
Hadapsar,University,15,1,2,2777,16449,0,21.32387468491177,0.0,0
Hadapsar,University,17,1,0,2910,15839,0,19.594639175257733,0.0,1
Hadapsar,University,17,1,1,3225,15504,0,17.30679069767442,0.0,0
Hadapsar,University,17,1,2,3285,17202,0,18.851506849315072,0.0,0
Hadapsar,University,19,1,0,2886,15839,0,19.75758835758836,0.0,1
Hadapsar,University,19,1,1,3029,15504,0,18.42667547045229,0.0,0
Hadapsar,University,19,1,2,3065,15443,0,18.13859706362153,0.0,0
Hadapsar,University,21,1,0,2114,15202,0,25.8879848628193,0.0,1
Hadapsar,University,21,1,1,2224,15335,0,24.82284172661871,0.0,0
Hadapsar,University,21,1,2,2320,16449,0,25.524310344827587,0.0,0
Hadapsar,University,23,1,0,1865,15202,0,29.34434316353887,0.0,1
Hadapsar,University,23,1,1,1971,15335,0,28.009132420091326,0.0,0
Hadapsar,University,23,1,2,2087,16449,0,28.373933876377578,0.0,0
Hadapsar,University,7,2,0,2062,15202,0,26.540834141610084,0.0,1
Hadapsar,University,7,2,1,2165,15335,0,25.49930715935335,0.0,0
Hadapsar,University,7,2,2,2268,16449,0,26.10952380952381,0.0,0
Hadapsar,University,9,2,0,2533,16453,0,23.383655744176867,0.0,1
Hadapsar,University,9,2,1,2708,15545,0,20.665435745937963,0.0,0
Hadapsar,University,9,2,2,2649,16553,0,22.495583238958098,0.0,0
Hadapsar,University,11,2,0,2652,15839,0,21.50090497737557,0.0,1
Hadapsar,University,11,2,1,2993,15898,0,19.12221850985633,0.0,0
Hadapsar,University,11,2,2,2876,16449,0,20.589847009735745,0.0,0
Hadapsar,University,13,2,0,2637,16453,0,22.46143344709897,0.0,1
Hadapsar,University,13,2,1,2892,15545,0,19.350622406639005,0.0,0
Hadapsar,University,13,2,2,2753,16553,0,21.645768252815117,0.0,0
Hadapsar,University,15,2,0,2617,15839,0,21.78846006878105,0.0,1
Hadapsar,University,15,2,1,2820,15713,0,20.05914893617021,0.0,0
Hadapsar,University,15,2,2,2799,16449,0,21.156270096463025,0.0,0
Hadapsar,University,17,2,0,2957,15839,0,19.28319242475482,0.0,1
Hadapsar,University,17,2,1,3245,15504,0,17.200123266563942,0.0,0
Hadapsar,University,17,2,2,3426,17005,0,17.86865148861646,0.0,0
Hadapsar,University,19,2,0,2907,15839,0,19.614860681114557,0.0,1
Hadapsar,University,19,2,1,3075,15504,0,18.151024390243904,0.0,0
Hadapsar,University,19,2,2,3182,17005,0,19.23884349465745,0.0,0
Hadapsar,University,21,2,0,2120,15202,0,25.81471698113208,0.0,1
Hadapsar,University,21,2,1,2233,15335,0,24.72279444693238,0.0,0
Hadapsar,University,21,2,2,2326,16449,0,25.45846947549441,0.0,0
Hadapsar,University,23,2,0,1865,15202,0,29.34434316353887,0.0,1
Hadapsar,University,23,2,1,1971,15335,0,28.009132420091326,0.0,0
Hadapsar,University,23,2,2,2087,16449,0,28.373933876377578,0.0,0
Hadapsar,University,7,3,0,1954,15202,0,28.007778915046057,0.0,1
Hadapsar,University,7,3,1,2105,15335,0,26.226128266033253,0.0,0
Hadapsar,University,7,3,2,2202,16449,0,26.892098092643053,0.0,0
Hadapsar,University,9,3,0,2179,15202,0,25.11574116567233,0.0,1
Hadapsar,University,9,3,1,2382,15504,0,23.431738035264484,0.0,0
Hadapsar,University,9,3,2,2346,16553,0,25.401023017902816,0.0,0
Hadapsar,University,11,3,0,2414,15839,0,23.620712510356256,0.0,1
Hadapsar,University,11,3,1,2659,15671,0,21.21684843926288,0.0,0
Hadapsar,University,11,3,2,2536,16449,0,23.35031545741325,0.0,0
Hadapsar,University,13,3,0,2507,15839,0,22.74447546868768,0.0,1
Hadapsar,University,13,3,1,2792,15671,0,20.20616045845272,0.0,0
Hadapsar,University,13,3,2,2652,16449,0,22.3289592760181,0.0,0
Hadapsar,University,15,3,0,2568,15839,0,22.204205607476634,0.0,1
Hadapsar,University,15,3,1,2919,15504,0,19.12106885919836,0.0,0
Hadapsar,University,15,3,2,2860,15443,0,19.43874125874126,0.0,0
Hadapsar,University,17,3,0,2648,15839,0,21.533383685800604,0.0,1
Hadapsar,University,17,3,1,2945,15149,0,18.51830220713073,0.0,0
Hadapsar,University,17,3,2,3093,16160,0,18.80892337536373,0.0,0
Hadapsar,University,19,3,0,2574,15839,0,22.152447552447555,0.0,1
Hadapsar,University,19,3,1,2774,15504,0,20.12054794520548,0.0,0
Hadapsar,University,19,3,2,2710,15443,0,20.514686346863467,0.0,0
Hadapsar,University,21,3,0,2097,15202,0,26.097854077253217,0.0,1
Hadapsar,University,21,3,1,2209,15335,0,24.991398822996832,0.0,0
Hadapsar,University,21,3,2,2289,16449,0,25.869986893840107,0.0,0
Hadapsar,University,23,3,0,1865,15202,0,29.34434316353887,0.0,1
Hadapsar,University,23,3,1,1971,15335,0,28.009132420091326,0.0,0
Hadapsar,University,23,3,2,2087,16449,0,28.373933876377578,0.0,0
Hadapsar,University,7,4,0,1932,15202,0,28.326708074534164,0.0,1
Hadapsar,University,7,4,1,2062,15335,0,26.773035887487875,0.0,0
Hadapsar,University,7,4,2,2153,16449,0,27.504133766836976,0.0,0
Hadapsar,University,9,4,0,2024,15202,0,27.03913043478261,0.0,1
Hadapsar,University,9,4,1,2215,15335,0,24.92370203160271,0.0,0
Hadapsar,University,9,4,2,2247,16449,0,26.353538050734315,0.0,0
Hadapsar,University,11,4,0,2176,15202,0,25.15036764705882,0.0,1
Hadapsar,University,11,4,1,2399,15335,0,23.01208837015423,0.0,0
Hadapsar,University,11,4,2,2370,16553,0,25.143797468354432,0.0,0
Hadapsar,University,13,4,0,2271,15202,0,24.098282694848084,0.0,1
Hadapsar,University,13,4,1,2489,15335,0,22.17999196464444,0.0,0
Hadapsar,University,13,4,2,2428,16553,0,24.543163097199344,0.0,0
Hadapsar,University,15,4,0,2357,16453,0,25.129741196436147,0.0,1
Hadapsar,University,15,4,1,2559,15545,0,21.868698710433765,0.0,0
Hadapsar,University,15,4,2,2475,16553,0,24.07709090909091,0.0,0
Hadapsar,University,17,4,0,2453,16453,0,24.14626987362413,0.0,1
Hadapsar,University,17,4,1,2696,15545,0,20.75741839762611,0.0,0
Hadapsar,University,17,4,2,2544,16553,0,23.424056603773582,0.0,0
Hadapsar,University,19,4,0,2389,16453,0,24.79313520301381,0.0,1
Hadapsar,University,19,4,1,2599,15504,0,21.475336667949207,0.0,0
Hadapsar,University,19,4,2,2505,16553,0,23.78874251497006,0.0,0
Hadapsar,University,21,4,0,2017,15202,0,27.13296975706495,0.0,1
Hadapsar,University,21,4,1,2162,15335,0,25.53469010175764,0.0,0
Hadapsar,University,21,4,2,2236,16449,0,26.48318425760287,0.0,0
Hadapsar,University,23,4,0,1865,15202,0,29.34434316353887,0.0,1
Hadapsar,University,23,4,1,1971,15335,0,28.009132420091326,0.0,0
Hadapsar,University,23,4,2,2087,16449,0,28.373933876377578,0.0,0
Hadapsar,University,7,5,0,2066,15202,0,26.48944820909971,0.0,1
Hadapsar,University,7,5,1,2189,15335,0,25.21973503883052,0.0,0
Hadapsar,University,7,5,2,2287,16449,0,25.892610406646263,0.0,0
Hadapsar,University,9,5,0,2552,15839,0,22.343416927899685,0.0,1
Hadapsar,University,9,5,1,2751,15504,0,20.28876772082879,0.0,0
Hadapsar,University,9,5,2,2711,15443,0,20.50711914422722,0.0,0
Hadapsar,University,11,5,0,2711,15839,0,21.03297676134268,0.0,1
Hadapsar,University,11,5,1,3019,15671,0,18.686849950314677,0.0,0
Hadapsar,University,11,5,2,3082,16236,0,18.96482803374432,0.0,0
Hadapsar,University,13,5,0,2598,16453,0,22.798614318706697,0.0,1
Hadapsar,University,13,5,1,2888,15545,0,19.37742382271468,0.0,0
Hadapsar,University,13,5,2,2715,16553,0,21.94872928176796,0.0,0
Hadapsar,University,15,5,0,2556,16453,0,23.17323943661972,0.0,1
Hadapsar,University,15,5,1,2628,16553,0,22.675342465753427,0.0,0
Hadapsar,University,15,5,2,2838,15545,0,19.718816067653275,0.0,0
Hadapsar,University,17,5,0,2862,15839,0,19.92327044025157,0.0,1
Hadapsar,University,17,5,1,3204,15504,0,17.420224719101125,0.0,0
Hadapsar,University,17,5,2,3428,17005,0,17.858226371061843,0.0,0
Hadapsar,University,19,5,0,2858,15839,0,19.95115465360392,0.0,1
Hadapsar,University,19,5,1,3028,15504,0,18.43276089828269,0.0,0
Hadapsar,University,19,5,2,3030,15443,0,18.348118811881186,0.0,0
Hadapsar,University,21,5,0,2100,15202,0,26.06057142857143,0.0,1
Hadapsar,University,21,5,1,2212,15335,0,24.95750452079566,0.0,0
Hadapsar,University,21,5,2,2312,16449,0,25.61262975778547,0.0,0
Hadapsar,University,23,5,0,1865,15202,0,29.34434316353887,0.0,1
Hadapsar,University,23,5,1,1971,15335,0,28.009132420091326,0.0,0
Hadapsar,University,23,5,2,2087,16449,0,28.373933876377578,0.0,0
Hadapsar,University,7,6,0,2101,15202,0,26.048167539267016,0.0,1
Hadapsar,University,7,6,1,2211,15335,0,24.968792401628225,0.0,0
Hadapsar,University,7,6,2,2337,16449,0,25.33863928112965,0.0,0
Hadapsar,University,9,6,0,2691,15839,0,21.18929765886288,0.0,1
Hadapsar,University,9,6,1,2835,15504,0,19.687619047619048,0.0,0
Hadapsar,University,9,6,2,2823,15443,0,19.69351753453773,0.0,0
Hadapsar,University,11,6,0,2863,15839,0,19.916311561299334,0.0,1
Hadapsar,University,11,6,1,3098,15671,0,18.210329244673986,0.0,0
Hadapsar,University,11,6,2,3179,16171,0,18.312551116703364,0.0,0
Hadapsar,University,13,6,0,2710,16453,0,21.85638376383764,0.0,1
Hadapsar,University,13,6,1,2917,15545,0,19.18477888241344,0.0,0
Hadapsar,University,13,6,2,2848,16553,0,20.92373595505618,0.0,0
Hadapsar,University,15,6,0,2657,15839,0,21.460444109898383,0.0,1
Hadapsar,University,15,6,1,2860,15713,0,19.7786013986014,0.0,0
Hadapsar,University,15,6,2,2866,16449,0,20.661688764829037,0.0,0
Hadapsar,University,17,6,0,3075,15839,0,18.54321951219512,0.0,1
Hadapsar,University,17,6,1,3351,15504,0,16.65604297224709,0.0,0
Hadapsar,University,17,6,2,3390,17202,0,18.26761061946903,0.0,0
Hadapsar,University,19,6,0,2992,15839,0,19.057620320855616,0.0,1
Hadapsar,University,19,6,1,3085,15504,0,18.09218800648298,0.0,0
Hadapsar,University,19,6,2,3114,15443,0,17.853179190751444,0.0,0
Hadapsar,University,21,6,0,2116,15202,0,25.86351606805293,0.0,1
Hadapsar,University,21,6,1,2209,15335,0,24.991398822996832,0.0,0
Hadapsar,University,21,6,2,2334,16449,0,25.37120822622108,0.0,0
Hadapsar,University,23,6,0,1865,15202,0,29.34434316353887,0.0,1
Hadapsar,University,23,6,1,1971,15335,0,28.009132420091326,0.0,0
Hadapsar,University,23,6,2,2087,16449,0,28.373933876377578,0.0,0
University,Swargate,7,0,0,1139,7766,0,24.54574187884109,0.0,1
University,Swargate,7,0,1,1408,9205,0,23.535511363636363,0.0,0
University,Swargate,7,0,2,1484,8685,0,21.068733153638817,0.0,0
University,Swargate,9,0,0,1330,7766,0,21.020751879699247,0.0,1
University,Swargate,9,0,1,1713,9143,0,19.21471103327496,0.0,0
University,Swargate,9,0,2,1724,8546,0,17.845475638051045,0.0,0
University,Swargate,11,0,0,1530,7766,0,18.27294117647059,0.0,1
University,Swargate,11,0,1,1958,9205,0,16.9244126659857,0.0,0
University,Swargate,11,0,2,1705,8289,0,17.501700879765394,0.0,0
University,Swargate,13,0,0,1616,7766,0,17.30049504950495,0.0,1
University,Swargate,13,0,1,1986,9642,0,17.477945619335348,0.0,0
University,Swargate,13,0,2,1747,8289,0,17.080938752146537,0.0,0
University,Swargate,15,0,0,1631,7766,0,17.141385652973636,0.0,1
University,Swargate,15,0,1,1857,9602,0,18.61453957996769,0.0,0
University,Swargate,15,0,2,1737,8439,0,17.490155440414508,0.0,0
University,Swargate,17,0,0,1744,7766,0,16.03073394495413,0.0,1
University,Swargate,17,0,1,2054,9651,0,16.915092502434273,0.0,0
University,Swargate,17,0,2,1822,8439,0,16.674204171240397,0.0,0
University,Swargate,19,0,0,1671,7766,0,16.731059245960502,0.0,1
University,Swargate,19,0,1,2010,9143,0,16.375522388059704,0.0,0
University,Swargate,19,0,2,1958,8505,0,15.637385086823292,0.0,0
University,Swargate,21,0,0,1260,7766,0,22.18857142857143,0.0,1
University,Swargate,21,0,1,1519,9205,0,21.81566820276497,0.0,0
University,Swargate,21,0,2,1594,8644,0,19.522208281053956,0.0,0
University,Swargate,23,0,0,1095,7766,0,25.53205479452055,0.0,1
University,Swargate,23,0,1,1314,9205,0,25.21917808219178,0.0,0
University,Swargate,23,0,2,1421,8644,0,21.89894440534835,0.0,0
University,Swargate,7,1,0,1146,7766,0,24.395811518324606,0.0,1
University,Swargate,7,1,1,1408,9205,0,23.535511363636363,0.0,0
University,Swargate,7,1,2,1486,8685,0,21.040376850605654,0.0,0
University,Swargate,9,1,0,1313,7766,0,21.29291698400609,0.0,1
University,Swargate,9,1,1,1707,9143,0,19.28224956063269,0.0,0
University,Swargate,9,1,2,1536,8289,0,19.42734375,0.0,0
University,Swargate,11,1,0,1529,7766,0,18.28489208633093,0.0,1
University,Swargate,11,1,1,1972,9143,0,16.69107505070994,0.0,0
University,Swargate,11,1,2,1695,8289,0,17.60495575221239,0.0,0
University,Swargate,13,1,0,1663,7766,0,16.811545399879737,0.0,1
University,Swargate,13,1,1,1995,9642,0,17.3990977443609,0.0,0
University,Swargate,13,1,2,1782,8439,0,17.048484848484847,0.0,0
University,Swargate,15,1,0,1743,7766,0,16.039931153184163,0.0,1
University,Swargate,15,1,1,1869,9602,0,18.49502407704655,0.0,0
University,Swargate,15,1,2,1757,8439,0,17.291064314171884,0.0,0
University,Swargate,17,1,0,1784,8289,0,16.726681614349776,0.0,1
University,Swargate,17,1,1,2039,9599,0,16.94771947032859,0.0,0
University,Swargate,17,1,2,1828,7766,0,15.294091903719911,0.0,0
University,Swargate,19,1,0,1653,7766,0,16.913248638838475,0.0,1
University,Swargate,19,1,1,1994,9143,0,16.506920762286864,0.0,0
University,Swargate,19,1,2,1940,8505,0,15.782474226804126,0.0,0
University,Swargate,21,1,0,1259,7766,0,22.206195393169185,0.0,1
University,Swargate,21,1,1,1519,9205,0,21.81566820276497,0.0,0
University,Swargate,21,1,2,1591,8505,0,19.24450031426776,0.0,0
University,Swargate,23,1,0,1095,7766,0,25.53205479452055,0.0,1
University,Swargate,23,1,1,1314,9205,0,25.21917808219178,0.0,0
University,Swargate,23,1,2,1421,8644,0,21.89894440534835,0.0,0
University,Swargate,7,2,0,1142,7766,0,24.48126094570928,0.0,1
University,Swargate,7,2,1,1405,9205,0,23.58576512455516,0.0,0
University,Swargate,7,2,2,1482,8685,0,21.097165991902838,0.0,0
University,Swargate,9,2,0,1303,7766,0,21.45633154259401,0.0,1
University,Swargate,9,2,1,1693,9143,0,19.441701122268164,0.0,0
University,Swargate,9,2,2,1535,8289,0,19.44,0.0,0
University,Swargate,11,2,0,1496,7766,0,18.688235294117646,0.0,1
University,Swargate,11,2,1,1941,9143,0,16.957650695517774,0.0,0
University,Swargate,11,2,2,1682,8289,0,17.7410225921522,0.0,0
University,Swargate,13,2,0,1600,7766,0,17.4735,0.0,1
University,Swargate,13,2,1,1979,9703,0,17.650732693279434,0.0,0
University,Swargate,13,2,2,1737,8289,0,17.179274611398963,0.0,0
University,Swargate,15,2,0,1667,7766,0,16.77120575884823,0.0,1
University,Swargate,15,2,1,1867,9602,0,18.514836636314943,0.0,0
University,Swargate,15,2,2,1755,8439,0,17.310769230769232,0.0,0
University,Swargate,17,2,0,1783,7766,0,15.680089736399328,0.0,1
University,Swargate,17,2,1,2058,9651,0,16.882215743440234,0.0,0
University,Swargate,17,2,2,1808,8289,0,16.504646017699113,0.0,0
University,Swargate,19,2,0,1670,7766,0,16.741077844311377,0.0,1
University,Swargate,19,2,1,2042,9143,0,16.118903036238983,0.0,0
University,Swargate,19,2,2,1955,8505,0,15.6613810741688,0.0,0
University,Swargate,21,2,0,1254,7766,0,22.294736842105262,0.0,1
University,Swargate,21,2,1,1528,9143,0,21.54109947643979,0.0,0
University,Swargate,21,2,2,1599,8644,0,19.46116322701689,0.0,0
University,Swargate,23,2,0,1095,7766,0,25.53205479452055,0.0,1
University,Swargate,23,2,1,1314,9205,0,25.21917808219178,0.0,0
University,Swargate,23,2,2,1421,8644,0,21.89894440534835,0.0,0
University,Swargate,7,3,0,1138,7766,0,24.56731107205624,0.0,1
University,Swargate,7,3,1,1404,9205,0,23.602564102564106,0.0,0
University,Swargate,7,3,2,1361,9791,0,25.89831006612785,0.0,0
University,Swargate,9,3,0,1305,7766,0,21.423448275862068,0.0,1
University,Swargate,9,3,1,1648,9143,0,19.972572815533983,0.0,0
University,Swargate,9,3,2,1496,8289,0,19.946791443850262,0.0,0
University,Swargate,11,3,0,1582,7766,0,17.672313527180783,0.0,1
University,Swargate,11,3,1,1939,9143,0,16.97514182568334,0.0,0
University,Swargate,11,3,2,1660,8289,0,17.976144578313253,0.0,0
University,Swargate,13,3,0,1768,8289,0,16.87805429864253,0.0,1
University,Swargate,13,3,1,2047,9642,0,16.957107962872495,0.0,0
University,Swargate,13,3,2,1784,7766,0,15.671300448430491,0.0,0
University,Swargate,15,3,0,1819,8439,0,16.701704233095107,0.0,1
University,Swargate,15,3,1,2028,9699,0,17.21715976331361,0.0,0
University,Swargate,15,3,2,2075,8592,0,14.906602409638555,0.0,0
University,Swargate,17,3,0,1837,8289,0,16.244093630919977,0.0,1
University,Swargate,17,3,1,2101,9694,0,16.610376011423135,0.0,0
University,Swargate,17,3,2,2124,8500,0,14.40677966101695,0.0,0
University,Swargate,19,3,0,1699,7766,0,16.45532666274279,0.0,1
University,Swargate,19,3,1,2007,9143,0,16.400000000000002,0.0,0
University,Swargate,19,3,2,1752,8289,0,17.032191780821915,0.0,0
University,Swargate,21,3,0,1276,7766,0,21.910344827586208,0.0,1
University,Swargate,21,3,1,1528,9143,0,21.54109947643979,0.0,0
University,Swargate,21,3,2,1606,8505,0,19.064757160647574,0.0,0
University,Swargate,23,3,0,1095,7766,0,25.53205479452055,0.0,1
University,Swargate,23,3,1,1314,9205,0,25.21917808219178,0.0,0
University,Swargate,23,3,2,1421,8644,0,21.89894440534835,0.0,0
University,Swargate,7,4,0,1141,7766,0,24.502716914986856,0.0,1
University,Swargate,7,4,1,1377,9205,0,24.065359477124183,0.0,0
University,Swargate,7,4,2,1471,8644,0,21.15458871515976,0.0,0
University,Swargate,9,4,0,1270,7766,0,22.01385826771653,0.0,1
University,Swargate,9,4,1,1481,9366,0,22.76677920324105,0.0,0
University,Swargate,9,4,2,1420,9791,0,24.82225352112676,0.0,0
University,Swargate,11,4,0,1470,7766,0,19.018775510204083,0.0,1
University,Swargate,11,4,1,1631,9205,0,20.317596566523605,0.0,0
University,Swargate,11,4,2,1495,9791,0,23.576989966555185,0.0,0
University,Swargate,13,4,0,1503,8289,0,19.853892215568862,0.0,1
University,Swargate,13,4,1,1719,9664,0,20.23874345549738,0.0,0
University,Swargate,13,4,2,1540,9791,0,22.88805194805195,0.0,0
University,Swargate,15,4,0,1511,8439,0,20.10615486432826,0.0,1
University,Swargate,15,4,1,1705,9722,0,20.527390029325517,0.0,0
University,Swargate,15,4,2,1585,9791,0,22.238233438485807,0.0,0
University,Swargate,17,4,0,1550,8289,0,19.251870967741933,0.0,1
University,Swargate,17,4,1,1756,9661,0,19.80615034168565,0.0,0
University,Swargate,17,4,2,1786,8505,0,17.14333706606943,0.0,0
University,Swargate,19,4,0,1553,7766,0,18.002318094011592,0.0,1
University,Swargate,19,4,1,1747,9205,0,18.968517458500287,0.0,0
University,Swargate,19,4,2,1577,9791,0,22.351046290424858,0.0,0
University,Swargate,21,4,0,1232,7766,0,22.692857142857143,0.0,1
University,Swargate,21,4,1,1469,9205,0,22.55820285908781,0.0,0
University,Swargate,21,4,2,1398,9791,0,25.212875536480688,0.0,0
University,Swargate,23,4,0,1095,7766,0,25.53205479452055,0.0,1
University,Swargate,23,4,1,1314,9205,0,25.21917808219178,0.0,0
University,Swargate,23,4,2,1421,8644,0,21.89894440534835,0.0,0
University,Swargate,7,5,0,1139,7766,0,24.54574187884109,0.0,1
University,Swargate,7,5,1,1408,9205,0,23.535511363636363,0.0,0
University,Swargate,7,5,2,1485,8685,0,21.05454545454546,0.0,0
University,Swargate,9,5,0,1301,7766,0,21.489315910837817,0.0,1
University,Swargate,9,5,1,1684,9143,0,19.54560570071259,0.0,0
University,Swargate,9,5,2,1532,8289,0,19.478067885117493,0.0,0
University,Swargate,11,5,0,1494,7766,0,18.713253012048195,0.0,1
University,Swargate,11,5,1,1922,9143,0,17.125286160249743,0.0,0
University,Swargate,11,5,2,1679,8289,0,17.772721858248957,0.0,0
University,Swargate,13,5,0,1568,7766,0,17.830102040816328,0.0,1
University,Swargate,13,5,1,1971,9703,0,17.722374429223745,0.0,0
University,Swargate,13,5,2,1714,8289,0,17.4098016336056,0.0,0
University,Swargate,15,5,0,1581,7766,0,17.68349146110057,0.0,1
University,Swargate,15,5,1,1856,9602,0,18.62456896551724,0.0,0
University,Swargate,15,5,2,1706,8439,0,17.807971864009378,0.0,0
University,Swargate,17,5,0,1663,7766,0,16.811545399879737,0.0,1
University,Swargate,17,5,1,2038,9595,0,16.948969578017664,0.0,0
University,Swargate,17,5,2,1747,8439,0,17.39004006868918,0.0,0
University,Swargate,19,5,0,1586,7766,0,17.627742749054224,0.0,1
University,Swargate,19,5,1,1973,9143,0,16.682615306639637,0.0,0
University,Swargate,19,5,2,1913,8505,0,16.005227391531626,0.0,0
University,Swargate,21,5,0,1239,7766,0,22.564648910411623,0.0,1
University,Swargate,21,5,1,1515,9143,0,21.72594059405941,0.0,0
University,Swargate,21,5,2,1589,8505,0,19.268722466960355,0.0,0
University,Swargate,23,5,0,1095,7766,0,25.53205479452055,0.0,1
University,Swargate,23,5,1,1314,9205,0,25.21917808219178,0.0,0
University,Swargate,23,5,2,1421,8644,0,21.89894440534835,0.0,0
University,Swargate,7,6,0,1140,7766,0,24.52421052631579,0.0,1
University,Swargate,7,6,1,1408,9205,0,23.535511363636363,0.0,0
University,Swargate,7,6,2,1485,8685,0,21.05454545454546,0.0,0
University,Swargate,9,6,0,1324,7766,0,21.116012084592143,0.0,1
University,Swargate,9,6,1,1711,9143,0,19.23717124488603,0.0,0
University,Swargate,9,6,2,1715,8546,0,17.939125364431487,0.0,0
University,Swargate,11,6,0,1557,7766,0,17.95606936416185,0.0,1
University,Swargate,11,6,1,1981,9143,0,16.615244825845533,0.0,0
University,Swargate,11,6,2,1765,8439,0,17.212691218130313,0.0,0
University,Swargate,13,6,0,1623,7766,0,17.22587800369686,0.0,1
University,Swargate,13,6,1,1990,9642,0,17.44281407035176,0.0,0
University,Swargate,13,6,2,1790,8439,0,16.972290502793296,0.0,0
University,Swargate,15,6,0,1649,7766,0,16.954275318374773,0.0,1
University,Swargate,15,6,1,1864,9602,0,18.544635193133047,0.0,0
University,Swargate,15,6,2,1747,8439,0,17.39004006868918,0.0,0
University,Swargate,17,6,0,1718,7766,0,16.27334109429569,0.0,1
University,Swargate,17,6,1,2035,9595,0,16.973955773955776,0.0,0
University,Swargate,17,6,2,1802,8439,0,16.859267480577138,0.0,0
University,Swargate,19,6,0,1614,7766,0,17.32193308550186,0.0,1
University,Swargate,19,6,1,1983,9143,0,16.59848714069592,0.0,0
University,Swargate,19,6,2,1871,8322,0,16.012399786210583,0.0,0
University,Swargate,21,6,0,1245,7766,0,22.45590361445783,0.0,1
University,Swargate,21,6,1,1522,9143,0,21.62601839684626,0.0,0
University,Swargate,21,6,2,1587,8644,0,19.608317580340263,0.0,0
University,Swargate,23,6,0,1095,7766,0,25.53205479452055,0.0,1
University,Swargate,23,6,1,1314,9205,0,25.21917808219178,0.0,0
University,Swargate,23,6,2,1421,8644,0,21.89894440534835,0.0,0
University,Swargate,7,0,0,1139,7766,0,24.54574187884109,0.0,1
University,Swargate,7,0,1,1408,9205,0,23.535511363636363,0.0,0
University,Swargate,7,0,2,1425,8461,0,21.375157894736844,0.0,0
University,Swargate,9,0,0,1330,7766,0,21.020751879699247,0.0,1
University,Swargate,9,0,1,1713,9143,0,19.21471103327496,0.0,0
University,Swargate,9,0,2,1668,8322,0,17.96115107913669,0.0,0
University,Swargate,11,0,0,1530,7766,0,18.27294117647059,0.0,1
University,Swargate,11,0,1,1958,9205,0,16.9244126659857,0.0,0
University,Swargate,11,0,2,1705,8289,0,17.501700879765394,0.0,0
University,Swargate,13,0,0,1616,7766,0,17.30049504950495,0.0,1
University,Swargate,13,0,1,1986,9642,0,17.477945619335348,0.0,0
University,Swargate,13,0,2,1747,8289,0,17.080938752146537,0.0,0
University,Swargate,15,0,0,1631,7766,0,17.141385652973636,0.0,1
University,Swargate,15,0,1,1857,9602,0,18.61453957996769,0.0,0
University,Swargate,15,0,2,1737,8439,0,17.490155440414508,0.0,0
University,Swargate,17,0,0,1744,7766,0,16.03073394495413,0.0,1
University,Swargate,17,0,1,2054,9651,0,16.915092502434273,0.0,0
University,Swargate,17,0,2,2003,8322,0,14.957164253619569,0.0,0
University,Swargate,19,0,0,1671,7766,0,16.731059245960502,0.0,1
University,Swargate,19,0,1,2010,9143,0,16.375522388059704,0.0,0
University,Swargate,19,0,2,1899,8322,0,15.776303317535543,0.0,0
University,Swargate,21,0,0,1260,7766,0,22.18857142857143,0.0,1
University,Swargate,21,0,1,1519,9205,0,21.81566820276497,0.0,0
University,Swargate,21,0,2,1526,8461,0,19.960419397116645,0.0,0
University,Swargate,23,0,0,1095,7766,0,25.53205479452055,0.0,1
University,Swargate,23,0,1,1314,9205,0,25.21917808219178,0.0,0
University,Swargate,23,0,2,1350,8461,0,22.56266666666667,0.0,0
University,Swargate,7,1,0,1146,7766,0,24.395811518324606,0.0,1
University,Swargate,7,1,1,1408,9205,0,23.535511363636363,0.0,0
University,Swargate,7,1,2,1424,8461,0,21.390168539325845,0.0,0
University,Swargate,9,1,0,1313,7766,0,21.29291698400609,0.0,1
University,Swargate,9,1,1,1707,9143,0,19.28224956063269,0.0,0
University,Swargate,9,1,2,1656,8322,0,18.091304347826085,0.0,0
University,Swargate,11,1,0,1529,7766,0,18.28489208633093,0.0,1
University,Swargate,11,1,1,1972,9143,0,16.69107505070994,0.0,0
University,Swargate,11,1,2,1695,8289,0,17.60495575221239,0.0,0
University,Swargate,13,1,0,1663,7766,0,16.811545399879737,0.0,1
University,Swargate,13,1,1,1995,9642,0,17.3990977443609,0.0,0
University,Swargate,13,1,2,1782,8439,0,17.048484848484847,0.0,0
University,Swargate,15,1,0,1743,7766,0,16.039931153184163,0.0,1
University,Swargate,15,1,1,1869,9602,0,18.49502407704655,0.0,0
University,Swargate,15,1,2,1757,8439,0,17.291064314171884,0.0,0
University,Swargate,17,1,0,1784,8289,0,16.726681614349776,0.0,1
University,Swargate,17,1,1,2039,9599,0,16.94771947032859,0.0,0
University,Swargate,17,1,2,1982,8322,0,15.115640766902118,0.0,0
University,Swargate,19,1,0,1653,7766,0,16.913248638838475,0.0,1
University,Swargate,19,1,1,1994,9143,0,16.506920762286864,0.0,0
University,Swargate,19,1,2,1878,8322,0,15.952715654952076,0.0,0
University,Swargate,21,1,0,1259,7766,0,22.206195393169185,0.0,1
University,Swargate,21,1,1,1519,9205,0,21.81566820276497,0.0,0
University,Swargate,21,1,2,1523,8322,0,19.67117531188444,0.0,0
University,Swargate,23,1,0,1095,7766,0,25.53205479452055,0.0,1
University,Swargate,23,1,1,1314,9205,0,25.21917808219178,0.0,0
University,Swargate,23,1,2,1350,8461,0,22.56266666666667,0.0,0
University,Swargate,7,2,0,1142,7766,0,24.48126094570928,0.0,1
University,Swargate,7,2,1,1405,9205,0,23.58576512455516,0.0,0
University,Swargate,7,2,2,1422,8461,0,21.42025316455696,0.0,0
University,Swargate,9,2,0,1303,7766,0,21.45633154259401,0.0,1
University,Swargate,9,2,1,1693,9143,0,19.441701122268164,0.0,0
University,Swargate,9,2,2,1653,8322,0,18.124137931034483,0.0,0
University,Swargate,11,2,0,1496,7766,0,18.688235294117646,0.0,1
University,Swargate,11,2,1,1941,9143,0,16.957650695517774,0.0,0
University,Swargate,11,2,2,1682,8289,0,17.7410225921522,0.0,0
University,Swargate,13,2,0,1600,7766,0,17.4735,0.0,1
University,Swargate,13,2,1,1979,9703,0,17.650732693279434,0.0,0
University,Swargate,13,2,2,1737,8289,0,17.179274611398963,0.0,0
University,Swargate,15,2,0,1667,7766,0,16.77120575884823,0.0,1
University,Swargate,15,2,1,1867,9602,0,18.514836636314943,0.0,0
University,Swargate,15,2,2,1755,8439,0,17.310769230769232,0.0,0
University,Swargate,17,2,0,1783,7766,0,15.680089736399328,0.0,1
University,Swargate,17,2,1,2058,9651,0,16.882215743440234,0.0,0
University,Swargate,17,2,2,2009,8322,0,14.912493777999003,0.0,0
University,Swargate,19,2,0,1670,7766,0,16.741077844311377,0.0,1
University,Swargate,19,2,1,2042,9143,0,16.118903036238983,0.0,0
University,Swargate,19,2,2,1894,8322,0,15.817951425554382,0.0,0
University,Swargate,21,2,0,1254,7766,0,22.294736842105262,0.0,1
University,Swargate,21,2,1,1528,9143,0,21.54109947643979,0.0,0
University,Swargate,21,2,2,1532,8461,0,19.8822454308094,0.0,0
University,Swargate,23,2,0,1095,7766,0,25.53205479452055,0.0,1
University,Swargate,23,2,1,1314,9205,0,25.21917808219178,0.0,0
University,Swargate,23,2,2,1350,8461,0,22.56266666666667,0.0,0
University,Swargate,7,3,0,1138,7766,0,24.56731107205624,0.0,1
University,Swargate,7,3,1,1404,9205,0,23.602564102564106,0.0,0
University,Swargate,7,3,2,1424,8461,0,21.390168539325845,0.0,0
University,Swargate,9,3,0,1305,7766,0,21.423448275862068,0.0,1
University,Swargate,9,3,1,1648,9143,0,19.972572815533983,0.0,0
University,Swargate,9,3,2,1496,8289,0,19.946791443850262,0.0,0
University,Swargate,11,3,0,1582,7766,0,17.672313527180783,0.0,1
University,Swargate,11,3,1,1939,9143,0,16.97514182568334,0.0,0
University,Swargate,11,3,2,1660,8289,0,17.976144578313253,0.0,0
University,Swargate,13,3,0,1768,8289,0,16.87805429864253,0.0,1
University,Swargate,13,3,1,2047,9642,0,16.957107962872495,0.0,0
University,Swargate,13,3,2,1784,7766,0,15.671300448430491,0.0,0
University,Swargate,15,3,0,1819,8439,0,16.701704233095107,0.0,1
University,Swargate,15,3,1,2028,9699,0,17.21715976331361,0.0,0
University,Swargate,15,3,2,2075,8592,0,14.906602409638555,0.0,0
University,Swargate,17,3,0,1837,8289,0,16.244093630919977,0.0,1
University,Swargate,17,3,1,2101,9694,0,16.610376011423135,0.0,0
University,Swargate,17,3,2,2124,8500,0,14.40677966101695,0.0,0
University,Swargate,19,3,0,1699,7766,0,16.45532666274279,0.0,1
University,Swargate,19,3,1,2007,9143,0,16.400000000000002,0.0,0
University,Swargate,19,3,2,1752,8289,0,17.032191780821915,0.0,0
University,Swargate,21,3,0,1276,7766,0,21.910344827586208,0.0,1
University,Swargate,21,3,1,1528,9143,0,21.54109947643979,0.0,0
University,Swargate,21,3,2,1542,8322,0,19.428793774319065,0.0,0
University,Swargate,23,3,0,1095,7766,0,25.53205479452055,0.0,1
University,Swargate,23,3,1,1314,9205,0,25.21917808219178,0.0,0
University,Swargate,23,3,2,1350,8461,0,22.56266666666667,0.0,0
University,Swargate,7,4,0,1141,7766,0,24.502716914986856,0.0,1
University,Swargate,7,4,1,1377,9205,0,24.065359477124183,0.0,0
University,Swargate,7,4,2,1401,8461,0,21.741327623126335,0.0,0
University,Swargate,9,4,0,1270,7766,0,22.01385826771653,0.0,1
University,Swargate,9,4,1,1481,9366,0,22.76677920324105,0.0,0
University,Swargate,9,4,2,1420,9791,0,24.82225352112676,0.0,0
University,Swargate,11,4,0,1470,7766,0,19.018775510204083,0.0,1
University,Swargate,11,4,1,1631,9205,0,20.317596566523605,0.0,0
University,Swargate,11,4,2,1495,9791,0,23.576989966555185,0.0,0
University,Swargate,13,4,0,1503,8289,0,19.853892215568862,0.0,1
University,Swargate,13,4,1,1719,9664,0,20.23874345549738,0.0,0
University,Swargate,13,4,2,1540,9791,0,22.88805194805195,0.0,0
University,Swargate,15,4,0,1511,8439,0,20.10615486432826,0.0,1
University,Swargate,15,4,1,1705,9722,0,20.527390029325517,0.0,0
University,Swargate,15,4,2,1585,9791,0,22.238233438485807,0.0,0
University,Swargate,17,4,0,1550,8289,0,19.251870967741933,0.0,1
University,Swargate,17,4,1,1756,9661,0,19.80615034168565,0.0,0
University,Swargate,17,4,2,1786,8505,0,17.14333706606943,0.0,0
University,Swargate,19,4,0,1553,7766,0,18.002318094011592,0.0,1
University,Swargate,19,4,1,1747,9205,0,18.968517458500287,0.0,0
University,Swargate,19,4,2,1577,9791,0,22.351046290424858,0.0,0
University,Swargate,21,4,0,1232,7766,0,22.692857142857143,0.0,1
University,Swargate,21,4,1,1469,9205,0,22.55820285908781,0.0,0
University,Swargate,21,4,2,1497,8322,0,20.0128256513026,0.0,0
University,Swargate,23,4,0,1095,7766,0,25.53205479452055,0.0,1
University,Swargate,23,4,1,1314,9205,0,25.21917808219178,0.0,0
University,Swargate,23,4,2,1350,8461,0,22.56266666666667,0.0,0
University,Swargate,7,5,0,1139,7766,0,24.54574187884109,0.0,1
University,Swargate,7,5,1,1408,9205,0,23.535511363636363,0.0,0
University,Swargate,7,5,2,1426,8461,0,21.3601683029453,0.0,0
University,Swargate,9,5,0,1301,7766,0,21.489315910837817,0.0,1
University,Swargate,9,5,1,1684,9143,0,19.54560570071259,0.0,0
University,Swargate,9,5,2,1652,8322,0,18.13510895883777,0.0,0
University,Swargate,11,5,0,1494,7766,0,18.713253012048195,0.0,1
University,Swargate,11,5,1,1922,9143,0,17.125286160249743,0.0,0
University,Swargate,11,5,2,1679,8289,0,17.772721858248957,0.0,0
University,Swargate,13,5,0,1568,7766,0,17.830102040816328,0.0,1
University,Swargate,13,5,1,1971,9703,0,17.722374429223745,0.0,0
University,Swargate,13,5,2,1714,8289,0,17.4098016336056,0.0,0
University,Swargate,15,5,0,1581,7766,0,17.68349146110057,0.0,1
University,Swargate,15,5,1,1856,9602,0,18.62456896551724,0.0,0
University,Swargate,15,5,2,1706,8439,0,17.807971864009378,0.0,0
University,Swargate,17,5,0,1663,7766,0,16.811545399879737,0.0,1
University,Swargate,17,5,1,2038,9595,0,16.948969578017664,0.0,0
University,Swargate,17,5,2,1747,8439,0,17.39004006868918,0.0,0
University,Swargate,19,5,0,1586,7766,0,17.627742749054224,0.0,1
University,Swargate,19,5,1,1973,9143,0,16.682615306639637,0.0,0
University,Swargate,19,5,2,1851,8322,0,16.185413290113452,0.0,0
University,Swargate,21,5,0,1239,7766,0,22.564648910411623,0.0,1
University,Swargate,21,5,1,1515,9143,0,21.72594059405941,0.0,0
University,Swargate,21,5,2,1520,8322,0,19.71,0.0,0
University,Swargate,23,5,0,1095,7766,0,25.53205479452055,0.0,1
University,Swargate,23,5,1,1314,9205,0,25.21917808219178,0.0,0
University,Swargate,23,5,2,1350,8461,0,22.56266666666667,0.0,0
University,Swargate,7,6,0,1140,7766,0,24.52421052631579,0.0,1
University,Swargate,7,6,1,1408,9205,0,23.535511363636363,0.0,0
University,Swargate,7,6,2,1428,8461,0,21.330252100840337,0.0,0
University,Swargate,9,6,0,1324,7766,0,21.116012084592143,0.0,1
University,Swargate,9,6,1,1711,9143,0,19.23717124488603,0.0,0
University,Swargate,9,6,2,1670,8322,0,17.93964071856287,0.0,0
University,Swargate,11,6,0,1557,7766,0,17.95606936416185,0.0,1
University,Swargate,11,6,1,1981,9143,0,16.615244825845533,0.0,0
University,Swargate,11,6,2,1765,8439,0,17.212691218130313,0.0,0
University,Swargate,13,6,0,1623,7766,0,17.22587800369686,0.0,1
University,Swargate,13,6,1,1990,9642,0,17.44281407035176,0.0,0
University,Swargate,13,6,2,1790,8439,0,16.972290502793296,0.0,0
University,Swargate,15,6,0,1649,7766,0,16.954275318374773,0.0,1
University,Swargate,15,6,1,1864,9602,0,18.544635193133047,0.0,0
University,Swargate,15,6,2,1747,8439,0,17.39004006868918,0.0,0
University,Swargate,17,6,0,1718,7766,0,16.27334109429569,0.0,1
University,Swargate,17,6,1,2035,9595,0,16.973955773955776,0.0,0
University,Swargate,17,6,2,1802,8439,0,16.859267480577138,0.0,0
University,Swargate,19,6,0,1614,7766,0,17.32193308550186,0.0,1
University,Swargate,19,6,1,1983,9143,0,16.59848714069592,0.0,0
University,Swargate,19,6,2,1871,8322,0,16.012399786210583,0.0,0
University,Swargate,21,6,0,1245,7766,0,22.45590361445783,0.0,1
University,Swargate,21,6,1,1522,9143,0,21.62601839684626,0.0,0
University,Swargate,21,6,2,1520,8461,0,20.03921052631579,0.0,0
University,Swargate,23,6,0,1095,7766,0,25.53205479452055,0.0,1
University,Swargate,23,6,1,1314,9205,0,25.21917808219178,0.0,0
University,Swargate,23,6,2,1350,8461,0,22.56266666666667,0.0,0
University,Swargate,7,0,0,1139,7766,0,24.54574187884109,0.0,1
University,Swargate,7,0,1,1408,9205,0,23.535511363636363,0.0,0
University,Swargate,7,0,2,1425,8461,0,21.375157894736844,0.0,0
University,Swargate,9,0,0,1330,7766,0,21.020751879699247,0.0,1
University,Swargate,9,0,1,1713,9143,0,19.21471103327496,0.0,0
University,Swargate,9,0,2,1668,8322,0,17.96115107913669,0.0,0
University,Swargate,11,0,0,1530,7766,0,18.27294117647059,0.0,1
University,Swargate,11,0,1,1958,9205,0,16.9244126659857,0.0,0
University,Swargate,11,0,2,1705,8289,0,17.501700879765394,0.0,0
University,Swargate,13,0,0,1616,7766,0,17.30049504950495,0.0,1
University,Swargate,13,0,1,1986,9642,0,17.477945619335348,0.0,0
University,Swargate,13,0,2,1747,8289,0,17.080938752146537,0.0,0
University,Swargate,15,0,0,1631,7766,0,17.141385652973636,0.0,1
University,Swargate,15,0,1,1857,9602,0,18.61453957996769,0.0,0
University,Swargate,15,0,2,1737,8439,0,17.490155440414508,0.0,0
University,Swargate,17,0,0,1744,7766,0,16.03073394495413,0.0,1
University,Swargate,17,0,1,2054,9651,0,16.915092502434273,0.0,0
University,Swargate,17,0,2,2003,8322,0,14.957164253619569,0.0,0
University,Swargate,19,0,0,1671,7766,0,16.731059245960502,0.0,1
University,Swargate,19,0,1,2010,9143,0,16.375522388059704,0.0,0
University,Swargate,19,0,2,1899,8322,0,15.776303317535543,0.0,0
University,Swargate,21,0,0,1260,7766,0,22.18857142857143,0.0,1
University,Swargate,21,0,1,1519,9205,0,21.81566820276497,0.0,0
University,Swargate,21,0,2,1526,8461,0,19.960419397116645,0.0,0
University,Swargate,23,0,0,1095,7766,0,25.53205479452055,0.0,1
University,Swargate,23,0,1,1314,9205,0,25.21917808219178,0.0,0
University,Swargate,23,0,2,1350,8461,0,22.56266666666667,0.0,0
University,Swargate,7,1,0,1146,7766,0,24.395811518324606,0.0,1
University,Swargate,7,1,1,1408,9205,0,23.535511363636363,0.0,0
University,Swargate,7,1,2,1424,8461,0,21.390168539325845,0.0,0
University,Swargate,9,1,0,1313,7766,0,21.29291698400609,0.0,1
University,Swargate,9,1,1,1707,9143,0,19.28224956063269,0.0,0
University,Swargate,9,1,2,1656,8322,0,18.091304347826085,0.0,0
University,Swargate,11,1,0,1529,7766,0,18.28489208633093,0.0,1
University,Swargate,11,1,1,1972,9143,0,16.69107505070994,0.0,0
University,Swargate,11,1,2,1695,8289,0,17.60495575221239,0.0,0
University,Swargate,13,1,0,1663,7766,0,16.811545399879737,0.0,1
University,Swargate,13,1,1,1995,9642,0,17.3990977443609,0.0,0
University,Swargate,13,1,2,1782,8439,0,17.048484848484847,0.0,0
University,Swargate,15,1,0,1743,7766,0,16.039931153184163,0.0,1
University,Swargate,15,1,1,1869,9602,0,18.49502407704655,0.0,0
University,Swargate,15,1,2,1757,8439,0,17.291064314171884,0.0,0
University,Swargate,17,1,0,1784,8289,0,16.726681614349776,0.0,1
University,Swargate,17,1,1,2039,9599,0,16.94771947032859,0.0,0
University,Swargate,17,1,2,1982,8322,0,15.115640766902118,0.0,0
University,Swargate,19,1,0,1653,7766,0,16.913248638838475,0.0,1
University,Swargate,19,1,1,1994,9143,0,16.506920762286864,0.0,0
University,Swargate,19,1,2,1878,8322,0,15.952715654952076,0.0,0
University,Swargate,21,1,0,1259,7766,0,22.206195393169185,0.0,1
University,Swargate,21,1,1,1519,9205,0,21.81566820276497,0.0,0
University,Swargate,21,1,2,1523,8322,0,19.67117531188444,0.0,0
University,Swargate,23,1,0,1095,7766,0,25.53205479452055,0.0,1
University,Swargate,23,1,1,1314,9205,0,25.21917808219178,0.0,0
University,Swargate,23,1,2,1350,8461,0,22.56266666666667,0.0,0
University,Swargate,7,2,0,1142,7766,0,24.48126094570928,0.0,1
University,Swargate,7,2,1,1405,9205,0,23.58576512455516,0.0,0
University,Swargate,7,2,2,1422,8461,0,21.42025316455696,0.0,0
University,Swargate,9,2,0,1303,7766,0,21.45633154259401,0.0,1
University,Swargate,9,2,1,1693,9143,0,19.441701122268164,0.0,0
University,Swargate,9,2,2,1653,8322,0,18.124137931034483,0.0,0
University,Swargate,11,2,0,1496,7766,0,18.688235294117646,0.0,1
University,Swargate,11,2,1,1941,9143,0,16.957650695517774,0.0,0
University,Swargate,11,2,2,1682,8289,0,17.7410225921522,0.0,0
University,Swargate,13,2,0,1600,7766,0,17.4735,0.0,1
University,Swargate,13,2,1,1979,9703,0,17.650732693279434,0.0,0
University,Swargate,13,2,2,1737,8289,0,17.179274611398963,0.0,0
University,Swargate,15,2,0,1667,7766,0,16.77120575884823,0.0,1
University,Swargate,15,2,1,1867,9602,0,18.514836636314943,0.0,0
University,Swargate,15,2,2,1755,8439,0,17.310769230769232,0.0,0
University,Swargate,17,2,0,1783,7766,0,15.680089736399328,0.0,1
University,Swargate,17,2,1,2058,9651,0,16.882215743440234,0.0,0
University,Swargate,17,2,2,2009,8322,0,14.912493777999003,0.0,0
University,Swargate,19,2,0,1670,7766,0,16.741077844311377,0.0,1
University,Swargate,19,2,1,2042,9143,0,16.118903036238983,0.0,0
University,Swargate,19,2,2,1894,8322,0,15.817951425554382,0.0,0
University,Swargate,21,2,0,1254,7766,0,22.294736842105262,0.0,1
University,Swargate,21,2,1,1528,9143,0,21.54109947643979,0.0,0
University,Swargate,21,2,2,1532,8461,0,19.8822454308094,0.0,0
University,Swargate,23,2,0,1095,7766,0,25.53205479452055,0.0,1
University,Swargate,23,2,1,1314,9205,0,25.21917808219178,0.0,0
University,Swargate,23,2,2,1350,8461,0,22.56266666666667,0.0,0
University,Swargate,7,3,0,1138,7766,0,24.56731107205624,0.0,1
University,Swargate,7,3,1,1404,9205,0,23.602564102564106,0.0,0
University,Swargate,7,3,2,1424,8461,0,21.390168539325845,0.0,0
University,Swargate,9,3,0,1305,7766,0,21.423448275862068,0.0,1
University,Swargate,9,3,1,1648,9143,0,19.972572815533983,0.0,0
University,Swargate,9,3,2,1496,8289,0,19.946791443850262,0.0,0
University,Swargate,11,3,0,1582,7766,0,17.672313527180783,0.0,1
University,Swargate,11,3,1,1939,9143,0,16.97514182568334,0.0,0
University,Swargate,11,3,2,1660,8289,0,17.976144578313253,0.0,0
University,Swargate,13,3,0,1768,8289,0,16.87805429864253,0.0,1
University,Swargate,13,3,1,2047,9642,0,16.957107962872495,0.0,0
University,Swargate,13,3,2,1784,7766,0,15.671300448430491,0.0,0
University,Swargate,15,3,0,1819,8439,0,16.701704233095107,0.0,1
University,Swargate,15,3,1,2028,9699,0,17.21715976331361,0.0,0
University,Swargate,15,3,2,2075,8592,0,14.906602409638555,0.0,0
University,Swargate,17,3,0,1837,8289,0,16.244093630919977,0.0,1
University,Swargate,17,3,1,2101,9694,0,16.610376011423135,0.0,0
University,Swargate,17,3,2,2124,8500,0,14.40677966101695,0.0,0
University,Swargate,19,3,0,1699,7766,0,16.45532666274279,0.0,1
University,Swargate,19,3,1,2007,9143,0,16.400000000000002,0.0,0
University,Swargate,19,3,2,1752,8289,0,17.032191780821915,0.0,0
University,Swargate,21,3,0,1276,7766,0,21.910344827586208,0.0,1
University,Swargate,21,3,1,1528,9143,0,21.54109947643979,0.0,0
University,Swargate,21,3,2,1542,8322,0,19.428793774319065,0.0,0
University,Swargate,23,3,0,1095,7766,0,25.53205479452055,0.0,1
University,Swargate,23,3,1,1314,9205,0,25.21917808219178,0.0,0
University,Swargate,23,3,2,1350,8461,0,22.56266666666667,0.0,0
University,Swargate,7,4,0,1141,7766,0,24.502716914986856,0.0,1
University,Swargate,7,4,1,1377,9205,0,24.065359477124183,0.0,0
University,Swargate,7,4,2,1401,8461,0,21.741327623126335,0.0,0
University,Swargate,9,4,0,1270,7766,0,22.01385826771653,0.0,1
University,Swargate,9,4,1,1481,9366,0,22.76677920324105,0.0,0
University,Swargate,9,4,2,1420,9791,0,24.82225352112676,0.0,0
University,Swargate,11,4,0,1470,7766,0,19.018775510204083,0.0,1
University,Swargate,11,4,1,1631,9205,0,20.317596566523605,0.0,0
University,Swargate,11,4,2,1495,9791,0,23.576989966555185,0.0,0
University,Swargate,13,4,0,1503,8289,0,19.853892215568862,0.0,1
University,Swargate,13,4,1,1719,9664,0,20.23874345549738,0.0,0
University,Swargate,13,4,2,1540,9791,0,22.88805194805195,0.0,0
University,Swargate,15,4,0,1511,8439,0,20.10615486432826,0.0,1
University,Swargate,15,4,1,1705,9722,0,20.527390029325517,0.0,0
University,Swargate,15,4,2,1585,9791,0,22.238233438485807,0.0,0
University,Swargate,17,4,0,1550,8289,0,19.251870967741933,0.0,1
University,Swargate,17,4,1,1756,9661,0,19.80615034168565,0.0,0
University,Swargate,17,4,2,1786,8505,0,17.14333706606943,0.0,0
University,Swargate,19,4,0,1553,7766,0,18.002318094011592,0.0,1
University,Swargate,19,4,1,1747,9205,0,18.968517458500287,0.0,0
University,Swargate,19,4,2,1577,9791,0,22.351046290424858,0.0,0
University,Swargate,21,4,0,1232,7766,0,22.692857142857143,0.0,1
University,Swargate,21,4,1,1469,9205,0,22.55820285908781,0.0,0
University,Swargate,21,4,2,1497,8322,0,20.0128256513026,0.0,0
University,Swargate,23,4,0,1095,7766,0,25.53205479452055,0.0,1
University,Swargate,23,4,1,1314,9205,0,25.21917808219178,0.0,0
University,Swargate,23,4,2,1350,8461,0,22.56266666666667,0.0,0
University,Swargate,7,5,0,1139,7766,0,24.54574187884109,0.0,1
University,Swargate,7,5,1,1408,9205,0,23.535511363636363,0.0,0
University,Swargate,7,5,2,1426,8461,0,21.3601683029453,0.0,0
University,Swargate,9,5,0,1301,7766,0,21.489315910837817,0.0,1
University,Swargate,9,5,1,1684,9143,0,19.54560570071259,0.0,0
University,Swargate,9,5,2,1652,8322,0,18.13510895883777,0.0,0
University,Swargate,11,5,0,1494,7766,0,18.713253012048195,0.0,1
University,Swargate,11,5,1,1922,9143,0,17.125286160249743,0.0,0
University,Swargate,11,5,2,1679,8289,0,17.772721858248957,0.0,0
University,Swargate,13,5,0,1568,7766,0,17.830102040816328,0.0,1
University,Swargate,13,5,1,1971,9703,0,17.722374429223745,0.0,0
University,Swargate,13,5,2,1714,8289,0,17.4098016336056,0.0,0
University,Swargate,15,5,0,1581,7766,0,17.68349146110057,0.0,1
University,Swargate,15,5,1,1856,9602,0,18.62456896551724,0.0,0
University,Swargate,15,5,2,1706,8439,0,17.807971864009378,0.0,0
University,Swargate,17,5,0,1663,7766,0,16.811545399879737,0.0,1
University,Swargate,17,5,1,2038,9595,0,16.948969578017664,0.0,0
University,Swargate,17,5,2,1747,8439,0,17.39004006868918,0.0,0
University,Swargate,19,5,0,1586,7766,0,17.627742749054224,0.0,1
University,Swargate,19,5,1,1973,9143,0,16.682615306639637,0.0,0
University,Swargate,19,5,2,1851,8322,0,16.185413290113452,0.0,0
University,Swargate,21,5,0,1239,7766,0,22.564648910411623,0.0,1
University,Swargate,21,5,1,1515,9143,0,21.72594059405941,0.0,0
University,Swargate,21,5,2,1520,8322,0,19.71,0.0,0
University,Swargate,23,5,0,1095,7766,0,25.53205479452055,0.0,1
University,Swargate,23,5,1,1314,9205,0,25.21917808219178,0.0,0
University,Swargate,23,5,2,1350,8461,0,22.56266666666667,0.0,0
University,Swargate,7,6,0,1140,7766,0,24.52421052631579,0.0,1
University,Swargate,7,6,1,1408,9205,0,23.535511363636363,0.0,0
University,Swargate,7,6,2,1428,8461,0,21.330252100840337,0.0,0
University,Swargate,9,6,0,1324,7766,0,21.116012084592143,0.0,1
University,Swargate,9,6,1,1711,9143,0,19.23717124488603,0.0,0
University,Swargate,9,6,2,1670,8322,0,17.93964071856287,0.0,0
University,Swargate,11,6,0,1557,7766,0,17.95606936416185,0.0,1
University,Swargate,11,6,1,1981,9143,0,16.615244825845533,0.0,0
University,Swargate,11,6,2,1765,8439,0,17.212691218130313,0.0,0
University,Swargate,13,6,0,1623,7766,0,17.22587800369686,0.0,1
University,Swargate,13,6,1,1990,9642,0,17.44281407035176,0.0,0
University,Swargate,13,6,2,1790,8439,0,16.972290502793296,0.0,0
University,Swargate,15,6,0,1649,7766,0,16.954275318374773,0.0,1
University,Swargate,15,6,1,1864,9602,0,18.544635193133047,0.0,0
University,Swargate,15,6,2,1747,8439,0,17.39004006868918,0.0,0
University,Swargate,17,6,0,1718,7766,0,16.27334109429569,0.0,1
University,Swargate,17,6,1,2035,9595,0,16.973955773955776,0.0,0
University,Swargate,17,6,2,1802,8439,0,16.859267480577138,0.0,0
University,Swargate,19,6,0,1614,7766,0,17.32193308550186,0.0,1
University,Swargate,19,6,1,1983,9143,0,16.59848714069592,0.0,0
University,Swargate,19,6,2,1871,8322,0,16.012399786210583,0.0,0
University,Swargate,21,6,0,1245,7766,0,22.45590361445783,0.0,1
University,Swargate,21,6,1,1522,9143,0,21.62601839684626,0.0,0
University,Swargate,21,6,2,1520,8461,0,20.03921052631579,0.0,0
University,Swargate,23,6,0,1095,7766,0,25.53205479452055,0.0,1
University,Swargate,23,6,1,1314,9205,0,25.21917808219178,0.0,0
University,Swargate,23,6,2,1350,8461,0,22.56266666666667,0.0,0
University,Hinjewadi,7,0,0,1424,12430,0,31.424157303370787,0.0,1
University,Hinjewadi,7,0,1,1808,14464,0,28.8,0.0,0
University,Hinjewadi,7,0,2,1449,12775,0,31.73913043478261,0.0,0
University,Hinjewadi,9,0,0,1684,12430,0,26.572446555819475,0.0,1
University,Hinjewadi,9,0,1,2169,14464,0,24.006639004149378,0.0,0
University,Hinjewadi,9,0,2,1927,14973,0,27.972392319667883,0.0,0
University,Hinjewadi,11,0,0,1741,12430,0,25.702469844916717,0.0,1
University,Hinjewadi,11,0,1,2283,14464,0,22.807884362680685,0.0,0
University,Hinjewadi,11,0,2,1992,14973,0,27.059638554216868,0.0,0
University,Hinjewadi,13,0,0,1628,12430,0,27.486486486486484,0.0,1
University,Hinjewadi,13,0,1,2139,14464,0,24.34333800841515,0.0,0
University,Hinjewadi,13,0,2,1656,12775,0,27.77173913043478,0.0,0
University,Hinjewadi,15,0,0,1563,12430,0,28.6295585412668,0.0,1
University,Hinjewadi,15,0,1,1987,14464,0,26.20553598389532,0.0,0
University,Hinjewadi,15,0,2,1590,12775,0,28.924528301886795,0.0,0
University,Hinjewadi,17,0,0,1801,12430,0,24.84619655746807,0.0,1
University,Hinjewadi,17,0,1,2176,16851,0,27.87849264705882,0.0,0
University,Hinjewadi,17,0,2,2330,14464,0,22.347811158798283,0.0,0
University,Hinjewadi,19,0,0,1952,12430,0,22.92418032786885,0.0,1
University,Hinjewadi,19,0,1,2281,16851,0,26.595177553704517,0.0,0
University,Hinjewadi,19,0,2,2481,14464,0,20.987666263603383,0.0,0
University,Hinjewadi,21,0,0,1471,12430,0,30.420122365737598,0.0,1
University,Hinjewadi,21,0,1,1855,14464,0,28.07029649595688,0.0,0
University,Hinjewadi,21,0,2,1496,12775,0,30.74197860962567,0.0,0
University,Hinjewadi,23,0,0,1323,12430,0,33.82312925170068,0.0,1
University,Hinjewadi,23,0,1,1661,14464,0,31.348826008428656,0.0,0
University,Hinjewadi,23,0,2,1348,12775,0,34.11721068249258,0.0,0
University,Hinjewadi,7,1,0,1414,12430,0,31.646393210749647,0.0,1
University,Hinjewadi,7,1,1,1822,14464,0,28.57870472008782,0.0,0
University,Hinjewadi,7,1,2,1444,12775,0,31.84903047091413,0.0,0
University,Hinjewadi,9,1,0,1633,12430,0,27.402327005511328,0.0,1
University,Hinjewadi,9,1,1,2106,14464,0,24.72478632478633,0.0,0
University,Hinjewadi,9,1,2,1652,12775,0,27.838983050847457,0.0,0
University,Hinjewadi,11,1,0,1699,12430,0,26.337845791642145,0.0,1
University,Hinjewadi,11,1,1,2216,14464,0,23.49747292418773,0.0,0
University,Hinjewadi,11,1,2,1709,12775,0,26.910473961380927,0.0,0
University,Hinjewadi,13,1,0,1612,12430,0,27.759305210918114,0.0,1
University,Hinjewadi,13,1,1,2083,14464,0,24.99779164666347,0.0,0
University,Hinjewadi,13,1,2,1634,12775,0,28.145654834761324,0.0,0
University,Hinjewadi,15,1,0,1557,12430,0,28.739884393063583,0.0,1
University,Hinjewadi,15,1,1,1954,14464,0,26.64810644831116,0.0,0
University,Hinjewadi,15,1,2,1587,12775,0,28.979206049149337,0.0,0
University,Hinjewadi,17,1,0,1763,12430,0,25.381735677821894,0.0,1
University,Hinjewadi,17,1,1,2253,14464,0,23.111584553928097,0.0,0
University,Hinjewadi,17,1,2,2141,16851,0,28.334236338159734,0.0,0
University,Hinjewadi,19,1,0,1920,12430,0,23.30625,0.0,1
University,Hinjewadi,19,1,1,2232,16851,0,27.179032258064517,0.0,0
University,Hinjewadi,19,1,2,2391,14464,0,21.77766624843162,0.0,0
University,Hinjewadi,21,1,0,1466,12430,0,30.52387448840382,0.0,1
University,Hinjewadi,21,1,1,1834,14464,0,28.3917121046892,0.0,0
University,Hinjewadi,21,1,2,1489,12775,0,30.886501007387512,0.0,0
University,Hinjewadi,23,1,0,1323,12430,0,33.82312925170068,0.0,1
University,Hinjewadi,23,1,1,1661,14464,0,31.348826008428656,0.0,0
University,Hinjewadi,23,1,2,1348,12775,0,34.11721068249258,0.0,0
University,Hinjewadi,7,2,0,1400,12430,0,31.962857142857143,0.0,1
University,Hinjewadi,7,2,1,1788,14464,0,29.122147651006717,0.0,0
University,Hinjewadi,7,2,2,1423,12775,0,32.31904427266339,0.0,0
University,Hinjewadi,9,2,0,1594,12430,0,28.07277289836888,0.0,1
University,Hinjewadi,9,2,1,2044,14464,0,25.47475538160469,0.0,0
University,Hinjewadi,9,2,2,1610,12775,0,28.565217391304348,0.0,0
University,Hinjewadi,11,2,0,1662,12430,0,26.924187725631768,0.0,1
University,Hinjewadi,11,2,1,2142,14464,0,24.309243697478998,0.0,0
University,Hinjewadi,11,2,2,1675,12775,0,27.45671641791045,0.0,0
University,Hinjewadi,13,2,0,1607,12430,0,27.84567517112632,0.0,1
University,Hinjewadi,13,2,1,2077,14464,0,25.07000481463649,0.0,0
University,Hinjewadi,13,2,2,1636,12775,0,28.111246943765284,0.0,0
University,Hinjewadi,15,2,0,1555,12430,0,28.77684887459807,0.0,1
University,Hinjewadi,15,2,1,1947,14464,0,26.74391371340524,0.0,0
University,Hinjewadi,15,2,2,1581,12775,0,29.089184060721063,0.0,0
University,Hinjewadi,17,2,0,1772,12430,0,25.252821670428894,0.0,1
University,Hinjewadi,17,2,1,2240,14464,0,23.24571428571429,0.0,0
University,Hinjewadi,17,2,2,2125,16851,0,28.547576470588236,0.0,0
University,Hinjewadi,19,2,0,1936,12430,0,23.113636363636363,0.0,1
University,Hinjewadi,19,2,1,2264,16851,0,26.79487632508833,0.0,0
University,Hinjewadi,19,2,2,2430,14464,0,21.428148148148143,0.0,0
University,Hinjewadi,21,2,0,1482,12430,0,30.194331983805665,0.0,1
University,Hinjewadi,21,2,1,1860,14464,0,27.994838709677417,0.0,0
University,Hinjewadi,21,2,2,1507,12775,0,30.51758460517585,0.0,0
University,Hinjewadi,23,2,0,1323,12430,0,33.82312925170068,0.0,1
University,Hinjewadi,23,2,1,1661,14464,0,31.348826008428656,0.0,0
University,Hinjewadi,23,2,2,1348,12775,0,34.11721068249258,0.0,0
University,Hinjewadi,7,3,0,1376,12430,0,32.5203488372093,0.0,1
University,Hinjewadi,7,3,1,1739,14464,0,29.942725704427836,0.0,0
University,Hinjewadi,7,3,2,1402,12775,0,32.803138373751786,0.0,0
University,Hinjewadi,9,3,0,1509,12430,0,29.65407554671968,0.0,1
University,Hinjewadi,9,3,1,1910,14464,0,27.26198952879581,0.0,0
University,Hinjewadi,9,3,2,1528,12775,0,30.098167539267017,0.0,0
University,Hinjewadi,11,3,0,1563,12430,0,28.6295585412668,0.0,1
University,Hinjewadi,11,3,1,2035,14464,0,25.587420147420147,0.0,0
University,Hinjewadi,11,3,2,1582,12775,0,29.07079646017699,0.0,0
University,Hinjewadi,13,3,0,1592,12430,0,28.108040201005025,0.0,1
University,Hinjewadi,13,3,1,2126,14464,0,24.49219190968956,0.0,0
University,Hinjewadi,13,3,2,1621,12775,0,28.37137569401604,0.0,0
University,Hinjewadi,15,3,0,1584,12430,0,28.25,0.0,1
University,Hinjewadi,15,3,1,2107,14464,0,24.713051732320835,0.0,0
University,Hinjewadi,15,3,2,1618,12775,0,28.423980222496912,0.0,0
University,Hinjewadi,17,3,0,1720,12430,0,26.01627906976744,0.0,1
University,Hinjewadi,17,3,1,2215,14464,0,23.508081264108352,0.0,0
University,Hinjewadi,17,3,2,2090,16851,0,29.02564593301435,0.0,0
University,Hinjewadi,19,3,0,1823,12430,0,24.54635216675809,0.0,1
University,Hinjewadi,19,3,1,2241,14464,0,23.23534136546185,0.0,0
University,Hinjewadi,19,3,2,2137,16851,0,28.38727187646233,0.0,0
University,Hinjewadi,21,3,0,1483,12430,0,30.173971679028995,0.0,1
University,Hinjewadi,21,3,1,1861,14464,0,27.979795808705,0.0,0
University,Hinjewadi,21,3,2,1509,12775,0,30.47713717693837,0.0,0
University,Hinjewadi,23,3,0,1323,12430,0,33.82312925170068,0.0,1
University,Hinjewadi,23,3,1,1660,14464,0,31.36771084337349,0.0,0
University,Hinjewadi,23,3,2,1348,12775,0,34.11721068249258,0.0,0
University,Hinjewadi,7,4,0,1360,12430,0,32.90294117647059,0.0,1
University,Hinjewadi,7,4,1,1712,14464,0,30.41495327102804,0.0,0
University,Hinjewadi,7,4,2,1387,12775,0,33.15789473684211,0.0,0
University,Hinjewadi,9,4,0,1430,12430,0,31.29230769230769,0.0,1
University,Hinjewadi,9,4,1,1812,14464,0,28.736423841059604,0.0,0
University,Hinjewadi,9,4,2,1458,12775,0,31.54320987654321,0.0,0
University,Hinjewadi,11,4,0,1483,12430,0,30.173971679028995,0.0,1
University,Hinjewadi,11,4,1,1852,14464,0,28.115766738660906,0.0,0
University,Hinjewadi,11,4,2,1511,12775,0,30.436796823295836,0.0,0
University,Hinjewadi,13,4,0,1499,12430,0,29.851901267511675,0.0,1
University,Hinjewadi,13,4,1,1870,14464,0,27.84513368983957,0.0,0
University,Hinjewadi,13,4,2,1536,12775,0,29.94140625,0.0,0
University,Hinjewadi,15,4,0,1517,12430,0,29.497692814765987,0.0,1
University,Hinjewadi,15,4,1,1846,14464,0,28.20715059588299,0.0,0
University,Hinjewadi,15,4,2,1550,12775,0,29.670967741935485,0.0,0
University,Hinjewadi,17,4,0,1608,12430,0,27.828358208955223,0.0,1
University,Hinjewadi,17,4,1,1950,14464,0,26.702769230769235,0.0,0
University,Hinjewadi,17,4,2,1964,16851,0,30.887780040733197,0.0,0
University,Hinjewadi,19,4,0,1641,12430,0,27.26873857404022,0.0,1
University,Hinjewadi,19,4,1,2034,14464,0,25.6,0.0,0
University,Hinjewadi,19,4,2,1654,12775,0,27.805320435308342,0.0,0
University,Hinjewadi,21,4,0,1436,12430,0,31.161559888579387,0.0,1
University,Hinjewadi,21,4,1,1807,14464,0,28.81593801881572,0.0,0
University,Hinjewadi,21,4,2,1464,12775,0,31.41393442622951,0.0,0
University,Hinjewadi,23,4,0,1323,12430,0,33.82312925170068,0.0,1
University,Hinjewadi,23,4,1,1660,14464,0,31.36771084337349,0.0,0
University,Hinjewadi,23,4,2,1348,12775,0,34.11721068249258,0.0,0
University,Hinjewadi,7,5,0,1418,12430,0,31.55712270803949,0.0,1
University,Hinjewadi,7,5,1,1795,14464,0,29.00857938718663,0.0,0
University,Hinjewadi,7,5,2,1442,12775,0,31.893203883495147,0.0,0
University,Hinjewadi,9,5,0,1634,12430,0,27.38555691554468,0.0,1
University,Hinjewadi,9,5,1,2113,14464,0,24.64287742546143,0.0,0
University,Hinjewadi,9,5,2,1888,14973,0,28.55021186440678,0.0,0
University,Hinjewadi,11,5,0,1686,12430,0,26.54092526690392,0.0,1
University,Hinjewadi,11,5,1,2219,14464,0,23.465705272645337,0.0,0
University,Hinjewadi,11,5,2,1698,12775,0,27.084805653710248,0.0,0
University,Hinjewadi,13,5,0,1598,12430,0,28.002503128911137,0.0,1
University,Hinjewadi,13,5,1,2073,14464,0,25.11837916063676,0.0,0
University,Hinjewadi,13,5,2,1627,12775,0,28.266748617086662,0.0,0
University,Hinjewadi,15,5,0,1549,12430,0,28.88831504196256,0.0,1
University,Hinjewadi,15,5,1,1932,14464,0,26.95155279503106,0.0,0
University,Hinjewadi,15,5,2,1575,12775,0,29.2,0.0,0
University,Hinjewadi,17,5,0,1767,12430,0,25.32427843803056,0.0,1
University,Hinjewadi,17,5,1,2236,14464,0,23.287298747763867,0.0,0
University,Hinjewadi,17,5,2,2111,16851,0,28.736901942207485,0.0,0
University,Hinjewadi,19,5,0,1923,12430,0,23.269890795631824,0.0,1
University,Hinjewadi,19,5,1,2235,16851,0,27.14255033557047,0.0,0
University,Hinjewadi,19,5,2,2415,14464,0,21.56124223602485,0.0,0
University,Hinjewadi,21,5,0,1463,12430,0,30.586466165413533,0.0,1
University,Hinjewadi,21,5,1,1844,14464,0,28.23774403470716,0.0,0
University,Hinjewadi,21,5,2,1490,12775,0,30.86577181208054,0.0,0
University,Hinjewadi,23,5,0,1323,12430,0,33.82312925170068,0.0,1
University,Hinjewadi,23,5,1,1661,14464,0,31.348826008428656,0.0,0
University,Hinjewadi,23,5,2,1348,12775,0,34.11721068249258,0.0,0
University,Hinjewadi,7,6,0,1427,12430,0,31.35809390329362,0.0,1
University,Hinjewadi,7,6,1,1800,14464,0,28.928,0.0,0
University,Hinjewadi,7,6,2,1455,12775,0,31.608247422680414,0.0,0
University,Hinjewadi,9,6,0,1691,12430,0,26.462448255470136,0.0,1
University,Hinjewadi,9,6,1,2160,14402,0,24.00333333333333,0.0,0
University,Hinjewadi,9,6,2,1941,14973,0,27.77063369397218,0.0,0
University,Hinjewadi,11,6,0,1758,12430,0,25.453924914675767,0.0,1
University,Hinjewadi,11,6,1,2282,14402,0,22.720070113935144,0.0,0
University,Hinjewadi,11,6,2,2011,14973,0,26.803978120338144,0.0,0
University,Hinjewadi,13,6,0,1638,12430,0,27.31868131868132,0.0,1
University,Hinjewadi,13,6,1,2118,14464,0,24.58470254957507,0.0,0
University,Hinjewadi,13,6,2,1663,12775,0,27.654840649428746,0.0,0
University,Hinjewadi,15,6,0,1565,12430,0,28.59297124600639,0.0,1
University,Hinjewadi,15,6,1,1975,14464,0,26.364759493670885,0.0,0
University,Hinjewadi,15,6,2,1595,12775,0,28.833855799373044,0.0,0
University,Hinjewadi,17,6,0,1794,12430,0,24.943143812709028,0.0,1
University,Hinjewadi,17,6,1,2311,14464,0,22.53154478580701,0.0,0
University,Hinjewadi,17,6,2,2163,16851,0,28.046047156726768,0.0,0
University,Hinjewadi,19,6,0,1954,12430,0,22.9007164790174,0.0,1
University,Hinjewadi,19,6,1,2264,16851,0,26.79487632508833,0.0,0
University,Hinjewadi,19,6,2,2456,14464,0,21.201302931596093,0.0,0
University,Hinjewadi,21,6,0,1472,12430,0,30.39945652173913,0.0,1
University,Hinjewadi,21,6,1,1844,14464,0,28.23774403470716,0.0,0
University,Hinjewadi,21,6,2,1498,12775,0,30.700934579439256,0.0,0
University,Hinjewadi,23,6,0,1323,12430,0,33.82312925170068,0.0,1
University,Hinjewadi,23,6,1,1661,14464,0,31.348826008428656,0.0,0
University,Hinjewadi,23,6,2,1348,12775,0,34.11721068249258,0.0,0
University,Hinjewadi,7,0,0,1424,12430,0,31.424157303370787,0.0,1
University,Hinjewadi,7,0,1,1808,14464,0,28.8,0.0,0
University,Hinjewadi,7,0,2,1449,12775,0,31.73913043478261,0.0,0
University,Hinjewadi,9,0,0,1684,12430,0,26.572446555819475,0.0,1
University,Hinjewadi,9,0,1,2169,14464,0,24.006639004149378,0.0,0
University,Hinjewadi,9,0,2,1927,14973,0,27.972392319667883,0.0,0
University,Hinjewadi,11,0,0,1741,12430,0,25.702469844916717,0.0,1
University,Hinjewadi,11,0,1,2283,14464,0,22.807884362680685,0.0,0
University,Hinjewadi,11,0,2,1992,14973,0,27.059638554216868,0.0,0
University,Hinjewadi,13,0,0,1628,12430,0,27.486486486486484,0.0,1
University,Hinjewadi,13,0,1,2139,14464,0,24.34333800841515,0.0,0
University,Hinjewadi,13,0,2,1656,12775,0,27.77173913043478,0.0,0
University,Hinjewadi,15,0,0,1563,12430,0,28.6295585412668,0.0,1
University,Hinjewadi,15,0,1,1987,14464,0,26.20553598389532,0.0,0
University,Hinjewadi,15,0,2,1590,12775,0,28.924528301886795,0.0,0
University,Hinjewadi,17,0,0,1801,12430,0,24.84619655746807,0.0,1
University,Hinjewadi,17,0,1,2176,16851,0,27.87849264705882,0.0,0
University,Hinjewadi,17,0,2,2330,14464,0,22.347811158798283,0.0,0
University,Hinjewadi,19,0,0,1952,12430,0,22.92418032786885,0.0,1
University,Hinjewadi,19,0,1,2281,16851,0,26.595177553704517,0.0,0
University,Hinjewadi,19,0,2,2481,14464,0,20.987666263603383,0.0,0
University,Hinjewadi,21,0,0,1471,12430,0,30.420122365737598,0.0,1
University,Hinjewadi,21,0,1,1855,14464,0,28.07029649595688,0.0,0
University,Hinjewadi,21,0,2,1496,12775,0,30.74197860962567,0.0,0
University,Hinjewadi,23,0,0,1323,12430,0,33.82312925170068,0.0,1
University,Hinjewadi,23,0,1,1661,14464,0,31.348826008428656,0.0,0
University,Hinjewadi,23,0,2,1348,12775,0,34.11721068249258,0.0,0
University,Hinjewadi,7,1,0,1414,12430,0,31.646393210749647,0.0,1
University,Hinjewadi,7,1,1,1822,14464,0,28.57870472008782,0.0,0
University,Hinjewadi,7,1,2,1444,12775,0,31.84903047091413,0.0,0
University,Hinjewadi,9,1,0,1633,12430,0,27.402327005511328,0.0,1
University,Hinjewadi,9,1,1,2106,14464,0,24.72478632478633,0.0,0
University,Hinjewadi,9,1,2,1652,12775,0,27.838983050847457,0.0,0
University,Hinjewadi,11,1,0,1699,12430,0,26.337845791642145,0.0,1
University,Hinjewadi,11,1,1,2216,14464,0,23.49747292418773,0.0,0
University,Hinjewadi,11,1,2,1709,12775,0,26.910473961380927,0.0,0
University,Hinjewadi,13,1,0,1612,12430,0,27.759305210918114,0.0,1
University,Hinjewadi,13,1,1,2083,14464,0,24.99779164666347,0.0,0
University,Hinjewadi,13,1,2,1634,12775,0,28.145654834761324,0.0,0
University,Hinjewadi,15,1,0,1557,12430,0,28.739884393063583,0.0,1
University,Hinjewadi,15,1,1,1954,14464,0,26.64810644831116,0.0,0
University,Hinjewadi,15,1,2,1587,12775,0,28.979206049149337,0.0,0
University,Hinjewadi,17,1,0,1763,12430,0,25.381735677821894,0.0,1
University,Hinjewadi,17,1,1,2253,14464,0,23.111584553928097,0.0,0
University,Hinjewadi,17,1,2,2141,16851,0,28.334236338159734,0.0,0
University,Hinjewadi,19,1,0,1920,12430,0,23.30625,0.0,1
University,Hinjewadi,19,1,1,2232,16851,0,27.179032258064517,0.0,0
University,Hinjewadi,19,1,2,2391,14464,0,21.77766624843162,0.0,0
University,Hinjewadi,21,1,0,1466,12430,0,30.52387448840382,0.0,1
University,Hinjewadi,21,1,1,1834,14464,0,28.3917121046892,0.0,0
University,Hinjewadi,21,1,2,1489,12775,0,30.886501007387512,0.0,0
University,Hinjewadi,23,1,0,1323,12430,0,33.82312925170068,0.0,1
University,Hinjewadi,23,1,1,1661,14464,0,31.348826008428656,0.0,0
University,Hinjewadi,23,1,2,1348,12775,0,34.11721068249258,0.0,0
University,Hinjewadi,7,2,0,1400,12430,0,31.962857142857143,0.0,1
University,Hinjewadi,7,2,1,1788,14464,0,29.122147651006717,0.0,0
University,Hinjewadi,7,2,2,1423,12775,0,32.31904427266339,0.0,0
University,Hinjewadi,9,2,0,1594,12430,0,28.07277289836888,0.0,1
University,Hinjewadi,9,2,1,2044,14464,0,25.47475538160469,0.0,0
University,Hinjewadi,9,2,2,1610,12775,0,28.565217391304348,0.0,0
University,Hinjewadi,11,2,0,1662,12430,0,26.924187725631768,0.0,1
University,Hinjewadi,11,2,1,2142,14464,0,24.309243697478998,0.0,0
University,Hinjewadi,11,2,2,1675,12775,0,27.45671641791045,0.0,0
University,Hinjewadi,13,2,0,1607,12430,0,27.84567517112632,0.0,1
University,Hinjewadi,13,2,1,2077,14464,0,25.07000481463649,0.0,0
University,Hinjewadi,13,2,2,1636,12775,0,28.111246943765284,0.0,0
University,Hinjewadi,15,2,0,1555,12430,0,28.77684887459807,0.0,1
University,Hinjewadi,15,2,1,1947,14464,0,26.74391371340524,0.0,0
University,Hinjewadi,15,2,2,1581,12775,0,29.089184060721063,0.0,0
University,Hinjewadi,17,2,0,1772,12430,0,25.252821670428894,0.0,1
University,Hinjewadi,17,2,1,2240,14464,0,23.24571428571429,0.0,0
University,Hinjewadi,17,2,2,2125,16851,0,28.547576470588236,0.0,0
University,Hinjewadi,19,2,0,1936,12430,0,23.113636363636363,0.0,1
University,Hinjewadi,19,2,1,2264,16851,0,26.79487632508833,0.0,0
University,Hinjewadi,19,2,2,2430,14464,0,21.428148148148143,0.0,0
University,Hinjewadi,21,2,0,1482,12430,0,30.194331983805665,0.0,1
University,Hinjewadi,21,2,1,1860,14464,0,27.994838709677417,0.0,0
University,Hinjewadi,21,2,2,1507,12775,0,30.51758460517585,0.0,0
University,Hinjewadi,23,2,0,1323,12430,0,33.82312925170068,0.0,1
University,Hinjewadi,23,2,1,1661,14464,0,31.348826008428656,0.0,0
University,Hinjewadi,23,2,2,1348,12775,0,34.11721068249258,0.0,0
University,Hinjewadi,7,3,0,1376,12430,0,32.5203488372093,0.0,1
University,Hinjewadi,7,3,1,1739,14464,0,29.942725704427836,0.0,0
University,Hinjewadi,7,3,2,1402,12775,0,32.803138373751786,0.0,0
University,Hinjewadi,9,3,0,1509,12430,0,29.65407554671968,0.0,1
University,Hinjewadi,9,3,1,1910,14464,0,27.26198952879581,0.0,0
University,Hinjewadi,9,3,2,1528,12775,0,30.098167539267017,0.0,0
University,Hinjewadi,11,3,0,1563,12430,0,28.6295585412668,0.0,1
University,Hinjewadi,11,3,1,2035,14464,0,25.587420147420147,0.0,0
University,Hinjewadi,11,3,2,1582,12775,0,29.07079646017699,0.0,0
University,Hinjewadi,13,3,0,1592,12430,0,28.108040201005025,0.0,1
University,Hinjewadi,13,3,1,2126,14464,0,24.49219190968956,0.0,0
University,Hinjewadi,13,3,2,1621,12775,0,28.37137569401604,0.0,0
University,Hinjewadi,15,3,0,1584,12430,0,28.25,0.0,1
University,Hinjewadi,15,3,1,2107,14464,0,24.713051732320835,0.0,0
University,Hinjewadi,15,3,2,1618,12775,0,28.423980222496912,0.0,0
University,Hinjewadi,17,3,0,1720,12430,0,26.01627906976744,0.0,1
University,Hinjewadi,17,3,1,2215,14464,0,23.508081264108352,0.0,0
University,Hinjewadi,17,3,2,2090,16851,0,29.02564593301435,0.0,0
University,Hinjewadi,19,3,0,1823,12430,0,24.54635216675809,0.0,1
University,Hinjewadi,19,3,1,2241,14464,0,23.23534136546185,0.0,0
University,Hinjewadi,19,3,2,2137,16851,0,28.38727187646233,0.0,0
University,Hinjewadi,21,3,0,1483,12430,0,30.173971679028995,0.0,1
University,Hinjewadi,21,3,1,1861,14464,0,27.979795808705,0.0,0
University,Hinjewadi,21,3,2,1509,12775,0,30.47713717693837,0.0,0
University,Hinjewadi,23,3,0,1323,12430,0,33.82312925170068,0.0,1
University,Hinjewadi,23,3,1,1660,14464,0,31.36771084337349,0.0,0
University,Hinjewadi,23,3,2,1348,12775,0,34.11721068249258,0.0,0
University,Hinjewadi,7,4,0,1360,12430,0,32.90294117647059,0.0,1
University,Hinjewadi,7,4,1,1712,14464,0,30.41495327102804,0.0,0
University,Hinjewadi,7,4,2,1387,12775,0,33.15789473684211,0.0,0
University,Hinjewadi,9,4,0,1430,12430,0,31.29230769230769,0.0,1
University,Hinjewadi,9,4,1,1812,14464,0,28.736423841059604,0.0,0
University,Hinjewadi,9,4,2,1458,12775,0,31.54320987654321,0.0,0
University,Hinjewadi,11,4,0,1483,12430,0,30.173971679028995,0.0,1
University,Hinjewadi,11,4,1,1852,14464,0,28.115766738660906,0.0,0
University,Hinjewadi,11,4,2,1511,12775,0,30.436796823295836,0.0,0
University,Hinjewadi,13,4,0,1499,12430,0,29.851901267511675,0.0,1
University,Hinjewadi,13,4,1,1870,14464,0,27.84513368983957,0.0,0
University,Hinjewadi,13,4,2,1536,12775,0,29.94140625,0.0,0
University,Hinjewadi,15,4,0,1517,12430,0,29.497692814765987,0.0,1
University,Hinjewadi,15,4,1,1846,14464,0,28.20715059588299,0.0,0
University,Hinjewadi,15,4,2,1550,12775,0,29.670967741935485,0.0,0
University,Hinjewadi,17,4,0,1608,12430,0,27.828358208955223,0.0,1
University,Hinjewadi,17,4,1,1950,14464,0,26.702769230769235,0.0,0
University,Hinjewadi,17,4,2,1964,16851,0,30.887780040733197,0.0,0
University,Hinjewadi,19,4,0,1641,12430,0,27.26873857404022,0.0,1
University,Hinjewadi,19,4,1,2034,14464,0,25.6,0.0,0
University,Hinjewadi,19,4,2,1654,12775,0,27.805320435308342,0.0,0
University,Hinjewadi,21,4,0,1436,12430,0,31.161559888579387,0.0,1
University,Hinjewadi,21,4,1,1807,14464,0,28.81593801881572,0.0,0
University,Hinjewadi,21,4,2,1464,12775,0,31.41393442622951,0.0,0
University,Hinjewadi,23,4,0,1323,12430,0,33.82312925170068,0.0,1
University,Hinjewadi,23,4,1,1660,14464,0,31.36771084337349,0.0,0
University,Hinjewadi,23,4,2,1348,12775,0,34.11721068249258,0.0,0
University,Hinjewadi,7,5,0,1418,12430,0,31.55712270803949,0.0,1
University,Hinjewadi,7,5,1,1795,14464,0,29.00857938718663,0.0,0
University,Hinjewadi,7,5,2,1442,12775,0,31.893203883495147,0.0,0
University,Hinjewadi,9,5,0,1634,12430,0,27.38555691554468,0.0,1
University,Hinjewadi,9,5,1,2113,14464,0,24.64287742546143,0.0,0
University,Hinjewadi,9,5,2,1888,14973,0,28.55021186440678,0.0,0
University,Hinjewadi,11,5,0,1686,12430,0,26.54092526690392,0.0,1
University,Hinjewadi,11,5,1,2219,14464,0,23.465705272645337,0.0,0
University,Hinjewadi,11,5,2,1698,12775,0,27.084805653710248,0.0,0
University,Hinjewadi,13,5,0,1598,12430,0,28.002503128911137,0.0,1
University,Hinjewadi,13,5,1,2073,14464,0,25.11837916063676,0.0,0
University,Hinjewadi,13,5,2,1627,12775,0,28.266748617086662,0.0,0
University,Hinjewadi,15,5,0,1549,12430,0,28.88831504196256,0.0,1
University,Hinjewadi,15,5,1,1932,14464,0,26.95155279503106,0.0,0
University,Hinjewadi,15,5,2,1575,12775,0,29.2,0.0,0
University,Hinjewadi,17,5,0,1767,12430,0,25.32427843803056,0.0,1
University,Hinjewadi,17,5,1,2236,14464,0,23.287298747763867,0.0,0
University,Hinjewadi,17,5,2,2111,16851,0,28.736901942207485,0.0,0
University,Hinjewadi,19,5,0,1923,12430,0,23.269890795631824,0.0,1
University,Hinjewadi,19,5,1,2235,16851,0,27.14255033557047,0.0,0
University,Hinjewadi,19,5,2,2415,14464,0,21.56124223602485,0.0,0
University,Hinjewadi,21,5,0,1463,12430,0,30.586466165413533,0.0,1
University,Hinjewadi,21,5,1,1844,14464,0,28.23774403470716,0.0,0
University,Hinjewadi,21,5,2,1490,12775,0,30.86577181208054,0.0,0
University,Hinjewadi,23,5,0,1323,12430,0,33.82312925170068,0.0,1
University,Hinjewadi,23,5,1,1661,14464,0,31.348826008428656,0.0,0
University,Hinjewadi,23,5,2,1348,12775,0,34.11721068249258,0.0,0
University,Hinjewadi,7,6,0,1427,12430,0,31.35809390329362,0.0,1
University,Hinjewadi,7,6,1,1800,14464,0,28.928,0.0,0
University,Hinjewadi,7,6,2,1455,12775,0,31.608247422680414,0.0,0
University,Hinjewadi,9,6,0,1691,12430,0,26.462448255470136,0.0,1
University,Hinjewadi,9,6,1,2160,14402,0,24.00333333333333,0.0,0
University,Hinjewadi,9,6,2,1941,14973,0,27.77063369397218,0.0,0
University,Hinjewadi,11,6,0,1758,12430,0,25.453924914675767,0.0,1
University,Hinjewadi,11,6,1,2282,14402,0,22.720070113935144,0.0,0
University,Hinjewadi,11,6,2,2011,14973,0,26.803978120338144,0.0,0
University,Hinjewadi,13,6,0,1638,12430,0,27.31868131868132,0.0,1
University,Hinjewadi,13,6,1,2118,14464,0,24.58470254957507,0.0,0
University,Hinjewadi,13,6,2,1663,12775,0,27.654840649428746,0.0,0
University,Hinjewadi,15,6,0,1565,12430,0,28.59297124600639,0.0,1
University,Hinjewadi,15,6,1,1975,14464,0,26.364759493670885,0.0,0
University,Hinjewadi,15,6,2,1595,12775,0,28.833855799373044,0.0,0
University,Hinjewadi,17,6,0,1794,12430,0,24.943143812709028,0.0,1
University,Hinjewadi,17,6,1,2311,14464,0,22.53154478580701,0.0,0
University,Hinjewadi,17,6,2,2163,16851,0,28.046047156726768,0.0,0
University,Hinjewadi,19,6,0,1954,12430,0,22.9007164790174,0.0,1
University,Hinjewadi,19,6,1,2264,16851,0,26.79487632508833,0.0,0
University,Hinjewadi,19,6,2,2456,14464,0,21.201302931596093,0.0,0
University,Hinjewadi,21,6,0,1472,12430,0,30.39945652173913,0.0,1
University,Hinjewadi,21,6,1,1844,14464,0,28.23774403470716,0.0,0
University,Hinjewadi,21,6,2,1498,12775,0,30.700934579439256,0.0,0
University,Hinjewadi,23,6,0,1323,12430,0,33.82312925170068,0.0,1
University,Hinjewadi,23,6,1,1661,14464,0,31.348826008428656,0.0,0
University,Hinjewadi,23,6,2,1348,12775,0,34.11721068249258,0.0,0
University,Hinjewadi,7,0,0,1424,12430,0,31.424157303370787,0.0,1
University,Hinjewadi,7,0,1,1808,14464,0,28.8,0.0,0
University,Hinjewadi,7,0,2,1449,12775,0,31.73913043478261,0.0,0
University,Hinjewadi,9,0,0,1684,12430,0,26.572446555819475,0.0,1
University,Hinjewadi,9,0,1,2169,14464,0,24.006639004149378,0.0,0
University,Hinjewadi,9,0,2,1927,14973,0,27.972392319667883,0.0,0
University,Hinjewadi,11,0,0,1741,12430,0,25.702469844916717,0.0,1
University,Hinjewadi,11,0,1,2283,14464,0,22.807884362680685,0.0,0
University,Hinjewadi,11,0,2,1992,14973,0,27.059638554216868,0.0,0
University,Hinjewadi,13,0,0,1628,12430,0,27.486486486486484,0.0,1
University,Hinjewadi,13,0,1,2139,14464,0,24.34333800841515,0.0,0
University,Hinjewadi,13,0,2,1656,12775,0,27.77173913043478,0.0,0
University,Hinjewadi,15,0,0,1563,12430,0,28.6295585412668,0.0,1
University,Hinjewadi,15,0,1,1987,14464,0,26.20553598389532,0.0,0
University,Hinjewadi,15,0,2,1590,12775,0,28.924528301886795,0.0,0
University,Hinjewadi,17,0,0,1801,12430,0,24.84619655746807,0.0,1
University,Hinjewadi,17,0,1,2176,16851,0,27.87849264705882,0.0,0
University,Hinjewadi,17,0,2,2330,14464,0,22.347811158798283,0.0,0
University,Hinjewadi,19,0,0,1952,12430,0,22.92418032786885,0.0,1
University,Hinjewadi,19,0,1,2281,16851,0,26.595177553704517,0.0,0
University,Hinjewadi,19,0,2,2481,14464,0,20.987666263603383,0.0,0
University,Hinjewadi,21,0,0,1471,12430,0,30.420122365737598,0.0,1
University,Hinjewadi,21,0,1,1855,14464,0,28.07029649595688,0.0,0
University,Hinjewadi,21,0,2,1496,12775,0,30.74197860962567,0.0,0
University,Hinjewadi,23,0,0,1323,12430,0,33.82312925170068,0.0,1
University,Hinjewadi,23,0,1,1661,14464,0,31.348826008428656,0.0,0
University,Hinjewadi,23,0,2,1348,12775,0,34.11721068249258,0.0,0
University,Hinjewadi,7,1,0,1414,12430,0,31.646393210749647,0.0,1
University,Hinjewadi,7,1,1,1822,14464,0,28.57870472008782,0.0,0
University,Hinjewadi,7,1,2,1444,12775,0,31.84903047091413,0.0,0
University,Hinjewadi,9,1,0,1633,12430,0,27.402327005511328,0.0,1
University,Hinjewadi,9,1,1,2106,14464,0,24.72478632478633,0.0,0
University,Hinjewadi,9,1,2,1652,12775,0,27.838983050847457,0.0,0
University,Hinjewadi,11,1,0,1699,12430,0,26.337845791642145,0.0,1
University,Hinjewadi,11,1,1,2216,14464,0,23.49747292418773,0.0,0
University,Hinjewadi,11,1,2,1709,12775,0,26.910473961380927,0.0,0
University,Hinjewadi,13,1,0,1612,12430,0,27.759305210918114,0.0,1
University,Hinjewadi,13,1,1,2083,14464,0,24.99779164666347,0.0,0
University,Hinjewadi,13,1,2,1634,12775,0,28.145654834761324,0.0,0
University,Hinjewadi,15,1,0,1557,12430,0,28.739884393063583,0.0,1
University,Hinjewadi,15,1,1,1954,14464,0,26.64810644831116,0.0,0
University,Hinjewadi,15,1,2,1587,12775,0,28.979206049149337,0.0,0
University,Hinjewadi,17,1,0,1763,12430,0,25.381735677821894,0.0,1
University,Hinjewadi,17,1,1,2253,14464,0,23.111584553928097,0.0,0
University,Hinjewadi,17,1,2,2141,16851,0,28.334236338159734,0.0,0
University,Hinjewadi,19,1,0,1920,12430,0,23.30625,0.0,1
University,Hinjewadi,19,1,1,2232,16851,0,27.179032258064517,0.0,0
University,Hinjewadi,19,1,2,2391,14464,0,21.77766624843162,0.0,0
University,Hinjewadi,21,1,0,1466,12430,0,30.52387448840382,0.0,1
University,Hinjewadi,21,1,1,1834,14464,0,28.3917121046892,0.0,0
University,Hinjewadi,21,1,2,1489,12775,0,30.886501007387512,0.0,0
University,Hinjewadi,23,1,0,1323,12430,0,33.82312925170068,0.0,1
University,Hinjewadi,23,1,1,1661,14464,0,31.348826008428656,0.0,0
University,Hinjewadi,23,1,2,1348,12775,0,34.11721068249258,0.0,0
University,Hinjewadi,7,2,0,1400,12430,0,31.962857142857143,0.0,1
University,Hinjewadi,7,2,1,1788,14464,0,29.122147651006717,0.0,0
University,Hinjewadi,7,2,2,1423,12775,0,32.31904427266339,0.0,0
University,Hinjewadi,9,2,0,1594,12430,0,28.07277289836888,0.0,1
University,Hinjewadi,9,2,1,2044,14464,0,25.47475538160469,0.0,0
University,Hinjewadi,9,2,2,1610,12775,0,28.565217391304348,0.0,0
University,Hinjewadi,11,2,0,1662,12430,0,26.924187725631768,0.0,1
University,Hinjewadi,11,2,1,2142,14464,0,24.309243697478998,0.0,0
University,Hinjewadi,11,2,2,1675,12775,0,27.45671641791045,0.0,0
University,Hinjewadi,13,2,0,1607,12430,0,27.84567517112632,0.0,1
University,Hinjewadi,13,2,1,2077,14464,0,25.07000481463649,0.0,0
University,Hinjewadi,13,2,2,1636,12775,0,28.111246943765284,0.0,0
University,Hinjewadi,15,2,0,1555,12430,0,28.77684887459807,0.0,1
University,Hinjewadi,15,2,1,1947,14464,0,26.74391371340524,0.0,0
University,Hinjewadi,15,2,2,1581,12775,0,29.089184060721063,0.0,0
University,Hinjewadi,17,2,0,1772,12430,0,25.252821670428894,0.0,1
University,Hinjewadi,17,2,1,2240,14464,0,23.24571428571429,0.0,0
University,Hinjewadi,17,2,2,2125,16851,0,28.547576470588236,0.0,0
University,Hinjewadi,19,2,0,1936,12430,0,23.113636363636363,0.0,1
University,Hinjewadi,19,2,1,2264,16851,0,26.79487632508833,0.0,0
University,Hinjewadi,19,2,2,2430,14464,0,21.428148148148143,0.0,0
University,Hinjewadi,21,2,0,1482,12430,0,30.194331983805665,0.0,1
University,Hinjewadi,21,2,1,1860,14464,0,27.994838709677417,0.0,0
University,Hinjewadi,21,2,2,1507,12775,0,30.51758460517585,0.0,0
University,Hinjewadi,23,2,0,1323,12430,0,33.82312925170068,0.0,1
University,Hinjewadi,23,2,1,1661,14464,0,31.348826008428656,0.0,0
University,Hinjewadi,23,2,2,1348,12775,0,34.11721068249258,0.0,0
University,Hinjewadi,7,3,0,1376,12430,0,32.5203488372093,0.0,1
University,Hinjewadi,7,3,1,1739,14464,0,29.942725704427836,0.0,0
University,Hinjewadi,7,3,2,1402,12775,0,32.803138373751786,0.0,0
University,Hinjewadi,9,3,0,1509,12430,0,29.65407554671968,0.0,1
University,Hinjewadi,9,3,1,1910,14464,0,27.26198952879581,0.0,0
University,Hinjewadi,9,3,2,1528,12775,0,30.098167539267017,0.0,0
University,Hinjewadi,11,3,0,1563,12430,0,28.6295585412668,0.0,1
University,Hinjewadi,11,3,1,2035,14464,0,25.587420147420147,0.0,0
University,Hinjewadi,11,3,2,1582,12775,0,29.07079646017699,0.0,0
University,Hinjewadi,13,3,0,1592,12430,0,28.108040201005025,0.0,1
University,Hinjewadi,13,3,1,2126,14464,0,24.49219190968956,0.0,0
University,Hinjewadi,13,3,2,1621,12775,0,28.37137569401604,0.0,0
University,Hinjewadi,15,3,0,1584,12430,0,28.25,0.0,1
University,Hinjewadi,15,3,1,2107,14464,0,24.713051732320835,0.0,0
University,Hinjewadi,15,3,2,1618,12775,0,28.423980222496912,0.0,0
University,Hinjewadi,17,3,0,1720,12430,0,26.01627906976744,0.0,1
University,Hinjewadi,17,3,1,2215,14464,0,23.508081264108352,0.0,0
University,Hinjewadi,17,3,2,2090,16851,0,29.02564593301435,0.0,0
University,Hinjewadi,19,3,0,1823,12430,0,24.54635216675809,0.0,1
University,Hinjewadi,19,3,1,2241,14464,0,23.23534136546185,0.0,0
University,Hinjewadi,19,3,2,2137,16851,0,28.38727187646233,0.0,0
University,Hinjewadi,21,3,0,1483,12430,0,30.173971679028995,0.0,1
University,Hinjewadi,21,3,1,1861,14464,0,27.979795808705,0.0,0
University,Hinjewadi,21,3,2,1509,12775,0,30.47713717693837,0.0,0
University,Hinjewadi,23,3,0,1323,12430,0,33.82312925170068,0.0,1
University,Hinjewadi,23,3,1,1660,14464,0,31.36771084337349,0.0,0
University,Hinjewadi,23,3,2,1348,12775,0,34.11721068249258,0.0,0
University,Hinjewadi,7,4,0,1360,12430,0,32.90294117647059,0.0,1
University,Hinjewadi,7,4,1,1712,14464,0,30.41495327102804,0.0,0
University,Hinjewadi,7,4,2,1387,12775,0,33.15789473684211,0.0,0
University,Hinjewadi,9,4,0,1430,12430,0,31.29230769230769,0.0,1
University,Hinjewadi,9,4,1,1812,14464,0,28.736423841059604,0.0,0
University,Hinjewadi,9,4,2,1458,12775,0,31.54320987654321,0.0,0
University,Hinjewadi,11,4,0,1483,12430,0,30.173971679028995,0.0,1
University,Hinjewadi,11,4,1,1852,14464,0,28.115766738660906,0.0,0
University,Hinjewadi,11,4,2,1511,12775,0,30.436796823295836,0.0,0
University,Hinjewadi,13,4,0,1499,12430,0,29.851901267511675,0.0,1
University,Hinjewadi,13,4,1,1870,14464,0,27.84513368983957,0.0,0
University,Hinjewadi,13,4,2,1536,12775,0,29.94140625,0.0,0
University,Hinjewadi,15,4,0,1517,12430,0,29.497692814765987,0.0,1
University,Hinjewadi,15,4,1,1846,14464,0,28.20715059588299,0.0,0
University,Hinjewadi,15,4,2,1550,12775,0,29.670967741935485,0.0,0
University,Hinjewadi,17,4,0,1608,12430,0,27.828358208955223,0.0,1
University,Hinjewadi,17,4,1,1950,14464,0,26.702769230769235,0.0,0
University,Hinjewadi,17,4,2,1964,16851,0,30.887780040733197,0.0,0
University,Hinjewadi,19,4,0,1641,12430,0,27.26873857404022,0.0,1
University,Hinjewadi,19,4,1,2034,14464,0,25.6,0.0,0
University,Hinjewadi,19,4,2,1654,12775,0,27.805320435308342,0.0,0
University,Hinjewadi,21,4,0,1436,12430,0,31.161559888579387,0.0,1
University,Hinjewadi,21,4,1,1807,14464,0,28.81593801881572,0.0,0
University,Hinjewadi,21,4,2,1464,12775,0,31.41393442622951,0.0,0
University,Hinjewadi,23,4,0,1323,12430,0,33.82312925170068,0.0,1
University,Hinjewadi,23,4,1,1660,14464,0,31.36771084337349,0.0,0
University,Hinjewadi,23,4,2,1348,12775,0,34.11721068249258,0.0,0
University,Hinjewadi,7,5,0,1418,12430,0,31.55712270803949,0.0,1
University,Hinjewadi,7,5,1,1795,14464,0,29.00857938718663,0.0,0
University,Hinjewadi,7,5,2,1442,12775,0,31.893203883495147,0.0,0
University,Hinjewadi,9,5,0,1634,12430,0,27.38555691554468,0.0,1
University,Hinjewadi,9,5,1,2113,14464,0,24.64287742546143,0.0,0
University,Hinjewadi,9,5,2,1888,14973,0,28.55021186440678,0.0,0
University,Hinjewadi,11,5,0,1686,12430,0,26.54092526690392,0.0,1
University,Hinjewadi,11,5,1,2219,14464,0,23.465705272645337,0.0,0
University,Hinjewadi,11,5,2,1698,12775,0,27.084805653710248,0.0,0
University,Hinjewadi,13,5,0,1598,12430,0,28.002503128911137,0.0,1
University,Hinjewadi,13,5,1,2073,14464,0,25.11837916063676,0.0,0
University,Hinjewadi,13,5,2,1627,12775,0,28.266748617086662,0.0,0
University,Hinjewadi,15,5,0,1549,12430,0,28.88831504196256,0.0,1
University,Hinjewadi,15,5,1,1932,14464,0,26.95155279503106,0.0,0
University,Hinjewadi,15,5,2,1575,12775,0,29.2,0.0,0
University,Hinjewadi,17,5,0,1767,12430,0,25.32427843803056,0.0,1
University,Hinjewadi,17,5,1,2236,14464,0,23.287298747763867,0.0,0
University,Hinjewadi,17,5,2,2111,16851,0,28.736901942207485,0.0,0
University,Hinjewadi,19,5,0,1923,12430,0,23.269890795631824,0.0,1
University,Hinjewadi,19,5,1,2235,16851,0,27.14255033557047,0.0,0
University,Hinjewadi,19,5,2,2415,14464,0,21.56124223602485,0.0,0
University,Hinjewadi,21,5,0,1463,12430,0,30.586466165413533,0.0,1
University,Hinjewadi,21,5,1,1844,14464,0,28.23774403470716,0.0,0
University,Hinjewadi,21,5,2,1490,12775,0,30.86577181208054,0.0,0
University,Hinjewadi,23,5,0,1323,12430,0,33.82312925170068,0.0,1
University,Hinjewadi,23,5,1,1661,14464,0,31.348826008428656,0.0,0
University,Hinjewadi,23,5,2,1348,12775,0,34.11721068249258,0.0,0
University,Hinjewadi,7,6,0,1427,12430,0,31.35809390329362,0.0,1
University,Hinjewadi,7,6,1,1800,14464,0,28.928,0.0,0
University,Hinjewadi,7,6,2,1455,12775,0,31.608247422680414,0.0,0
University,Hinjewadi,9,6,0,1691,12430,0,26.462448255470136,0.0,1
University,Hinjewadi,9,6,1,2160,14402,0,24.00333333333333,0.0,0
University,Hinjewadi,9,6,2,1941,14973,0,27.77063369397218,0.0,0
University,Hinjewadi,11,6,0,1758,12430,0,25.453924914675767,0.0,1
University,Hinjewadi,11,6,1,2282,14402,0,22.720070113935144,0.0,0
University,Hinjewadi,11,6,2,2011,14973,0,26.803978120338144,0.0,0
University,Hinjewadi,13,6,0,1638,12430,0,27.31868131868132,0.0,1
University,Hinjewadi,13,6,1,2118,14464,0,24.58470254957507,0.0,0
University,Hinjewadi,13,6,2,1663,12775,0,27.654840649428746,0.0,0
University,Hinjewadi,15,6,0,1565,12430,0,28.59297124600639,0.0,1
University,Hinjewadi,15,6,1,1975,14464,0,26.364759493670885,0.0,0
University,Hinjewadi,15,6,2,1595,12775,0,28.833855799373044,0.0,0
University,Hinjewadi,17,6,0,1794,12430,0,24.943143812709028,0.0,1
University,Hinjewadi,17,6,1,2311,14464,0,22.53154478580701,0.0,0
University,Hinjewadi,17,6,2,2163,16851,0,28.046047156726768,0.0,0
University,Hinjewadi,19,6,0,1954,12430,0,22.9007164790174,0.0,1
University,Hinjewadi,19,6,1,2264,16851,0,26.79487632508833,0.0,0
University,Hinjewadi,19,6,2,2456,14464,0,21.201302931596093,0.0,0
University,Hinjewadi,21,6,0,1472,12430,0,30.39945652173913,0.0,1
University,Hinjewadi,21,6,1,1844,14464,0,28.23774403470716,0.0,0
University,Hinjewadi,21,6,2,1498,12775,0,30.700934579439256,0.0,0
University,Hinjewadi,23,6,0,1323,12430,0,33.82312925170068,0.0,1
University,Hinjewadi,23,6,1,1661,14464,0,31.348826008428656,0.0,0
University,Hinjewadi,23,6,2,1348,12775,0,34.11721068249258,0.0,0
University,Kothrud,7,0,0,1113,8629,0,27.910512129380056,0.0,1
University,Kothrud,7,0,1,1249,10430,0,30.06244995996797,0.0,0
University,Kothrud,7,0,2,1714,13398,0,28.14049008168028,0.0,0
University,Kothrud,9,0,0,1340,8629,0,23.18238805970149,0.0,1
University,Kothrud,9,0,1,1538,10430,0,24.413524057217163,0.0,0
University,Kothrud,9,0,2,1947,13398,0,24.7728813559322,0.0,0
University,Kothrud,11,0,0,1451,8629,0,21.40895933838732,0.0,1
University,Kothrud,11,0,1,1714,10430,0,21.906651108518087,0.0,0
University,Kothrud,11,0,2,2038,13398,0,23.66673209028459,0.0,0
University,Kothrud,13,0,0,1472,8629,0,21.10353260869565,0.0,1
University,Kothrud,13,0,1,1726,10430,0,21.75434530706837,0.0,0
University,Kothrud,13,0,2,1980,13398,0,24.36,0.0,0
University,Kothrud,15,0,0,1358,8629,0,22.875110456553752,0.0,1
University,Kothrud,15,0,1,1648,10430,0,22.783980582524272,0.0,0
University,Kothrud,15,0,2,1853,13398,0,26.02957366432812,0.0,0
University,Kothrud,17,0,0,1560,8629,0,19.91307692307692,0.0,1
University,Kothrud,17,0,1,1886,10430,0,19.90880169671262,0.0,0
University,Kothrud,17,0,2,2126,13398,0,22.68711194731891,0.0,0
University,Kothrud,19,0,0,1693,8629,0,18.348730064973417,0.0,1
University,Kothrud,19,0,1,1940,10430,0,19.35463917525773,0.0,0
University,Kothrud,19,0,2,2280,13398,0,21.154736842105265,0.0,0
University,Kothrud,21,0,0,1224,8629,0,25.37941176470588,0.0,1
University,Kothrud,21,0,1,1366,10430,0,27.487554904831622,0.0,0
University,Kothrud,21,0,2,1788,13398,0,26.975838926174497,0.0,0
University,Kothrud,23,0,0,1054,8629,0,29.47286527514231,0.0,1
University,Kothrud,23,0,1,1173,10430,0,32.010230179028135,0.0,0
University,Kothrud,23,0,2,1638,13398,0,29.446153846153845,0.0,0
University,Kothrud,7,1,0,1113,8629,0,27.910512129380056,0.0,1
University,Kothrud,7,1,1,1248,10430,0,30.08653846153846,0.0,0
University,Kothrud,7,1,2,1715,13398,0,28.124081632653063,0.0,0
University,Kothrud,9,1,0,1328,8629,0,23.39186746987952,0.0,1
University,Kothrud,9,1,1,1505,10430,0,24.94883720930233,0.0,0
University,Kothrud,9,1,2,1935,13398,0,24.926511627906976,0.0,0
University,Kothrud,11,1,0,1457,8629,0,21.32079615648593,0.0,1
University,Kothrud,11,1,1,1691,10430,0,22.20461265523359,0.0,0
University,Kothrud,11,1,2,2038,13398,0,23.66673209028459,0.0,0
University,Kothrud,13,1,0,1484,8629,0,20.93288409703504,0.0,1
University,Kothrud,13,1,1,1724,10430,0,21.779582366589327,0.0,0
University,Kothrud,13,1,2,1989,13398,0,24.249773755656108,0.0,0
University,Kothrud,15,1,0,1364,8629,0,22.77448680351906,0.0,1
University,Kothrud,15,1,1,1656,10430,0,22.673913043478255,0.0,0
University,Kothrud,15,1,2,1855,13398,0,26.001509433962266,0.0,0
University,Kothrud,17,1,0,1532,8629,0,20.277023498694515,0.0,1
University,Kothrud,17,1,1,1837,10430,0,20.439847577572127,0.0,0
University,Kothrud,17,1,2,2087,13398,0,23.111068519405844,0.0,0
University,Kothrud,19,1,0,1651,8629,0,18.81550575408843,0.0,1
University,Kothrud,19,1,1,1847,10430,0,20.329182458040066,0.0,0
University,Kothrud,19,1,2,2228,13398,0,21.64847396768402,0.0,0
University,Kothrud,21,1,0,1219,8629,0,25.483511074651357,0.0,1
University,Kothrud,21,1,1,1355,10430,0,27.71070110701107,0.0,0
University,Kothrud,21,1,2,1784,13398,0,27.036322869955157,0.0,0
University,Kothrud,23,1,0,1054,8629,0,29.47286527514231,0.0,1
University,Kothrud,23,1,1,1173,10430,0,32.010230179028135,0.0,0
University,Kothrud,23,1,2,1638,13398,0,29.446153846153845,0.0,0
University,Kothrud,7,2,0,1113,8629,0,27.910512129380056,0.0,1
University,Kothrud,7,2,1,1244,10430,0,30.183279742765272,0.0,0
University,Kothrud,7,2,2,1712,13398,0,28.173364485981303,0.0,0
University,Kothrud,9,2,0,1327,8629,0,23.40949510173323,0.0,1
University,Kothrud,9,2,1,1493,10430,0,25.14936369725385,0.0,0
University,Kothrud,9,2,2,1928,13398,0,25.01701244813278,0.0,0
University,Kothrud,11,2,0,1436,8629,0,21.63259052924791,0.0,1
University,Kothrud,11,2,1,1682,10430,0,22.323424494649228,0.0,0
University,Kothrud,11,2,2,2026,13398,0,23.80691016781836,0.0,0
University,Kothrud,13,2,0,1459,8629,0,21.291569568197392,0.0,1
University,Kothrud,13,2,1,1743,10430,0,21.542168674698797,0.0,0
University,Kothrud,13,2,2,1982,13398,0,24.33541876892028,0.0,0
University,Kothrud,15,2,0,1352,8629,0,22.97662721893491,0.0,1
University,Kothrud,15,2,1,1705,10430,0,22.022287390029327,0.0,0
University,Kothrud,15,2,2,1850,13398,0,26.071783783783783,0.0,0
University,Kothrud,17,2,0,1570,8629,0,19.78624203821656,0.0,1
University,Kothrud,17,2,1,1903,10430,0,19.73095112979506,0.0,0
University,Kothrud,17,2,2,2096,13398,0,23.011832061068706,0.0,0
University,Kothrud,19,2,0,1728,8629,0,17.977083333333333,0.0,1
University,Kothrud,19,2,1,1910,10430,0,19.658638743455494,0.0,0
University,Kothrud,19,2,2,2261,13398,0,21.33250773993808,0.0,0
University,Kothrud,21,2,0,1230,8629,0,25.25560975609756,0.0,1
University,Kothrud,21,2,1,1366,10430,0,27.487554904831622,0.0,0
University,Kothrud,21,2,2,1795,13398,0,26.87064066852368,0.0,0
University,Kothrud,23,2,0,1054,8629,0,29.47286527514231,0.0,1
University,Kothrud,23,2,1,1173,10430,0,32.010230179028135,0.0,0
University,Kothrud,23,2,2,1638,13398,0,29.446153846153845,0.0,0
University,Kothrud,7,3,0,1102,8629,0,28.18911070780399,0.0,1
University,Kothrud,7,3,1,1234,10430,0,30.427876823338732,0.0,0
University,Kothrud,7,3,2,1703,13398,0,28.322254844392248,0.0,0
University,Kothrud,9,3,0,1286,8629,0,24.15583203732504,0.0,1
University,Kothrud,9,3,1,1458,10430,0,25.753086419753085,0.0,0
University,Kothrud,9,3,2,1913,13398,0,25.213173026659696,0.0,0
University,Kothrud,11,3,0,1419,8629,0,21.891754756871038,0.0,1
University,Kothrud,11,3,1,1699,10430,0,22.10005885815185,0.0,0
University,Kothrud,11,3,2,2040,13398,0,23.643529411764707,0.0,0
University,Kothrud,13,3,0,1492,8629,0,20.82064343163539,0.0,1
University,Kothrud,13,3,1,1825,10430,0,20.574246575342467,0.0,0
University,Kothrud,13,3,2,2058,13398,0,23.43673469387755,0.0,0
University,Kothrud,15,3,0,1450,8629,0,21.423724137931032,0.0,1
University,Kothrud,15,3,1,1832,10430,0,20.495633187772928,0.0,0
University,Kothrud,15,3,2,1912,13398,0,25.226359832635985,0.0,0
University,Kothrud,17,3,0,1554,8629,0,19.98996138996139,0.0,1
University,Kothrud,17,3,1,1901,10430,0,19.75170962651236,0.0,0
University,Kothrud,17,3,2,2091,13398,0,23.066857962697277,0.0,0
University,Kothrud,19,3,0,1561,8629,0,19.900320307495196,0.0,1
University,Kothrud,19,3,1,1789,10430,0,20.988261598658468,0.0,0
University,Kothrud,19,3,2,2219,13398,0,21.73627760252366,0.0,0
University,Kothrud,21,3,0,1218,8629,0,25.504433497536947,0.0,1
University,Kothrud,21,3,1,1369,10430,0,27.427319211102997,0.0,0
University,Kothrud,21,3,2,1816,13398,0,26.559911894273124,0.0,0
University,Kothrud,23,3,0,1053,8629,0,29.500854700854703,0.0,1
University,Kothrud,23,3,1,1173,10430,0,32.010230179028135,0.0,0
University,Kothrud,23,3,2,1638,13398,0,29.446153846153845,0.0,0
University,Kothrud,7,4,0,1086,8629,0,28.60441988950276,0.0,1
University,Kothrud,7,4,1,1218,10430,0,30.82758620689655,0.0,0
University,Kothrud,7,4,2,1683,13398,0,28.65882352941176,0.0,0
University,Kothrud,9,4,0,1175,8629,0,26.437787234042556,0.0,1
University,Kothrud,9,4,1,1342,10430,0,27.97913561847988,0.0,0
University,Kothrud,9,4,2,1794,13398,0,26.88561872909699,0.0,0
University,Kothrud,11,4,0,1241,8629,0,25.0317485898469,0.0,1
University,Kothrud,11,4,1,1462,10430,0,25.682626538987687,0.0,0
University,Kothrud,11,4,2,1856,13398,0,25.9875,0.0,0
University,Kothrud,13,4,0,1300,8629,0,23.895692307692308,0.0,1
University,Kothrud,13,4,1,1547,10430,0,24.27149321266968,0.0,0
University,Kothrud,13,4,2,1864,13398,0,25.87596566523605,0.0,0
University,Kothrud,15,4,0,1294,8629,0,24.0064914992272,0.0,1
University,Kothrud,15,4,1,1551,10430,0,24.208897485493228,0.0,0
University,Kothrud,15,4,2,1793,13398,0,26.900613496932515,0.0,0
University,Kothrud,17,4,0,1344,8629,0,23.113392857142856,0.0,1
University,Kothrud,17,4,1,1613,10430,0,23.27836329820211,0.0,0
University,Kothrud,17,4,2,1889,13398,0,25.53350979354156,0.0,0
University,Kothrud,19,4,0,1361,8629,0,22.82468772961058,0.0,1
University,Kothrud,19,4,1,1582,10430,0,23.73451327433628,0.0,0
University,Kothrud,19,4,2,1973,13398,0,24.446426761277245,0.0,0
University,Kothrud,21,4,0,1178,8629,0,26.3704584040747,0.0,1
University,Kothrud,21,4,1,1317,10430,0,28.51025056947608,0.0,0
University,Kothrud,21,4,2,1753,13398,0,27.51443240159726,0.0,0
University,Kothrud,23,4,0,1053,8629,0,29.500854700854703,0.0,1
University,Kothrud,23,4,1,1173,10430,0,32.010230179028135,0.0,0
University,Kothrud,23,4,2,1638,13398,0,29.446153846153845,0.0,0
University,Kothrud,7,5,0,1114,8629,0,27.885457809694792,0.0,1
University,Kothrud,7,5,1,1251,10430,0,30.014388489208635,0.0,0
University,Kothrud,7,5,2,1714,13398,0,28.14049008168028,0.0,0
University,Kothrud,9,5,0,1325,8629,0,23.444830188679244,0.0,1
University,Kothrud,9,5,1,1508,10430,0,24.899204244031832,0.0,0
University,Kothrud,9,5,2,1926,13398,0,25.042990654205607,0.0,0
University,Kothrud,11,5,0,1434,8629,0,21.66276150627615,0.0,1
University,Kothrud,11,5,1,1676,10430,0,22.403341288782816,0.0,0
University,Kothrud,11,5,2,2024,13398,0,23.830434782608695,0.0,0
University,Kothrud,13,5,0,1462,8629,0,21.247879616963065,0.0,1
University,Kothrud,13,5,1,1682,10430,0,22.323424494649228,0.0,0
University,Kothrud,13,5,2,1970,13398,0,24.483654822335023,0.0,0
University,Kothrud,15,5,0,1346,8629,0,23.07904903417533,0.0,1
University,Kothrud,15,5,1,1627,10430,0,23.078057775046094,0.0,0
University,Kothrud,15,5,2,1834,13398,0,26.299236641221373,0.0,0
University,Kothrud,17,5,0,1521,8629,0,20.42366863905325,0.0,1
University,Kothrud,17,5,1,1844,10430,0,20.36225596529284,0.0,0
University,Kothrud,17,5,2,2071,13398,0,23.28961854176726,0.0,0
University,Kothrud,19,5,0,1651,8629,0,18.81550575408843,0.0,1
University,Kothrud,19,5,1,1862,10430,0,20.165413533834585,0.0,0
University,Kothrud,19,5,2,2242,13398,0,21.51329170383586,0.0,0
University,Kothrud,21,5,0,1222,8629,0,25.42094926350245,0.0,1
University,Kothrud,21,5,1,1348,10430,0,27.854599406528187,0.0,0
University,Kothrud,21,5,2,1788,13398,0,26.975838926174497,0.0,0
University,Kothrud,23,5,0,1054,8629,0,29.47286527514231,0.0,1
University,Kothrud,23,5,1,1173,10430,0,32.010230179028135,0.0,0
University,Kothrud,23,5,2,1638,13398,0,29.446153846153845,0.0,0
University,Kothrud,7,6,0,1113,8629,0,27.910512129380056,0.0,1
University,Kothrud,7,6,1,1250,10430,0,30.0384,0.0,0
University,Kothrud,7,6,2,1716,13398,0,28.107692307692307,0.0,0
University,Kothrud,9,6,0,1347,8629,0,23.061915367483294,0.0,1
University,Kothrud,9,6,1,1537,10430,0,24.429407937540663,0.0,0
University,Kothrud,9,6,2,1958,13398,0,24.63370786516854,0.0,0
University,Kothrud,11,6,0,1480,8629,0,20.98945945945946,0.0,1
University,Kothrud,11,6,1,1738,10430,0,21.604142692750287,0.0,0
University,Kothrud,11,6,2,2071,13398,0,23.28961854176726,0.0,0
University,Kothrud,13,6,0,1483,8629,0,20.946999325691166,0.0,1
University,Kothrud,13,6,1,1733,10430,0,21.666474321985,0.0,0
University,Kothrud,13,6,2,1995,13398,0,24.176842105263155,0.0,0
University,Kothrud,15,6,0,1350,8629,0,23.010666666666665,0.0,1
University,Kothrud,15,6,1,1659,10430,0,22.632911392405063,0.0,0
University,Kothrud,15,6,2,1850,13398,0,26.071783783783783,0.0,0
University,Kothrud,17,6,0,1541,8629,0,20.158598312783905,0.0,1
University,Kothrud,17,6,1,1869,10430,0,20.08988764044944,0.0,0
University,Kothrud,17,6,2,2115,13398,0,22.80510638297872,0.0,0
University,Kothrud,19,6,0,1688,8629,0,18.403080568720377,0.0,1
University,Kothrud,19,6,1,1890,10430,0,19.866666666666664,0.0,0
University,Kothrud,19,6,2,2288,13398,0,21.08076923076923,0.0,0
University,Kothrud,21,6,0,1226,8629,0,25.338009787928225,0.0,1
University,Kothrud,21,6,1,1354,10430,0,27.73116691285081,0.0,0
University,Kothrud,21,6,2,1798,13398,0,26.825806451612905,0.0,0
University,Kothrud,23,6,0,1054,8629,0,29.47286527514231,0.0,1
University,Kothrud,23,6,1,1173,10430,0,32.010230179028135,0.0,0
University,Kothrud,23,6,2,1638,13398,0,29.446153846153845,0.0,0
University,Kothrud,7,0,0,1113,8629,0,27.910512129380056,0.0,1
University,Kothrud,7,0,1,1249,10430,0,30.06244995996797,0.0,0
University,Kothrud,7,0,2,1714,13398,0,28.14049008168028,0.0,0
University,Kothrud,9,0,0,1340,8629,0,23.18238805970149,0.0,1
University,Kothrud,9,0,1,1538,10430,0,24.413524057217163,0.0,0
University,Kothrud,9,0,2,1947,13398,0,24.7728813559322,0.0,0
University,Kothrud,11,0,0,1451,8629,0,21.40895933838732,0.0,1
University,Kothrud,11,0,1,1714,10430,0,21.906651108518087,0.0,0
University,Kothrud,11,0,2,2038,13398,0,23.66673209028459,0.0,0
University,Kothrud,13,0,0,1472,8629,0,21.10353260869565,0.0,1
University,Kothrud,13,0,1,1726,10430,0,21.75434530706837,0.0,0
University,Kothrud,13,0,2,1980,13398,0,24.36,0.0,0
University,Kothrud,15,0,0,1358,8629,0,22.875110456553752,0.0,1
University,Kothrud,15,0,1,1648,10430,0,22.783980582524272,0.0,0
University,Kothrud,15,0,2,1853,13398,0,26.02957366432812,0.0,0
University,Kothrud,17,0,0,1560,8629,0,19.91307692307692,0.0,1
University,Kothrud,17,0,1,1886,10430,0,19.90880169671262,0.0,0
University,Kothrud,17,0,2,2126,13398,0,22.68711194731891,0.0,0
University,Kothrud,19,0,0,1693,8629,0,18.348730064973417,0.0,1
University,Kothrud,19,0,1,1940,10430,0,19.35463917525773,0.0,0
University,Kothrud,19,0,2,2280,13398,0,21.154736842105265,0.0,0
University,Kothrud,21,0,0,1224,8629,0,25.37941176470588,0.0,1
University,Kothrud,21,0,1,1366,10430,0,27.487554904831622,0.0,0
University,Kothrud,21,0,2,1788,13398,0,26.975838926174497,0.0,0
University,Kothrud,23,0,0,1054,8629,0,29.47286527514231,0.0,1
University,Kothrud,23,0,1,1173,10430,0,32.010230179028135,0.0,0
University,Kothrud,23,0,2,1638,13398,0,29.446153846153845,0.0,0
University,Kothrud,7,1,0,1113,8629,0,27.910512129380056,0.0,1
University,Kothrud,7,1,1,1248,10430,0,30.08653846153846,0.0,0
University,Kothrud,7,1,2,1715,13398,0,28.124081632653063,0.0,0
University,Kothrud,9,1,0,1328,8629,0,23.39186746987952,0.0,1
University,Kothrud,9,1,1,1505,10430,0,24.94883720930233,0.0,0
University,Kothrud,9,1,2,1935,13398,0,24.926511627906976,0.0,0
University,Kothrud,11,1,0,1457,8629,0,21.32079615648593,0.0,1
University,Kothrud,11,1,1,1691,10430,0,22.20461265523359,0.0,0
University,Kothrud,11,1,2,2038,13398,0,23.66673209028459,0.0,0
University,Kothrud,13,1,0,1484,8629,0,20.93288409703504,0.0,1
University,Kothrud,13,1,1,1724,10430,0,21.779582366589327,0.0,0
University,Kothrud,13,1,2,1989,13398,0,24.249773755656108,0.0,0
University,Kothrud,15,1,0,1364,8629,0,22.77448680351906,0.0,1
University,Kothrud,15,1,1,1656,10430,0,22.673913043478255,0.0,0
University,Kothrud,15,1,2,1855,13398,0,26.001509433962266,0.0,0
University,Kothrud,17,1,0,1532,8629,0,20.277023498694515,0.0,1
University,Kothrud,17,1,1,1837,10430,0,20.439847577572127,0.0,0
University,Kothrud,17,1,2,2087,13398,0,23.111068519405844,0.0,0
University,Kothrud,19,1,0,1651,8629,0,18.81550575408843,0.0,1
University,Kothrud,19,1,1,1847,10430,0,20.329182458040066,0.0,0
University,Kothrud,19,1,2,2228,13398,0,21.64847396768402,0.0,0
University,Kothrud,21,1,0,1219,8629,0,25.483511074651357,0.0,1
University,Kothrud,21,1,1,1355,10430,0,27.71070110701107,0.0,0
University,Kothrud,21,1,2,1784,13398,0,27.036322869955157,0.0,0
University,Kothrud,23,1,0,1054,8629,0,29.47286527514231,0.0,1
University,Kothrud,23,1,1,1173,10430,0,32.010230179028135,0.0,0
University,Kothrud,23,1,2,1638,13398,0,29.446153846153845,0.0,0
University,Kothrud,7,2,0,1113,8629,0,27.910512129380056,0.0,1
University,Kothrud,7,2,1,1244,10430,0,30.183279742765272,0.0,0
University,Kothrud,7,2,2,1712,13398,0,28.173364485981303,0.0,0
University,Kothrud,9,2,0,1327,8629,0,23.40949510173323,0.0,1
University,Kothrud,9,2,1,1493,10430,0,25.14936369725385,0.0,0
University,Kothrud,9,2,2,1928,13398,0,25.01701244813278,0.0,0
University,Kothrud,11,2,0,1436,8629,0,21.63259052924791,0.0,1
University,Kothrud,11,2,1,1682,10430,0,22.323424494649228,0.0,0
University,Kothrud,11,2,2,2026,13398,0,23.80691016781836,0.0,0
University,Kothrud,13,2,0,1459,8629,0,21.291569568197392,0.0,1
University,Kothrud,13,2,1,1743,10430,0,21.542168674698797,0.0,0
University,Kothrud,13,2,2,1982,13398,0,24.33541876892028,0.0,0
University,Kothrud,15,2,0,1352,8629,0,22.97662721893491,0.0,1
University,Kothrud,15,2,1,1705,10430,0,22.022287390029327,0.0,0
University,Kothrud,15,2,2,1850,13398,0,26.071783783783783,0.0,0
University,Kothrud,17,2,0,1570,8629,0,19.78624203821656,0.0,1
University,Kothrud,17,2,1,1903,10430,0,19.73095112979506,0.0,0
University,Kothrud,17,2,2,2096,13398,0,23.011832061068706,0.0,0
University,Kothrud,19,2,0,1728,8629,0,17.977083333333333,0.0,1
University,Kothrud,19,2,1,1910,10430,0,19.658638743455494,0.0,0
University,Kothrud,19,2,2,2261,13398,0,21.33250773993808,0.0,0
University,Kothrud,21,2,0,1230,8629,0,25.25560975609756,0.0,1
University,Kothrud,21,2,1,1366,10430,0,27.487554904831622,0.0,0
University,Kothrud,21,2,2,1795,13398,0,26.87064066852368,0.0,0
University,Kothrud,23,2,0,1054,8629,0,29.47286527514231,0.0,1
University,Kothrud,23,2,1,1173,10430,0,32.010230179028135,0.0,0
University,Kothrud,23,2,2,1638,13398,0,29.446153846153845,0.0,0
University,Kothrud,7,3,0,1102,8629,0,28.18911070780399,0.0,1
University,Kothrud,7,3,1,1234,10430,0,30.427876823338732,0.0,0
University,Kothrud,7,3,2,1703,13398,0,28.322254844392248,0.0,0
University,Kothrud,9,3,0,1286,8629,0,24.15583203732504,0.0,1
University,Kothrud,9,3,1,1458,10430,0,25.753086419753085,0.0,0
University,Kothrud,9,3,2,1913,13398,0,25.213173026659696,0.0,0
University,Kothrud,11,3,0,1419,8629,0,21.891754756871038,0.0,1
University,Kothrud,11,3,1,1699,10430,0,22.10005885815185,0.0,0
University,Kothrud,11,3,2,2040,13398,0,23.643529411764707,0.0,0
University,Kothrud,13,3,0,1492,8629,0,20.82064343163539,0.0,1
University,Kothrud,13,3,1,1825,10430,0,20.574246575342467,0.0,0
University,Kothrud,13,3,2,2058,13398,0,23.43673469387755,0.0,0
University,Kothrud,15,3,0,1450,8629,0,21.423724137931032,0.0,1
University,Kothrud,15,3,1,1832,10430,0,20.495633187772928,0.0,0
University,Kothrud,15,3,2,1912,13398,0,25.226359832635985,0.0,0
University,Kothrud,17,3,0,1554,8629,0,19.98996138996139,0.0,1
University,Kothrud,17,3,1,1901,10430,0,19.75170962651236,0.0,0
University,Kothrud,17,3,2,2091,13398,0,23.066857962697277,0.0,0
University,Kothrud,19,3,0,1561,8629,0,19.900320307495196,0.0,1
University,Kothrud,19,3,1,1789,10430,0,20.988261598658468,0.0,0
University,Kothrud,19,3,2,2219,13398,0,21.73627760252366,0.0,0
University,Kothrud,21,3,0,1218,8629,0,25.504433497536947,0.0,1
University,Kothrud,21,3,1,1369,10430,0,27.427319211102997,0.0,0
University,Kothrud,21,3,2,1816,13398,0,26.559911894273124,0.0,0
University,Kothrud,23,3,0,1053,8629,0,29.500854700854703,0.0,1
University,Kothrud,23,3,1,1173,10430,0,32.010230179028135,0.0,0
University,Kothrud,23,3,2,1638,13398,0,29.446153846153845,0.0,0
University,Kothrud,7,4,0,1086,8629,0,28.60441988950276,0.0,1
University,Kothrud,7,4,1,1218,10430,0,30.82758620689655,0.0,0
University,Kothrud,7,4,2,1683,13398,0,28.65882352941176,0.0,0
University,Kothrud,9,4,0,1175,8629,0,26.437787234042556,0.0,1
University,Kothrud,9,4,1,1342,10430,0,27.97913561847988,0.0,0
University,Kothrud,9,4,2,1794,13398,0,26.88561872909699,0.0,0
University,Kothrud,11,4,0,1241,8629,0,25.0317485898469,0.0,1
University,Kothrud,11,4,1,1462,10430,0,25.682626538987687,0.0,0
University,Kothrud,11,4,2,1856,13398,0,25.9875,0.0,0
University,Kothrud,13,4,0,1300,8629,0,23.895692307692308,0.0,1
University,Kothrud,13,4,1,1547,10430,0,24.27149321266968,0.0,0
University,Kothrud,13,4,2,1864,13398,0,25.87596566523605,0.0,0
University,Kothrud,15,4,0,1294,8629,0,24.0064914992272,0.0,1
University,Kothrud,15,4,1,1551,10430,0,24.208897485493228,0.0,0
University,Kothrud,15,4,2,1793,13398,0,26.900613496932515,0.0,0
University,Kothrud,17,4,0,1344,8629,0,23.113392857142856,0.0,1
University,Kothrud,17,4,1,1613,10430,0,23.27836329820211,0.0,0
University,Kothrud,17,4,2,1889,13398,0,25.53350979354156,0.0,0
University,Kothrud,19,4,0,1361,8629,0,22.82468772961058,0.0,1
University,Kothrud,19,4,1,1582,10430,0,23.73451327433628,0.0,0
University,Kothrud,19,4,2,1973,13398,0,24.446426761277245,0.0,0
University,Kothrud,21,4,0,1178,8629,0,26.3704584040747,0.0,1
University,Kothrud,21,4,1,1317,10430,0,28.51025056947608,0.0,0
University,Kothrud,21,4,2,1753,13398,0,27.51443240159726,0.0,0
University,Kothrud,23,4,0,1053,8629,0,29.500854700854703,0.0,1
University,Kothrud,23,4,1,1173,10430,0,32.010230179028135,0.0,0
University,Kothrud,23,4,2,1638,13398,0,29.446153846153845,0.0,0
University,Kothrud,7,5,0,1114,8629,0,27.885457809694792,0.0,1
University,Kothrud,7,5,1,1251,10430,0,30.014388489208635,0.0,0
University,Kothrud,7,5,2,1714,13398,0,28.14049008168028,0.0,0
University,Kothrud,9,5,0,1325,8629,0,23.444830188679244,0.0,1
University,Kothrud,9,5,1,1508,10430,0,24.899204244031832,0.0,0
University,Kothrud,9,5,2,1926,13398,0,25.042990654205607,0.0,0
University,Kothrud,11,5,0,1434,8629,0,21.66276150627615,0.0,1
University,Kothrud,11,5,1,1676,10430,0,22.403341288782816,0.0,0
University,Kothrud,11,5,2,2024,13398,0,23.830434782608695,0.0,0
University,Kothrud,13,5,0,1462,8629,0,21.247879616963065,0.0,1
University,Kothrud,13,5,1,1682,10430,0,22.323424494649228,0.0,0
University,Kothrud,13,5,2,1970,13398,0,24.483654822335023,0.0,0
University,Kothrud,15,5,0,1346,8629,0,23.07904903417533,0.0,1
University,Kothrud,15,5,1,1627,10430,0,23.078057775046094,0.0,0
University,Kothrud,15,5,2,1834,13398,0,26.299236641221373,0.0,0
University,Kothrud,17,5,0,1521,8629,0,20.42366863905325,0.0,1
University,Kothrud,17,5,1,1844,10430,0,20.36225596529284,0.0,0
University,Kothrud,17,5,2,2071,13398,0,23.28961854176726,0.0,0
University,Kothrud,19,5,0,1651,8629,0,18.81550575408843,0.0,1
University,Kothrud,19,5,1,1862,10430,0,20.165413533834585,0.0,0
University,Kothrud,19,5,2,2242,13398,0,21.51329170383586,0.0,0
University,Kothrud,21,5,0,1222,8629,0,25.42094926350245,0.0,1
University,Kothrud,21,5,1,1348,10430,0,27.854599406528187,0.0,0
University,Kothrud,21,5,2,1788,13398,0,26.975838926174497,0.0,0
University,Kothrud,23,5,0,1054,8629,0,29.47286527514231,0.0,1
University,Kothrud,23,5,1,1173,10430,0,32.010230179028135,0.0,0
University,Kothrud,23,5,2,1638,13398,0,29.446153846153845,0.0,0
University,Kothrud,7,6,0,1113,8629,0,27.910512129380056,0.0,1
University,Kothrud,7,6,1,1250,10430,0,30.0384,0.0,0
University,Kothrud,7,6,2,1716,13398,0,28.107692307692307,0.0,0
University,Kothrud,9,6,0,1347,8629,0,23.061915367483294,0.0,1
University,Kothrud,9,6,1,1537,10430,0,24.429407937540663,0.0,0
University,Kothrud,9,6,2,1958,13398,0,24.63370786516854,0.0,0
University,Kothrud,11,6,0,1480,8629,0,20.98945945945946,0.0,1
University,Kothrud,11,6,1,1738,10430,0,21.604142692750287,0.0,0
University,Kothrud,11,6,2,2071,13398,0,23.28961854176726,0.0,0
University,Kothrud,13,6,0,1483,8629,0,20.946999325691166,0.0,1
University,Kothrud,13,6,1,1733,10430,0,21.666474321985,0.0,0
University,Kothrud,13,6,2,1995,13398,0,24.176842105263155,0.0,0
University,Kothrud,15,6,0,1350,8629,0,23.010666666666665,0.0,1
University,Kothrud,15,6,1,1659,10430,0,22.632911392405063,0.0,0
University,Kothrud,15,6,2,1850,13398,0,26.071783783783783,0.0,0
University,Kothrud,17,6,0,1541,8629,0,20.158598312783905,0.0,1
University,Kothrud,17,6,1,1869,10430,0,20.08988764044944,0.0,0
University,Kothrud,17,6,2,2115,13398,0,22.80510638297872,0.0,0
University,Kothrud,19,6,0,1688,8629,0,18.403080568720377,0.0,1
University,Kothrud,19,6,1,1890,10430,0,19.866666666666664,0.0,0
University,Kothrud,19,6,2,2288,13398,0,21.08076923076923,0.0,0
University,Kothrud,21,6,0,1226,8629,0,25.338009787928225,0.0,1
University,Kothrud,21,6,1,1354,10430,0,27.73116691285081,0.0,0
University,Kothrud,21,6,2,1798,13398,0,26.825806451612905,0.0,0
University,Kothrud,23,6,0,1054,8629,0,29.47286527514231,0.0,1
University,Kothrud,23,6,1,1173,10430,0,32.010230179028135,0.0,0
University,Kothrud,23,6,2,1638,13398,0,29.446153846153845,0.0,0
University,Kothrud,7,0,0,1113,8629,0,27.910512129380056,0.0,1
University,Kothrud,7,0,1,1249,10430,0,30.06244995996797,0.0,0
University,Kothrud,7,0,2,1714,13398,0,28.14049008168028,0.0,0
University,Kothrud,9,0,0,1340,8629,0,23.18238805970149,0.0,1
University,Kothrud,9,0,1,1538,10430,0,24.413524057217163,0.0,0
University,Kothrud,9,0,2,1947,13398,0,24.7728813559322,0.0,0
University,Kothrud,11,0,0,1451,8629,0,21.40895933838732,0.0,1
University,Kothrud,11,0,1,1714,10430,0,21.906651108518087,0.0,0
University,Kothrud,11,0,2,2038,13398,0,23.66673209028459,0.0,0
University,Kothrud,13,0,0,1472,8629,0,21.10353260869565,0.0,1
University,Kothrud,13,0,1,1726,10430,0,21.75434530706837,0.0,0
University,Kothrud,13,0,2,1980,13398,0,24.36,0.0,0
University,Kothrud,15,0,0,1358,8629,0,22.875110456553752,0.0,1
University,Kothrud,15,0,1,1648,10430,0,22.783980582524272,0.0,0
University,Kothrud,15,0,2,1853,13398,0,26.02957366432812,0.0,0
University,Kothrud,17,0,0,1560,8629,0,19.91307692307692,0.0,1
University,Kothrud,17,0,1,1886,10430,0,19.90880169671262,0.0,0
University,Kothrud,17,0,2,2126,13398,0,22.68711194731891,0.0,0
University,Kothrud,19,0,0,1693,8629,0,18.348730064973417,0.0,1
University,Kothrud,19,0,1,1940,10430,0,19.35463917525773,0.0,0
University,Kothrud,19,0,2,2280,13398,0,21.154736842105265,0.0,0
University,Kothrud,21,0,0,1224,8629,0,25.37941176470588,0.0,1
University,Kothrud,21,0,1,1366,10430,0,27.487554904831622,0.0,0
University,Kothrud,21,0,2,1788,13398,0,26.975838926174497,0.0,0
University,Kothrud,23,0,0,1054,8629,0,29.47286527514231,0.0,1
University,Kothrud,23,0,1,1173,10430,0,32.010230179028135,0.0,0
University,Kothrud,23,0,2,1638,13398,0,29.446153846153845,0.0,0
University,Kothrud,7,1,0,1113,8629,0,27.910512129380056,0.0,1
University,Kothrud,7,1,1,1248,10430,0,30.08653846153846,0.0,0
University,Kothrud,7,1,2,1715,13398,0,28.124081632653063,0.0,0
University,Kothrud,9,1,0,1328,8629,0,23.39186746987952,0.0,1
University,Kothrud,9,1,1,1505,10430,0,24.94883720930233,0.0,0
University,Kothrud,9,1,2,1935,13398,0,24.926511627906976,0.0,0
University,Kothrud,11,1,0,1457,8629,0,21.32079615648593,0.0,1
University,Kothrud,11,1,1,1691,10430,0,22.20461265523359,0.0,0
University,Kothrud,11,1,2,2038,13398,0,23.66673209028459,0.0,0
University,Kothrud,13,1,0,1484,8629,0,20.93288409703504,0.0,1
University,Kothrud,13,1,1,1724,10430,0,21.779582366589327,0.0,0
University,Kothrud,13,1,2,1989,13398,0,24.249773755656108,0.0,0
University,Kothrud,15,1,0,1364,8629,0,22.77448680351906,0.0,1
University,Kothrud,15,1,1,1656,10430,0,22.673913043478255,0.0,0
University,Kothrud,15,1,2,1855,13398,0,26.001509433962266,0.0,0
University,Kothrud,17,1,0,1532,8629,0,20.277023498694515,0.0,1
University,Kothrud,17,1,1,1837,10430,0,20.439847577572127,0.0,0
University,Kothrud,17,1,2,2087,13398,0,23.111068519405844,0.0,0
University,Kothrud,19,1,0,1651,8629,0,18.81550575408843,0.0,1
University,Kothrud,19,1,1,1847,10430,0,20.329182458040066,0.0,0
University,Kothrud,19,1,2,2228,13398,0,21.64847396768402,0.0,0
University,Kothrud,21,1,0,1219,8629,0,25.483511074651357,0.0,1
University,Kothrud,21,1,1,1355,10430,0,27.71070110701107,0.0,0
University,Kothrud,21,1,2,1784,13398,0,27.036322869955157,0.0,0
University,Kothrud,23,1,0,1054,8629,0,29.47286527514231,0.0,1
University,Kothrud,23,1,1,1173,10430,0,32.010230179028135,0.0,0
University,Kothrud,23,1,2,1638,13398,0,29.446153846153845,0.0,0
University,Kothrud,7,2,0,1113,8629,0,27.910512129380056,0.0,1
University,Kothrud,7,2,1,1244,10430,0,30.183279742765272,0.0,0
University,Kothrud,7,2,2,1712,13398,0,28.173364485981303,0.0,0
University,Kothrud,9,2,0,1327,8629,0,23.40949510173323,0.0,1
University,Kothrud,9,2,1,1493,10430,0,25.14936369725385,0.0,0
University,Kothrud,9,2,2,1928,13398,0,25.01701244813278,0.0,0
University,Kothrud,11,2,0,1436,8629,0,21.63259052924791,0.0,1
University,Kothrud,11,2,1,1682,10430,0,22.323424494649228,0.0,0
University,Kothrud,11,2,2,2026,13398,0,23.80691016781836,0.0,0
University,Kothrud,13,2,0,1459,8629,0,21.291569568197392,0.0,1
University,Kothrud,13,2,1,1743,10430,0,21.542168674698797,0.0,0
University,Kothrud,13,2,2,1982,13398,0,24.33541876892028,0.0,0
University,Kothrud,15,2,0,1352,8629,0,22.97662721893491,0.0,1
University,Kothrud,15,2,1,1705,10430,0,22.022287390029327,0.0,0
University,Kothrud,15,2,2,1850,13398,0,26.071783783783783,0.0,0
University,Kothrud,17,2,0,1570,8629,0,19.78624203821656,0.0,1
University,Kothrud,17,2,1,1903,10430,0,19.73095112979506,0.0,0
University,Kothrud,17,2,2,2096,13398,0,23.011832061068706,0.0,0
University,Kothrud,19,2,0,1728,8629,0,17.977083333333333,0.0,1
University,Kothrud,19,2,1,1910,10430,0,19.658638743455494,0.0,0
University,Kothrud,19,2,2,2261,13398,0,21.33250773993808,0.0,0
University,Kothrud,21,2,0,1230,8629,0,25.25560975609756,0.0,1
University,Kothrud,21,2,1,1366,10430,0,27.487554904831622,0.0,0
University,Kothrud,21,2,2,1795,13398,0,26.87064066852368,0.0,0
University,Kothrud,23,2,0,1054,8629,0,29.47286527514231,0.0,1
University,Kothrud,23,2,1,1173,10430,0,32.010230179028135,0.0,0
University,Kothrud,23,2,2,1638,13398,0,29.446153846153845,0.0,0
University,Kothrud,7,3,0,1102,8629,0,28.18911070780399,0.0,1
University,Kothrud,7,3,1,1234,10430,0,30.427876823338732,0.0,0
University,Kothrud,7,3,2,1703,13398,0,28.322254844392248,0.0,0
University,Kothrud,9,3,0,1286,8629,0,24.15583203732504,0.0,1
University,Kothrud,9,3,1,1458,10430,0,25.753086419753085,0.0,0
University,Kothrud,9,3,2,1913,13398,0,25.213173026659696,0.0,0
University,Kothrud,11,3,0,1419,8629,0,21.891754756871038,0.0,1
University,Kothrud,11,3,1,1699,10430,0,22.10005885815185,0.0,0
University,Kothrud,11,3,2,2040,13398,0,23.643529411764707,0.0,0
University,Kothrud,13,3,0,1492,8629,0,20.82064343163539,0.0,1
University,Kothrud,13,3,1,1825,10430,0,20.574246575342467,0.0,0
University,Kothrud,13,3,2,2058,13398,0,23.43673469387755,0.0,0
University,Kothrud,15,3,0,1450,8629,0,21.423724137931032,0.0,1
University,Kothrud,15,3,1,1832,10430,0,20.495633187772928,0.0,0
University,Kothrud,15,3,2,1912,13398,0,25.226359832635985,0.0,0
University,Kothrud,17,3,0,1554,8629,0,19.98996138996139,0.0,1
University,Kothrud,17,3,1,1901,10430,0,19.75170962651236,0.0,0
University,Kothrud,17,3,2,2091,13398,0,23.066857962697277,0.0,0
University,Kothrud,19,3,0,1561,8629,0,19.900320307495196,0.0,1
University,Kothrud,19,3,1,1789,10430,0,20.988261598658468,0.0,0
University,Kothrud,19,3,2,2219,13398,0,21.73627760252366,0.0,0
University,Kothrud,21,3,0,1218,8629,0,25.504433497536947,0.0,1
University,Kothrud,21,3,1,1369,10430,0,27.427319211102997,0.0,0
University,Kothrud,21,3,2,1816,13398,0,26.559911894273124,0.0,0
University,Kothrud,23,3,0,1053,8629,0,29.500854700854703,0.0,1
University,Kothrud,23,3,1,1173,10430,0,32.010230179028135,0.0,0
University,Kothrud,23,3,2,1638,13398,0,29.446153846153845,0.0,0
University,Kothrud,7,4,0,1086,8629,0,28.60441988950276,0.0,1
University,Kothrud,7,4,1,1218,10430,0,30.82758620689655,0.0,0
University,Kothrud,7,4,2,1683,13398,0,28.65882352941176,0.0,0
University,Kothrud,9,4,0,1175,8629,0,26.437787234042556,0.0,1
University,Kothrud,9,4,1,1342,10430,0,27.97913561847988,0.0,0
University,Kothrud,9,4,2,1794,13398,0,26.88561872909699,0.0,0
University,Kothrud,11,4,0,1241,8629,0,25.0317485898469,0.0,1
University,Kothrud,11,4,1,1462,10430,0,25.682626538987687,0.0,0
University,Kothrud,11,4,2,1856,13398,0,25.9875,0.0,0
University,Kothrud,13,4,0,1300,8629,0,23.895692307692308,0.0,1
University,Kothrud,13,4,1,1547,10430,0,24.27149321266968,0.0,0
University,Kothrud,13,4,2,1864,13398,0,25.87596566523605,0.0,0
University,Kothrud,15,4,0,1294,8629,0,24.0064914992272,0.0,1
University,Kothrud,15,4,1,1551,10430,0,24.208897485493228,0.0,0
University,Kothrud,15,4,2,1793,13398,0,26.900613496932515,0.0,0
University,Kothrud,17,4,0,1344,8629,0,23.113392857142856,0.0,1
University,Kothrud,17,4,1,1613,10430,0,23.27836329820211,0.0,0
University,Kothrud,17,4,2,1889,13398,0,25.53350979354156,0.0,0
University,Kothrud,19,4,0,1361,8629,0,22.82468772961058,0.0,1
University,Kothrud,19,4,1,1582,10430,0,23.73451327433628,0.0,0
University,Kothrud,19,4,2,1973,13398,0,24.446426761277245,0.0,0
University,Kothrud,21,4,0,1178,8629,0,26.3704584040747,0.0,1
University,Kothrud,21,4,1,1317,10430,0,28.51025056947608,0.0,0
University,Kothrud,21,4,2,1753,13398,0,27.51443240159726,0.0,0
University,Kothrud,23,4,0,1053,8629,0,29.500854700854703,0.0,1
University,Kothrud,23,4,1,1173,10430,0,32.010230179028135,0.0,0
University,Kothrud,23,4,2,1638,13398,0,29.446153846153845,0.0,0
University,Kothrud,7,5,0,1114,8629,0,27.885457809694792,0.0,1
University,Kothrud,7,5,1,1251,10430,0,30.014388489208635,0.0,0
University,Kothrud,7,5,2,1714,13398,0,28.14049008168028,0.0,0
University,Kothrud,9,5,0,1325,8629,0,23.444830188679244,0.0,1
University,Kothrud,9,5,1,1508,10430,0,24.899204244031832,0.0,0
University,Kothrud,9,5,2,1926,13398,0,25.042990654205607,0.0,0
University,Kothrud,11,5,0,1434,8629,0,21.66276150627615,0.0,1
University,Kothrud,11,5,1,1676,10430,0,22.403341288782816,0.0,0
University,Kothrud,11,5,2,2024,13398,0,23.830434782608695,0.0,0
University,Kothrud,13,5,0,1462,8629,0,21.247879616963065,0.0,1
University,Kothrud,13,5,1,1682,10430,0,22.323424494649228,0.0,0
University,Kothrud,13,5,2,1970,13398,0,24.483654822335023,0.0,0
University,Kothrud,15,5,0,1346,8629,0,23.07904903417533,0.0,1
University,Kothrud,15,5,1,1627,10430,0,23.078057775046094,0.0,0
University,Kothrud,15,5,2,1834,13398,0,26.299236641221373,0.0,0
University,Kothrud,17,5,0,1521,8629,0,20.42366863905325,0.0,1
University,Kothrud,17,5,1,1844,10430,0,20.36225596529284,0.0,0
University,Kothrud,17,5,2,2071,13398,0,23.28961854176726,0.0,0
University,Kothrud,19,5,0,1651,8629,0,18.81550575408843,0.0,1
University,Kothrud,19,5,1,1862,10430,0,20.165413533834585,0.0,0
University,Kothrud,19,5,2,2242,13398,0,21.51329170383586,0.0,0
University,Kothrud,21,5,0,1222,8629,0,25.42094926350245,0.0,1
University,Kothrud,21,5,1,1348,10430,0,27.854599406528187,0.0,0
University,Kothrud,21,5,2,1788,13398,0,26.975838926174497,0.0,0
University,Kothrud,23,5,0,1054,8629,0,29.47286527514231,0.0,1
University,Kothrud,23,5,1,1173,10430,0,32.010230179028135,0.0,0
University,Kothrud,23,5,2,1638,13398,0,29.446153846153845,0.0,0
University,Kothrud,7,6,0,1113,8629,0,27.910512129380056,0.0,1
University,Kothrud,7,6,1,1250,10430,0,30.0384,0.0,0
University,Kothrud,7,6,2,1716,13398,0,28.107692307692307,0.0,0
University,Kothrud,9,6,0,1347,8629,0,23.061915367483294,0.0,1
University,Kothrud,9,6,1,1537,10430,0,24.429407937540663,0.0,0
University,Kothrud,9,6,2,1958,13398,0,24.63370786516854,0.0,0
University,Kothrud,11,6,0,1480,8629,0,20.98945945945946,0.0,1
University,Kothrud,11,6,1,1738,10430,0,21.604142692750287,0.0,0
University,Kothrud,11,6,2,2071,13398,0,23.28961854176726,0.0,0
University,Kothrud,13,6,0,1483,8629,0,20.946999325691166,0.0,1
University,Kothrud,13,6,1,1733,10430,0,21.666474321985,0.0,0
University,Kothrud,13,6,2,1995,13398,0,24.176842105263155,0.0,0
University,Kothrud,15,6,0,1350,8629,0,23.010666666666665,0.0,1
University,Kothrud,15,6,1,1659,10430,0,22.632911392405063,0.0,0
University,Kothrud,15,6,2,1850,13398,0,26.071783783783783,0.0,0
University,Kothrud,17,6,0,1541,8629,0,20.158598312783905,0.0,1
University,Kothrud,17,6,1,1869,10430,0,20.08988764044944,0.0,0
University,Kothrud,17,6,2,2115,13398,0,22.80510638297872,0.0,0
University,Kothrud,19,6,0,1688,8629,0,18.403080568720377,0.0,1
University,Kothrud,19,6,1,1890,10430,0,19.866666666666664,0.0,0
University,Kothrud,19,6,2,2288,13398,0,21.08076923076923,0.0,0
University,Kothrud,21,6,0,1226,8629,0,25.338009787928225,0.0,1
University,Kothrud,21,6,1,1354,10430,0,27.73116691285081,0.0,0
University,Kothrud,21,6,2,1798,13398,0,26.825806451612905,0.0,0
University,Kothrud,23,6,0,1054,8629,0,29.47286527514231,0.0,1
University,Kothrud,23,6,1,1173,10430,0,32.010230179028135,0.0,0
University,Kothrud,23,6,2,1638,13398,0,29.446153846153845,0.0,0
University,Hadapsar,7,0,0,1971,14848,0,27.11963470319635,0.0,1
University,Hadapsar,7,0,1,2116,16141,0,27.461058601134216,0.0,0
University,Hadapsar,7,0,2,2273,15410,0,24.40651121865376,0.0,0
University,Hadapsar,9,0,0,2323,14430,0,22.362462333189843,0.0,1
University,Hadapsar,9,0,1,2507,16079,0,23.08911049062625,0.0,0
University,Hadapsar,9,0,2,2672,15410,0,20.76197604790419,0.0,0
University,Hadapsar,11,0,0,2489,14430,0,20.871032543190037,0.0,1
University,Hadapsar,11,0,1,2696,16141,0,21.553264094955487,0.0,0
University,Hadapsar,11,0,2,2862,15410,0,19.38364779874214,0.0,0
University,Hadapsar,13,0,0,2440,15915,0,23.481147540983603,0.0,0
University,Hadapsar,13,0,1,2422,14714,0,21.870520231213877,0.0,1
University,Hadapsar,13,0,2,2704,17139,0,22.81819526627219,0.0,0
University,Hadapsar,15,0,0,2326,14714,0,22.7731728288908,0.0,1
University,Hadapsar,15,0,1,2472,16141,0,23.506310679611648,0.0,0
University,Hadapsar,15,0,2,2738,15126,0,19.888093498904308,0.0,0
University,Hadapsar,17,0,0,2709,14430,0,19.17607973421927,0.0,1
University,Hadapsar,17,0,1,2971,16141,0,19.558263211040053,0.0,0
University,Hadapsar,17,0,2,3087,15410,0,17.97084548104956,0.0,0
University,Hadapsar,19,0,0,2711,14430,0,19.16193286610107,0.0,1
University,Hadapsar,19,0,1,3011,16141,0,19.29843905679176,0.0,0
University,Hadapsar,19,0,2,3016,15410,0,18.393899204244036,0.0,0
University,Hadapsar,21,0,0,2041,14848,0,26.18951494365507,0.0,1
University,Hadapsar,21,0,1,2150,16141,0,27.026790697674414,0.0,0
University,Hadapsar,21,0,2,2263,15410,0,24.514361467079095,0.0,0
University,Hadapsar,23,0,0,1808,14848,0,29.564601769911505,0.0,1
University,Hadapsar,23,0,1,1939,16141,0,29.967818463125315,0.0,0
University,Hadapsar,23,0,2,2078,15410,0,26.69682386910491,0.0,0
University,Hadapsar,7,1,0,1968,14848,0,27.1609756097561,0.0,1
University,Hadapsar,7,1,1,2107,16141,0,27.578357854769813,0.0,0
University,Hadapsar,7,1,2,2250,15410,0,24.656,0.0,0
University,Hadapsar,9,1,0,2248,14430,0,23.1085409252669,0.0,1
University,Hadapsar,9,1,1,2453,16141,0,23.688381573583364,0.0,0
University,Hadapsar,9,1,2,2601,15410,0,21.32871972318339,0.0,0
University,Hadapsar,11,1,0,2466,14430,0,21.06569343065693,0.0,1
University,Hadapsar,11,1,1,2656,16141,0,21.87786144578313,0.0,0
University,Hadapsar,11,1,2,2802,15410,0,19.798715203426124,0.0,0
University,Hadapsar,13,1,0,2414,15915,0,23.73405136702568,0.0,1
University,Hadapsar,13,1,1,2436,14714,0,21.7448275862069,0.0,0
University,Hadapsar,13,1,2,2676,17139,0,23.05695067264574,0.0,0
University,Hadapsar,15,1,0,2317,15915,0,24.72766508416055,0.0,1
University,Hadapsar,15,1,1,2349,14714,0,22.55019157088123,0.0,0
University,Hadapsar,15,1,2,2531,17139,0,24.37787435796128,0.0,0
University,Hadapsar,17,1,0,2612,14714,0,20.27963246554365,0.0,1
University,Hadapsar,17,1,1,2824,16141,0,20.576345609065157,0.0,0
University,Hadapsar,17,1,2,2912,15406,0,19.04587912087912,0.0,0
University,Hadapsar,19,1,0,2591,14430,0,20.0494017753763,0.0,1
University,Hadapsar,19,1,1,2866,16141,0,20.27480809490579,0.0,0
University,Hadapsar,19,1,2,2947,15410,0,18.824567356633867,0.0,0
University,Hadapsar,21,1,0,2033,15915,0,28.181997048696505,0.0,1
University,Hadapsar,21,1,1,2042,14848,0,26.17668952007836,0.0,0
University,Hadapsar,21,1,2,2250,17201,0,27.5216,0.0,0
University,Hadapsar,23,1,0,1808,14848,0,29.564601769911505,0.0,1
University,Hadapsar,23,1,1,1939,16141,0,29.967818463125315,0.0,0
University,Hadapsar,23,1,2,2078,15410,0,26.69682386910491,0.0,0
University,Hadapsar,7,2,0,1968,14848,0,27.1609756097561,0.0,1
University,Hadapsar,7,2,1,2100,16141,0,27.67028571428571,0.0,0
University,Hadapsar,7,2,2,2238,15410,0,24.788203753351205,0.0,0
University,Hadapsar,9,2,0,2239,14765,0,23.74006252791425,0.0,1
University,Hadapsar,9,2,1,2414,16141,0,24.071085335542666,0.0,0
University,Hadapsar,9,2,2,2533,15875,0,22.562179234109752,0.0,0
University,Hadapsar,11,2,0,2402,14430,0,21.626977518734385,0.0,1
University,Hadapsar,11,2,1,2600,16141,0,22.34907692307692,0.0,0
University,Hadapsar,11,2,2,2710,15410,0,20.47084870848709,0.0,0
University,Hadapsar,13,2,0,2393,15915,0,23.9423318010865,0.0,0
University,Hadapsar,13,2,1,2368,14714,0,22.369256756756755,0.0,1
University,Hadapsar,13,2,2,2642,17139,0,23.353671461014383,0.0,0
University,Hadapsar,15,2,0,2326,14714,0,22.7731728288908,0.0,1
University,Hadapsar,15,2,1,2498,16141,0,23.26164931945556,0.0,0
University,Hadapsar,15,2,2,2730,15406,0,20.3156043956044,0.0,0
University,Hadapsar,17,2,0,2692,14430,0,19.297176820208023,0.0,1
University,Hadapsar,17,2,1,2909,16141,0,19.97511172224132,0.0,0
University,Hadapsar,17,2,2,3017,15410,0,18.38780245276765,0.0,0
University,Hadapsar,19,2,0,2674,14430,0,19.427075542258788,0.0,1
University,Hadapsar,19,2,1,2958,16079,0,19.568762677484788,0.0,0
University,Hadapsar,19,2,2,3009,15410,0,18.43668993020937,0.0,0
University,Hadapsar,21,2,0,2036,15915,0,28.140471512770134,0.0,1
University,Hadapsar,21,2,1,2041,14848,0,26.18951494365507,0.0,0
University,Hadapsar,21,2,2,2276,17139,0,27.109138840070298,0.0,0
University,Hadapsar,23,2,0,1808,14848,0,29.564601769911505,0.0,1
University,Hadapsar,23,2,1,1939,16141,0,29.967818463125315,0.0,0
University,Hadapsar,23,2,2,2078,15410,0,26.69682386910491,0.0,0
University,Hadapsar,7,3,0,1891,15915,0,30.29825489159175,0.0,1
University,Hadapsar,7,3,1,1922,14848,0,27.811030176899067,0.0,0
University,Hadapsar,7,3,2,2129,17201,0,29.085767966181308,0.0,0
University,Hadapsar,9,3,0,2030,15915,0,28.223645320197043,0.0,1
University,Hadapsar,9,3,1,2090,14430,0,24.85550239234449,0.0,0
University,Hadapsar,9,3,2,2283,17139,0,27.02601839684625,0.0,0
University,Hadapsar,11,3,0,2201,15915,0,26.030895047705588,0.0,1
University,Hadapsar,11,3,1,2266,14430,0,22.92497793468667,0.0,0
University,Hadapsar,11,3,2,2420,17139,0,25.49603305785124,0.0,0
University,Hadapsar,13,3,0,2305,15915,0,24.85639913232104,0.0,1
University,Hadapsar,13,3,1,2364,14714,0,22.40710659898477,0.0,0
University,Hadapsar,13,3,2,2488,17139,0,24.799196141479097,0.0,0
University,Hadapsar,15,3,0,2407,15915,0,23.80307436643124,0.0,1
University,Hadapsar,15,3,1,2453,14714,0,21.594129637178963,0.0,0
University,Hadapsar,15,3,2,2530,17139,0,24.387509881422925,0.0,0
University,Hadapsar,17,3,0,2557,15915,0,22.40672663277278,0.0,1
University,Hadapsar,17,3,1,2652,14430,0,19.588235294117645,0.0,0
University,Hadapsar,17,3,2,2679,17139,0,23.031131019036955,0.0,0
University,Hadapsar,19,3,0,2465,15915,0,23.24300202839757,0.0,1
University,Hadapsar,19,3,1,2471,14714,0,21.436827195467423,0.0,0
University,Hadapsar,19,3,2,2644,17139,0,23.336006051437217,0.0,0
University,Hadapsar,21,3,0,2007,15915,0,28.54708520179372,0.0,1
University,Hadapsar,21,3,1,2022,14848,0,26.435608308605342,0.0,0
University,Hadapsar,21,3,2,2217,17139,0,27.83058186738836,0.0,0
University,Hadapsar,23,3,0,1808,14848,0,29.564601769911505,0.0,1
University,Hadapsar,23,3,1,1939,16141,0,29.967818463125315,0.0,0
University,Hadapsar,23,3,2,2078,15410,0,26.69682386910491,0.0,0
University,Hadapsar,7,4,0,1870,15915,0,30.638502673796783,0.0,1
University,Hadapsar,7,4,1,1879,14848,0,28.447472059606177,0.0,0
University,Hadapsar,7,4,2,2101,17201,0,29.473393622084725,0.0,0
University,Hadapsar,9,4,0,1946,15915,0,29.44193216855087,0.0,1
University,Hadapsar,9,4,1,1994,14848,0,26.80682046138416,0.0,0
University,Hadapsar,9,4,2,2184,17201,0,28.353296703296703,0.0,0
University,Hadapsar,11,4,0,2036,15915,0,28.140471512770134,0.0,1
University,Hadapsar,11,4,1,2107,14848,0,25.369150450878028,0.0,0
University,Hadapsar,11,4,2,2265,17201,0,27.339337748344374,0.0,0
University,Hadapsar,13,4,0,2088,15915,0,27.439655172413797,0.0,1
University,Hadapsar,13,4,1,2108,14430,0,24.643263757115747,0.0,0
University,Hadapsar,13,4,2,2315,17201,0,26.74885529157667,0.0,0
University,Hadapsar,15,4,0,2152,15915,0,26.62360594795539,0.0,1
University,Hadapsar,15,4,1,2169,14430,0,23.950207468879665,0.0,0
University,Hadapsar,15,4,2,2357,17201,0,26.272210436996183,0.0,0
University,Hadapsar,17,4,0,2268,15915,0,25.26190476190476,0.0,0
University,Hadapsar,17,4,1,2250,14430,0,23.088,0.0,1
University,Hadapsar,17,4,2,2444,17201,0,25.33698854337152,0.0,0
University,Hadapsar,19,4,0,2184,14430,0,23.785714285714285,0.0,1
University,Hadapsar,19,4,1,2339,16141,0,24.842924326635316,0.0,0
University,Hadapsar,19,4,2,2417,15410,0,22.95242035581299,0.0,0
University,Hadapsar,21,4,0,1950,14848,0,27.41169230769231,0.0,1
University,Hadapsar,21,4,1,2059,16141,0,28.221272462360364,0.0,0
University,Hadapsar,21,4,2,2183,15410,0,25.41273476866697,0.0,0
University,Hadapsar,23,4,0,1808,14848,0,29.564601769911505,0.0,1
University,Hadapsar,23,4,1,1939,16141,0,29.967818463125315,0.0,0
University,Hadapsar,23,4,2,2078,15410,0,26.69682386910491,0.0,0
University,Hadapsar,7,5,0,1967,14848,0,27.17478393492628,0.0,1
University,Hadapsar,7,5,1,2106,16141,0,27.59145299145299,0.0,0
University,Hadapsar,7,5,2,2259,15410,0,24.557768924302792,0.0,0
University,Hadapsar,9,5,0,2246,14430,0,23.129118432769367,0.0,1
University,Hadapsar,9,5,1,2443,16141,0,23.78534588620548,0.0,0
University,Hadapsar,9,5,2,2602,15875,0,21.96387394312068,0.0,0
University,Hadapsar,11,5,0,2458,15915,0,23.309194467046375,0.0,1
University,Hadapsar,11,5,1,2459,14430,0,21.12566083773892,0.0,0
University,Hadapsar,11,5,2,2742,17139,0,22.50196936542669,0.0,0
University,Hadapsar,13,5,0,2327,15915,0,24.62140094542329,0.0,1
University,Hadapsar,13,5,1,2414,14714,0,21.942999171499583,0.0,0
University,Hadapsar,13,5,2,2589,17139,0,23.831749710312863,0.0,0
University,Hadapsar,15,5,0,2262,15915,0,25.3289124668435,0.0,1
University,Hadapsar,15,5,1,2358,14714,0,22.46412213740458,0.0,0
University,Hadapsar,15,5,2,2464,17139,0,25.040746753246754,0.0,0
University,Hadapsar,17,5,0,2646,14714,0,20.01904761904762,0.0,1
University,Hadapsar,17,5,1,2834,16141,0,20.50374029640084,0.0,0
University,Hadapsar,17,5,2,2957,15406,0,18.756036523503557,0.0,0
University,Hadapsar,19,5,0,2618,14430,0,19.84262796027502,0.0,1
University,Hadapsar,19,5,1,2924,16141,0,19.87264021887825,0.0,0
University,Hadapsar,19,5,2,2967,15410,0,18.69767441860465,0.0,0
University,Hadapsar,21,5,0,2014,15915,0,28.447864945382324,0.0,1
University,Hadapsar,21,5,1,2033,14848,0,26.292572552877523,0.0,0
University,Hadapsar,21,5,2,2255,17139,0,27.36159645232816,0.0,0
University,Hadapsar,23,5,0,1808,14848,0,29.564601769911505,0.0,1
University,Hadapsar,23,5,1,1939,16141,0,29.967818463125315,0.0,0
University,Hadapsar,23,5,2,2078,15410,0,26.69682386910491,0.0,0
University,Hadapsar,7,6,0,1968,14848,0,27.1609756097561,0.0,1
University,Hadapsar,7,6,1,2114,16141,0,27.487038789025544,0.0,0
University,Hadapsar,7,6,2,2270,15410,0,24.43876651982379,0.0,0
University,Hadapsar,9,6,0,2317,14765,0,22.940871817004748,0.0,1
University,Hadapsar,9,6,1,2513,16079,0,23.03398328690808,0.0,0
University,Hadapsar,9,6,2,2679,15410,0,20.707726763717805,0.0,0
University,Hadapsar,11,6,0,2544,14430,0,20.41981132075472,0.0,1
University,Hadapsar,11,6,1,2724,16079,0,21.249779735682814,0.0,0
University,Hadapsar,11,6,2,2884,15410,0,19.235783633841887,0.0,0
University,Hadapsar,13,6,0,2426,15915,0,23.616652926628195,0.0,0
University,Hadapsar,13,6,1,2414,14714,0,21.942999171499583,0.0,1
University,Hadapsar,13,6,2,2681,17139,0,23.01395001864976,0.0,0
University,Hadapsar,15,6,0,2284,14714,0,23.19194395796848,0.0,1
University,Hadapsar,15,6,1,2438,16141,0,23.834126333059885,0.0,0
University,Hadapsar,15,6,2,2744,15406,0,20.21195335276968,0.0,0
University,Hadapsar,17,6,0,2671,14714,0,19.83167353051292,0.0,1
University,Hadapsar,17,6,1,2913,16079,0,19.871060762100928,0.0,0
University,Hadapsar,17,6,2,2973,15406,0,18.655095862764885,0.0,0
University,Hadapsar,19,6,0,2675,14918,0,20.07656074766355,0.0,1
University,Hadapsar,19,6,1,2979,16141,0,19.50574018126888,0.0,0
University,Hadapsar,19,6,2,2851,15201,0,19.19452823570677,0.0,0
University,Hadapsar,21,6,0,2024,15915,0,28.307312252964422,0.0,1
University,Hadapsar,21,6,1,2034,14848,0,26.27964601769912,0.0,0
University,Hadapsar,21,6,2,2255,17139,0,27.36159645232816,0.0,0
University,Hadapsar,23,6,0,1808,14848,0,29.564601769911505,0.0,1
University,Hadapsar,23,6,1,1939,16141,0,29.967818463125315,0.0,0
University,Hadapsar,23,6,2,2078,15410,0,26.69682386910491,0.0,0
University,Hadapsar,7,0,0,1971,14848,0,27.11963470319635,0.0,1
University,Hadapsar,7,0,1,2116,16141,0,27.461058601134216,0.0,0
University,Hadapsar,7,0,2,2273,15410,0,24.40651121865376,0.0,0
University,Hadapsar,9,0,0,2323,14430,0,22.362462333189843,0.0,1
University,Hadapsar,9,0,1,2507,16079,0,23.08911049062625,0.0,0
University,Hadapsar,9,0,2,2672,15410,0,20.76197604790419,0.0,0
University,Hadapsar,11,0,0,2489,14430,0,20.871032543190037,0.0,1
University,Hadapsar,11,0,1,2696,16141,0,21.553264094955487,0.0,0
University,Hadapsar,11,0,2,2862,15410,0,19.38364779874214,0.0,0
University,Hadapsar,13,0,0,2440,15915,0,23.481147540983603,0.0,0
University,Hadapsar,13,0,1,2422,14714,0,21.870520231213877,0.0,1
University,Hadapsar,13,0,2,2704,17139,0,22.81819526627219,0.0,0
University,Hadapsar,15,0,0,2326,14714,0,22.7731728288908,0.0,1
University,Hadapsar,15,0,1,2472,16141,0,23.506310679611648,0.0,0
University,Hadapsar,15,0,2,2738,15126,0,19.888093498904308,0.0,0
University,Hadapsar,17,0,0,2709,14430,0,19.17607973421927,0.0,1
University,Hadapsar,17,0,1,2971,16141,0,19.558263211040053,0.0,0
University,Hadapsar,17,0,2,3087,15410,0,17.97084548104956,0.0,0
University,Hadapsar,19,0,0,2711,14430,0,19.16193286610107,0.0,1
University,Hadapsar,19,0,1,3011,16141,0,19.29843905679176,0.0,0
University,Hadapsar,19,0,2,3016,15410,0,18.393899204244036,0.0,0
University,Hadapsar,21,0,0,2041,14848,0,26.18951494365507,0.0,1
University,Hadapsar,21,0,1,2150,16141,0,27.026790697674414,0.0,0
University,Hadapsar,21,0,2,2263,15410,0,24.514361467079095,0.0,0
University,Hadapsar,23,0,0,1808,14848,0,29.564601769911505,0.0,1
University,Hadapsar,23,0,1,1939,16141,0,29.967818463125315,0.0,0
University,Hadapsar,23,0,2,2078,15410,0,26.69682386910491,0.0,0
University,Hadapsar,7,1,0,1968,14848,0,27.1609756097561,0.0,1
University,Hadapsar,7,1,1,2107,16141,0,27.578357854769813,0.0,0
University,Hadapsar,7,1,2,2250,15410,0,24.656,0.0,0
University,Hadapsar,9,1,0,2248,14430,0,23.1085409252669,0.0,1
University,Hadapsar,9,1,1,2453,16141,0,23.688381573583364,0.0,0
University,Hadapsar,9,1,2,2601,15410,0,21.32871972318339,0.0,0
University,Hadapsar,11,1,0,2466,14430,0,21.06569343065693,0.0,1
University,Hadapsar,11,1,1,2656,16141,0,21.87786144578313,0.0,0
University,Hadapsar,11,1,2,2802,15410,0,19.798715203426124,0.0,0
University,Hadapsar,13,1,0,2414,15915,0,23.73405136702568,0.0,1
University,Hadapsar,13,1,1,2436,14714,0,21.7448275862069,0.0,0
University,Hadapsar,13,1,2,2676,17139,0,23.05695067264574,0.0,0
University,Hadapsar,15,1,0,2317,15915,0,24.72766508416055,0.0,1
University,Hadapsar,15,1,1,2349,14714,0,22.55019157088123,0.0,0
University,Hadapsar,15,1,2,2531,17139,0,24.37787435796128,0.0,0
University,Hadapsar,17,1,0,2612,14714,0,20.27963246554365,0.0,1
University,Hadapsar,17,1,1,2824,16141,0,20.576345609065157,0.0,0
University,Hadapsar,17,1,2,2912,15406,0,19.04587912087912,0.0,0
University,Hadapsar,19,1,0,2591,14430,0,20.0494017753763,0.0,1
University,Hadapsar,19,1,1,2866,16141,0,20.27480809490579,0.0,0
University,Hadapsar,19,1,2,2947,15410,0,18.824567356633867,0.0,0
University,Hadapsar,21,1,0,2033,15915,0,28.181997048696505,0.0,1
University,Hadapsar,21,1,1,2042,14848,0,26.17668952007836,0.0,0
University,Hadapsar,21,1,2,2250,17201,0,27.5216,0.0,0
University,Hadapsar,23,1,0,1808,14848,0,29.564601769911505,0.0,1
University,Hadapsar,23,1,1,1939,16141,0,29.967818463125315,0.0,0
University,Hadapsar,23,1,2,2078,15410,0,26.69682386910491,0.0,0
University,Hadapsar,7,2,0,1968,14848,0,27.1609756097561,0.0,1
University,Hadapsar,7,2,1,2100,16141,0,27.67028571428571,0.0,0
University,Hadapsar,7,2,2,2238,15410,0,24.788203753351205,0.0,0
University,Hadapsar,9,2,0,2239,14765,0,23.74006252791425,0.0,1
University,Hadapsar,9,2,1,2414,16141,0,24.071085335542666,0.0,0
University,Hadapsar,9,2,2,2533,15875,0,22.562179234109752,0.0,0
University,Hadapsar,11,2,0,2402,14430,0,21.626977518734385,0.0,1
University,Hadapsar,11,2,1,2600,16141,0,22.34907692307692,0.0,0
University,Hadapsar,11,2,2,2710,15410,0,20.47084870848709,0.0,0
University,Hadapsar,13,2,0,2393,15915,0,23.9423318010865,0.0,0
University,Hadapsar,13,2,1,2368,14714,0,22.369256756756755,0.0,1
University,Hadapsar,13,2,2,2642,17139,0,23.353671461014383,0.0,0
University,Hadapsar,15,2,0,2326,14714,0,22.7731728288908,0.0,1
University,Hadapsar,15,2,1,2498,16141,0,23.26164931945556,0.0,0
University,Hadapsar,15,2,2,2730,15406,0,20.3156043956044,0.0,0
University,Hadapsar,17,2,0,2692,14430,0,19.297176820208023,0.0,1
University,Hadapsar,17,2,1,2909,16141,0,19.97511172224132,0.0,0
University,Hadapsar,17,2,2,3017,15410,0,18.38780245276765,0.0,0
University,Hadapsar,19,2,0,2674,14430,0,19.427075542258788,0.0,1
University,Hadapsar,19,2,1,2958,16079,0,19.568762677484788,0.0,0
University,Hadapsar,19,2,2,3009,15410,0,18.43668993020937,0.0,0
University,Hadapsar,21,2,0,2036,15915,0,28.140471512770134,0.0,1
University,Hadapsar,21,2,1,2041,14848,0,26.18951494365507,0.0,0
University,Hadapsar,21,2,2,2276,17139,0,27.109138840070298,0.0,0
University,Hadapsar,23,2,0,1808,14848,0,29.564601769911505,0.0,1
University,Hadapsar,23,2,1,1939,16141,0,29.967818463125315,0.0,0
University,Hadapsar,23,2,2,2078,15410,0,26.69682386910491,0.0,0
University,Hadapsar,7,3,0,1891,15915,0,30.29825489159175,0.0,1
University,Hadapsar,7,3,1,1922,14848,0,27.811030176899067,0.0,0
University,Hadapsar,7,3,2,2129,17201,0,29.085767966181308,0.0,0
University,Hadapsar,9,3,0,2030,15915,0,28.223645320197043,0.0,1
University,Hadapsar,9,3,1,2090,14430,0,24.85550239234449,0.0,0
University,Hadapsar,9,3,2,2283,17139,0,27.02601839684625,0.0,0
University,Hadapsar,11,3,0,2201,15915,0,26.030895047705588,0.0,1
University,Hadapsar,11,3,1,2266,14430,0,22.92497793468667,0.0,0
University,Hadapsar,11,3,2,2420,17139,0,25.49603305785124,0.0,0
University,Hadapsar,13,3,0,2305,15915,0,24.85639913232104,0.0,1
University,Hadapsar,13,3,1,2364,14714,0,22.40710659898477,0.0,0
University,Hadapsar,13,3,2,2488,17139,0,24.799196141479097,0.0,0
University,Hadapsar,15,3,0,2407,15915,0,23.80307436643124,0.0,1
University,Hadapsar,15,3,1,2453,14714,0,21.594129637178963,0.0,0
University,Hadapsar,15,3,2,2530,17139,0,24.387509881422925,0.0,0
University,Hadapsar,17,3,0,2557,15915,0,22.40672663277278,0.0,1
University,Hadapsar,17,3,1,2652,14430,0,19.588235294117645,0.0,0
University,Hadapsar,17,3,2,2679,17139,0,23.031131019036955,0.0,0
University,Hadapsar,19,3,0,2465,15915,0,23.24300202839757,0.0,1
University,Hadapsar,19,3,1,2471,14714,0,21.436827195467423,0.0,0
University,Hadapsar,19,3,2,2644,17139,0,23.336006051437217,0.0,0
University,Hadapsar,21,3,0,2007,15915,0,28.54708520179372,0.0,1
University,Hadapsar,21,3,1,2022,14848,0,26.435608308605342,0.0,0
University,Hadapsar,21,3,2,2217,17139,0,27.83058186738836,0.0,0
University,Hadapsar,23,3,0,1808,14848,0,29.564601769911505,0.0,1
University,Hadapsar,23,3,1,1939,16141,0,29.967818463125315,0.0,0
University,Hadapsar,23,3,2,2078,15410,0,26.69682386910491,0.0,0
University,Hadapsar,7,4,0,1870,15915,0,30.638502673796783,0.0,1
University,Hadapsar,7,4,1,1879,14848,0,28.447472059606177,0.0,0
University,Hadapsar,7,4,2,2101,17201,0,29.473393622084725,0.0,0
University,Hadapsar,9,4,0,1946,15915,0,29.44193216855087,0.0,1
University,Hadapsar,9,4,1,1994,14848,0,26.80682046138416,0.0,0
University,Hadapsar,9,4,2,2184,17201,0,28.353296703296703,0.0,0
University,Hadapsar,11,4,0,2036,15915,0,28.140471512770134,0.0,1
University,Hadapsar,11,4,1,2107,14848,0,25.369150450878028,0.0,0
University,Hadapsar,11,4,2,2265,17201,0,27.339337748344374,0.0,0
University,Hadapsar,13,4,0,2088,15915,0,27.439655172413797,0.0,1
University,Hadapsar,13,4,1,2108,14430,0,24.643263757115747,0.0,0
University,Hadapsar,13,4,2,2315,17201,0,26.74885529157667,0.0,0
University,Hadapsar,15,4,0,2152,15915,0,26.62360594795539,0.0,1
University,Hadapsar,15,4,1,2169,14430,0,23.950207468879665,0.0,0
University,Hadapsar,15,4,2,2357,17201,0,26.272210436996183,0.0,0
University,Hadapsar,17,4,0,2268,15915,0,25.26190476190476,0.0,0
University,Hadapsar,17,4,1,2250,14430,0,23.088,0.0,1
University,Hadapsar,17,4,2,2444,17201,0,25.33698854337152,0.0,0
University,Hadapsar,19,4,0,2184,14430,0,23.785714285714285,0.0,1
University,Hadapsar,19,4,1,2339,16141,0,24.842924326635316,0.0,0
University,Hadapsar,19,4,2,2417,15410,0,22.95242035581299,0.0,0
University,Hadapsar,21,4,0,1950,14848,0,27.41169230769231,0.0,1
University,Hadapsar,21,4,1,2059,16141,0,28.221272462360364,0.0,0
University,Hadapsar,21,4,2,2183,15410,0,25.41273476866697,0.0,0
University,Hadapsar,23,4,0,1808,14848,0,29.564601769911505,0.0,1
University,Hadapsar,23,4,1,1939,16141,0,29.967818463125315,0.0,0
University,Hadapsar,23,4,2,2078,15410,0,26.69682386910491,0.0,0
University,Hadapsar,7,5,0,1967,14848,0,27.17478393492628,0.0,1
University,Hadapsar,7,5,1,2106,16141,0,27.59145299145299,0.0,0
University,Hadapsar,7,5,2,2259,15410,0,24.557768924302792,0.0,0
University,Hadapsar,9,5,0,2246,14430,0,23.129118432769367,0.0,1
University,Hadapsar,9,5,1,2443,16141,0,23.78534588620548,0.0,0
University,Hadapsar,9,5,2,2602,15875,0,21.96387394312068,0.0,0
University,Hadapsar,11,5,0,2458,15915,0,23.309194467046375,0.0,1
University,Hadapsar,11,5,1,2459,14430,0,21.12566083773892,0.0,0
University,Hadapsar,11,5,2,2742,17139,0,22.50196936542669,0.0,0
University,Hadapsar,13,5,0,2327,15915,0,24.62140094542329,0.0,1
University,Hadapsar,13,5,1,2414,14714,0,21.942999171499583,0.0,0
University,Hadapsar,13,5,2,2589,17139,0,23.831749710312863,0.0,0
University,Hadapsar,15,5,0,2262,15915,0,25.3289124668435,0.0,1
University,Hadapsar,15,5,1,2358,14714,0,22.46412213740458,0.0,0
University,Hadapsar,15,5,2,2464,17139,0,25.040746753246754,0.0,0
University,Hadapsar,17,5,0,2646,14714,0,20.01904761904762,0.0,1
University,Hadapsar,17,5,1,2834,16141,0,20.50374029640084,0.0,0
University,Hadapsar,17,5,2,2957,15406,0,18.756036523503557,0.0,0
University,Hadapsar,19,5,0,2618,14430,0,19.84262796027502,0.0,1
University,Hadapsar,19,5,1,2924,16141,0,19.87264021887825,0.0,0
University,Hadapsar,19,5,2,2967,15410,0,18.69767441860465,0.0,0
University,Hadapsar,21,5,0,2014,15915,0,28.447864945382324,0.0,1
University,Hadapsar,21,5,1,2033,14848,0,26.292572552877523,0.0,0
University,Hadapsar,21,5,2,2255,17139,0,27.36159645232816,0.0,0
University,Hadapsar,23,5,0,1808,14848,0,29.564601769911505,0.0,1
University,Hadapsar,23,5,1,1939,16141,0,29.967818463125315,0.0,0
University,Hadapsar,23,5,2,2078,15410,0,26.69682386910491,0.0,0
University,Hadapsar,7,6,0,1968,14848,0,27.1609756097561,0.0,1
University,Hadapsar,7,6,1,2114,16141,0,27.487038789025544,0.0,0
University,Hadapsar,7,6,2,2270,15410,0,24.43876651982379,0.0,0
University,Hadapsar,11,6,0,2544,14430,0,20.41981132075472,0.0,1
University,Hadapsar,11,6,1,2724,16079,0,21.249779735682814,0.0,0
University,Hadapsar,11,6,2,2884,15410,0,19.235783633841887,0.0,0
University,Hadapsar,13,6,0,2426,15915,0,23.616652926628195,0.0,0
University,Hadapsar,13,6,1,2414,14714,0,21.942999171499583,0.0,1
University,Hadapsar,13,6,2,2681,17139,0,23.01395001864976,0.0,0
University,Hadapsar,17,6,0,2671,14714,0,19.83167353051292,0.0,1
University,Hadapsar,17,6,1,2913,16079,0,19.871060762100928,0.0,0
University,Hadapsar,17,6,2,2973,15406,0,18.655095862764885,0.0,0
University,Hadapsar,21,6,0,2024,15915,0,28.307312252964422,0.0,1
University,Hadapsar,21,6,1,2034,14848,0,26.27964601769912,0.0,0
University,Hadapsar,21,6,2,2255,17139,0,27.36159645232816,0.0,0
University,Hadapsar,9,0,0,2323,14430,0,22.362462333189843,0.0,1
University,Hadapsar,9,0,1,2507,16079,0,23.08911049062625,0.0,0
University,Hadapsar,9,0,2,2672,15410,0,20.76197604790419,0.0,0
University,Hadapsar,11,0,0,2489,14430,0,20.871032543190037,0.0,1
University,Hadapsar,11,0,1,2696,16141,0,21.553264094955487,0.0,0
University,Hadapsar,11,0,2,2862,15410,0,19.38364779874214,0.0,0
University,Hadapsar,13,0,0,2440,15915,0,23.481147540983603,0.0,0
University,Hadapsar,13,0,1,2422,14714,0,21.870520231213877,0.0,1
University,Hadapsar,13,0,2,2704,17139,0,22.81819526627219,0.0,0
University,Hadapsar,19,0,0,2711,14430,0,19.16193286610107,0.0,1
University,Hadapsar,19,0,1,3011,16141,0,19.29843905679176,0.0,0
University,Hadapsar,19,0,2,3016,15410,0,18.393899204244036,0.0,0
University,Hadapsar,21,0,0,2041,14848,0,26.18951494365507,0.0,1
University,Hadapsar,21,0,1,2150,16141,0,27.026790697674414,0.0,0
University,Hadapsar,21,0,2,2263,15410,0,24.514361467079095,0.0,0
University,Hadapsar,23,0,0,1808,14848,0,29.564601769911505,0.0,1
University,Hadapsar,23,0,1,1939,16141,0,29.967818463125315,0.0,0
University,Hadapsar,23,0,2,2078,15410,0,26.69682386910491,0.0,0
University,Hadapsar,9,1,0,2248,14430,0,23.1085409252669,0.0,1
University,Hadapsar,9,1,1,2453,16141,0,23.688381573583364,0.0,0
University,Hadapsar,9,1,2,2601,15410,0,21.32871972318339,0.0,0
University,Hadapsar,19,1,0,2591,14430,0,20.0494017753763,0.0,1
University,Hadapsar,19,1,1,2866,16141,0,20.27480809490579,0.0,0
University,Hadapsar,19,1,2,2947,15410,0,18.824567356633867,0.0,0
University,Hadapsar,21,1,0,2033,15915,0,28.181997048696505,0.0,1
University,Hadapsar,21,1,1,2042,14848,0,26.17668952007836,0.0,0
University,Hadapsar,21,1,2,2250,17201,0,27.5216,0.0,0
University,Hadapsar,23,1,0,1808,14848,0,29.564601769911505,0.0,1
University,Hadapsar,23,1,1,1939,16141,0,29.967818463125315,0.0,0
University,Hadapsar,23,1,2,2078,15410,0,26.69682386910491,0.0,0
University,Hadapsar,7,2,0,1968,14848,0,27.1609756097561,0.0,1
University,Hadapsar,7,2,1,2100,16141,0,27.67028571428571,0.0,0
University,Hadapsar,7,2,2,2238,15410,0,24.788203753351205,0.0,0
University,Hadapsar,11,2,0,2402,14430,0,21.626977518734385,0.0,1
University,Hadapsar,11,2,1,2600,16141,0,22.34907692307692,0.0,0
University,Hadapsar,11,2,2,2710,15410,0,20.47084870848709,0.0,0
University,Hadapsar,13,2,0,2393,15915,0,23.9423318010865,0.0,0
University,Hadapsar,13,2,1,2368,14714,0,22.369256756756755,0.0,1
University,Hadapsar,13,2,2,2642,17139,0,23.353671461014383,0.0,0
University,Hadapsar,15,2,0,2326,14714,0,22.7731728288908,0.0,1
University,Hadapsar,15,2,1,2498,16141,0,23.26164931945556,0.0,0
University,Hadapsar,15,2,2,2730,15406,0,20.3156043956044,0.0,0
University,Hadapsar,21,2,0,2036,15915,0,28.140471512770134,0.0,1
University,Hadapsar,21,2,1,2041,14848,0,26.18951494365507,0.0,0
University,Hadapsar,21,2,2,2276,17139,0,27.109138840070298,0.0,0
University,Hadapsar,7,3,0,1891,15915,0,30.29825489159175,0.0,1
University,Hadapsar,7,3,1,1922,14848,0,27.811030176899067,0.0,0
University,Hadapsar,7,3,2,2129,17201,0,29.085767966181308,0.0,0
University,Hadapsar,9,3,0,2030,15915,0,28.223645320197043,0.0,1
University,Hadapsar,9,3,1,2090,14430,0,24.85550239234449,0.0,0
University,Hadapsar,9,3,2,2283,17139,0,27.02601839684625,0.0,0
University,Hadapsar,11,3,0,2201,15915,0,26.030895047705588,0.0,1
University,Hadapsar,11,3,1,2266,14430,0,22.92497793468667,0.0,0
University,Hadapsar,11,3,2,2420,17139,0,25.49603305785124,0.0,0
University,Hadapsar,19,3,0,2465,15915,0,23.24300202839757,0.0,1
University,Hadapsar,19,3,1,2471,14714,0,21.436827195467423,0.0,0
University,Hadapsar,19,3,2,2644,17139,0,23.336006051437217,0.0,0
University,Hadapsar,7,4,0,1870,15915,0,30.638502673796783,0.0,1
University,Hadapsar,7,4,1,1879,14848,0,28.447472059606177,0.0,0
University,Hadapsar,7,4,2,2101,17201,0,29.473393622084725,0.0,0
University,Hadapsar,9,4,0,1946,15915,0,29.44193216855087,0.0,1
University,Hadapsar,9,4,1,1994,14848,0,26.80682046138416,0.0,0
University,Hadapsar,9,4,2,2184,17201,0,28.353296703296703,0.0,0
University,Hadapsar,11,4,0,2036,15915,0,28.140471512770134,0.0,1
University,Hadapsar,11,4,1,2107,14848,0,25.369150450878028,0.0,0
University,Hadapsar,11,4,2,2265,17201,0,27.339337748344374,0.0,0
University,Hadapsar,13,4,0,2088,15915,0,27.439655172413797,0.0,1
University,Hadapsar,13,4,1,2108,14430,0,24.643263757115747,0.0,0
University,Hadapsar,13,4,2,2315,17201,0,26.74885529157667,0.0,0
University,Hadapsar,15,4,0,2152,15915,0,26.62360594795539,0.0,1
University,Hadapsar,15,4,1,2169,14430,0,23.950207468879665,0.0,0
University,Hadapsar,15,4,2,2357,17201,0,26.272210436996183,0.0,0
University,Hadapsar,17,4,0,2268,15915,0,25.26190476190476,0.0,0
University,Hadapsar,17,4,1,2250,14430,0,23.088,0.0,1
University,Hadapsar,17,4,2,2444,17201,0,25.33698854337152,0.0,0
University,Hadapsar,13,5,0,2327,15915,0,24.62140094542329,0.0,1
University,Hadapsar,13,5,1,2414,14714,0,21.942999171499583,0.0,0
University,Hadapsar,13,5,2,2589,17139,0,23.831749710312863,0.0,0
University,Hadapsar,21,5,0,2014,15915,0,28.447864945382324,0.0,1
University,Hadapsar,21,5,1,2033,14848,0,26.292572552877523,0.0,0
University,Hadapsar,21,5,2,2255,17139,0,27.36159645232816,0.0,0
