origin,destination,hour,day_of_week,route_id,travel_time,distance,traffic_delay,avg_speed,delay_ratio,is_best_route
Hinjewadi,Swargate,7,0,0,2282,18638,0,29.40262927256793,0.0,1
Hinjewadi,Swargate,7,0,1,2863,25230,0,31.724764233321693,0.0,0
Hinjewadi,Swargate,7,0,2,2874,20400,0,25.55323590814196,0.0,0
Hinjewadi,Swargate,9,0,0,2700,18638,0,24.85066666666667,0.0,1
Hinjewadi,Swargate,9,0,1,3452,25227,0,26.308574739281575,0.0,0
Hinjewadi,Swargate,9,0,2,3467,24922,0,25.878050187481975,0.0,0
Hinjewadi,Swargate,11,0,0,2967,18638,0,22.614357937310416,0.0,1
Hinjewadi,Swargate,11,0,1,3725,25788,0,24.922630872483218,0.0,0
Hinjewadi,Swargate,11,0,2,3932,25288,0,23.152797558494406,0.0,0
Hinjewadi,Swargate,13,0,0,2947,18638,0,22.767831693247373,0.0,1
Hinjewadi,Swargate,13,0,1,3568,25853,0,26.08486547085202,0.0,0
Hinjewadi,Swargate,13,0,2,3870,25288,0,23.52372093023256,0.0,0
Hinjewadi,Swargate,15,0,0,2919,18638,0,22.98622816032888,0.0,1
Hinjewadi,Swargate,15,0,1,3332,25476,0,27.525090036014404,0.0,0
Hinjewadi,Swargate,15,0,2,3668,21072,0,20.68135223555071,0.0,0
Hinjewadi,Swargate,17,0,0,3318,18638,0,20.22206148282098,0.0,1
Hinjewadi,Swargate,17,0,1,3864,25469,0,23.728881987577644,0.0,0
Hinjewadi,Swargate,17,0,2,4324,25288,0,21.053839037927847,0.0,0
Hinjewadi,Swargate,19,0,0,3390,18638,0,19.792566371681417,0.0,1
Hinjewadi,Swargate,19,0,1,3979,25227,0,22.824126664991205,0.0,0
Hinjewadi,Swargate,19,0,2,4211,26494,0,22.649821895036805,0.0,0
Hinjewadi,Swargate,21,0,0,2410,18638,0,27.84099585062241,0.0,1
Hinjewadi,Swargate,21,0,1,2890,25230,0,31.428373702422146,0.0,0
Hinjewadi,Swargate,21,0,2,2974,20400,0,24.694014794889036,0.0,0
Hinjewadi,Swargate,23,0,0,2142,18638,0,31.324369747899166,0.0,1
Hinjewadi,Swargate,23,0,1,2617,25230,0,34.70691631639282,0.0,0
Hinjewadi,Swargate,23,0,2,2691,20400,0,27.290969899665548,0.0,0
Hinjewadi,Swargate,7,1,0,2283,18638,0,29.389750328515113,0.0,1
Hinjewadi,Swargate,7,1,1,2846,25230,0,31.914265635980325,0.0,0
Hinjewadi,Swargate,7,1,2,2873,20400,0,25.562130177514792,0.0,0
Hinjewadi,Swargate,9,1,0,2672,18638,0,25.111077844311378,0.0,1
Hinjewadi,Swargate,9,1,1,3425,25227,0,26.51597080291971,0.0,0
Hinjewadi,Swargate,9,1,2,3433,24885,0,26.09554325662686,0.0,0
Hinjewadi,Swargate,11,1,0,2964,18638,0,22.637246963562756,0.0,1
Hinjewadi,Swargate,11,1,1,3707,25793,0,25.048502832479095,0.0,0
Hinjewadi,Swargate,11,1,2,3912,25438,0,23.409202453987728,0.0,0
Hinjewadi,Swargate,13,1,0,2977,18638,0,22.53839435673497,0.0,1
Hinjewadi,Swargate,13,1,1,3559,25853,0,26.150828884518123,0.0,0
Hinjewadi,Swargate,13,1,2,3869,25438,0,23.669371930731455,0.0,0
Hinjewadi,Swargate,15,1,0,3010,19310,0,23.09501661129568,0.0,1
Hinjewadi,Swargate,15,1,1,3323,25476,0,27.599638880529643,0.0,0
Hinjewadi,Swargate,15,1,2,3810,24922,0,23.548346456692915,0.0,0
Hinjewadi,Swargate,17,1,0,3301,19160,0,20.895486216298092,0.0,1
Hinjewadi,Swargate,17,1,1,3803,25469,0,24.109492505916386,0.0,0
Hinjewadi,Swargate,17,1,2,4202,24922,0,21.351546882436935,0.0,0
Hinjewadi,Swargate,19,1,0,3259,18638,0,20.588155876035596,0.0,1
Hinjewadi,Swargate,19,1,1,3934,25227,0,23.08520589730554,0.0,0
Hinjewadi,Swargate,19,1,2,4310,27879,0,23.286403712296984,0.0,0
Hinjewadi,Swargate,21,1,0,2389,18638,0,28.085726245290918,0.0,1
Hinjewadi,Swargate,21,1,1,2891,25230,0,31.417502594258043,0.0,0
Hinjewadi,Swargate,21,1,2,2950,20400,0,24.894915254237286,0.0,0
Hinjewadi,Swargate,23,1,0,2142,18638,0,31.324369747899166,0.0,1
Hinjewadi,Swargate,23,1,1,2617,25230,0,34.70691631639282,0.0,0
Hinjewadi,Swargate,23,1,2,2691,20400,0,27.290969899665548,0.0,0
Hinjewadi,Swargate,7,2,0,2267,18638,0,29.5971768857521,0.0,1
Hinjewadi,Swargate,7,2,1,2854,25230,0,31.824807288016817,0.0,0
Hinjewadi,Swargate,7,2,2,2850,20400,0,25.768421052631577,0.0,0
Hinjewadi,Swargate,9,2,0,2641,18638,0,25.40583112457403,0.0,1
Hinjewadi,Swargate,9,2,1,3423,25227,0,26.531463628396146,0.0,0
Hinjewadi,Swargate,9,2,2,3248,20400,0,22.610837438423644,0.0,0
Hinjewadi,Swargate,11,2,0,2923,18638,0,22.954772494013003,0.0,1
Hinjewadi,Swargate,11,2,1,3705,25776,0,25.045506072874495,0.0,0
Hinjewadi,Swargate,11,2,2,3563,20400,0,20.611843951726073,0.0,0
Hinjewadi,Swargate,13,2,0,2962,18638,0,22.6525320729237,0.0,1
Hinjewadi,Swargate,13,2,1,3599,25853,0,25.860183384273412,0.0,0
Hinjewadi,Swargate,13,2,2,3735,20922,0,20.16578313253012,0.0,0
Hinjewadi,Swargate,15,2,0,2944,18638,0,22.79103260869565,0.0,1
Hinjewadi,Swargate,15,2,1,3403,25749,0,27.239612106964444,0.0,0
Hinjewadi,Swargate,15,2,2,3650,21072,0,20.783342465753424,0.0,0
Hinjewadi,Swargate,17,2,0,3330,18638,0,20.14918918918919,0.0,1
Hinjewadi,Swargate,17,2,1,3912,25469,0,23.437730061349694,0.0,0
Hinjewadi,Swargate,17,2,2,4078,20922,0,18.469641981363413,0.0,0
Hinjewadi,Swargate,19,2,0,3368,18638,0,19.92185273159145,0.0,1
Hinjewadi,Swargate,19,2,1,3997,25227,0,22.72134100575432,0.0,0
Hinjewadi,Swargate,19,2,2,4360,27879,0,23.01935779816514,0.0,0
Hinjewadi,Swargate,21,2,0,2416,18638,0,27.771854304635763,0.0,1
Hinjewadi,Swargate,21,2,1,2902,25230,0,31.29841488628532,0.0,0
Hinjewadi,Swargate,21,2,2,2979,20400,0,24.652567975830813,0.0,0
Hinjewadi,Swargate,23,2,0,2142,18638,0,31.324369747899166,0.0,1
Hinjewadi,Swargate,23,2,1,2617,25230,0,34.70691631639282,0.0,0
Hinjewadi,Swargate,23,2,2,2691,20400,0,27.290969899665548,0.0,0
Hinjewadi,Swargate,7,3,0,2252,18638,0,29.794316163410304,0.0,1
Hinjewadi,Swargate,7,3,1,2821,25230,0,32.197093229351296,0.0,0
Hinjewadi,Swargate,7,3,2,2823,20400,0,26.014877789585544,0.0,0
Hinjewadi,Swargate,9,3,0,2565,18638,0,26.15859649122807,0.0,1
Hinjewadi,Swargate,9,3,1,3294,25253,0,27.598907103825134,0.0,0
Hinjewadi,Swargate,9,3,2,3176,20400,0,23.12342569269521,0.0,0
Hinjewadi,Swargate,11,3,0,2993,18638,0,22.417908453057137,0.0,1
Hinjewadi,Swargate,11,3,1,3707,25784,0,25.039762611275965,0.0,0
Hinjewadi,Swargate,11,3,2,3697,21072,0,20.51912361374087,0.0,0
Hinjewadi,Swargate,13,3,0,3171,19160,0,21.75212866603595,0.0,1
Hinjewadi,Swargate,13,3,1,3775,25850,0,24.65165562913907,0.0,0
Hinjewadi,Swargate,13,3,2,3689,21926,0,21.39701816210355,0.0,0
Hinjewadi,Swargate,15,3,0,3219,19310,0,21.5955265610438,0.0,1
Hinjewadi,Swargate,15,3,1,3666,25789,0,25.324713584288055,0.0,0
Hinjewadi,Swargate,15,3,2,3723,20607,0,19.926188557614825,0.0,0
Hinjewadi,Swargate,17,3,0,3340,19160,0,20.651497005988023,0.0,1
Hinjewadi,Swargate,17,3,1,4037,25741,0,22.95457022541491,0.0,0
Hinjewadi,Swargate,17,3,2,3872,20607,0,19.15940082644628,0.0,0
Hinjewadi,Swargate,19,3,0,3125,18638,0,21.470976,0.0,1
Hinjewadi,Swargate,19,3,1,4048,25499,0,22.67697628458498,0.0,0
Hinjewadi,Swargate,19,3,2,3731,23310,0,22.49155722326454,0.0,0
Hinjewadi,Swargate,21,3,0,2406,18638,0,27.887281795511225,0.0,1
Hinjewadi,Swargate,21,3,1,2938,25230,0,30.914908100748807,0.0,0
Hinjewadi,Swargate,21,3,2,2968,20400,0,24.743935309973043,0.0,0
Hinjewadi,Swargate,23,3,0,2142,18638,0,31.324369747899166,0.0,1
Hinjewadi,Swargate,23,3,1,2617,25230,0,34.70691631639282,0.0,0
Hinjewadi,Swargate,23,3,2,2690,20400,0,27.301115241635685,0.0,0
Hinjewadi,Swargate,7,4,0,2228,18638,0,30.115260323159784,0.0,1
Hinjewadi,Swargate,7,4,1,2760,25230,0,32.90869565217391,0.0,0
Hinjewadi,Swargate,7,4,2,2797,20400,0,26.256703611011798,0.0,0
Hinjewadi,Swargate,9,4,0,2428,18638,0,27.634596375617797,0.0,1
Hinjewadi,Swargate,9,4,1,3009,25230,0,30.18544366899302,0.0,0
Hinjewadi,Swargate,9,4,2,3222,26306,0,29.39217877094972,0.0,0
Hinjewadi,Swargate,11,4,0,2711,19160,0,25.443009959424565,0.0,1
Hinjewadi,Swargate,11,4,1,3228,25476,0,28.411895910780668,0.0,0
Hinjewadi,Swargate,11,4,2,3425,26306,0,27.650102189781023,0.0,0
Hinjewadi,Swargate,13,4,0,2739,19160,0,25.182913472070098,0.0,1
Hinjewadi,Swargate,13,4,1,3268,25752,0,28.36817625458996,0.0,0
Hinjewadi,Swargate,13,4,2,3115,21991,0,25.414959871589083,0.0,0
Hinjewadi,Swargate,15,4,0,2760,19310,0,25.186956521739127,0.0,1
Hinjewadi,Swargate,15,4,1,3202,25811,0,29.019237976264833,0.0,0
Hinjewadi,Swargate,15,4,2,3165,21991,0,25.01345971563981,0.0,0
Hinjewadi,Swargate,17,4,0,2890,19160,0,23.86712802768166,0.0,1
Hinjewadi,Swargate,17,4,1,3429,25746,0,27.029921259842517,0.0,0
Hinjewadi,Swargate,17,4,2,3309,21991,0,23.924932003626473,0.0,0
Hinjewadi,Swargate,19,4,0,2838,18638,0,23.642283298097254,0.0,1
Hinjewadi,Swargate,19,4,1,3479,25499,0,26.3858580051739,0.0,0
Hinjewadi,Swargate,19,4,2,3344,23310,0,25.0944976076555,0.0,0
Hinjewadi,Swargate,21,4,0,2328,18638,0,28.82164948453609,0.0,1
Hinjewadi,Swargate,21,4,1,2839,25230,0,31.99295526593871,0.0,0
Hinjewadi,Swargate,21,4,2,2889,20400,0,25.42056074766355,0.0,0
Hinjewadi,Swargate,23,4,0,2142,18638,0,31.324369747899166,0.0,1
Hinjewadi,Swargate,23,4,1,2617,25230,0,34.70691631639282,0.0,0
Hinjewadi,Swargate,23,4,2,2690,20400,0,27.301115241635685,0.0,0
Hinjewadi,Swargate,7,5,0,2274,18638,0,29.506068601583113,0.0,1
Hinjewadi,Swargate,7,5,1,2860,25230,0,31.75804195804196,0.0,0
Hinjewadi,Swargate,7,5,2,2867,20400,0,25.615626089989533,0.0,0
Hinjewadi,Swargate,9,5,0,2659,18638,0,25.233847311019183,0.0,1
Hinjewadi,Swargate,9,5,1,3392,25227,0,26.773938679245283,0.0,0
Hinjewadi,Swargate,9,5,2,3425,24885,0,26.156496350364968,0.0,0
Hinjewadi,Swargate,11,5,0,2905,18638,0,23.097005163511188,0.0,1
Hinjewadi,Swargate,11,5,1,3671,25788,0,25.289239989103788,0.0,0
Hinjewadi,Swargate,11,5,2,3717,24885,0,24.10169491525424,0.0,0
Hinjewadi,Swargate,13,5,0,2874,18638,0,23.34613778705637,0.0,1
Hinjewadi,Swargate,13,5,1,3535,25853,0,26.32837340876945,0.0,0
Hinjewadi,Swargate,13,5,2,3844,25438,0,23.82330905306972,0.0,0
Hinjewadi,Swargate,15,5,0,2846,18638,0,23.575825720309208,0.0,1
Hinjewadi,Swargate,15,5,1,3316,25749,0,27.95428226779252,0.0,0
Hinjewadi,Swargate,15,5,2,3608,21072,0,21.02527716186253,0.0,0
Hinjewadi,Swargate,17,5,0,3176,18638,0,21.126196473551637,0.0,1
Hinjewadi,Swargate,17,5,1,3790,25469,0,24.192189973614777,0.0,0
Hinjewadi,Swargate,17,5,2,4005,20922,0,18.80629213483146,0.0,0
Hinjewadi,Swargate,19,5,0,3182,18638,0,21.086360779384037,0.0,1
Hinjewadi,Swargate,19,5,1,3845,25227,0,23.619557867360207,0.0,0
Hinjewadi,Swargate,19,5,2,3861,21465,0,20.013986013986013,0.0,0
Hinjewadi,Swargate,21,5,0,2379,18638,0,28.20378310214376,0.0,1
Hinjewadi,Swargate,21,5,1,2865,25230,0,31.702617801047122,0.0,0
Hinjewadi,Swargate,21,5,2,2897,20911,0,25.98536416983086,0.0,0
Hinjewadi,Swargate,23,5,0,2142,18638,0,31.324369747899166,0.0,1
Hinjewadi,Swargate,23,5,1,2617,25230,0,34.70691631639282,0.0,0
Hinjewadi,Swargate,23,5,2,2691,20400,0,27.290969899665548,0.0,0
Hinjewadi,Swargate,7,6,0,2289,18638,0,29.312712975098297,0.0,1
Hinjewadi,Swargate,7,6,1,2869,25230,0,31.65841756709655,0.0,0
Hinjewadi,Swargate,7,6,2,2882,20400,0,25.482303955586396,0.0,0
Hinjewadi,Swargate,9,6,0,2723,18638,0,24.640763863385974,0.0,1
Hinjewadi,Swargate,9,6,1,3488,25227,0,26.03704128440367,0.0,0
Hinjewadi,Swargate,9,6,2,3480,24922,0,25.78137931034483,0.0,0
Hinjewadi,Swargate,11,6,0,3009,18638,0,22.298703888334998,0.0,1
Hinjewadi,Swargate,11,6,1,3770,25788,0,24.625145888594165,0.0,0
Hinjewadi,Swargate,11,6,2,3794,24922,0,23.647654190827623,0.0,0
Hinjewadi,Swargate,13,6,0,2961,18638,0,22.66018237082067,0.0,1
Hinjewadi,Swargate,13,6,1,3580,25853,0,25.997430167597766,0.0,0
Hinjewadi,Swargate,13,6,2,3905,25438,0,23.451165172855315,0.0,0
Hinjewadi,Swargate,15,6,0,2947,18638,0,22.767831693247373,0.0,1
Hinjewadi,Swargate,15,6,1,3340,25476,0,27.459161676646705,0.0,0
Hinjewadi,Swargate,15,6,2,3819,25438,0,23.979261586802828,0.0,0
Hinjewadi,Swargate,17,6,0,3309,18638,0,20.277062556663648,0.0,1
Hinjewadi,Swargate,17,6,1,3864,25469,0,23.728881987577644,0.0,0
Hinjewadi,Swargate,17,6,2,4301,25288,0,21.16642641246222,0.0,0
Hinjewadi,Swargate,19,6,0,3311,18638,0,20.264814255511933,0.0,1
Hinjewadi,Swargate,19,6,1,3959,25227,0,22.93942914877494,0.0,0
Hinjewadi,Swargate,19,6,2,4181,26494,0,22.81234154508491,0.0,0
Hinjewadi,Swargate,21,6,0,2392,18638,0,28.050501672240806,0.0,1
Hinjewadi,Swargate,21,6,1,2882,25230,0,31.515614156835532,0.0,0
Hinjewadi,Swargate,21,6,2,2959,20400,0,24.81919567421426,0.0,0
Hinjewadi,Swargate,23,6,0,2142,18638,0,31.324369747899166,0.0,1
Hinjewadi,Swargate,23,6,1,2617,25230,0,34.70691631639282,0.0,0
Hinjewadi,Swargate,23,6,2,2691,20400,0,27.290969899665548,0.0,0
Hinjewadi,Swargate,7,0,0,2282,18638,0,29.40262927256793,0.0,1
Hinjewadi,Swargate,7,0,1,2863,25230,0,31.724764233321693,0.0,0
Hinjewadi,Swargate,7,0,2,2874,20400,0,25.55323590814196,0.0,0
Hinjewadi,Swargate,9,0,0,2700,18638,0,24.85066666666667,0.0,1
Hinjewadi,Swargate,9,0,1,3452,25227,0,26.308574739281575,0.0,0
Hinjewadi,Swargate,9,0,2,3467,24922,0,25.878050187481975,0.0,0
Hinjewadi,Swargate,11,0,0,2967,18638,0,22.614357937310416,0.0,1
Hinjewadi,Swargate,11,0,1,3725,25788,0,24.922630872483218,0.0,0
Hinjewadi,Swargate,11,0,2,3932,25288,0,23.152797558494406,0.0,0
Hinjewadi,Swargate,13,0,0,2947,18638,0,22.767831693247373,0.0,1
Hinjewadi,Swargate,13,0,1,3568,25853,0,26.08486547085202,0.0,0
Hinjewadi,Swargate,13,0,2,3870,25288,0,23.52372093023256,0.0,0
Hinjewadi,Swargate,15,0,0,2919,18638,0,22.98622816032888,0.0,1
Hinjewadi,Swargate,15,0,1,3332,25476,0,27.525090036014404,0.0,0
Hinjewadi,Swargate,15,0,2,3668,21072,0,20.68135223555071,0.0,0
Hinjewadi,Swargate,17,0,0,3318,18638,0,20.22206148282098,0.0,1
Hinjewadi,Swargate,17,0,1,3864,25469,0,23.728881987577644,0.0,0
Hinjewadi,Swargate,17,0,2,4324,25288,0,21.053839037927847,0.0,0
Hinjewadi,Swargate,19,0,0,3390,18638,0,19.792566371681417,0.0,1
Hinjewadi,Swargate,19,0,1,3979,25227,0,22.824126664991205,0.0,0
Hinjewadi,Swargate,19,0,2,4211,26494,0,22.649821895036805,0.0,0
Hinjewadi,Swargate,21,0,0,2410,18638,0,27.84099585062241,0.0,1
Hinjewadi,Swargate,21,0,1,2890,25230,0,31.428373702422146,0.0,0
Hinjewadi,Swargate,21,0,2,2974,20400,0,24.694014794889036,0.0,0
Hinjewadi,Swargate,23,0,0,2142,18638,0,31.324369747899166,0.0,1
Hinjewadi,Swargate,23,0,1,2617,25230,0,34.70691631639282,0.0,0
Hinjewadi,Swargate,23,0,2,2691,20400,0,27.290969899665548,0.0,0
Hinjewadi,Swargate,7,1,0,2283,18638,0,29.389750328515113,0.0,1
Hinjewadi,Swargate,7,1,1,2846,25230,0,31.914265635980325,0.0,0
Hinjewadi,Swargate,7,1,2,2873,20400,0,25.562130177514792,0.0,0
Hinjewadi,Swargate,9,1,0,2672,18638,0,25.111077844311378,0.0,1
Hinjewadi,Swargate,9,1,1,3425,25227,0,26.51597080291971,0.0,0
Hinjewadi,Swargate,9,1,2,3433,24885,0,26.09554325662686,0.0,0
Hinjewadi,Swargate,11,1,0,2964,18638,0,22.637246963562756,0.0,1
Hinjewadi,Swargate,11,1,1,3707,25793,0,25.048502832479095,0.0,0
Hinjewadi,Swargate,11,1,2,3912,25438,0,23.409202453987728,0.0,0
Hinjewadi,Swargate,13,1,0,2977,18638,0,22.53839435673497,0.0,1
Hinjewadi,Swargate,13,1,1,3559,25853,0,26.150828884518123,0.0,0
Hinjewadi,Swargate,13,1,2,3869,25438,0,23.669371930731455,0.0,0
Hinjewadi,Swargate,15,1,0,3010,19310,0,23.09501661129568,0.0,1
Hinjewadi,Swargate,15,1,1,3323,25476,0,27.599638880529643,0.0,0
Hinjewadi,Swargate,15,1,2,3810,24922,0,23.548346456692915,0.0,0
Hinjewadi,Swargate,17,1,0,3301,19160,0,20.895486216298092,0.0,1
Hinjewadi,Swargate,17,1,1,3803,25469,0,24.109492505916386,0.0,0
Hinjewadi,Swargate,17,1,2,4202,24922,0,21.351546882436935,0.0,0
Hinjewadi,Swargate,19,1,0,3259,18638,0,20.588155876035596,0.0,1
Hinjewadi,Swargate,19,1,1,3934,25227,0,23.08520589730554,0.0,0
Hinjewadi,Swargate,19,1,2,4310,27879,0,23.286403712296984,0.0,0
Hinjewadi,Swargate,21,1,0,2389,18638,0,28.085726245290918,0.0,1
Hinjewadi,Swargate,21,1,1,2891,25230,0,31.417502594258043,0.0,0
Hinjewadi,Swargate,21,1,2,2950,20400,0,24.894915254237286,0.0,0
Hinjewadi,Swargate,23,1,0,2142,18638,0,31.324369747899166,0.0,1
Hinjewadi,Swargate,23,1,1,2617,25230,0,34.70691631639282,0.0,0
Hinjewadi,Swargate,23,1,2,2691,20400,0,27.290969899665548,0.0,0
Hinjewadi,Swargate,7,2,0,2267,18638,0,29.5971768857521,0.0,1
Hinjewadi,Swargate,7,2,1,2854,25230,0,31.824807288016817,0.0,0
Hinjewadi,Swargate,7,2,2,2850,20400,0,25.768421052631577,0.0,0
Hinjewadi,Swargate,9,2,0,2641,18638,0,25.40583112457403,0.0,1
Hinjewadi,Swargate,9,2,1,3423,25227,0,26.531463628396146,0.0,0
Hinjewadi,Swargate,9,2,2,3248,20400,0,22.610837438423644,0.0,0
Hinjewadi,Swargate,11,2,0,2923,18638,0,22.954772494013003,0.0,1
Hinjewadi,Swargate,11,2,1,3705,25776,0,25.045506072874495,0.0,0
Hinjewadi,Swargate,11,2,2,3563,20400,0,20.611843951726073,0.0,0
Hinjewadi,Swargate,13,2,0,2962,18638,0,22.6525320729237,0.0,1
Hinjewadi,Swargate,13,2,1,3599,25853,0,25.860183384273412,0.0,0
Hinjewadi,Swargate,13,2,2,3735,20922,0,20.16578313253012,0.0,0
Hinjewadi,Swargate,15,2,0,2944,18638,0,22.79103260869565,0.0,1
Hinjewadi,Swargate,15,2,1,3403,25749,0,27.239612106964444,0.0,0
Hinjewadi,Swargate,15,2,2,3650,21072,0,20.783342465753424,0.0,0
Hinjewadi,Swargate,17,2,0,3330,18638,0,20.14918918918919,0.0,1
Hinjewadi,Swargate,17,2,1,3912,25469,0,23.437730061349694,0.0,0
Hinjewadi,Swargate,17,2,2,4078,20922,0,18.469641981363413,0.0,0
Hinjewadi,Swargate,19,2,0,3368,18638,0,19.92185273159145,0.0,1
Hinjewadi,Swargate,19,2,1,3997,25227,0,22.72134100575432,0.0,0
Hinjewadi,Swargate,19,2,2,4360,27879,0,23.01935779816514,0.0,0
Hinjewadi,Swargate,21,2,0,2416,18638,0,27.771854304635763,0.0,1
Hinjewadi,Swargate,21,2,1,2902,25230,0,31.29841488628532,0.0,0
Hinjewadi,Swargate,21,2,2,2979,20400,0,24.652567975830813,0.0,0
Hinjewadi,Swargate,23,2,0,2142,18638,0,31.324369747899166,0.0,1
Hinjewadi,Swargate,23,2,1,2617,25230,0,34.70691631639282,0.0,0
Hinjewadi,Swargate,23,2,2,2691,20400,0,27.290969899665548,0.0,0
Hinjewadi,Swargate,7,3,0,2252,18638,0,29.794316163410304,0.0,1
Hinjewadi,Swargate,7,3,1,2821,25230,0,32.197093229351296,0.0,0
Hinjewadi,Swargate,7,3,2,2823,20400,0,26.014877789585544,0.0,0
Hinjewadi,Swargate,9,3,0,2565,18638,0,26.15859649122807,0.0,1
Hinjewadi,Swargate,9,3,1,3294,25253,0,27.598907103825134,0.0,0
Hinjewadi,Swargate,9,3,2,3176,20400,0,23.12342569269521,0.0,0
Hinjewadi,Swargate,11,3,0,2993,18638,0,22.417908453057137,0.0,1
Hinjewadi,Swargate,11,3,1,3707,25784,0,25.039762611275965,0.0,0
Hinjewadi,Swargate,11,3,2,3697,21072,0,20.51912361374087,0.0,0
Hinjewadi,Swargate,13,3,0,3171,19160,0,21.75212866603595,0.0,1
Hinjewadi,Swargate,13,3,1,3775,25850,0,24.65165562913907,0.0,0
Hinjewadi,Swargate,13,3,2,3689,21926,0,21.39701816210355,0.0,0
Hinjewadi,Swargate,15,3,0,3219,19310,0,21.5955265610438,0.0,1
Hinjewadi,Swargate,15,3,1,3666,25789,0,25.324713584288055,0.0,0
Hinjewadi,Swargate,15,3,2,3723,20607,0,19.926188557614825,0.0,0
Hinjewadi,Swargate,17,3,0,3340,19160,0,20.651497005988023,0.0,1
Hinjewadi,Swargate,17,3,1,4037,25741,0,22.95457022541491,0.0,0
Hinjewadi,Swargate,17,3,2,3872,20607,0,19.15940082644628,0.0,0
Hinjewadi,Swargate,19,3,0,3125,18638,0,21.470976,0.0,1
Hinjewadi,Swargate,19,3,1,4048,25499,0,22.67697628458498,0.0,0
Hinjewadi,Swargate,19,3,2,3731,23310,0,22.49155722326454,0.0,0
Hinjewadi,Swargate,21,3,0,2406,18638,0,27.887281795511225,0.0,1
Hinjewadi,Swargate,21,3,1,2938,25230,0,30.914908100748807,0.0,0
Hinjewadi,Swargate,21,3,2,2968,20400,0,24.743935309973043,0.0,0
Hinjewadi,Swargate,23,3,0,2142,18638,0,31.324369747899166,0.0,1
Hinjewadi,Swargate,23,3,1,2617,25230,0,34.70691631639282,0.0,0
Hinjewadi,Swargate,23,3,2,2690,20400,0,27.301115241635685,0.0,0
Hinjewadi,Swargate,7,4,0,2228,18638,0,30.115260323159784,0.0,1
Hinjewadi,Swargate,7,4,1,2760,25230,0,32.90869565217391,0.0,0
Hinjewadi,Swargate,7,4,2,2797,20400,0,26.256703611011798,0.0,0
Hinjewadi,Swargate,9,4,0,2428,18638,0,27.634596375617797,0.0,1
Hinjewadi,Swargate,9,4,1,3009,25230,0,30.18544366899302,0.0,0
Hinjewadi,Swargate,9,4,2,3222,26306,0,29.39217877094972,0.0,0
Hinjewadi,Swargate,11,4,0,2711,19160,0,25.443009959424565,0.0,1
Hinjewadi,Swargate,11,4,1,3228,25476,0,28.411895910780668,0.0,0
Hinjewadi,Swargate,11,4,2,3425,26306,0,27.650102189781023,0.0,0
Hinjewadi,Swargate,13,4,0,2739,19160,0,25.182913472070098,0.0,1
Hinjewadi,Swargate,13,4,1,3268,25752,0,28.36817625458996,0.0,0
Hinjewadi,Swargate,13,4,2,3115,21991,0,25.414959871589083,0.0,0
Hinjewadi,Swargate,15,4,0,2760,19310,0,25.186956521739127,0.0,1
Hinjewadi,Swargate,15,4,1,3202,25811,0,29.019237976264833,0.0,0
Hinjewadi,Swargate,15,4,2,3165,21991,0,25.01345971563981,0.0,0
Hinjewadi,Swargate,17,4,0,2890,19160,0,23.86712802768166,0.0,1
Hinjewadi,Swargate,17,4,1,3429,25746,0,27.029921259842517,0.0,0
Hinjewadi,Swargate,17,4,2,3309,21991,0,23.924932003626473,0.0,0
Hinjewadi,Swargate,19,4,0,2838,18638,0,23.642283298097254,0.0,1
Hinjewadi,Swargate,19,4,1,3479,25499,0,26.3858580051739,0.0,0
Hinjewadi,Swargate,19,4,2,3344,23310,0,25.0944976076555,0.0,0
Hinjewadi,Swargate,21,4,0,2328,18638,0,28.82164948453609,0.0,1
Hinjewadi,Swargate,21,4,1,2839,25230,0,31.99295526593871,0.0,0
Hinjewadi,Swargate,21,4,2,2889,20400,0,25.42056074766355,0.0,0
Hinjewadi,Swargate,23,4,0,2142,18638,0,31.324369747899166,0.0,1
Hinjewadi,Swargate,23,4,1,2617,25230,0,34.70691631639282,0.0,0
Hinjewadi,Swargate,23,4,2,2690,20400,0,27.301115241635685,0.0,0
Hinjewadi,Swargate,7,5,0,2274,18638,0,29.506068601583113,0.0,1
Hinjewadi,Swargate,7,5,1,2860,25230,0,31.75804195804196,0.0,0
Hinjewadi,Swargate,7,5,2,2867,20400,0,25.615626089989533,0.0,0
Hinjewadi,Swargate,9,5,0,2659,18638,0,25.233847311019183,0.0,1
Hinjewadi,Swargate,9,5,1,3392,25227,0,26.773938679245283,0.0,0
Hinjewadi,Swargate,9,5,2,3425,24885,0,26.156496350364968,0.0,0
Hinjewadi,Swargate,11,5,0,2905,18638,0,23.097005163511188,0.0,1
Hinjewadi,Swargate,11,5,1,3671,25788,0,25.289239989103788,0.0,0
Hinjewadi,Swargate,11,5,2,3717,24885,0,24.10169491525424,0.0,0
Hinjewadi,Swargate,13,5,0,2874,18638,0,23.34613778705637,0.0,1
Hinjewadi,Swargate,13,5,1,3535,25853,0,26.32837340876945,0.0,0
Hinjewadi,Swargate,13,5,2,3844,25438,0,23.82330905306972,0.0,0
Hinjewadi,Swargate,15,5,0,2846,18638,0,23.575825720309208,0.0,1
Hinjewadi,Swargate,15,5,1,3316,25749,0,27.95428226779252,0.0,0
Hinjewadi,Swargate,15,5,2,3608,21072,0,21.02527716186253,0.0,0
Hinjewadi,Swargate,17,5,0,3176,18638,0,21.126196473551637,0.0,1
Hinjewadi,Swargate,17,5,1,3790,25469,0,24.192189973614777,0.0,0
Hinjewadi,Swargate,17,5,2,4005,20922,0,18.80629213483146,0.0,0
Hinjewadi,Swargate,19,5,0,3182,18638,0,21.086360779384037,0.0,1
Hinjewadi,Swargate,19,5,1,3845,25227,0,23.619557867360207,0.0,0
Hinjewadi,Swargate,19,5,2,3861,21465,0,20.013986013986013,0.0,0
Hinjewadi,Swargate,21,5,0,2379,18638,0,28.20378310214376,0.0,1
Hinjewadi,Swargate,21,5,1,2865,25230,0,31.702617801047122,0.0,0
Hinjewadi,Swargate,21,5,2,2897,20911,0,25.98536416983086,0.0,0
Hinjewadi,Swargate,23,5,0,2142,18638,0,31.324369747899166,0.0,1
Hinjewadi,Swargate,23,5,1,2617,25230,0,34.70691631639282,0.0,0
Hinjewadi,Swargate,23,5,2,2691,20400,0,27.290969899665548,0.0,0
Hinjewadi,Swargate,7,6,0,2289,18638,0,29.312712975098297,0.0,1
Hinjewadi,Swargate,7,6,1,2869,25230,0,31.65841756709655,0.0,0
Hinjewadi,Swargate,7,6,2,2882,20400,0,25.482303955586396,0.0,0
Hinjewadi,Swargate,9,6,0,2723,18638,0,24.640763863385974,0.0,1
Hinjewadi,Swargate,9,6,1,3488,25227,0,26.03704128440367,0.0,0
Hinjewadi,Swargate,9,6,2,3480,24922,0,25.78137931034483,0.0,0
Hinjewadi,Swargate,11,6,0,3009,18638,0,22.298703888334998,0.0,1
Hinjewadi,Swargate,11,6,1,3770,25788,0,24.625145888594165,0.0,0
Hinjewadi,Swargate,11,6,2,3794,24922,0,23.647654190827623,0.0,0
Hinjewadi,Swargate,13,6,0,2961,18638,0,22.66018237082067,0.0,1
Hinjewadi,Swargate,13,6,1,3580,25853,0,25.997430167597766,0.0,0
Hinjewadi,Swargate,13,6,2,3905,25438,0,23.451165172855315,0.0,0
Hinjewadi,Swargate,15,6,0,2947,18638,0,22.767831693247373,0.0,1
Hinjewadi,Swargate,15,6,1,3340,25476,0,27.459161676646705,0.0,0
Hinjewadi,Swargate,15,6,2,3819,25438,0,23.979261586802828,0.0,0
Hinjewadi,Swargate,17,6,0,3309,18638,0,20.277062556663648,0.0,1
Hinjewadi,Swargate,17,6,1,3864,25469,0,23.728881987577644,0.0,0
Hinjewadi,Swargate,17,6,2,4301,25288,0,21.16642641246222,0.0,0
Hinjewadi,Swargate,19,6,0,3311,18638,0,20.264814255511933,0.0,1
Hinjewadi,Swargate,19,6,1,3959,25227,0,22.93942914877494,0.0,0
Hinjewadi,Swargate,19,6,2,4181,26494,0,22.81234154508491,0.0,0
Hinjewadi,Swargate,21,6,0,2392,18638,0,28.050501672240806,0.0,1
Hinjewadi,Swargate,21,6,1,2882,25230,0,31.515614156835532,0.0,0
Hinjewadi,Swargate,21,6,2,2959,20400,0,24.81919567421426,0.0,0
Hinjewadi,Swargate,23,6,0,2142,18638,0,31.324369747899166,0.0,1
Hinjewadi,Swargate,23,6,1,2617,25230,0,34.70691631639282,0.0,0
Hinjewadi,Swargate,23,6,2,2691,20400,0,27.290969899665548,0.0,0
Hinjewadi,Swargate,7,0,0,2282,18638,0,29.40262927256793,0.0,1
Hinjewadi,Swargate,7,0,1,2863,25230,0,31.724764233321693,0.0,0
Hinjewadi,Swargate,7,0,2,2874,20400,0,25.55323590814196,0.0,0
Hinjewadi,Swargate,9,0,0,2700,18638,0,24.85066666666667,0.0,1
Hinjewadi,Swargate,9,0,1,3452,25227,0,26.308574739281575,0.0,0
Hinjewadi,Swargate,9,0,2,3467,24922,0,25.878050187481975,0.0,0
Hinjewadi,Swargate,11,0,0,2967,18638,0,22.614357937310416,0.0,1
Hinjewadi,Swargate,11,0,1,3725,25788,0,24.922630872483218,0.0,0
Hinjewadi,Swargate,11,0,2,3932,25288,0,23.152797558494406,0.0,0
Hinjewadi,Swargate,13,0,0,2947,18638,0,22.767831693247373,0.0,1
Hinjewadi,Swargate,13,0,1,3568,25853,0,26.08486547085202,0.0,0
Hinjewadi,Swargate,13,0,2,3870,25288,0,23.52372093023256,0.0,0
Hinjewadi,Swargate,15,0,0,2919,18638,0,22.98622816032888,0.0,1
Hinjewadi,Swargate,15,0,1,3332,25476,0,27.525090036014404,0.0,0
Hinjewadi,Swargate,15,0,2,3668,21072,0,20.68135223555071,0.0,0
Hinjewadi,Swargate,17,0,0,3318,18638,0,20.22206148282098,0.0,1
Hinjewadi,Swargate,17,0,1,3864,25469,0,23.728881987577644,0.0,0
Hinjewadi,Swargate,17,0,2,4324,25288,0,21.053839037927847,0.0,0
Hinjewadi,Swargate,19,0,0,3390,18638,0,19.792566371681417,0.0,1
Hinjewadi,Swargate,19,0,1,3979,25227,0,22.824126664991205,0.0,0
Hinjewadi,Swargate,19,0,2,4211,26494,0,22.649821895036805,0.0,0
Hinjewadi,Swargate,21,0,0,2410,18638,0,27.84099585062241,0.0,1
Hinjewadi,Swargate,21,0,1,2890,25230,0,31.428373702422146,0.0,0
Hinjewadi,Swargate,21,0,2,2974,20400,0,24.694014794889036,0.0,0
Hinjewadi,Swargate,23,0,0,2142,18638,0,31.324369747899166,0.0,1
Hinjewadi,Swargate,23,0,1,2617,25230,0,34.70691631639282,0.0,0
Hinjewadi,Swargate,23,0,2,2691,20400,0,27.290969899665548,0.0,0
Hinjewadi,Swargate,7,1,0,2283,18638,0,29.389750328515113,0.0,1
Hinjewadi,Swargate,7,1,1,2846,25230,0,31.914265635980325,0.0,0
Hinjewadi,Swargate,7,1,2,2873,20400,0,25.562130177514792,0.0,0
Hinjewadi,Swargate,9,1,0,2672,18638,0,25.111077844311378,0.0,1
Hinjewadi,Swargate,9,1,1,3425,25227,0,26.51597080291971,0.0,0
Hinjewadi,Swargate,9,1,2,3433,24885,0,26.09554325662686,0.0,0
Hinjewadi,Swargate,11,1,0,2964,18638,0,22.637246963562756,0.0,1
Hinjewadi,Swargate,11,1,1,3707,25793,0,25.048502832479095,0.0,0
Hinjewadi,Swargate,11,1,2,3912,25438,0,23.409202453987728,0.0,0
Hinjewadi,Swargate,13,1,0,2977,18638,0,22.53839435673497,0.0,1
Hinjewadi,Swargate,13,1,1,3559,25853,0,26.150828884518123,0.0,0
Hinjewadi,Swargate,13,1,2,3869,25438,0,23.669371930731455,0.0,0
Hinjewadi,Swargate,15,1,0,3010,19310,0,23.09501661129568,0.0,1
Hinjewadi,Swargate,15,1,1,3323,25476,0,27.599638880529643,0.0,0
Hinjewadi,Swargate,15,1,2,3810,24922,0,23.548346456692915,0.0,0
Hinjewadi,Swargate,17,1,0,3301,19160,0,20.895486216298092,0.0,1
Hinjewadi,Swargate,17,1,1,3803,25469,0,24.109492505916386,0.0,0
Hinjewadi,Swargate,17,1,2,4202,24922,0,21.351546882436935,0.0,0
Hinjewadi,Swargate,19,1,0,3259,18638,0,20.588155876035596,0.0,1
Hinjewadi,Swargate,19,1,1,3934,25227,0,23.08520589730554,0.0,0
Hinjewadi,Swargate,19,1,2,4310,27879,0,23.286403712296984,0.0,0
Hinjewadi,Swargate,21,1,0,2389,18638,0,28.085726245290918,0.0,1
Hinjewadi,Swargate,21,1,1,2891,25230,0,31.417502594258043,0.0,0
Hinjewadi,Swargate,21,1,2,2950,20400,0,24.894915254237286,0.0,0
Hinjewadi,Swargate,23,1,0,2142,18638,0,31.324369747899166,0.0,1
Hinjewadi,Swargate,23,1,1,2617,25230,0,34.70691631639282,0.0,0
Hinjewadi,Swargate,23,1,2,2691,20400,0,27.290969899665548,0.0,0
Hinjewadi,Swargate,7,2,0,2267,18638,0,29.5971768857521,0.0,1
Hinjewadi,Swargate,7,2,1,2854,25230,0,31.824807288016817,0.0,0
Hinjewadi,Swargate,7,2,2,2850,20400,0,25.768421052631577,0.0,0
Hinjewadi,Swargate,9,2,0,2641,18638,0,25.40583112457403,0.0,1
Hinjewadi,Swargate,9,2,1,3423,25227,0,26.531463628396146,0.0,0
Hinjewadi,Swargate,9,2,2,3248,20400,0,22.610837438423644,0.0,0
Hinjewadi,Swargate,11,2,0,2923,18638,0,22.954772494013003,0.0,1
Hinjewadi,Swargate,11,2,1,3705,25776,0,25.045506072874495,0.0,0
Hinjewadi,Swargate,11,2,2,3563,20400,0,20.611843951726073,0.0,0
Hinjewadi,Swargate,13,2,0,2962,18638,0,22.6525320729237,0.0,1
Hinjewadi,Swargate,13,2,1,3599,25853,0,25.860183384273412,0.0,0
Hinjewadi,Swargate,13,2,2,3735,20922,0,20.16578313253012,0.0,0
Hinjewadi,Swargate,15,2,0,2944,18638,0,22.79103260869565,0.0,1
Hinjewadi,Swargate,15,2,1,3403,25749,0,27.239612106964444,0.0,0
Hinjewadi,Swargate,15,2,2,3650,21072,0,20.783342465753424,0.0,0
Hinjewadi,Swargate,17,2,0,3330,18638,0,20.14918918918919,0.0,1
Hinjewadi,Swargate,17,2,1,3912,25469,0,23.437730061349694,0.0,0
Hinjewadi,Swargate,17,2,2,4078,20922,0,18.469641981363413,0.0,0
Hinjewadi,Swargate,19,2,0,3368,18638,0,19.92185273159145,0.0,1
Hinjewadi,Swargate,19,2,1,3997,25227,0,22.72134100575432,0.0,0
Hinjewadi,Swargate,19,2,2,4360,27879,0,23.01935779816514,0.0,0
Hinjewadi,Swargate,21,2,0,2416,18638,0,27.771854304635763,0.0,1
Hinjewadi,Swargate,21,2,1,2902,25230,0,31.29841488628532,0.0,0
Hinjewadi,Swargate,21,2,2,2979,20400,0,24.652567975830813,0.0,0
Hinjewadi,Swargate,23,2,0,2142,18638,0,31.324369747899166,0.0,1
Hinjewadi,Swargate,23,2,1,2617,25230,0,34.70691631639282,0.0,0
Hinjewadi,Swargate,23,2,2,2691,20400,0,27.290969899665548,0.0,0
Hinjewadi,Swargate,7,3,0,2252,18638,0,29.794316163410304,0.0,1
Hinjewadi,Swargate,7,3,1,2821,25230,0,32.197093229351296,0.0,0
Hinjewadi,Swargate,7,3,2,2823,20400,0,26.014877789585544,0.0,0
Hinjewadi,Swargate,9,3,0,2565,18638,0,26.15859649122807,0.0,1
Hinjewadi,Swargate,9,3,1,3294,25253,0,27.598907103825134,0.0,0
Hinjewadi,Swargate,9,3,2,3176,20400,0,23.12342569269521,0.0,0
Hinjewadi,Swargate,11,3,0,2993,18638,0,22.417908453057137,0.0,1
Hinjewadi,Swargate,11,3,1,3707,25784,0,25.039762611275965,0.0,0
Hinjewadi,Swargate,11,3,2,3697,21072,0,20.51912361374087,0.0,0
Hinjewadi,Swargate,13,3,0,3171,19160,0,21.75212866603595,0.0,1
Hinjewadi,Swargate,13,3,1,3775,25850,0,24.65165562913907,0.0,0
Hinjewadi,Swargate,13,3,2,3689,21926,0,21.39701816210355,0.0,0
Hinjewadi,Swargate,15,3,0,3219,19310,0,21.5955265610438,0.0,1
Hinjewadi,Swargate,15,3,1,3666,25789,0,25.324713584288055,0.0,0
Hinjewadi,Swargate,15,3,2,3723,20607,0,19.926188557614825,0.0,0
Hinjewadi,Swargate,17,3,0,3340,19160,0,20.651497005988023,0.0,1
Hinjewadi,Swargate,17,3,1,4037,25741,0,22.95457022541491,0.0,0
Hinjewadi,Swargate,17,3,2,3872,20607,0,19.15940082644628,0.0,0
Hinjewadi,Swargate,19,3,0,3125,18638,0,21.470976,0.0,1
Hinjewadi,Swargate,19,3,1,4048,25499,0,22.67697628458498,0.0,0
Hinjewadi,Swargate,19,3,2,3731,23310,0,22.49155722326454,0.0,0
Hinjewadi,Swargate,21,3,0,2406,18638,0,27.887281795511225,0.0,1
Hinjewadi,Swargate,21,3,1,2938,25230,0,30.914908100748807,0.0,0
Hinjewadi,Swargate,21,3,2,2968,20400,0,24.743935309973043,0.0,0
Hinjewadi,Swargate,23,3,0,2142,18638,0,31.324369747899166,0.0,1
Hinjewadi,Swargate,23,3,1,2617,25230,0,34.70691631639282,0.0,0
Hinjewadi,Swargate,23,3,2,2690,20400,0,27.301115241635685,0.0,0
Hinjewadi,Swargate,7,4,0,2228,18638,0,30.115260323159784,0.0,1
Hinjewadi,Swargate,7,4,1,2760,25230,0,32.90869565217391,0.0,0
Hinjewadi,Swargate,7,4,2,2797,20400,0,26.256703611011798,0.0,0
Hinjewadi,Swargate,9,4,0,2428,18638,0,27.634596375617797,0.0,1
Hinjewadi,Swargate,9,4,1,3009,25230,0,30.18544366899302,0.0,0
Hinjewadi,Swargate,9,4,2,3222,26306,0,29.39217877094972,0.0,0
Hinjewadi,Swargate,11,4,0,2711,19160,0,25.443009959424565,0.0,1
Hinjewadi,Swargate,11,4,1,3228,25476,0,28.411895910780668,0.0,0
Hinjewadi,Swargate,11,4,2,3425,26306,0,27.650102189781023,0.0,0
Hinjewadi,Swargate,13,4,0,2739,19160,0,25.182913472070098,0.0,1
Hinjewadi,Swargate,13,4,1,3268,25752,0,28.36817625458996,0.0,0
Hinjewadi,Swargate,13,4,2,3115,21991,0,25.414959871589083,0.0,0
Hinjewadi,Swargate,15,4,0,2760,19310,0,25.186956521739127,0.0,1
Hinjewadi,Swargate,15,4,1,3202,25811,0,29.019237976264833,0.0,0
Hinjewadi,Swargate,15,4,2,3165,21991,0,25.01345971563981,0.0,0
Hinjewadi,Swargate,17,4,0,2890,19160,0,23.86712802768166,0.0,1
Hinjewadi,Swargate,17,4,1,3429,25746,0,27.029921259842517,0.0,0
Hinjewadi,Swargate,17,4,2,3309,21991,0,23.924932003626473,0.0,0
Hinjewadi,Swargate,19,4,0,2838,18638,0,23.642283298097254,0.0,1
Hinjewadi,Swargate,19,4,1,3479,25499,0,26.3858580051739,0.0,0
Hinjewadi,Swargate,19,4,2,3344,23310,0,25.0944976076555,0.0,0
Hinjewadi,Swargate,21,4,0,2328,18638,0,28.82164948453609,0.0,1
Hinjewadi,Swargate,21,4,1,2839,25230,0,31.99295526593871,0.0,0
Hinjewadi,Swargate,21,4,2,2889,20400,0,25.42056074766355,0.0,0
Hinjewadi,Swargate,23,4,0,2142,18638,0,31.324369747899166,0.0,1
Hinjewadi,Swargate,23,4,1,2617,25230,0,34.70691631639282,0.0,0
Hinjewadi,Swargate,23,4,2,2690,20400,0,27.301115241635685,0.0,0
Hinjewadi,Swargate,7,5,0,2274,18638,0,29.506068601583113,0.0,1
Hinjewadi,Swargate,7,5,1,2860,25230,0,31.75804195804196,0.0,0
Hinjewadi,Swargate,7,5,2,2867,20400,0,25.615626089989533,0.0,0
Hinjewadi,Swargate,9,5,0,2659,18638,0,25.233847311019183,0.0,1
Hinjewadi,Swargate,9,5,1,3392,25227,0,26.773938679245283,0.0,0
Hinjewadi,Swargate,9,5,2,3425,24885,0,26.156496350364968,0.0,0
Hinjewadi,Swargate,11,5,0,2905,18638,0,23.097005163511188,0.0,1
Hinjewadi,Swargate,11,5,1,3671,25788,0,25.289239989103788,0.0,0
Hinjewadi,Swargate,11,5,2,3717,24885,0,24.10169491525424,0.0,0
Hinjewadi,Swargate,13,5,0,2874,18638,0,23.34613778705637,0.0,1
Hinjewadi,Swargate,13,5,1,3535,25853,0,26.32837340876945,0.0,0
Hinjewadi,Swargate,13,5,2,3844,25438,0,23.82330905306972,0.0,0
Hinjewadi,Swargate,15,5,0,2846,18638,0,23.575825720309208,0.0,1
Hinjewadi,Swargate,15,5,1,3316,25749,0,27.95428226779252,0.0,0
Hinjewadi,Swargate,15,5,2,3608,21072,0,21.02527716186253,0.0,0
Hinjewadi,Swargate,17,5,0,3176,18638,0,21.126196473551637,0.0,1
Hinjewadi,Swargate,17,5,1,3790,25469,0,24.192189973614777,0.0,0
Hinjewadi,Swargate,17,5,2,4005,20922,0,18.80629213483146,0.0,0
Hinjewadi,Swargate,19,5,0,3182,18638,0,21.086360779384037,0.0,1
Hinjewadi,Swargate,19,5,1,3845,25227,0,23.619557867360207,0.0,0
Hinjewadi,Swargate,19,5,2,3861,21465,0,20.013986013986013,0.0,0
Hinjewadi,Swargate,21,5,0,2379,18638,0,28.20378310214376,0.0,1
Hinjewadi,Swargate,21,5,1,2865,25230,0,31.702617801047122,0.0,0
Hinjewadi,Swargate,21,5,2,2897,20911,0,25.98536416983086,0.0,0
Hinjewadi,Swargate,23,5,0,2142,18638,0,31.324369747899166,0.0,1
Hinjewadi,Swargate,23,5,1,2617,25230,0,34.70691631639282,0.0,0
Hinjewadi,Swargate,23,5,2,2691,20400,0,27.290969899665548,0.0,0
Hinjewadi,Swargate,7,6,0,2289,18638,0,29.312712975098297,0.0,1
Hinjewadi,Swargate,7,6,1,2869,25230,0,31.65841756709655,0.0,0
Hinjewadi,Swargate,7,6,2,2882,20400,0,25.482303955586396,0.0,0
Hinjewadi,Swargate,9,6,0,2723,18638,0,24.640763863385974,0.0,1
Hinjewadi,Swargate,9,6,1,3488,25227,0,26.03704128440367,0.0,0
Hinjewadi,Swargate,9,6,2,3480,24922,0,25.78137931034483,0.0,0
Hinjewadi,Swargate,11,6,0,3009,18638,0,22.298703888334998,0.0,1
Hinjewadi,Swargate,11,6,1,3770,25788,0,24.625145888594165,0.0,0
Hinjewadi,Swargate,11,6,2,3794,24922,0,23.647654190827623,0.0,0
Hinjewadi,Swargate,13,6,0,2961,18638,0,22.66018237082067,0.0,1
Hinjewadi,Swargate,13,6,1,3580,25853,0,25.997430167597766,0.0,0
Hinjewadi,Swargate,13,6,2,3905,25438,0,23.451165172855315,0.0,0
Hinjewadi,Swargate,15,6,0,2947,18638,0,22.767831693247373,0.0,1
Hinjewadi,Swargate,15,6,1,3340,25476,0,27.459161676646705,0.0,0
Hinjewadi,Swargate,15,6,2,3819,25438,0,23.979261586802828,0.0,0
Hinjewadi,Swargate,17,6,0,3309,18638,0,20.277062556663648,0.0,1
Hinjewadi,Swargate,17,6,1,3864,25469,0,23.728881987577644,0.0,0
Hinjewadi,Swargate,17,6,2,4301,25288,0,21.16642641246222,0.0,0
Hinjewadi,Swargate,19,6,0,3311,18638,0,20.264814255511933,0.0,1
Hinjewadi,Swargate,19,6,1,3959,25227,0,22.93942914877494,0.0,0
Hinjewadi,Swargate,19,6,2,4181,26494,0,22.81234154508491,0.0,0
Hinjewadi,Swargate,21,6,0,2392,18638,0,28.050501672240806,0.0,1
Hinjewadi,Swargate,21,6,1,2882,25230,0,31.515614156835532,0.0,0
Hinjewadi,Swargate,21,6,2,2959,20400,0,24.81919567421426,0.0,0
Hinjewadi,Swargate,23,6,0,2142,18638,0,31.324369747899166,0.0,1
Hinjewadi,Swargate,23,6,1,2617,25230,0,34.70691631639282,0.0,0
Hinjewadi,Swargate,23,6,2,2691,20400,0,27.290969899665548,0.0,0
Hinjewadi,Kothrud,7,0,0,1851,18631,0,36.23533225283631,0.0,1
Hinjewadi,Kothrud,7,0,1,2269,19501,0,30.940326134861174,0.0,0
Hinjewadi,Kothrud,7,0,2,2134,17729,0,29.90834114339269,0.0,0
Hinjewadi,Kothrud,9,0,0,2160,18627,0,31.044999999999998,0.0,1
Hinjewadi,Kothrud,9,0,1,2691,19501,0,26.088294314381272,0.0,0
Hinjewadi,Kothrud,9,0,2,3622,28379,0,28.20662617338487,0.0,0
Hinjewadi,Kothrud,11,0,0,2296,18903,0,29.638850174216024,0.0,1
Hinjewadi,Kothrud,11,0,1,2871,19501,0,24.45266457680251,0.0,0
Hinjewadi,Kothrud,11,0,2,3755,26136,0,25.05715046604527,0.0,0
Hinjewadi,Kothrud,13,0,0,2208,18903,0,30.820108695652173,0.0,1
Hinjewadi,Kothrud,13,0,1,2782,19501,0,25.23493889288282,0.0,0
Hinjewadi,Kothrud,13,0,2,3592,26136,0,26.194209354120268,0.0,0
Hinjewadi,Kothrud,15,0,0,2045,18627,0,32.79080684596577,0.0,1
Hinjewadi,Kothrud,15,0,1,2645,19501,0,26.542003780718336,0.0,0
Hinjewadi,Kothrud,15,0,2,2220,18637,0,30.22216216216216,0.0,0
Hinjewadi,Kothrud,17,0,0,2423,18627,0,27.67527858027239,0.0,1
Hinjewadi,Kothrud,17,0,1,3179,19501,0,22.08354828562441,0.0,0
Hinjewadi,Kothrud,17,0,2,2798,17729,0,22.810721944245888,0.0,0
Hinjewadi,Kothrud,19,0,0,2630,18627,0,25.49703422053232,0.0,1
Hinjewadi,Kothrud,19,0,1,3406,19501,0,20.61174398120963,0.0,0
Hinjewadi,Kothrud,19,0,2,2777,17723,0,22.97544112351458,0.0,0
Hinjewadi,Kothrud,21,0,0,1953,18631,0,34.34285714285714,0.0,1
Hinjewadi,Kothrud,21,0,1,2370,19501,0,29.621772151898735,0.0,0
Hinjewadi,Kothrud,21,0,2,2117,18637,0,31.69258384506377,0.0,0
Hinjewadi,Kothrud,23,0,0,1753,18631,0,38.26103822019395,0.0,1
Hinjewadi,Kothrud,23,0,1,2100,19501,0,33.430285714285716,0.0,0
Hinjewadi,Kothrud,23,0,2,2017,17729,0,31.643232523549827,0.0,0
Hinjewadi,Kothrud,7,1,0,1845,18631,0,36.35317073170732,0.0,1
Hinjewadi,Kothrud,7,1,1,2261,19501,0,31.049800973020787,0.0,0
Hinjewadi,Kothrud,7,1,2,2124,17729,0,30.04915254237288,0.0,0
Hinjewadi,Kothrud,9,1,0,2144,18627,0,31.276679104477612,0.0,1
Hinjewadi,Kothrud,9,1,1,2671,19501,0,26.283639086484467,0.0,0
Hinjewadi,Kothrud,9,1,2,2343,18637,0,28.635595390524966,0.0,0
Hinjewadi,Kothrud,11,1,0,2278,18903,0,29.873046532045652,0.0,1
Hinjewadi,Kothrud,11,1,1,2867,19501,0,24.486780606906173,0.0,0
Hinjewadi,Kothrud,11,1,2,3709,26136,0,25.367915880291182,0.0,0
Hinjewadi,Kothrud,13,1,0,2190,18903,0,31.073424657534247,0.0,1
Hinjewadi,Kothrud,13,1,1,2765,19501,0,25.3900904159132,0.0,0
Hinjewadi,Kothrud,13,1,2,3570,26136,0,26.355630252100838,0.0,0
Hinjewadi,Kothrud,15,1,0,2032,18627,0,33.000590551181105,0.0,1
Hinjewadi,Kothrud,15,1,1,2626,19501,0,26.734044173648137,0.0,0
Hinjewadi,Kothrud,15,1,2,2328,17729,0,27.4159793814433,0.0,0
Hinjewadi,Kothrud,17,1,0,2371,18627,0,28.2822437789962,0.0,1
Hinjewadi,Kothrud,17,1,1,3104,19501,0,22.617139175257734,0.0,0
Hinjewadi,Kothrud,17,1,2,2713,17729,0,23.525396240324362,0.0,0
Hinjewadi,Kothrud,19,1,0,2597,18627,0,25.821024258760108,0.0,1
Hinjewadi,Kothrud,19,1,1,3265,19501,0,21.50186830015314,0.0,0
Hinjewadi,Kothrud,19,1,2,2972,17729,0,21.47523553162853,0.0,0
Hinjewadi,Kothrud,21,1,0,1955,18631,0,34.307723785166246,0.0,1
Hinjewadi,Kothrud,21,1,1,2347,19501,0,29.912057946314444,0.0,0
Hinjewadi,Kothrud,21,1,2,2121,18637,0,31.632814710042435,0.0,0
Hinjewadi,Kothrud,23,1,0,1753,18631,0,38.26103822019395,0.0,1
Hinjewadi,Kothrud,23,1,1,2100,19501,0,33.430285714285716,0.0,0
Hinjewadi,Kothrud,23,1,2,2017,17729,0,31.643232523549827,0.0,0
Hinjewadi,Kothrud,7,2,0,1854,18631,0,36.17669902912621,0.0,1
Hinjewadi,Kothrud,7,2,1,2250,19501,0,31.201600000000003,0.0,0
Hinjewadi,Kothrud,7,2,2,2135,17729,0,29.894332552693207,0.0,0
Hinjewadi,Kothrud,9,2,0,2158,18627,0,31.073772011121406,0.0,1
Hinjewadi,Kothrud,9,2,1,2647,19501,0,26.521949376652817,0.0,0
Hinjewadi,Kothrud,9,2,2,2349,18637,0,28.562452107279697,0.0,0
Hinjewadi,Kothrud,11,2,0,2279,18903,0,29.859938569548042,0.0,1
Hinjewadi,Kothrud,11,2,1,2845,19501,0,24.676133567662568,0.0,0
Hinjewadi,Kothrud,11,2,2,2493,18906,0,27.301083032490972,0.0,0
Hinjewadi,Kothrud,13,2,0,2228,18903,0,30.54344703770197,0.0,1
Hinjewadi,Kothrud,13,2,1,2796,19501,0,25.10858369098713,0.0,0
Hinjewadi,Kothrud,13,2,2,2568,18002,0,25.23644859813084,0.0,0
Hinjewadi,Kothrud,15,2,0,2094,18900,0,32.49283667621776,0.0,1
Hinjewadi,Kothrud,15,2,1,2623,19501,0,26.764620663362564,0.0,0
Hinjewadi,Kothrud,15,2,2,2385,18002,0,27.172830188679246,0.0,0
Hinjewadi,Kothrud,17,2,0,2472,18627,0,27.12669902912621,0.0,1
Hinjewadi,Kothrud,17,2,1,3179,19501,0,22.08354828562441,0.0,0
Hinjewadi,Kothrud,17,2,2,2805,17729,0,22.75379679144385,0.0,0
Hinjewadi,Kothrud,19,2,0,2666,18627,0,25.152738184546138,0.0,1
Hinjewadi,Kothrud,19,2,1,3422,19501,0,20.515371127995326,0.0,0
Hinjewadi,Kothrud,19,2,2,2885,18633,0,23.250883882149044,0.0,0
Hinjewadi,Kothrud,21,2,0,1967,18631,0,34.09842399593289,0.0,1
Hinjewadi,Kothrud,21,2,1,2382,19501,0,29.47254408060454,0.0,0
Hinjewadi,Kothrud,21,2,2,2260,17729,0,28.24088495575221,0.0,0
Hinjewadi,Kothrud,23,2,0,1753,18631,0,38.26103822019395,0.0,1
Hinjewadi,Kothrud,23,2,1,2100,19501,0,33.430285714285716,0.0,0
Hinjewadi,Kothrud,23,2,2,2017,17729,0,31.643232523549827,0.0,0
Hinjewadi,Kothrud,7,3,0,1827,18631,0,36.711330049261086,0.0,1
Hinjewadi,Kothrud,7,3,1,2222,19501,0,31.594779477947796,0.0,0
Hinjewadi,Kothrud,7,3,2,2105,17729,0,30.320380047505935,0.0,0
Hinjewadi,Kothrud,9,3,0,2071,18631,0,32.38609367455336,0.0,1
Hinjewadi,Kothrud,9,3,1,2528,19501,0,27.770411392405066,0.0,0
Hinjewadi,Kothrud,9,3,2,2232,18637,0,30.05967741935484,0.0,0
Hinjewadi,Kothrud,11,3,0,2271,18900,0,29.96036988110964,0.0,1
Hinjewadi,Kothrud,11,3,1,2798,19501,0,25.090636168691923,0.0,0
Hinjewadi,Kothrud,11,3,2,2465,18910,0,27.617038539553754,0.0,0
Hinjewadi,Kothrud,13,3,0,2341,18900,0,29.06450234942332,0.0,1
Hinjewadi,Kothrud,13,3,1,2872,19501,0,24.4441504178273,0.0,0
Hinjewadi,Kothrud,13,3,2,3680,26136,0,25.567826086956522,0.0,0
Hinjewadi,Kothrud,15,3,0,2283,18900,0,29.802890932982915,0.0,1
Hinjewadi,Kothrud,15,3,1,2854,19501,0,24.598318149964964,0.0,0
Hinjewadi,Kothrud,15,3,2,2395,17995,0,27.048851774530274,0.0,0
Hinjewadi,Kothrud,17,3,0,2587,18900,0,26.300734441437957,0.0,1
Hinjewadi,Kothrud,17,3,1,3089,19501,0,22.72696665587569,0.0,0
Hinjewadi,Kothrud,17,3,2,2939,18002,0,22.05076556651922,0.0,0
Hinjewadi,Kothrud,19,3,0,2708,18900,0,25.125553914327917,0.0,1
Hinjewadi,Kothrud,19,3,1,3037,19501,0,23.116101415870926,0.0,0
Hinjewadi,Kothrud,19,3,2,2904,18906,0,23.437190082644626,0.0,0
Hinjewadi,Kothrud,21,3,0,2001,18631,0,33.51904047976012,0.0,1
Hinjewadi,Kothrud,21,3,1,2355,19501,0,29.810445859872612,0.0,0
Hinjewadi,Kothrud,21,3,2,2280,17729,0,27.993157894736843,0.0,0
Hinjewadi,Kothrud,23,3,0,1753,18631,0,38.26103822019395,0.0,1
Hinjewadi,Kothrud,23,3,1,2100,19501,0,33.430285714285716,0.0,0
Hinjewadi,Kothrud,23,3,2,2017,17729,0,31.643232523549827,0.0,0
Hinjewadi,Kothrud,7,4,0,1809,18631,0,37.07661691542289,0.0,1
Hinjewadi,Kothrud,7,4,1,2169,19501,0,32.36680497925311,0.0,0
Hinjewadi,Kothrud,7,4,2,2076,17729,0,30.74393063583815,0.0,0
Hinjewadi,Kothrud,9,4,0,1944,18631,0,34.50185185185185,0.0,1
Hinjewadi,Kothrud,9,4,1,2318,19501,0,30.286281276962903,0.0,0
Hinjewadi,Kothrud,9,4,2,2211,17729,0,28.86675712347354,0.0,0
Hinjewadi,Kothrud,11,4,0,2034,18627,0,32.968141592920354,0.0,1
Hinjewadi,Kothrud,11,4,1,2474,19501,0,28.3765561843169,0.0,0
Hinjewadi,Kothrud,11,4,2,2178,18637,0,30.804958677685953,0.0,0
Hinjewadi,Kothrud,13,4,0,2045,18903,0,33.27667481662591,0.0,1
Hinjewadi,Kothrud,13,4,1,2538,19501,0,27.660992907801422,0.0,0
Hinjewadi,Kothrud,13,4,2,2313,18002,0,28.018677042801556,0.0,0
Hinjewadi,Kothrud,15,4,0,1997,18903,0,34.076514772158234,0.0,1
Hinjewadi,Kothrud,15,4,1,2540,19501,0,27.639212598425196,0.0,0
Hinjewadi,Kothrud,15,4,2,2266,18002,0,28.599823477493377,0.0,0
Hinjewadi,Kothrud,17,4,0,2161,18900,0,31.485423415085606,0.0,1
Hinjewadi,Kothrud,17,4,1,2686,19501,0,26.136857781087123,0.0,0
Hinjewadi,Kothrud,17,4,2,2311,18910,0,29.457377758546084,0.0,0
Hinjewadi,Kothrud,19,4,0,2260,18900,0,30.106194690265486,0.0,1
Hinjewadi,Kothrud,19,4,1,2696,19501,0,26.039910979228488,0.0,0
Hinjewadi,Kothrud,19,4,2,2410,18910,0,28.247302904564318,0.0,0
Hinjewadi,Kothrud,21,4,0,1912,18631,0,35.07928870292887,0.0,1
Hinjewadi,Kothrud,21,4,1,2279,19501,0,30.804563405002195,0.0,0
Hinjewadi,Kothrud,21,4,2,2174,17729,0,29.358049678012875,0.0,0
Hinjewadi,Kothrud,23,4,0,1753,18631,0,38.26103822019395,0.0,1
Hinjewadi,Kothrud,23,4,1,2100,19501,0,33.430285714285716,0.0,0
Hinjewadi,Kothrud,23,4,2,2017,17729,0,31.643232523549827,0.0,0
Hinjewadi,Kothrud,7,5,0,1848,18631,0,36.294155844155846,0.0,1
Hinjewadi,Kothrud,7,5,1,2262,19501,0,31.036074270557034,0.0,0
Hinjewadi,Kothrud,7,5,2,2129,17729,0,29.978581493658996,0.0,0
Hinjewadi,Kothrud,9,5,0,2123,18627,0,31.586057465850207,0.0,1
Hinjewadi,Kothrud,9,5,1,2661,19501,0,26.38241262683202,0.0,0
Hinjewadi,Kothrud,9,5,2,2324,18637,0,28.869707401032702,0.0,0
Hinjewadi,Kothrud,11,5,0,2234,18903,0,30.461414503133394,0.0,1
Hinjewadi,Kothrud,11,5,1,2833,19501,0,24.780656547829157,0.0,0
Hinjewadi,Kothrud,11,5,2,3720,26136,0,25.292903225806448,0.0,0
Hinjewadi,Kothrud,13,5,0,2167,18903,0,31.403230272265805,0.0,1
Hinjewadi,Kothrud,13,5,1,2750,19501,0,25.52858181818182,0.0,0
Hinjewadi,Kothrud,13,5,2,2350,18910,0,28.96851063829787,0.0,0
Hinjewadi,Kothrud,15,5,0,2019,18900,0,33.6998514115899,0.0,1
Hinjewadi,Kothrud,15,5,1,2609,19501,0,26.908240705251053,0.0,0
Hinjewadi,Kothrud,15,5,2,2178,18910,0,31.25619834710744,0.0,0
Hinjewadi,Kothrud,17,5,0,2354,18627,0,28.486491079014442,0.0,1
Hinjewadi,Kothrud,17,5,1,3081,19501,0,22.78597857838364,0.0,0
Hinjewadi,Kothrud,17,5,2,2709,17729,0,23.56013289036545,0.0,0
Hinjewadi,Kothrud,19,5,0,2536,18627,0,26.44211356466877,0.0,1
Hinjewadi,Kothrud,19,5,1,3242,19501,0,21.654410857495375,0.0,0
Hinjewadi,Kothrud,19,5,2,2926,17729,0,21.812850307587148,0.0,0
Hinjewadi,Kothrud,21,5,0,1933,18631,0,34.69818934299017,0.0,1
Hinjewadi,Kothrud,21,5,1,2349,19501,0,29.88659003831418,0.0,0
Hinjewadi,Kothrud,21,5,2,2097,18637,0,31.994849785407727,0.0,0
Hinjewadi,Kothrud,23,5,0,1753,18631,0,38.26103822019395,0.0,1
Hinjewadi,Kothrud,23,5,1,2100,19501,0,33.430285714285716,0.0,0
Hinjewadi,Kothrud,23,5,2,2017,17729,0,31.643232523549827,0.0,0
Hinjewadi,Kothrud,7,6,0,1854,18631,0,36.17669902912621,0.0,1
Hinjewadi,Kothrud,7,6,1,2276,19501,0,30.845166959578208,0.0,0
Hinjewadi,Kothrud,7,6,2,2137,17729,0,29.86635470285447,0.0,0
Hinjewadi,Kothrud,9,6,0,2172,18627,0,30.87348066298342,0.0,1
Hinjewadi,Kothrud,9,6,1,2724,19501,0,25.772246696035243,0.0,0
Hinjewadi,Kothrud,9,6,2,3638,28379,0,28.082572842220998,0.0,0
Hinjewadi,Kothrud,11,6,0,2306,18903,0,29.510320901994795,0.0,1
Hinjewadi,Kothrud,11,6,1,2916,19501,0,24.075308641975308,0.0,0
Hinjewadi,Kothrud,11,6,2,3788,26136,0,24.838859556494192,0.0,0
Hinjewadi,Kothrud,13,6,0,2204,18903,0,30.87604355716878,0.0,1
Hinjewadi,Kothrud,13,6,1,2794,19501,0,25.12655690765927,0.0,0
Hinjewadi,Kothrud,13,6,2,3597,26136,0,26.157798165137613,0.0,0
Hinjewadi,Kothrud,15,6,0,2038,18627,0,32.90343473994112,0.0,1
Hinjewadi,Kothrud,15,6,1,2647,19501,0,26.521949376652817,0.0,0
Hinjewadi,Kothrud,15,6,2,2343,17729,0,27.2404609475032,0.0,0
Hinjewadi,Kothrud,17,6,0,2409,18627,0,27.836114570361143,0.0,1
Hinjewadi,Kothrud,17,6,1,3193,19501,0,21.98672095208268,0.0,0
Hinjewadi,Kothrud,17,6,2,2781,17729,0,22.950161812297736,0.0,0
Hinjewadi,Kothrud,19,6,0,2609,18627,0,25.70226140283633,0.0,1
Hinjewadi,Kothrud,19,6,1,3379,19501,0,20.776442734536847,0.0,0
Hinjewadi,Kothrud,19,6,2,4125,28379,0,24.767127272727276,0.0,0
Hinjewadi,Kothrud,21,6,0,1945,18631,0,34.48411311053985,0.0,1
Hinjewadi,Kothrud,21,6,1,2361,19501,0,29.734688691232527,0.0,0
Hinjewadi,Kothrud,21,6,2,2115,18637,0,31.72255319148936,0.0,0
Hinjewadi,Kothrud,23,6,0,1753,18631,0,38.26103822019395,0.0,1
Hinjewadi,Kothrud,23,6,1,2100,19501,0,33.430285714285716,0.0,0
Hinjewadi,Kothrud,23,6,2,2017,17729,0,31.643232523549827,0.0,0
Hinjewadi,Kothrud,7,0,0,1851,18631,0,36.23533225283631,0.0,1
Hinjewadi,Kothrud,7,0,1,2269,19501,0,30.940326134861174,0.0,0
Hinjewadi,Kothrud,7,0,2,2134,17729,0,29.90834114339269,0.0,0
Hinjewadi,Kothrud,9,0,0,2160,18627,0,31.044999999999998,0.0,1
Hinjewadi,Kothrud,9,0,1,2691,19501,0,26.088294314381272,0.0,0
Hinjewadi,Kothrud,9,0,2,3622,28379,0,28.20662617338487,0.0,0
Hinjewadi,Kothrud,11,0,0,2296,18903,0,29.638850174216024,0.0,1
Hinjewadi,Kothrud,11,0,1,2871,19501,0,24.45266457680251,0.0,0
Hinjewadi,Kothrud,11,0,2,3755,26136,0,25.05715046604527,0.0,0
Hinjewadi,Kothrud,13,0,0,2208,18903,0,30.820108695652173,0.0,1
Hinjewadi,Kothrud,13,0,1,2782,19501,0,25.23493889288282,0.0,0
Hinjewadi,Kothrud,13,0,2,3592,26136,0,26.194209354120268,0.0,0
Hinjewadi,Kothrud,15,0,0,2045,18627,0,32.79080684596577,0.0,1
Hinjewadi,Kothrud,15,0,1,2645,19501,0,26.542003780718336,0.0,0
Hinjewadi,Kothrud,15,0,2,2220,18637,0,30.22216216216216,0.0,0
Hinjewadi,Kothrud,17,0,0,2423,18627,0,27.67527858027239,0.0,1
Hinjewadi,Kothrud,17,0,1,3179,19501,0,22.08354828562441,0.0,0
Hinjewadi,Kothrud,17,0,2,2798,17729,0,22.810721944245888,0.0,0
Hinjewadi,Kothrud,19,0,0,2630,18627,0,25.49703422053232,0.0,1
Hinjewadi,Kothrud,19,0,1,3406,19501,0,20.61174398120963,0.0,0
Hinjewadi,Kothrud,19,0,2,2777,17723,0,22.97544112351458,0.0,0
Hinjewadi,Kothrud,21,0,0,1953,18631,0,34.34285714285714,0.0,1
Hinjewadi,Kothrud,21,0,1,2370,19501,0,29.621772151898735,0.0,0
Hinjewadi,Kothrud,21,0,2,2117,18637,0,31.69258384506377,0.0,0
Hinjewadi,Kothrud,23,0,0,1753,18631,0,38.26103822019395,0.0,1
Hinjewadi,Kothrud,23,0,1,2100,19501,0,33.430285714285716,0.0,0
Hinjewadi,Kothrud,23,0,2,2017,17729,0,31.643232523549827,0.0,0
Hinjewadi,Kothrud,7,1,0,1845,18631,0,36.35317073170732,0.0,1
Hinjewadi,Kothrud,7,1,1,2261,19501,0,31.049800973020787,0.0,0
Hinjewadi,Kothrud,7,1,2,2124,17729,0,30.04915254237288,0.0,0
Hinjewadi,Kothrud,9,1,0,2144,18627,0,31.276679104477612,0.0,1
Hinjewadi,Kothrud,9,1,1,2671,19501,0,26.283639086484467,0.0,0
Hinjewadi,Kothrud,9,1,2,2343,18637,0,28.635595390524966,0.0,0
Hinjewadi,Kothrud,11,1,0,2278,18903,0,29.873046532045652,0.0,1
Hinjewadi,Kothrud,11,1,1,2867,19501,0,24.486780606906173,0.0,0
Hinjewadi,Kothrud,11,1,2,3709,26136,0,25.367915880291182,0.0,0
Hinjewadi,Kothrud,13,1,0,2190,18903,0,31.073424657534247,0.0,1
Hinjewadi,Kothrud,13,1,1,2765,19501,0,25.3900904159132,0.0,0
Hinjewadi,Kothrud,13,1,2,3570,26136,0,26.355630252100838,0.0,0
Hinjewadi,Kothrud,15,1,0,2032,18627,0,33.000590551181105,0.0,1
Hinjewadi,Kothrud,15,1,1,2626,19501,0,26.734044173648137,0.0,0
Hinjewadi,Kothrud,15,1,2,2328,17729,0,27.4159793814433,0.0,0
Hinjewadi,Kothrud,17,1,0,2371,18627,0,28.2822437789962,0.0,1
Hinjewadi,Kothrud,17,1,1,3104,19501,0,22.617139175257734,0.0,0
Hinjewadi,Kothrud,17,1,2,2713,17729,0,23.525396240324362,0.0,0
Hinjewadi,Kothrud,19,1,0,2597,18627,0,25.821024258760108,0.0,1
Hinjewadi,Kothrud,19,1,1,3265,19501,0,21.50186830015314,0.0,0
Hinjewadi,Kothrud,19,1,2,2972,17729,0,21.47523553162853,0.0,0
Hinjewadi,Kothrud,21,1,0,1955,18631,0,34.307723785166246,0.0,1
Hinjewadi,Kothrud,21,1,1,2347,19501,0,29.912057946314444,0.0,0
Hinjewadi,Kothrud,21,1,2,2121,18637,0,31.632814710042435,0.0,0
Hinjewadi,Kothrud,23,1,0,1753,18631,0,38.26103822019395,0.0,1
Hinjewadi,Kothrud,23,1,1,2100,19501,0,33.430285714285716,0.0,0
Hinjewadi,Kothrud,23,1,2,2017,17729,0,31.643232523549827,0.0,0
Hinjewadi,Kothrud,7,2,0,1854,18631,0,36.17669902912621,0.0,1
Hinjewadi,Kothrud,7,2,1,2250,19501,0,31.201600000000003,0.0,0
Hinjewadi,Kothrud,7,2,2,2135,17729,0,29.894332552693207,0.0,0
Hinjewadi,Kothrud,9,2,0,2158,18627,0,31.073772011121406,0.0,1
Hinjewadi,Kothrud,9,2,1,2647,19501,0,26.521949376652817,0.0,0
Hinjewadi,Kothrud,9,2,2,2349,18637,0,28.562452107279697,0.0,0
Hinjewadi,Kothrud,11,2,0,2279,18903,0,29.859938569548042,0.0,1
Hinjewadi,Kothrud,11,2,1,2845,19501,0,24.676133567662568,0.0,0
Hinjewadi,Kothrud,11,2,2,2493,18906,0,27.301083032490972,0.0,0
Hinjewadi,Kothrud,13,2,0,2228,18903,0,30.54344703770197,0.0,1
Hinjewadi,Kothrud,13,2,1,2796,19501,0,25.10858369098713,0.0,0
Hinjewadi,Kothrud,13,2,2,2568,18002,0,25.23644859813084,0.0,0
Hinjewadi,Kothrud,15,2,0,2094,18900,0,32.49283667621776,0.0,1
Hinjewadi,Kothrud,15,2,1,2623,19501,0,26.764620663362564,0.0,0
Hinjewadi,Kothrud,15,2,2,2385,18002,0,27.172830188679246,0.0,0
Hinjewadi,Kothrud,17,2,0,2472,18627,0,27.12669902912621,0.0,1
Hinjewadi,Kothrud,17,2,1,3179,19501,0,22.08354828562441,0.0,0
Hinjewadi,Kothrud,17,2,2,2805,17729,0,22.75379679144385,0.0,0
Hinjewadi,Kothrud,19,2,0,2666,18627,0,25.152738184546138,0.0,1
Hinjewadi,Kothrud,19,2,1,3422,19501,0,20.515371127995326,0.0,0
Hinjewadi,Kothrud,19,2,2,2885,18633,0,23.250883882149044,0.0,0
Hinjewadi,Kothrud,21,2,0,1967,18631,0,34.09842399593289,0.0,1
Hinjewadi,Kothrud,21,2,1,2382,19501,0,29.47254408060454,0.0,0
Hinjewadi,Kothrud,21,2,2,2260,17729,0,28.24088495575221,0.0,0
Hinjewadi,Kothrud,23,2,0,1753,18631,0,38.26103822019395,0.0,1
Hinjewadi,Kothrud,23,2,1,2100,19501,0,33.430285714285716,0.0,0
Hinjewadi,Kothrud,23,2,2,2017,17729,0,31.643232523549827,0.0,0
Hinjewadi,Kothrud,7,3,0,1827,18631,0,36.711330049261086,0.0,1
Hinjewadi,Kothrud,7,3,1,2222,19501,0,31.594779477947796,0.0,0
Hinjewadi,Kothrud,7,3,2,2105,17729,0,30.320380047505935,0.0,0
Hinjewadi,Kothrud,9,3,0,2071,18631,0,32.38609367455336,0.0,1
Hinjewadi,Kothrud,9,3,1,2528,19501,0,27.770411392405066,0.0,0
Hinjewadi,Kothrud,9,3,2,2232,18637,0,30.05967741935484,0.0,0
Hinjewadi,Kothrud,11,3,0,2271,18900,0,29.96036988110964,0.0,1
Hinjewadi,Kothrud,11,3,1,2798,19501,0,25.090636168691923,0.0,0
Hinjewadi,Kothrud,11,3,2,2465,18910,0,27.617038539553754,0.0,0
Hinjewadi,Kothrud,13,3,0,2341,18900,0,29.06450234942332,0.0,1
Hinjewadi,Kothrud,13,3,1,2872,19501,0,24.4441504178273,0.0,0
Hinjewadi,Kothrud,13,3,2,3680,26136,0,25.567826086956522,0.0,0
Hinjewadi,Kothrud,15,3,0,2283,18900,0,29.802890932982915,0.0,1
Hinjewadi,Kothrud,15,3,1,2854,19501,0,24.598318149964964,0.0,0
Hinjewadi,Kothrud,15,3,2,2395,17995,0,27.048851774530274,0.0,0
Hinjewadi,Kothrud,17,3,0,2587,18900,0,26.300734441437957,0.0,1
Hinjewadi,Kothrud,17,3,1,3089,19501,0,22.72696665587569,0.0,0
Hinjewadi,Kothrud,17,3,2,2939,18002,0,22.05076556651922,0.0,0
Hinjewadi,Kothrud,19,3,0,2708,18900,0,25.125553914327917,0.0,1
Hinjewadi,Kothrud,19,3,1,3037,19501,0,23.116101415870926,0.0,0
Hinjewadi,Kothrud,19,3,2,3054,18002,0,21.22043222003929,0.0,0
Hinjewadi,Kothrud,21,3,0,2001,18631,0,33.51904047976012,0.0,1
Hinjewadi,Kothrud,21,3,1,2355,19501,0,29.810445859872612,0.0,0
Hinjewadi,Kothrud,21,3,2,2280,17729,0,27.993157894736843,0.0,0
Hinjewadi,Kothrud,23,3,0,1753,18631,0,38.26103822019395,0.0,1
Hinjewadi,Kothrud,23,3,1,2100,19501,0,33.430285714285716,0.0,0
Hinjewadi,Kothrud,23,3,2,2017,17729,0,31.643232523549827,0.0,0
Hinjewadi,Kothrud,7,4,0,1809,18631,0,37.07661691542289,0.0,1
Hinjewadi,Kothrud,7,4,1,2169,19501,0,32.36680497925311,0.0,0
Hinjewadi,Kothrud,7,4,2,2076,17729,0,30.74393063583815,0.0,0
Hinjewadi,Kothrud,9,4,0,1944,18631,0,34.50185185185185,0.0,1
Hinjewadi,Kothrud,9,4,1,2318,19501,0,30.286281276962903,0.0,0
Hinjewadi,Kothrud,9,4,2,2211,17729,0,28.86675712347354,0.0,0
Hinjewadi,Kothrud,11,4,0,2034,18627,0,32.968141592920354,0.0,1
Hinjewadi,Kothrud,11,4,1,2474,19501,0,28.3765561843169,0.0,0
Hinjewadi,Kothrud,11,4,2,2178,18637,0,30.804958677685953,0.0,0
Hinjewadi,Kothrud,13,4,0,2045,18903,0,33.27667481662591,0.0,1
Hinjewadi,Kothrud,13,4,1,2538,19501,0,27.660992907801422,0.0,0
Hinjewadi,Kothrud,13,4,2,2313,18002,0,28.018677042801556,0.0,0
Hinjewadi,Kothrud,15,4,0,1997,18903,0,34.076514772158234,0.0,1
Hinjewadi,Kothrud,15,4,1,2540,19501,0,27.639212598425196,0.0,0
Hinjewadi,Kothrud,15,4,2,2266,18002,0,28.599823477493377,0.0,0
Hinjewadi,Kothrud,17,4,0,2161,18900,0,31.485423415085606,0.0,1
Hinjewadi,Kothrud,17,4,1,2686,19501,0,26.136857781087123,0.0,0
Hinjewadi,Kothrud,17,4,2,2436,18002,0,26.603940886699508,0.0,0
Hinjewadi,Kothrud,19,4,0,2260,18900,0,30.106194690265486,0.0,1
Hinjewadi,Kothrud,19,4,1,2696,19501,0,26.039910979228488,0.0,0
Hinjewadi,Kothrud,19,4,2,2541,18002,0,25.504604486422668,0.0,0
Hinjewadi,Kothrud,21,4,0,1912,18631,0,35.07928870292887,0.0,1
Hinjewadi,Kothrud,21,4,1,2279,19501,0,30.804563405002195,0.0,0
Hinjewadi,Kothrud,21,4,2,2174,17729,0,29.358049678012875,0.0,0
Hinjewadi,Kothrud,23,4,0,1753,18631,0,38.26103822019395,0.0,1
Hinjewadi,Kothrud,23,4,1,2100,19501,0,33.430285714285716,0.0,0
Hinjewadi,Kothrud,23,4,2,2017,17729,0,31.643232523549827,0.0,0
Hinjewadi,Kothrud,7,5,0,1848,18631,0,36.294155844155846,0.0,1
Hinjewadi,Kothrud,7,5,1,2262,19501,0,31.036074270557034,0.0,0
Hinjewadi,Kothrud,7,5,2,2129,17729,0,29.978581493658996,0.0,0
Hinjewadi,Kothrud,9,5,0,2123,18627,0,31.586057465850207,0.0,1
Hinjewadi,Kothrud,9,5,1,2661,19501,0,26.38241262683202,0.0,0
Hinjewadi,Kothrud,9,5,2,2458,17729,0,25.965988608624894,0.0,0
Hinjewadi,Kothrud,11,5,0,2234,18903,0,30.461414503133394,0.0,1
Hinjewadi,Kothrud,11,5,1,2833,19501,0,24.780656547829157,0.0,0
Hinjewadi,Kothrud,11,5,2,2379,17995,0,27.23076923076923,0.0,0
Hinjewadi,Kothrud,13,5,0,2167,18903,0,31.403230272265805,0.0,1
Hinjewadi,Kothrud,13,5,1,2750,19501,0,25.52858181818182,0.0,0
Hinjewadi,Kothrud,13,5,2,2486,18002,0,26.06886564762671,0.0,0
Hinjewadi,Kothrud,15,5,0,2019,18900,0,33.6998514115899,0.0,1
Hinjewadi,Kothrud,15,5,1,2609,19501,0,26.908240705251053,0.0,0
Hinjewadi,Kothrud,15,5,2,2307,18002,0,28.09154746423927,0.0,0
Hinjewadi,Kothrud,17,5,0,2354,18627,0,28.486491079014442,0.0,1
Hinjewadi,Kothrud,17,5,1,3081,19501,0,22.78597857838364,0.0,0
Hinjewadi,Kothrud,17,5,2,2709,17729,0,23.56013289036545,0.0,0
Hinjewadi,Kothrud,19,5,0,2536,18627,0,26.44211356466877,0.0,1
Hinjewadi,Kothrud,19,5,1,3242,19501,0,21.654410857495375,0.0,0
Hinjewadi,Kothrud,19,5,2,2926,17729,0,21.812850307587148,0.0,0
Hinjewadi,Kothrud,21,5,0,1933,18631,0,34.69818934299017,0.0,1
Hinjewadi,Kothrud,21,5,1,2349,19501,0,29.88659003831418,0.0,0
Hinjewadi,Kothrud,21,5,2,2230,17729,0,28.62080717488789,0.0,0
Hinjewadi,Kothrud,23,5,0,1753,18631,0,38.26103822019395,0.0,1
Hinjewadi,Kothrud,23,5,1,2100,19501,0,33.430285714285716,0.0,0
Hinjewadi,Kothrud,23,5,2,2017,17729,0,31.643232523549827,0.0,0
Hinjewadi,Kothrud,7,6,0,1854,18631,0,36.17669902912621,0.0,1
Hinjewadi,Kothrud,7,6,1,2276,19501,0,30.845166959578208,0.0,0
Hinjewadi,Kothrud,7,6,2,2137,17729,0,29.86635470285447,0.0,0
Hinjewadi,Kothrud,9,6,0,2172,18627,0,30.87348066298342,0.0,1
Hinjewadi,Kothrud,9,6,1,2724,19501,0,25.772246696035243,0.0,0
Hinjewadi,Kothrud,9,6,2,2307,17723,0,27.656176853055914,0.0,0
Hinjewadi,Kothrud,11,6,0,2306,18903,0,29.510320901994795,0.0,1
Hinjewadi,Kothrud,11,6,1,2916,19501,0,24.075308641975308,0.0,0
Hinjewadi,Kothrud,11,6,2,2452,17995,0,26.420065252854815,0.0,0
Hinjewadi,Kothrud,13,6,0,2204,18903,0,30.87604355716878,0.0,1
Hinjewadi,Kothrud,13,6,1,2794,19501,0,25.12655690765927,0.0,0
Hinjewadi,Kothrud,13,6,2,2341,17995,0,27.672789406236653,0.0,0
Hinjewadi,Kothrud,15,6,0,2038,18627,0,32.90343473994112,0.0,1
Hinjewadi,Kothrud,15,6,1,2647,19501,0,26.521949376652817,0.0,0
Hinjewadi,Kothrud,15,6,2,2343,17729,0,27.2404609475032,0.0,0
Hinjewadi,Kothrud,17,6,0,2409,18627,0,27.836114570361143,0.0,1
Hinjewadi,Kothrud,17,6,1,3193,19501,0,21.98672095208268,0.0,0
Hinjewadi,Kothrud,17,6,2,2781,17729,0,22.950161812297736,0.0,0
Hinjewadi,Kothrud,19,6,0,2609,18627,0,25.70226140283633,0.0,1
Hinjewadi,Kothrud,19,6,1,3379,19501,0,20.776442734536847,0.0,0
Hinjewadi,Kothrud,19,6,2,2761,17723,0,23.108583846432452,0.0,0
Hinjewadi,Kothrud,21,6,0,1945,18631,0,34.48411311053985,0.0,1
Hinjewadi,Kothrud,21,6,1,2361,19501,0,29.734688691232527,0.0,0
Hinjewadi,Kothrud,21,6,2,2250,17729,0,28.3664,0.0,0
Hinjewadi,Kothrud,23,6,0,1753,18631,0,38.26103822019395,0.0,1
Hinjewadi,Kothrud,23,6,1,2100,19501,0,33.430285714285716,0.0,0
Hinjewadi,Kothrud,23,6,2,2017,17729,0,31.643232523549827,0.0,0
Hinjewadi,Kothrud,7,0,0,1851,18631,0,36.23533225283631,0.0,1
Hinjewadi,Kothrud,7,0,1,2269,19501,0,30.940326134861174,0.0,0
Hinjewadi,Kothrud,7,0,2,2134,17729,0,29.90834114339269,0.0,0
Hinjewadi,Kothrud,9,0,0,2160,18627,0,31.044999999999998,0.0,1
Hinjewadi,Kothrud,9,0,1,2691,19501,0,26.088294314381272,0.0,0
Hinjewadi,Kothrud,9,0,2,2292,17723,0,27.837172774869106,0.0,0
Hinjewadi,Kothrud,11,0,0,2296,18903,0,29.638850174216024,0.0,1
Hinjewadi,Kothrud,11,0,1,2871,19501,0,24.45266457680251,0.0,0
Hinjewadi,Kothrud,11,0,2,2439,17995,0,26.56088560885609,0.0,0
Hinjewadi,Kothrud,13,0,0,2208,18903,0,30.820108695652173,0.0,1
Hinjewadi,Kothrud,13,0,1,2782,19501,0,25.23493889288282,0.0,0
Hinjewadi,Kothrud,13,0,2,2342,17995,0,27.660973526900086,0.0,0
Hinjewadi,Kothrud,15,0,0,2045,18627,0,32.79080684596577,0.0,1
Hinjewadi,Kothrud,15,0,1,2645,19501,0,26.542003780718336,0.0,0
Hinjewadi,Kothrud,15,0,2,2349,17729,0,27.17088122605364,0.0,0
Hinjewadi,Kothrud,17,0,0,2423,18627,0,27.67527858027239,0.0,1
Hinjewadi,Kothrud,17,0,1,3179,19501,0,22.08354828562441,0.0,0
Hinjewadi,Kothrud,17,0,2,2798,17729,0,22.810721944245888,0.0,0
Hinjewadi,Kothrud,19,0,0,2630,18627,0,25.49703422053232,0.0,1
Hinjewadi,Kothrud,19,0,1,3406,19501,0,20.61174398120963,0.0,0
Hinjewadi,Kothrud,19,0,2,2777,17723,0,22.97544112351458,0.0,0
Hinjewadi,Kothrud,21,0,0,1953,18631,0,34.34285714285714,0.0,1
Hinjewadi,Kothrud,21,0,1,2370,19501,0,29.621772151898735,0.0,0
Hinjewadi,Kothrud,21,0,2,2250,17729,0,28.3664,0.0,0
Hinjewadi,Kothrud,23,0,0,1753,18631,0,38.26103822019395,0.0,1
Hinjewadi,Kothrud,23,0,1,2100,19501,0,33.430285714285716,0.0,0
Hinjewadi,Kothrud,23,0,2,2017,17729,0,31.643232523549827,0.0,0
Hinjewadi,Kothrud,7,1,0,1845,18631,0,36.35317073170732,0.0,1
Hinjewadi,Kothrud,7,1,1,2261,19501,0,31.049800973020787,0.0,0
Hinjewadi,Kothrud,7,1,2,2124,17729,0,30.04915254237288,0.0,0
Hinjewadi,Kothrud,9,1,0,2144,18627,0,31.276679104477612,0.0,1
Hinjewadi,Kothrud,9,1,1,2671,19501,0,26.283639086484467,0.0,0
Hinjewadi,Kothrud,9,1,2,2473,17729,0,25.808491710473106,0.0,0
Hinjewadi,Kothrud,11,1,0,2278,18903,0,29.873046532045652,0.0,1
Hinjewadi,Kothrud,11,1,1,2867,19501,0,24.486780606906173,0.0,0
Hinjewadi,Kothrud,11,1,2,2417,17995,0,26.802647910633016,0.0,0
Hinjewadi,Kothrud,13,1,0,2190,18903,0,31.073424657534247,0.0,1
Hinjewadi,Kothrud,13,1,1,2765,19501,0,25.3900904159132,0.0,0
Hinjewadi,Kothrud,13,1,2,2321,17995,0,27.911245152951317,0.0,0
Hinjewadi,Kothrud,15,1,0,2032,18627,0,33.000590551181105,0.0,1
Hinjewadi,Kothrud,15,1,1,2626,19501,0,26.734044173648137,0.0,0
Hinjewadi,Kothrud,15,1,2,2328,17729,0,27.4159793814433,0.0,0
Hinjewadi,Kothrud,17,1,0,2371,18627,0,28.2822437789962,0.0,1
Hinjewadi,Kothrud,17,1,1,3104,19501,0,22.617139175257734,0.0,0
Hinjewadi,Kothrud,17,1,2,2713,17729,0,23.525396240324362,0.0,0
Hinjewadi,Kothrud,19,1,0,2597,18627,0,25.821024258760108,0.0,1
Hinjewadi,Kothrud,19,1,1,3265,19501,0,21.50186830015314,0.0,0
Hinjewadi,Kothrud,19,1,2,2972,17729,0,21.47523553162853,0.0,0
Hinjewadi,Kothrud,21,1,0,1955,18631,0,34.307723785166246,0.0,1
Hinjewadi,Kothrud,21,1,1,2347,19501,0,29.912057946314444,0.0,0
Hinjewadi,Kothrud,21,1,2,2254,17729,0,28.31606033717835,0.0,0
Hinjewadi,Kothrud,23,1,0,1753,18631,0,38.26103822019395,0.0,1
Hinjewadi,Kothrud,23,1,1,2100,19501,0,33.430285714285716,0.0,0
Hinjewadi,Kothrud,23,1,2,2017,17729,0,31.643232523549827,0.0,0
Hinjewadi,Kothrud,7,2,0,1854,18631,0,36.17669902912621,0.0,1
Hinjewadi,Kothrud,7,2,1,2250,19501,0,31.201600000000003,0.0,0
Hinjewadi,Kothrud,7,2,2,2135,17729,0,29.894332552693207,0.0,0
Hinjewadi,Kothrud,9,2,0,2158,18627,0,31.073772011121406,0.0,1
Hinjewadi,Kothrud,9,2,1,2647,19501,0,26.521949376652817,0.0,0
Hinjewadi,Kothrud,9,2,2,2485,17729,0,25.683863179074446,0.0,0
Hinjewadi,Kothrud,11,2,0,2279,18903,0,29.859938569548042,0.0,1
Hinjewadi,Kothrud,11,2,1,2845,19501,0,24.676133567662568,0.0,0
Hinjewadi,Kothrud,11,2,2,2635,18002,0,24.594762808349145,0.0,0
Hinjewadi,Kothrud,13,2,0,2228,18903,0,30.54344703770197,0.0,1
Hinjewadi,Kothrud,13,2,1,2796,19501,0,25.10858369098713,0.0,0
Hinjewadi,Kothrud,13,2,2,2568,18002,0,25.23644859813084,0.0,0
Hinjewadi,Kothrud,15,2,0,2094,18900,0,32.49283667621776,0.0,1
Hinjewadi,Kothrud,15,2,1,2623,19501,0,26.764620663362564,0.0,0
Hinjewadi,Kothrud,15,2,2,2385,18002,0,27.172830188679246,0.0,0
Hinjewadi,Kothrud,17,2,0,2472,18627,0,27.12669902912621,0.0,1
Hinjewadi,Kothrud,17,2,1,3179,19501,0,22.08354828562441,0.0,0
Hinjewadi,Kothrud,17,2,2,2805,17729,0,22.75379679144385,0.0,0
Hinjewadi,Kothrud,19,2,0,2666,18627,0,25.152738184546138,0.0,1
Hinjewadi,Kothrud,19,2,1,3422,19501,0,20.515371127995326,0.0,0
Hinjewadi,Kothrud,19,2,2,3036,17729,0,21.022529644268772,0.0,0
Hinjewadi,Kothrud,21,2,0,1967,18631,0,34.09842399593289,0.0,1
Hinjewadi,Kothrud,21,2,1,2382,19501,0,29.47254408060454,0.0,0
Hinjewadi,Kothrud,21,2,2,2260,17729,0,28.24088495575221,0.0,0
Hinjewadi,Kothrud,23,2,0,1753,18631,0,38.26103822019395,0.0,1
Hinjewadi,Kothrud,23,2,1,2100,19501,0,33.430285714285716,0.0,0
Hinjewadi,Kothrud,23,2,2,2017,17729,0,31.643232523549827,0.0,0
Hinjewadi,Kothrud,7,3,0,1827,18631,0,36.711330049261086,0.0,1
Hinjewadi,Kothrud,7,3,1,2222,19501,0,31.594779477947796,0.0,0
Hinjewadi,Kothrud,7,3,2,2105,17729,0,30.320380047505935,0.0,0
Hinjewadi,Kothrud,9,3,0,2071,18631,0,32.38609367455336,0.0,1
Hinjewadi,Kothrud,9,3,1,2528,19501,0,27.770411392405066,0.0,0
Hinjewadi,Kothrud,9,3,2,2372,17729,0,26.907419898819562,0.0,0
Hinjewadi,Kothrud,11,3,0,2271,18900,0,29.96036988110964,0.0,1
Hinjewadi,Kothrud,11,3,1,2798,19501,0,25.090636168691923,0.0,0
Hinjewadi,Kothrud,11,3,2,2605,18002,0,24.87800383877159,0.0,0
Hinjewadi,Kothrud,13,3,0,2341,18900,0,29.06450234942332,0.0,1
Hinjewadi,Kothrud,13,3,1,2872,19501,0,24.4441504178273,0.0,0
Hinjewadi,Kothrud,13,3,2,2472,17995,0,26.206310679611654,0.0,0
Hinjewadi,Kothrud,15,3,0,2283,18900,0,29.802890932982915,0.0,1
Hinjewadi,Kothrud,15,3,1,2854,19501,0,24.598318149964964,0.0,0
Hinjewadi,Kothrud,15,3,2,2395,17995,0,27.048851774530274,0.0,0
Hinjewadi,Kothrud,17,3,0,2587,18900,0,26.300734441437957,0.0,1
Hinjewadi,Kothrud,17,3,1,3089,19501,0,22.72696665587569,0.0,0
Hinjewadi,Kothrud,17,3,2,2939,18002,0,22.05076556651922,0.0,0
Hinjewadi,Kothrud,19,3,0,2708,18900,0,25.125553914327917,0.0,1
Hinjewadi,Kothrud,19,3,1,3037,19501,0,23.116101415870926,0.0,0
Hinjewadi,Kothrud,19,3,2,3054,18002,0,21.22043222003929,0.0,0
Hinjewadi,Kothrud,21,3,0,2001,18631,0,33.51904047976012,0.0,1
Hinjewadi,Kothrud,21,3,1,2355,19501,0,29.810445859872612,0.0,0
Hinjewadi,Kothrud,21,3,2,2280,17729,0,27.993157894736843,0.0,0
Hinjewadi,Kothrud,23,3,0,1753,18631,0,38.26103822019395,0.0,1
Hinjewadi,Kothrud,23,3,1,2100,19501,0,33.430285714285716,0.0,0
Hinjewadi,Kothrud,23,3,2,2017,17729,0,31.643232523549827,0.0,0
Hinjewadi,Kothrud,7,4,0,1809,18631,0,37.07661691542289,0.0,1
Hinjewadi,Kothrud,7,4,1,2169,19501,0,32.36680497925311,0.0,0
Hinjewadi,Kothrud,7,4,2,2076,17729,0,30.74393063583815,0.0,0
Hinjewadi,Kothrud,9,4,0,1944,18631,0,34.50185185185185,0.0,1
Hinjewadi,Kothrud,9,4,1,2318,19501,0,30.286281276962903,0.0,0
Hinjewadi,Kothrud,9,4,2,2211,17729,0,28.86675712347354,0.0,0
Hinjewadi,Kothrud,11,4,0,2034,18627,0,32.968141592920354,0.0,1
Hinjewadi,Kothrud,11,4,1,2474,19501,0,28.3765561843169,0.0,0
Hinjewadi,Kothrud,11,4,2,2304,17729,0,27.701562499999998,0.0,0
Hinjewadi,Kothrud,13,4,0,2045,18903,0,33.27667481662591,0.0,1
Hinjewadi,Kothrud,13,4,1,2538,19501,0,27.660992907801422,0.0,0
Hinjewadi,Kothrud,13,4,2,2313,18002,0,28.018677042801556,0.0,0
Hinjewadi,Kothrud,15,4,0,1997,18903,0,34.076514772158234,0.0,1
Hinjewadi,Kothrud,15,4,1,2540,19501,0,27.639212598425196,0.0,0
Hinjewadi,Kothrud,15,4,2,2266,18002,0,28.599823477493377,0.0,0
Hinjewadi,Kothrud,17,4,0,2161,18900,0,31.485423415085606,0.0,1
Hinjewadi,Kothrud,17,4,1,2686,19501,0,26.136857781087123,0.0,0
Hinjewadi,Kothrud,17,4,2,2436,18002,0,26.603940886699508,0.0,0
Hinjewadi,Kothrud,19,4,0,2260,18900,0,30.106194690265486,0.0,1
Hinjewadi,Kothrud,19,4,1,2696,19501,0,26.039910979228488,0.0,0
Hinjewadi,Kothrud,19,4,2,2541,18002,0,25.504604486422668,0.0,0
Hinjewadi,Kothrud,21,4,0,1912,18631,0,35.07928870292887,0.0,1
Hinjewadi,Kothrud,21,4,1,2279,19501,0,30.804563405002195,0.0,0
Hinjewadi,Kothrud,21,4,2,2174,17729,0,29.358049678012875,0.0,0
Hinjewadi,Kothrud,23,4,0,1753,18631,0,38.26103822019395,0.0,1
Hinjewadi,Kothrud,23,4,1,2100,19501,0,33.430285714285716,0.0,0
Hinjewadi,Kothrud,23,4,2,2017,17729,0,31.643232523549827,0.0,0
Hinjewadi,Kothrud,7,5,0,1848,18631,0,36.294155844155846,0.0,1
Hinjewadi,Kothrud,7,5,1,2262,19501,0,31.036074270557034,0.0,0
Hinjewadi,Kothrud,7,5,2,2129,17729,0,29.978581493658996,0.0,0
Hinjewadi,Kothrud,9,5,0,2123,18627,0,31.586057465850207,0.0,1
Hinjewadi,Kothrud,9,5,1,2661,19501,0,26.38241262683202,0.0,0
Hinjewadi,Kothrud,9,5,2,2458,17729,0,25.965988608624894,0.0,0
Hinjewadi,Kothrud,11,5,0,2234,18903,0,30.461414503133394,0.0,1
Hinjewadi,Kothrud,11,5,1,2833,19501,0,24.780656547829157,0.0,0
Hinjewadi,Kothrud,11,5,2,2379,17995,0,27.23076923076923,0.0,0
Hinjewadi,Kothrud,13,5,0,2167,18903,0,31.403230272265805,0.0,1
Hinjewadi,Kothrud,13,5,1,2750,19501,0,25.52858181818182,0.0,0
Hinjewadi,Kothrud,13,5,2,2486,18002,0,26.06886564762671,0.0,0
Hinjewadi,Kothrud,15,5,0,2019,18900,0,33.6998514115899,0.0,1
Hinjewadi,Kothrud,15,5,1,2609,19501,0,26.908240705251053,0.0,0
Hinjewadi,Kothrud,15,5,2,2307,18002,0,28.09154746423927,0.0,0
Hinjewadi,Kothrud,17,5,0,2354,18627,0,28.486491079014442,0.0,1
Hinjewadi,Kothrud,17,5,1,3081,19501,0,22.78597857838364,0.0,0
Hinjewadi,Kothrud,17,5,2,2709,17729,0,23.56013289036545,0.0,0
Hinjewadi,Kothrud,19,5,0,2536,18627,0,26.44211356466877,0.0,1
Hinjewadi,Kothrud,19,5,1,3242,19501,0,21.654410857495375,0.0,0
Hinjewadi,Kothrud,19,5,2,2926,17729,0,21.812850307587148,0.0,0
Hinjewadi,Kothrud,21,5,0,1933,18631,0,34.69818934299017,0.0,1
Hinjewadi,Kothrud,21,5,1,2349,19501,0,29.88659003831418,0.0,0
Hinjewadi,Kothrud,21,5,2,2230,17729,0,28.62080717488789,0.0,0
Hinjewadi,Kothrud,23,5,0,1753,18631,0,38.26103822019395,0.0,1
Hinjewadi,Kothrud,23,5,1,2100,19501,0,33.430285714285716,0.0,0
Hinjewadi,Kothrud,23,5,2,2017,17729,0,31.643232523549827,0.0,0
Hinjewadi,Kothrud,7,6,0,1854,18631,0,36.17669902912621,0.0,1
Hinjewadi,Kothrud,7,6,1,2276,19501,0,30.845166959578208,0.0,0
Hinjewadi,Kothrud,7,6,2,2137,17729,0,29.86635470285447,0.0,0
Hinjewadi,Kothrud,9,6,0,2172,18627,0,30.87348066298342,0.0,1
Hinjewadi,Kothrud,9,6,1,2724,19501,0,25.772246696035243,0.0,0
Hinjewadi,Kothrud,9,6,2,2307,17723,0,27.656176853055914,0.0,0
Hinjewadi,Kothrud,11,6,0,2306,18903,0,29.510320901994795,0.0,1
Hinjewadi,Kothrud,11,6,1,2916,19501,0,24.075308641975308,0.0,0
Hinjewadi,Kothrud,11,6,2,2452,17995,0,26.420065252854815,0.0,0
Hinjewadi,Kothrud,13,6,0,2204,18903,0,30.87604355716878,0.0,1
Hinjewadi,Kothrud,13,6,1,2794,19501,0,25.12655690765927,0.0,0
Hinjewadi,Kothrud,13,6,2,2341,17995,0,27.672789406236653,0.0,0
Hinjewadi,Kothrud,15,6,0,2038,18627,0,32.90343473994112,0.0,1
Hinjewadi,Kothrud,15,6,1,2647,19501,0,26.521949376652817,0.0,0
Hinjewadi,Kothrud,15,6,2,2343,17729,0,27.2404609475032,0.0,0
Hinjewadi,Kothrud,17,6,0,2409,18627,0,27.836114570361143,0.0,1
Hinjewadi,Kothrud,17,6,1,3193,19501,0,21.98672095208268,0.0,0
Hinjewadi,Kothrud,17,6,2,2781,17729,0,22.950161812297736,0.0,0
Hinjewadi,Kothrud,19,6,0,2609,18627,0,25.70226140283633,0.0,1
Hinjewadi,Kothrud,19,6,1,3379,19501,0,20.776442734536847,0.0,0
Hinjewadi,Kothrud,19,6,2,2761,17723,0,23.108583846432452,0.0,0
Hinjewadi,Kothrud,21,6,0,1945,18631,0,34.48411311053985,0.0,1
Hinjewadi,Kothrud,21,6,1,2361,19501,0,29.734688691232527,0.0,0
Hinjewadi,Kothrud,21,6,2,2250,17729,0,28.3664,0.0,0
Hinjewadi,Kothrud,23,6,0,1753,18631,0,38.26103822019395,0.0,1
Hinjewadi,Kothrud,23,6,1,2100,19501,0,33.430285714285716,0.0,0
Hinjewadi,Kothrud,23,6,2,2017,17729,0,31.643232523549827,0.0,0
Hinjewadi,Hadapsar,7,0,0,3172,25719,0,29.18928121059269,0.0,1
Hinjewadi,Hadapsar,7,0,1,3287,25475,0,27.90082141770612,0.0,0
Hinjewadi,Hadapsar,7,0,2,4083,33874,0,29.866862601028654,0.0,0
Hinjewadi,Hadapsar,9,0,0,3675,25301,0,24.78465306122449,0.0,1
Hinjewadi,Hadapsar,9,0,1,3815,25475,0,24.039318479685452,0.0,0
Hinjewadi,Hadapsar,9,0,2,4445,31257,0,25.315005624296962,0.0,0
Hinjewadi,Hadapsar,11,0,0,3911,25301,0,23.289082076195346,0.0,1
Hinjewadi,Hadapsar,11,0,1,4034,25475,0,22.734258800198315,0.0,0
Hinjewadi,Hadapsar,11,0,2,4684,31257,0,24.02331340734415,0.0,0
Hinjewadi,Hadapsar,13,0,0,3722,26786,0,25.90800644814616,0.0,1
Hinjewadi,Hadapsar,13,0,1,3909,26535,0,24.437452033768224,0.0,0
Hinjewadi,Hadapsar,13,0,2,4373,31229,0,25.708758289503773,0.0,0
Hinjewadi,Hadapsar,15,0,0,3639,25585,0,25.310799670239078,0.0,1
Hinjewadi,Hadapsar,15,0,1,3750,25475,0,24.456,0.0,0
Hinjewadi,Hadapsar,15,0,2,4734,33702,0,25.628897338403043,0.0,0
Hinjewadi,Hadapsar,17,0,0,4339,25301,0,20.991841438119383,0.0,1
Hinjewadi,Hadapsar,17,0,1,4611,25475,0,19.889394925178923,0.0,0
Hinjewadi,Hadapsar,17,0,2,5559,33702,0,21.825364274150026,0.0,0
Hinjewadi,Hadapsar,19,0,0,4366,25301,0,20.862024736601008,0.0,1
Hinjewadi,Hadapsar,19,0,1,4650,28058,0,21.72232258064516,0.0,0
Hinjewadi,Hadapsar,19,0,2,5145,32830,0,22.97142857142857,0.0,0
Hinjewadi,Hadapsar,21,0,0,3147,25719,0,29.421163012392757,0.0,1
Hinjewadi,Hadapsar,21,0,1,3213,25475,0,28.54341736694678,0.0,0
Hinjewadi,Hadapsar,21,0,2,3929,33874,0,31.037515907355562,0.0,0
Hinjewadi,Hadapsar,23,0,0,2855,25719,0,32.43026269702277,0.0,1
Hinjewadi,Hadapsar,23,0,1,2926,25475,0,31.34313055365687,0.0,0
Hinjewadi,Hadapsar,23,0,2,3643,33874,0,33.47416964040626,0.0,0
Hinjewadi,Hadapsar,7,1,0,3151,25719,0,29.38381466201206,0.0,1
Hinjewadi,Hadapsar,7,1,1,3215,25475,0,28.52566096423017,0.0,0
Hinjewadi,Hadapsar,7,1,2,4077,33874,0,29.910816777041944,0.0,0
Hinjewadi,Hadapsar,9,1,0,3601,25301,0,25.29397389613996,0.0,1
Hinjewadi,Hadapsar,9,1,1,3723,25475,0,24.633360193392427,0.0,0
Hinjewadi,Hadapsar,9,1,2,4313,31257,0,26.0897750985393,0.0,0
Hinjewadi,Hadapsar,11,1,0,3907,26786,0,24.681238802149988,0.0,1
Hinjewadi,Hadapsar,11,1,1,4123,26535,0,23.169051661411594,0.0,0
Hinjewadi,Hadapsar,11,1,2,4562,30945,0,24.419552827707147,0.0,0
Hinjewadi,Hadapsar,13,1,0,3677,26786,0,26.22507478923035,0.0,1
Hinjewadi,Hadapsar,13,1,1,3867,26535,0,24.702870442203256,0.0,0
Hinjewadi,Hadapsar,13,1,2,4364,31229,0,25.761778185151236,0.0,0
Hinjewadi,Hadapsar,15,1,0,3608,26786,0,26.726607538802664,0.0,1
Hinjewadi,Hadapsar,15,1,1,3731,26535,0,25.603323505762532,0.0,0
Hinjewadi,Hadapsar,15,1,2,4311,31229,0,26.07849686847599,0.0,0
Hinjewadi,Hadapsar,17,1,0,4179,25585,0,22.040201005025125,0.0,1
Hinjewadi,Hadapsar,17,1,1,4348,25475,0,21.09245630174793,0.0,0
Hinjewadi,Hadapsar,17,1,2,5000,33272,0,23.95584,0.0,0
Hinjewadi,Hadapsar,19,1,0,4180,25301,0,21.79033492822966,0.0,1
Hinjewadi,Hadapsar,19,1,1,4556,28058,0,22.170500438981563,0.0,0
Hinjewadi,Hadapsar,19,1,2,4979,31257,0,22.599959831291425,0.0,0
Hinjewadi,Hadapsar,21,1,0,3127,26786,0,30.837735849056607,0.0,1
Hinjewadi,Hadapsar,21,1,1,3299,26535,0,28.956047287056684,0.0,0
Hinjewadi,Hadapsar,21,1,2,3896,30151,0,27.860266940451744,0.0,0
Hinjewadi,Hadapsar,23,1,0,2855,25719,0,32.43026269702277,0.0,1
Hinjewadi,Hadapsar,23,1,1,2926,25475,0,31.34313055365687,0.0,0
Hinjewadi,Hadapsar,23,1,2,3643,33874,0,33.47416964040626,0.0,0
Hinjewadi,Hadapsar,7,2,0,3144,25719,0,29.449236641221376,0.0,1
Hinjewadi,Hadapsar,7,2,1,3198,25475,0,28.677298311444655,0.0,0
Hinjewadi,Hadapsar,7,2,2,4083,33874,0,29.866862601028654,0.0,0
Hinjewadi,Hadapsar,9,2,0,3564,25637,0,25.895959595959596,0.0,1
Hinjewadi,Hadapsar,9,2,1,3666,25475,0,25.016366612111295,0.0,0
Hinjewadi,Hadapsar,9,2,2,4231,31257,0,26.595414795556604,0.0,0
Hinjewadi,Hadapsar,11,2,0,3851,26786,0,25.040145416774866,0.0,1
Hinjewadi,Hadapsar,11,2,1,4026,26535,0,23.727272727272727,0.0,0
Hinjewadi,Hadapsar,11,2,2,4515,31229,0,24.900199335548173,0.0,0
Hinjewadi,Hadapsar,13,2,0,3721,26786,0,25.914969094329486,0.0,1
Hinjewadi,Hadapsar,13,2,1,3878,26535,0,24.632800412583805,0.0,0
Hinjewadi,Hadapsar,13,2,2,4557,33074,0,26.128242264647792,0.0,0
Hinjewadi,Hadapsar,15,2,0,3625,25585,0,25.408551724137933,0.0,1
Hinjewadi,Hadapsar,15,2,1,3704,25475,0,24.759719222462202,0.0,0
Hinjewadi,Hadapsar,15,2,2,4277,31257,0,26.309375730652327,0.0,0
Hinjewadi,Hadapsar,17,2,0,4285,25301,0,21.256382730455076,0.0,1
Hinjewadi,Hadapsar,17,2,1,4444,25475,0,20.63681368136814,0.0,0
Hinjewadi,Hadapsar,17,2,2,5310,32830,0,22.257627118644066,0.0,0
Hinjewadi,Hadapsar,19,2,0,4325,25301,0,21.05979190751445,0.0,1
Hinjewadi,Hadapsar,19,2,1,4589,28058,0,22.011069949880145,0.0,0
Hinjewadi,Hadapsar,19,2,2,5090,32830,0,23.219646365422395,0.0,0
Hinjewadi,Hadapsar,21,2,0,3157,25719,0,29.327969591384228,0.0,1
Hinjewadi,Hadapsar,21,2,1,3221,25475,0,28.47252406085067,0.0,0
Hinjewadi,Hadapsar,21,2,2,3942,33874,0,30.9351598173516,0.0,0
Hinjewadi,Hadapsar,23,2,0,2855,25719,0,32.43026269702277,0.0,1
Hinjewadi,Hadapsar,23,2,1,2926,25475,0,31.34313055365687,0.0,0
Hinjewadi,Hadapsar,23,2,2,3643,33874,0,33.47416964040626,0.0,0
Hinjewadi,Hadapsar,7,3,0,3012,26786,0,32.015139442231074,0.0,1
Hinjewadi,Hadapsar,7,3,1,3176,26535,0,30.077455919395465,0.0,0
Hinjewadi,Hadapsar,7,3,2,3916,30151,0,27.71797752808989,0.0,0
Hinjewadi,Hadapsar,9,3,0,3276,26786,0,29.435164835164837,0.0,1
Hinjewadi,Hadapsar,9,3,1,3439,26535,0,27.777260831637104,0.0,0
Hinjewadi,Hadapsar,9,3,2,4146,32518,0,28.235600578871203,0.0,0
Hinjewadi,Hadapsar,11,3,0,3583,26786,0,26.913089589729278,0.0,1
Hinjewadi,Hadapsar,11,3,1,3696,26535,0,25.84577922077922,0.0,0
Hinjewadi,Hadapsar,11,3,2,4538,32790,0,26.0123402379903,0.0,0
Hinjewadi,Hadapsar,13,3,0,3700,25475,0,24.786486486486492,0.0,1
Hinjewadi,Hadapsar,13,3,1,3761,25585,0,24.489763360808293,0.0,0
Hinjewadi,Hadapsar,13,3,2,4179,30911,0,26.628284278535535,0.0,0
Hinjewadi,Hadapsar,15,3,0,3747,25475,0,24.4755804643715,0.0,1
Hinjewadi,Hadapsar,15,3,1,3885,25585,0,23.70810810810811,0.0,0
Hinjewadi,Hadapsar,15,3,2,4349,31257,0,25.873810071280754,0.0,0
Hinjewadi,Hadapsar,17,3,0,4030,25475,0,22.75682382133995,0.0,1
Hinjewadi,Hadapsar,17,3,1,4166,25301,0,21.86356216994719,0.0,0
Hinjewadi,Hadapsar,17,3,2,4717,29279,0,22.345643417426327,0.0,0
Hinjewadi,Hadapsar,19,3,0,3900,26786,0,24.725538461538463,0.0,1
Hinjewadi,Hadapsar,19,3,1,4054,26535,0,23.56339417858905,0.0,0
Hinjewadi,Hadapsar,19,3,2,4789,33074,0,24.862476508665694,0.0,0
Hinjewadi,Hadapsar,21,3,0,3124,26786,0,30.867349551856595,0.0,1
Hinjewadi,Hadapsar,21,3,1,3295,26535,0,28.991198786039455,0.0,0
Hinjewadi,Hadapsar,21,3,2,3860,32936,0,30.717512953367876,0.0,0
Hinjewadi,Hadapsar,23,3,0,2855,25719,0,32.43026269702277,0.0,1
Hinjewadi,Hadapsar,23,3,1,2926,25475,0,31.34313055365687,0.0,0
Hinjewadi,Hadapsar,23,3,2,3643,33874,0,33.47416964040626,0.0,0
Hinjewadi,Hadapsar,7,4,0,2957,26786,0,32.61061887047684,0.0,1
Hinjewadi,Hadapsar,7,4,1,3126,26535,0,30.558541266794627,0.0,0
Hinjewadi,Hadapsar,7,4,2,3778,30151,0,28.730439385918476,0.0,0
Hinjewadi,Hadapsar,9,4,0,3091,26786,0,31.196894208993854,0.0,1
Hinjewadi,Hadapsar,9,4,1,3279,26535,0,29.132662397072277,0.0,0
Hinjewadi,Hadapsar,9,4,2,3970,30151,0,27.340957178841307,0.0,0
Hinjewadi,Hadapsar,11,4,0,3271,26786,0,29.480158972791195,0.0,1
Hinjewadi,Hadapsar,11,4,1,3461,26535,0,27.600693441201965,0.0,0
Hinjewadi,Hadapsar,11,4,2,4189,30151,0,25.91157794222965,0.0,0
Hinjewadi,Hadapsar,13,4,0,3332,26786,0,28.94045618247299,0.0,1
Hinjewadi,Hadapsar,13,4,1,3515,26535,0,27.176671408250357,0.0,0
Hinjewadi,Hadapsar,13,4,2,4201,30005,0,25.712449416805523,0.0,0
Hinjewadi,Hadapsar,15,4,0,3414,26786,0,28.245342706502637,0.0,1
Hinjewadi,Hadapsar,15,4,1,3566,26535,0,26.787997756590016,0.0,0
Hinjewadi,Hadapsar,15,4,2,4304,30005,0,25.097118959107807,0.0,0
Hinjewadi,Hadapsar,17,4,0,3615,26786,0,26.674854771784233,0.0,1
Hinjewadi,Hadapsar,17,4,1,3763,26535,0,25.385596598458676,0.0,0
Hinjewadi,Hadapsar,17,4,2,4495,30005,0,24.030700778642935,0.0,0
Hinjewadi,Hadapsar,19,4,0,3499,25301,0,26.031323235210056,0.0,1
Hinjewadi,Hadapsar,19,4,1,3629,25475,0,25.271424634885648,0.0,0
Hinjewadi,Hadapsar,19,4,2,4296,30620,0,25.65921787709497,0.0,0
Hinjewadi,Hadapsar,21,4,0,3040,25719,0,30.456710526315792,0.0,1
Hinjewadi,Hadapsar,21,4,1,3113,25475,0,29.46032765820752,0.0,0
Hinjewadi,Hadapsar,21,4,2,3877,33874,0,31.45380448800619,0.0,0
Hinjewadi,Hadapsar,23,4,0,2855,25719,0,32.43026269702277,0.0,1
Hinjewadi,Hadapsar,23,4,1,2926,25475,0,31.34313055365687,0.0,0
Hinjewadi,Hadapsar,23,4,2,3643,33874,0,33.47416964040626,0.0,0
Hinjewadi,Hadapsar,7,5,0,3148,25719,0,29.411817026683607,0.0,1
Hinjewadi,Hadapsar,7,5,1,3239,25475,0,28.31429453535042,0.0,0
Hinjewadi,Hadapsar,7,5,2,4087,33874,0,29.837631514558357,0.0,0
Hinjewadi,Hadapsar,9,5,0,3595,25301,0,25.33618915159944,0.0,1
Hinjewadi,Hadapsar,9,5,1,3714,25475,0,24.693053311793214,0.0,0
Hinjewadi,Hadapsar,9,5,2,4294,31257,0,26.2052165812762,0.0,0
Hinjewadi,Hadapsar,11,5,0,3842,26786,0,25.098802706923475,0.0,1
Hinjewadi,Hadapsar,11,5,1,4048,26535,0,23.59832015810277,0.0,0
Hinjewadi,Hadapsar,11,5,2,4576,30945,0,24.344842657342657,0.0,0
Hinjewadi,Hadapsar,13,5,0,3586,26786,0,26.89057445621863,0.0,1
Hinjewadi,Hadapsar,13,5,1,3782,26535,0,25.258064516129036,0.0,0
Hinjewadi,Hadapsar,13,5,2,4376,31229,0,25.691133455210238,0.0,0
Hinjewadi,Hadapsar,15,5,0,3569,26786,0,27.018660689268703,0.0,1
Hinjewadi,Hadapsar,15,5,1,3702,26535,0,25.80388978930308,0.0,0
Hinjewadi,Hadapsar,15,5,2,4563,30289,0,23.89664694280079,0.0,0
Hinjewadi,Hadapsar,17,5,0,4203,25585,0,21.914346895074946,0.0,1
Hinjewadi,Hadapsar,17,5,1,4385,25475,0,20.914481185860893,0.0,0
Hinjewadi,Hadapsar,17,5,2,5031,33272,0,23.808228980322003,0.0,0
Hinjewadi,Hadapsar,19,5,0,4165,25301,0,21.86881152460984,0.0,1
Hinjewadi,Hadapsar,19,5,1,4378,25475,0,20.947921425308362,0.0,0
Hinjewadi,Hadapsar,19,5,2,5026,32830,0,23.515320334261837,0.0,0
Hinjewadi,Hadapsar,21,5,0,3117,26786,0,30.936669874879694,0.0,1
Hinjewadi,Hadapsar,21,5,1,3301,26535,0,28.93850348379279,0.0,0
Hinjewadi,Hadapsar,21,5,2,3876,30151,0,28.00402476780186,0.0,0
Hinjewadi,Hadapsar,23,5,0,2855,25719,0,32.43026269702277,0.0,1
Hinjewadi,Hadapsar,23,5,1,2926,25475,0,31.34313055365687,0.0,0
Hinjewadi,Hadapsar,23,5,2,3643,33874,0,33.47416964040626,0.0,0
Hinjewadi,Hadapsar,7,6,0,3178,25719,0,29.134172435494023,0.0,1
Hinjewadi,Hadapsar,7,6,1,3292,25475,0,27.8584447144593,0.0,0
Hinjewadi,Hadapsar,7,6,2,4138,33874,0,29.46988883518608,0.0,0
Hinjewadi,Hadapsar,9,6,0,3711,25637,0,24.870169765561844,0.0,1
Hinjewadi,Hadapsar,9,6,1,3854,25475,0,23.79605604566684,0.0,0
Hinjewadi,Hadapsar,9,6,2,4476,31257,0,25.139678284182306,0.0,0
Hinjewadi,Hadapsar,11,6,0,3980,25301,0,22.885326633165825,0.0,1
Hinjewadi,Hadapsar,11,6,1,4076,25475,0,22.5,0.0,0
Hinjewadi,Hadapsar,11,6,2,4703,31257,0,23.926259834148418,0.0,0
Hinjewadi,Hadapsar,13,6,0,3707,26786,0,26.01284057189102,0.0,1
Hinjewadi,Hadapsar,13,6,1,3880,26535,0,24.620103092783506,0.0,0
Hinjewadi,Hadapsar,13,6,2,4339,31229,0,25.91020972574326,0.0,0
Hinjewadi,Hadapsar,15,6,0,3607,25585,0,25.535347934571664,0.0,1
Hinjewadi,Hadapsar,15,6,1,3694,25475,0,24.826746074715754,0.0,0
Hinjewadi,Hadapsar,15,6,2,4301,31257,0,26.162566844919787,0.0,0
Hinjewadi,Hadapsar,17,6,0,4338,25301,0,20.996680497925308,0.0,1
Hinjewadi,Hadapsar,17,6,1,4509,25475,0,20.33932135728543,0.0,0
Hinjewadi,Hadapsar,17,6,2,5585,33702,0,21.72376007162041,0.0,0
Hinjewadi,Hadapsar,19,6,0,4320,25301,0,21.084166666666665,0.0,1
Hinjewadi,Hadapsar,19,6,1,4614,28058,0,21.89180754226268,0.0,0
Hinjewadi,Hadapsar,19,6,2,5099,32830,0,23.17866248283977,0.0,0
Hinjewadi,Hadapsar,21,6,0,3133,25719,0,29.552633258857327,0.0,1
Hinjewadi,Hadapsar,21,6,1,3201,25475,0,28.65042174320525,0.0,0
Hinjewadi,Hadapsar,21,6,2,3923,33874,0,31.08498598011726,0.0,0
Hinjewadi,Hadapsar,23,6,0,2855,25719,0,32.43026269702277,0.0,1
Hinjewadi,Hadapsar,23,6,1,2926,25475,0,31.34313055365687,0.0,0
Hinjewadi,Hadapsar,23,6,2,3643,33874,0,33.47416964040626,0.0,0
Hinjewadi,Hadapsar,7,0,0,3172,25719,0,29.18928121059269,0.0,1
Hinjewadi,Hadapsar,7,0,1,3287,25475,0,27.90082141770612,0.0,0
Hinjewadi,Hadapsar,7,0,2,4083,33874,0,29.866862601028654,0.0,0
Hinjewadi,Hadapsar,9,0,0,3675,25301,0,24.78465306122449,0.0,1
Hinjewadi,Hadapsar,9,0,1,3815,25475,0,24.039318479685452,0.0,0
Hinjewadi,Hadapsar,9,0,2,4445,31257,0,25.315005624296962,0.0,0
Hinjewadi,Hadapsar,11,0,0,3911,25301,0,23.289082076195346,0.0,1
Hinjewadi,Hadapsar,11,0,1,4034,25475,0,22.734258800198315,0.0,0
Hinjewadi,Hadapsar,11,0,2,4684,31257,0,24.02331340734415,0.0,0
Hinjewadi,Hadapsar,13,0,0,3722,26786,0,25.90800644814616,0.0,1
Hinjewadi,Hadapsar,13,0,1,3909,26535,0,24.437452033768224,0.0,0
Hinjewadi,Hadapsar,13,0,2,4373,31229,0,25.708758289503773,0.0,0
Hinjewadi,Hadapsar,15,0,0,3639,25585,0,25.310799670239078,0.0,1
Hinjewadi,Hadapsar,15,0,1,3750,25475,0,24.456,0.0,0
Hinjewadi,Hadapsar,15,0,2,4734,33702,0,25.628897338403043,0.0,0
Hinjewadi,Hadapsar,17,0,0,4339,25301,0,20.991841438119383,0.0,1
Hinjewadi,Hadapsar,17,0,1,4611,25475,0,19.889394925178923,0.0,0
Hinjewadi,Hadapsar,17,0,2,5559,33702,0,21.825364274150026,0.0,0
Hinjewadi,Hadapsar,19,0,0,4366,25301,0,20.862024736601008,0.0,1
Hinjewadi,Hadapsar,19,0,1,4650,28058,0,21.72232258064516,0.0,0
Hinjewadi,Hadapsar,19,0,2,5145,32830,0,22.97142857142857,0.0,0
Hinjewadi,Hadapsar,21,0,0,3147,25719,0,29.421163012392757,0.0,1
Hinjewadi,Hadapsar,21,0,1,3213,25475,0,28.54341736694678,0.0,0
Hinjewadi,Hadapsar,21,0,2,3929,33874,0,31.037515907355562,0.0,0
Hinjewadi,Hadapsar,23,0,0,2855,25719,0,32.43026269702277,0.0,1
Hinjewadi,Hadapsar,23,0,1,2926,25475,0,31.34313055365687,0.0,0
Hinjewadi,Hadapsar,23,0,2,3643,33874,0,33.47416964040626,0.0,0
Hinjewadi,Hadapsar,7,1,0,3151,25719,0,29.38381466201206,0.0,1
Hinjewadi,Hadapsar,7,1,1,3215,25475,0,28.52566096423017,0.0,0
Hinjewadi,Hadapsar,7,1,2,4077,33874,0,29.910816777041944,0.0,0
Hinjewadi,Hadapsar,9,1,0,3601,25301,0,25.29397389613996,0.0,1
Hinjewadi,Hadapsar,9,1,1,3723,25475,0,24.633360193392427,0.0,0
Hinjewadi,Hadapsar,9,1,2,4313,31257,0,26.0897750985393,0.0,0
Hinjewadi,Hadapsar,11,1,0,3907,26786,0,24.681238802149988,0.0,1
Hinjewadi,Hadapsar,11,1,1,4123,26535,0,23.169051661411594,0.0,0
Hinjewadi,Hadapsar,11,1,2,4562,30945,0,24.419552827707147,0.0,0
Hinjewadi,Hadapsar,13,1,0,3677,26786,0,26.22507478923035,0.0,1
Hinjewadi,Hadapsar,13,1,1,3867,26535,0,24.702870442203256,0.0,0
Hinjewadi,Hadapsar,13,1,2,4364,31229,0,25.761778185151236,0.0,0
Hinjewadi,Hadapsar,15,1,0,3608,26786,0,26.726607538802664,0.0,1
Hinjewadi,Hadapsar,15,1,1,3731,26535,0,25.603323505762532,0.0,0
Hinjewadi,Hadapsar,15,1,2,4311,31229,0,26.07849686847599,0.0,0
Hinjewadi,Hadapsar,17,1,0,4179,25585,0,22.040201005025125,0.0,1
Hinjewadi,Hadapsar,17,1,1,4348,25475,0,21.09245630174793,0.0,0
Hinjewadi,Hadapsar,17,1,2,5000,33272,0,23.95584,0.0,0
Hinjewadi,Hadapsar,19,1,0,4180,25301,0,21.79033492822966,0.0,1
Hinjewadi,Hadapsar,19,1,1,4556,28058,0,22.170500438981563,0.0,0
Hinjewadi,Hadapsar,19,1,2,4979,31257,0,22.599959831291425,0.0,0
Hinjewadi,Hadapsar,21,1,0,3127,26786,0,30.837735849056607,0.0,1
Hinjewadi,Hadapsar,21,1,1,3299,26535,0,28.956047287056684,0.0,0
Hinjewadi,Hadapsar,21,1,2,3896,30151,0,27.860266940451744,0.0,0
Hinjewadi,Hadapsar,23,1,0,2855,25719,0,32.43026269702277,0.0,1
Hinjewadi,Hadapsar,23,1,1,2926,25475,0,31.34313055365687,0.0,0
Hinjewadi,Hadapsar,23,1,2,3643,33874,0,33.47416964040626,0.0,0
Hinjewadi,Hadapsar,7,2,0,3144,25719,0,29.449236641221376,0.0,1
Hinjewadi,Hadapsar,7,2,1,3198,25475,0,28.677298311444655,0.0,0
Hinjewadi,Hadapsar,7,2,2,4083,33874,0,29.866862601028654,0.0,0
Hinjewadi,Hadapsar,9,2,0,3564,25637,0,25.895959595959596,0.0,1
Hinjewadi,Hadapsar,9,2,1,3666,25475,0,25.016366612111295,0.0,0
Hinjewadi,Hadapsar,9,2,2,4231,31257,0,26.595414795556604,0.0,0
Hinjewadi,Hadapsar,11,2,0,3851,26786,0,25.040145416774866,0.0,1
Hinjewadi,Hadapsar,11,2,1,4026,26535,0,23.727272727272727,0.0,0
Hinjewadi,Hadapsar,11,2,2,4515,31229,0,24.900199335548173,0.0,0
Hinjewadi,Hadapsar,13,2,0,3721,26786,0,25.914969094329486,0.0,1
Hinjewadi,Hadapsar,13,2,1,3878,26535,0,24.632800412583805,0.0,0
Hinjewadi,Hadapsar,13,2,2,4557,33074,0,26.128242264647792,0.0,0
Hinjewadi,Hadapsar,15,2,0,3625,25585,0,25.408551724137933,0.0,1
Hinjewadi,Hadapsar,15,2,1,3704,25475,0,24.759719222462202,0.0,0
Hinjewadi,Hadapsar,15,2,2,4277,31257,0,26.309375730652327,0.0,0
Hinjewadi,Hadapsar,17,2,0,4285,25301,0,21.256382730455076,0.0,1
Hinjewadi,Hadapsar,17,2,1,4444,25475,0,20.63681368136814,0.0,0
Hinjewadi,Hadapsar,17,2,2,5310,32830,0,22.257627118644066,0.0,0
Hinjewadi,Hadapsar,19,2,0,4325,25301,0,21.05979190751445,0.0,1
Hinjewadi,Hadapsar,19,2,1,4589,28058,0,22.011069949880145,0.0,0
Hinjewadi,Hadapsar,19,2,2,5090,32830,0,23.219646365422395,0.0,0
Hinjewadi,Hadapsar,21,2,0,3157,25719,0,29.327969591384228,0.0,1
Hinjewadi,Hadapsar,21,2,1,3221,25475,0,28.47252406085067,0.0,0
Hinjewadi,Hadapsar,21,2,2,3942,33874,0,30.9351598173516,0.0,0
Hinjewadi,Hadapsar,23,2,0,2855,25719,0,32.43026269702277,0.0,1
Hinjewadi,Hadapsar,23,2,1,2926,25475,0,31.34313055365687,0.0,0
Hinjewadi,Hadapsar,23,2,2,3643,33874,0,33.47416964040626,0.0,0
Hinjewadi,Hadapsar,7,3,0,3012,26786,0,32.015139442231074,0.0,1
Hinjewadi,Hadapsar,7,3,1,3176,26535,0,30.077455919395465,0.0,0
Hinjewadi,Hadapsar,7,3,2,3916,30151,0,27.71797752808989,0.0,0
Hinjewadi,Hadapsar,9,3,0,3276,26786,0,29.435164835164837,0.0,1
Hinjewadi,Hadapsar,9,3,1,3439,26535,0,27.777260831637104,0.0,0
Hinjewadi,Hadapsar,9,3,2,4146,32518,0,28.235600578871203,0.0,0
Hinjewadi,Hadapsar,11,3,0,3583,26786,0,26.913089589729278,0.0,1
Hinjewadi,Hadapsar,11,3,1,3696,26535,0,25.84577922077922,0.0,0
Hinjewadi,Hadapsar,11,3,2,4538,32790,0,26.0123402379903,0.0,0
Hinjewadi,Hadapsar,13,3,0,3700,25475,0,24.786486486486492,0.0,1
Hinjewadi,Hadapsar,13,3,1,3761,25585,0,24.489763360808293,0.0,0
Hinjewadi,Hadapsar,13,3,2,4179,30911,0,26.628284278535535,0.0,0
Hinjewadi,Hadapsar,15,3,0,3747,25475,0,24.4755804643715,0.0,1
Hinjewadi,Hadapsar,15,3,1,3885,25585,0,23.70810810810811,0.0,0
Hinjewadi,Hadapsar,15,3,2,4349,31257,0,25.873810071280754,0.0,0
Hinjewadi,Hadapsar,17,3,0,4030,25475,0,22.75682382133995,0.0,1
Hinjewadi,Hadapsar,17,3,1,4166,25301,0,21.86356216994719,0.0,0
Hinjewadi,Hadapsar,17,3,2,4717,29279,0,22.345643417426327,0.0,0
Hinjewadi,Hadapsar,19,3,0,3900,26786,0,24.725538461538463,0.0,1
Hinjewadi,Hadapsar,19,3,1,4054,26535,0,23.56339417858905,0.0,0
Hinjewadi,Hadapsar,19,3,2,4789,33074,0,24.862476508665694,0.0,0
Hinjewadi,Hadapsar,21,3,0,3124,26786,0,30.867349551856595,0.0,1
Hinjewadi,Hadapsar,21,3,1,3295,26535,0,28.991198786039455,0.0,0
Hinjewadi,Hadapsar,21,3,2,3860,32936,0,30.717512953367876,0.0,0
Hinjewadi,Hadapsar,23,3,0,2855,25719,0,32.43026269702277,0.0,1
Hinjewadi,Hadapsar,23,3,1,2926,25475,0,31.34313055365687,0.0,0
Hinjewadi,Hadapsar,23,3,2,3643,33874,0,33.47416964040626,0.0,0
Hinjewadi,Hadapsar,7,4,0,2957,26786,0,32.61061887047684,0.0,1
Hinjewadi,Hadapsar,7,4,1,3126,26535,0,30.558541266794627,0.0,0
Hinjewadi,Hadapsar,7,4,2,3778,30151,0,28.730439385918476,0.0,0
Hinjewadi,Hadapsar,9,4,0,3091,26786,0,31.196894208993854,0.0,1
Hinjewadi,Hadapsar,9,4,1,3279,26535,0,29.132662397072277,0.0,0
Hinjewadi,Hadapsar,9,4,2,3970,30151,0,27.340957178841307,0.0,0
Hinjewadi,Hadapsar,11,4,0,3271,26786,0,29.480158972791195,0.0,1
Hinjewadi,Hadapsar,11,4,1,3461,26535,0,27.600693441201965,0.0,0
Hinjewadi,Hadapsar,11,4,2,4189,30151,0,25.91157794222965,0.0,0
Hinjewadi,Hadapsar,13,4,0,3332,26786,0,28.94045618247299,0.0,1
Hinjewadi,Hadapsar,13,4,1,3515,26535,0,27.176671408250357,0.0,0
Hinjewadi,Hadapsar,13,4,2,4201,30005,0,25.712449416805523,0.0,0
Hinjewadi,Hadapsar,15,4,0,3414,26786,0,28.245342706502637,0.0,1
Hinjewadi,Hadapsar,15,4,1,3566,26535,0,26.787997756590016,0.0,0
Hinjewadi,Hadapsar,15,4,2,4304,30005,0,25.097118959107807,0.0,0
Hinjewadi,Hadapsar,17,4,0,3615,26786,0,26.674854771784233,0.0,1
Hinjewadi,Hadapsar,17,4,1,3763,26535,0,25.385596598458676,0.0,0
Hinjewadi,Hadapsar,17,4,2,4495,30005,0,24.030700778642935,0.0,0
Hinjewadi,Hadapsar,19,4,0,3499,25301,0,26.031323235210056,0.0,1
Hinjewadi,Hadapsar,19,4,1,3629,25475,0,25.271424634885648,0.0,0
Hinjewadi,Hadapsar,19,4,2,4296,30620,0,25.65921787709497,0.0,0
Hinjewadi,Hadapsar,21,4,0,3040,25719,0,30.456710526315792,0.0,1
Hinjewadi,Hadapsar,21,4,1,3113,25475,0,29.46032765820752,0.0,0
Hinjewadi,Hadapsar,21,4,2,3877,33874,0,31.45380448800619,0.0,0
Hinjewadi,Hadapsar,23,4,0,2855,25719,0,32.43026269702277,0.0,1
Hinjewadi,Hadapsar,23,4,1,2926,25475,0,31.34313055365687,0.0,0
Hinjewadi,Hadapsar,23,4,2,3643,33874,0,33.47416964040626,0.0,0
Hinjewadi,Hadapsar,7,5,0,3148,25719,0,29.411817026683607,0.0,1
Hinjewadi,Hadapsar,7,5,1,3239,25475,0,28.31429453535042,0.0,0
Hinjewadi,Hadapsar,7,5,2,4087,33874,0,29.837631514558357,0.0,0
Hinjewadi,Hadapsar,9,5,0,3595,25301,0,25.33618915159944,0.0,1
Hinjewadi,Hadapsar,9,5,1,3714,25475,0,24.693053311793214,0.0,0
Hinjewadi,Hadapsar,9,5,2,4294,31257,0,26.2052165812762,0.0,0
Hinjewadi,Hadapsar,11,5,0,3842,26786,0,25.098802706923475,0.0,1
Hinjewadi,Hadapsar,11,5,1,4048,26535,0,23.59832015810277,0.0,0
Hinjewadi,Hadapsar,11,5,2,4576,30945,0,24.344842657342657,0.0,0
Hinjewadi,Hadapsar,13,5,0,3586,26786,0,26.89057445621863,0.0,1
Hinjewadi,Hadapsar,13,5,1,3782,26535,0,25.258064516129036,0.0,0
Hinjewadi,Hadapsar,13,5,2,4376,31229,0,25.691133455210238,0.0,0
Hinjewadi,Hadapsar,15,5,0,3569,26786,0,27.018660689268703,0.0,1
Hinjewadi,Hadapsar,15,5,1,3702,26535,0,25.80388978930308,0.0,0
Hinjewadi,Hadapsar,15,5,2,4563,30289,0,23.89664694280079,0.0,0
Hinjewadi,Hadapsar,17,5,0,4203,25585,0,21.914346895074946,0.0,1
Hinjewadi,Hadapsar,17,5,1,4385,25475,0,20.914481185860893,0.0,0
Hinjewadi,Hadapsar,17,5,2,5031,33272,0,23.808228980322003,0.0,0
Hinjewadi,Hadapsar,19,5,0,4165,25301,0,21.86881152460984,0.0,1
Hinjewadi,Hadapsar,19,5,1,4378,25475,0,20.947921425308362,0.0,0
Hinjewadi,Hadapsar,19,5,2,5026,32830,0,23.515320334261837,0.0,0
Hinjewadi,Hadapsar,21,5,0,3117,26786,0,30.936669874879694,0.0,1
Hinjewadi,Hadapsar,21,5,1,3301,26535,0,28.93850348379279,0.0,0
Hinjewadi,Hadapsar,21,5,2,3876,30151,0,28.00402476780186,0.0,0
Hinjewadi,Hadapsar,23,5,0,2855,25719,0,32.43026269702277,0.0,1
Hinjewadi,Hadapsar,23,5,1,2926,25475,0,31.34313055365687,0.0,0
Hinjewadi,Hadapsar,23,5,2,3643,33874,0,33.47416964040626,0.0,0
Hinjewadi,Hadapsar,7,6,0,3178,25719,0,29.134172435494023,0.0,1
Hinjewadi,Hadapsar,7,6,1,3292,25475,0,27.8584447144593,0.0,0
Hinjewadi,Hadapsar,7,6,2,4138,33874,0,29.46988883518608,0.0,0
Hinjewadi,Hadapsar,9,6,0,3711,25637,0,24.870169765561844,0.0,1
Hinjewadi,Hadapsar,9,6,1,3854,25475,0,23.79605604566684,0.0,0
Hinjewadi,Hadapsar,9,6,2,4476,31257,0,25.139678284182306,0.0,0
Hinjewadi,Hadapsar,11,6,0,3980,25301,0,22.885326633165825,0.0,1
Hinjewadi,Hadapsar,11,6,1,4076,25475,0,22.5,0.0,0
Hinjewadi,Hadapsar,11,6,2,4703,31257,0,23.926259834148418,0.0,0
Hinjewadi,Hadapsar,13,6,0,3707,26786,0,26.01284057189102,0.0,1
Hinjewadi,Hadapsar,13,6,1,3880,26535,0,24.620103092783506,0.0,0
Hinjewadi,Hadapsar,13,6,2,4339,31229,0,25.91020972574326,0.0,0
Hinjewadi,Hadapsar,15,6,0,3607,25585,0,25.535347934571664,0.0,1
Hinjewadi,Hadapsar,15,6,1,3694,25475,0,24.826746074715754,0.0,0
Hinjewadi,Hadapsar,15,6,2,4301,31257,0,26.162566844919787,0.0,0
Hinjewadi,Hadapsar,17,6,0,4338,25301,0,20.996680497925308,0.0,1
Hinjewadi,Hadapsar,17,6,1,4509,25475,0,20.33932135728543,0.0,0
Hinjewadi,Hadapsar,17,6,2,5585,33702,0,21.72376007162041,0.0,0
Hinjewadi,Hadapsar,19,6,0,4320,25301,0,21.084166666666665,0.0,1
Hinjewadi,Hadapsar,19,6,1,4614,28058,0,21.89180754226268,0.0,0
Hinjewadi,Hadapsar,19,6,2,5099,32830,0,23.17866248283977,0.0,0
Hinjewadi,Hadapsar,21,6,0,3133,25719,0,29.552633258857327,0.0,1
Hinjewadi,Hadapsar,21,6,1,3201,25475,0,28.65042174320525,0.0,0
Hinjewadi,Hadapsar,21,6,2,3923,33874,0,31.08498598011726,0.0,0
Hinjewadi,Hadapsar,23,6,0,2855,25719,0,32.43026269702277,0.0,1
Hinjewadi,Hadapsar,23,6,1,2926,25475,0,31.34313055365687,0.0,0
Hinjewadi,Hadapsar,23,6,2,3643,33874,0,33.47416964040626,0.0,0
Hinjewadi,Hadapsar,7,0,0,3172,25719,0,29.18928121059269,0.0,1
Hinjewadi,Hadapsar,7,0,1,3287,25475,0,27.90082141770612,0.0,0
Hinjewadi,Hadapsar,7,0,2,4083,33874,0,29.866862601028654,0.0,0
Hinjewadi,Hadapsar,9,0,0,3675,25301,0,24.78465306122449,0.0,1
Hinjewadi,Hadapsar,9,0,1,3815,25475,0,24.039318479685452,0.0,0
Hinjewadi,Hadapsar,9,0,2,4445,31257,0,25.315005624296962,0.0,0
Hinjewadi,Hadapsar,11,0,0,3911,25301,0,23.289082076195346,0.0,1
Hinjewadi,Hadapsar,11,0,1,4034,25475,0,22.734258800198315,0.0,0
Hinjewadi,Hadapsar,11,0,2,4684,31257,0,24.02331340734415,0.0,0
Hinjewadi,Hadapsar,13,0,0,3722,26786,0,25.90800644814616,0.0,1
Hinjewadi,Hadapsar,13,0,1,3909,26535,0,24.437452033768224,0.0,0
Hinjewadi,Hadapsar,13,0,2,4373,31229,0,25.708758289503773,0.0,0
Hinjewadi,Hadapsar,15,0,0,3639,25585,0,25.310799670239078,0.0,1
Hinjewadi,Hadapsar,15,0,1,3750,25475,0,24.456,0.0,0
Hinjewadi,Hadapsar,15,0,2,4734,33702,0,25.628897338403043,0.0,0
Hinjewadi,Hadapsar,17,0,0,4339,25301,0,20.991841438119383,0.0,1
Hinjewadi,Hadapsar,17,0,1,4611,25475,0,19.889394925178923,0.0,0
Hinjewadi,Hadapsar,17,0,2,5559,33702,0,21.825364274150026,0.0,0
Hinjewadi,Hadapsar,19,0,0,4366,25301,0,20.862024736601008,0.0,1
Hinjewadi,Hadapsar,19,0,1,4650,28058,0,21.72232258064516,0.0,0
Hinjewadi,Hadapsar,19,0,2,5145,32830,0,22.97142857142857,0.0,0
Hinjewadi,Hadapsar,21,0,0,3147,25719,0,29.421163012392757,0.0,1
Hinjewadi,Hadapsar,21,0,1,3213,25475,0,28.54341736694678,0.0,0
Hinjewadi,Hadapsar,21,0,2,3929,33874,0,31.037515907355562,0.0,0
Hinjewadi,Hadapsar,23,0,0,2855,25719,0,32.43026269702277,0.0,1
Hinjewadi,Hadapsar,23,0,1,2926,25475,0,31.34313055365687,0.0,0
Hinjewadi,Hadapsar,23,0,2,3643,33874,0,33.47416964040626,0.0,0
Hinjewadi,Hadapsar,7,1,0,3151,25719,0,29.38381466201206,0.0,1
Hinjewadi,Hadapsar,7,1,1,3215,25475,0,28.52566096423017,0.0,0
Hinjewadi,Hadapsar,7,1,2,4077,33874,0,29.910816777041944,0.0,0
Hinjewadi,Hadapsar,9,1,0,3601,25301,0,25.29397389613996,0.0,1
Hinjewadi,Hadapsar,9,1,1,3723,25475,0,24.633360193392427,0.0,0
Hinjewadi,Hadapsar,9,1,2,4313,31257,0,26.0897750985393,0.0,0
Hinjewadi,Hadapsar,11,1,0,3907,26786,0,24.681238802149988,0.0,1
Hinjewadi,Hadapsar,11,1,1,4123,26535,0,23.169051661411594,0.0,0
Hinjewadi,Hadapsar,11,1,2,4562,30945,0,24.419552827707147,0.0,0
Hinjewadi,Hadapsar,13,1,0,3677,26786,0,26.22507478923035,0.0,1
Hinjewadi,Hadapsar,13,1,1,3867,26535,0,24.702870442203256,0.0,0
Hinjewadi,Hadapsar,13,1,2,4364,31229,0,25.761778185151236,0.0,0
Hinjewadi,Hadapsar,15,1,0,3608,26786,0,26.726607538802664,0.0,1
Hinjewadi,Hadapsar,15,1,1,3731,26535,0,25.603323505762532,0.0,0
Hinjewadi,Hadapsar,15,1,2,4311,31229,0,26.07849686847599,0.0,0
Hinjewadi,Hadapsar,17,1,0,4179,25585,0,22.040201005025125,0.0,1
Hinjewadi,Hadapsar,17,1,1,4348,25475,0,21.09245630174793,0.0,0
Hinjewadi,Hadapsar,17,1,2,5000,33272,0,23.95584,0.0,0
Hinjewadi,Hadapsar,19,1,0,4180,25301,0,21.79033492822966,0.0,1
Hinjewadi,Hadapsar,19,1,1,4556,28058,0,22.170500438981563,0.0,0
Hinjewadi,Hadapsar,19,1,2,4979,31257,0,22.599959831291425,0.0,0
Hinjewadi,Hadapsar,21,1,0,3127,26786,0,30.837735849056607,0.0,1
Hinjewadi,Hadapsar,21,1,1,3299,26535,0,28.956047287056684,0.0,0
Hinjewadi,Hadapsar,21,1,2,3896,30151,0,27.860266940451744,0.0,0
Hinjewadi,Hadapsar,23,1,0,2855,25719,0,32.43026269702277,0.0,1
Hinjewadi,Hadapsar,23,1,1,2926,25475,0,31.34313055365687,0.0,0
Hinjewadi,Hadapsar,23,1,2,3643,33874,0,33.47416964040626,0.0,0
Hinjewadi,Hadapsar,7,2,0,3144,25719,0,29.449236641221376,0.0,1
Hinjewadi,Hadapsar,7,2,1,3198,25475,0,28.677298311444655,0.0,0
Hinjewadi,Hadapsar,7,2,2,4083,33874,0,29.866862601028654,0.0,0
Hinjewadi,Hadapsar,9,2,0,3564,25637,0,25.895959595959596,0.0,1
Hinjewadi,Hadapsar,9,2,1,3666,25475,0,25.016366612111295,0.0,0
Hinjewadi,Hadapsar,9,2,2,4231,31257,0,26.595414795556604,0.0,0
Hinjewadi,Hadapsar,11,2,0,3851,26786,0,25.040145416774866,0.0,1
Hinjewadi,Hadapsar,11,2,1,4026,26535,0,23.727272727272727,0.0,0
Hinjewadi,Hadapsar,11,2,2,4515,31229,0,24.900199335548173,0.0,0
Hinjewadi,Hadapsar,13,2,0,3721,26786,0,25.914969094329486,0.0,1
Hinjewadi,Hadapsar,13,2,1,3878,26535,0,24.632800412583805,0.0,0
Hinjewadi,Hadapsar,13,2,2,4557,33074,0,26.128242264647792,0.0,0
Hinjewadi,Hadapsar,15,2,0,3625,25585,0,25.408551724137933,0.0,1
Hinjewadi,Hadapsar,15,2,1,3704,25475,0,24.759719222462202,0.0,0
Hinjewadi,Hadapsar,15,2,2,4277,31257,0,26.309375730652327,0.0,0
Hinjewadi,Hadapsar,17,2,0,4285,25301,0,21.256382730455076,0.0,1
Hinjewadi,Hadapsar,17,2,1,4444,25475,0,20.63681368136814,0.0,0
Hinjewadi,Hadapsar,17,2,2,5310,32830,0,22.257627118644066,0.0,0
Hinjewadi,Hadapsar,19,2,0,4325,25301,0,21.05979190751445,0.0,1
Hinjewadi,Hadapsar,19,2,1,4589,28058,0,22.011069949880145,0.0,0
Hinjewadi,Hadapsar,19,2,2,5090,32830,0,23.219646365422395,0.0,0
Hinjewadi,Hadapsar,21,2,0,3157,25719,0,29.327969591384228,0.0,1
Hinjewadi,Hadapsar,21,2,1,3221,25475,0,28.47252406085067,0.0,0
Hinjewadi,Hadapsar,21,2,2,3942,33874,0,30.9351598173516,0.0,0
Hinjewadi,Hadapsar,23,2,0,2855,25719,0,32.43026269702277,0.0,1
Hinjewadi,Hadapsar,23,2,1,2926,25475,0,31.34313055365687,0.0,0
Hinjewadi,Hadapsar,23,2,2,3643,33874,0,33.47416964040626,0.0,0
Hinjewadi,Hadapsar,7,3,0,3012,26786,0,32.015139442231074,0.0,1
Hinjewadi,Hadapsar,7,3,1,3176,26535,0,30.077455919395465,0.0,0
Hinjewadi,Hadapsar,7,3,2,3916,30151,0,27.71797752808989,0.0,0
Hinjewadi,Hadapsar,9,3,0,3276,26786,0,29.435164835164837,0.0,1
Hinjewadi,Hadapsar,9,3,1,3439,26535,0,27.777260831637104,0.0,0
Hinjewadi,Hadapsar,9,3,2,4146,32518,0,28.235600578871203,0.0,0
Hinjewadi,Hadapsar,11,3,0,3583,26786,0,26.913089589729278,0.0,1
Hinjewadi,Hadapsar,11,3,1,3696,26535,0,25.84577922077922,0.0,0
Hinjewadi,Hadapsar,11,3,2,4538,32790,0,26.0123402379903,0.0,0
Hinjewadi,Hadapsar,13,3,0,3700,25475,0,24.786486486486492,0.0,1
Hinjewadi,Hadapsar,13,3,1,3761,25585,0,24.489763360808293,0.0,0
Hinjewadi,Hadapsar,13,3,2,4179,30911,0,26.628284278535535,0.0,0
Hinjewadi,Hadapsar,15,3,0,3747,25475,0,24.4755804643715,0.0,1
Hinjewadi,Hadapsar,15,3,1,3885,25585,0,23.70810810810811,0.0,0
Hinjewadi,Hadapsar,15,3,2,4349,31257,0,25.873810071280754,0.0,0
Hinjewadi,Hadapsar,17,3,0,4030,25475,0,22.75682382133995,0.0,1
Hinjewadi,Hadapsar,17,3,1,4166,25301,0,21.86356216994719,0.0,0
Hinjewadi,Hadapsar,17,3,2,4717,29279,0,22.345643417426327,0.0,0
Hinjewadi,Hadapsar,19,3,0,3900,26786,0,24.725538461538463,0.0,1
Hinjewadi,Hadapsar,19,3,1,4054,26535,0,23.56339417858905,0.0,0
Hinjewadi,Hadapsar,19,3,2,4789,33074,0,24.862476508665694,0.0,0
Hinjewadi,Hadapsar,21,3,0,3124,26786,0,30.867349551856595,0.0,1
Hinjewadi,Hadapsar,21,3,1,3295,26535,0,28.991198786039455,0.0,0
Hinjewadi,Hadapsar,21,3,2,3860,32936,0,30.717512953367876,0.0,0
Hinjewadi,Hadapsar,23,3,0,2855,25719,0,32.43026269702277,0.0,1
Hinjewadi,Hadapsar,23,3,1,2926,25475,0,31.34313055365687,0.0,0
Hinjewadi,Hadapsar,23,3,2,3643,33874,0,33.47416964040626,0.0,0
Hinjewadi,Hadapsar,7,4,0,2957,26786,0,32.61061887047684,0.0,1
Hinjewadi,Hadapsar,7,4,1,3126,26535,0,30.558541266794627,0.0,0
Hinjewadi,Hadapsar,7,4,2,3778,30151,0,28.730439385918476,0.0,0
Hinjewadi,Hadapsar,9,4,0,3091,26786,0,31.196894208993854,0.0,1
Hinjewadi,Hadapsar,9,4,1,3279,26535,0,29.132662397072277,0.0,0
Hinjewadi,Hadapsar,9,4,2,3970,30151,0,27.340957178841307,0.0,0
Hinjewadi,Hadapsar,11,4,0,3271,26786,0,29.480158972791195,0.0,1
Hinjewadi,Hadapsar,11,4,1,3461,26535,0,27.600693441201965,0.0,0
Hinjewadi,Hadapsar,11,4,2,4189,30151,0,25.91157794222965,0.0,0
Hinjewadi,Hadapsar,13,4,0,3332,26786,0,28.94045618247299,0.0,1
Hinjewadi,Hadapsar,13,4,1,3515,26535,0,27.176671408250357,0.0,0
Hinjewadi,Hadapsar,13,4,2,4201,30005,0,25.712449416805523,0.0,0
Hinjewadi,Hadapsar,15,4,0,3414,26786,0,28.245342706502637,0.0,1
Hinjewadi,Hadapsar,15,4,1,3566,26535,0,26.787997756590016,0.0,0
Hinjewadi,Hadapsar,15,4,2,4304,30005,0,25.097118959107807,0.0,0
Hinjewadi,Hadapsar,17,4,0,3615,26786,0,26.674854771784233,0.0,1
Hinjewadi,Hadapsar,17,4,1,3763,26535,0,25.385596598458676,0.0,0
Hinjewadi,Hadapsar,17,4,2,4495,30005,0,24.030700778642935,0.0,0
Hinjewadi,Hadapsar,19,4,0,3499,25301,0,26.031323235210056,0.0,1
Hinjewadi,Hadapsar,19,4,1,3629,25475,0,25.271424634885648,0.0,0
Hinjewadi,Hadapsar,19,4,2,4296,30620,0,25.65921787709497,0.0,0
Hinjewadi,Hadapsar,21,4,0,3040,25719,0,30.456710526315792,0.0,1
Hinjewadi,Hadapsar,21,4,1,3113,25475,0,29.46032765820752,0.0,0
Hinjewadi,Hadapsar,21,4,2,3877,33874,0,31.45380448800619,0.0,0
Hinjewadi,Hadapsar,23,4,0,2855,25719,0,32.43026269702277,0.0,1
Hinjewadi,Hadapsar,23,4,1,2926,25475,0,31.34313055365687,0.0,0
Hinjewadi,Hadapsar,23,4,2,3643,33874,0,33.47416964040626,0.0,0
Hinjewadi,Hadapsar,7,5,0,3148,25719,0,29.411817026683607,0.0,1
Hinjewadi,Hadapsar,7,5,1,3239,25475,0,28.31429453535042,0.0,0
Hinjewadi,Hadapsar,7,5,2,4087,33874,0,29.837631514558357,0.0,0
Hinjewadi,Hadapsar,9,5,0,3595,25301,0,25.33618915159944,0.0,1
Hinjewadi,Hadapsar,9,5,1,3714,25475,0,24.693053311793214,0.0,0
Hinjewadi,Hadapsar,9,5,2,4294,31257,0,26.2052165812762,0.0,0
Hinjewadi,Hadapsar,11,5,0,3842,26786,0,25.098802706923475,0.0,1
Hinjewadi,Hadapsar,11,5,1,4048,26535,0,23.59832015810277,0.0,0
Hinjewadi,Hadapsar,11,5,2,4576,30945,0,24.344842657342657,0.0,0
Hinjewadi,Hadapsar,13,5,0,3586,26786,0,26.89057445621863,0.0,1
Hinjewadi,Hadapsar,13,5,1,3782,26535,0,25.258064516129036,0.0,0
Hinjewadi,Hadapsar,13,5,2,4376,31229,0,25.691133455210238,0.0,0
Hinjewadi,Hadapsar,15,5,0,3569,26786,0,27.018660689268703,0.0,1
Hinjewadi,Hadapsar,15,5,1,3702,26535,0,25.80388978930308,0.0,0
Hinjewadi,Hadapsar,15,5,2,4563,30289,0,23.89664694280079,0.0,0
Hinjewadi,Hadapsar,17,5,0,4203,25585,0,21.914346895074946,0.0,1
Hinjewadi,Hadapsar,17,5,1,4385,25475,0,20.914481185860893,0.0,0
Hinjewadi,Hadapsar,17,5,2,5031,33272,0,23.808228980322003,0.0,0
Hinjewadi,Hadapsar,19,5,0,4165,25301,0,21.86881152460984,0.0,1
Hinjewadi,Hadapsar,19,5,1,4378,25475,0,20.947921425308362,0.0,0
Hinjewadi,Hadapsar,19,5,2,5026,32830,0,23.515320334261837,0.0,0
Hinjewadi,Hadapsar,21,5,0,3117,26786,0,30.936669874879694,0.0,1
Hinjewadi,Hadapsar,21,5,1,3301,26535,0,28.93850348379279,0.0,0
Hinjewadi,Hadapsar,21,5,2,3876,30151,0,28.00402476780186,0.0,0
Hinjewadi,Hadapsar,23,5,0,2855,25719,0,32.43026269702277,0.0,1
Hinjewadi,Hadapsar,23,5,1,2926,25475,0,31.34313055365687,0.0,0
Hinjewadi,Hadapsar,23,5,2,3643,33874,0,33.47416964040626,0.0,0
Hinjewadi,Hadapsar,7,6,0,3178,25719,0,29.134172435494023,0.0,1
Hinjewadi,Hadapsar,7,6,1,3292,25475,0,27.8584447144593,0.0,0
Hinjewadi,Hadapsar,7,6,2,4138,33874,0,29.46988883518608,0.0,0
Hinjewadi,Hadapsar,9,6,0,3711,25637,0,24.870169765561844,0.0,1
Hinjewadi,Hadapsar,9,6,1,3854,25475,0,23.79605604566684,0.0,0
Hinjewadi,Hadapsar,9,6,2,4476,31257,0,25.139678284182306,0.0,0
Hinjewadi,Hadapsar,11,6,0,3980,25301,0,22.885326633165825,0.0,1
Hinjewadi,Hadapsar,11,6,1,4076,25475,0,22.5,0.0,0
Hinjewadi,Hadapsar,11,6,2,4703,31257,0,23.926259834148418,0.0,0
Hinjewadi,Hadapsar,13,6,0,3707,26786,0,26.01284057189102,0.0,1
Hinjewadi,Hadapsar,13,6,1,3880,26535,0,24.620103092783506,0.0,0
Hinjewadi,Hadapsar,13,6,2,4339,31229,0,25.91020972574326,0.0,0
Hinjewadi,Hadapsar,15,6,0,3607,25585,0,25.535347934571664,0.0,1
Hinjewadi,Hadapsar,15,6,1,3694,25475,0,24.826746074715754,0.0,0
Hinjewadi,Hadapsar,15,6,2,4301,31257,0,26.162566844919787,0.0,0
Hinjewadi,Hadapsar,17,6,0,4338,25301,0,20.996680497925308,0.0,1
Hinjewadi,Hadapsar,17,6,1,4509,25475,0,20.33932135728543,0.0,0
Hinjewadi,Hadapsar,17,6,2,5585,33702,0,21.72376007162041,0.0,0
Hinjewadi,Hadapsar,19,6,0,4320,25301,0,21.084166666666665,0.0,1
Hinjewadi,Hadapsar,19,6,1,4614,28058,0,21.89180754226268,0.0,0
Hinjewadi,Hadapsar,19,6,2,5099,32830,0,23.17866248283977,0.0,0
Hinjewadi,Hadapsar,21,6,0,3133,25719,0,29.552633258857327,0.0,1
Hinjewadi,Hadapsar,21,6,1,3201,25475,0,28.65042174320525,0.0,0
Hinjewadi,Hadapsar,21,6,2,3923,33874,0,31.08498598011726,0.0,0
Hinjewadi,Hadapsar,23,6,0,2855,25719,0,32.43026269702277,0.0,1
Hinjewadi,Hadapsar,23,6,1,2926,25475,0,31.34313055365687,0.0,0
Hinjewadi,Hadapsar,23,6,2,3643,33874,0,33.47416964040626,0.0,0
Hinjewadi,University,7,0,0,1458,12455,0,30.753086419753085,0.0,1
Hinjewadi,University,7,0,1,2093,15662,0,26.93893932154802,0.0,0
Hinjewadi,University,7,0,2,1708,14073,0,29.662060889929744,0.0,0
Hinjewadi,University,9,0,0,1704,12455,0,26.31338028169014,0.0,1
Hinjewadi,University,9,0,1,1955,13735,0,25.2920716112532,0.0,0
Hinjewadi,University,9,0,2,2423,18074,0,26.85365249690467,0.0,0
Hinjewadi,University,11,0,0,1760,12455,0,25.476136363636364,0.0,1
Hinjewadi,University,11,0,1,1990,13735,0,24.84723618090452,0.0,0
Hinjewadi,University,11,0,2,2521,18347,0,26.199603332011108,0.0,0
Hinjewadi,University,13,0,0,1688,12455,0,26.562796208530806,0.0,1
Hinjewadi,University,13,0,1,1961,13729,0,25.203671596124426,0.0,0
Hinjewadi,University,13,0,2,2435,18368,0,27.15597535934291,0.0,0
Hinjewadi,University,15,0,0,1635,12455,0,27.423853211009174,0.0,1
Hinjewadi,University,15,0,1,2347,15662,0,24.02351938645079,0.0,0
Hinjewadi,University,15,0,2,1928,13729,0,25.6350622406639,0.0,0
Hinjewadi,University,17,0,0,1913,12455,0,23.438578149503396,0.0,1
Hinjewadi,University,17,0,1,2196,14694,0,24.088524590163935,0.0,0
Hinjewadi,University,17,0,2,2587,18074,0,25.15129493621956,0.0,0
Hinjewadi,University,19,0,0,2159,12455,0,20.76794812413154,0.0,1
Hinjewadi,University,19,0,1,2333,14694,0,22.673981997428204,0.0,0
Hinjewadi,University,19,0,2,2752,18074,0,23.643313953488374,0.0,0
Hinjewadi,University,21,0,0,1542,12455,0,29.07782101167315,0.0,1
Hinjewadi,University,21,0,1,2176,15662,0,25.911397058823532,0.0,0
Hinjewadi,University,21,0,2,1764,14073,0,28.720408163265308,0.0,0
Hinjewadi,University,23,0,0,1356,12455,0,33.06637168141593,0.0,1
Hinjewadi,University,23,0,1,1945,15662,0,28.988791773778924,0.0,0
Hinjewadi,University,23,0,2,1590,14073,0,31.863396226415098,0.0,0
Hinjewadi,University,7,1,0,1440,12455,0,31.1375,0.0,1
Hinjewadi,University,7,1,1,2071,15662,0,27.22510864316755,0.0,0
Hinjewadi,University,7,1,2,1681,14073,0,30.138488994646046,0.0,0
Hinjewadi,University,9,1,0,1682,12455,0,26.65755053507729,0.0,1
Hinjewadi,University,9,1,1,1918,13735,0,25.779979144942647,0.0,0
Hinjewadi,University,9,1,2,2390,18074,0,27.22443514644352,0.0,0
Hinjewadi,University,11,1,0,1758,12455,0,25.505119453924916,0.0,1
Hinjewadi,University,11,1,1,1963,13735,0,25.188996434029548,0.0,0
Hinjewadi,University,11,1,2,2481,18347,0,26.622007255139057,0.0,0
Hinjewadi,University,13,1,0,1679,12455,0,26.705181655747467,0.0,1
Hinjewadi,University,13,1,1,1939,13729,0,25.489633831872094,0.0,0
Hinjewadi,University,13,1,2,2414,18368,0,27.392212096106046,0.0,0
Hinjewadi,University,15,1,0,1615,12455,0,27.763467492260062,0.0,1
Hinjewadi,University,15,1,1,2319,15662,0,24.313583441138423,0.0,0
Hinjewadi,University,15,1,2,1917,13729,0,25.782159624413147,0.0,0
Hinjewadi,University,17,1,0,1880,12455,0,23.849999999999998,0.0,1
Hinjewadi,University,17,1,1,2159,14694,0,24.501343214451133,0.0,0
Hinjewadi,University,17,1,2,2584,18074,0,25.180495356037156,0.0,0
Hinjewadi,University,19,1,0,2063,12455,0,21.734367426078528,0.0,1
Hinjewadi,University,19,1,1,2315,14694,0,22.850280777537797,0.0,0
Hinjewadi,University,19,1,2,2740,18074,0,23.746861313868617,0.0,0
Hinjewadi,University,21,1,0,1526,12455,0,29.382699868938403,0.0,1
Hinjewadi,University,21,1,1,2173,15662,0,25.947169811320755,0.0,0
Hinjewadi,University,21,1,2,1754,14073,0,28.884150513112886,0.0,0
Hinjewadi,University,23,1,0,1356,12455,0,33.06637168141593,0.0,1
Hinjewadi,University,23,1,1,1945,15662,0,28.988791773778924,0.0,0
Hinjewadi,University,23,1,2,1590,14073,0,31.863396226415098,0.0,0
Hinjewadi,University,7,2,0,1428,12455,0,31.399159663865547,0.0,1
Hinjewadi,University,7,2,1,2069,15662,0,27.25142580956984,0.0,0
Hinjewadi,University,7,2,2,1677,14073,0,30.21037567084079,0.0,0
Hinjewadi,University,9,2,0,1664,12455,0,26.945913461538463,0.0,1
Hinjewadi,University,9,2,1,1921,13735,0,25.739718896408117,0.0,0
Hinjewadi,University,9,2,2,2399,15641,0,23.471279699874948,0.0,0
Hinjewadi,University,11,2,0,1748,12455,0,25.65102974828375,0.0,1
Hinjewadi,University,11,2,1,1968,13735,0,25.125,0.0,0
Hinjewadi,University,11,2,2,2478,18347,0,26.654237288135594,0.0,0
Hinjewadi,University,13,2,0,1706,12455,0,26.28253223915592,0.0,1
Hinjewadi,University,13,2,1,1954,13735,0,25.3050153531218,0.0,0
Hinjewadi,University,13,2,2,2434,18347,0,27.136072308956454,0.0,0
Hinjewadi,University,15,2,0,1612,12455,0,27.8151364764268,0.0,1
Hinjewadi,University,15,2,1,1840,14073,0,27.53413043478261,0.0,0
Hinjewadi,University,15,2,2,2346,15913,0,24.41892583120205,0.0,0
Hinjewadi,University,17,2,0,1903,12455,0,23.561744613767733,0.0,1
Hinjewadi,University,17,2,1,2192,14694,0,24.132481751824816,0.0,0
Hinjewadi,University,17,2,2,2666,18074,0,24.406001500375098,0.0,0
Hinjewadi,University,19,2,0,2156,12455,0,20.796846011131723,0.0,1
Hinjewadi,University,19,2,1,2294,14699,0,23.067306015693113,0.0,0
Hinjewadi,University,19,2,2,2814,18074,0,23.122388059701496,0.0,0
Hinjewadi,University,21,2,0,1553,12455,0,28.871860914359306,0.0,1
Hinjewadi,University,21,2,1,2185,15662,0,25.804668192219683,0.0,0
Hinjewadi,University,21,2,2,1776,14073,0,28.52635135135135,0.0,0
Hinjewadi,University,23,2,0,1356,12455,0,33.06637168141593,0.0,1
Hinjewadi,University,23,2,1,1945,15662,0,28.988791773778924,0.0,0
Hinjewadi,University,23,2,2,1590,14073,0,31.863396226415098,0.0,0
Hinjewadi,University,7,3,0,1417,12455,0,31.64290755116443,0.0,1
Hinjewadi,University,7,3,1,2022,15662,0,27.884866468842734,0.0,0
Hinjewadi,University,7,3,2,1662,14073,0,30.48303249097473,0.0,0
Hinjewadi,University,9,3,0,1577,12455,0,28.43246670894103,0.0,1
Hinjewadi,University,9,3,1,2236,15662,0,25.21610017889088,0.0,0
Hinjewadi,University,9,3,2,1882,13735,0,26.273113708820404,0.0,0
Hinjewadi,University,11,3,0,1702,12455,0,26.344300822561692,0.0,1
Hinjewadi,University,11,3,1,1960,13735,0,25.227551020408164,0.0,0
Hinjewadi,University,11,3,2,2424,18347,0,27.2480198019802,0.0,0
Hinjewadi,University,13,3,0,1745,12455,0,25.69512893982808,0.0,1
Hinjewadi,University,13,3,1,1997,13735,0,24.760140210315473,0.0,0
Hinjewadi,University,13,3,2,2500,18347,0,26.419680000000003,0.0,0
Hinjewadi,University,15,3,0,1750,12455,0,25.621714285714287,0.0,1
Hinjewadi,University,15,3,1,1965,13735,0,25.163358778625955,0.0,0
Hinjewadi,University,15,3,2,2551,18347,0,25.89149353194826,0.0,0
Hinjewadi,University,17,3,0,1861,12455,0,24.093498119290704,0.0,1
Hinjewadi,University,17,3,1,2090,13735,0,23.658373205741626,0.0,0
Hinjewadi,University,17,3,2,2733,18347,0,24.167288693743142,0.0,0
Hinjewadi,University,19,3,0,1884,12455,0,23.799363057324843,0.0,1
Hinjewadi,University,19,3,1,2310,14972,0,23.33298701298701,0.0,0
Hinjewadi,University,19,3,2,2529,14411,0,20.513879003558717,0.0,0
Hinjewadi,University,21,3,0,1534,12455,0,29.229465449804433,0.0,1
Hinjewadi,University,21,3,1,2205,15662,0,25.57061224489796,0.0,0
Hinjewadi,University,21,3,2,1777,14073,0,28.510298255486777,0.0,0
Hinjewadi,University,23,3,0,1356,12455,0,33.06637168141593,0.0,1
Hinjewadi,University,23,3,1,1944,15662,0,29.003703703703703,0.0,0
Hinjewadi,University,23,3,2,1590,14073,0,31.863396226415098,0.0,0
Hinjewadi,University,7,4,0,1397,12455,0,32.09591982820329,0.0,1
Hinjewadi,University,7,4,1,2001,15662,0,28.177511244377815,0.0,0
Hinjewadi,University,7,4,2,1640,14073,0,30.891951219512197,0.0,0
Hinjewadi,University,9,4,0,1482,12455,0,30.255060728744937,0.0,1
Hinjewadi,University,9,4,1,2100,15662,0,26.84914285714286,0.0,0
Hinjewadi,University,9,4,2,1725,14073,0,29.369739130434784,0.0,0
Hinjewadi,University,11,4,0,1564,12455,0,28.668797953964194,0.0,1
Hinjewadi,University,11,4,1,2193,15662,0,25.71053351573188,0.0,0
Hinjewadi,University,11,4,2,1854,13735,0,26.669902912621357,0.0,0
Hinjewadi,University,13,4,0,1588,12455,0,28.23551637279597,0.0,1
Hinjewadi,University,13,4,1,2220,15934,0,25.838918918918917,0.0,0
Hinjewadi,University,13,4,2,1872,13735,0,26.413461538461537,0.0,0
Hinjewadi,University,15,4,0,1582,12455,0,28.34260429835651,0.0,1
Hinjewadi,University,15,4,1,2241,15934,0,25.596787148594373,0.0,0
Hinjewadi,University,15,4,2,1860,13735,0,26.58387096774193,0.0,0
Hinjewadi,University,17,4,0,1680,12455,0,26.689285714285713,0.0,1
Hinjewadi,University,17,4,1,1941,13729,0,25.463369397217928,0.0,0
Hinjewadi,University,17,4,2,2377,15934,0,24.1322675641565,0.0,0
Hinjewadi,University,19,4,0,1719,12455,0,26.083769633507856,0.0,1
Hinjewadi,University,19,4,1,1992,13735,0,24.822289156626503,0.0,0
Hinjewadi,University,19,4,2,2437,15934,0,23.538120640131307,0.0,0
Hinjewadi,University,21,4,0,1480,12455,0,30.29594594594595,0.0,1
Hinjewadi,University,21,4,1,2108,15662,0,26.747248576850094,0.0,0
Hinjewadi,University,21,4,2,1722,14073,0,29.42090592334495,0.0,0
Hinjewadi,University,23,4,0,1356,12455,0,33.06637168141593,0.0,1
Hinjewadi,University,23,4,1,1944,15662,0,29.003703703703703,0.0,0
Hinjewadi,University,23,4,2,1590,14073,0,31.863396226415098,0.0,0
Hinjewadi,University,7,5,0,1450,12455,0,30.922758620689656,0.0,1
Hinjewadi,University,7,5,1,2084,15662,0,27.0552783109405,0.0,0
Hinjewadi,University,7,5,2,1690,14073,0,29.977988165680475,0.0,0
Hinjewadi,University,9,5,0,1673,12455,0,26.800956365809924,0.0,1
Hinjewadi,University,9,5,1,1909,13735,0,25.901519119958095,0.0,0
Hinjewadi,University,9,5,2,2388,18074,0,27.247236180904526,0.0,0
Hinjewadi,University,11,5,0,1727,12455,0,25.962941517081646,0.0,1
Hinjewadi,University,11,5,1,1945,13735,0,25.42210796915167,0.0,0
Hinjewadi,University,11,5,2,2455,18347,0,26.903951120162933,0.0,0
Hinjewadi,University,13,5,0,1661,12455,0,26.994581577363032,0.0,1
Hinjewadi,University,13,5,1,1860,14073,0,27.23806451612903,0.0,0
Hinjewadi,University,13,5,2,2408,15913,0,23.790199335548174,0.0,0
Hinjewadi,University,15,5,0,1606,12455,0,27.919053549190537,0.0,1
Hinjewadi,University,15,5,1,2302,15934,0,24.918505647263245,0.0,0
Hinjewadi,University,15,5,2,1826,14073,0,27.745235487404162,0.0,0
Hinjewadi,University,17,5,0,1838,12455,0,24.39499455930359,0.0,1
Hinjewadi,University,17,5,1,2180,14701,0,24.276880733944957,0.0,0
Hinjewadi,University,17,5,2,2549,18074,0,25.526245586504515,0.0,0
Hinjewadi,University,19,5,0,2000,12455,0,22.419,0.0,1
Hinjewadi,University,19,5,1,2290,14699,0,23.10759825327511,0.0,0
Hinjewadi,University,19,5,2,2663,18074,0,24.433496057078486,0.0,0
Hinjewadi,University,21,5,0,1519,12455,0,29.518104015799867,0.0,1
Hinjewadi,University,21,5,1,2148,15662,0,26.249162011173187,0.0,0
Hinjewadi,University,21,5,2,1750,14073,0,28.95017142857143,0.0,0
Hinjewadi,University,23,5,0,1356,12455,0,33.06637168141593,0.0,1
Hinjewadi,University,23,5,1,1945,15662,0,28.988791773778924,0.0,0
Hinjewadi,University,23,5,2,1590,14073,0,31.863396226415098,0.0,0
Hinjewadi,University,7,6,0,1453,12455,0,30.8589125946318,0.0,1
Hinjewadi,University,7,6,1,2091,15662,0,26.964705882352945,0.0,0
Hinjewadi,University,7,6,2,1700,14073,0,29.80164705882353,0.0,0
Hinjewadi,University,9,6,0,1723,12455,0,26.023215322112595,0.0,1
Hinjewadi,University,9,6,1,2444,18074,0,26.622913256955812,0.0,0
Hinjewadi,University,9,6,2,1969,13735,0,25.11223971559167,0.0,0
Hinjewadi,University,11,6,0,1788,12455,0,25.07718120805369,0.0,1
Hinjewadi,University,11,6,1,2161,14331,0,23.87394724664507,0.0,0
Hinjewadi,University,11,6,2,2542,18347,0,25.983162863886704,0.0,0
Hinjewadi,University,13,6,0,1687,12455,0,26.57854179016005,0.0,1
Hinjewadi,University,13,6,1,1970,13735,0,25.0994923857868,0.0,0
Hinjewadi,University,13,6,2,2427,18347,0,27.214338689740423,0.0,0
Hinjewadi,University,15,6,0,1637,12455,0,27.39034819792303,0.0,1
Hinjewadi,University,15,6,1,2340,15662,0,24.095384615384617,0.0,0
Hinjewadi,University,15,6,2,1929,13729,0,25.62177293934681,0.0,0
Hinjewadi,University,17,6,0,1946,12455,0,23.041109969167522,0.0,1
Hinjewadi,University,17,6,1,2202,14694,0,24.022888283378748,0.0,0
Hinjewadi,University,17,6,2,2622,18074,0,24.815560640732265,0.0,0
Hinjewadi,University,19,6,0,2139,12455,0,20.962131837307155,0.0,1
Hinjewadi,University,19,6,1,2313,14699,0,22.877821011673152,0.0,0
Hinjewadi,University,19,6,2,2765,18074,0,23.532151898734178,0.0,0
Hinjewadi,University,21,6,0,1531,12455,0,29.286740692357938,0.0,1
Hinjewadi,University,21,6,1,2166,15662,0,26.031024930747922,0.0,0
Hinjewadi,University,21,6,2,1767,14073,0,28.671646859083193,0.0,0
Hinjewadi,University,23,6,0,1356,12455,0,33.06637168141593,0.0,1
Hinjewadi,University,23,6,1,1945,15662,0,28.988791773778924,0.0,0
Hinjewadi,University,23,6,2,1590,14073,0,31.863396226415098,0.0,0
Hinjewadi,University,7,0,0,1458,12455,0,30.753086419753085,0.0,1
Hinjewadi,University,7,0,1,2093,15662,0,26.93893932154802,0.0,0
Hinjewadi,University,7,0,2,1708,14073,0,29.662060889929744,0.0,0
Hinjewadi,University,9,0,0,1704,12455,0,26.31338028169014,0.0,1
Hinjewadi,University,9,0,1,1955,13735,0,25.2920716112532,0.0,0
Hinjewadi,University,9,0,2,2423,18074,0,26.85365249690467,0.0,0
Hinjewadi,University,11,0,0,1760,12455,0,25.476136363636364,0.0,1
Hinjewadi,University,11,0,1,1990,13735,0,24.84723618090452,0.0,0
Hinjewadi,University,11,0,2,2521,18347,0,26.199603332011108,0.0,0
Hinjewadi,University,13,0,0,1688,12455,0,26.562796208530806,0.0,1
Hinjewadi,University,13,0,1,1961,13729,0,25.203671596124426,0.0,0
Hinjewadi,University,13,0,2,2435,18368,0,27.15597535934291,0.0,0
Hinjewadi,University,15,0,0,1635,12455,0,27.423853211009174,0.0,1
Hinjewadi,University,15,0,1,2347,15662,0,24.02351938645079,0.0,0
Hinjewadi,University,15,0,2,1928,13729,0,25.6350622406639,0.0,0
Hinjewadi,University,17,0,0,1913,12455,0,23.438578149503396,0.0,1
Hinjewadi,University,17,0,1,2196,14694,0,24.088524590163935,0.0,0
Hinjewadi,University,17,0,2,2587,18074,0,25.15129493621956,0.0,0
Hinjewadi,University,19,0,0,2159,12455,0,20.76794812413154,0.0,1
Hinjewadi,University,19,0,1,2333,14694,0,22.673981997428204,0.0,0
Hinjewadi,University,19,0,2,2752,18074,0,23.643313953488374,0.0,0
Hinjewadi,University,21,0,0,1542,12455,0,29.07782101167315,0.0,1
Hinjewadi,University,21,0,1,2176,15662,0,25.911397058823532,0.0,0
Hinjewadi,University,21,0,2,1764,14073,0,28.720408163265308,0.0,0
Hinjewadi,University,23,0,0,1356,12455,0,33.06637168141593,0.0,1
Hinjewadi,University,23,0,1,1945,15662,0,28.988791773778924,0.0,0
Hinjewadi,University,23,0,2,1590,14073,0,31.863396226415098,0.0,0
Hinjewadi,University,7,1,0,1440,12455,0,31.1375,0.0,1
Hinjewadi,University,7,1,1,2071,15662,0,27.22510864316755,0.0,0
Hinjewadi,University,7,1,2,1681,14073,0,30.138488994646046,0.0,0
Hinjewadi,University,9,1,0,1682,12455,0,26.65755053507729,0.0,1
Hinjewadi,University,9,1,1,1918,13735,0,25.779979144942647,0.0,0
Hinjewadi,University,9,1,2,2390,18074,0,27.22443514644352,0.0,0
Hinjewadi,University,11,1,0,1758,12455,0,25.505119453924916,0.0,1
Hinjewadi,University,11,1,1,1963,13735,0,25.188996434029548,0.0,0
Hinjewadi,University,11,1,2,2481,18347,0,26.622007255139057,0.0,0
Hinjewadi,University,13,1,0,1679,12455,0,26.705181655747467,0.0,1
Hinjewadi,University,13,1,1,1939,13729,0,25.489633831872094,0.0,0
Hinjewadi,University,13,1,2,2414,18368,0,27.392212096106046,0.0,0
Hinjewadi,University,15,1,0,1615,12455,0,27.763467492260062,0.0,1
Hinjewadi,University,15,1,1,2319,15662,0,24.313583441138423,0.0,0
Hinjewadi,University,15,1,2,1917,13729,0,25.782159624413147,0.0,0
Hinjewadi,University,17,1,0,1880,12455,0,23.849999999999998,0.0,1
Hinjewadi,University,17,1,1,2159,14694,0,24.501343214451133,0.0,0
Hinjewadi,University,17,1,2,2584,18074,0,25.180495356037156,0.0,0
Hinjewadi,University,19,1,0,2063,12455,0,21.734367426078528,0.0,1
Hinjewadi,University,19,1,1,2315,14694,0,22.850280777537797,0.0,0
Hinjewadi,University,19,1,2,2740,18074,0,23.746861313868617,0.0,0
Hinjewadi,University,21,1,0,1526,12455,0,29.382699868938403,0.0,1
Hinjewadi,University,21,1,1,2173,15662,0,25.947169811320755,0.0,0
Hinjewadi,University,21,1,2,1754,14073,0,28.884150513112886,0.0,0
Hinjewadi,University,23,1,0,1356,12455,0,33.06637168141593,0.0,1
Hinjewadi,University,23,1,1,1945,15662,0,28.988791773778924,0.0,0
Hinjewadi,University,23,1,2,1590,14073,0,31.863396226415098,0.0,0
Hinjewadi,University,7,2,0,1428,12455,0,31.399159663865547,0.0,1
Hinjewadi,University,7,2,1,2069,15662,0,27.25142580956984,0.0,0
Hinjewadi,University,7,2,2,1677,14073,0,30.21037567084079,0.0,0
Hinjewadi,University,9,2,0,1664,12455,0,26.945913461538463,0.0,1
Hinjewadi,University,9,2,1,1921,13735,0,25.739718896408117,0.0,0
Hinjewadi,University,9,2,2,2399,15641,0,23.471279699874948,0.0,0
Hinjewadi,University,11,2,0,1748,12455,0,25.65102974828375,0.0,1
Hinjewadi,University,11,2,1,1968,13735,0,25.125,0.0,0
Hinjewadi,University,11,2,2,2478,18347,0,26.654237288135594,0.0,0
Hinjewadi,University,13,2,0,1706,12455,0,26.28253223915592,0.0,1
Hinjewadi,University,13,2,1,1954,13735,0,25.3050153531218,0.0,0
Hinjewadi,University,13,2,2,2434,18347,0,27.136072308956454,0.0,0
Hinjewadi,University,15,2,0,1612,12455,0,27.8151364764268,0.0,1
Hinjewadi,University,15,2,1,1840,14073,0,27.53413043478261,0.0,0
Hinjewadi,University,15,2,2,2346,15913,0,24.41892583120205,0.0,0
Hinjewadi,University,17,2,0,1903,12455,0,23.561744613767733,0.0,1
Hinjewadi,University,17,2,1,2192,14694,0,24.132481751824816,0.0,0
Hinjewadi,University,17,2,2,2666,18074,0,24.406001500375098,0.0,0
Hinjewadi,University,19,2,0,2156,12455,0,20.796846011131723,0.0,1
Hinjewadi,University,19,2,1,2294,14699,0,23.067306015693113,0.0,0
Hinjewadi,University,19,2,2,2814,18074,0,23.122388059701496,0.0,0
Hinjewadi,University,21,2,0,1553,12455,0,28.871860914359306,0.0,1
Hinjewadi,University,21,2,1,2185,15662,0,25.804668192219683,0.0,0
Hinjewadi,University,21,2,2,1776,14073,0,28.52635135135135,0.0,0
Hinjewadi,University,23,2,0,1356,12455,0,33.06637168141593,0.0,1
Hinjewadi,University,23,2,1,1945,15662,0,28.988791773778924,0.0,0
Hinjewadi,University,23,2,2,1590,14073,0,31.863396226415098,0.0,0
Hinjewadi,University,7,3,0,1417,12455,0,31.64290755116443,0.0,1
Hinjewadi,University,7,3,1,2022,15662,0,27.884866468842734,0.0,0
Hinjewadi,University,7,3,2,1662,14073,0,30.48303249097473,0.0,0
Hinjewadi,University,9,3,0,1577,12455,0,28.43246670894103,0.0,1
Hinjewadi,University,9,3,1,2236,15662,0,25.21610017889088,0.0,0
Hinjewadi,University,9,3,2,1882,13735,0,26.273113708820404,0.0,0
Hinjewadi,University,11,3,0,1702,12455,0,26.344300822561692,0.0,1
Hinjewadi,University,11,3,1,1960,13735,0,25.227551020408164,0.0,0
Hinjewadi,University,11,3,2,2424,18347,0,27.2480198019802,0.0,0
Hinjewadi,University,13,3,0,1745,12455,0,25.69512893982808,0.0,1
Hinjewadi,University,13,3,1,1997,13735,0,24.760140210315473,0.0,0
Hinjewadi,University,13,3,2,2500,18347,0,26.419680000000003,0.0,0
Hinjewadi,University,15,3,0,1750,12455,0,25.621714285714287,0.0,1
Hinjewadi,University,15,3,1,1965,13735,0,25.163358778625955,0.0,0
Hinjewadi,University,15,3,2,2551,18347,0,25.89149353194826,0.0,0
Hinjewadi,University,17,3,0,1861,12455,0,24.093498119290704,0.0,1
Hinjewadi,University,17,3,1,2090,13735,0,23.658373205741626,0.0,0
Hinjewadi,University,17,3,2,2733,18347,0,24.167288693743142,0.0,0
Hinjewadi,University,19,3,0,1884,12455,0,23.799363057324843,0.0,1
Hinjewadi,University,19,3,1,2310,14972,0,23.33298701298701,0.0,0
Hinjewadi,University,19,3,2,2529,14411,0,20.513879003558717,0.0,0
Hinjewadi,University,21,3,0,1534,12455,0,29.229465449804433,0.0,1
Hinjewadi,University,21,3,1,2205,15662,0,25.57061224489796,0.0,0
Hinjewadi,University,21,3,2,1777,14073,0,28.510298255486777,0.0,0
Hinjewadi,University,23,3,0,1356,12455,0,33.06637168141593,0.0,1
Hinjewadi,University,23,3,1,1944,15662,0,29.003703703703703,0.0,0
Hinjewadi,University,23,3,2,1590,14073,0,31.863396226415098,0.0,0
Hinjewadi,University,7,4,0,1397,12455,0,32.09591982820329,0.0,1
Hinjewadi,University,7,4,1,2001,15662,0,28.177511244377815,0.0,0
Hinjewadi,University,7,4,2,1640,14073,0,30.891951219512197,0.0,0
Hinjewadi,University,9,4,0,1482,12455,0,30.255060728744937,0.0,1
Hinjewadi,University,9,4,1,2100,15662,0,26.84914285714286,0.0,0
Hinjewadi,University,9,4,2,1725,14073,0,29.369739130434784,0.0,0
Hinjewadi,University,11,4,0,1564,12455,0,28.668797953964194,0.0,1
Hinjewadi,University,11,4,1,2193,15662,0,25.71053351573188,0.0,0
Hinjewadi,University,11,4,2,1854,13735,0,26.669902912621357,0.0,0
Hinjewadi,University,13,4,0,1588,12455,0,28.23551637279597,0.0,1
Hinjewadi,University,13,4,1,2220,15934,0,25.838918918918917,0.0,0
Hinjewadi,University,13,4,2,1872,13735,0,26.413461538461537,0.0,0
Hinjewadi,University,15,4,0,1582,12455,0,28.34260429835651,0.0,1
Hinjewadi,University,15,4,1,2241,15934,0,25.596787148594373,0.0,0
Hinjewadi,University,15,4,2,1860,13735,0,26.58387096774193,0.0,0
Hinjewadi,University,17,4,0,1680,12455,0,26.689285714285713,0.0,1
Hinjewadi,University,17,4,1,1941,13729,0,25.463369397217928,0.0,0
Hinjewadi,University,17,4,2,2377,15934,0,24.1322675641565,0.0,0
Hinjewadi,University,19,4,0,1719,12455,0,26.083769633507856,0.0,1
Hinjewadi,University,19,4,1,1992,13735,0,24.822289156626503,0.0,0
Hinjewadi,University,19,4,2,2437,15934,0,23.538120640131307,0.0,0
Hinjewadi,University,21,4,0,1480,12455,0,30.29594594594595,0.0,1
Hinjewadi,University,21,4,1,2108,15662,0,26.747248576850094,0.0,0
Hinjewadi,University,21,4,2,1722,14073,0,29.42090592334495,0.0,0
Hinjewadi,University,23,4,0,1356,12455,0,33.06637168141593,0.0,1
Hinjewadi,University,23,4,1,1944,15662,0,29.003703703703703,0.0,0
Hinjewadi,University,23,4,2,1590,14073,0,31.863396226415098,0.0,0
Hinjewadi,University,7,5,0,1450,12455,0,30.922758620689656,0.0,1
Hinjewadi,University,7,5,1,2084,15662,0,27.0552783109405,0.0,0
Hinjewadi,University,7,5,2,1690,14073,0,29.977988165680475,0.0,0
Hinjewadi,University,9,5,0,1673,12455,0,26.800956365809924,0.0,1
Hinjewadi,University,9,5,1,1909,13735,0,25.901519119958095,0.0,0
Hinjewadi,University,9,5,2,2388,18074,0,27.247236180904526,0.0,0
Hinjewadi,University,11,5,0,1727,12455,0,25.962941517081646,0.0,1
Hinjewadi,University,11,5,1,1945,13735,0,25.42210796915167,0.0,0
Hinjewadi,University,11,5,2,2455,18347,0,26.903951120162933,0.0,0
Hinjewadi,University,13,5,0,1661,12455,0,26.994581577363032,0.0,1
Hinjewadi,University,13,5,1,1860,14073,0,27.23806451612903,0.0,0
Hinjewadi,University,13,5,2,2408,15913,0,23.790199335548174,0.0,0
Hinjewadi,University,15,5,0,1606,12455,0,27.919053549190537,0.0,1
Hinjewadi,University,15,5,1,2302,15934,0,24.918505647263245,0.0,0
Hinjewadi,University,15,5,2,1826,14073,0,27.745235487404162,0.0,0
Hinjewadi,University,17,5,0,1838,12455,0,24.39499455930359,0.0,1
Hinjewadi,University,17,5,1,2180,14701,0,24.276880733944957,0.0,0
Hinjewadi,University,17,5,2,2549,18074,0,25.526245586504515,0.0,0
Hinjewadi,University,19,5,0,2000,12455,0,22.419,0.0,1
Hinjewadi,University,19,5,1,2290,14699,0,23.10759825327511,0.0,0
Hinjewadi,University,19,5,2,2663,18074,0,24.433496057078486,0.0,0
Hinjewadi,University,21,5,0,1519,12455,0,29.518104015799867,0.0,1
Hinjewadi,University,21,5,1,2148,15662,0,26.249162011173187,0.0,0
Hinjewadi,University,21,5,2,1750,14073,0,28.95017142857143,0.0,0
Hinjewadi,University,23,5,0,1356,12455,0,33.06637168141593,0.0,1
Hinjewadi,University,23,5,1,1945,15662,0,28.988791773778924,0.0,0
Hinjewadi,University,23,5,2,1590,14073,0,31.863396226415098,0.0,0
Hinjewadi,University,7,6,0,1453,12455,0,30.8589125946318,0.0,1
Hinjewadi,University,7,6,1,2091,15662,0,26.964705882352945,0.0,0
Hinjewadi,University,7,6,2,1700,14073,0,29.80164705882353,0.0,0
Hinjewadi,University,9,6,0,1723,12455,0,26.023215322112595,0.0,1
Hinjewadi,University,9,6,1,2444,18074,0,26.622913256955812,0.0,0
Hinjewadi,University,9,6,2,1969,13735,0,25.11223971559167,0.0,0
Hinjewadi,University,11,6,0,1788,12455,0,25.07718120805369,0.0,1
Hinjewadi,University,11,6,1,2161,14331,0,23.87394724664507,0.0,0
Hinjewadi,University,11,6,2,2542,18347,0,25.983162863886704,0.0,0
Hinjewadi,University,13,6,0,1687,12455,0,26.57854179016005,0.0,1
Hinjewadi,University,13,6,1,1970,13735,0,25.0994923857868,0.0,0
Hinjewadi,University,13,6,2,2427,18347,0,27.214338689740423,0.0,0
Hinjewadi,University,15,6,0,1637,12455,0,27.39034819792303,0.0,1
Hinjewadi,University,15,6,1,2340,15662,0,24.095384615384617,0.0,0
Hinjewadi,University,15,6,2,1929,13729,0,25.62177293934681,0.0,0
Hinjewadi,University,17,6,0,1946,12455,0,23.041109969167522,0.0,1
Hinjewadi,University,17,6,1,2202,14694,0,24.022888283378748,0.0,0
Hinjewadi,University,17,6,2,2622,18074,0,24.815560640732265,0.0,0
Hinjewadi,University,19,6,0,2139,12455,0,20.962131837307155,0.0,1
Hinjewadi,University,19,6,1,2313,14699,0,22.877821011673152,0.0,0
Hinjewadi,University,19,6,2,2765,18074,0,23.532151898734178,0.0,0
Hinjewadi,University,21,6,0,1531,12455,0,29.286740692357938,0.0,1
Hinjewadi,University,21,6,1,2166,15662,0,26.031024930747922,0.0,0
Hinjewadi,University,21,6,2,1767,14073,0,28.671646859083193,0.0,0
Hinjewadi,University,23,6,0,1356,12455,0,33.06637168141593,0.0,1
Hinjewadi,University,23,6,1,1945,15662,0,28.988791773778924,0.0,0
Hinjewadi,University,23,6,2,1590,14073,0,31.863396226415098,0.0,0
Hinjewadi,University,7,0,0,1458,12455,0,30.753086419753085,0.0,1
Hinjewadi,University,7,0,1,2093,15662,0,26.93893932154802,0.0,0
Hinjewadi,University,7,0,2,1708,14073,0,29.662060889929744,0.0,0
Hinjewadi,University,9,0,0,1704,12455,0,26.31338028169014,0.0,1
Hinjewadi,University,9,0,1,1955,13735,0,25.2920716112532,0.0,0
Hinjewadi,University,9,0,2,2423,18074,0,26.85365249690467,0.0,0
Hinjewadi,University,11,0,0,1760,12455,0,25.476136363636364,0.0,1
Hinjewadi,University,11,0,1,1990,13735,0,24.84723618090452,0.0,0
Hinjewadi,University,11,0,2,2521,18347,0,26.199603332011108,0.0,0
Hinjewadi,University,13,0,0,1688,12455,0,26.562796208530806,0.0,1
Hinjewadi,University,13,0,1,1961,13729,0,25.203671596124426,0.0,0
Hinjewadi,University,13,0,2,2435,18368,0,27.15597535934291,0.0,0
Hinjewadi,University,15,0,0,1635,12455,0,27.423853211009174,0.0,1
Hinjewadi,University,15,0,1,2347,15662,0,24.02351938645079,0.0,0
Hinjewadi,University,15,0,2,1928,13729,0,25.6350622406639,0.0,0
Hinjewadi,University,17,0,0,1913,12455,0,23.438578149503396,0.0,1
Hinjewadi,University,17,0,1,2196,14694,0,24.088524590163935,0.0,0
Hinjewadi,University,17,0,2,2587,18074,0,25.15129493621956,0.0,0
Hinjewadi,University,19,0,0,2159,12455,0,20.76794812413154,0.0,1
Hinjewadi,University,19,0,1,2333,14694,0,22.673981997428204,0.0,0
Hinjewadi,University,19,0,2,2752,18074,0,23.643313953488374,0.0,0
Hinjewadi,University,21,0,0,1542,12455,0,29.07782101167315,0.0,1
Hinjewadi,University,21,0,1,2176,15662,0,25.911397058823532,0.0,0
Hinjewadi,University,21,0,2,1764,14073,0,28.720408163265308,0.0,0
Hinjewadi,University,23,0,0,1356,12455,0,33.06637168141593,0.0,1
Hinjewadi,University,23,0,1,1945,15662,0,28.988791773778924,0.0,0
Hinjewadi,University,23,0,2,1590,14073,0,31.863396226415098,0.0,0
Hinjewadi,University,7,1,0,1440,12455,0,31.1375,0.0,1
Hinjewadi,University,7,1,1,2071,15662,0,27.22510864316755,0.0,0
Hinjewadi,University,7,1,2,1681,14073,0,30.138488994646046,0.0,0
Hinjewadi,University,9,1,0,1682,12455,0,26.65755053507729,0.0,1
Hinjewadi,University,9,1,1,1918,13735,0,25.779979144942647,0.0,0
Hinjewadi,University,9,1,2,2390,18074,0,27.22443514644352,0.0,0
Hinjewadi,University,11,1,0,1758,12455,0,25.505119453924916,0.0,1
Hinjewadi,University,11,1,1,1963,13735,0,25.188996434029548,0.0,0
Hinjewadi,University,11,1,2,2481,18347,0,26.622007255139057,0.0,0
Hinjewadi,University,13,1,0,1679,12455,0,26.705181655747467,0.0,1
Hinjewadi,University,13,1,1,1939,13729,0,25.489633831872094,0.0,0
Hinjewadi,University,13,1,2,2414,18368,0,27.392212096106046,0.0,0
Hinjewadi,University,15,1,0,1615,12455,0,27.763467492260062,0.0,1
Hinjewadi,University,15,1,1,2319,15662,0,24.313583441138423,0.0,0
Hinjewadi,University,15,1,2,1917,13729,0,25.782159624413147,0.0,0
Hinjewadi,University,17,1,0,1880,12455,0,23.849999999999998,0.0,1
Hinjewadi,University,17,1,1,2159,14694,0,24.501343214451133,0.0,0
Hinjewadi,University,17,1,2,2584,18074,0,25.180495356037156,0.0,0
Hinjewadi,University,19,1,0,2063,12455,0,21.734367426078528,0.0,1
Hinjewadi,University,19,1,1,2315,14694,0,22.850280777537797,0.0,0
Hinjewadi,University,19,1,2,2740,18074,0,23.746861313868617,0.0,0
Hinjewadi,University,21,1,0,1526,12455,0,29.382699868938403,0.0,1
Hinjewadi,University,21,1,1,2173,15662,0,25.947169811320755,0.0,0
Hinjewadi,University,21,1,2,1754,14073,0,28.884150513112886,0.0,0
Hinjewadi,University,23,1,0,1356,12455,0,33.06637168141593,0.0,1
Hinjewadi,University,23,1,1,1945,15662,0,28.988791773778924,0.0,0
Hinjewadi,University,23,1,2,1590,14073,0,31.863396226415098,0.0,0
Hinjewadi,University,7,2,0,1428,12455,0,31.399159663865547,0.0,1
Hinjewadi,University,7,2,1,2069,15662,0,27.25142580956984,0.0,0
Hinjewadi,University,7,2,2,1677,14073,0,30.21037567084079,0.0,0
Hinjewadi,University,9,2,0,1664,12455,0,26.945913461538463,0.0,1
Hinjewadi,University,9,2,1,1921,13735,0,25.739718896408117,0.0,0
Hinjewadi,University,9,2,2,2399,15641,0,23.471279699874948,0.0,0
Hinjewadi,University,11,2,0,1748,12455,0,25.65102974828375,0.0,1
Hinjewadi,University,11,2,1,1968,13735,0,25.125,0.0,0
Hinjewadi,University,11,2,2,2478,18347,0,26.654237288135594,0.0,0
Hinjewadi,University,13,2,0,1706,12455,0,26.28253223915592,0.0,1
Hinjewadi,University,13,2,1,1954,13735,0,25.3050153531218,0.0,0
Hinjewadi,University,13,2,2,2434,18347,0,27.136072308956454,0.0,0
Hinjewadi,University,15,2,0,1612,12455,0,27.8151364764268,0.0,1
Hinjewadi,University,15,2,1,1840,14073,0,27.53413043478261,0.0,0
Hinjewadi,University,15,2,2,2346,15913,0,24.41892583120205,0.0,0
Hinjewadi,University,17,2,0,1903,12455,0,23.561744613767733,0.0,1
Hinjewadi,University,17,2,1,2192,14694,0,24.132481751824816,0.0,0
Hinjewadi,University,17,2,2,2666,18074,0,24.406001500375098,0.0,0
Hinjewadi,University,19,2,0,2156,12455,0,20.796846011131723,0.0,1
Hinjewadi,University,19,2,1,2294,14699,0,23.067306015693113,0.0,0
Hinjewadi,University,19,2,2,2814,18074,0,23.122388059701496,0.0,0
Hinjewadi,University,21,2,0,1553,12455,0,28.871860914359306,0.0,1
Hinjewadi,University,21,2,1,2185,15662,0,25.804668192219683,0.0,0
Hinjewadi,University,21,2,2,1776,14073,0,28.52635135135135,0.0,0
Hinjewadi,University,23,2,0,1356,12455,0,33.06637168141593,0.0,1
Hinjewadi,University,23,2,1,1945,15662,0,28.988791773778924,0.0,0
Hinjewadi,University,23,2,2,1590,14073,0,31.863396226415098,0.0,0
Hinjewadi,University,7,3,0,1417,12455,0,31.64290755116443,0.0,1
Hinjewadi,University,7,3,1,2022,15662,0,27.884866468842734,0.0,0
Hinjewadi,University,7,3,2,1662,14073,0,30.48303249097473,0.0,0
Hinjewadi,University,9,3,0,1577,12455,0,28.43246670894103,0.0,1
Hinjewadi,University,9,3,1,2236,15662,0,25.21610017889088,0.0,0
Hinjewadi,University,9,3,2,1882,13735,0,26.273113708820404,0.0,0
Hinjewadi,University,11,3,0,1702,12455,0,26.344300822561692,0.0,1
Hinjewadi,University,11,3,1,1960,13735,0,25.227551020408164,0.0,0
Hinjewadi,University,11,3,2,2424,18347,0,27.2480198019802,0.0,0
Hinjewadi,University,13,3,0,1745,12455,0,25.69512893982808,0.0,1
Hinjewadi,University,13,3,1,1997,13735,0,24.760140210315473,0.0,0
Hinjewadi,University,13,3,2,2500,18347,0,26.419680000000003,0.0,0
Hinjewadi,University,15,3,0,1750,12455,0,25.621714285714287,0.0,1
Hinjewadi,University,15,3,1,1965,13735,0,25.163358778625955,0.0,0
Hinjewadi,University,15,3,2,2551,18347,0,25.89149353194826,0.0,0
Hinjewadi,University,17,3,0,1861,12455,0,24.093498119290704,0.0,1
Hinjewadi,University,17,3,1,2090,13735,0,23.658373205741626,0.0,0
Hinjewadi,University,17,3,2,2733,18347,0,24.167288693743142,0.0,0
Hinjewadi,University,19,3,0,1884,12455,0,23.799363057324843,0.0,1
Hinjewadi,University,19,3,1,2310,14972,0,23.33298701298701,0.0,0
Hinjewadi,University,19,3,2,2529,14411,0,20.513879003558717,0.0,0
Hinjewadi,University,21,3,0,1534,12455,0,29.229465449804433,0.0,1
Hinjewadi,University,21,3,1,2205,15662,0,25.57061224489796,0.0,0
Hinjewadi,University,21,3,2,1777,14073,0,28.510298255486777,0.0,0
Hinjewadi,University,23,3,0,1356,12455,0,33.06637168141593,0.0,1
Hinjewadi,University,23,3,1,1944,15662,0,29.003703703703703,0.0,0
Hinjewadi,University,23,3,2,1590,14073,0,31.863396226415098,0.0,0
Hinjewadi,University,7,4,0,1397,12455,0,32.09591982820329,0.0,1
Hinjewadi,University,7,4,1,2001,15662,0,28.177511244377815,0.0,0
Hinjewadi,University,7,4,2,1640,14073,0,30.891951219512197,0.0,0
Hinjewadi,University,9,4,0,1482,12455,0,30.255060728744937,0.0,1
Hinjewadi,University,9,4,1,2100,15662,0,26.84914285714286,0.0,0
Hinjewadi,University,9,4,2,1725,14073,0,29.369739130434784,0.0,0
Hinjewadi,University,11,4,0,1564,12455,0,28.668797953964194,0.0,1
Hinjewadi,University,11,4,1,2193,15662,0,25.71053351573188,0.0,0
Hinjewadi,University,11,4,2,1854,13735,0,26.669902912621357,0.0,0
Hinjewadi,University,13,4,0,1588,12455,0,28.23551637279597,0.0,1
Hinjewadi,University,13,4,1,2220,15934,0,25.838918918918917,0.0,0
Hinjewadi,University,13,4,2,1872,13735,0,26.413461538461537,0.0,0
Hinjewadi,University,15,4,0,1582,12455,0,28.34260429835651,0.0,1
Hinjewadi,University,15,4,1,2241,15934,0,25.596787148594373,0.0,0
Hinjewadi,University,15,4,2,1860,13735,0,26.58387096774193,0.0,0
Hinjewadi,University,17,4,0,1680,12455,0,26.689285714285713,0.0,1
Hinjewadi,University,17,4,1,1941,13729,0,25.463369397217928,0.0,0
Hinjewadi,University,17,4,2,2377,15934,0,24.1322675641565,0.0,0
Hinjewadi,University,19,4,0,1719,12455,0,26.083769633507856,0.0,1
Hinjewadi,University,19,4,1,1992,13735,0,24.822289156626503,0.0,0
Hinjewadi,University,19,4,2,2437,15934,0,23.538120640131307,0.0,0
Hinjewadi,University,21,4,0,1480,12455,0,30.29594594594595,0.0,1
Hinjewadi,University,21,4,1,2108,15662,0,26.747248576850094,0.0,0
Hinjewadi,University,21,4,2,1722,14073,0,29.42090592334495,0.0,0
Hinjewadi,University,23,4,0,1356,12455,0,33.06637168141593,0.0,1
Hinjewadi,University,23,4,1,1944,15662,0,29.003703703703703,0.0,0
Hinjewadi,University,23,4,2,1590,14073,0,31.863396226415098,0.0,0
Hinjewadi,University,7,5,0,1450,12455,0,30.922758620689656,0.0,1
Hinjewadi,University,7,5,1,2084,15662,0,27.0552783109405,0.0,0
Hinjewadi,University,7,5,2,1690,14073,0,29.977988165680475,0.0,0
Hinjewadi,University,9,5,0,1673,12455,0,26.800956365809924,0.0,1
Hinjewadi,University,9,5,1,1909,13735,0,25.901519119958095,0.0,0
Hinjewadi,University,9,5,2,2388,18074,0,27.247236180904526,0.0,0
Hinjewadi,University,11,5,0,1727,12455,0,25.962941517081646,0.0,1
Hinjewadi,University,11,5,1,1945,13735,0,25.42210796915167,0.0,0
Hinjewadi,University,11,5,2,2455,18347,0,26.903951120162933,0.0,0
Hinjewadi,University,13,5,0,1661,12455,0,26.994581577363032,0.0,1
Hinjewadi,University,13,5,1,1860,14073,0,27.23806451612903,0.0,0
Hinjewadi,University,13,5,2,2408,15913,0,23.790199335548174,0.0,0
Hinjewadi,University,15,5,0,1606,12455,0,27.919053549190537,0.0,1
Hinjewadi,University,15,5,1,2302,15934,0,24.918505647263245,0.0,0
Hinjewadi,University,15,5,2,1826,14073,0,27.745235487404162,0.0,0
Hinjewadi,University,17,5,0,1838,12455,0,24.39499455930359,0.0,1
Hinjewadi,University,17,5,1,2180,14701,0,24.276880733944957,0.0,0
Hinjewadi,University,17,5,2,2549,18074,0,25.526245586504515,0.0,0
Hinjewadi,University,19,5,0,2000,12455,0,22.419,0.0,1
Hinjewadi,University,19,5,1,2290,14699,0,23.10759825327511,0.0,0
Hinjewadi,University,19,5,2,2663,18074,0,24.433496057078486,0.0,0
Hinjewadi,University,21,5,0,1519,12455,0,29.518104015799867,0.0,1
Hinjewadi,University,21,5,1,2148,15662,0,26.249162011173187,0.0,0
Hinjewadi,University,21,5,2,1750,14073,0,28.95017142857143,0.0,0
Hinjewadi,University,23,5,0,1356,12455,0,33.06637168141593,0.0,1
Hinjewadi,University,23,5,1,1945,15662,0,28.988791773778924,0.0,0
Hinjewadi,University,23,5,2,1590,14073,0,31.863396226415098,0.0,0
Hinjewadi,University,7,6,0,1453,12455,0,30.8589125946318,0.0,1
Hinjewadi,University,7,6,1,2091,15662,0,26.964705882352945,0.0,0
Hinjewadi,University,7,6,2,1700,14073,0,29.80164705882353,0.0,0
Hinjewadi,University,9,6,0,1723,12455,0,26.023215322112595,0.0,1
Hinjewadi,University,9,6,1,2444,18074,0,26.622913256955812,0.0,0
Hinjewadi,University,9,6,2,1969,13735,0,25.11223971559167,0.0,0
Hinjewadi,University,11,6,0,1788,12455,0,25.07718120805369,0.0,1
Hinjewadi,University,11,6,1,2161,14331,0,23.87394724664507,0.0,0
Hinjewadi,University,11,6,2,2542,18347,0,25.983162863886704,0.0,0
Hinjewadi,University,13,6,0,1687,12455,0,26.57854179016005,0.0,1
Hinjewadi,University,13,6,1,1970,13735,0,25.0994923857868,0.0,0
Hinjewadi,University,13,6,2,2427,18347,0,27.214338689740423,0.0,0
Hinjewadi,University,15,6,0,1637,12455,0,27.39034819792303,0.0,1
Hinjewadi,University,15,6,1,2340,15662,0,24.095384615384617,0.0,0
Hinjewadi,University,15,6,2,1929,13729,0,25.62177293934681,0.0,0
Hinjewadi,University,17,6,0,1946,12455,0,23.041109969167522,0.0,1
Hinjewadi,University,17,6,1,2202,14694,0,24.022888283378748,0.0,0
Hinjewadi,University,17,6,2,2622,18074,0,24.815560640732265,0.0,0
Hinjewadi,University,19,6,0,2139,12455,0,20.962131837307155,0.0,1
Hinjewadi,University,19,6,1,2313,14699,0,22.877821011673152,0.0,0
Hinjewadi,University,19,6,2,2765,18074,0,23.532151898734178,0.0,0
Hinjewadi,University,21,6,0,1531,12455,0,29.286740692357938,0.0,1
Hinjewadi,University,21,6,1,2166,15662,0,26.031024930747922,0.0,0
Hinjewadi,University,21,6,2,1767,14073,0,28.671646859083193,0.0,0
Hinjewadi,University,23,6,0,1356,12455,0,33.06637168141593,0.0,1
Hinjewadi,University,23,6,1,1945,15662,0,28.988791773778924,0.0,0
Hinjewadi,University,23,6,2,1590,14073,0,31.863396226415098,0.0,0
