origin,destination,hour,minute,day_of_week,route_id,travel_time,distance,traffic_delay,avg_speed,delay_ratio,is_best_route
Kothrud,Swargate,6,30,0,0,1026,6976,0,24.477192982456142,0.0,1
Kothrud,Swargate,6,30,0,1,1222,7243,0,21.337806873977087,0.0,0
Kothrud,Swargate,6,30,0,2,1212,7350,0,21.83168316831683,0.0,0
Kothrud,Swargate,7,30,0,0,1144,6976,0,21.952447552447552,0.0,1
Kothrud,Swargate,7,30,0,1,1318,7243,0,19.78361153262519,0.0,0
Kothrud,Swargate,7,30,0,2,1312,7350,0,20.167682926829265,0.0,0
Kothrud,Swargate,8,30,0,0,1315,6976,0,19.097794676806085,0.0,1
Kothrud,Swargate,8,30,0,1,1483,7243,0,17.582467970330413,0.0,0
Kothrud,Swargate,8,30,0,2,1469,7333,0,17.97059223961879,0.0,0
Kothrud,Swargate,9,30,0,0,1435,6976,0,17.50076655052265,0.0,1
Kothrud,Swargate,9,30,0,1,1559,7318,0,16.89852469531751,0.0,0
Kothrud,Swargate,9,30,0,2,1546,7325,0,17.056921086675292,0.0,0
Kothrud,Swargate,10,30,0,0,1524,7240,0,17.10236220472441,0.0,1
Kothrud,Swargate,10,30,0,1,1633,7361,0,16.227556644213102,0.0,0
Kothrud,Swargate,10,30,0,2,1660,7427,0,16.106746987951805,0.0,0
Kothrud,Swargate,11,30,0,0,1586,7261,0,16.48146279949559,0.0,1
Kothrud,Swargate,11,30,0,1,1714,7361,0,15.460676779463244,0.0,0
Kothrud,Swargate,11,30,0,2,1781,7427,0,15.012464907355417,0.0,0
Kothrud,Swargate,12,30,0,0,1583,7261,0,16.512697409981048,0.0,1
Kothrud,Swargate,12,30,0,1,1737,7361,0,15.255958549222798,0.0,0
Kothrud,Swargate,12,30,0,2,1809,7427,0,14.780099502487563,0.0,0
Kothrud,Swargate,13,30,0,0,1518,7327,0,17.376284584980237,0.0,1
Kothrud,Swargate,13,30,0,1,1707,7349,0,15.498769771528998,0.0,0
Kothrud,Swargate,13,30,0,2,1766,7427,0,15.139977349943374,0.0,0
Kothrud,Swargate,14,30,0,0,1440,7268,0,18.169999999999998,0.0,1
Kothrud,Swargate,14,30,0,1,1627,7416,0,16.409096496619547,0.0,0
Kothrud,Swargate,14,30,0,2,1726,7427,0,15.49084588644264,0.0,0
Kothrud,Swargate,15,30,0,0,1425,7226,0,18.255157894736843,0.0,1
Kothrud,Swargate,15,30,0,1,1601,7373,0,16.5788881948782,0.0,0
Kothrud,Swargate,15,30,0,2,1721,7427,0,15.535851249273676,0.0,0
Kothrud,Swargate,16,30,0,0,1512,7223,0,17.19761904761905,0.0,1
Kothrud,Swargate,16,30,0,1,1679,7384,0,15.832281119714116,0.0,0
Kothrud,Swargate,16,30,0,2,1780,7427,0,15.020898876404493,0.0,0
Kothrud,Swargate,17,30,0,0,1590,7218,0,16.342641509433964,0.0,1
Kothrud,Swargate,17,30,0,1,1786,7285,0,14.68421052631579,0.0,0
Kothrud,Swargate,17,30,0,2,1829,7427,0,14.618480043739746,0.0,0
Kothrud,Swargate,18,30,0,0,1617,7218,0,16.069758812615955,0.0,1
Kothrud,Swargate,18,30,0,1,1838,7285,0,14.268770402611535,0.0,0
Kothrud,Swargate,18,30,0,2,1806,7427,0,14.804651162790696,0.0,0
Kothrud,Swargate,19,30,0,0,1549,6976,0,16.212782440284055,0.0,1
Kothrud,Swargate,19,30,0,1,1780,7202,0,14.565842696629213,0.0,0
Kothrud,Swargate,19,30,0,2,1684,7404,0,15.828028503562944,0.0,0
Kothrud,Swargate,20,30,0,0,1336,6976,0,18.79760479041916,0.0,1
Kothrud,Swargate,20,30,0,1,1486,7152,0,17.32651413189771,0.0,0
Kothrud,Swargate,20,30,0,2,1385,7385,0,19.1956678700361,0.0,0
Kothrud,Swargate,21,30,0,0,1068,6976,0,23.514606741573033,0.0,1
Kothrud,Swargate,21,30,0,1,1209,7152,0,21.296277915632757,0.0,0
Kothrud,Swargate,21,30,0,2,1151,7301,0,22.835447437011293,0.0,0
Kothrud,Swargate,22,30,0,0,987,6976,0,25.44437689969605,0.0,1
Kothrud,Swargate,22,30,0,1,1130,7152,0,22.785132743362833,0.0,0
Kothrud,Swargate,22,30,0,2,1080,7301,0,24.33666666666667,0.0,0
Kothrud,Swargate,23,30,0,0,987,6976,0,25.44437689969605,0.0,1
Kothrud,Swargate,23,30,0,1,1130,7152,0,22.785132743362833,0.0,0
Kothrud,Swargate,23,30,0,2,1080,7301,0,24.33666666666667,0.0,0
Kothrud,Swargate,6,30,1,0,1025,6976,0,24.501073170731708,0.0,1
Kothrud,Swargate,6,30,1,1,1223,7243,0,21.320359771054786,0.0,0
Kothrud,Swargate,6,30,1,2,1209,7325,0,21.811414392059554,0.0,0
Kothrud,Swargate,7,30,1,0,1133,6976,0,22.16557811120918,0.0,1
Kothrud,Swargate,7,30,1,1,1320,7243,0,19.753636363636367,0.0,0
Kothrud,Swargate,7,30,1,2,1305,7333,0,20.22896551724138,0.0,0
Kothrud,Swargate,8,30,1,0,1296,6976,0,19.37777777777778,0.0,1
Kothrud,Swargate,8,30,1,1,1479,7384,0,17.973225152129817,0.0,0
Kothrud,Swargate,8,30,1,2,1460,7333,0,18.0813698630137,0.0,0
Kothrud,Swargate,9,30,1,0,1423,6976,0,17.64834855938159,0.0,1
Kothrud,Swargate,9,30,1,1,1557,7318,0,16.92023121387283,0.0,0
Kothrud,Swargate,9,30,1,2,1545,7325,0,17.067961165048544,0.0,0
Kothrud,Swargate,10,30,1,0,1517,7266,0,17.242979564930785,0.0,1
Kothrud,Swargate,10,30,1,1,1633,7361,0,16.227556644213102,0.0,0
Kothrud,Swargate,10,30,1,2,1667,7427,0,16.039112177564487,0.0,0
Kothrud,Swargate,11,30,1,0,1586,7266,0,16.492812105926863,0.0,1
Kothrud,Swargate,11,30,1,1,1717,7361,0,15.433663366336633,0.0,0
Kothrud,Swargate,11,30,1,2,1796,7427,0,14.887082405345211,0.0,0
Kothrud,Swargate,12,30,1,0,1588,7266,0,16.472040302267,0.0,1
Kothrud,Swargate,12,30,1,1,1739,7361,0,15.238412880966072,0.0,0
Kothrud,Swargate,12,30,1,2,1829,7427,0,14.618480043739746,0.0,0
Kothrud,Swargate,13,30,1,0,1527,7327,0,17.27387033398821,0.0,1
Kothrud,Swargate,13,30,1,1,1607,7128,0,15.968139390168016,0.0,0
Kothrud,Swargate,13,30,1,2,2019,10140,0,18.08023774145617,0.0,0
Kothrud,Swargate,14,30,1,0,1450,7327,0,18.1911724137931,0.0,1
Kothrud,Swargate,14,30,1,1,1613,7427,0,16.57606943583385,0.0,0
Kothrud,Swargate,14,30,1,2,1730,7427,0,15.455028901734103,0.0,0
Kothrud,Swargate,15,30,1,0,1429,7226,0,18.20405878236529,0.0,1
Kothrud,Swargate,15,30,1,1,1614,7373,0,16.4453531598513,0.0,0
Kothrud,Swargate,15,30,1,2,1713,7427,0,15.608406304728545,0.0,0
Kothrud,Swargate,16,30,1,0,1508,7223,0,17.24323607427056,0.0,1
Kothrud,Swargate,16,30,1,1,1683,7384,0,15.794652406417113,0.0,0
Kothrud,Swargate,16,30,1,2,1771,7427,0,15.097233201581027,0.0,0
Kothrud,Swargate,17,30,1,0,1582,7218,0,16.42528445006321,0.0,1
Kothrud,Swargate,17,30,1,1,1780,7318,0,14.800449438202246,0.0,0
Kothrud,Swargate,17,30,1,2,1823,7427,0,14.666593527153044,0.0,0
Kothrud,Swargate,18,30,1,0,1611,7218,0,16.129608938547484,0.0,1
Kothrud,Swargate,18,30,1,1,1827,7285,0,14.354679802955667,0.0,0
Kothrud,Swargate,18,30,1,2,1807,7427,0,14.796458218040952,0.0,0
Kothrud,Swargate,19,30,1,0,1533,6976,0,16.381996086105676,0.0,1
Kothrud,Swargate,19,30,1,1,1759,7093,0,14.516657191586129,0.0,0
Kothrud,Swargate,19,30,1,2,1685,7404,0,15.818635014836795,0.0,0
Kothrud,Swargate,20,30,1,0,1330,6976,0,18.882406015037592,0.0,1
Kothrud,Swargate,20,30,1,1,1483,7152,0,17.361564396493595,0.0,0
Kothrud,Swargate,20,30,1,2,1387,7223,0,18.747512617159337,0.0,0
Kothrud,Swargate,21,30,1,0,1067,6976,0,23.536644798500472,0.0,1
Kothrud,Swargate,21,30,1,1,1208,7152,0,21.313907284768213,0.0,0
Kothrud,Swargate,21,30,1,2,1152,7301,0,22.815625,0.0,0
Kothrud,Swargate,22,30,1,0,987,6976,0,25.44437689969605,0.0,1
Kothrud,Swargate,22,30,1,1,1130,7152,0,22.785132743362833,0.0,0
Kothrud,Swargate,22,30,1,2,1080,7301,0,24.33666666666667,0.0,0
Kothrud,Swargate,23,30,1,0,987,6976,0,25.44437689969605,0.0,1
Kothrud,Swargate,23,30,1,1,1130,7152,0,22.785132743362833,0.0,0
Kothrud,Swargate,23,30,1,2,1080,7301,0,24.33666666666667,0.0,0
Kothrud,Swargate,6,30,2,0,1025,6976,0,24.501073170731708,0.0,1
Kothrud,Swargate,6,30,2,1,1224,7243,0,21.302941176470586,0.0,0
Kothrud,Swargate,6,30,2,2,1209,7325,0,21.811414392059554,0.0,0
Kothrud,Swargate,7,30,2,0,1132,6976,0,22.185159010600703,0.0,1
Kothrud,Swargate,7,30,2,1,1324,7243,0,19.693957703927495,0.0,0
Kothrud,Swargate,7,30,2,2,1306,7325,0,20.191424196018378,0.0,0
Kothrud,Swargate,8,30,2,0,1288,6976,0,19.498136645962735,0.0,1
Kothrud,Swargate,8,30,2,1,1489,7243,0,17.511618535930157,0.0,0
Kothrud,Swargate,8,30,2,2,1459,7325,0,18.074023303632625,0.0,0
Kothrud,Swargate,9,30,2,0,1408,6976,0,17.836363636363636,0.0,1
Kothrud,Swargate,9,30,2,1,1571,7318,0,16.769446212603437,0.0,0
Kothrud,Swargate,9,30,2,2,1537,7333,0,17.175536759921926,0.0,0
Kothrud,Swargate,10,30,2,0,1511,7249,0,17.27094639311714,0.0,1
Kothrud,Swargate,10,30,2,1,1651,7361,0,16.050635978195032,0.0,0
Kothrud,Swargate,10,30,2,2,1654,7427,0,16.165175332527205,0.0,0
Kothrud,Swargate,11,30,2,0,1583,7249,0,16.48540745420088,0.0,1
Kothrud,Swargate,11,30,2,1,1735,7361,0,15.273544668587896,0.0,0
Kothrud,Swargate,11,30,2,2,1782,7427,0,15.004040404040403,0.0,0
Kothrud,Swargate,12,30,2,0,1586,7261,0,16.48146279949559,0.0,1
Kothrud,Swargate,12,30,2,1,1756,7361,0,15.090888382687927,0.0,0
Kothrud,Swargate,12,30,2,2,1817,7427,0,14.715024766097963,0.0,0
Kothrud,Swargate,13,30,2,0,1528,7327,0,17.262565445026176,0.0,1
Kothrud,Swargate,13,30,2,1,1612,7128,0,15.91861042183623,0.0,0
Kothrud,Swargate,13,30,2,2,2042,10140,0,17.87659157688541,0.0,0
Kothrud,Swargate,14,30,2,0,1461,7327,0,18.054209445585215,0.0,1
Kothrud,Swargate,14,30,2,1,1571,7183,0,16.46008911521324,0.0,0
Kothrud,Swargate,14,30,2,2,1964,10140,0,18.58655804480652,0.0,0
Kothrud,Swargate,15,30,2,0,1446,7226,0,17.990041493775934,0.0,1
Kothrud,Swargate,15,30,2,1,1623,7373,0,16.354158964879854,0.0,0
Kothrud,Swargate,15,30,2,2,1754,7427,0,15.243557582668187,0.0,0
Kothrud,Swargate,16,30,2,0,1521,7223,0,17.09585798816568,0.0,1
Kothrud,Swargate,16,30,2,1,1698,7243,0,15.356183745583039,0.0,0
Kothrud,Swargate,16,30,2,2,1806,7427,0,14.804651162790696,0.0,0
Kothrud,Swargate,17,30,2,0,1591,7218,0,16.332369578881206,0.0,1
Kothrud,Swargate,17,30,2,1,1806,7285,0,14.52159468438538,0.0,0
Kothrud,Swargate,17,30,2,2,1850,7427,0,14.452540540540541,0.0,0
Kothrud,Swargate,18,30,2,0,1615,7218,0,16.089659442724457,0.0,1
Kothrud,Swargate,18,30,2,1,1853,7285,0,14.153264975715057,0.0,0
Kothrud,Swargate,18,30,2,2,1817,7427,0,14.715024766097963,0.0,0
Kothrud,Swargate,19,30,2,0,1535,6976,0,16.360651465798046,0.0,1
Kothrud,Swargate,19,30,2,1,1781,7285,0,14.725435148792814,0.0,0
Kothrud,Swargate,19,30,2,2,1686,7404,0,15.809252669039147,0.0,0
Kothrud,Swargate,20,30,2,0,1330,6976,0,18.882406015037592,0.0,1
Kothrud,Swargate,20,30,2,1,1488,7152,0,17.303225806451614,0.0,0
Kothrud,Swargate,20,30,2,2,1388,7206,0,18.68991354466859,0.0,0
Kothrud,Swargate,21,30,2,0,1067,6976,0,23.536644798500472,0.0,1
Kothrud,Swargate,21,30,2,1,1210,7152,0,21.278677685950413,0.0,0
Kothrud,Swargate,21,30,2,2,1151,7301,0,22.835447437011293,0.0,0
Kothrud,Swargate,22,30,2,0,987,6976,0,25.44437689969605,0.0,1
Kothrud,Swargate,22,30,2,1,1130,7152,0,22.785132743362833,0.0,0
Kothrud,Swargate,22,30,2,2,1080,7301,0,24.33666666666667,0.0,0
Kothrud,Swargate,23,30,2,0,987,6976,0,25.44437689969605,0.0,1
Kothrud,Swargate,23,30,2,1,1130,7152,0,22.785132743362833,0.0,0
Kothrud,Swargate,23,30,2,2,1080,7301,0,24.33666666666667,0.0,0
Kothrud,Swargate,6,30,3,0,1026,6976,0,24.477192982456142,0.0,1
Kothrud,Swargate,6,30,3,1,1223,7243,0,21.320359771054786,0.0,0
Kothrud,Swargate,6,30,3,2,1204,7487,0,22.38637873754153,0.0,0
Kothrud,Swargate,7,30,3,0,1127,6976,0,22.283584738243125,0.0,1
Kothrud,Swargate,7,30,3,1,1305,7243,0,19.980689655172416,0.0,0
Kothrud,Swargate,7,30,3,2,1276,7325,0,20.66614420062696,0.0,0
Kothrud,Swargate,8,30,3,0,1259,6976,0,19.947259729944403,0.0,1
Kothrud,Swargate,8,30,3,1,1445,7243,0,18.04484429065744,0.0,0
Kothrud,Swargate,8,30,3,2,1398,7325,0,18.86266094420601,0.0,0
Kothrud,Swargate,9,30,3,0,1372,6999,0,18.364723032069968,0.0,1
Kothrud,Swargate,9,30,3,1,1545,7286,0,16.97708737864078,0.0,0
Kothrud,Swargate,9,30,3,2,1491,7427,0,17.932394366197183,0.0,0
Kothrud,Swargate,10,30,3,0,1488,7268,0,17.583870967741934,0.0,1
Kothrud,Swargate,10,30,3,1,1658,7136,0,15.494330518697225,0.0,0
Kothrud,Swargate,10,30,3,2,1638,7427,0,16.323076923076922,0.0,0
Kothrud,Swargate,11,30,3,0,1597,7261,0,16.367939887288667,0.0,1
Kothrud,Swargate,11,30,3,1,1755,7328,0,15.031794871794872,0.0,0
Kothrud,Swargate,11,30,3,2,1803,7427,0,14.829284525790348,0.0,0
Kothrud,Swargate,12,30,3,0,1630,7261,0,16.036564417177914,0.0,1
Kothrud,Swargate,12,30,3,1,1793,7328,0,14.713218070273287,0.0,0
Kothrud,Swargate,12,30,3,2,1871,7427,0,14.290326028861571,0.0,0
Kothrud,Swargate,13,30,3,0,1601,7327,0,16.475452841973766,0.0,1
Kothrud,Swargate,13,30,3,1,1786,7245,0,14.603583426651737,0.0,0
Kothrud,Swargate,13,30,3,2,1942,7703,0,14.279505664263647,0.0,0
Kothrud,Swargate,14,30,3,0,1547,7266,0,16.908597285067874,0.0,1
Kothrud,Swargate,14,30,3,1,1754,7328,0,15.04036488027366,0.0,0
Kothrud,Swargate,14,30,3,2,2116,10140,0,17.251417769376182,0.0,0
Kothrud,Swargate,15,30,3,0,1525,7266,0,17.152524590163935,0.0,1
Kothrud,Swargate,15,30,3,1,1744,7349,0,15.169954128440367,0.0,0
Kothrud,Swargate,15,30,3,2,1933,7703,0,14.345990688049664,0.0,0
Kothrud,Swargate,16,30,3,0,1567,7261,0,16.68130185067007,0.0,1
Kothrud,Swargate,16,30,3,1,1798,7317,0,14.65027808676307,0.0,0
Kothrud,Swargate,16,30,3,2,1977,7703,0,14.02670713201821,0.0,0
Kothrud,Swargate,17,30,3,0,1610,7218,0,16.139627329192546,0.0,1
Kothrud,Swargate,17,30,3,1,1855,7274,0,14.116657681940703,0.0,0
Kothrud,Swargate,17,30,3,2,1999,7703,0,13.872336168084043,0.0,0
Kothrud,Swargate,18,30,3,0,1615,7218,0,16.089659442724457,0.0,1
Kothrud,Swargate,18,30,3,1,1858,7285,0,14.115177610333694,0.0,0
Kothrud,Swargate,18,30,3,2,1857,7427,0,14.39806138933764,0.0,0
Kothrud,Swargate,19,30,3,0,1544,7206,0,16.80155440414508,0.0,1
Kothrud,Swargate,19,30,3,1,1646,7086,0,15.497934386391252,0.0,0
Kothrud,Swargate,19,30,3,2,1685,7588,0,16.21175074183976,0.0,0
Kothrud,Swargate,20,30,3,0,1341,6976,0,18.72751677852349,0.0,1
Kothrud,Swargate,20,30,3,1,1475,7086,0,17.29464406779661,0.0,0
Kothrud,Swargate,20,30,3,2,1384,7310,0,19.014450867052023,0.0,0
Kothrud,Swargate,21,30,3,0,1071,6976,0,23.44873949579832,0.0,1
Kothrud,Swargate,21,30,3,1,1212,7152,0,21.243564356435645,0.0,0
Kothrud,Swargate,21,30,3,2,1154,7301,0,22.776083188908146,0.0,0
Kothrud,Swargate,22,30,3,0,987,6976,0,25.44437689969605,0.0,1
Kothrud,Swargate,22,30,3,1,1130,7152,0,22.785132743362833,0.0,0
Kothrud,Swargate,22,30,3,2,1080,7301,0,24.33666666666667,0.0,0
Kothrud,Swargate,23,30,3,0,987,6976,0,25.44437689969605,0.0,1
Kothrud,Swargate,23,30,3,1,1130,7152,0,22.785132743362833,0.0,0
Kothrud,Swargate,23,30,3,2,1080,7301,0,24.33666666666667,0.0,0
Kothrud,Swargate,6,30,4,0,1019,6976,0,24.645338567222765,0.0,1
Kothrud,Swargate,6,30,4,1,1153,7152,0,22.330615784908932,0.0,0
Kothrud,Swargate,6,30,4,2,1101,7327,0,23.957493188010897,0.0,0
Kothrud,Swargate,7,30,4,0,1082,6976,0,23.21035120147874,0.0,1
Kothrud,Swargate,7,30,4,1,1269,7243,0,20.547517730496455,0.0,0
Kothrud,Swargate,7,30,4,2,1236,7512,0,21.879611650485437,0.0,0
Kothrud,Swargate,8,30,4,0,1150,6976,0,21.837913043478263,0.0,1
Kothrud,Swargate,8,30,4,1,1353,7243,0,19.271840354767185,0.0,0
Kothrud,Swargate,8,30,4,2,1295,7512,0,20.88277992277992,0.0,0
Kothrud,Swargate,9,30,4,0,1203,6976,0,20.875810473815463,0.0,1
Kothrud,Swargate,9,30,4,1,1400,7243,0,18.62485714285714,0.0,0
Kothrud,Swargate,9,30,4,2,1331,7512,0,20.317956423741546,0.0,0
Kothrud,Swargate,10,30,4,0,1275,7226,0,20.402823529411762,0.0,1
Kothrud,Swargate,10,30,4,1,1395,7427,0,19.166451612903224,0.0,0
Kothrud,Swargate,10,30,4,2,1454,7405,0,18.334250343878953,0.0,0
Kothrud,Swargate,11,30,4,0,1340,7226,0,19.413134328358208,0.0,1
Kothrud,Swargate,11,30,4,1,1528,7243,0,17.064659685863873,0.0,0
Kothrud,Swargate,11,30,4,2,1490,7588,0,18.33342281879195,0.0,0
Kothrud,Swargate,12,30,4,0,1371,7226,0,18.97417943107221,0.0,1
Kothrud,Swargate,12,30,4,1,1553,7177,0,16.636960721184803,0.0,0
Kothrud,Swargate,12,30,4,2,1543,7427,0,17.328062216461436,0.0,0
Kothrud,Swargate,13,30,4,0,1374,7226,0,18.932751091703057,0.0,1
Kothrud,Swargate,13,30,4,1,1530,7177,0,16.88705882352941,0.0,0
Kothrud,Swargate,13,30,4,2,1566,7427,0,17.073563218390802,0.0,0
Kothrud,Swargate,14,30,4,0,1362,7284,0,19.252863436123345,0.0,1
Kothrud,Swargate,14,30,4,1,1500,7177,0,17.2248,0.0,0
Kothrud,Swargate,14,30,4,2,1625,7703,0,17.06510769230769,0.0,0
Kothrud,Swargate,15,30,4,0,1354,7284,0,19.366617429837518,0.0,1
Kothrud,Swargate,15,30,4,1,1493,7177,0,17.305559276624244,0.0,0
Kothrud,Swargate,15,30,4,2,1618,7703,0,17.138936959208902,0.0,0
Kothrud,Swargate,16,30,4,0,1385,7223,0,18.774584837545124,0.0,1
Kothrud,Swargate,16,30,4,1,1534,7177,0,16.84302477183833,0.0,0
Kothrud,Swargate,16,30,4,2,1649,7703,0,16.81673741661613,0.0,0
Kothrud,Swargate,17,30,4,0,1423,7223,0,18.273225579761068,0.0,1
Kothrud,Swargate,17,30,4,1,1589,7177,0,16.260037759597232,0.0,0
Kothrud,Swargate,17,30,4,2,1688,7703,0,16.4281990521327,0.0,0
Kothrud,Swargate,18,30,4,0,1437,7226,0,18.102713987473905,0.0,1
Kothrud,Swargate,18,30,4,1,1632,7093,0,15.646323529411765,0.0,0
Kothrud,Swargate,18,30,4,2,1618,7427,0,16.524845488257107,0.0,0
Kothrud,Swargate,19,30,4,0,1382,6976,0,18.171924746743848,0.0,1
Kothrud,Swargate,19,30,4,1,1598,7177,0,16.16846057571965,0.0,0
Kothrud,Swargate,19,30,4,2,1478,7325,0,17.84167794316644,0.0,0
Kothrud,Swargate,20,30,4,0,1247,6976,0,20.139214113873294,0.0,1
Kothrud,Swargate,20,30,4,1,1473,7243,0,17.701832993890022,0.0,0
Kothrud,Swargate,20,30,4,2,1387,7325,0,19.012256669069934,0.0,0
Kothrud,Swargate,21,30,4,0,1054,6976,0,23.826944971537,0.0,1
Kothrud,Swargate,21,30,4,1,1200,7152,0,21.456000000000003,0.0,0
Kothrud,Swargate,21,30,4,2,1136,7301,0,23.136971830985917,0.0,0
Kothrud,Swargate,22,30,4,0,987,6976,0,25.44437689969605,0.0,1
Kothrud,Swargate,22,30,4,1,1130,7152,0,22.785132743362833,0.0,0
Kothrud,Swargate,22,30,4,2,1080,7301,0,24.33666666666667,0.0,0
Kothrud,Swargate,23,30,4,0,987,6976,0,25.44437689969605,0.0,1
Kothrud,Swargate,23,30,4,1,1130,7152,0,22.785132743362833,0.0,0
Kothrud,Swargate,23,30,4,2,1080,7301,0,24.33666666666667,0.0,0
Kothrud,Swargate,6,30,5,0,1026,6976,0,24.477192982456142,0.0,1
Kothrud,Swargate,6,30,5,1,1224,7243,0,21.302941176470586,0.0,0
Kothrud,Swargate,6,30,5,2,1210,7325,0,21.793388429752063,0.0,0
Kothrud,Swargate,7,30,5,0,1145,6976,0,21.933275109170307,0.0,1
Kothrud,Swargate,7,30,5,1,1316,7243,0,19.81367781155015,0.0,0
Kothrud,Swargate,7,30,5,2,1308,7325,0,20.160550458715598,0.0,0
Kothrud,Swargate,8,30,5,0,1305,6976,0,19.244137931034484,0.0,1
Kothrud,Swargate,8,30,5,1,1473,7243,0,17.701832993890022,0.0,0
Kothrud,Swargate,8,30,5,2,1466,7325,0,17.987721691678036,0.0,0
Kothrud,Swargate,9,30,5,0,1413,6976,0,17.77324840764331,0.0,1
Kothrud,Swargate,9,30,5,1,1559,7177,0,16.57293136626042,0.0,0
Kothrud,Swargate,9,30,5,2,1548,7325,0,17.03488372093023,0.0,0
Kothrud,Swargate,10,30,5,0,1529,7191,0,16.93106605624591,0.0,1
Kothrud,Swargate,10,30,5,1,1636,7219,0,15.885330073349634,0.0,0
Kothrud,Swargate,10,30,5,2,1643,7427,0,16.27340231284236,0.0,0
Kothrud,Swargate,11,30,5,0,1595,7261,0,16.38846394984326,0.0,1
Kothrud,Swargate,11,30,5,1,1716,7361,0,15.442657342657341,0.0,0
Kothrud,Swargate,11,30,5,2,1761,7427,0,15.18296422487223,0.0,0
Kothrud,Swargate,12,30,5,0,1589,7261,0,16.450346129641286,0.0,1
Kothrud,Swargate,12,30,5,1,1733,7361,0,15.291171379111368,0.0,0
Kothrud,Swargate,12,30,5,2,1786,7427,0,14.970436730123179,0.0,0
Kothrud,Swargate,13,30,5,0,1524,7327,0,17.30787401574803,0.0,1
Kothrud,Swargate,13,30,5,1,1706,7349,0,15.507854630715123,0.0,0
Kothrud,Swargate,13,30,5,2,1750,7427,0,15.2784,0.0,0
Kothrud,Swargate,14,30,5,0,1451,7268,0,18.03225361819435,0.0,1
Kothrud,Swargate,14,30,5,1,1626,7416,0,16.41918819188192,0.0,0
Kothrud,Swargate,14,30,5,2,1725,7427,0,15.49982608695652,0.0,0
Kothrud,Swargate,15,30,5,0,1434,7226,0,18.14058577405858,0.0,1
Kothrud,Swargate,15,30,5,1,1609,7373,0,16.496457426973276,0.0,0
Kothrud,Swargate,15,30,5,2,1725,7427,0,15.49982608695652,0.0,0
Kothrud,Swargate,16,30,5,0,1516,7165,0,17.014511873350923,0.0,1
Kothrud,Swargate,16,30,5,1,1682,7384,0,15.804042806183118,0.0,0
Kothrud,Swargate,16,30,5,2,1781,7427,0,15.012464907355417,0.0,0
Kothrud,Swargate,17,30,5,0,1587,7218,0,16.373534971644613,0.0,1
Kothrud,Swargate,17,30,5,1,1787,7318,0,14.74247341913822,0.0,0
Kothrud,Swargate,17,30,5,2,1822,7427,0,14.674643249176729,0.0,0
Kothrud,Swargate,18,30,5,0,1611,7218,0,16.129608938547484,0.0,1
Kothrud,Swargate,18,30,5,1,1823,7285,0,14.386176631925398,0.0,0
Kothrud,Swargate,18,30,5,2,1788,7427,0,14.953691275167785,0.0,0
Kothrud,Swargate,19,30,5,0,1506,6976,0,16.675697211155377,0.0,1
Kothrud,Swargate,19,30,5,1,1748,7202,0,14.832494279176201,0.0,0
Kothrud,Swargate,19,30,5,2,1676,7404,0,15.903579952267302,0.0,0
Kothrud,Swargate,20,30,5,0,1308,6976,0,19.2,0.0,1
Kothrud,Swargate,20,30,5,1,1475,7152,0,17.455728813559322,0.0,0
Kothrud,Swargate,20,30,5,2,1385,7223,0,18.774584837545124,0.0,0
Kothrud,Swargate,21,30,5,0,1063,6976,0,23.625211665098778,0.0,1
Kothrud,Swargate,21,30,5,1,1207,7152,0,21.331565865782935,0.0,0
Kothrud,Swargate,21,30,5,2,1152,7301,0,22.815625,0.0,0
Kothrud,Swargate,22,30,5,0,987,6976,0,25.44437689969605,0.0,1
Kothrud,Swargate,22,30,5,1,1130,7152,0,22.785132743362833,0.0,0
Kothrud,Swargate,22,30,5,2,1080,7301,0,24.33666666666667,0.0,0
Kothrud,Swargate,23,30,5,0,987,6976,0,25.44437689969605,0.0,1
Kothrud,Swargate,23,30,5,1,1130,7152,0,22.785132743362833,0.0,0
Kothrud,Swargate,23,30,5,2,1080,7301,0,24.33666666666667,0.0,0
Kothrud,Swargate,6,30,6,0,1028,6976,0,24.429571984435796,0.0,1
Kothrud,Swargate,6,30,6,1,1225,7243,0,21.285551020408164,0.0,0
Kothrud,Swargate,6,30,6,2,1212,7325,0,21.75742574257426,0.0,0
Kothrud,Swargate,7,30,6,0,1149,6976,0,21.85691906005222,0.0,1
Kothrud,Swargate,7,30,6,1,1325,7243,0,19.67909433962264,0.0,0
Kothrud,Swargate,7,30,6,2,1314,7333,0,20.090410958904112,0.0,0
Kothrud,Swargate,8,30,6,0,1327,6976,0,18.92509419743783,0.0,1
Kothrud,Swargate,8,30,6,1,1493,7384,0,17.80468854655057,0.0,0
Kothrud,Swargate,8,30,6,2,1476,7333,0,17.885365853658538,0.0,0
Kothrud,Swargate,9,30,6,0,1458,6976,0,17.22469135802469,0.0,1
Kothrud,Swargate,9,30,6,1,1583,7318,0,16.64232469993683,0.0,0
Kothrud,Swargate,9,30,6,2,1566,7333,0,16.857471264367817,0.0,0
Kothrud,Swargate,10,30,6,0,1563,7240,0,16.675623800383878,0.0,1
Kothrud,Swargate,10,30,6,1,1668,7361,0,15.88705035971223,0.0,0
Kothrud,Swargate,10,30,6,2,1678,7427,0,15.933969010727056,0.0,0
Kothrud,Swargate,11,30,6,0,1623,7261,0,16.105730129390018,0.0,1
Kothrud,Swargate,11,30,6,1,1750,7361,0,15.14262857142857,0.0,0
Kothrud,Swargate,11,30,6,2,1804,7427,0,14.821064301552108,0.0,0
Kothrud,Swargate,12,30,6,0,1607,7261,0,16.26608587429994,0.0,1
Kothrud,Swargate,12,30,6,1,1764,7361,0,15.022448979591836,0.0,0
Kothrud,Swargate,12,30,6,2,1832,7427,0,14.594541484716158,0.0,0
Kothrud,Swargate,13,30,6,0,1534,7327,0,17.19504563233377,0.0,1
Kothrud,Swargate,13,30,6,1,1636,7183,0,15.806112469437654,0.0,0
Kothrud,Swargate,13,30,6,2,2024,10140,0,18.035573122529648,0.0,0
Kothrud,Swargate,14,30,6,0,1458,7268,0,17.94567901234568,0.0,1
Kothrud,Swargate,14,30,6,1,1628,7344,0,16.23980343980344,0.0,0
Kothrud,Swargate,14,30,6,2,1944,10140,0,18.77777777777778,0.0,0
Kothrud,Swargate,15,30,6,0,1439,7226,0,18.077553856845032,0.0,1
Kothrud,Swargate,15,30,6,1,1618,7373,0,16.404697156983932,0.0,0
Kothrud,Swargate,15,30,6,2,1737,7427,0,15.392746113989636,0.0,0
Kothrud,Swargate,16,30,6,0,1526,7197,0,16.978505897771953,0.0,1
Kothrud,Swargate,16,30,6,1,1691,7384,0,15.719929036073331,0.0,0
Kothrud,Swargate,16,30,6,2,1785,7427,0,14.978823529411763,0.0,0
Kothrud,Swargate,17,30,6,0,1606,7218,0,16.179825653798257,0.0,1
Kothrud,Swargate,17,30,6,1,1797,7318,0,14.660434056761268,0.0,0
Kothrud,Swargate,17,30,6,2,1823,7427,0,14.666593527153044,0.0,0
Kothrud,Swargate,18,30,6,0,1632,7218,0,15.922058823529413,0.0,1
Kothrud,Swargate,18,30,6,1,1841,7285,0,14.245518739815317,0.0,0
Kothrud,Swargate,18,30,6,2,1796,7427,0,14.887082405345211,0.0,0
Kothrud,Swargate,19,30,6,0,1549,6976,0,16.212782440284055,0.0,1
Kothrud,Swargate,19,30,6,1,1768,7177,0,14.613800904977374,0.0,0
Kothrud,Swargate,19,30,6,2,1687,7404,0,15.799881446354476,0.0,0
Kothrud,Swargate,20,30,6,0,1336,6976,0,18.79760479041916,0.0,1
Kothrud,Swargate,20,30,6,1,1478,7152,0,17.420297699594045,0.0,0
Kothrud,Swargate,20,30,6,2,1390,7223,0,18.70705035971223,0.0,0
Kothrud,Swargate,21,30,6,0,1068,6976,0,23.514606741573033,0.0,1
Kothrud,Swargate,21,30,6,1,1207,7152,0,21.331565865782935,0.0,0
Kothrud,Swargate,21,30,6,2,1153,7301,0,22.795836947094536,0.0,0
Kothrud,Swargate,22,30,6,0,987,6976,0,25.44437689969605,0.0,1
Kothrud,Swargate,22,30,6,1,1130,7152,0,22.785132743362833,0.0,0
Kothrud,Swargate,22,30,6,2,1080,7301,0,24.33666666666667,0.0,0
Kothrud,Swargate,23,30,6,0,987,6976,0,25.44437689969605,0.0,1
Kothrud,Swargate,23,30,6,1,1130,7152,0,22.785132743362833,0.0,0
Kothrud,Swargate,23,30,6,2,1080,7301,0,24.33666666666667,0.0,0
Kothrud,Swargate,6,30,0,0,1026,6976,0,24.477192982456142,0.0,1
Kothrud,Swargate,6,30,0,1,1222,7243,0,21.337806873977087,0.0,0
Kothrud,Swargate,6,30,0,2,1212,7350,0,21.83168316831683,0.0,0
Kothrud,Swargate,7,30,0,0,1144,6976,0,21.952447552447552,0.0,1
Kothrud,Swargate,7,30,0,1,1318,7243,0,19.78361153262519,0.0,0
Kothrud,Swargate,7,30,0,2,1312,7350,0,20.167682926829265,0.0,0
Kothrud,Swargate,8,30,0,0,1315,6976,0,19.097794676806085,0.0,1
Kothrud,Swargate,8,30,0,1,1483,7243,0,17.582467970330413,0.0,0
Kothrud,Swargate,8,30,0,2,1469,7333,0,17.97059223961879,0.0,0
Kothrud,Swargate,9,30,0,0,1435,6976,0,17.50076655052265,0.0,1
Kothrud,Swargate,9,30,0,1,1559,7318,0,16.89852469531751,0.0,0
Kothrud,Swargate,9,30,0,2,1546,7325,0,17.056921086675292,0.0,0
Kothrud,Swargate,10,30,0,0,1524,7240,0,17.10236220472441,0.0,1
Kothrud,Swargate,10,30,0,1,1633,7361,0,16.227556644213102,0.0,0
Kothrud,Swargate,10,30,0,2,1660,7427,0,16.106746987951805,0.0,0
Kothrud,Swargate,11,30,0,0,1586,7261,0,16.48146279949559,0.0,1
Kothrud,Swargate,11,30,0,1,1714,7361,0,15.460676779463244,0.0,0
Kothrud,Swargate,11,30,0,2,1781,7427,0,15.012464907355417,0.0,0
Kothrud,Swargate,12,30,0,0,1583,7261,0,16.512697409981048,0.0,1
Kothrud,Swargate,12,30,0,1,1737,7361,0,15.255958549222798,0.0,0
Kothrud,Swargate,12,30,0,2,1809,7427,0,14.780099502487563,0.0,0
Kothrud,Swargate,13,30,0,0,1518,7327,0,17.376284584980237,0.0,1
Kothrud,Swargate,13,30,0,1,1707,7349,0,15.498769771528998,0.0,0
Kothrud,Swargate,13,30,0,2,1766,7427,0,15.139977349943374,0.0,0
Kothrud,Swargate,14,30,0,0,1440,7268,0,18.169999999999998,0.0,1
Kothrud,Swargate,14,30,0,1,1627,7416,0,16.409096496619547,0.0,0
Kothrud,Swargate,14,30,0,2,1726,7427,0,15.49084588644264,0.0,0
Kothrud,Swargate,15,30,0,0,1425,7226,0,18.255157894736843,0.0,1
Kothrud,Swargate,15,30,0,1,1601,7373,0,16.5788881948782,0.0,0
Kothrud,Swargate,15,30,0,2,1721,7427,0,15.535851249273676,0.0,0
Kothrud,Swargate,16,30,0,0,1512,7223,0,17.19761904761905,0.0,1
Kothrud,Swargate,16,30,0,1,1679,7384,0,15.832281119714116,0.0,0
Kothrud,Swargate,16,30,0,2,1780,7427,0,15.020898876404493,0.0,0
Kothrud,Swargate,17,30,0,0,1590,7218,0,16.342641509433964,0.0,1
Kothrud,Swargate,17,30,0,1,1786,7285,0,14.68421052631579,0.0,0
Kothrud,Swargate,17,30,0,2,1829,7427,0,14.618480043739746,0.0,0
Kothrud,Swargate,18,30,0,0,1617,7218,0,16.069758812615955,0.0,1
Kothrud,Swargate,18,30,0,1,1838,7285,0,14.268770402611535,0.0,0
Kothrud,Swargate,18,30,0,2,1806,7427,0,14.804651162790696,0.0,0
Kothrud,Swargate,19,30,0,0,1549,6976,0,16.212782440284055,0.0,1
Kothrud,Swargate,19,30,0,1,1780,7202,0,14.565842696629213,0.0,0
Kothrud,Swargate,19,30,0,2,1684,7404,0,15.828028503562944,0.0,0
Kothrud,Swargate,20,30,0,0,1336,6976,0,18.79760479041916,0.0,1
Kothrud,Swargate,20,30,0,1,1486,7152,0,17.32651413189771,0.0,0
Kothrud,Swargate,20,30,0,2,1385,7385,0,19.1956678700361,0.0,0
Kothrud,Swargate,21,30,0,0,1068,6976,0,23.514606741573033,0.0,1
Kothrud,Swargate,21,30,0,1,1209,7152,0,21.296277915632757,0.0,0
Kothrud,Swargate,21,30,0,2,1151,7301,0,22.835447437011293,0.0,0
Kothrud,Swargate,22,30,0,0,987,6976,0,25.44437689969605,0.0,1
Kothrud,Swargate,22,30,0,1,1130,7152,0,22.785132743362833,0.0,0
Kothrud,Swargate,22,30,0,2,1080,7301,0,24.33666666666667,0.0,0
Kothrud,Swargate,23,30,0,0,987,6976,0,25.44437689969605,0.0,1
Kothrud,Swargate,23,30,0,1,1130,7152,0,22.785132743362833,0.0,0
Kothrud,Swargate,23,30,0,2,1080,7301,0,24.33666666666667,0.0,0
Kothrud,Swargate,6,30,1,0,1025,6976,0,24.501073170731708,0.0,1
Kothrud,Swargate,6,30,1,1,1223,7243,0,21.320359771054786,0.0,0
Kothrud,Swargate,6,30,1,2,1209,7325,0,21.811414392059554,0.0,0
Kothrud,Swargate,7,30,1,0,1133,6976,0,22.16557811120918,0.0,1
Kothrud,Swargate,7,30,1,1,1320,7243,0,19.753636363636367,0.0,0
Kothrud,Swargate,7,30,1,2,1305,7333,0,20.22896551724138,0.0,0
Kothrud,Swargate,8,30,1,0,1296,6976,0,19.37777777777778,0.0,1
Kothrud,Swargate,8,30,1,1,1479,7384,0,17.973225152129817,0.0,0
Kothrud,Swargate,8,30,1,2,1460,7333,0,18.0813698630137,0.0,0
Kothrud,Swargate,9,30,1,0,1423,6976,0,17.64834855938159,0.0,1
Kothrud,Swargate,9,30,1,1,1557,7318,0,16.92023121387283,0.0,0
Kothrud,Swargate,9,30,1,2,1545,7325,0,17.067961165048544,0.0,0
Kothrud,Swargate,10,30,1,0,1517,7266,0,17.242979564930785,0.0,1
Kothrud,Swargate,10,30,1,1,1633,7361,0,16.227556644213102,0.0,0
Kothrud,Swargate,10,30,1,2,1667,7427,0,16.039112177564487,0.0,0
Kothrud,Swargate,11,30,1,0,1586,7266,0,16.492812105926863,0.0,1
Kothrud,Swargate,11,30,1,1,1717,7361,0,15.433663366336633,0.0,0
Kothrud,Swargate,11,30,1,2,1796,7427,0,14.887082405345211,0.0,0
Kothrud,Swargate,12,30,1,0,1588,7266,0,16.472040302267,0.0,1
Kothrud,Swargate,12,30,1,1,1739,7361,0,15.238412880966072,0.0,0
Kothrud,Swargate,12,30,1,2,1829,7427,0,14.618480043739746,0.0,0
Kothrud,Swargate,13,30,1,0,1527,7327,0,17.27387033398821,0.0,1
Kothrud,Swargate,13,30,1,1,1607,7128,0,15.968139390168016,0.0,0
Kothrud,Swargate,13,30,1,2,2019,10140,0,18.08023774145617,0.0,0
Kothrud,Swargate,14,30,1,0,1450,7327,0,18.1911724137931,0.0,1
Kothrud,Swargate,14,30,1,1,1613,7427,0,16.57606943583385,0.0,0
Kothrud,Swargate,14,30,1,2,1730,7427,0,15.455028901734103,0.0,0
Kothrud,Swargate,15,30,1,0,1429,7226,0,18.20405878236529,0.0,1
Kothrud,Swargate,15,30,1,1,1614,7373,0,16.4453531598513,0.0,0
Kothrud,Swargate,15,30,1,2,1713,7427,0,15.608406304728545,0.0,0
Kothrud,Swargate,16,30,1,0,1508,7223,0,17.24323607427056,0.0,1
Kothrud,Swargate,16,30,1,1,1683,7384,0,15.794652406417113,0.0,0
Kothrud,Swargate,16,30,1,2,1771,7427,0,15.097233201581027,0.0,0
Kothrud,Swargate,17,30,1,0,1582,7218,0,16.42528445006321,0.0,1
Kothrud,Swargate,17,30,1,1,1780,7318,0,14.800449438202246,0.0,0
Kothrud,Swargate,17,30,1,2,1823,7427,0,14.666593527153044,0.0,0
Kothrud,Swargate,18,30,1,0,1611,7218,0,16.129608938547484,0.0,1
Kothrud,Swargate,18,30,1,1,1827,7285,0,14.354679802955667,0.0,0
Kothrud,Swargate,18,30,1,2,1807,7427,0,14.796458218040952,0.0,0
Kothrud,Swargate,19,30,1,0,1533,6976,0,16.381996086105676,0.0,1
Kothrud,Swargate,19,30,1,1,1759,7093,0,14.516657191586129,0.0,0
Kothrud,Swargate,19,30,1,2,1685,7404,0,15.818635014836795,0.0,0
Kothrud,Swargate,20,30,1,0,1330,6976,0,18.882406015037592,0.0,1
Kothrud,Swargate,20,30,1,1,1483,7152,0,17.361564396493595,0.0,0
Kothrud,Swargate,20,30,1,2,1387,7223,0,18.747512617159337,0.0,0
Kothrud,Swargate,21,30,1,0,1067,6976,0,23.536644798500472,0.0,1
Kothrud,Swargate,21,30,1,1,1208,7152,0,21.313907284768213,0.0,0
Kothrud,Swargate,21,30,1,2,1152,7301,0,22.815625,0.0,0
Kothrud,Swargate,22,30,1,0,987,6976,0,25.44437689969605,0.0,1
Kothrud,Swargate,22,30,1,1,1130,7152,0,22.785132743362833,0.0,0
Kothrud,Swargate,22,30,1,2,1080,7301,0,24.33666666666667,0.0,0
Kothrud,Swargate,23,30,1,0,987,6976,0,25.44437689969605,0.0,1
Kothrud,Swargate,23,30,1,1,1130,7152,0,22.785132743362833,0.0,0
Kothrud,Swargate,23,30,1,2,1080,7301,0,24.33666666666667,0.0,0
Kothrud,Swargate,6,30,2,0,1025,6976,0,24.501073170731708,0.0,1
Kothrud,Swargate,6,30,2,1,1224,7243,0,21.302941176470586,0.0,0
Kothrud,Swargate,6,30,2,2,1209,7325,0,21.811414392059554,0.0,0
Kothrud,Swargate,7,30,2,0,1132,6976,0,22.185159010600703,0.0,1
Kothrud,Swargate,7,30,2,1,1324,7243,0,19.693957703927495,0.0,0
Kothrud,Swargate,7,30,2,2,1306,7325,0,20.191424196018378,0.0,0
Kothrud,Swargate,8,30,2,0,1288,6976,0,19.498136645962735,0.0,1
Kothrud,Swargate,8,30,2,1,1489,7243,0,17.511618535930157,0.0,0
Kothrud,Swargate,8,30,2,2,1459,7325,0,18.074023303632625,0.0,0
Kothrud,Swargate,9,30,2,0,1408,6976,0,17.836363636363636,0.0,1
Kothrud,Swargate,9,30,2,1,1571,7318,0,16.769446212603437,0.0,0
Kothrud,Swargate,9,30,2,2,1537,7333,0,17.175536759921926,0.0,0
Kothrud,Swargate,10,30,2,0,1511,7249,0,17.27094639311714,0.0,1
Kothrud,Swargate,10,30,2,1,1651,7361,0,16.050635978195032,0.0,0
Kothrud,Swargate,10,30,2,2,1654,7427,0,16.165175332527205,0.0,0
Kothrud,Swargate,11,30,2,0,1583,7249,0,16.48540745420088,0.0,1
Kothrud,Swargate,11,30,2,1,1735,7361,0,15.273544668587896,0.0,0
Kothrud,Swargate,11,30,2,2,1782,7427,0,15.004040404040403,0.0,0
Kothrud,Swargate,12,30,2,0,1586,7261,0,16.48146279949559,0.0,1
Kothrud,Swargate,12,30,2,1,1756,7361,0,15.090888382687927,0.0,0
Kothrud,Swargate,12,30,2,2,1817,7427,0,14.715024766097963,0.0,0
Kothrud,Swargate,13,30,2,0,1528,7327,0,17.262565445026176,0.0,1
Kothrud,Swargate,13,30,2,1,1612,7128,0,15.91861042183623,0.0,0
Kothrud,Swargate,13,30,2,2,2042,10140,0,17.87659157688541,0.0,0
Kothrud,Swargate,14,30,2,0,1461,7327,0,18.054209445585215,0.0,1
Kothrud,Swargate,14,30,2,1,1571,7183,0,16.46008911521324,0.0,0
Kothrud,Swargate,14,30,2,2,1964,10140,0,18.58655804480652,0.0,0
Kothrud,Swargate,15,30,2,0,1446,7226,0,17.990041493775934,0.0,1
Kothrud,Swargate,15,30,2,1,1623,7373,0,16.354158964879854,0.0,0
Kothrud,Swargate,15,30,2,2,1754,7427,0,15.243557582668187,0.0,0
Kothrud,Swargate,16,30,2,0,1521,7223,0,17.09585798816568,0.0,1
Kothrud,Swargate,16,30,2,1,1698,7243,0,15.356183745583039,0.0,0
Kothrud,Swargate,16,30,2,2,1806,7427,0,14.804651162790696,0.0,0
Kothrud,Swargate,17,30,2,0,1591,7218,0,16.332369578881206,0.0,1
Kothrud,Swargate,17,30,2,1,1806,7285,0,14.52159468438538,0.0,0
Kothrud,Swargate,17,30,2,2,1850,7427,0,14.452540540540541,0.0,0
Kothrud,Swargate,18,30,2,0,1615,7218,0,16.089659442724457,0.0,1
Kothrud,Swargate,18,30,2,1,1853,7285,0,14.153264975715057,0.0,0
Kothrud,Swargate,18,30,2,2,1817,7427,0,14.715024766097963,0.0,0
Kothrud,Swargate,19,30,2,0,1535,6976,0,16.360651465798046,0.0,1
Kothrud,Swargate,19,30,2,1,1781,7285,0,14.725435148792814,0.0,0
Kothrud,Swargate,19,30,2,2,1686,7404,0,15.809252669039147,0.0,0
Kothrud,Swargate,20,30,2,0,1330,6976,0,18.882406015037592,0.0,1
Kothrud,Swargate,20,30,2,1,1488,7152,0,17.303225806451614,0.0,0
Kothrud,Swargate,20,30,2,2,1388,7206,0,18.68991354466859,0.0,0
Kothrud,Swargate,21,30,2,0,1067,6976,0,23.536644798500472,0.0,1
Kothrud,Swargate,21,30,2,1,1210,7152,0,21.278677685950413,0.0,0
Kothrud,Swargate,21,30,2,2,1151,7301,0,22.835447437011293,0.0,0
Kothrud,Swargate,22,30,2,0,987,6976,0,25.44437689969605,0.0,1
Kothrud,Swargate,22,30,2,1,1130,7152,0,22.785132743362833,0.0,0
Kothrud,Swargate,22,30,2,2,1080,7301,0,24.33666666666667,0.0,0
Kothrud,Swargate,23,30,2,0,987,6976,0,25.44437689969605,0.0,1
Kothrud,Swargate,23,30,2,1,1130,7152,0,22.785132743362833,0.0,0
Kothrud,Swargate,23,30,2,2,1080,7301,0,24.33666666666667,0.0,0
Kothrud,Swargate,6,30,3,0,1026,6976,0,24.477192982456142,0.0,1
Kothrud,Swargate,6,30,3,1,1223,7243,0,21.320359771054786,0.0,0
Kothrud,Swargate,6,30,3,2,1204,7487,0,22.38637873754153,0.0,0
Kothrud,Swargate,7,30,3,0,1127,6976,0,22.283584738243125,0.0,1
Kothrud,Swargate,7,30,3,1,1305,7243,0,19.980689655172416,0.0,0
Kothrud,Swargate,7,30,3,2,1276,7325,0,20.66614420062696,0.0,0
Kothrud,Swargate,8,30,3,0,1259,6976,0,19.947259729944403,0.0,1
Kothrud,Swargate,8,30,3,1,1445,7243,0,18.04484429065744,0.0,0
Kothrud,Swargate,8,30,3,2,1398,7325,0,18.86266094420601,0.0,0
Kothrud,Swargate,9,30,3,0,1372,6999,0,18.364723032069968,0.0,1
Kothrud,Swargate,9,30,3,1,1545,7286,0,16.97708737864078,0.0,0
Kothrud,Swargate,9,30,3,2,1491,7427,0,17.932394366197183,0.0,0
Kothrud,Swargate,10,30,3,0,1488,7268,0,17.583870967741934,0.0,1
Kothrud,Swargate,10,30,3,1,1658,7136,0,15.494330518697225,0.0,0
Kothrud,Swargate,10,30,3,2,1638,7427,0,16.323076923076922,0.0,0
Kothrud,Swargate,11,30,3,0,1597,7261,0,16.367939887288667,0.0,1
Kothrud,Swargate,11,30,3,1,1755,7328,0,15.031794871794872,0.0,0
Kothrud,Swargate,11,30,3,2,1803,7427,0,14.829284525790348,0.0,0
Kothrud,Swargate,12,30,3,0,1630,7261,0,16.036564417177914,0.0,1
Kothrud,Swargate,12,30,3,1,1793,7328,0,14.713218070273287,0.0,0
Kothrud,Swargate,12,30,3,2,1871,7427,0,14.290326028861571,0.0,0
Kothrud,Swargate,13,30,3,0,1601,7327,0,16.475452841973766,0.0,1
Kothrud,Swargate,13,30,3,1,1786,7245,0,14.603583426651737,0.0,0
Kothrud,Swargate,13,30,3,2,1942,7703,0,14.279505664263647,0.0,0
Kothrud,Swargate,14,30,3,0,1547,7266,0,16.908597285067874,0.0,1
Kothrud,Swargate,14,30,3,1,1754,7328,0,15.04036488027366,0.0,0
Kothrud,Swargate,14,30,3,2,2116,10140,0,17.251417769376182,0.0,0
Kothrud,Swargate,15,30,3,0,1525,7266,0,17.152524590163935,0.0,1
Kothrud,Swargate,15,30,3,1,1744,7349,0,15.169954128440367,0.0,0
Kothrud,Swargate,15,30,3,2,1933,7703,0,14.345990688049664,0.0,0
Kothrud,Swargate,16,30,3,0,1567,7261,0,16.68130185067007,0.0,1
Kothrud,Swargate,16,30,3,1,1798,7317,0,14.65027808676307,0.0,0
Kothrud,Swargate,16,30,3,2,1977,7703,0,14.02670713201821,0.0,0
Kothrud,Swargate,17,30,3,0,1610,7218,0,16.139627329192546,0.0,1
Kothrud,Swargate,17,30,3,1,1855,7274,0,14.116657681940703,0.0,0
Kothrud,Swargate,17,30,3,2,1999,7703,0,13.872336168084043,0.0,0
Kothrud,Swargate,18,30,3,0,1615,7218,0,16.089659442724457,0.0,1
Kothrud,Swargate,18,30,3,1,1858,7285,0,14.115177610333694,0.0,0
Kothrud,Swargate,18,30,3,2,1857,7427,0,14.39806138933764,0.0,0
Kothrud,Swargate,19,30,3,0,1544,7206,0,16.80155440414508,0.0,1
Kothrud,Swargate,19,30,3,1,1646,7086,0,15.497934386391252,0.0,0
Kothrud,Swargate,19,30,3,2,1685,7588,0,16.21175074183976,0.0,0
Kothrud,Swargate,20,30,3,0,1341,6976,0,18.72751677852349,0.0,1
Kothrud,Swargate,20,30,3,1,1475,7086,0,17.29464406779661,0.0,0
Kothrud,Swargate,20,30,3,2,1384,7310,0,19.014450867052023,0.0,0
Kothrud,Swargate,21,30,3,0,1071,6976,0,23.44873949579832,0.0,1
Kothrud,Swargate,21,30,3,1,1212,7152,0,21.243564356435645,0.0,0
Kothrud,Swargate,21,30,3,2,1154,7301,0,22.776083188908146,0.0,0
Kothrud,Swargate,22,30,3,0,987,6976,0,25.44437689969605,0.0,1
Kothrud,Swargate,22,30,3,1,1130,7152,0,22.785132743362833,0.0,0
Kothrud,Swargate,22,30,3,2,1080,7301,0,24.33666666666667,0.0,0
Kothrud,Swargate,23,30,3,0,987,6976,0,25.44437689969605,0.0,1
Kothrud,Swargate,23,30,3,1,1130,7152,0,22.785132743362833,0.0,0
Kothrud,Swargate,23,30,3,2,1080,7301,0,24.33666666666667,0.0,0
Kothrud,Swargate,6,30,4,0,1019,6976,0,24.645338567222765,0.0,1
Kothrud,Swargate,6,30,4,1,1153,7152,0,22.330615784908932,0.0,0
Kothrud,Swargate,6,30,4,2,1101,7327,0,23.957493188010897,0.0,0
Kothrud,Swargate,7,30,4,0,1082,6976,0,23.21035120147874,0.0,1
Kothrud,Swargate,7,30,4,1,1269,7243,0,20.547517730496455,0.0,0
Kothrud,Swargate,7,30,4,2,1236,7512,0,21.879611650485437,0.0,0
Kothrud,Swargate,8,30,4,0,1150,6976,0,21.837913043478263,0.0,1
Kothrud,Swargate,8,30,4,1,1353,7243,0,19.271840354767185,0.0,0
Kothrud,Swargate,8,30,4,2,1295,7512,0,20.88277992277992,0.0,0
Kothrud,Swargate,9,30,4,0,1203,6976,0,20.875810473815463,0.0,1
Kothrud,Swargate,9,30,4,1,1400,7243,0,18.62485714285714,0.0,0
Kothrud,Swargate,9,30,4,2,1331,7512,0,20.317956423741546,0.0,0
Kothrud,Swargate,10,30,4,0,1275,7226,0,20.402823529411762,0.0,1
Kothrud,Swargate,10,30,4,1,1395,7427,0,19.166451612903224,0.0,0
Kothrud,Swargate,10,30,4,2,1454,7405,0,18.334250343878953,0.0,0
Kothrud,Swargate,11,30,4,0,1340,7226,0,19.413134328358208,0.0,1
Kothrud,Swargate,11,30,4,1,1528,7243,0,17.064659685863873,0.0,0
Kothrud,Swargate,11,30,4,2,1490,7588,0,18.33342281879195,0.0,0
Kothrud,Swargate,12,30,4,0,1371,7226,0,18.97417943107221,0.0,1
Kothrud,Swargate,12,30,4,1,1553,7177,0,16.636960721184803,0.0,0
Kothrud,Swargate,12,30,4,2,1543,7427,0,17.328062216461436,0.0,0
Kothrud,Swargate,13,30,4,0,1374,7226,0,18.932751091703057,0.0,1
Kothrud,Swargate,13,30,4,1,1530,7177,0,16.88705882352941,0.0,0
Kothrud,Swargate,13,30,4,2,1566,7427,0,17.073563218390802,0.0,0
Kothrud,Swargate,14,30,4,0,1362,7284,0,19.252863436123345,0.0,1
Kothrud,Swargate,14,30,4,1,1500,7177,0,17.2248,0.0,0
Kothrud,Swargate,14,30,4,2,1625,7703,0,17.06510769230769,0.0,0
Kothrud,Swargate,15,30,4,0,1354,7284,0,19.366617429837518,0.0,1
Kothrud,Swargate,15,30,4,1,1493,7177,0,17.305559276624244,0.0,0
Kothrud,Swargate,15,30,4,2,1618,7703,0,17.138936959208902,0.0,0
Kothrud,Swargate,16,30,4,0,1385,7223,0,18.774584837545124,0.0,1
Kothrud,Swargate,16,30,4,1,1534,7177,0,16.84302477183833,0.0,0
Kothrud,Swargate,16,30,4,2,1649,7703,0,16.81673741661613,0.0,0
Kothrud,Swargate,17,30,4,0,1423,7223,0,18.273225579761068,0.0,1
Kothrud,Swargate,17,30,4,1,1589,7177,0,16.260037759597232,0.0,0
Kothrud,Swargate,17,30,4,2,1688,7703,0,16.4281990521327,0.0,0
Kothrud,Swargate,18,30,4,0,1437,7226,0,18.102713987473905,0.0,1
Kothrud,Swargate,18,30,4,1,1632,7093,0,15.646323529411765,0.0,0
Kothrud,Swargate,18,30,4,2,1618,7427,0,16.524845488257107,0.0,0
Kothrud,Swargate,19,30,4,0,1382,6976,0,18.171924746743848,0.0,1
Kothrud,Swargate,19,30,4,1,1598,7177,0,16.16846057571965,0.0,0
Kothrud,Swargate,19,30,4,2,1478,7325,0,17.84167794316644,0.0,0
Kothrud,Swargate,20,30,4,0,1247,6976,0,20.139214113873294,0.0,1
Kothrud,Swargate,20,30,4,1,1473,7243,0,17.701832993890022,0.0,0
Kothrud,Swargate,20,30,4,2,1387,7325,0,19.012256669069934,0.0,0
Kothrud,Swargate,21,30,4,0,1054,6976,0,23.826944971537,0.0,1
Kothrud,Swargate,21,30,4,1,1200,7152,0,21.456000000000003,0.0,0
Kothrud,Swargate,21,30,4,2,1136,7301,0,23.136971830985917,0.0,0
Kothrud,Swargate,22,30,4,0,987,6976,0,25.44437689969605,0.0,1
Kothrud,Swargate,22,30,4,1,1130,7152,0,22.785132743362833,0.0,0
Kothrud,Swargate,22,30,4,2,1080,7301,0,24.33666666666667,0.0,0
Kothrud,Swargate,23,30,4,0,987,6976,0,25.44437689969605,0.0,1
Kothrud,Swargate,23,30,4,1,1130,7152,0,22.785132743362833,0.0,0
Kothrud,Swargate,23,30,4,2,1080,7301,0,24.33666666666667,0.0,0
Kothrud,Swargate,6,30,5,0,1026,6976,0,24.477192982456142,0.0,1
Kothrud,Swargate,6,30,5,1,1224,7243,0,21.302941176470586,0.0,0
Kothrud,Swargate,6,30,5,2,1210,7325,0,21.793388429752063,0.0,0
Kothrud,Swargate,7,30,5,0,1145,6976,0,21.933275109170307,0.0,1
Kothrud,Swargate,7,30,5,1,1316,7243,0,19.81367781155015,0.0,0
Kothrud,Swargate,7,30,5,2,1308,7325,0,20.160550458715598,0.0,0
Kothrud,Swargate,8,30,5,0,1305,6976,0,19.244137931034484,0.0,1
Kothrud,Swargate,8,30,5,1,1473,7243,0,17.701832993890022,0.0,0
Kothrud,Swargate,8,30,5,2,1466,7325,0,17.987721691678036,0.0,0
Kothrud,Swargate,9,30,5,0,1413,6976,0,17.77324840764331,0.0,1
Kothrud,Swargate,9,30,5,1,1559,7177,0,16.57293136626042,0.0,0
Kothrud,Swargate,9,30,5,2,1548,7325,0,17.03488372093023,0.0,0
Kothrud,Swargate,10,30,5,0,1529,7191,0,16.93106605624591,0.0,1
Kothrud,Swargate,10,30,5,1,1636,7219,0,15.885330073349634,0.0,0
Kothrud,Swargate,10,30,5,2,1643,7427,0,16.27340231284236,0.0,0
Kothrud,Swargate,11,30,5,0,1595,7261,0,16.38846394984326,0.0,1
Kothrud,Swargate,11,30,5,1,1716,7361,0,15.442657342657341,0.0,0
Kothrud,Swargate,11,30,5,2,1761,7427,0,15.18296422487223,0.0,0
Kothrud,Swargate,12,30,5,0,1589,7261,0,16.450346129641286,0.0,1
Kothrud,Swargate,12,30,5,1,1733,7361,0,15.291171379111368,0.0,0
Kothrud,Swargate,12,30,5,2,1786,7427,0,14.970436730123179,0.0,0
Kothrud,Swargate,13,30,5,0,1524,7327,0,17.30787401574803,0.0,1
Kothrud,Swargate,13,30,5,1,1706,7349,0,15.507854630715123,0.0,0
Kothrud,Swargate,13,30,5,2,1750,7427,0,15.2784,0.0,0
Kothrud,Swargate,14,30,5,0,1451,7268,0,18.03225361819435,0.0,1
Kothrud,Swargate,14,30,5,1,1626,7416,0,16.41918819188192,0.0,0
Kothrud,Swargate,14,30,5,2,1725,7427,0,15.49982608695652,0.0,0
Kothrud,Swargate,15,30,5,0,1434,7226,0,18.14058577405858,0.0,1
Kothrud,Swargate,15,30,5,1,1609,7373,0,16.496457426973276,0.0,0
Kothrud,Swargate,15,30,5,2,1725,7427,0,15.49982608695652,0.0,0
Kothrud,Swargate,16,30,5,0,1516,7165,0,17.014511873350923,0.0,1
Kothrud,Swargate,16,30,5,1,1682,7384,0,15.804042806183118,0.0,0
Kothrud,Swargate,16,30,5,2,1781,7427,0,15.012464907355417,0.0,0
Kothrud,Swargate,17,30,5,0,1587,7218,0,16.373534971644613,0.0,1
Kothrud,Swargate,17,30,5,1,1787,7318,0,14.74247341913822,0.0,0
Kothrud,Swargate,17,30,5,2,1822,7427,0,14.674643249176729,0.0,0
Kothrud,Swargate,18,30,5,0,1611,7218,0,16.129608938547484,0.0,1
Kothrud,Swargate,18,30,5,1,1823,7285,0,14.386176631925398,0.0,0
Kothrud,Swargate,18,30,5,2,1788,7427,0,14.953691275167785,0.0,0
Kothrud,Swargate,19,30,5,0,1506,6976,0,16.675697211155377,0.0,1
Kothrud,Swargate,19,30,5,1,1748,7202,0,14.832494279176201,0.0,0
Kothrud,Swargate,19,30,5,2,1676,7404,0,15.903579952267302,0.0,0
Kothrud,Swargate,20,30,5,0,1308,6976,0,19.2,0.0,1
Kothrud,Swargate,20,30,5,1,1475,7152,0,17.455728813559322,0.0,0
Kothrud,Swargate,20,30,5,2,1385,7223,0,18.774584837545124,0.0,0
Kothrud,Swargate,21,30,5,0,1063,6976,0,23.625211665098778,0.0,1
Kothrud,Swargate,21,30,5,1,1207,7152,0,21.331565865782935,0.0,0
Kothrud,Swargate,21,30,5,2,1152,7301,0,22.815625,0.0,0
Kothrud,Swargate,22,30,5,0,987,6976,0,25.44437689969605,0.0,1
Kothrud,Swargate,22,30,5,1,1130,7152,0,22.785132743362833,0.0,0
Kothrud,Swargate,22,30,5,2,1080,7301,0,24.33666666666667,0.0,0
Kothrud,Swargate,23,30,5,0,987,6976,0,25.44437689969605,0.0,1
Kothrud,Swargate,23,30,5,1,1130,7152,0,22.785132743362833,0.0,0
Kothrud,Swargate,23,30,5,2,1080,7301,0,24.33666666666667,0.0,0
Kothrud,Swargate,6,30,6,0,1028,6976,0,24.429571984435796,0.0,1
Kothrud,Swargate,6,30,6,1,1225,7243,0,21.285551020408164,0.0,0
Kothrud,Swargate,6,30,6,2,1212,7325,0,21.75742574257426,0.0,0
Kothrud,Swargate,7,30,6,0,1149,6976,0,21.85691906005222,0.0,1
Kothrud,Swargate,7,30,6,1,1325,7243,0,19.67909433962264,0.0,0
Kothrud,Swargate,7,30,6,2,1314,7333,0,20.090410958904112,0.0,0
Kothrud,Swargate,8,30,6,0,1327,6976,0,18.92509419743783,0.0,1
Kothrud,Swargate,8,30,6,1,1493,7384,0,17.80468854655057,0.0,0
Kothrud,Swargate,8,30,6,2,1476,7333,0,17.885365853658538,0.0,0
Kothrud,Swargate,9,30,6,0,1458,6976,0,17.22469135802469,0.0,1
Kothrud,Swargate,9,30,6,1,1583,7318,0,16.64232469993683,0.0,0
Kothrud,Swargate,9,30,6,2,1566,7333,0,16.857471264367817,0.0,0
Kothrud,Swargate,10,30,6,0,1563,7240,0,16.675623800383878,0.0,1
Kothrud,Swargate,10,30,6,1,1668,7361,0,15.88705035971223,0.0,0
Kothrud,Swargate,10,30,6,2,1678,7427,0,15.933969010727056,0.0,0
Kothrud,Swargate,11,30,6,0,1623,7261,0,16.105730129390018,0.0,1
Kothrud,Swargate,11,30,6,1,1750,7361,0,15.14262857142857,0.0,0
Kothrud,Swargate,11,30,6,2,1804,7427,0,14.821064301552108,0.0,0
Kothrud,Swargate,12,30,6,0,1607,7261,0,16.26608587429994,0.0,1
Kothrud,Swargate,12,30,6,1,1764,7361,0,15.022448979591836,0.0,0
Kothrud,Swargate,12,30,6,2,1832,7427,0,14.594541484716158,0.0,0
Kothrud,Swargate,13,30,6,0,1534,7327,0,17.19504563233377,0.0,1
Kothrud,Swargate,13,30,6,1,1636,7183,0,15.806112469437654,0.0,0
Kothrud,Swargate,13,30,6,2,2024,10140,0,18.035573122529648,0.0,0
Kothrud,Swargate,14,30,6,0,1458,7268,0,17.94567901234568,0.0,1
Kothrud,Swargate,14,30,6,1,1628,7344,0,16.23980343980344,0.0,0
Kothrud,Swargate,14,30,6,2,1944,10140,0,18.77777777777778,0.0,0
Kothrud,Swargate,15,30,6,0,1439,7226,0,18.077553856845032,0.0,1
Kothrud,Swargate,15,30,6,1,1618,7373,0,16.404697156983932,0.0,0
Kothrud,Swargate,15,30,6,2,1737,7427,0,15.392746113989636,0.0,0
Kothrud,Swargate,16,30,6,0,1526,7197,0,16.978505897771953,0.0,1
Kothrud,Swargate,16,30,6,1,1691,7384,0,15.719929036073331,0.0,0
Kothrud,Swargate,16,30,6,2,1785,7427,0,14.978823529411763,0.0,0
Kothrud,Swargate,17,30,6,0,1606,7218,0,16.179825653798257,0.0,1
Kothrud,Swargate,17,30,6,1,1797,7318,0,14.660434056761268,0.0,0
Kothrud,Swargate,17,30,6,2,1823,7427,0,14.666593527153044,0.0,0
Kothrud,Swargate,18,30,6,0,1632,7218,0,15.922058823529413,0.0,1
Kothrud,Swargate,18,30,6,1,1841,7285,0,14.245518739815317,0.0,0
Kothrud,Swargate,18,30,6,2,1796,7427,0,14.887082405345211,0.0,0
Kothrud,Swargate,19,30,6,0,1549,6976,0,16.212782440284055,0.0,1
Kothrud,Swargate,19,30,6,1,1768,7177,0,14.613800904977374,0.0,0
Kothrud,Swargate,19,30,6,2,1687,7404,0,15.799881446354476,0.0,0
Kothrud,Swargate,20,30,6,0,1336,6976,0,18.79760479041916,0.0,1
Kothrud,Swargate,20,30,6,1,1478,7152,0,17.420297699594045,0.0,0
Kothrud,Swargate,20,30,6,2,1390,7223,0,18.70705035971223,0.0,0
Kothrud,Swargate,21,30,6,0,1068,6976,0,23.514606741573033,0.0,1
Kothrud,Swargate,21,30,6,1,1207,7152,0,21.331565865782935,0.0,0
Kothrud,Swargate,21,30,6,2,1153,7301,0,22.795836947094536,0.0,0
Kothrud,Swargate,22,30,6,0,987,6976,0,25.44437689969605,0.0,1
Kothrud,Swargate,22,30,6,1,1130,7152,0,22.785132743362833,0.0,0
Kothrud,Swargate,22,30,6,2,1080,7301,0,24.33666666666667,0.0,0
Kothrud,Swargate,23,30,6,0,987,6976,0,25.44437689969605,0.0,1
Kothrud,Swargate,23,30,6,1,1130,7152,0,22.785132743362833,0.0,0
Kothrud,Swargate,23,30,6,2,1080,7301,0,24.33666666666667,0.0,0
Kothrud,Swargate,6,30,0,0,1026,6976,0,24.477192982456142,0.0,1
Kothrud,Swargate,6,30,0,1,1222,7243,0,21.337806873977087,0.0,0
Kothrud,Swargate,6,30,0,2,1212,7350,0,21.83168316831683,0.0,0
Kothrud,Swargate,7,30,0,0,1144,6976,0,21.952447552447552,0.0,1
Kothrud,Swargate,7,30,0,1,1318,7243,0,19.78361153262519,0.0,0
Kothrud,Swargate,7,30,0,2,1312,7350,0,20.167682926829265,0.0,0
Kothrud,Swargate,8,30,0,0,1315,6976,0,19.097794676806085,0.0,1
Kothrud,Swargate,8,30,0,1,1483,7243,0,17.582467970330413,0.0,0
Kothrud,Swargate,8,30,0,2,1469,7333,0,17.97059223961879,0.0,0
Kothrud,Swargate,9,30,0,0,1435,6976,0,17.50076655052265,0.0,1
Kothrud,Swargate,9,30,0,1,1559,7318,0,16.89852469531751,0.0,0
Kothrud,Swargate,9,30,0,2,1546,7325,0,17.056921086675292,0.0,0
Kothrud,Swargate,10,30,0,0,1524,7240,0,17.10236220472441,0.0,1
Kothrud,Swargate,10,30,0,1,1633,7361,0,16.227556644213102,0.0,0
Kothrud,Swargate,10,30,0,2,1660,7427,0,16.106746987951805,0.0,0
Kothrud,Swargate,11,30,0,0,1586,7261,0,16.48146279949559,0.0,1
Kothrud,Swargate,11,30,0,1,1714,7361,0,15.460676779463244,0.0,0
Kothrud,Swargate,11,30,0,2,1781,7427,0,15.012464907355417,0.0,0
Kothrud,Swargate,12,30,0,0,1583,7261,0,16.512697409981048,0.0,1
Kothrud,Swargate,12,30,0,1,1737,7361,0,15.255958549222798,0.0,0
Kothrud,Swargate,12,30,0,2,1809,7427,0,14.780099502487563,0.0,0
Kothrud,Swargate,13,30,0,0,1518,7327,0,17.376284584980237,0.0,1
Kothrud,Swargate,13,30,0,1,1707,7349,0,15.498769771528998,0.0,0
Kothrud,Swargate,13,30,0,2,1766,7427,0,15.139977349943374,0.0,0
Kothrud,Swargate,14,30,0,0,1440,7268,0,18.169999999999998,0.0,1
Kothrud,Swargate,14,30,0,1,1627,7416,0,16.409096496619547,0.0,0
Kothrud,Swargate,14,30,0,2,1726,7427,0,15.49084588644264,0.0,0
Kothrud,Swargate,15,30,0,0,1425,7226,0,18.255157894736843,0.0,1
Kothrud,Swargate,15,30,0,1,1601,7373,0,16.5788881948782,0.0,0
Kothrud,Swargate,15,30,0,2,1721,7427,0,15.535851249273676,0.0,0
Kothrud,Swargate,16,30,0,0,1512,7223,0,17.19761904761905,0.0,1
Kothrud,Swargate,16,30,0,1,1679,7384,0,15.832281119714116,0.0,0
Kothrud,Swargate,16,30,0,2,1780,7427,0,15.020898876404493,0.0,0
Kothrud,Swargate,17,30,0,0,1590,7218,0,16.342641509433964,0.0,1
Kothrud,Swargate,17,30,0,1,1786,7285,0,14.68421052631579,0.0,0
Kothrud,Swargate,17,30,0,2,1829,7427,0,14.618480043739746,0.0,0
Kothrud,Swargate,18,30,0,0,1617,7218,0,16.069758812615955,0.0,1
Kothrud,Swargate,18,30,0,1,1838,7285,0,14.268770402611535,0.0,0
Kothrud,Swargate,18,30,0,2,1806,7427,0,14.804651162790696,0.0,0
Kothrud,Swargate,19,30,0,0,1549,6976,0,16.212782440284055,0.0,1
Kothrud,Swargate,19,30,0,1,1780,7202,0,14.565842696629213,0.0,0
Kothrud,Swargate,19,30,0,2,1684,7404,0,15.828028503562944,0.0,0
Kothrud,Swargate,20,30,0,0,1336,6976,0,18.79760479041916,0.0,1
Kothrud,Swargate,20,30,0,1,1486,7152,0,17.32651413189771,0.0,0
Kothrud,Swargate,20,30,0,2,1385,7385,0,19.1956678700361,0.0,0
Kothrud,Swargate,21,30,0,0,1068,6976,0,23.514606741573033,0.0,1
Kothrud,Swargate,21,30,0,1,1209,7152,0,21.296277915632757,0.0,0
Kothrud,Swargate,21,30,0,2,1151,7301,0,22.835447437011293,0.0,0
Kothrud,Swargate,22,30,0,0,987,6976,0,25.44437689969605,0.0,1
Kothrud,Swargate,22,30,0,1,1130,7152,0,22.785132743362833,0.0,0
Kothrud,Swargate,22,30,0,2,1080,7301,0,24.33666666666667,0.0,0
Kothrud,Swargate,23,30,0,0,987,6976,0,25.44437689969605,0.0,1
Kothrud,Swargate,23,30,0,1,1130,7152,0,22.785132743362833,0.0,0
Kothrud,Swargate,23,30,0,2,1080,7301,0,24.33666666666667,0.0,0
Kothrud,Swargate,6,30,1,0,1025,6976,0,24.501073170731708,0.0,1
Kothrud,Swargate,6,30,1,1,1223,7243,0,21.320359771054786,0.0,0
Kothrud,Swargate,6,30,1,2,1209,7325,0,21.811414392059554,0.0,0
Kothrud,Swargate,7,30,1,0,1133,6976,0,22.16557811120918,0.0,1
Kothrud,Swargate,7,30,1,1,1320,7243,0,19.753636363636367,0.0,0
Kothrud,Swargate,7,30,1,2,1305,7333,0,20.22896551724138,0.0,0
Kothrud,Swargate,8,30,1,0,1296,6976,0,19.37777777777778,0.0,1
Kothrud,Swargate,8,30,1,1,1479,7384,0,17.973225152129817,0.0,0
Kothrud,Swargate,8,30,1,2,1460,7333,0,18.0813698630137,0.0,0
Kothrud,Swargate,9,30,1,0,1423,6976,0,17.64834855938159,0.0,1
Kothrud,Swargate,9,30,1,1,1557,7318,0,16.92023121387283,0.0,0
Kothrud,Swargate,9,30,1,2,1545,7325,0,17.067961165048544,0.0,0
Kothrud,Swargate,10,30,1,0,1517,7266,0,17.242979564930785,0.0,1
Kothrud,Swargate,10,30,1,1,1633,7361,0,16.227556644213102,0.0,0
Kothrud,Swargate,10,30,1,2,1667,7427,0,16.039112177564487,0.0,0
Kothrud,Swargate,11,30,1,0,1586,7266,0,16.492812105926863,0.0,1
Kothrud,Swargate,11,30,1,1,1717,7361,0,15.433663366336633,0.0,0
Kothrud,Swargate,11,30,1,2,1796,7427,0,14.887082405345211,0.0,0
Kothrud,Swargate,12,30,1,0,1588,7266,0,16.472040302267,0.0,1
Kothrud,Swargate,12,30,1,1,1739,7361,0,15.238412880966072,0.0,0
Kothrud,Swargate,12,30,1,2,1829,7427,0,14.618480043739746,0.0,0
Kothrud,Swargate,13,30,1,0,1527,7327,0,17.27387033398821,0.0,1
Kothrud,Swargate,13,30,1,1,1607,7128,0,15.968139390168016,0.0,0
Kothrud,Swargate,13,30,1,2,2019,10140,0,18.08023774145617,0.0,0
Kothrud,Swargate,14,30,1,0,1450,7327,0,18.1911724137931,0.0,1
Kothrud,Swargate,14,30,1,1,1613,7427,0,16.57606943583385,0.0,0
Kothrud,Swargate,14,30,1,2,1730,7427,0,15.455028901734103,0.0,0
Kothrud,Swargate,15,30,1,0,1429,7226,0,18.20405878236529,0.0,1
Kothrud,Swargate,15,30,1,1,1614,7373,0,16.4453531598513,0.0,0
Kothrud,Swargate,15,30,1,2,1713,7427,0,15.608406304728545,0.0,0
Kothrud,Swargate,16,30,1,0,1508,7223,0,17.24323607427056,0.0,1
Kothrud,Swargate,16,30,1,1,1683,7384,0,15.794652406417113,0.0,0
Kothrud,Swargate,16,30,1,2,1771,7427,0,15.097233201581027,0.0,0
Kothrud,Swargate,17,30,1,0,1582,7218,0,16.42528445006321,0.0,1
Kothrud,Swargate,17,30,1,1,1780,7318,0,14.800449438202246,0.0,0
Kothrud,Swargate,17,30,1,2,1823,7427,0,14.666593527153044,0.0,0
Kothrud,Swargate,18,30,1,0,1611,7218,0,16.129608938547484,0.0,1
Kothrud,Swargate,18,30,1,1,1827,7285,0,14.354679802955667,0.0,0
Kothrud,Swargate,18,30,1,2,1807,7427,0,14.796458218040952,0.0,0
Kothrud,Swargate,19,30,1,0,1533,6976,0,16.381996086105676,0.0,1
Kothrud,Swargate,19,30,1,1,1759,7093,0,14.516657191586129,0.0,0
Kothrud,Swargate,19,30,1,2,1685,7404,0,15.818635014836795,0.0,0
Kothrud,Swargate,20,30,1,0,1330,6976,0,18.882406015037592,0.0,1
Kothrud,Swargate,20,30,1,1,1483,7152,0,17.361564396493595,0.0,0
Kothrud,Swargate,20,30,1,2,1387,7223,0,18.747512617159337,0.0,0
Kothrud,Swargate,21,30,1,0,1067,6976,0,23.536644798500472,0.0,1
Kothrud,Swargate,21,30,1,1,1208,7152,0,21.313907284768213,0.0,0
Kothrud,Swargate,21,30,1,2,1152,7301,0,22.815625,0.0,0
Kothrud,Swargate,22,30,1,0,987,6976,0,25.44437689969605,0.0,1
Kothrud,Swargate,22,30,1,1,1130,7152,0,22.785132743362833,0.0,0
Kothrud,Swargate,22,30,1,2,1080,7301,0,24.33666666666667,0.0,0
Kothrud,Swargate,23,30,1,0,987,6976,0,25.44437689969605,0.0,1
Kothrud,Swargate,23,30,1,1,1130,7152,0,22.785132743362833,0.0,0
Kothrud,Swargate,23,30,1,2,1080,7301,0,24.33666666666667,0.0,0
Kothrud,Swargate,6,30,2,0,1025,6976,0,24.501073170731708,0.0,1
Kothrud,Swargate,6,30,2,1,1224,7243,0,21.302941176470586,0.0,0
Kothrud,Swargate,6,30,2,2,1209,7325,0,21.811414392059554,0.0,0
Kothrud,Swargate,7,30,2,0,1132,6976,0,22.185159010600703,0.0,1
Kothrud,Swargate,7,30,2,1,1324,7243,0,19.693957703927495,0.0,0
Kothrud,Swargate,7,30,2,2,1306,7325,0,20.191424196018378,0.0,0
Kothrud,Swargate,8,30,2,0,1288,6976,0,19.498136645962735,0.0,1
Kothrud,Swargate,8,30,2,1,1489,7243,0,17.511618535930157,0.0,0
Kothrud,Swargate,8,30,2,2,1459,7325,0,18.074023303632625,0.0,0
Kothrud,Swargate,9,30,2,0,1408,6976,0,17.836363636363636,0.0,1
Kothrud,Swargate,9,30,2,1,1571,7318,0,16.769446212603437,0.0,0
Kothrud,Swargate,9,30,2,2,1537,7333,0,17.175536759921926,0.0,0
Kothrud,Swargate,10,30,2,0,1511,7249,0,17.27094639311714,0.0,1
Kothrud,Swargate,10,30,2,1,1651,7361,0,16.050635978195032,0.0,0
Kothrud,Swargate,10,30,2,2,1654,7427,0,16.165175332527205,0.0,0
Kothrud,Swargate,11,30,2,0,1583,7249,0,16.48540745420088,0.0,1
Kothrud,Swargate,11,30,2,1,1735,7361,0,15.273544668587896,0.0,0
Kothrud,Swargate,11,30,2,2,1782,7427,0,15.004040404040403,0.0,0
Kothrud,Swargate,12,30,2,0,1586,7261,0,16.48146279949559,0.0,1
Kothrud,Swargate,12,30,2,1,1756,7361,0,15.090888382687927,0.0,0
Kothrud,Swargate,12,30,2,2,1817,7427,0,14.715024766097963,0.0,0
Kothrud,Swargate,13,30,2,0,1528,7327,0,17.262565445026176,0.0,1
Kothrud,Swargate,13,30,2,1,1612,7128,0,15.91861042183623,0.0,0
Kothrud,Swargate,13,30,2,2,2042,10140,0,17.87659157688541,0.0,0
Kothrud,Swargate,14,30,2,0,1461,7327,0,18.054209445585215,0.0,1
Kothrud,Swargate,14,30,2,1,1571,7183,0,16.46008911521324,0.0,0
Kothrud,Swargate,14,30,2,2,1964,10140,0,18.58655804480652,0.0,0
Kothrud,Swargate,15,30,2,0,1446,7226,0,17.990041493775934,0.0,1
Kothrud,Swargate,15,30,2,1,1623,7373,0,16.354158964879854,0.0,0
Kothrud,Swargate,15,30,2,2,1754,7427,0,15.243557582668187,0.0,0
Kothrud,Swargate,16,30,2,0,1521,7223,0,17.09585798816568,0.0,1
Kothrud,Swargate,16,30,2,1,1698,7243,0,15.356183745583039,0.0,0
Kothrud,Swargate,16,30,2,2,1806,7427,0,14.804651162790696,0.0,0
Kothrud,Swargate,17,30,2,0,1591,7218,0,16.332369578881206,0.0,1
Kothrud,Swargate,17,30,2,1,1806,7285,0,14.52159468438538,0.0,0
Kothrud,Swargate,17,30,2,2,1850,7427,0,14.452540540540541,0.0,0
Kothrud,Swargate,18,30,2,0,1615,7218,0,16.089659442724457,0.0,1
Kothrud,Swargate,18,30,2,1,1853,7285,0,14.153264975715057,0.0,0
Kothrud,Swargate,18,30,2,2,1817,7427,0,14.715024766097963,0.0,0
Kothrud,Swargate,19,30,2,0,1535,6976,0,16.360651465798046,0.0,1
Kothrud,Swargate,19,30,2,1,1781,7285,0,14.725435148792814,0.0,0
Kothrud,Swargate,19,30,2,2,1686,7404,0,15.809252669039147,0.0,0
Kothrud,Swargate,20,30,2,0,1330,6976,0,18.882406015037592,0.0,1
Kothrud,Swargate,20,30,2,1,1488,7152,0,17.303225806451614,0.0,0
Kothrud,Swargate,20,30,2,2,1388,7206,0,18.68991354466859,0.0,0
Kothrud,Swargate,21,30,2,0,1067,6976,0,23.536644798500472,0.0,1
Kothrud,Swargate,21,30,2,1,1210,7152,0,21.278677685950413,0.0,0
Kothrud,Swargate,21,30,2,2,1151,7301,0,22.835447437011293,0.0,0
Kothrud,Swargate,22,30,2,0,987,6976,0,25.44437689969605,0.0,1
Kothrud,Swargate,22,30,2,1,1130,7152,0,22.785132743362833,0.0,0
Kothrud,Swargate,22,30,2,2,1080,7301,0,24.33666666666667,0.0,0
Kothrud,Swargate,23,30,2,0,987,6976,0,25.44437689969605,0.0,1
Kothrud,Swargate,23,30,2,1,1130,7152,0,22.785132743362833,0.0,0
Kothrud,Swargate,23,30,2,2,1080,7301,0,24.33666666666667,0.0,0
Kothrud,Swargate,6,30,3,0,1026,6976,0,24.477192982456142,0.0,1
Kothrud,Swargate,6,30,3,1,1223,7243,0,21.320359771054786,0.0,0
Kothrud,Swargate,6,30,3,2,1204,7487,0,22.38637873754153,0.0,0
Kothrud,Swargate,7,30,3,0,1127,6976,0,22.283584738243125,0.0,1
Kothrud,Swargate,7,30,3,1,1305,7243,0,19.980689655172416,0.0,0
Kothrud,Swargate,7,30,3,2,1276,7325,0,20.66614420062696,0.0,0
Kothrud,Swargate,8,30,3,0,1259,6976,0,19.947259729944403,0.0,1
Kothrud,Swargate,8,30,3,1,1445,7243,0,18.04484429065744,0.0,0
Kothrud,Swargate,8,30,3,2,1398,7325,0,18.86266094420601,0.0,0
Kothrud,Swargate,9,30,3,0,1372,6999,0,18.364723032069968,0.0,1
Kothrud,Swargate,9,30,3,1,1545,7286,0,16.97708737864078,0.0,0
Kothrud,Swargate,9,30,3,2,1491,7427,0,17.932394366197183,0.0,0
Kothrud,Swargate,10,30,3,0,1488,7268,0,17.583870967741934,0.0,1
Kothrud,Swargate,10,30,3,1,1658,7136,0,15.494330518697225,0.0,0
Kothrud,Swargate,10,30,3,2,1638,7427,0,16.323076923076922,0.0,0
Kothrud,Swargate,11,30,3,0,1597,7261,0,16.367939887288667,0.0,1
Kothrud,Swargate,11,30,3,1,1755,7328,0,15.031794871794872,0.0,0
Kothrud,Swargate,11,30,3,2,1803,7427,0,14.829284525790348,0.0,0
Kothrud,Swargate,12,30,3,0,1630,7261,0,16.036564417177914,0.0,1
Kothrud,Swargate,12,30,3,1,1793,7328,0,14.713218070273287,0.0,0
Kothrud,Swargate,12,30,3,2,1871,7427,0,14.290326028861571,0.0,0
Kothrud,Swargate,13,30,3,0,1601,7327,0,16.475452841973766,0.0,1
Kothrud,Swargate,13,30,3,1,1786,7245,0,14.603583426651737,0.0,0
Kothrud,Swargate,13,30,3,2,1942,7703,0,14.279505664263647,0.0,0
Kothrud,Swargate,14,30,3,0,1547,7266,0,16.908597285067874,0.0,1
Kothrud,Swargate,14,30,3,1,1754,7328,0,15.04036488027366,0.0,0
Kothrud,Swargate,14,30,3,2,2116,10140,0,17.251417769376182,0.0,0
Kothrud,Swargate,15,30,3,0,1525,7266,0,17.152524590163935,0.0,1
Kothrud,Swargate,15,30,3,1,1744,7349,0,15.169954128440367,0.0,0
Kothrud,Swargate,15,30,3,2,1933,7703,0,14.345990688049664,0.0,0
Kothrud,Swargate,16,30,3,0,1567,7261,0,16.68130185067007,0.0,1
Kothrud,Swargate,16,30,3,1,1798,7317,0,14.65027808676307,0.0,0
Kothrud,Swargate,16,30,3,2,1977,7703,0,14.02670713201821,0.0,0
Kothrud,Swargate,17,30,3,0,1610,7218,0,16.139627329192546,0.0,1
Kothrud,Swargate,17,30,3,1,1855,7274,0,14.116657681940703,0.0,0
Kothrud,Swargate,17,30,3,2,1999,7703,0,13.872336168084043,0.0,0
Kothrud,Swargate,18,30,3,0,1615,7218,0,16.089659442724457,0.0,1
Kothrud,Swargate,18,30,3,1,1858,7285,0,14.115177610333694,0.0,0
Kothrud,Swargate,18,30,3,2,1857,7427,0,14.39806138933764,0.0,0
Kothrud,Swargate,19,30,3,0,1544,7206,0,16.80155440414508,0.0,1
Kothrud,Swargate,19,30,3,1,1646,7086,0,15.497934386391252,0.0,0
Kothrud,Swargate,19,30,3,2,1685,7588,0,16.21175074183976,0.0,0
Kothrud,Swargate,20,30,3,0,1341,6976,0,18.72751677852349,0.0,1
Kothrud,Swargate,20,30,3,1,1475,7086,0,17.29464406779661,0.0,0
Kothrud,Swargate,20,30,3,2,1384,7310,0,19.014450867052023,0.0,0
Kothrud,Swargate,21,30,3,0,1071,6976,0,23.44873949579832,0.0,1
Kothrud,Swargate,21,30,3,1,1212,7152,0,21.243564356435645,0.0,0
Kothrud,Swargate,21,30,3,2,1154,7301,0,22.776083188908146,0.0,0
Kothrud,Swargate,22,30,3,0,987,6976,0,25.44437689969605,0.0,1
Kothrud,Swargate,22,30,3,1,1130,7152,0,22.785132743362833,0.0,0
Kothrud,Swargate,22,30,3,2,1080,7301,0,24.33666666666667,0.0,0
Kothrud,Swargate,23,30,3,0,987,6976,0,25.44437689969605,0.0,1
Kothrud,Swargate,23,30,3,1,1130,7152,0,22.785132743362833,0.0,0
Kothrud,Swargate,23,30,3,2,1080,7301,0,24.33666666666667,0.0,0
Kothrud,Swargate,6,30,4,0,1019,6976,0,24.645338567222765,0.0,1
Kothrud,Swargate,6,30,4,1,1153,7152,0,22.330615784908932,0.0,0
Kothrud,Swargate,6,30,4,2,1101,7327,0,23.957493188010897,0.0,0
Kothrud,Swargate,7,30,4,0,1082,6976,0,23.21035120147874,0.0,1
Kothrud,Swargate,7,30,4,1,1269,7243,0,20.547517730496455,0.0,0
Kothrud,Swargate,7,30,4,2,1236,7512,0,21.879611650485437,0.0,0
Kothrud,Swargate,8,30,4,0,1150,6976,0,21.837913043478263,0.0,1
Kothrud,Swargate,8,30,4,1,1353,7243,0,19.271840354767185,0.0,0
Kothrud,Swargate,8,30,4,2,1295,7512,0,20.88277992277992,0.0,0
Kothrud,Swargate,9,30,4,0,1203,6976,0,20.875810473815463,0.0,1
Kothrud,Swargate,9,30,4,1,1400,7243,0,18.62485714285714,0.0,0
Kothrud,Swargate,9,30,4,2,1331,7512,0,20.317956423741546,0.0,0
Kothrud,Swargate,10,30,4,0,1275,7226,0,20.402823529411762,0.0,1
Kothrud,Swargate,10,30,4,1,1395,7427,0,19.166451612903224,0.0,0
Kothrud,Swargate,10,30,4,2,1454,7405,0,18.334250343878953,0.0,0
Kothrud,Swargate,11,30,4,0,1340,7226,0,19.413134328358208,0.0,1
Kothrud,Swargate,11,30,4,1,1528,7243,0,17.064659685863873,0.0,0
Kothrud,Swargate,11,30,4,2,1490,7588,0,18.33342281879195,0.0,0
Kothrud,Swargate,12,30,4,0,1371,7226,0,18.97417943107221,0.0,1
Kothrud,Swargate,12,30,4,1,1553,7177,0,16.636960721184803,0.0,0
Kothrud,Swargate,12,30,4,2,1543,7427,0,17.328062216461436,0.0,0
Kothrud,Swargate,13,30,4,0,1374,7226,0,18.932751091703057,0.0,1
Kothrud,Swargate,13,30,4,1,1530,7177,0,16.88705882352941,0.0,0
Kothrud,Swargate,13,30,4,2,1566,7427,0,17.073563218390802,0.0,0
Kothrud,Swargate,14,30,4,0,1362,7284,0,19.252863436123345,0.0,1
Kothrud,Swargate,14,30,4,1,1500,7177,0,17.2248,0.0,0
Kothrud,Swargate,14,30,4,2,1625,7703,0,17.06510769230769,0.0,0
Kothrud,Swargate,15,30,4,0,1354,7284,0,19.366617429837518,0.0,1
Kothrud,Swargate,15,30,4,1,1493,7177,0,17.305559276624244,0.0,0
Kothrud,Swargate,15,30,4,2,1618,7703,0,17.138936959208902,0.0,0
Kothrud,Swargate,16,30,4,0,1385,7223,0,18.774584837545124,0.0,1
Kothrud,Swargate,16,30,4,1,1534,7177,0,16.84302477183833,0.0,0
Kothrud,Swargate,16,30,4,2,1649,7703,0,16.81673741661613,0.0,0
Kothrud,Swargate,17,30,4,0,1423,7223,0,18.273225579761068,0.0,1
Kothrud,Swargate,17,30,4,1,1589,7177,0,16.260037759597232,0.0,0
Kothrud,Swargate,17,30,4,2,1688,7703,0,16.4281990521327,0.0,0
Kothrud,Swargate,18,30,4,0,1437,7226,0,18.102713987473905,0.0,1
Kothrud,Swargate,18,30,4,1,1632,7093,0,15.646323529411765,0.0,0
Kothrud,Swargate,18,30,4,2,1618,7427,0,16.524845488257107,0.0,0
Kothrud,Swargate,19,30,4,0,1382,6976,0,18.171924746743848,0.0,1
Kothrud,Swargate,19,30,4,1,1598,7177,0,16.16846057571965,0.0,0
Kothrud,Swargate,19,30,4,2,1478,7325,0,17.84167794316644,0.0,0
Kothrud,Swargate,20,30,4,0,1247,6976,0,20.139214113873294,0.0,1
Kothrud,Swargate,20,30,4,1,1473,7243,0,17.701832993890022,0.0,0
Kothrud,Swargate,20,30,4,2,1387,7325,0,19.012256669069934,0.0,0
Kothrud,Swargate,21,30,4,0,1054,6976,0,23.826944971537,0.0,1
Kothrud,Swargate,21,30,4,1,1200,7152,0,21.456000000000003,0.0,0
Kothrud,Swargate,21,30,4,2,1136,7301,0,23.136971830985917,0.0,0
Kothrud,Swargate,22,30,4,0,987,6976,0,25.44437689969605,0.0,1
Kothrud,Swargate,22,30,4,1,1130,7152,0,22.785132743362833,0.0,0
Kothrud,Swargate,22,30,4,2,1080,7301,0,24.33666666666667,0.0,0
Kothrud,Swargate,23,30,4,0,987,6976,0,25.44437689969605,0.0,1
Kothrud,Swargate,23,30,4,1,1130,7152,0,22.785132743362833,0.0,0
Kothrud,Swargate,23,30,4,2,1080,7301,0,24.33666666666667,0.0,0
Kothrud,Swargate,6,30,5,0,1026,6976,0,24.477192982456142,0.0,1
Kothrud,Swargate,6,30,5,1,1224,7243,0,21.302941176470586,0.0,0
Kothrud,Swargate,6,30,5,2,1210,7325,0,21.793388429752063,0.0,0
Kothrud,Swargate,7,30,5,0,1145,6976,0,21.933275109170307,0.0,1
Kothrud,Swargate,7,30,5,1,1316,7243,0,19.81367781155015,0.0,0
Kothrud,Swargate,7,30,5,2,1308,7325,0,20.160550458715598,0.0,0
Kothrud,Swargate,8,30,5,0,1305,6976,0,19.244137931034484,0.0,1
Kothrud,Swargate,8,30,5,1,1473,7243,0,17.701832993890022,0.0,0
Kothrud,Swargate,8,30,5,2,1466,7325,0,17.987721691678036,0.0,0
Kothrud,Swargate,9,30,5,0,1413,6976,0,17.77324840764331,0.0,1
Kothrud,Swargate,9,30,5,1,1559,7177,0,16.57293136626042,0.0,0
Kothrud,Swargate,9,30,5,2,1548,7325,0,17.03488372093023,0.0,0
Kothrud,Swargate,10,30,5,0,1529,7191,0,16.93106605624591,0.0,1
Kothrud,Swargate,10,30,5,1,1636,7219,0,15.885330073349634,0.0,0
Kothrud,Swargate,10,30,5,2,1643,7427,0,16.27340231284236,0.0,0
Kothrud,Swargate,11,30,5,0,1595,7261,0,16.38846394984326,0.0,1
Kothrud,Swargate,11,30,5,1,1716,7361,0,15.442657342657341,0.0,0
Kothrud,Swargate,11,30,5,2,1761,7427,0,15.18296422487223,0.0,0
Kothrud,Swargate,12,30,5,0,1589,7261,0,16.450346129641286,0.0,1
Kothrud,Swargate,12,30,5,1,1733,7361,0,15.291171379111368,0.0,0
Kothrud,Swargate,12,30,5,2,1786,7427,0,14.970436730123179,0.0,0
Kothrud,Swargate,13,30,5,0,1524,7327,0,17.30787401574803,0.0,1
Kothrud,Swargate,13,30,5,1,1706,7349,0,15.507854630715123,0.0,0
Kothrud,Swargate,13,30,5,2,1750,7427,0,15.2784,0.0,0
Kothrud,Swargate,14,30,5,0,1451,7268,0,18.03225361819435,0.0,1
Kothrud,Swargate,14,30,5,1,1626,7416,0,16.41918819188192,0.0,0
Kothrud,Swargate,14,30,5,2,1725,7427,0,15.49982608695652,0.0,0
Kothrud,Swargate,15,30,5,0,1434,7226,0,18.14058577405858,0.0,1
Kothrud,Swargate,15,30,5,1,1609,7373,0,16.496457426973276,0.0,0
Kothrud,Swargate,15,30,5,2,1725,7427,0,15.49982608695652,0.0,0
Kothrud,Swargate,16,30,5,0,1516,7165,0,17.014511873350923,0.0,1
Kothrud,Swargate,16,30,5,1,1682,7384,0,15.804042806183118,0.0,0
Kothrud,Swargate,16,30,5,2,1781,7427,0,15.012464907355417,0.0,0
Kothrud,Swargate,17,30,5,0,1587,7218,0,16.373534971644613,0.0,1
Kothrud,Swargate,17,30,5,1,1787,7318,0,14.74247341913822,0.0,0
Kothrud,Swargate,17,30,5,2,1822,7427,0,14.674643249176729,0.0,0
Kothrud,Swargate,18,30,5,0,1611,7218,0,16.129608938547484,0.0,1
Kothrud,Swargate,18,30,5,1,1823,7285,0,14.386176631925398,0.0,0
Kothrud,Swargate,18,30,5,2,1788,7427,0,14.953691275167785,0.0,0
Kothrud,Swargate,19,30,5,0,1506,6976,0,16.675697211155377,0.0,1
Kothrud,Swargate,19,30,5,1,1748,7202,0,14.832494279176201,0.0,0
Kothrud,Swargate,19,30,5,2,1676,7404,0,15.903579952267302,0.0,0
Kothrud,Swargate,20,30,5,0,1308,6976,0,19.2,0.0,1
Kothrud,Swargate,20,30,5,1,1475,7152,0,17.455728813559322,0.0,0
Kothrud,Swargate,20,30,5,2,1385,7223,0,18.774584837545124,0.0,0
Kothrud,Swargate,21,30,5,0,1063,6976,0,23.625211665098778,0.0,1
Kothrud,Swargate,21,30,5,1,1207,7152,0,21.331565865782935,0.0,0
Kothrud,Swargate,21,30,5,2,1152,7301,0,22.815625,0.0,0
Kothrud,Swargate,22,30,5,0,987,6976,0,25.44437689969605,0.0,1
Kothrud,Swargate,22,30,5,1,1130,7152,0,22.785132743362833,0.0,0
Kothrud,Swargate,22,30,5,2,1080,7301,0,24.33666666666667,0.0,0
Kothrud,Swargate,23,30,5,0,987,6976,0,25.44437689969605,0.0,1
Kothrud,Swargate,23,30,5,1,1130,7152,0,22.785132743362833,0.0,0
Kothrud,Swargate,23,30,5,2,1080,7301,0,24.33666666666667,0.0,0
Kothrud,Swargate,6,30,6,0,1028,6976,0,24.429571984435796,0.0,1
Kothrud,Swargate,6,30,6,1,1225,7243,0,21.285551020408164,0.0,0
Kothrud,Swargate,6,30,6,2,1212,7325,0,21.75742574257426,0.0,0
Kothrud,Swargate,7,30,6,0,1149,6976,0,21.85691906005222,0.0,1
Kothrud,Swargate,7,30,6,1,1325,7243,0,19.67909433962264,0.0,0
Kothrud,Swargate,7,30,6,2,1314,7333,0,20.090410958904112,0.0,0
Kothrud,Swargate,8,30,6,0,1327,6976,0,18.92509419743783,0.0,1
Kothrud,Swargate,8,30,6,1,1493,7384,0,17.80468854655057,0.0,0
Kothrud,Swargate,8,30,6,2,1476,7333,0,17.885365853658538,0.0,0
Kothrud,Swargate,9,30,6,0,1458,6976,0,17.22469135802469,0.0,1
Kothrud,Swargate,9,30,6,1,1583,7318,0,16.64232469993683,0.0,0
Kothrud,Swargate,9,30,6,2,1566,7333,0,16.857471264367817,0.0,0
Kothrud,Swargate,10,30,6,0,1563,7240,0,16.675623800383878,0.0,1
Kothrud,Swargate,10,30,6,1,1668,7361,0,15.88705035971223,0.0,0
Kothrud,Swargate,10,30,6,2,1678,7427,0,15.933969010727056,0.0,0
Kothrud,Swargate,11,30,6,0,1623,7261,0,16.105730129390018,0.0,1
Kothrud,Swargate,11,30,6,1,1750,7361,0,15.14262857142857,0.0,0
Kothrud,Swargate,11,30,6,2,1804,7427,0,14.821064301552108,0.0,0
Kothrud,Swargate,12,30,6,0,1607,7261,0,16.26608587429994,0.0,1
Kothrud,Swargate,12,30,6,1,1764,7361,0,15.022448979591836,0.0,0
Kothrud,Swargate,12,30,6,2,1832,7427,0,14.594541484716158,0.0,0
Kothrud,Swargate,13,30,6,0,1534,7327,0,17.19504563233377,0.0,1
Kothrud,Swargate,13,30,6,1,1636,7183,0,15.806112469437654,0.0,0
Kothrud,Swargate,13,30,6,2,2024,10140,0,18.035573122529648,0.0,0
Kothrud,Swargate,14,30,6,0,1458,7268,0,17.94567901234568,0.0,1
Kothrud,Swargate,14,30,6,1,1628,7344,0,16.23980343980344,0.0,0
Kothrud,Swargate,14,30,6,2,1944,10140,0,18.77777777777778,0.0,0
Kothrud,Swargate,15,30,6,0,1439,7226,0,18.077553856845032,0.0,1
Kothrud,Swargate,15,30,6,1,1618,7373,0,16.404697156983932,0.0,0
Kothrud,Swargate,15,30,6,2,1737,7427,0,15.392746113989636,0.0,0
Kothrud,Swargate,16,30,6,0,1526,7197,0,16.978505897771953,0.0,1
Kothrud,Swargate,16,30,6,1,1691,7384,0,15.719929036073331,0.0,0
Kothrud,Swargate,16,30,6,2,1785,7427,0,14.978823529411763,0.0,0
Kothrud,Swargate,17,30,6,0,1606,7218,0,16.179825653798257,0.0,1
Kothrud,Swargate,17,30,6,1,1797,7318,0,14.660434056761268,0.0,0
Kothrud,Swargate,17,30,6,2,1823,7427,0,14.666593527153044,0.0,0
Kothrud,Swargate,18,30,6,0,1632,7218,0,15.922058823529413,0.0,1
Kothrud,Swargate,18,30,6,1,1841,7285,0,14.245518739815317,0.0,0
Kothrud,Swargate,18,30,6,2,1796,7427,0,14.887082405345211,0.0,0
Kothrud,Swargate,19,30,6,0,1549,6976,0,16.212782440284055,0.0,1
Kothrud,Swargate,19,30,6,1,1768,7177,0,14.613800904977374,0.0,0
Kothrud,Swargate,19,30,6,2,1687,7404,0,15.799881446354476,0.0,0
Kothrud,Swargate,20,30,6,0,1336,6976,0,18.79760479041916,0.0,1
Kothrud,Swargate,20,30,6,1,1478,7152,0,17.420297699594045,0.0,0
Kothrud,Swargate,20,30,6,2,1390,7223,0,18.70705035971223,0.0,0
Kothrud,Swargate,21,30,6,0,1068,6976,0,23.514606741573033,0.0,1
Kothrud,Swargate,21,30,6,1,1207,7152,0,21.331565865782935,0.0,0
Kothrud,Swargate,21,30,6,2,1153,7301,0,22.795836947094536,0.0,0
Kothrud,Swargate,22,30,6,0,987,6976,0,25.44437689969605,0.0,1
Kothrud,Swargate,22,30,6,1,1130,7152,0,22.785132743362833,0.0,0
Kothrud,Swargate,22,30,6,2,1080,7301,0,24.33666666666667,0.0,0
Kothrud,Swargate,23,30,6,0,987,6976,0,25.44437689969605,0.0,1
Kothrud,Swargate,23,30,6,1,1130,7152,0,22.785132743362833,0.0,0
Kothrud,Swargate,23,30,6,2,1080,7301,0,24.33666666666667,0.0,0
Kothrud,Hinjewadi,6,30,0,0,1359,16099,0,42.64635761589404,0.0,1
Kothrud,Hinjewadi,6,30,0,1,2159,18880,0,31.4812413154238,0.0,0
Kothrud,Hinjewadi,6,30,0,2,1877,15637,0,29.991049547149707,0.0,0
Kothrud,Hinjewadi,7,30,0,0,1498,16099,0,38.68918558077437,0.0,1
Kothrud,Hinjewadi,7,30,0,1,2434,18880,0,27.924404272801972,0.0,0
Kothrud,Hinjewadi,7,30,0,2,2049,15641,0,27.4805270863836,0.0,0
Kothrud,Hinjewadi,8,30,0,0,1673,16099,0,34.64219964136282,0.0,1
Kothrud,Hinjewadi,8,30,0,1,2689,18880,0,25.276310896243956,0.0,0
Kothrud,Hinjewadi,8,30,0,2,2372,17371,0,26.364080944350757,0.0,0
Kothrud,Hinjewadi,9,30,0,0,1746,16099,0,33.19381443298969,0.0,1
Kothrud,Hinjewadi,9,30,0,1,2801,18880,0,24.26561942163513,0.0,0
Kothrud,Hinjewadi,9,30,0,2,2437,17371,0,25.66089454247025,0.0,0
Kothrud,Hinjewadi,10,30,0,0,1802,16099,0,32.1622641509434,0.0,1
Kothrud,Hinjewadi,10,30,0,1,2909,18880,0,23.36473014781712,0.0,0
Kothrud,Hinjewadi,10,30,0,2,2515,17371,0,24.865049701789264,0.0,0
Kothrud,Hinjewadi,11,30,0,0,1812,16099,0,31.98476821192053,0.0,1
Kothrud,Hinjewadi,11,30,0,1,2934,18880,0,23.165644171779142,0.0,0
Kothrud,Hinjewadi,11,30,0,2,2385,15641,0,23.609056603773585,0.0,0
Kothrud,Hinjewadi,12,30,0,0,1769,16099,0,32.76223855285472,0.0,1
Kothrud,Hinjewadi,12,30,0,1,2840,18880,0,23.932394366197183,0.0,0
Kothrud,Hinjewadi,12,30,0,2,2345,15641,0,24.0117697228145,0.0,0
Kothrud,Hinjewadi,13,30,0,0,1641,16099,0,35.31773308957953,0.0,1
Kothrud,Hinjewadi,13,30,0,1,2675,18880,0,25.40859813084112,0.0,0
Kothrud,Hinjewadi,13,30,0,2,2213,15641,0,25.44401265250791,0.0,0
Kothrud,Hinjewadi,14,30,0,0,1551,16099,0,37.36711798839458,0.0,1
Kothrud,Hinjewadi,14,30,0,1,2614,18880,0,26.00153022188217,0.0,0
Kothrud,Hinjewadi,14,30,0,2,2125,15641,0,26.497694117647058,0.0,0
Kothrud,Hinjewadi,15,30,0,0,1556,16099,0,37.247043701799484,0.0,1
Kothrud,Hinjewadi,15,30,0,1,2679,18880,0,25.37066069428891,0.0,0
Kothrud,Hinjewadi,15,30,0,2,2139,15641,0,26.324263674614308,0.0,0
Kothrud,Hinjewadi,16,30,0,0,1666,16099,0,34.78775510204082,0.0,1
Kothrud,Hinjewadi,16,30,0,1,2925,18880,0,23.236923076923077,0.0,0
Kothrud,Hinjewadi,16,30,0,2,2285,15641,0,24.642275711159737,0.0,0
Kothrud,Hinjewadi,17,30,0,0,1802,16099,0,32.1622641509434,0.0,1
Kothrud,Hinjewadi,17,30,0,1,3231,18880,0,21.036211699164344,0.0,0
Kothrud,Hinjewadi,17,30,0,2,2480,15641,0,22.704677419354837,0.0,0
Kothrud,Hinjewadi,18,30,0,0,1878,16099,0,30.860702875399365,0.0,1
Kothrud,Hinjewadi,18,30,0,1,3299,18880,0,20.602606850560775,0.0,0
Kothrud,Hinjewadi,18,30,0,2,2557,15637,0,22.015330465389127,0.0,0
Kothrud,Hinjewadi,19,30,0,0,1805,16099,0,32.10880886426593,0.0,1
Kothrud,Hinjewadi,19,30,0,1,2966,18880,0,22.915711395819283,0.0,0
Kothrud,Hinjewadi,19,30,0,2,2467,15641,0,22.824321037697608,0.0,0
Kothrud,Hinjewadi,20,30,0,0,1597,16099,0,36.29079524107702,0.0,1
Kothrud,Hinjewadi,20,30,0,1,2524,18880,0,26.928684627575276,0.0,0
Kothrud,Hinjewadi,20,30,0,2,2193,15641,0,25.67606019151847,0.0,0
Kothrud,Hinjewadi,21,30,0,0,1378,16099,0,42.05834542815675,0.0,1
Kothrud,Hinjewadi,21,30,0,1,2143,18880,0,31.716285580961266,0.0,0
Kothrud,Hinjewadi,21,30,0,2,1904,15641,0,29.573319327731095,0.0,0
Kothrud,Hinjewadi,22,30,0,0,1314,16099,0,44.106849315068494,0.0,1
Kothrud,Hinjewadi,22,30,0,1,2067,18880,0,32.882438316400574,0.0,0
Kothrud,Hinjewadi,22,30,0,2,1819,15637,0,30.947333699835074,0.0,0
Kothrud,Hinjewadi,23,30,0,0,1314,16099,0,44.106849315068494,0.0,1
Kothrud,Hinjewadi,23,30,0,1,2067,18880,0,32.882438316400574,0.0,0
Kothrud,Hinjewadi,23,30,0,2,1819,15637,0,30.947333699835074,0.0,0
Kothrud,Hinjewadi,6,30,1,0,1354,16099,0,42.803840472673556,0.0,1
Kothrud,Hinjewadi,6,30,1,1,2151,18880,0,31.598326359832633,0.0,0
Kothrud,Hinjewadi,6,30,1,2,1872,15637,0,30.071153846153845,0.0,0
Kothrud,Hinjewadi,7,30,1,0,1471,16099,0,39.39932019034671,0.0,1
Kothrud,Hinjewadi,7,30,1,1,2399,18880,0,28.331804918716127,0.0,0
Kothrud,Hinjewadi,7,30,1,2,2022,15641,0,27.847477744807122,0.0,0
Kothrud,Hinjewadi,8,30,1,0,1627,16099,0,35.62163491087892,0.0,1
Kothrud,Hinjewadi,8,30,1,1,2641,18880,0,25.73570617190458,0.0,0
Kothrud,Hinjewadi,8,30,1,2,2180,15641,0,25.829174311926607,0.0,0
Kothrud,Hinjewadi,9,30,1,0,1688,16099,0,34.33436018957346,0.0,1
Kothrud,Hinjewadi,9,30,1,1,2750,18880,0,24.715636363636364,0.0,0
Kothrud,Hinjewadi,9,30,1,2,2399,17371,0,26.06736140058357,0.0,0
Kothrud,Hinjewadi,10,30,1,0,1738,16099,0,33.34660529344074,0.0,1
Kothrud,Hinjewadi,10,30,1,1,2858,18880,0,23.781665500349895,0.0,0
Kothrud,Hinjewadi,10,30,1,2,2471,17371,0,25.307810602994735,0.0,0
Kothrud,Hinjewadi,11,30,1,0,1754,16099,0,33.042417331813,0.0,1
Kothrud,Hinjewadi,11,30,1,1,2892,18880,0,23.50207468879668,0.0,0
Kothrud,Hinjewadi,11,30,1,2,2330,15641,0,24.16635193133047,0.0,0
Kothrud,Hinjewadi,12,30,1,0,1726,16099,0,33.578447276940906,0.0,1
Kothrud,Hinjewadi,12,30,1,1,2813,18880,0,24.16210451475293,0.0,0
Kothrud,Hinjewadi,12,30,1,2,2301,15641,0,24.470925684485007,0.0,0
Kothrud,Hinjewadi,13,30,1,0,1619,16099,0,35.797652872143296,0.0,1
Kothrud,Hinjewadi,13,30,1,1,2661,18880,0,25.54227733934611,0.0,0
Kothrud,Hinjewadi,13,30,1,2,2192,15641,0,25.687773722627735,0.0,0
Kothrud,Hinjewadi,14,30,1,0,1540,16099,0,37.634025974025974,0.0,1
Kothrud,Hinjewadi,14,30,1,1,2595,18880,0,26.191907514450865,0.0,0
Kothrud,Hinjewadi,14,30,1,2,2115,15641,0,26.622978723404255,0.0,0
Kothrud,Hinjewadi,15,30,1,0,1545,16099,0,37.51223300970874,0.0,1
Kothrud,Hinjewadi,15,30,1,1,2652,18880,0,25.628959276018097,0.0,0
Kothrud,Hinjewadi,15,30,1,2,2128,15641,0,26.46033834586466,0.0,0
Kothrud,Hinjewadi,16,30,1,0,1652,16099,0,35.082566585956414,0.0,1
Kothrud,Hinjewadi,16,30,1,1,2891,18880,0,23.510204081632654,0.0,0
Kothrud,Hinjewadi,16,30,1,2,2266,15641,0,24.848896734333625,0.0,0
Kothrud,Hinjewadi,17,30,1,0,1783,16099,0,32.504991587212565,0.0,1
Kothrud,Hinjewadi,17,30,1,1,3200,18880,0,21.24,0.0,0
Kothrud,Hinjewadi,17,30,1,2,2441,15641,0,23.06743138058173,0.0,0
Kothrud,Hinjewadi,18,30,1,0,1857,16099,0,31.209693053311792,0.0,1
Kothrud,Hinjewadi,18,30,1,1,3276,18880,0,20.747252747252745,0.0,0
Kothrud,Hinjewadi,18,30,1,2,2522,15641,0,22.326566217287866,0.0,0
Kothrud,Hinjewadi,19,30,1,0,1790,16099,0,32.377877094972064,0.0,1
Kothrud,Hinjewadi,19,30,1,1,2953,18880,0,23.016593294954284,0.0,0
Kothrud,Hinjewadi,19,30,1,2,2409,15637,0,23.367870485678704,0.0,0
Kothrud,Hinjewadi,20,30,1,0,1591,16099,0,36.427655562539286,0.0,1
Kothrud,Hinjewadi,20,30,1,1,2520,18880,0,26.97142857142857,0.0,0
Kothrud,Hinjewadi,20,30,1,2,2158,15637,0,26.085820203892492,0.0,0
Kothrud,Hinjewadi,21,30,1,0,1378,16099,0,42.05834542815675,0.0,1
Kothrud,Hinjewadi,21,30,1,1,2143,18880,0,31.716285580961266,0.0,0
Kothrud,Hinjewadi,21,30,1,2,1885,15637,0,29.863766578249336,0.0,0
Kothrud,Hinjewadi,22,30,1,0,1314,16099,0,44.106849315068494,0.0,1
Kothrud,Hinjewadi,22,30,1,1,2067,18880,0,32.882438316400574,0.0,0
Kothrud,Hinjewadi,22,30,1,2,1819,15637,0,30.947333699835074,0.0,0
Kothrud,Hinjewadi,23,30,1,0,1314,16099,0,44.106849315068494,0.0,1
Kothrud,Hinjewadi,23,30,1,1,2067,18880,0,32.882438316400574,0.0,0
Kothrud,Hinjewadi,23,30,1,2,1819,15637,0,30.947333699835074,0.0,0
Kothrud,Hinjewadi,6,30,2,0,1347,16099,0,43.026280623608024,0.0,1
Kothrud,Hinjewadi,6,30,2,1,2144,18880,0,31.701492537313435,0.0,0
Kothrud,Hinjewadi,6,30,2,2,1867,15637,0,30.151687198714516,0.0,0
Kothrud,Hinjewadi,7,30,2,0,1443,16099,0,40.16382536382537,0.0,1
Kothrud,Hinjewadi,7,30,2,1,2367,18880,0,28.714828897338403,0.0,0
Kothrud,Hinjewadi,7,30,2,2,2000,15641,0,28.1538,0.0,0
Kothrud,Hinjewadi,8,30,2,0,1587,16099,0,36.519470699432894,0.0,1
Kothrud,Hinjewadi,8,30,2,1,2590,18880,0,26.242471042471042,0.0,0
Kothrud,Hinjewadi,8,30,2,2,2148,15641,0,26.213966480446928,0.0,0
Kothrud,Hinjewadi,9,30,2,0,1646,16099,0,35.21044957472661,0.0,1
Kothrud,Hinjewadi,9,30,2,1,2687,18880,0,25.295124674358018,0.0,0
Kothrud,Hinjewadi,9,30,2,2,2202,15641,0,25.571117166212534,0.0,0
Kothrud,Hinjewadi,10,30,2,0,1702,16099,0,34.05193889541715,0.0,1
Kothrud,Hinjewadi,10,30,2,1,2805,18880,0,24.231016042780748,0.0,0
Kothrud,Hinjewadi,10,30,2,2,2268,15641,0,24.826984126984126,0.0,0
Kothrud,Hinjewadi,11,30,2,0,1741,16099,0,33.28914417001723,0.0,1
Kothrud,Hinjewadi,11,30,2,1,2867,18880,0,23.707010812696197,0.0,0
Kothrud,Hinjewadi,11,30,2,2,2322,15641,0,24.249612403100773,0.0,0
Kothrud,Hinjewadi,12,30,2,0,1736,16099,0,33.38502304147465,0.0,1
Kothrud,Hinjewadi,12,30,2,1,2818,18880,0,24.119233498935415,0.0,0
Kothrud,Hinjewadi,12,30,2,2,2317,15641,0,24.301942166594735,0.0,0
Kothrud,Hinjewadi,13,30,2,0,1638,16099,0,35.38241758241758,0.0,1
Kothrud,Hinjewadi,13,30,2,1,2691,18880,0,25.257525083612038,0.0,0
Kothrud,Hinjewadi,13,30,2,2,2222,15641,0,25.34095409540954,0.0,0
Kothrud,Hinjewadi,14,30,2,0,1552,16099,0,37.343041237113404,0.0,1
Kothrud,Hinjewadi,14,30,2,1,2637,18880,0,25.77474402730375,0.0,0
Kothrud,Hinjewadi,14,30,2,2,2135,15641,0,26.373583138173302,0.0,0
Kothrud,Hinjewadi,15,30,2,0,1550,16099,0,37.39122580645161,0.0,1
Kothrud,Hinjewadi,15,30,2,1,2696,18880,0,25.2106824925816,0.0,0
Kothrud,Hinjewadi,15,30,2,2,2139,15641,0,26.324263674614308,0.0,0
Kothrud,Hinjewadi,16,30,2,0,1656,16099,0,34.99782608695652,0.0,1
Kothrud,Hinjewadi,16,30,2,1,2916,18880,0,23.30864197530864,0.0,0
Kothrud,Hinjewadi,16,30,2,2,2274,15641,0,24.761477572559365,0.0,0
Kothrud,Hinjewadi,17,30,2,0,1790,16099,0,32.377877094972064,0.0,1
Kothrud,Hinjewadi,17,30,2,1,3199,18880,0,21.246639574867146,0.0,0
Kothrud,Hinjewadi,17,30,2,2,2453,15641,0,22.95458622095393,0.0,0
Kothrud,Hinjewadi,18,30,2,0,1872,16099,0,30.959615384615383,0.0,1
Kothrud,Hinjewadi,18,30,2,1,3276,18880,0,20.747252747252745,0.0,0
Kothrud,Hinjewadi,18,30,2,2,2552,15641,0,22.0641065830721,0.0,0
Kothrud,Hinjewadi,19,30,2,0,1820,16099,0,31.844175824175824,0.0,1
Kothrud,Hinjewadi,19,30,2,1,2968,18880,0,22.900269541778975,0.0,0
Kothrud,Hinjewadi,19,30,2,2,2451,15637,0,22.96744186046512,0.0,0
Kothrud,Hinjewadi,20,30,2,0,1619,16099,0,35.797652872143296,0.0,1
Kothrud,Hinjewadi,20,30,2,1,2541,18880,0,26.748524203069657,0.0,0
Kothrud,Hinjewadi,20,30,2,2,2190,15637,0,25.70465753424658,0.0,0
Kothrud,Hinjewadi,21,30,2,0,1384,16099,0,41.87601156069365,0.0,1
Kothrud,Hinjewadi,21,30,2,1,2144,18880,0,31.701492537313435,0.0,0
Kothrud,Hinjewadi,21,30,2,2,1890,15637,0,29.784761904761904,0.0,0
Kothrud,Hinjewadi,22,30,2,0,1314,16099,0,44.106849315068494,0.0,1
Kothrud,Hinjewadi,22,30,2,1,2067,18880,0,32.882438316400574,0.0,0
Kothrud,Hinjewadi,22,30,2,2,1819,15637,0,30.947333699835074,0.0,0
Kothrud,Hinjewadi,23,30,2,0,1314,16099,0,44.106849315068494,0.0,1
Kothrud,Hinjewadi,23,30,2,1,2067,18880,0,32.882438316400574,0.0,0
Kothrud,Hinjewadi,23,30,2,2,1819,15637,0,30.947333699835074,0.0,0
Kothrud,Hinjewadi,6,30,3,0,1342,16099,0,43.1865871833085,0.0,1
Kothrud,Hinjewadi,6,30,3,1,2123,18880,0,32.01507300989166,0.0,0
Kothrud,Hinjewadi,6,30,3,2,1856,15637,0,30.330387931034483,0.0,0
Kothrud,Hinjewadi,7,30,3,0,1393,16099,0,41.605455850681984,0.0,1
Kothrud,Hinjewadi,7,30,3,1,2250,18880,0,30.208,0.0,0
Kothrud,Hinjewadi,7,30,3,2,1929,15641,0,29.1900466562986,0.0,0
Kothrud,Hinjewadi,8,30,3,0,1475,16099,0,39.29247457627119,0.0,1
Kothrud,Hinjewadi,8,30,3,1,2391,18880,0,28.42659974905897,0.0,0
Kothrud,Hinjewadi,8,30,3,2,2025,15641,0,27.80622222222222,0.0,0
Kothrud,Hinjewadi,9,30,3,0,1532,16099,0,37.83054830287206,0.0,1
Kothrud,Hinjewadi,9,30,3,1,2474,18880,0,27.47291835084883,0.0,0
Kothrud,Hinjewadi,9,30,3,2,2084,15641,0,27.019001919385797,0.0,0
Kothrud,Hinjewadi,10,30,3,0,1599,16099,0,36.2454033771107,0.0,1
Kothrud,Hinjewadi,10,30,3,1,2597,18880,0,26.171736619175974,0.0,0
Kothrud,Hinjewadi,10,30,3,2,2159,15641,0,26.080407596109307,0.0,0
Kothrud,Hinjewadi,11,30,3,0,1675,16099,0,34.60083582089552,0.0,1
Kothrud,Hinjewadi,11,30,3,1,2735,18880,0,24.851188299817185,0.0,0
Kothrud,Hinjewadi,11,30,3,2,2248,15641,0,25.047864768683272,0.0,0
Kothrud,Hinjewadi,12,30,3,0,1708,16099,0,33.93231850117096,0.0,1
Kothrud,Hinjewadi,12,30,3,1,2786,18880,0,24.39626704953338,0.0,0
Kothrud,Hinjewadi,12,30,3,2,2282,15641,0,24.674671340929013,0.0,0
Kothrud,Hinjewadi,13,30,3,0,1696,16099,0,34.17240566037736,0.0,1
Kothrud,Hinjewadi,13,30,3,1,2781,18880,0,24.44012944983819,0.0,0
Kothrud,Hinjewadi,13,30,3,2,2261,15641,0,24.903847854931445,0.0,0
Kothrud,Hinjewadi,14,30,3,0,1677,16099,0,34.559570661896245,0.0,1
Kothrud,Hinjewadi,14,30,3,1,2775,18880,0,24.49297297297297,0.0,0
Kothrud,Hinjewadi,14,30,3,2,2233,15641,0,25.216121809225257,0.0,0
Kothrud,Hinjewadi,15,30,3,0,1687,16099,0,34.3547125074096,0.0,1
Kothrud,Hinjewadi,15,30,3,1,2820,18880,0,24.102127659574467,0.0,0
Kothrud,Hinjewadi,15,30,3,2,2243,15641,0,25.10370040124833,0.0,0
Kothrud,Hinjewadi,16,30,3,0,1728,16099,0,33.53958333333333,0.0,1
Kothrud,Hinjewadi,16,30,3,1,2955,18880,0,23.001015228426397,0.0,0
Kothrud,Hinjewadi,16,30,3,2,2307,15641,0,24.407282184655397,0.0,0
Kothrud,Hinjewadi,17,30,3,0,1772,16099,0,32.70677200902934,0.0,1
Kothrud,Hinjewadi,17,30,3,1,3105,18880,0,21.889855072463767,0.0,0
Kothrud,Hinjewadi,17,30,3,2,2384,15641,0,23.618959731543622,0.0,0
Kothrud,Hinjewadi,18,30,3,0,1784,16099,0,32.48677130044843,0.0,1
Kothrud,Hinjewadi,18,30,3,1,3088,19283,0,22.48018134715026,0.0,0
Kothrud,Hinjewadi,18,30,3,2,2422,15641,0,23.24838976052849,0.0,0
Kothrud,Hinjewadi,19,30,3,0,1723,16099,0,33.63691236215902,0.0,1
Kothrud,Hinjewadi,19,30,3,1,2851,18880,0,23.840056120659415,0.0,0
Kothrud,Hinjewadi,19,30,3,2,2371,15641,0,23.74846056516238,0.0,0
Kothrud,Hinjewadi,20,30,3,0,1591,16099,0,36.427655562539286,0.0,1
Kothrud,Hinjewadi,20,30,3,1,2526,18880,0,26.90736342042755,0.0,0
Kothrud,Hinjewadi,20,30,3,2,2192,15641,0,25.687773722627735,0.0,0
Kothrud,Hinjewadi,21,30,3,0,1384,16099,0,41.87601156069365,0.0,1
Kothrud,Hinjewadi,21,30,3,1,2146,18880,0,31.67194780987884,0.0,0
Kothrud,Hinjewadi,21,30,3,2,1892,15637,0,29.753276955602537,0.0,0
Kothrud,Hinjewadi,22,30,3,0,1314,16099,0,44.106849315068494,0.0,1
Kothrud,Hinjewadi,22,30,3,1,2067,18880,0,32.882438316400574,0.0,0
Kothrud,Hinjewadi,22,30,3,2,1819,15637,0,30.947333699835074,0.0,0
Kothrud,Hinjewadi,23,30,3,0,1314,16099,0,44.106849315068494,0.0,1
Kothrud,Hinjewadi,23,30,3,1,2067,18880,0,32.882438316400574,0.0,0
Kothrud,Hinjewadi,23,30,3,2,1819,15637,0,30.947333699835074,0.0,0
Kothrud,Hinjewadi,6,30,4,0,1339,16099,0,43.28334578043316,0.0,1
Kothrud,Hinjewadi,6,30,4,1,2107,18880,0,32.25818699572852,0.0,0
Kothrud,Hinjewadi,6,30,4,2,1863,15641,0,30.224154589371985,0.0,0
Kothrud,Hinjewadi,7,30,4,0,1363,16099,0,42.52120322817315,0.0,1
Kothrud,Hinjewadi,7,30,4,1,2171,18880,0,31.307231690465223,0.0,0
Kothrud,Hinjewadi,7,30,4,2,1891,15641,0,29.77662612374405,0.0,0
Kothrud,Hinjewadi,8,30,4,0,1410,16099,0,41.10382978723404,0.0,1
Kothrud,Hinjewadi,8,30,4,1,2252,18880,0,30.181172291296626,0.0,0
Kothrud,Hinjewadi,8,30,4,2,1940,15641,0,29.024536082474228,0.0,0
Kothrud,Hinjewadi,9,30,4,0,1444,16099,0,40.136011080332416,0.0,1
Kothrud,Hinjewadi,9,30,4,1,2308,18880,0,29.44887348353553,0.0,0
Kothrud,Hinjewadi,9,30,4,2,1977,15641,0,28.48133535660091,0.0,0
Kothrud,Hinjewadi,10,30,4,0,1490,16099,0,38.89691275167785,0.0,1
Kothrud,Hinjewadi,10,30,4,1,2381,18880,0,28.545989080218394,0.0,0
Kothrud,Hinjewadi,10,30,4,2,2021,15641,0,27.86125680356259,0.0,0
Kothrud,Hinjewadi,11,30,4,0,1545,16099,0,37.51223300970874,0.0,1
Kothrud,Hinjewadi,11,30,4,1,2463,18880,0,27.595615103532275,0.0,0
Kothrud,Hinjewadi,11,30,4,2,2074,15641,0,27.14927675988428,0.0,0
Kothrud,Hinjewadi,12,30,4,0,1563,16099,0,37.080230326295585,0.0,1
Kothrud,Hinjewadi,12,30,4,1,2487,18880,0,27.329312424607963,0.0,0
Kothrud,Hinjewadi,12,30,4,2,2092,15641,0,26.91567877629063,0.0,0
Kothrud,Hinjewadi,13,30,4,0,1559,16099,0,37.17536882617062,0.0,1
Kothrud,Hinjewadi,13,30,4,1,2488,18880,0,27.318327974276524,0.0,0
Kothrud,Hinjewadi,13,30,4,2,2085,15641,0,27.006043165467624,0.0,0
Kothrud,Hinjewadi,14,30,4,0,1555,16099,0,37.27099678456592,0.0,1
Kothrud,Hinjewadi,14,30,4,1,2509,18880,0,27.08967716221602,0.0,0
Kothrud,Hinjewadi,14,30,4,2,2078,15641,0,27.097016361886432,0.0,0
Kothrud,Hinjewadi,15,30,4,0,1572,16099,0,36.867938931297715,0.0,1
Kothrud,Hinjewadi,15,30,4,1,2551,18880,0,26.643669149353194,0.0,0
Kothrud,Hinjewadi,15,30,4,2,2090,15641,0,26.941435406698563,0.0,0
Kothrud,Hinjewadi,16,30,4,0,1616,16099,0,35.86410891089109,0.0,1
Kothrud,Hinjewadi,16,30,4,1,2631,18880,0,25.83352337514253,0.0,0
Kothrud,Hinjewadi,16,30,4,2,2132,15641,0,26.410694183864916,0.0,0
Kothrud,Hinjewadi,17,30,4,0,1669,16099,0,34.72522468544039,0.0,1
Kothrud,Hinjewadi,17,30,4,1,2719,18880,0,24.997425524089735,0.0,0
Kothrud,Hinjewadi,17,30,4,2,2183,15641,0,25.7936784241869,0.0,0
Kothrud,Hinjewadi,18,30,4,0,1690,16099,0,34.293727810650886,0.0,1
Kothrud,Hinjewadi,18,30,4,1,2721,18880,0,24.97905181918412,0.0,0
Kothrud,Hinjewadi,18,30,4,2,2203,15641,0,25.559509759418976,0.0,0
Kothrud,Hinjewadi,19,30,4,0,1639,16099,0,35.36082977425259,0.0,1
Kothrud,Hinjewadi,19,30,4,1,2590,18880,0,26.242471042471042,0.0,0
Kothrud,Hinjewadi,19,30,4,2,2162,15641,0,26.04421831637373,0.0,0
Kothrud,Hinjewadi,20,30,4,0,1536,16099,0,37.73203125,0.0,1
Kothrud,Hinjewadi,20,30,4,1,2393,18880,0,28.402841621395737,0.0,0
Kothrud,Hinjewadi,20,30,4,2,2059,15641,0,27.34706168042739,0.0,0
Kothrud,Hinjewadi,21,30,4,0,1373,16099,0,42.21150764748725,0.0,1
Kothrud,Hinjewadi,21,30,4,1,2130,18880,0,31.909859154929574,0.0,0
Kothrud,Hinjewadi,21,30,4,2,1886,15641,0,29.855567338282082,0.0,0
Kothrud,Hinjewadi,22,30,4,0,1314,16099,0,44.106849315068494,0.0,1
Kothrud,Hinjewadi,22,30,4,1,2067,18880,0,32.882438316400574,0.0,0
Kothrud,Hinjewadi,22,30,4,2,1819,15637,0,30.947333699835074,0.0,0
Kothrud,Hinjewadi,23,30,4,0,1314,16099,0,44.106849315068494,0.0,1
Kothrud,Hinjewadi,23,30,4,1,2067,18880,0,32.882438316400574,0.0,0
Kothrud,Hinjewadi,23,30,4,2,1819,15637,0,30.947333699835074,0.0,0
Kothrud,Hinjewadi,6,30,5,0,1359,16099,0,42.64635761589404,0.0,1
Kothrud,Hinjewadi,6,30,5,1,2153,18880,0,31.568973525313513,0.0,0
Kothrud,Hinjewadi,6,30,5,2,1874,15637,0,30.039060832443973,0.0,0
Kothrud,Hinjewadi,7,30,5,0,1483,16099,0,39.080512474713416,0.0,1
Kothrud,Hinjewadi,7,30,5,1,2408,18880,0,28.225913621262457,0.0,0
Kothrud,Hinjewadi,7,30,5,2,2002,15637,0,28.11848151848152,0.0,0
Kothrud,Hinjewadi,8,30,5,0,1639,16099,0,35.36082977425259,0.0,1
Kothrud,Hinjewadi,8,30,5,1,2647,18880,0,25.677370608235737,0.0,0
Kothrud,Hinjewadi,8,30,5,2,2177,15641,0,25.864768029398252,0.0,0
Kothrud,Hinjewadi,9,30,5,0,1701,16099,0,34.071957671957676,0.0,1
Kothrud,Hinjewadi,9,30,5,1,2750,18880,0,24.715636363636364,0.0,0
Kothrud,Hinjewadi,9,30,5,2,2245,15641,0,25.081336302895323,0.0,0
Kothrud,Hinjewadi,10,30,5,0,1749,16099,0,33.1368782161235,0.0,1
Kothrud,Hinjewadi,10,30,5,1,2851,18880,0,23.840056120659415,0.0,0
Kothrud,Hinjewadi,10,30,5,2,2307,15641,0,24.407282184655397,0.0,0
Kothrud,Hinjewadi,11,30,5,0,1763,16099,0,32.87373794668179,0.0,1
Kothrud,Hinjewadi,11,30,5,1,2882,18880,0,23.58362248438584,0.0,0
Kothrud,Hinjewadi,11,30,5,2,2330,15641,0,24.16635193133047,0.0,0
Kothrud,Hinjewadi,12,30,5,0,1734,16099,0,33.423529411764704,0.0,1
Kothrud,Hinjewadi,12,30,5,1,2802,18880,0,24.25695931477516,0.0,0
Kothrud,Hinjewadi,12,30,5,2,2298,15641,0,24.502872062663187,0.0,0
Kothrud,Hinjewadi,13,30,5,0,1627,16099,0,35.62163491087892,0.0,1
Kothrud,Hinjewadi,13,30,5,1,2657,18880,0,25.580730146782084,0.0,0
Kothrud,Hinjewadi,13,30,5,2,2162,15637,0,26.037557816836266,0.0,0
Kothrud,Hinjewadi,14,30,5,0,1544,16099,0,37.53652849740933,0.0,1
Kothrud,Hinjewadi,14,30,5,1,2597,18880,0,26.171736619175974,0.0,0
Kothrud,Hinjewadi,14,30,5,2,2082,15637,0,27.038040345821326,0.0,0
Kothrud,Hinjewadi,15,30,5,0,1541,16099,0,37.6096041531473,0.0,1
Kothrud,Hinjewadi,15,30,5,1,2656,18880,0,25.59036144578313,0.0,0
Kothrud,Hinjewadi,15,30,5,2,2087,15637,0,26.973263057019643,0.0,0
Kothrud,Hinjewadi,16,30,5,0,1636,16099,0,35.42567237163814,0.0,1
Kothrud,Hinjewadi,16,30,5,1,2894,18880,0,23.48583275742916,0.0,0
Kothrud,Hinjewadi,16,30,5,2,2215,15637,0,25.41453724604966,0.0,0
Kothrud,Hinjewadi,17,30,5,0,1752,16099,0,33.08013698630137,0.0,1
Kothrud,Hinjewadi,17,30,5,1,3207,18880,0,21.193638914873713,0.0,0
Kothrud,Hinjewadi,17,30,5,2,2381,15637,0,23.64267114657707,0.0,0
Kothrud,Hinjewadi,18,30,5,0,1820,16099,0,31.844175824175824,0.0,1
Kothrud,Hinjewadi,18,30,5,1,3295,18880,0,20.62761760242792,0.0,0
Kothrud,Hinjewadi,18,30,5,2,2478,15637,0,22.71719128329298,0.0,0
Kothrud,Hinjewadi,19,30,5,0,1769,16099,0,32.76223855285472,0.0,1
Kothrud,Hinjewadi,19,30,5,1,2963,18880,0,22.938913263584205,0.0,0
Kothrud,Hinjewadi,19,30,5,2,2423,15641,0,23.23879488237722,0.0,0
Kothrud,Hinjewadi,20,30,5,0,1588,16099,0,36.49647355163728,0.0,1
Kothrud,Hinjewadi,20,30,5,1,2522,18880,0,26.950039651070576,0.0,0
Kothrud,Hinjewadi,20,30,5,2,2183,15641,0,25.7936784241869,0.0,0
Kothrud,Hinjewadi,21,30,5,0,1377,16099,0,42.08888888888889,0.0,1
Kothrud,Hinjewadi,21,30,5,1,2145,18880,0,31.686713286713285,0.0,0
Kothrud,Hinjewadi,21,30,5,2,1887,15637,0,29.832114467408587,0.0,0
Kothrud,Hinjewadi,22,30,5,0,1314,16099,0,44.106849315068494,0.0,1
Kothrud,Hinjewadi,22,30,5,1,2067,18880,0,32.882438316400574,0.0,0
Kothrud,Hinjewadi,22,30,5,2,1819,15637,0,30.947333699835074,0.0,0
Kothrud,Hinjewadi,23,30,5,0,1314,16099,0,44.106849315068494,0.0,1
Kothrud,Hinjewadi,23,30,5,1,2067,18880,0,32.882438316400574,0.0,0
Kothrud,Hinjewadi,23,30,5,2,1819,15637,0,30.947333699835074,0.0,0
Kothrud,Hinjewadi,6,30,6,0,1361,16099,0,42.58368846436444,0.0,1
Kothrud,Hinjewadi,6,30,6,1,2165,18880,0,31.393995381062357,0.0,0
Kothrud,Hinjewadi,6,30,6,2,1880,15637,0,29.943191489361702,0.0,0
Kothrud,Hinjewadi,7,30,6,0,1507,16099,0,38.45812873258129,0.0,1
Kothrud,Hinjewadi,7,30,6,1,2451,18880,0,27.730722154222768,0.0,0
Kothrud,Hinjewadi,7,30,6,2,2046,15637,0,27.513782991202344,0.0,0
Kothrud,Hinjewadi,8,30,6,0,1684,16099,0,34.41591448931116,0.0,1
Kothrud,Hinjewadi,8,30,6,1,2714,18880,0,25.043478260869563,0.0,0
Kothrud,Hinjewadi,8,30,6,2,2396,17371,0,26.099999999999998,0.0,0
Kothrud,Hinjewadi,9,30,6,0,1757,16099,0,32.985998861696075,0.0,1
Kothrud,Hinjewadi,9,30,6,1,2833,18880,0,23.99152841510766,0.0,0
Kothrud,Hinjewadi,9,30,6,2,2457,17371,0,25.45201465201465,0.0,0
Kothrud,Hinjewadi,10,30,6,0,1814,16099,0,31.94950385887541,0.0,1
Kothrud,Hinjewadi,10,30,6,1,2949,18880,0,23.047812817904372,0.0,0
Kothrud,Hinjewadi,10,30,6,2,2531,17371,0,24.707862504938756,0.0,0
Kothrud,Hinjewadi,11,30,6,0,1822,16099,0,31.80922063666301,0.0,1
Kothrud,Hinjewadi,11,30,6,1,2971,18880,0,22.87714574217435,0.0,0
Kothrud,Hinjewadi,11,30,6,2,2385,15641,0,23.609056603773585,0.0,0
Kothrud,Hinjewadi,12,30,6,0,1772,16099,0,32.70677200902934,0.0,1
Kothrud,Hinjewadi,12,30,6,1,2863,18880,0,23.74013272790779,0.0,0
Kothrud,Hinjewadi,12,30,6,2,2338,15641,0,24.08366124893071,0.0,0
Kothrud,Hinjewadi,13,30,6,0,1644,16099,0,35.253284671532846,0.0,1
Kothrud,Hinjewadi,13,30,6,1,2704,18880,0,25.13609467455621,0.0,0
Kothrud,Hinjewadi,13,30,6,2,2208,15641,0,25.501630434782612,0.0,0
Kothrud,Hinjewadi,14,30,6,0,1561,16099,0,37.12773862908392,0.0,1
Kothrud,Hinjewadi,14,30,6,1,2644,18880,0,25.706505295007563,0.0,0
Kothrud,Hinjewadi,14,30,6,2,2132,15641,0,26.410694183864916,0.0,0
Kothrud,Hinjewadi,15,30,6,0,1569,16099,0,36.93843212237093,0.0,1
Kothrud,Hinjewadi,15,30,6,1,2707,18880,0,25.10823790173624,0.0,0
Kothrud,Hinjewadi,15,30,6,2,2156,15641,0,26.116697588126158,0.0,0
Kothrud,Hinjewadi,16,30,6,0,1675,16099,0,34.60083582089552,0.0,1
Kothrud,Hinjewadi,16,30,6,1,2951,18880,0,23.032192477126397,0.0,0
Kothrud,Hinjewadi,16,30,6,2,2309,15641,0,24.386141186660893,0.0,0
Kothrud,Hinjewadi,17,30,6,0,1807,16099,0,32.07327061427781,0.0,1
Kothrud,Hinjewadi,17,30,6,1,3259,18880,0,20.855477140227062,0.0,0
Kothrud,Hinjewadi,17,30,6,2,2494,15637,0,22.571451483560544,0.0,0
Kothrud,Hinjewadi,18,30,6,0,1874,16099,0,30.92657417289221,0.0,1
Kothrud,Hinjewadi,18,30,6,1,3325,18880,0,20.441503759398493,0.0,0
Kothrud,Hinjewadi,18,30,6,2,2568,15637,0,21.921028037383177,0.0,0
Kothrud,Hinjewadi,19,30,6,0,1793,16099,0,32.32370329057446,0.0,1
Kothrud,Hinjewadi,19,30,6,1,2973,18880,0,22.861755802219978,0.0,0
Kothrud,Hinjewadi,19,30,6,2,2455,15641,0,22.93588594704684,0.0,0
Kothrud,Hinjewadi,20,30,6,0,1587,16099,0,36.519470699432894,0.0,1
Kothrud,Hinjewadi,20,30,6,1,2528,18880,0,26.88607594936709,0.0,0
Kothrud,Hinjewadi,20,30,6,2,2180,15641,0,25.829174311926607,0.0,0
Kothrud,Hinjewadi,21,30,6,0,1376,16099,0,42.119476744186045,0.0,1
Kothrud,Hinjewadi,21,30,6,1,2144,18880,0,31.701492537313435,0.0,0
Kothrud,Hinjewadi,21,30,6,2,1886,15637,0,29.84793213149523,0.0,0
Kothrud,Hinjewadi,22,30,6,0,1314,16099,0,44.106849315068494,0.0,1
Kothrud,Hinjewadi,22,30,6,1,2067,18880,0,32.882438316400574,0.0,0
Kothrud,Hinjewadi,22,30,6,2,1819,15637,0,30.947333699835074,0.0,0
Kothrud,Hinjewadi,23,30,6,0,1314,16099,0,44.106849315068494,0.0,1
Kothrud,Hinjewadi,23,30,6,1,2067,18880,0,32.882438316400574,0.0,0
Kothrud,Hinjewadi,23,30,6,2,1819,15637,0,30.947333699835074,0.0,0
Kothrud,Hinjewadi,6,30,0,0,1359,16099,0,42.64635761589404,0.0,1
Kothrud,Hinjewadi,6,30,0,1,2159,18880,0,31.4812413154238,0.0,0
Kothrud,Hinjewadi,6,30,0,2,1877,15637,0,29.991049547149707,0.0,0
Kothrud,Hinjewadi,7,30,0,0,1498,16099,0,38.68918558077437,0.0,1
Kothrud,Hinjewadi,7,30,0,1,2434,18880,0,27.924404272801972,0.0,0
Kothrud,Hinjewadi,7,30,0,2,2049,15641,0,27.4805270863836,0.0,0
Kothrud,Hinjewadi,8,30,0,0,1673,16099,0,34.64219964136282,0.0,1
Kothrud,Hinjewadi,8,30,0,1,2689,18880,0,25.276310896243956,0.0,0
Kothrud,Hinjewadi,8,30,0,2,2372,17371,0,26.364080944350757,0.0,0
Kothrud,Hinjewadi,9,30,0,0,1746,16099,0,33.19381443298969,0.0,1
Kothrud,Hinjewadi,9,30,0,1,2801,18880,0,24.26561942163513,0.0,0
Kothrud,Hinjewadi,9,30,0,2,2437,17371,0,25.66089454247025,0.0,0
Kothrud,Hinjewadi,10,30,0,0,1802,16099,0,32.1622641509434,0.0,1
Kothrud,Hinjewadi,10,30,0,1,2909,18880,0,23.36473014781712,0.0,0
Kothrud,Hinjewadi,10,30,0,2,2515,17371,0,24.865049701789264,0.0,0
Kothrud,Hinjewadi,11,30,0,0,1812,16099,0,31.98476821192053,0.0,1
Kothrud,Hinjewadi,11,30,0,1,2934,18880,0,23.165644171779142,0.0,0
Kothrud,Hinjewadi,11,30,0,2,2385,15641,0,23.609056603773585,0.0,0
Kothrud,Hinjewadi,12,30,0,0,1769,16099,0,32.76223855285472,0.0,1
Kothrud,Hinjewadi,12,30,0,1,2840,18880,0,23.932394366197183,0.0,0
Kothrud,Hinjewadi,12,30,0,2,2345,15641,0,24.0117697228145,0.0,0
Kothrud,Hinjewadi,13,30,0,0,1641,16099,0,35.31773308957953,0.0,1
Kothrud,Hinjewadi,13,30,0,1,2675,18880,0,25.40859813084112,0.0,0
Kothrud,Hinjewadi,13,30,0,2,2213,15641,0,25.44401265250791,0.0,0
Kothrud,Hinjewadi,14,30,0,0,1551,16099,0,37.36711798839458,0.0,1
Kothrud,Hinjewadi,14,30,0,1,2614,18880,0,26.00153022188217,0.0,0
Kothrud,Hinjewadi,14,30,0,2,2125,15641,0,26.497694117647058,0.0,0
Kothrud,Hinjewadi,15,30,0,0,1556,16099,0,37.247043701799484,0.0,1
Kothrud,Hinjewadi,15,30,0,1,2679,18880,0,25.37066069428891,0.0,0
Kothrud,Hinjewadi,15,30,0,2,2139,15641,0,26.324263674614308,0.0,0
Kothrud,Hinjewadi,16,30,0,0,1666,16099,0,34.78775510204082,0.0,1
Kothrud,Hinjewadi,16,30,0,1,2925,18880,0,23.236923076923077,0.0,0
Kothrud,Hinjewadi,16,30,0,2,2285,15641,0,24.642275711159737,0.0,0
Kothrud,Hinjewadi,17,30,0,0,1802,16099,0,32.1622641509434,0.0,1
Kothrud,Hinjewadi,17,30,0,1,3231,18880,0,21.036211699164344,0.0,0
Kothrud,Hinjewadi,17,30,0,2,2480,15641,0,22.704677419354837,0.0,0
Kothrud,Hinjewadi,18,30,0,0,1878,16099,0,30.860702875399365,0.0,1
Kothrud,Hinjewadi,18,30,0,1,3299,18880,0,20.602606850560775,0.0,0
Kothrud,Hinjewadi,18,30,0,2,2557,15637,0,22.015330465389127,0.0,0
Kothrud,Hinjewadi,19,30,0,0,1805,16099,0,32.10880886426593,0.0,1
Kothrud,Hinjewadi,19,30,0,1,2966,18880,0,22.915711395819283,0.0,0
Kothrud,Hinjewadi,19,30,0,2,2467,15641,0,22.824321037697608,0.0,0
Kothrud,Hinjewadi,20,30,0,0,1597,16099,0,36.29079524107702,0.0,1
Kothrud,Hinjewadi,20,30,0,1,2524,18880,0,26.928684627575276,0.0,0
Kothrud,Hinjewadi,20,30,0,2,2193,15641,0,25.67606019151847,0.0,0
Kothrud,Hinjewadi,21,30,0,0,1378,16099,0,42.05834542815675,0.0,1
Kothrud,Hinjewadi,21,30,0,1,2143,18880,0,31.716285580961266,0.0,0
Kothrud,Hinjewadi,21,30,0,2,1904,15641,0,29.573319327731095,0.0,0
Kothrud,Hinjewadi,22,30,0,0,1314,16099,0,44.106849315068494,0.0,1
Kothrud,Hinjewadi,22,30,0,1,2067,18880,0,32.882438316400574,0.0,0
Kothrud,Hinjewadi,22,30,0,2,1819,15637,0,30.947333699835074,0.0,0
Kothrud,Hinjewadi,23,30,0,0,1314,16099,0,44.106849315068494,0.0,1
Kothrud,Hinjewadi,23,30,0,1,2067,18880,0,32.882438316400574,0.0,0
Kothrud,Hinjewadi,23,30,0,2,1819,15637,0,30.947333699835074,0.0,0
Kothrud,Hinjewadi,6,30,1,0,1354,16099,0,42.803840472673556,0.0,1
Kothrud,Hinjewadi,6,30,1,1,2151,18880,0,31.598326359832633,0.0,0
Kothrud,Hinjewadi,6,30,1,2,1872,15637,0,30.071153846153845,0.0,0
Kothrud,Hinjewadi,7,30,1,0,1471,16099,0,39.39932019034671,0.0,1
Kothrud,Hinjewadi,7,30,1,1,2399,18880,0,28.331804918716127,0.0,0
Kothrud,Hinjewadi,7,30,1,2,2022,15641,0,27.847477744807122,0.0,0
Kothrud,Hinjewadi,8,30,1,0,1627,16099,0,35.62163491087892,0.0,1
Kothrud,Hinjewadi,8,30,1,1,2641,18880,0,25.73570617190458,0.0,0
Kothrud,Hinjewadi,8,30,1,2,2180,15641,0,25.829174311926607,0.0,0
Kothrud,Hinjewadi,9,30,1,0,1688,16099,0,34.33436018957346,0.0,1
Kothrud,Hinjewadi,9,30,1,1,2750,18880,0,24.715636363636364,0.0,0
Kothrud,Hinjewadi,9,30,1,2,2399,17371,0,26.06736140058357,0.0,0
Kothrud,Hinjewadi,10,30,1,0,1738,16099,0,33.34660529344074,0.0,1
Kothrud,Hinjewadi,10,30,1,1,2858,18880,0,23.781665500349895,0.0,0
Kothrud,Hinjewadi,10,30,1,2,2471,17371,0,25.307810602994735,0.0,0
Kothrud,Hinjewadi,11,30,1,0,1754,16099,0,33.042417331813,0.0,1
Kothrud,Hinjewadi,11,30,1,1,2892,18880,0,23.50207468879668,0.0,0
Kothrud,Hinjewadi,11,30,1,2,2330,15641,0,24.16635193133047,0.0,0
Kothrud,Hinjewadi,12,30,1,0,1726,16099,0,33.578447276940906,0.0,1
Kothrud,Hinjewadi,12,30,1,1,2813,18880,0,24.16210451475293,0.0,0
Kothrud,Hinjewadi,12,30,1,2,2301,15641,0,24.470925684485007,0.0,0
Kothrud,Hinjewadi,13,30,1,0,1619,16099,0,35.797652872143296,0.0,1
Kothrud,Hinjewadi,13,30,1,1,2661,18880,0,25.54227733934611,0.0,0
Kothrud,Hinjewadi,13,30,1,2,2192,15641,0,25.687773722627735,0.0,0
Kothrud,Hinjewadi,14,30,1,0,1540,16099,0,37.634025974025974,0.0,1
Kothrud,Hinjewadi,14,30,1,1,2595,18880,0,26.191907514450865,0.0,0
Kothrud,Hinjewadi,14,30,1,2,2115,15641,0,26.622978723404255,0.0,0
Kothrud,Hinjewadi,15,30,1,0,1545,16099,0,37.51223300970874,0.0,1
Kothrud,Hinjewadi,15,30,1,1,2652,18880,0,25.628959276018097,0.0,0
Kothrud,Hinjewadi,15,30,1,2,2128,15641,0,26.46033834586466,0.0,0
Kothrud,Hinjewadi,16,30,1,0,1652,16099,0,35.082566585956414,0.0,1
Kothrud,Hinjewadi,16,30,1,1,2891,18880,0,23.510204081632654,0.0,0
Kothrud,Hinjewadi,16,30,1,2,2266,15641,0,24.848896734333625,0.0,0
Kothrud,Hinjewadi,17,30,1,0,1783,16099,0,32.504991587212565,0.0,1
Kothrud,Hinjewadi,17,30,1,1,3200,18880,0,21.24,0.0,0
Kothrud,Hinjewadi,17,30,1,2,2441,15641,0,23.06743138058173,0.0,0
Kothrud,Hinjewadi,18,30,1,0,1857,16099,0,31.209693053311792,0.0,1
Kothrud,Hinjewadi,18,30,1,1,3276,18880,0,20.747252747252745,0.0,0
Kothrud,Hinjewadi,18,30,1,2,2522,15641,0,22.326566217287866,0.0,0
Kothrud,Hinjewadi,19,30,1,0,1790,16099,0,32.377877094972064,0.0,1
Kothrud,Hinjewadi,19,30,1,1,2953,18880,0,23.016593294954284,0.0,0
Kothrud,Hinjewadi,19,30,1,2,2409,15637,0,23.367870485678704,0.0,0
Kothrud,Hinjewadi,20,30,1,0,1591,16099,0,36.427655562539286,0.0,1
Kothrud,Hinjewadi,20,30,1,1,2520,18880,0,26.97142857142857,0.0,0
Kothrud,Hinjewadi,20,30,1,2,2158,15637,0,26.085820203892492,0.0,0
Kothrud,Hinjewadi,21,30,1,0,1378,16099,0,42.05834542815675,0.0,1
Kothrud,Hinjewadi,21,30,1,1,2143,18880,0,31.716285580961266,0.0,0
Kothrud,Hinjewadi,21,30,1,2,1885,15637,0,29.863766578249336,0.0,0
Kothrud,Hinjewadi,22,30,1,0,1314,16099,0,44.106849315068494,0.0,1
Kothrud,Hinjewadi,22,30,1,1,2067,18880,0,32.882438316400574,0.0,0
Kothrud,Hinjewadi,22,30,1,2,1819,15637,0,30.947333699835074,0.0,0
Kothrud,Hinjewadi,23,30,1,0,1314,16099,0,44.106849315068494,0.0,1
Kothrud,Hinjewadi,23,30,1,1,2067,18880,0,32.882438316400574,0.0,0
Kothrud,Hinjewadi,23,30,1,2,1819,15637,0,30.947333699835074,0.0,0
Kothrud,Hinjewadi,6,30,2,0,1347,16099,0,43.026280623608024,0.0,1
Kothrud,Hinjewadi,6,30,2,1,2144,18880,0,31.701492537313435,0.0,0
Kothrud,Hinjewadi,6,30,2,2,1867,15637,0,30.151687198714516,0.0,0
Kothrud,Hinjewadi,7,30,2,0,1443,16099,0,40.16382536382537,0.0,1
Kothrud,Hinjewadi,7,30,2,1,2367,18880,0,28.714828897338403,0.0,0
Kothrud,Hinjewadi,7,30,2,2,2000,15641,0,28.1538,0.0,0
Kothrud,Hinjewadi,8,30,2,0,1587,16099,0,36.519470699432894,0.0,1
Kothrud,Hinjewadi,8,30,2,1,2590,18880,0,26.242471042471042,0.0,0
Kothrud,Hinjewadi,8,30,2,2,2148,15641,0,26.213966480446928,0.0,0
Kothrud,Hinjewadi,9,30,2,0,1646,16099,0,35.21044957472661,0.0,1
Kothrud,Hinjewadi,9,30,2,1,2687,18880,0,25.295124674358018,0.0,0
Kothrud,Hinjewadi,9,30,2,2,2202,15641,0,25.571117166212534,0.0,0
Kothrud,Hinjewadi,10,30,2,0,1702,16099,0,34.05193889541715,0.0,1
Kothrud,Hinjewadi,10,30,2,1,2805,18880,0,24.231016042780748,0.0,0
Kothrud,Hinjewadi,10,30,2,2,2268,15641,0,24.826984126984126,0.0,0
Kothrud,Hinjewadi,11,30,2,0,1741,16099,0,33.28914417001723,0.0,1
Kothrud,Hinjewadi,11,30,2,1,2867,18880,0,23.707010812696197,0.0,0
Kothrud,Hinjewadi,11,30,2,2,2322,15641,0,24.249612403100773,0.0,0
Kothrud,Hinjewadi,12,30,2,0,1736,16099,0,33.38502304147465,0.0,1
Kothrud,Hinjewadi,12,30,2,1,2818,18880,0,24.119233498935415,0.0,0
Kothrud,Hinjewadi,12,30,2,2,2317,15641,0,24.301942166594735,0.0,0
Kothrud,Hinjewadi,13,30,2,0,1638,16099,0,35.38241758241758,0.0,1
Kothrud,Hinjewadi,13,30,2,1,2691,18880,0,25.257525083612038,0.0,0
Kothrud,Hinjewadi,13,30,2,2,2222,15641,0,25.34095409540954,0.0,0
Kothrud,Hinjewadi,14,30,2,0,1552,16099,0,37.343041237113404,0.0,1
Kothrud,Hinjewadi,14,30,2,1,2637,18880,0,25.77474402730375,0.0,0
Kothrud,Hinjewadi,14,30,2,2,2135,15641,0,26.373583138173302,0.0,0
Kothrud,Hinjewadi,15,30,2,0,1550,16099,0,37.39122580645161,0.0,1
Kothrud,Hinjewadi,15,30,2,1,2696,18880,0,25.2106824925816,0.0,0
Kothrud,Hinjewadi,15,30,2,2,2139,15641,0,26.324263674614308,0.0,0
Kothrud,Hinjewadi,16,30,2,0,1656,16099,0,34.99782608695652,0.0,1
Kothrud,Hinjewadi,16,30,2,1,2916,18880,0,23.30864197530864,0.0,0
Kothrud,Hinjewadi,16,30,2,2,2274,15641,0,24.761477572559365,0.0,0
Kothrud,Hinjewadi,17,30,2,0,1790,16099,0,32.377877094972064,0.0,1
Kothrud,Hinjewadi,17,30,2,1,3199,18880,0,21.246639574867146,0.0,0
Kothrud,Hinjewadi,17,30,2,2,2453,15641,0,22.95458622095393,0.0,0
Kothrud,Hinjewadi,18,30,2,0,1872,16099,0,30.959615384615383,0.0,1
Kothrud,Hinjewadi,18,30,2,1,3276,18880,0,20.747252747252745,0.0,0
Kothrud,Hinjewadi,18,30,2,2,2552,15641,0,22.0641065830721,0.0,0
Kothrud,Hinjewadi,19,30,2,0,1820,16099,0,31.844175824175824,0.0,1
Kothrud,Hinjewadi,19,30,2,1,2968,18880,0,22.900269541778975,0.0,0
Kothrud,Hinjewadi,19,30,2,2,2451,15637,0,22.96744186046512,0.0,0
Kothrud,Hinjewadi,20,30,2,0,1619,16099,0,35.797652872143296,0.0,1
Kothrud,Hinjewadi,20,30,2,1,2541,18880,0,26.748524203069657,0.0,0
Kothrud,Hinjewadi,20,30,2,2,2190,15637,0,25.70465753424658,0.0,0
Kothrud,Hinjewadi,21,30,2,0,1384,16099,0,41.87601156069365,0.0,1
Kothrud,Hinjewadi,21,30,2,1,2144,18880,0,31.701492537313435,0.0,0
Kothrud,Hinjewadi,21,30,2,2,1890,15637,0,29.784761904761904,0.0,0
Kothrud,Hinjewadi,22,30,2,0,1314,16099,0,44.106849315068494,0.0,1
Kothrud,Hinjewadi,22,30,2,1,2067,18880,0,32.882438316400574,0.0,0
Kothrud,Hinjewadi,22,30,2,2,1819,15637,0,30.947333699835074,0.0,0
Kothrud,Hinjewadi,23,30,2,0,1314,16099,0,44.106849315068494,0.0,1
Kothrud,Hinjewadi,23,30,2,1,2067,18880,0,32.882438316400574,0.0,0
Kothrud,Hinjewadi,23,30,2,2,1819,15637,0,30.947333699835074,0.0,0
Kothrud,Hinjewadi,6,30,3,0,1342,16099,0,43.1865871833085,0.0,1
Kothrud,Hinjewadi,6,30,3,1,2123,18880,0,32.01507300989166,0.0,0
Kothrud,Hinjewadi,6,30,3,2,1856,15637,0,30.330387931034483,0.0,0
Kothrud,Hinjewadi,7,30,3,0,1393,16099,0,41.605455850681984,0.0,1
Kothrud,Hinjewadi,7,30,3,1,2250,18880,0,30.208,0.0,0
Kothrud,Hinjewadi,7,30,3,2,1929,15641,0,29.1900466562986,0.0,0
Kothrud,Hinjewadi,8,30,3,0,1475,16099,0,39.29247457627119,0.0,1
Kothrud,Hinjewadi,8,30,3,1,2391,18880,0,28.42659974905897,0.0,0
Kothrud,Hinjewadi,8,30,3,2,2025,15641,0,27.80622222222222,0.0,0
Kothrud,Hinjewadi,9,30,3,0,1532,16099,0,37.83054830287206,0.0,1
Kothrud,Hinjewadi,9,30,3,1,2474,18880,0,27.47291835084883,0.0,0
Kothrud,Hinjewadi,9,30,3,2,2084,15641,0,27.019001919385797,0.0,0
Kothrud,Hinjewadi,10,30,3,0,1599,16099,0,36.2454033771107,0.0,1
Kothrud,Hinjewadi,10,30,3,1,2597,18880,0,26.171736619175974,0.0,0
Kothrud,Hinjewadi,10,30,3,2,2159,15641,0,26.080407596109307,0.0,0
Kothrud,Hinjewadi,11,30,3,0,1675,16099,0,34.60083582089552,0.0,1
Kothrud,Hinjewadi,11,30,3,1,2735,18880,0,24.851188299817185,0.0,0
Kothrud,Hinjewadi,11,30,3,2,2248,15641,0,25.047864768683272,0.0,0
Kothrud,Hinjewadi,12,30,3,0,1708,16099,0,33.93231850117096,0.0,1
Kothrud,Hinjewadi,12,30,3,1,2786,18880,0,24.39626704953338,0.0,0
Kothrud,Hinjewadi,12,30,3,2,2282,15641,0,24.674671340929013,0.0,0
Kothrud,Hinjewadi,13,30,3,0,1696,16099,0,34.17240566037736,0.0,1
Kothrud,Hinjewadi,13,30,3,1,2781,18880,0,24.44012944983819,0.0,0
Kothrud,Hinjewadi,13,30,3,2,2261,15641,0,24.903847854931445,0.0,0
Kothrud,Hinjewadi,14,30,3,0,1677,16099,0,34.559570661896245,0.0,1
Kothrud,Hinjewadi,14,30,3,1,2775,18880,0,24.49297297297297,0.0,0
Kothrud,Hinjewadi,14,30,3,2,2233,15641,0,25.216121809225257,0.0,0
Kothrud,Hinjewadi,15,30,3,0,1687,16099,0,34.3547125074096,0.0,1
Kothrud,Hinjewadi,15,30,3,1,2820,18880,0,24.102127659574467,0.0,0
Kothrud,Hinjewadi,15,30,3,2,2243,15641,0,25.10370040124833,0.0,0
Kothrud,Hinjewadi,16,30,3,0,1728,16099,0,33.53958333333333,0.0,1
Kothrud,Hinjewadi,16,30,3,1,2955,18880,0,23.001015228426397,0.0,0
Kothrud,Hinjewadi,16,30,3,2,2307,15641,0,24.407282184655397,0.0,0
Kothrud,Hinjewadi,17,30,3,0,1772,16099,0,32.70677200902934,0.0,1
Kothrud,Hinjewadi,17,30,3,1,3105,18880,0,21.889855072463767,0.0,0
Kothrud,Hinjewadi,17,30,3,2,2384,15641,0,23.618959731543622,0.0,0
Kothrud,Hinjewadi,18,30,3,0,1784,16099,0,32.48677130044843,0.0,1
Kothrud,Hinjewadi,18,30,3,1,3088,19283,0,22.48018134715026,0.0,0
Kothrud,Hinjewadi,18,30,3,2,2422,15641,0,23.24838976052849,0.0,0
Kothrud,Hinjewadi,19,30,3,0,1723,16099,0,33.63691236215902,0.0,1
Kothrud,Hinjewadi,19,30,3,1,2851,18880,0,23.840056120659415,0.0,0
Kothrud,Hinjewadi,19,30,3,2,2371,15641,0,23.74846056516238,0.0,0
Kothrud,Hinjewadi,20,30,3,0,1591,16099,0,36.427655562539286,0.0,1
Kothrud,Hinjewadi,20,30,3,1,2526,18880,0,26.90736342042755,0.0,0
Kothrud,Hinjewadi,20,30,3,2,2192,15641,0,25.687773722627735,0.0,0
Kothrud,Hinjewadi,21,30,3,0,1384,16099,0,41.87601156069365,0.0,1
Kothrud,Hinjewadi,21,30,3,1,2146,18880,0,31.67194780987884,0.0,0
Kothrud,Hinjewadi,21,30,3,2,1892,15637,0,29.753276955602537,0.0,0
Kothrud,Hinjewadi,22,30,3,0,1314,16099,0,44.106849315068494,0.0,1
Kothrud,Hinjewadi,22,30,3,1,2067,18880,0,32.882438316400574,0.0,0
Kothrud,Hinjewadi,22,30,3,2,1819,15637,0,30.947333699835074,0.0,0
Kothrud,Hinjewadi,23,30,3,0,1314,16099,0,44.106849315068494,0.0,1
Kothrud,Hinjewadi,23,30,3,1,2067,18880,0,32.882438316400574,0.0,0
Kothrud,Hinjewadi,23,30,3,2,1819,15637,0,30.947333699835074,0.0,0
Kothrud,Hinjewadi,6,30,4,0,1339,16099,0,43.28334578043316,0.0,1
Kothrud,Hinjewadi,6,30,4,1,2107,18880,0,32.25818699572852,0.0,0
Kothrud,Hinjewadi,6,30,4,2,1863,15641,0,30.224154589371985,0.0,0
Kothrud,Hinjewadi,7,30,4,0,1363,16099,0,42.52120322817315,0.0,1
Kothrud,Hinjewadi,7,30,4,1,2171,18880,0,31.307231690465223,0.0,0
Kothrud,Hinjewadi,7,30,4,2,1891,15641,0,29.77662612374405,0.0,0
Kothrud,Hinjewadi,8,30,4,0,1410,16099,0,41.10382978723404,0.0,1
Kothrud,Hinjewadi,8,30,4,1,2252,18880,0,30.181172291296626,0.0,0
Kothrud,Hinjewadi,8,30,4,2,1940,15641,0,29.024536082474228,0.0,0
Kothrud,Hinjewadi,9,30,4,0,1444,16099,0,40.136011080332416,0.0,1
Kothrud,Hinjewadi,9,30,4,1,2308,18880,0,29.44887348353553,0.0,0
Kothrud,Hinjewadi,9,30,4,2,1977,15641,0,28.48133535660091,0.0,0
Kothrud,Hinjewadi,10,30,4,0,1490,16099,0,38.89691275167785,0.0,1
Kothrud,Hinjewadi,10,30,4,1,2381,18880,0,28.545989080218394,0.0,0
Kothrud,Hinjewadi,10,30,4,2,2021,15641,0,27.86125680356259,0.0,0
Kothrud,Hinjewadi,11,30,4,0,1545,16099,0,37.51223300970874,0.0,1
Kothrud,Hinjewadi,11,30,4,1,2463,18880,0,27.595615103532275,0.0,0
Kothrud,Hinjewadi,11,30,4,2,2074,15641,0,27.14927675988428,0.0,0
Kothrud,Hinjewadi,12,30,4,0,1563,16099,0,37.080230326295585,0.0,1
Kothrud,Hinjewadi,12,30,4,1,2487,18880,0,27.329312424607963,0.0,0
Kothrud,Hinjewadi,12,30,4,2,2092,15641,0,26.91567877629063,0.0,0
Kothrud,Hinjewadi,13,30,4,0,1559,16099,0,37.17536882617062,0.0,1
Kothrud,Hinjewadi,13,30,4,1,2488,18880,0,27.318327974276524,0.0,0
Kothrud,Hinjewadi,13,30,4,2,2085,15641,0,27.006043165467624,0.0,0
Kothrud,Hinjewadi,14,30,4,0,1555,16099,0,37.27099678456592,0.0,1
Kothrud,Hinjewadi,14,30,4,1,2509,18880,0,27.08967716221602,0.0,0
Kothrud,Hinjewadi,14,30,4,2,2078,15641,0,27.097016361886432,0.0,0
Kothrud,Hinjewadi,15,30,4,0,1572,16099,0,36.867938931297715,0.0,1
Kothrud,Hinjewadi,15,30,4,1,2551,18880,0,26.643669149353194,0.0,0
Kothrud,Hinjewadi,15,30,4,2,2090,15641,0,26.941435406698563,0.0,0
Kothrud,Hinjewadi,16,30,4,0,1616,16099,0,35.86410891089109,0.0,1
Kothrud,Hinjewadi,16,30,4,1,2631,18880,0,25.83352337514253,0.0,0
Kothrud,Hinjewadi,16,30,4,2,2132,15641,0,26.410694183864916,0.0,0
Kothrud,Hinjewadi,17,30,4,0,1669,16099,0,34.72522468544039,0.0,1
Kothrud,Hinjewadi,17,30,4,1,2719,18880,0,24.997425524089735,0.0,0
Kothrud,Hinjewadi,17,30,4,2,2183,15641,0,25.7936784241869,0.0,0
Kothrud,Hinjewadi,18,30,4,0,1690,16099,0,34.293727810650886,0.0,1
Kothrud,Hinjewadi,18,30,4,1,2721,18880,0,24.97905181918412,0.0,0
Kothrud,Hinjewadi,18,30,4,2,2203,15641,0,25.559509759418976,0.0,0
Kothrud,Hinjewadi,19,30,4,0,1639,16099,0,35.36082977425259,0.0,1
Kothrud,Hinjewadi,19,30,4,1,2590,18880,0,26.242471042471042,0.0,0
Kothrud,Hinjewadi,19,30,4,2,2162,15641,0,26.04421831637373,0.0,0
Kothrud,Hinjewadi,20,30,4,0,1536,16099,0,37.73203125,0.0,1
Kothrud,Hinjewadi,20,30,4,1,2393,18880,0,28.402841621395737,0.0,0
Kothrud,Hinjewadi,20,30,4,2,2059,15641,0,27.34706168042739,0.0,0
Kothrud,Hinjewadi,21,30,4,0,1373,16099,0,42.21150764748725,0.0,1
Kothrud,Hinjewadi,21,30,4,1,2130,18880,0,31.909859154929574,0.0,0
Kothrud,Hinjewadi,21,30,4,2,1886,15641,0,29.855567338282082,0.0,0
Kothrud,Hinjewadi,22,30,4,0,1314,16099,0,44.106849315068494,0.0,1
Kothrud,Hinjewadi,22,30,4,1,2067,18880,0,32.882438316400574,0.0,0
Kothrud,Hinjewadi,22,30,4,2,1819,15637,0,30.947333699835074,0.0,0
Kothrud,Hinjewadi,23,30,4,0,1314,16099,0,44.106849315068494,0.0,1
Kothrud,Hinjewadi,23,30,4,1,2067,18880,0,32.882438316400574,0.0,0
Kothrud,Hinjewadi,23,30,4,2,1819,15637,0,30.947333699835074,0.0,0
Kothrud,Hinjewadi,6,30,5,0,1359,16099,0,42.64635761589404,0.0,1
Kothrud,Hinjewadi,6,30,5,1,2153,18880,0,31.568973525313513,0.0,0
Kothrud,Hinjewadi,6,30,5,2,1874,15637,0,30.039060832443973,0.0,0
Kothrud,Hinjewadi,7,30,5,0,1483,16099,0,39.080512474713416,0.0,1
Kothrud,Hinjewadi,7,30,5,1,2408,18880,0,28.225913621262457,0.0,0
Kothrud,Hinjewadi,7,30,5,2,2002,15637,0,28.11848151848152,0.0,0
Kothrud,Hinjewadi,8,30,5,0,1639,16099,0,35.36082977425259,0.0,1
Kothrud,Hinjewadi,8,30,5,1,2647,18880,0,25.677370608235737,0.0,0
Kothrud,Hinjewadi,8,30,5,2,2177,15641,0,25.864768029398252,0.0,0
Kothrud,Hinjewadi,9,30,5,0,1701,16099,0,34.071957671957676,0.0,1
Kothrud,Hinjewadi,9,30,5,1,2750,18880,0,24.715636363636364,0.0,0
Kothrud,Hinjewadi,9,30,5,2,2245,15641,0,25.081336302895323,0.0,0
Kothrud,Hinjewadi,10,30,5,0,1749,16099,0,33.1368782161235,0.0,1
Kothrud,Hinjewadi,10,30,5,1,2851,18880,0,23.840056120659415,0.0,0
Kothrud,Hinjewadi,10,30,5,2,2307,15641,0,24.407282184655397,0.0,0
Kothrud,Hinjewadi,11,30,5,0,1763,16099,0,32.87373794668179,0.0,1
Kothrud,Hinjewadi,11,30,5,1,2882,18880,0,23.58362248438584,0.0,0
Kothrud,Hinjewadi,11,30,5,2,2330,15641,0,24.16635193133047,0.0,0
Kothrud,Hinjewadi,12,30,5,0,1734,16099,0,33.423529411764704,0.0,1
Kothrud,Hinjewadi,12,30,5,1,2802,18880,0,24.25695931477516,0.0,0
Kothrud,Hinjewadi,12,30,5,2,2298,15641,0,24.502872062663187,0.0,0
Kothrud,Hinjewadi,13,30,5,0,1627,16099,0,35.62163491087892,0.0,1
Kothrud,Hinjewadi,13,30,5,1,2657,18880,0,25.580730146782084,0.0,0
Kothrud,Hinjewadi,13,30,5,2,2162,15637,0,26.037557816836266,0.0,0
Kothrud,Hinjewadi,14,30,5,0,1544,16099,0,37.53652849740933,0.0,1
Kothrud,Hinjewadi,14,30,5,1,2597,18880,0,26.171736619175974,0.0,0
Kothrud,Hinjewadi,14,30,5,2,2082,15637,0,27.038040345821326,0.0,0
Kothrud,Hinjewadi,15,30,5,0,1541,16099,0,37.6096041531473,0.0,1
Kothrud,Hinjewadi,15,30,5,1,2656,18880,0,25.59036144578313,0.0,0
Kothrud,Hinjewadi,15,30,5,2,2087,15637,0,26.973263057019643,0.0,0
Kothrud,Hinjewadi,16,30,5,0,1636,16099,0,35.42567237163814,0.0,1
Kothrud,Hinjewadi,16,30,5,1,2894,18880,0,23.48583275742916,0.0,0
Kothrud,Hinjewadi,16,30,5,2,2215,15637,0,25.41453724604966,0.0,0
Kothrud,Hinjewadi,17,30,5,0,1752,16099,0,33.08013698630137,0.0,1
Kothrud,Hinjewadi,17,30,5,1,3207,18880,0,21.193638914873713,0.0,0
Kothrud,Hinjewadi,17,30,5,2,2381,15637,0,23.64267114657707,0.0,0
Kothrud,Hinjewadi,18,30,5,0,1820,16099,0,31.844175824175824,0.0,1
Kothrud,Hinjewadi,18,30,5,1,3295,18880,0,20.62761760242792,0.0,0
Kothrud,Hinjewadi,18,30,5,2,2478,15637,0,22.71719128329298,0.0,0
Kothrud,Hinjewadi,19,30,5,0,1769,16099,0,32.76223855285472,0.0,1
Kothrud,Hinjewadi,19,30,5,1,2963,18880,0,22.938913263584205,0.0,0
Kothrud,Hinjewadi,19,30,5,2,2423,15641,0,23.23879488237722,0.0,0
Kothrud,Hinjewadi,20,30,5,0,1588,16099,0,36.49647355163728,0.0,1
Kothrud,Hinjewadi,20,30,5,1,2522,18880,0,26.950039651070576,0.0,0
Kothrud,Hinjewadi,20,30,5,2,2183,15641,0,25.7936784241869,0.0,0
Kothrud,Hinjewadi,21,30,5,0,1377,16099,0,42.08888888888889,0.0,1
Kothrud,Hinjewadi,21,30,5,1,2145,18880,0,31.686713286713285,0.0,0
Kothrud,Hinjewadi,21,30,5,2,1887,15637,0,29.832114467408587,0.0,0
Kothrud,Hinjewadi,22,30,5,0,1314,16099,0,44.106849315068494,0.0,1
Kothrud,Hinjewadi,22,30,5,1,2067,18880,0,32.882438316400574,0.0,0
Kothrud,Hinjewadi,22,30,5,2,1819,15637,0,30.947333699835074,0.0,0
Kothrud,Hinjewadi,23,30,5,0,1314,16099,0,44.106849315068494,0.0,1
Kothrud,Hinjewadi,23,30,5,1,2067,18880,0,32.882438316400574,0.0,0
Kothrud,Hinjewadi,23,30,5,2,1819,15637,0,30.947333699835074,0.0,0
Kothrud,Hinjewadi,6,30,6,0,1361,16099,0,42.58368846436444,0.0,1
Kothrud,Hinjewadi,6,30,6,1,2165,18880,0,31.393995381062357,0.0,0
Kothrud,Hinjewadi,6,30,6,2,1880,15637,0,29.943191489361702,0.0,0
Kothrud,Hinjewadi,7,30,6,0,1507,16099,0,38.45812873258129,0.0,1
Kothrud,Hinjewadi,7,30,6,1,2451,18880,0,27.730722154222768,0.0,0
Kothrud,Hinjewadi,7,30,6,2,2046,15637,0,27.513782991202344,0.0,0
Kothrud,Hinjewadi,8,30,6,0,1684,16099,0,34.41591448931116,0.0,1
Kothrud,Hinjewadi,8,30,6,1,2714,18880,0,25.043478260869563,0.0,0
Kothrud,Hinjewadi,8,30,6,2,2396,17371,0,26.099999999999998,0.0,0
Kothrud,Hinjewadi,9,30,6,0,1757,16099,0,32.985998861696075,0.0,1
Kothrud,Hinjewadi,9,30,6,1,2833,18880,0,23.99152841510766,0.0,0
Kothrud,Hinjewadi,9,30,6,2,2457,17371,0,25.45201465201465,0.0,0
Kothrud,Hinjewadi,10,30,6,0,1814,16099,0,31.94950385887541,0.0,1
Kothrud,Hinjewadi,10,30,6,1,2949,18880,0,23.047812817904372,0.0,0
Kothrud,Hinjewadi,10,30,6,2,2531,17371,0,24.707862504938756,0.0,0
Kothrud,Hinjewadi,11,30,6,0,1822,16099,0,31.80922063666301,0.0,1
Kothrud,Hinjewadi,11,30,6,1,2971,18880,0,22.87714574217435,0.0,0
Kothrud,Hinjewadi,11,30,6,2,2385,15641,0,23.609056603773585,0.0,0
Kothrud,Hinjewadi,12,30,6,0,1772,16099,0,32.70677200902934,0.0,1
Kothrud,Hinjewadi,12,30,6,1,2863,18880,0,23.74013272790779,0.0,0
Kothrud,Hinjewadi,12,30,6,2,2338,15641,0,24.08366124893071,0.0,0
Kothrud,Hinjewadi,13,30,6,0,1644,16099,0,35.253284671532846,0.0,1
Kothrud,Hinjewadi,13,30,6,1,2704,18880,0,25.13609467455621,0.0,0
Kothrud,Hinjewadi,13,30,6,2,2208,15641,0,25.501630434782612,0.0,0
Kothrud,Hinjewadi,14,30,6,0,1561,16099,0,37.12773862908392,0.0,1
Kothrud,Hinjewadi,14,30,6,1,2644,18880,0,25.706505295007563,0.0,0
Kothrud,Hinjewadi,14,30,6,2,2132,15641,0,26.410694183864916,0.0,0
Kothrud,Hinjewadi,15,30,6,0,1569,16099,0,36.93843212237093,0.0,1
Kothrud,Hinjewadi,15,30,6,1,2707,18880,0,25.10823790173624,0.0,0
Kothrud,Hinjewadi,15,30,6,2,2156,15641,0,26.116697588126158,0.0,0
Kothrud,Hinjewadi,16,30,6,0,1675,16099,0,34.60083582089552,0.0,1
Kothrud,Hinjewadi,16,30,6,1,2951,18880,0,23.032192477126397,0.0,0
Kothrud,Hinjewadi,16,30,6,2,2309,15641,0,24.386141186660893,0.0,0
Kothrud,Hinjewadi,17,30,6,0,1807,16099,0,32.07327061427781,0.0,1
Kothrud,Hinjewadi,17,30,6,1,3259,18880,0,20.855477140227062,0.0,0
Kothrud,Hinjewadi,17,30,6,2,2494,15637,0,22.571451483560544,0.0,0
Kothrud,Hinjewadi,18,30,6,0,1874,16099,0,30.92657417289221,0.0,1
Kothrud,Hinjewadi,18,30,6,1,3325,18880,0,20.441503759398493,0.0,0
Kothrud,Hinjewadi,18,30,6,2,2568,15637,0,21.921028037383177,0.0,0
Kothrud,Hinjewadi,19,30,6,0,1793,16099,0,32.32370329057446,0.0,1
Kothrud,Hinjewadi,19,30,6,1,2973,18880,0,22.861755802219978,0.0,0
Kothrud,Hinjewadi,19,30,6,2,2455,15641,0,22.93588594704684,0.0,0
Kothrud,Hinjewadi,20,30,6,0,1587,16099,0,36.519470699432894,0.0,1
Kothrud,Hinjewadi,20,30,6,1,2528,18880,0,26.88607594936709,0.0,0
Kothrud,Hinjewadi,20,30,6,2,2180,15641,0,25.829174311926607,0.0,0
Kothrud,Hinjewadi,21,30,6,0,1376,16099,0,42.119476744186045,0.0,1
Kothrud,Hinjewadi,21,30,6,1,2144,18880,0,31.701492537313435,0.0,0
Kothrud,Hinjewadi,21,30,6,2,1886,15637,0,29.84793213149523,0.0,0
Kothrud,Hinjewadi,22,30,6,0,1314,16099,0,44.106849315068494,0.0,1
Kothrud,Hinjewadi,22,30,6,1,2067,18880,0,32.882438316400574,0.0,0
Kothrud,Hinjewadi,22,30,6,2,1819,15637,0,30.947333699835074,0.0,0
Kothrud,Hinjewadi,23,30,6,0,1314,16099,0,44.106849315068494,0.0,1
Kothrud,Hinjewadi,23,30,6,1,2067,18880,0,32.882438316400574,0.0,0
Kothrud,Hinjewadi,23,30,6,2,1819,15637,0,30.947333699835074,0.0,0
Kothrud,Hinjewadi,6,30,0,0,1359,16099,0,42.64635761589404,0.0,1
Kothrud,Hinjewadi,6,30,0,1,2159,18880,0,31.4812413154238,0.0,0
Kothrud,Hinjewadi,6,30,0,2,1877,15637,0,29.991049547149707,0.0,0
Kothrud,Hinjewadi,7,30,0,0,1498,16099,0,38.68918558077437,0.0,1
Kothrud,Hinjewadi,7,30,0,1,2434,18880,0,27.924404272801972,0.0,0
Kothrud,Hinjewadi,7,30,0,2,2049,15641,0,27.4805270863836,0.0,0
Kothrud,Hinjewadi,8,30,0,0,1673,16099,0,34.64219964136282,0.0,1
Kothrud,Hinjewadi,8,30,0,1,2689,18880,0,25.276310896243956,0.0,0
Kothrud,Hinjewadi,8,30,0,2,2372,17371,0,26.364080944350757,0.0,0
Kothrud,Hinjewadi,9,30,0,0,1746,16099,0,33.19381443298969,0.0,1
Kothrud,Hinjewadi,9,30,0,1,2801,18880,0,24.26561942163513,0.0,0
Kothrud,Hinjewadi,9,30,0,2,2437,17371,0,25.66089454247025,0.0,0
Kothrud,Hinjewadi,10,30,0,0,1802,16099,0,32.1622641509434,0.0,1
Kothrud,Hinjewadi,10,30,0,1,2909,18880,0,23.36473014781712,0.0,0
Kothrud,Hinjewadi,10,30,0,2,2515,17371,0,24.865049701789264,0.0,0
Kothrud,Hinjewadi,11,30,0,0,1812,16099,0,31.98476821192053,0.0,1
Kothrud,Hinjewadi,11,30,0,1,2934,18880,0,23.165644171779142,0.0,0
Kothrud,Hinjewadi,11,30,0,2,2385,15641,0,23.609056603773585,0.0,0
Kothrud,Hinjewadi,12,30,0,0,1769,16099,0,32.76223855285472,0.0,1
Kothrud,Hinjewadi,12,30,0,1,2840,18880,0,23.932394366197183,0.0,0
Kothrud,Hinjewadi,12,30,0,2,2345,15641,0,24.0117697228145,0.0,0
Kothrud,Hinjewadi,13,30,0,0,1641,16099,0,35.31773308957953,0.0,1
Kothrud,Hinjewadi,13,30,0,1,2675,18880,0,25.40859813084112,0.0,0
Kothrud,Hinjewadi,13,30,0,2,2213,15641,0,25.44401265250791,0.0,0
Kothrud,Hinjewadi,14,30,0,0,1551,16099,0,37.36711798839458,0.0,1
Kothrud,Hinjewadi,14,30,0,1,2614,18880,0,26.00153022188217,0.0,0
Kothrud,Hinjewadi,14,30,0,2,2125,15641,0,26.497694117647058,0.0,0
Kothrud,Hinjewadi,15,30,0,0,1556,16099,0,37.247043701799484,0.0,1
Kothrud,Hinjewadi,15,30,0,1,2679,18880,0,25.37066069428891,0.0,0
Kothrud,Hinjewadi,15,30,0,2,2139,15641,0,26.324263674614308,0.0,0
Kothrud,Hinjewadi,16,30,0,0,1666,16099,0,34.78775510204082,0.0,1
Kothrud,Hinjewadi,16,30,0,1,2925,18880,0,23.236923076923077,0.0,0
Kothrud,Hinjewadi,16,30,0,2,2285,15641,0,24.642275711159737,0.0,0
Kothrud,Hinjewadi,17,30,0,0,1802,16099,0,32.1622641509434,0.0,1
Kothrud,Hinjewadi,17,30,0,1,3231,18880,0,21.036211699164344,0.0,0
Kothrud,Hinjewadi,17,30,0,2,2480,15641,0,22.704677419354837,0.0,0
Kothrud,Hinjewadi,18,30,0,0,1878,16099,0,30.860702875399365,0.0,1
Kothrud,Hinjewadi,18,30,0,1,3299,18880,0,20.602606850560775,0.0,0
Kothrud,Hinjewadi,18,30,0,2,2557,15637,0,22.015330465389127,0.0,0
Kothrud,Hinjewadi,19,30,0,0,1805,16099,0,32.10880886426593,0.0,1
Kothrud,Hinjewadi,19,30,0,1,2966,18880,0,22.915711395819283,0.0,0
Kothrud,Hinjewadi,19,30,0,2,2467,15641,0,22.824321037697608,0.0,0
Kothrud,Hinjewadi,20,30,0,0,1597,16099,0,36.29079524107702,0.0,1
Kothrud,Hinjewadi,20,30,0,1,2524,18880,0,26.928684627575276,0.0,0
Kothrud,Hinjewadi,20,30,0,2,2193,15641,0,25.67606019151847,0.0,0
Kothrud,Hinjewadi,21,30,0,0,1378,16099,0,42.05834542815675,0.0,1
Kothrud,Hinjewadi,21,30,0,1,2143,18880,0,31.716285580961266,0.0,0
Kothrud,Hinjewadi,21,30,0,2,1904,15641,0,29.573319327731095,0.0,0
Kothrud,Hinjewadi,22,30,0,0,1314,16099,0,44.106849315068494,0.0,1
Kothrud,Hinjewadi,22,30,0,1,2067,18880,0,32.882438316400574,0.0,0
Kothrud,Hinjewadi,22,30,0,2,1819,15637,0,30.947333699835074,0.0,0
Kothrud,Hinjewadi,23,30,0,0,1314,16099,0,44.106849315068494,0.0,1
Kothrud,Hinjewadi,23,30,0,1,2067,18880,0,32.882438316400574,0.0,0
Kothrud,Hinjewadi,23,30,0,2,1819,15637,0,30.947333699835074,0.0,0
Kothrud,Hinjewadi,6,30,1,0,1354,16099,0,42.803840472673556,0.0,1
Kothrud,Hinjewadi,6,30,1,1,2151,18880,0,31.598326359832633,0.0,0
Kothrud,Hinjewadi,6,30,1,2,1872,15637,0,30.071153846153845,0.0,0
Kothrud,Hinjewadi,7,30,1,0,1471,16099,0,39.39932019034671,0.0,1
Kothrud,Hinjewadi,7,30,1,1,2399,18880,0,28.331804918716127,0.0,0
Kothrud,Hinjewadi,7,30,1,2,2022,15641,0,27.847477744807122,0.0,0
Kothrud,Hinjewadi,8,30,1,0,1627,16099,0,35.62163491087892,0.0,1
Kothrud,Hinjewadi,8,30,1,1,2641,18880,0,25.73570617190458,0.0,0
Kothrud,Hinjewadi,8,30,1,2,2180,15641,0,25.829174311926607,0.0,0
Kothrud,Hinjewadi,9,30,1,0,1688,16099,0,34.33436018957346,0.0,1
Kothrud,Hinjewadi,9,30,1,1,2750,18880,0,24.715636363636364,0.0,0
Kothrud,Hinjewadi,9,30,1,2,2399,17371,0,26.06736140058357,0.0,0
Kothrud,Hinjewadi,10,30,1,0,1738,16099,0,33.34660529344074,0.0,1
Kothrud,Hinjewadi,10,30,1,1,2858,18880,0,23.781665500349895,0.0,0
Kothrud,Hinjewadi,10,30,1,2,2471,17371,0,25.307810602994735,0.0,0
Kothrud,Hinjewadi,11,30,1,0,1754,16099,0,33.042417331813,0.0,1
Kothrud,Hinjewadi,11,30,1,1,2892,18880,0,23.50207468879668,0.0,0
Kothrud,Hinjewadi,11,30,1,2,2330,15641,0,24.16635193133047,0.0,0
Kothrud,Hinjewadi,12,30,1,0,1726,16099,0,33.578447276940906,0.0,1
Kothrud,Hinjewadi,12,30,1,1,2813,18880,0,24.16210451475293,0.0,0
Kothrud,Hinjewadi,12,30,1,2,2301,15641,0,24.470925684485007,0.0,0
Kothrud,Hinjewadi,13,30,1,0,1619,16099,0,35.797652872143296,0.0,1
Kothrud,Hinjewadi,13,30,1,1,2661,18880,0,25.54227733934611,0.0,0
Kothrud,Hinjewadi,13,30,1,2,2192,15641,0,25.687773722627735,0.0,0
Kothrud,Hinjewadi,14,30,1,0,1540,16099,0,37.634025974025974,0.0,1
Kothrud,Hinjewadi,14,30,1,1,2595,18880,0,26.191907514450865,0.0,0
Kothrud,Hinjewadi,14,30,1,2,2115,15641,0,26.622978723404255,0.0,0
Kothrud,Hinjewadi,15,30,1,0,1545,16099,0,37.51223300970874,0.0,1
Kothrud,Hinjewadi,15,30,1,1,2652,18880,0,25.628959276018097,0.0,0
Kothrud,Hinjewadi,15,30,1,2,2128,15641,0,26.46033834586466,0.0,0
Kothrud,Hinjewadi,16,30,1,0,1652,16099,0,35.082566585956414,0.0,1
Kothrud,Hinjewadi,16,30,1,1,2891,18880,0,23.510204081632654,0.0,0
Kothrud,Hinjewadi,16,30,1,2,2266,15641,0,24.848896734333625,0.0,0
Kothrud,Hinjewadi,17,30,1,0,1783,16099,0,32.504991587212565,0.0,1
Kothrud,Hinjewadi,17,30,1,1,3200,18880,0,21.24,0.0,0
Kothrud,Hinjewadi,17,30,1,2,2441,15641,0,23.06743138058173,0.0,0
Kothrud,Hinjewadi,18,30,1,0,1857,16099,0,31.209693053311792,0.0,1
Kothrud,Hinjewadi,18,30,1,1,3276,18880,0,20.747252747252745,0.0,0
Kothrud,Hinjewadi,18,30,1,2,2522,15641,0,22.326566217287866,0.0,0
Kothrud,Hinjewadi,19,30,1,0,1790,16099,0,32.377877094972064,0.0,1
Kothrud,Hinjewadi,19,30,1,1,2953,18880,0,23.016593294954284,0.0,0
Kothrud,Hinjewadi,19,30,1,2,2409,15637,0,23.367870485678704,0.0,0
Kothrud,Hinjewadi,20,30,1,0,1591,16099,0,36.427655562539286,0.0,1
Kothrud,Hinjewadi,20,30,1,1,2520,18880,0,26.97142857142857,0.0,0
Kothrud,Hinjewadi,20,30,1,2,2158,15637,0,26.085820203892492,0.0,0
Kothrud,Hinjewadi,21,30,1,0,1378,16099,0,42.05834542815675,0.0,1
Kothrud,Hinjewadi,21,30,1,1,2143,18880,0,31.716285580961266,0.0,0
Kothrud,Hinjewadi,21,30,1,2,1885,15637,0,29.863766578249336,0.0,0
Kothrud,Hinjewadi,22,30,1,0,1314,16099,0,44.106849315068494,0.0,1
Kothrud,Hinjewadi,22,30,1,1,2067,18880,0,32.882438316400574,0.0,0
Kothrud,Hinjewadi,22,30,1,2,1819,15637,0,30.947333699835074,0.0,0
Kothrud,Hinjewadi,23,30,1,0,1314,16099,0,44.106849315068494,0.0,1
Kothrud,Hinjewadi,23,30,1,1,2067,18880,0,32.882438316400574,0.0,0
Kothrud,Hinjewadi,23,30,1,2,1819,15637,0,30.947333699835074,0.0,0
Kothrud,Hinjewadi,6,30,2,0,1347,16099,0,43.026280623608024,0.0,1
Kothrud,Hinjewadi,6,30,2,1,2144,18880,0,31.701492537313435,0.0,0
Kothrud,Hinjewadi,6,30,2,2,1867,15637,0,30.151687198714516,0.0,0
Kothrud,Hinjewadi,7,30,2,0,1443,16099,0,40.16382536382537,0.0,1
Kothrud,Hinjewadi,7,30,2,1,2367,18880,0,28.714828897338403,0.0,0
Kothrud,Hinjewadi,7,30,2,2,2000,15641,0,28.1538,0.0,0
Kothrud,Hinjewadi,8,30,2,0,1587,16099,0,36.519470699432894,0.0,1
Kothrud,Hinjewadi,8,30,2,1,2590,18880,0,26.242471042471042,0.0,0
Kothrud,Hinjewadi,8,30,2,2,2148,15641,0,26.213966480446928,0.0,0
Kothrud,Hinjewadi,9,30,2,0,1646,16099,0,35.21044957472661,0.0,1
Kothrud,Hinjewadi,9,30,2,1,2687,18880,0,25.295124674358018,0.0,0
Kothrud,Hinjewadi,9,30,2,2,2202,15641,0,25.571117166212534,0.0,0
Kothrud,Hinjewadi,10,30,2,0,1702,16099,0,34.05193889541715,0.0,1
Kothrud,Hinjewadi,10,30,2,1,2805,18880,0,24.231016042780748,0.0,0
Kothrud,Hinjewadi,10,30,2,2,2268,15641,0,24.826984126984126,0.0,0
Kothrud,Hinjewadi,11,30,2,0,1741,16099,0,33.28914417001723,0.0,1
Kothrud,Hinjewadi,11,30,2,1,2867,18880,0,23.707010812696197,0.0,0
Kothrud,Hinjewadi,11,30,2,2,2322,15641,0,24.249612403100773,0.0,0
Kothrud,Hinjewadi,12,30,2,0,1736,16099,0,33.38502304147465,0.0,1
Kothrud,Hinjewadi,12,30,2,1,2818,18880,0,24.119233498935415,0.0,0
Kothrud,Hinjewadi,12,30,2,2,2317,15641,0,24.301942166594735,0.0,0
Kothrud,Hinjewadi,13,30,2,0,1638,16099,0,35.38241758241758,0.0,1
Kothrud,Hinjewadi,13,30,2,1,2691,18880,0,25.257525083612038,0.0,0
Kothrud,Hinjewadi,13,30,2,2,2222,15641,0,25.34095409540954,0.0,0
Kothrud,Hinjewadi,14,30,2,0,1552,16099,0,37.343041237113404,0.0,1
Kothrud,Hinjewadi,14,30,2,1,2637,18880,0,25.77474402730375,0.0,0
Kothrud,Hinjewadi,14,30,2,2,2135,15641,0,26.373583138173302,0.0,0
Kothrud,Hinjewadi,15,30,2,0,1550,16099,0,37.39122580645161,0.0,1
Kothrud,Hinjewadi,15,30,2,1,2696,18880,0,25.2106824925816,0.0,0
Kothrud,Hinjewadi,15,30,2,2,2139,15641,0,26.324263674614308,0.0,0
Kothrud,Hinjewadi,16,30,2,0,1656,16099,0,34.99782608695652,0.0,1
Kothrud,Hinjewadi,16,30,2,1,2916,18880,0,23.30864197530864,0.0,0
Kothrud,Hinjewadi,16,30,2,2,2274,15641,0,24.761477572559365,0.0,0
Kothrud,Hinjewadi,17,30,2,0,1790,16099,0,32.377877094972064,0.0,1
Kothrud,Hinjewadi,17,30,2,1,3199,18880,0,21.246639574867146,0.0,0
Kothrud,Hinjewadi,17,30,2,2,2453,15641,0,22.95458622095393,0.0,0
Kothrud,Hinjewadi,18,30,2,0,1872,16099,0,30.959615384615383,0.0,1
Kothrud,Hinjewadi,18,30,2,1,3276,18880,0,20.747252747252745,0.0,0
Kothrud,Hinjewadi,18,30,2,2,2552,15641,0,22.0641065830721,0.0,0
Kothrud,Hinjewadi,19,30,2,0,1820,16099,0,31.844175824175824,0.0,1
Kothrud,Hinjewadi,19,30,2,1,2968,18880,0,22.900269541778975,0.0,0
Kothrud,Hinjewadi,19,30,2,2,2451,15637,0,22.96744186046512,0.0,0
Kothrud,Hinjewadi,20,30,2,0,1619,16099,0,35.797652872143296,0.0,1
Kothrud,Hinjewadi,20,30,2,1,2541,18880,0,26.748524203069657,0.0,0
Kothrud,Hinjewadi,20,30,2,2,2190,15637,0,25.70465753424658,0.0,0
Kothrud,Hinjewadi,21,30,2,0,1384,16099,0,41.87601156069365,0.0,1
Kothrud,Hinjewadi,21,30,2,1,2144,18880,0,31.701492537313435,0.0,0
Kothrud,Hinjewadi,21,30,2,2,1890,15637,0,29.784761904761904,0.0,0
Kothrud,Hinjewadi,22,30,2,0,1314,16099,0,44.106849315068494,0.0,1
Kothrud,Hinjewadi,22,30,2,1,2067,18880,0,32.882438316400574,0.0,0
Kothrud,Hinjewadi,22,30,2,2,1819,15637,0,30.947333699835074,0.0,0
Kothrud,Hinjewadi,23,30,2,0,1314,16099,0,44.106849315068494,0.0,1
Kothrud,Hinjewadi,23,30,2,1,2067,18880,0,32.882438316400574,0.0,0
Kothrud,Hinjewadi,23,30,2,2,1819,15637,0,30.947333699835074,0.0,0
Kothrud,Hinjewadi,6,30,3,0,1342,16099,0,43.1865871833085,0.0,1
Kothrud,Hinjewadi,6,30,3,1,2123,18880,0,32.01507300989166,0.0,0
Kothrud,Hinjewadi,6,30,3,2,1856,15637,0,30.330387931034483,0.0,0
Kothrud,Hinjewadi,7,30,3,0,1393,16099,0,41.605455850681984,0.0,1
Kothrud,Hinjewadi,7,30,3,1,2250,18880,0,30.208,0.0,0
Kothrud,Hinjewadi,7,30,3,2,1929,15641,0,29.1900466562986,0.0,0
Kothrud,Hinjewadi,8,30,3,0,1475,16099,0,39.29247457627119,0.0,1
Kothrud,Hinjewadi,8,30,3,1,2391,18880,0,28.42659974905897,0.0,0
Kothrud,Hinjewadi,8,30,3,2,2025,15641,0,27.80622222222222,0.0,0
Kothrud,Hinjewadi,9,30,3,0,1532,16099,0,37.83054830287206,0.0,1
Kothrud,Hinjewadi,9,30,3,1,2474,18880,0,27.47291835084883,0.0,0
Kothrud,Hinjewadi,9,30,3,2,2084,15641,0,27.019001919385797,0.0,0
Kothrud,Hinjewadi,10,30,3,0,1599,16099,0,36.2454033771107,0.0,1
Kothrud,Hinjewadi,10,30,3,1,2597,18880,0,26.171736619175974,0.0,0
Kothrud,Hinjewadi,10,30,3,2,2159,15641,0,26.080407596109307,0.0,0
Kothrud,Hinjewadi,11,30,3,0,1675,16099,0,34.60083582089552,0.0,1
Kothrud,Hinjewadi,11,30,3,1,2735,18880,0,24.851188299817185,0.0,0
Kothrud,Hinjewadi,11,30,3,2,2248,15641,0,25.047864768683272,0.0,0
Kothrud,Hinjewadi,12,30,3,0,1708,16099,0,33.93231850117096,0.0,1
Kothrud,Hinjewadi,12,30,3,1,2786,18880,0,24.39626704953338,0.0,0
Kothrud,Hinjewadi,12,30,3,2,2282,15641,0,24.674671340929013,0.0,0
Kothrud,Hinjewadi,13,30,3,0,1696,16099,0,34.17240566037736,0.0,1
Kothrud,Hinjewadi,13,30,3,1,2781,18880,0,24.44012944983819,0.0,0
Kothrud,Hinjewadi,13,30,3,2,2261,15641,0,24.903847854931445,0.0,0
Kothrud,Hinjewadi,14,30,3,0,1677,16099,0,34.559570661896245,0.0,1
Kothrud,Hinjewadi,14,30,3,1,2775,18880,0,24.49297297297297,0.0,0
Kothrud,Hinjewadi,14,30,3,2,2233,15641,0,25.216121809225257,0.0,0
Kothrud,Hinjewadi,15,30,3,0,1687,16099,0,34.3547125074096,0.0,1
Kothrud,Hinjewadi,15,30,3,1,2820,18880,0,24.102127659574467,0.0,0
Kothrud,Hinjewadi,15,30,3,2,2243,15641,0,25.10370040124833,0.0,0
Kothrud,Hinjewadi,16,30,3,0,1728,16099,0,33.53958333333333,0.0,1
Kothrud,Hinjewadi,16,30,3,1,2955,18880,0,23.001015228426397,0.0,0
Kothrud,Hinjewadi,16,30,3,2,2307,15641,0,24.407282184655397,0.0,0
Kothrud,Hinjewadi,17,30,3,0,1772,16099,0,32.70677200902934,0.0,1
Kothrud,Hinjewadi,17,30,3,1,3105,18880,0,21.889855072463767,0.0,0
Kothrud,Hinjewadi,17,30,3,2,2384,15641,0,23.618959731543622,0.0,0
Kothrud,Hinjewadi,18,30,3,0,1784,16099,0,32.48677130044843,0.0,1
Kothrud,Hinjewadi,18,30,3,1,3088,19283,0,22.48018134715026,0.0,0
Kothrud,Hinjewadi,18,30,3,2,2422,15641,0,23.24838976052849,0.0,0
Kothrud,Hinjewadi,19,30,3,0,1723,16099,0,33.63691236215902,0.0,1
Kothrud,Hinjewadi,19,30,3,1,2851,18880,0,23.840056120659415,0.0,0
Kothrud,Hinjewadi,19,30,3,2,2371,15641,0,23.74846056516238,0.0,0
Kothrud,Hinjewadi,20,30,3,0,1591,16099,0,36.427655562539286,0.0,1
Kothrud,Hinjewadi,20,30,3,1,2526,18880,0,26.90736342042755,0.0,0
Kothrud,Hinjewadi,20,30,3,2,2192,15641,0,25.687773722627735,0.0,0
Kothrud,Hinjewadi,21,30,3,0,1384,16099,0,41.87601156069365,0.0,1
Kothrud,Hinjewadi,21,30,3,1,2146,18880,0,31.67194780987884,0.0,0
Kothrud,Hinjewadi,21,30,3,2,1892,15637,0,29.753276955602537,0.0,0
Kothrud,Hinjewadi,22,30,3,0,1314,16099,0,44.106849315068494,0.0,1
Kothrud,Hinjewadi,22,30,3,1,2067,18880,0,32.882438316400574,0.0,0
Kothrud,Hinjewadi,22,30,3,2,1819,15637,0,30.947333699835074,0.0,0
Kothrud,Hinjewadi,23,30,3,0,1314,16099,0,44.106849315068494,0.0,1
Kothrud,Hinjewadi,23,30,3,1,2067,18880,0,32.882438316400574,0.0,0
Kothrud,Hinjewadi,23,30,3,2,1819,15637,0,30.947333699835074,0.0,0
Kothrud,Hinjewadi,6,30,4,0,1339,16099,0,43.28334578043316,0.0,1
Kothrud,Hinjewadi,6,30,4,1,2107,18880,0,32.25818699572852,0.0,0
Kothrud,Hinjewadi,6,30,4,2,1863,15641,0,30.224154589371985,0.0,0
Kothrud,Hinjewadi,7,30,4,0,1363,16099,0,42.52120322817315,0.0,1
Kothrud,Hinjewadi,7,30,4,1,2171,18880,0,31.307231690465223,0.0,0
Kothrud,Hinjewadi,7,30,4,2,1891,15641,0,29.77662612374405,0.0,0
Kothrud,Hinjewadi,8,30,4,0,1410,16099,0,41.10382978723404,0.0,1
Kothrud,Hinjewadi,8,30,4,1,2252,18880,0,30.181172291296626,0.0,0
Kothrud,Hinjewadi,8,30,4,2,1940,15641,0,29.024536082474228,0.0,0
Kothrud,Hinjewadi,9,30,4,0,1444,16099,0,40.136011080332416,0.0,1
Kothrud,Hinjewadi,9,30,4,1,2308,18880,0,29.44887348353553,0.0,0
Kothrud,Hinjewadi,9,30,4,2,1977,15641,0,28.48133535660091,0.0,0
Kothrud,Hinjewadi,10,30,4,0,1490,16099,0,38.89691275167785,0.0,1
Kothrud,Hinjewadi,10,30,4,1,2381,18880,0,28.545989080218394,0.0,0
Kothrud,Hinjewadi,10,30,4,2,2021,15641,0,27.86125680356259,0.0,0
Kothrud,Hinjewadi,11,30,4,0,1545,16099,0,37.51223300970874,0.0,1
Kothrud,Hinjewadi,11,30,4,1,2463,18880,0,27.595615103532275,0.0,0
Kothrud,Hinjewadi,11,30,4,2,2074,15641,0,27.14927675988428,0.0,0
Kothrud,Hinjewadi,12,30,4,0,1563,16099,0,37.080230326295585,0.0,1
Kothrud,Hinjewadi,12,30,4,1,2487,18880,0,27.329312424607963,0.0,0
Kothrud,Hinjewadi,12,30,4,2,2092,15641,0,26.91567877629063,0.0,0
Kothrud,Hinjewadi,13,30,4,0,1559,16099,0,37.17536882617062,0.0,1
Kothrud,Hinjewadi,13,30,4,1,2488,18880,0,27.318327974276524,0.0,0
Kothrud,Hinjewadi,13,30,4,2,2085,15641,0,27.006043165467624,0.0,0
Kothrud,Hinjewadi,14,30,4,0,1555,16099,0,37.27099678456592,0.0,1
Kothrud,Hinjewadi,14,30,4,1,2509,18880,0,27.08967716221602,0.0,0
Kothrud,Hinjewadi,14,30,4,2,2078,15641,0,27.097016361886432,0.0,0
Kothrud,Hinjewadi,15,30,4,0,1572,16099,0,36.867938931297715,0.0,1
Kothrud,Hinjewadi,15,30,4,1,2551,18880,0,26.643669149353194,0.0,0
Kothrud,Hinjewadi,15,30,4,2,2090,15641,0,26.941435406698563,0.0,0
Kothrud,Hinjewadi,16,30,4,0,1616,16099,0,35.86410891089109,0.0,1
Kothrud,Hinjewadi,16,30,4,1,2631,18880,0,25.83352337514253,0.0,0
Kothrud,Hinjewadi,16,30,4,2,2132,15641,0,26.410694183864916,0.0,0
Kothrud,Hinjewadi,17,30,4,0,1669,16099,0,34.72522468544039,0.0,1
Kothrud,Hinjewadi,17,30,4,1,2719,18880,0,24.997425524089735,0.0,0
Kothrud,Hinjewadi,17,30,4,2,2183,15641,0,25.7936784241869,0.0,0
Kothrud,Hinjewadi,18,30,4,0,1690,16099,0,34.293727810650886,0.0,1
Kothrud,Hinjewadi,18,30,4,1,2721,18880,0,24.97905181918412,0.0,0
Kothrud,Hinjewadi,18,30,4,2,2203,15641,0,25.559509759418976,0.0,0
Kothrud,Hinjewadi,19,30,4,0,1639,16099,0,35.36082977425259,0.0,1
Kothrud,Hinjewadi,19,30,4,1,2590,18880,0,26.242471042471042,0.0,0
Kothrud,Hinjewadi,19,30,4,2,2162,15641,0,26.04421831637373,0.0,0
Kothrud,Hinjewadi,20,30,4,0,1536,16099,0,37.73203125,0.0,1
Kothrud,Hinjewadi,20,30,4,1,2393,18880,0,28.402841621395737,0.0,0
Kothrud,Hinjewadi,20,30,4,2,2059,15641,0,27.34706168042739,0.0,0
Kothrud,Hinjewadi,21,30,4,0,1373,16099,0,42.21150764748725,0.0,1
Kothrud,Hinjewadi,21,30,4,1,2130,18880,0,31.909859154929574,0.0,0
Kothrud,Hinjewadi,21,30,4,2,1886,15641,0,29.855567338282082,0.0,0
Kothrud,Hinjewadi,22,30,4,0,1314,16099,0,44.106849315068494,0.0,1
Kothrud,Hinjewadi,22,30,4,1,2067,18880,0,32.882438316400574,0.0,0
Kothrud,Hinjewadi,22,30,4,2,1819,15637,0,30.947333699835074,0.0,0
Kothrud,Hinjewadi,23,30,4,0,1314,16099,0,44.106849315068494,0.0,1
Kothrud,Hinjewadi,23,30,4,1,2067,18880,0,32.882438316400574,0.0,0
Kothrud,Hinjewadi,23,30,4,2,1819,15637,0,30.947333699835074,0.0,0
Kothrud,Hinjewadi,6,30,5,0,1359,16099,0,42.64635761589404,0.0,1
Kothrud,Hinjewadi,6,30,5,1,2153,18880,0,31.568973525313513,0.0,0
Kothrud,Hinjewadi,6,30,5,2,1874,15637,0,30.039060832443973,0.0,0
Kothrud,Hinjewadi,7,30,5,0,1483,16099,0,39.080512474713416,0.0,1
Kothrud,Hinjewadi,7,30,5,1,2408,18880,0,28.225913621262457,0.0,0
Kothrud,Hinjewadi,7,30,5,2,2002,15637,0,28.11848151848152,0.0,0
Kothrud,Hinjewadi,8,30,5,0,1639,16099,0,35.36082977425259,0.0,1
Kothrud,Hinjewadi,8,30,5,1,2647,18880,0,25.677370608235737,0.0,0
Kothrud,Hinjewadi,8,30,5,2,2177,15641,0,25.864768029398252,0.0,0
Kothrud,Hinjewadi,9,30,5,0,1701,16099,0,34.071957671957676,0.0,1
Kothrud,Hinjewadi,9,30,5,1,2750,18880,0,24.715636363636364,0.0,0
Kothrud,Hinjewadi,9,30,5,2,2245,15641,0,25.081336302895323,0.0,0
Kothrud,Hinjewadi,10,30,5,0,1749,16099,0,33.1368782161235,0.0,1
Kothrud,Hinjewadi,10,30,5,1,2851,18880,0,23.840056120659415,0.0,0
Kothrud,Hinjewadi,10,30,5,2,2307,15641,0,24.407282184655397,0.0,0
Kothrud,Hinjewadi,11,30,5,0,1763,16099,0,32.87373794668179,0.0,1
Kothrud,Hinjewadi,11,30,5,1,2882,18880,0,23.58362248438584,0.0,0
Kothrud,Hinjewadi,11,30,5,2,2330,15641,0,24.16635193133047,0.0,0
Kothrud,Hinjewadi,12,30,5,0,1734,16099,0,33.423529411764704,0.0,1
Kothrud,Hinjewadi,12,30,5,1,2802,18880,0,24.25695931477516,0.0,0
Kothrud,Hinjewadi,12,30,5,2,2298,15641,0,24.502872062663187,0.0,0
Kothrud,Hinjewadi,13,30,5,0,1627,16099,0,35.62163491087892,0.0,1
Kothrud,Hinjewadi,13,30,5,1,2657,18880,0,25.580730146782084,0.0,0
Kothrud,Hinjewadi,13,30,5,2,2162,15637,0,26.037557816836266,0.0,0
Kothrud,Hinjewadi,14,30,5,0,1544,16099,0,37.53652849740933,0.0,1
Kothrud,Hinjewadi,14,30,5,1,2597,18880,0,26.171736619175974,0.0,0
Kothrud,Hinjewadi,14,30,5,2,2082,15637,0,27.038040345821326,0.0,0
Kothrud,Hinjewadi,15,30,5,0,1541,16099,0,37.6096041531473,0.0,1
Kothrud,Hinjewadi,15,30,5,1,2656,18880,0,25.59036144578313,0.0,0
Kothrud,Hinjewadi,15,30,5,2,2087,15637,0,26.973263057019643,0.0,0
Kothrud,Hinjewadi,16,30,5,0,1636,16099,0,35.42567237163814,0.0,1
Kothrud,Hinjewadi,16,30,5,1,2894,18880,0,23.48583275742916,0.0,0
Kothrud,Hinjewadi,16,30,5,2,2215,15637,0,25.41453724604966,0.0,0
Kothrud,Hinjewadi,17,30,5,0,1752,16099,0,33.08013698630137,0.0,1
Kothrud,Hinjewadi,17,30,5,1,3207,18880,0,21.193638914873713,0.0,0
Kothrud,Hinjewadi,17,30,5,2,2381,15637,0,23.64267114657707,0.0,0
Kothrud,Hinjewadi,18,30,5,0,1820,16099,0,31.844175824175824,0.0,1
Kothrud,Hinjewadi,18,30,5,1,3295,18880,0,20.62761760242792,0.0,0
Kothrud,Hinjewadi,18,30,5,2,2478,15637,0,22.71719128329298,0.0,0
Kothrud,Hinjewadi,19,30,5,0,1769,16099,0,32.76223855285472,0.0,1
Kothrud,Hinjewadi,19,30,5,1,2963,18880,0,22.938913263584205,0.0,0
Kothrud,Hinjewadi,19,30,5,2,2423,15641,0,23.23879488237722,0.0,0
Kothrud,Hinjewadi,20,30,5,0,1588,16099,0,36.49647355163728,0.0,1
Kothrud,Hinjewadi,20,30,5,1,2522,18880,0,26.950039651070576,0.0,0
Kothrud,Hinjewadi,20,30,5,2,2183,15641,0,25.7936784241869,0.0,0
Kothrud,Hinjewadi,21,30,5,0,1377,16099,0,42.08888888888889,0.0,1
Kothrud,Hinjewadi,21,30,5,1,2145,18880,0,31.686713286713285,0.0,0
Kothrud,Hinjewadi,21,30,5,2,1887,15637,0,29.832114467408587,0.0,0
Kothrud,Hinjewadi,22,30,5,0,1314,16099,0,44.106849315068494,0.0,1
Kothrud,Hinjewadi,22,30,5,1,2067,18880,0,32.882438316400574,0.0,0
Kothrud,Hinjewadi,22,30,5,2,1819,15637,0,30.947333699835074,0.0,0
Kothrud,Hinjewadi,23,30,5,0,1314,16099,0,44.106849315068494,0.0,1
Kothrud,Hinjewadi,23,30,5,1,2067,18880,0,32.882438316400574,0.0,0
Kothrud,Hinjewadi,23,30,5,2,1819,15637,0,30.947333699835074,0.0,0
Kothrud,Hinjewadi,6,30,6,0,1361,16099,0,42.58368846436444,0.0,1
Kothrud,Hinjewadi,6,30,6,1,2165,18880,0,31.393995381062357,0.0,0
Kothrud,Hinjewadi,6,30,6,2,1880,15637,0,29.943191489361702,0.0,0
Kothrud,Hinjewadi,7,30,6,0,1507,16099,0,38.45812873258129,0.0,1
Kothrud,Hinjewadi,7,30,6,1,2451,18880,0,27.730722154222768,0.0,0
Kothrud,Hinjewadi,7,30,6,2,2046,15637,0,27.513782991202344,0.0,0
Kothrud,Hinjewadi,8,30,6,0,1684,16099,0,34.41591448931116,0.0,1
Kothrud,Hinjewadi,8,30,6,1,2714,18880,0,25.043478260869563,0.0,0
Kothrud,Hinjewadi,8,30,6,2,2396,17371,0,26.099999999999998,0.0,0
Kothrud,Hinjewadi,9,30,6,0,1757,16099,0,32.985998861696075,0.0,1
Kothrud,Hinjewadi,9,30,6,1,2833,18880,0,23.99152841510766,0.0,0
Kothrud,Hinjewadi,9,30,6,2,2457,17371,0,25.45201465201465,0.0,0
Kothrud,Hinjewadi,10,30,6,0,1814,16099,0,31.94950385887541,0.0,1
Kothrud,Hinjewadi,10,30,6,1,2949,18880,0,23.047812817904372,0.0,0
Kothrud,Hinjewadi,10,30,6,2,2531,17371,0,24.707862504938756,0.0,0
Kothrud,Hinjewadi,11,30,6,0,1822,16099,0,31.80922063666301,0.0,1
Kothrud,Hinjewadi,11,30,6,1,2971,18880,0,22.87714574217435,0.0,0
Kothrud,Hinjewadi,11,30,6,2,2385,15641,0,23.609056603773585,0.0,0
Kothrud,Hinjewadi,12,30,6,0,1772,16099,0,32.70677200902934,0.0,1
Kothrud,Hinjewadi,12,30,6,1,2863,18880,0,23.74013272790779,0.0,0
Kothrud,Hinjewadi,12,30,6,2,2338,15641,0,24.08366124893071,0.0,0
Kothrud,Hinjewadi,13,30,6,0,1644,16099,0,35.253284671532846,0.0,1
Kothrud,Hinjewadi,13,30,6,1,2704,18880,0,25.13609467455621,0.0,0
Kothrud,Hinjewadi,13,30,6,2,2208,15641,0,25.501630434782612,0.0,0
Kothrud,Hinjewadi,14,30,6,0,1561,16099,0,37.12773862908392,0.0,1
Kothrud,Hinjewadi,14,30,6,1,2644,18880,0,25.706505295007563,0.0,0
Kothrud,Hinjewadi,14,30,6,2,2132,15641,0,26.410694183864916,0.0,0
Kothrud,Hinjewadi,15,30,6,0,1569,16099,0,36.93843212237093,0.0,1
Kothrud,Hinjewadi,15,30,6,1,2707,18880,0,25.10823790173624,0.0,0
Kothrud,Hinjewadi,15,30,6,2,2156,15641,0,26.116697588126158,0.0,0
Kothrud,Hinjewadi,16,30,6,0,1675,16099,0,34.60083582089552,0.0,1
Kothrud,Hinjewadi,16,30,6,1,2951,18880,0,23.032192477126397,0.0,0
Kothrud,Hinjewadi,16,30,6,2,2309,15641,0,24.386141186660893,0.0,0
Kothrud,Hinjewadi,17,30,6,0,1807,16099,0,32.07327061427781,0.0,1
Kothrud,Hinjewadi,17,30,6,1,3259,18880,0,20.855477140227062,0.0,0
Kothrud,Hinjewadi,17,30,6,2,2494,15637,0,22.571451483560544,0.0,0
Kothrud,Hinjewadi,18,30,6,0,1874,16099,0,30.92657417289221,0.0,1
Kothrud,Hinjewadi,18,30,6,1,3325,18880,0,20.441503759398493,0.0,0
Kothrud,Hinjewadi,18,30,6,2,2568,15637,0,21.921028037383177,0.0,0
Kothrud,Hinjewadi,19,30,6,0,1793,16099,0,32.32370329057446,0.0,1
Kothrud,Hinjewadi,19,30,6,1,2973,18880,0,22.861755802219978,0.0,0
Kothrud,Hinjewadi,19,30,6,2,2455,15641,0,22.93588594704684,0.0,0
Kothrud,Hinjewadi,20,30,6,0,1587,16099,0,36.519470699432894,0.0,1
Kothrud,Hinjewadi,20,30,6,1,2528,18880,0,26.88607594936709,0.0,0
Kothrud,Hinjewadi,20,30,6,2,2180,15641,0,25.829174311926607,0.0,0
Kothrud,Hinjewadi,21,30,6,0,1376,16099,0,42.119476744186045,0.0,1
Kothrud,Hinjewadi,21,30,6,1,2144,18880,0,31.701492537313435,0.0,0
Kothrud,Hinjewadi,21,30,6,2,1886,15637,0,29.84793213149523,0.0,0
Kothrud,Hinjewadi,22,30,6,0,1314,16099,0,44.106849315068494,0.0,1
Kothrud,Hinjewadi,22,30,6,1,2067,18880,0,32.882438316400574,0.0,0
Kothrud,Hinjewadi,22,30,6,2,1819,15637,0,30.947333699835074,0.0,0
Kothrud,Hinjewadi,23,30,6,0,1314,16099,0,44.106849315068494,0.0,1
Kothrud,Hinjewadi,23,30,6,1,2067,18880,0,32.882438316400574,0.0,0
Kothrud,Hinjewadi,23,30,6,2,1819,15637,0,30.947333699835074,0.0,0
Kothrud,Hadapsar,6,30,0,0,2103,15611,0,26.723537803138377,0.0,1
Kothrud,Hadapsar,6,30,0,1,2359,18779,0,28.65807545570157,0.0,0
Kothrud,Hadapsar,6,30,0,2,2310,16733,0,26.077402597402596,0.0,0
Kothrud,Hadapsar,7,30,0,0,2371,15620,0,23.716575284690002,0.0,1
Kothrud,Hadapsar,7,30,0,1,2699,18779,0,25.0479436828455,0.0,0
Kothrud,Hadapsar,7,30,0,2,2666,17184,0,23.20420105026257,0.0,0
Kothrud,Hadapsar,8,30,0,0,2632,15201,0,20.791641337386018,0.0,1
Kothrud,Hadapsar,8,30,0,1,3094,19286,0,22.440077569489336,0.0,0
Kothrud,Hadapsar,8,30,0,2,2838,16559,0,21.00507399577167,0.0,0
Kothrud,Hadapsar,9,30,0,0,2807,15201,0,19.495404346277166,0.0,1
Kothrud,Hadapsar,9,30,0,1,3224,19286,0,21.535235732009927,0.0,0
Kothrud,Hadapsar,9,30,0,2,3000,16765,0,20.118,0.0,0
Kothrud,Hadapsar,10,30,0,0,2993,15494,0,18.636284664216507,0.0,1
Kothrud,Hadapsar,10,30,0,1,3119,16521,0,19.06880410387945,0.0,0
Kothrud,Hadapsar,10,30,0,2,3410,19286,0,20.360586510263932,0.0,0
Kothrud,Hadapsar,11,30,0,0,3120,15494,0,17.877692307692307,0.0,1
Kothrud,Hadapsar,11,30,0,1,3513,19286,0,19.763620836891548,0.0,0
Kothrud,Hadapsar,11,30,0,2,3265,16521,0,18.216110260336908,0.0,0
Kothrud,Hadapsar,12,30,0,0,3096,15494,0,18.016279069767442,0.0,1
Kothrud,Hadapsar,12,30,0,1,3426,19286,0,20.265499124343258,0.0,0
Kothrud,Hadapsar,12,30,0,2,3243,16521,0,18.339685476410732,0.0,0
Kothrud,Hadapsar,13,30,0,0,2936,15225,0,18.66825613079019,0.0,1
Kothrud,Hadapsar,13,30,0,1,3200,18779,0,21.126375,0.0,0
Kothrud,Hadapsar,13,30,0,2,3222,16765,0,18.731843575418996,0.0,0
Kothrud,Hadapsar,14,30,0,0,2805,15494,0,19.88534759358289,0.0,1
Kothrud,Hadapsar,14,30,0,1,3217,19286,0,21.58209511967672,0.0,0
Kothrud,Hadapsar,14,30,0,2,3174,16521,0,18.738374291115313,0.0,0
Kothrud,Hadapsar,15,30,0,0,2825,15451,0,19.689769911504424,0.0,1
Kothrud,Hadapsar,15,30,0,1,3344,19597,0,21.097248803827753,0.0,0
Kothrud,Hadapsar,15,30,0,2,3242,16521,0,18.345342381246144,0.0,0
Kothrud,Hadapsar,16,30,0,0,3041,15451,0,18.291219993423216,0.0,1
Kothrud,Hadapsar,16,30,0,1,3396,16521,0,17.513427561837457,0.0,0
Kothrud,Hadapsar,16,30,0,2,3694,19286,0,18.79523551705468,0.0,0
Kothrud,Hadapsar,17,30,0,0,3274,15451,0,16.989492974954185,0.0,1
Kothrud,Hadapsar,17,30,0,1,3713,17008,0,16.490385133315378,0.0,0
Kothrud,Hadapsar,17,30,0,2,3811,18085,0,17.08370506428759,0.0,0
Kothrud,Hadapsar,18,30,0,0,3312,15201,0,16.52282608695652,0.0,1
Kothrud,Hadapsar,18,30,0,1,3714,17915,0,17.365105008077542,0.0,0
Kothrud,Hadapsar,18,30,0,2,3938,17514,0,16.01076688674454,0.0,0
Kothrud,Hadapsar,19,30,0,0,3016,15201,0,18.144429708222813,0.0,1
Kothrud,Hadapsar,19,30,0,1,3381,17915,0,19.075421472937,0.0,0
Kothrud,Hadapsar,19,30,0,2,3365,18779,0,20.090460624071323,0.0,0
Kothrud,Hadapsar,20,30,0,0,2609,15620,0,21.55308547336144,0.0,1
Kothrud,Hadapsar,20,30,0,1,2885,19286,0,24.065719237435008,0.0,0
Kothrud,Hadapsar,20,30,0,2,2882,17046,0,21.292713393476753,0.0,0
Kothrud,Hadapsar,21,30,0,0,2109,15620,0,26.662873399715505,0.0,1
Kothrud,Hadapsar,21,30,0,1,2323,18779,0,29.102195436935,0.0,0
Kothrud,Hadapsar,21,30,0,2,2321,16978,0,26.333821628608362,0.0,0
Kothrud,Hadapsar,22,30,0,0,2013,15620,0,27.934426229508194,0.0,1
Kothrud,Hadapsar,22,30,0,1,2241,18779,0,30.167068273092365,0.0,0
Kothrud,Hadapsar,22,30,0,2,2168,16733,0,27.785424354243542,0.0,0
Kothrud,Hadapsar,23,30,0,0,2013,15620,0,27.934426229508194,0.0,1
Kothrud,Hadapsar,23,30,0,1,2241,18779,0,30.167068273092365,0.0,0
Kothrud,Hadapsar,23,30,0,2,2168,16733,0,27.785424354243542,0.0,0
Kothrud,Hadapsar,6,30,1,0,2102,15620,0,26.751665080875355,0.0,1
Kothrud,Hadapsar,6,30,1,1,2355,18779,0,28.70675159235669,0.0,0
Kothrud,Hadapsar,6,30,1,2,2363,16978,0,25.865763859500635,0.0,0
Kothrud,Hadapsar,7,30,1,0,2370,15620,0,23.72658227848101,0.0,1
Kothrud,Hadapsar,7,30,1,1,2656,18779,0,25.45346385542169,0.0,0
Kothrud,Hadapsar,7,30,1,2,2642,17184,0,23.414988644965934,0.0,0
Kothrud,Hadapsar,8,30,1,0,2618,15201,0,20.90282658517953,0.0,1
Kothrud,Hadapsar,8,30,1,1,3031,19286,0,22.906499505113825,0.0,0
Kothrud,Hadapsar,8,30,1,2,2791,16559,0,21.358796130419208,0.0,0
Kothrud,Hadapsar,9,30,1,0,2785,15201,0,19.64940754039497,0.0,1
Kothrud,Hadapsar,9,30,1,1,3160,19286,0,21.97139240506329,0.0,0
Kothrud,Hadapsar,9,30,1,2,2950,16765,0,20.458983050847458,0.0,0
Kothrud,Hadapsar,10,30,1,0,2970,15494,0,18.78060606060606,0.0,1
Kothrud,Hadapsar,10,30,1,1,3061,16521,0,19.43012087553087,0.0,0
Kothrud,Hadapsar,10,30,1,2,3344,19286,0,20.76244019138756,0.0,0
Kothrud,Hadapsar,11,30,1,0,3104,15494,0,17.969845360824742,0.0,1
Kothrud,Hadapsar,11,30,1,1,3207,16521,0,18.54555659494855,0.0,0
Kothrud,Hadapsar,11,30,1,2,3459,19286,0,20.07215958369471,0.0,0
Kothrud,Hadapsar,12,30,1,0,3093,15494,0,18.033753637245393,0.0,1
Kothrud,Hadapsar,12,30,1,1,3393,19286,0,20.462599469496023,0.0,0
Kothrud,Hadapsar,12,30,1,2,3199,16521,0,18.591934979681152,0.0,0
Kothrud,Hadapsar,13,30,1,0,2923,15225,0,18.751282928498117,0.0,1
Kothrud,Hadapsar,13,30,1,1,3185,18779,0,21.225871271585557,0.0,0
Kothrud,Hadapsar,13,30,1,2,3245,16894,0,18.742187981510014,0.0,0
Kothrud,Hadapsar,14,30,1,0,2782,15494,0,20.049748382458663,0.0,1
Kothrud,Hadapsar,14,30,1,1,3170,19597,0,22.255268138801263,0.0,0
Kothrud,Hadapsar,14,30,1,2,3114,16521,0,19.09942196531792,0.0,0
Kothrud,Hadapsar,15,30,1,0,2799,15451,0,19.87266881028939,0.0,1
Kothrud,Hadapsar,15,30,1,1,3255,19286,0,21.330138248847927,0.0,0
Kothrud,Hadapsar,15,30,1,2,3154,16521,0,18.857197209892202,0.0,0
Kothrud,Hadapsar,16,30,1,0,3012,15451,0,18.467330677290835,0.0,1
Kothrud,Hadapsar,16,30,1,1,3502,17008,0,17.483952027412908,0.0,0
Kothrud,Hadapsar,16,30,1,2,3551,19286,0,19.55212616164461,0.0,0
Kothrud,Hadapsar,17,30,1,0,3236,15451,0,17.18899876390606,0.0,1
Kothrud,Hadapsar,17,30,1,1,3590,17008,0,17.055376044568245,0.0,0
Kothrud,Hadapsar,17,30,1,2,3618,18085,0,17.995024875621894,0.0,0
Kothrud,Hadapsar,18,30,1,0,3288,15201,0,16.643430656934306,0.0,1
Kothrud,Hadapsar,18,30,1,1,3675,17915,0,17.549387755102043,0.0,0
Kothrud,Hadapsar,18,30,1,2,3925,17668,0,16.205044585987263,0.0,0
Kothrud,Hadapsar,19,30,1,0,3013,15201,0,18.162495851310986,0.0,1
Kothrud,Hadapsar,19,30,1,1,3390,17915,0,19.024778761061945,0.0,0
Kothrud,Hadapsar,19,30,1,2,3308,18779,0,20.436638452237002,0.0,0
Kothrud,Hadapsar,20,30,1,0,2610,15620,0,21.544827586206896,0.0,1
Kothrud,Hadapsar,20,30,1,1,2882,19286,0,24.090770298403886,0.0,0
Kothrud,Hadapsar,20,30,1,2,2757,16977,0,22.168008705114254,0.0,0
Kothrud,Hadapsar,21,30,1,0,2110,15620,0,26.650236966824643,0.0,1
Kothrud,Hadapsar,21,30,1,1,2326,18779,0,29.064660361134997,0.0,0
Kothrud,Hadapsar,21,30,1,2,2321,16978,0,26.333821628608362,0.0,0
Kothrud,Hadapsar,22,30,1,0,2013,15620,0,27.934426229508194,0.0,1
Kothrud,Hadapsar,22,30,1,1,2241,18779,0,30.167068273092365,0.0,0
Kothrud,Hadapsar,22,30,1,2,2168,16733,0,27.785424354243542,0.0,0
Kothrud,Hadapsar,23,30,1,0,2013,15620,0,27.934426229508194,0.0,1
Kothrud,Hadapsar,23,30,1,1,2241,18779,0,30.167068273092365,0.0,0
Kothrud,Hadapsar,23,30,1,2,2168,16733,0,27.785424354243542,0.0,0
Kothrud,Hadapsar,6,30,2,0,2101,15620,0,26.76439790575916,0.0,1
Kothrud,Hadapsar,6,30,2,1,2357,18779,0,28.682392872295292,0.0,0
Kothrud,Hadapsar,6,30,2,2,2296,16733,0,26.236411149825784,0.0,0
Kothrud,Hadapsar,7,30,2,0,2367,15620,0,23.75665399239544,0.0,1
Kothrud,Hadapsar,7,30,2,1,2655,18779,0,25.463050847457627,0.0,0
Kothrud,Hadapsar,7,30,2,2,2643,17184,0,23.4061293984109,0.0,0
Kothrud,Hadapsar,8,30,2,0,2600,15201,0,21.047538461538462,0.0,1
Kothrud,Hadapsar,8,30,2,1,3008,19286,0,23.081648936170215,0.0,0
Kothrud,Hadapsar,8,30,2,2,2786,16895,0,21.83129935391242,0.0,0
Kothrud,Hadapsar,9,30,2,0,2759,15201,0,19.834577745559987,0.0,1
Kothrud,Hadapsar,9,30,2,1,3116,19286,0,22.281643132220797,0.0,0
Kothrud,Hadapsar,9,30,2,2,2938,16765,0,20.542545949625595,0.0,0
Kothrud,Hadapsar,10,30,2,0,2949,15494,0,18.91434384537131,0.0,1
Kothrud,Hadapsar,10,30,2,1,3046,16521,0,19.5258043335522,0.0,0
Kothrud,Hadapsar,10,30,2,2,3287,19286,0,21.12248250684515,0.0,0
Kothrud,Hadapsar,11,30,2,0,3086,15494,0,18.074659753726507,0.0,1
Kothrud,Hadapsar,11,30,2,1,3401,19286,0,20.414466333431346,0.0,0
Kothrud,Hadapsar,11,30,2,2,3188,16521,0,18.656085319949813,0.0,0
Kothrud,Hadapsar,12,30,2,0,3077,15494,0,18.127526811829703,0.0,1
Kothrud,Hadapsar,12,30,2,1,3357,19286,0,20.682037533512066,0.0,0
Kothrud,Hadapsar,12,30,2,2,3178,16521,0,18.71478917558213,0.0,0
Kothrud,Hadapsar,13,30,2,0,2922,15225,0,18.75770020533881,0.0,1
Kothrud,Hadapsar,13,30,2,1,3208,18779,0,21.073690773067334,0.0,0
Kothrud,Hadapsar,13,30,2,2,3233,16894,0,18.811753789050414,0.0,0
Kothrud,Hadapsar,14,30,2,0,2815,15494,0,19.814706927175845,0.0,1
Kothrud,Hadapsar,14,30,2,1,3242,19286,0,21.415669339913634,0.0,0
Kothrud,Hadapsar,14,30,2,2,3110,16521,0,19.123987138263665,0.0,0
Kothrud,Hadapsar,15,30,2,0,2850,15451,0,19.51705263157895,0.0,1
Kothrud,Hadapsar,15,30,2,1,3365,19286,0,20.632867756315008,0.0,0
Kothrud,Hadapsar,15,30,2,2,3169,16521,0,18.76793941306406,0.0,0
Kothrud,Hadapsar,16,30,2,0,3076,15451,0,18.083094928478545,0.0,1
Kothrud,Hadapsar,16,30,2,1,3543,17008,0,17.281625740897542,0.0,0
Kothrud,Hadapsar,16,30,2,2,3675,19286,0,18.89240816326531,0.0,0
Kothrud,Hadapsar,17,30,2,0,3306,15451,0,16.825045372050816,0.0,1
Kothrud,Hadapsar,17,30,2,1,3632,17008,0,16.85814977973568,0.0,0
Kothrud,Hadapsar,17,30,2,2,4006,19286,0,17.331402895656517,0.0,0
Kothrud,Hadapsar,18,30,2,0,3343,15405,0,16.589291055937778,0.0,1
Kothrud,Hadapsar,18,30,2,1,3531,17008,0,17.34035683942226,0.0,0
Kothrud,Hadapsar,18,30,2,2,3919,19286,0,17.716152079612147,0.0,0
Kothrud,Hadapsar,19,30,2,0,3021,15201,0,18.114399205561075,0.0,1
Kothrud,Hadapsar,19,30,2,1,3395,17915,0,18.996759941089838,0.0,0
Kothrud,Hadapsar,19,30,2,2,3342,18779,0,20.228725314183123,0.0,0
Kothrud,Hadapsar,20,30,2,0,2608,15620,0,21.561349693251532,0.0,1
Kothrud,Hadapsar,20,30,2,1,2882,19286,0,24.090770298403886,0.0,0
Kothrud,Hadapsar,20,30,2,2,2887,17046,0,21.25583650848632,0.0,0
Kothrud,Hadapsar,21,30,2,0,2108,15620,0,26.675521821631875,0.0,1
Kothrud,Hadapsar,21,30,2,1,2324,18779,0,29.089672977624787,0.0,0
Kothrud,Hadapsar,21,30,2,2,2320,16978,0,26.345172413793104,0.0,0
Kothrud,Hadapsar,22,30,2,0,2013,15620,0,27.934426229508194,0.0,1
Kothrud,Hadapsar,22,30,2,1,2241,18779,0,30.167068273092365,0.0,0
Kothrud,Hadapsar,22,30,2,2,2168,16733,0,27.785424354243542,0.0,0
Kothrud,Hadapsar,23,30,2,0,2013,15620,0,27.934426229508194,0.0,1
Kothrud,Hadapsar,23,30,2,1,2241,18779,0,30.167068273092365,0.0,0
Kothrud,Hadapsar,23,30,2,2,2168,16733,0,27.785424354243542,0.0,0
Kothrud,Hadapsar,6,30,3,0,2095,15620,0,26.84105011933174,0.0,1
Kothrud,Hadapsar,6,30,3,1,2311,18779,0,29.253310255300736,0.0,0
Kothrud,Hadapsar,6,30,3,2,2331,16978,0,26.220849420849426,0.0,0
Kothrud,Hadapsar,7,30,3,0,2307,15620,0,24.37451235370611,0.0,1
Kothrud,Hadapsar,7,30,3,1,2449,18779,0,27.604899959167007,0.0,0
Kothrud,Hadapsar,7,30,3,2,2663,17252,0,23.32226811866316,0.0,0
Kothrud,Hadapsar,8,30,3,0,2483,15201,0,22.03930728956907,0.0,1
Kothrud,Hadapsar,8,30,3,1,2700,19286,0,25.71466666666667,0.0,0
Kothrud,Hadapsar,8,30,3,2,2697,16765,0,22.378197997775306,0.0,0
Kothrud,Hadapsar,9,30,3,0,2647,15224,0,20.705100113335853,0.0,1
Kothrud,Hadapsar,9,30,3,1,2748,18779,0,24.60131004366812,0.0,0
Kothrud,Hadapsar,9,30,3,2,2760,16521,0,21.549130434782608,0.0,0
Kothrud,Hadapsar,10,30,3,0,2861,15494,0,19.496120237679133,0.0,1
Kothrud,Hadapsar,10,30,3,1,3000,19286,0,23.1432,0.0,0
Kothrud,Hadapsar,10,30,3,2,2923,16521,0,20.34745124871707,0.0,0
Kothrud,Hadapsar,11,30,3,0,3064,15494,0,18.20443864229765,0.0,1
Kothrud,Hadapsar,11,30,3,1,3180,19286,0,21.833207547169813,0.0,0
Kothrud,Hadapsar,11,30,3,2,3092,16521,0,19.235316946959898,0.0,0
Kothrud,Hadapsar,12,30,3,0,3128,15225,0,17.52237851662404,0.0,1
Kothrud,Hadapsar,12,30,3,1,3214,18779,0,21.034349719975108,0.0,0
Kothrud,Hadapsar,12,30,3,2,3209,16765,0,18.807728264256777,0.0,0
Kothrud,Hadapsar,13,30,3,0,3103,15225,0,17.66355140186916,0.0,1
Kothrud,Hadapsar,13,30,3,1,3243,18779,0,20.846253469010176,0.0,0
Kothrud,Hadapsar,13,30,3,2,3217,16765,0,18.760957413739508,0.0,0
Kothrud,Hadapsar,14,30,3,0,3083,15494,0,18.092247810574115,0.0,1
Kothrud,Hadapsar,14,30,3,1,3315,19286,0,20.94407239819005,0.0,0
Kothrud,Hadapsar,14,30,3,2,3323,17008,0,18.42575985555221,0.0,0
Kothrud,Hadapsar,15,30,3,0,3120,15494,0,17.877692307692307,0.0,1
Kothrud,Hadapsar,15,30,3,1,3363,19286,0,20.64513826940232,0.0,0
Kothrud,Hadapsar,15,30,3,2,3394,17008,0,18.040306423099587,0.0,0
Kothrud,Hadapsar,16,30,3,0,3252,15494,0,17.1520295202952,0.0,1
Kothrud,Hadapsar,16,30,3,1,3477,19286,0,19.968248490077656,0.0,0
Kothrud,Hadapsar,16,30,3,2,3513,17008,0,17.42920580700256,0.0,0
Kothrud,Hadapsar,17,30,3,0,3348,15405,0,16.564516129032256,0.0,1
Kothrud,Hadapsar,17,30,3,1,3569,19286,0,19.453516391145982,0.0,0
Kothrud,Hadapsar,17,30,3,2,3560,17008,0,17.199101123595504,0.0,0
Kothrud,Hadapsar,18,30,3,0,3283,15405,0,16.89247639354249,0.0,1
Kothrud,Hadapsar,18,30,3,1,3427,17008,0,17.866588853224393,0.0,0
Kothrud,Hadapsar,18,30,3,2,3476,19286,0,19.973993095512085,0.0,0
Kothrud,Hadapsar,19,30,3,0,2977,15201,0,18.382129660732282,0.0,1
Kothrud,Hadapsar,19,30,3,1,3189,19286,0,21.771589840075258,0.0,0
Kothrud,Hadapsar,19,30,3,2,3079,16765,0,19.601818772328677,0.0,0
Kothrud,Hadapsar,20,30,3,0,2597,15620,0,21.652676164805545,0.0,1
Kothrud,Hadapsar,20,30,3,1,2847,19286,0,24.386933614330875,0.0,0
Kothrud,Hadapsar,20,30,3,2,2746,16977,0,22.256809905316825,0.0,0
Kothrud,Hadapsar,21,30,3,0,2112,15620,0,26.625,0.0,1
Kothrud,Hadapsar,21,30,3,1,2330,18779,0,29.01476394849785,0.0,0
Kothrud,Hadapsar,21,30,3,2,2259,16733,0,26.666135458167332,0.0,0
Kothrud,Hadapsar,22,30,3,0,2013,15620,0,27.934426229508194,0.0,1
Kothrud,Hadapsar,22,30,3,1,2241,18779,0,30.167068273092365,0.0,0
Kothrud,Hadapsar,22,30,3,2,2168,16733,0,27.785424354243542,0.0,0
Kothrud,Hadapsar,23,30,3,0,2013,15620,0,27.934426229508194,0.0,1
Kothrud,Hadapsar,23,30,3,1,2241,18779,0,30.167068273092365,0.0,0
Kothrud,Hadapsar,23,30,3,2,2168,16733,0,27.785424354243542,0.0,0
Kothrud,Hadapsar,6,30,4,0,2070,15620,0,27.16521739130435,0.0,1
Kothrud,Hadapsar,6,30,4,1,2289,18779,0,29.534469200524246,0.0,0
Kothrud,Hadapsar,6,30,4,2,2298,16978,0,26.597389033942562,0.0,0
Kothrud,Hadapsar,7,30,4,0,2171,15611,0,25.88650391524643,0.0,1
Kothrud,Hadapsar,7,30,4,1,2375,18779,0,28.46501052631579,0.0,0
Kothrud,Hadapsar,7,30,4,2,2413,16978,0,25.32979693327808,0.0,0
Kothrud,Hadapsar,8,30,4,0,2291,15611,0,24.53059799214317,0.0,1
Kothrud,Hadapsar,8,30,4,1,2557,19286,0,27.15275713727024,0.0,0
Kothrud,Hadapsar,8,30,4,2,2536,16977,0,24.099842271293376,0.0,0
Kothrud,Hadapsar,9,30,4,0,2411,15620,0,23.32310244711738,0.0,1
Kothrud,Hadapsar,9,30,4,1,2616,19286,0,26.540366972477067,0.0,0
Kothrud,Hadapsar,9,30,4,2,2686,17008,0,22.79553239017126,0.0,0
Kothrud,Hadapsar,10,30,4,0,2558,15869,0,22.33322908522283,0.0,1
Kothrud,Hadapsar,10,30,4,1,2642,18779,0,25.588342165026493,0.0,0
Kothrud,Hadapsar,10,30,4,2,2798,17008,0,21.88305932809149,0.0,0
Kothrud,Hadapsar,11,30,4,0,2640,15451,0,21.069545454545455,0.0,1
Kothrud,Hadapsar,11,30,4,1,2817,19286,0,24.646645367412145,0.0,0
Kothrud,Hadapsar,11,30,4,2,2923,17008,0,20.94724598015737,0.0,0
Kothrud,Hadapsar,12,30,4,0,2680,15451,0,20.75507462686567,0.0,1
Kothrud,Hadapsar,12,30,4,1,2864,19286,0,24.24217877094972,0.0,0
Kothrud,Hadapsar,12,30,4,2,2821,16521,0,21.083161999291033,0.0,0
Kothrud,Hadapsar,13,30,4,0,2703,15451,0,20.578468368479466,0.0,1
Kothrud,Hadapsar,13,30,4,1,2887,19286,0,24.04904745410461,0.0,0
Kothrud,Hadapsar,13,30,4,2,2853,16521,0,20.846687697160885,0.0,0
Kothrud,Hadapsar,14,30,4,0,2727,15451,0,20.3973597359736,0.0,1
Kothrud,Hadapsar,14,30,4,1,2932,19286,0,23.679945429740794,0.0,0
Kothrud,Hadapsar,14,30,4,2,3052,17008,0,20.06186107470511,0.0,0
Kothrud,Hadapsar,15,30,4,0,2738,15451,0,20.315412710007305,0.0,1
Kothrud,Hadapsar,15,30,4,1,2977,19286,0,23.322002015451798,0.0,0
Kothrud,Hadapsar,15,30,4,2,2954,16521,0,20.13392010832769,0.0,0
Kothrud,Hadapsar,16,30,4,0,2777,15451,0,20.030104429240186,0.0,1
Kothrud,Hadapsar,16,30,4,1,3072,19286,0,22.60078125,0.0,0
Kothrud,Hadapsar,16,30,4,2,3010,16521,0,19.759335548172757,0.0,0
Kothrud,Hadapsar,17,30,4,0,2813,15451,0,19.773764664059723,0.0,1
Kothrud,Hadapsar,17,30,4,1,3159,19286,0,21.97834757834758,0.0,0
Kothrud,Hadapsar,17,30,4,2,3045,16521,0,19.532216748768473,0.0,0
Kothrud,Hadapsar,18,30,4,0,2766,15451,0,20.109761388286334,0.0,1
Kothrud,Hadapsar,18,30,4,1,3127,19286,0,22.20326191237608,0.0,0
Kothrud,Hadapsar,18,30,4,2,2972,16521,0,20.011978465679675,0.0,0
Kothrud,Hadapsar,19,30,4,0,2622,15201,0,20.870938215102974,0.0,1
Kothrud,Hadapsar,19,30,4,1,2956,19286,0,23.48768606224628,0.0,0
Kothrud,Hadapsar,19,30,4,2,2858,16765,0,21.117564730580828,0.0,0
Kothrud,Hadapsar,20,30,4,0,2426,15620,0,23.17889530090684,0.0,1
Kothrud,Hadapsar,20,30,4,1,2722,19286,0,25.506833210874362,0.0,0
Kothrud,Hadapsar,20,30,4,2,2645,16977,0,23.106691871455574,0.0,0
Kothrud,Hadapsar,21,30,4,0,2092,15620,0,26.879541108986615,0.0,1
Kothrud,Hadapsar,21,30,4,1,2316,18779,0,29.190155440414507,0.0,0
Kothrud,Hadapsar,21,30,4,2,2249,16733,0,26.784704313028016,0.0,0
Kothrud,Hadapsar,22,30,4,0,2013,15620,0,27.934426229508194,0.0,1
Kothrud,Hadapsar,22,30,4,1,2241,18779,0,30.167068273092365,0.0,0
Kothrud,Hadapsar,22,30,4,2,2168,16733,0,27.785424354243542,0.0,0
Kothrud,Hadapsar,23,30,4,0,2013,15620,0,27.934426229508194,0.0,1
Kothrud,Hadapsar,23,30,4,1,2241,18779,0,30.167068273092365,0.0,0
Kothrud,Hadapsar,23,30,4,2,2168,16733,0,27.785424354243542,0.0,0
Kothrud,Hadapsar,6,30,5,0,2100,15620,0,26.777142857142856,0.0,1
Kothrud,Hadapsar,6,30,5,1,2353,18779,0,28.731151721206967,0.0,0
Kothrud,Hadapsar,6,30,5,2,2284,16733,0,26.374255691768827,0.0,0
Kothrud,Hadapsar,7,30,5,0,2378,15620,0,23.646761984861225,0.0,1
Kothrud,Hadapsar,7,30,5,1,2784,19286,0,24.93879310344828,0.0,0
Kothrud,Hadapsar,7,30,5,2,2589,16977,0,23.606488991888764,0.0,0
Kothrud,Hadapsar,8,30,5,0,2628,15201,0,20.82328767123288,0.0,1
Kothrud,Hadapsar,8,30,5,1,3039,19286,0,22.846199407699903,0.0,0
Kothrud,Hadapsar,8,30,5,2,2783,16559,0,21.420194035213797,0.0,0
Kothrud,Hadapsar,9,30,5,0,2787,15201,0,19.63530678148547,0.0,1
Kothrud,Hadapsar,9,30,5,1,3146,19286,0,22.069167196439924,0.0,0
Kothrud,Hadapsar,9,30,5,2,2941,16765,0,20.52159129547773,0.0,0
Kothrud,Hadapsar,10,30,5,0,2998,15201,0,18.25336891260841,0.0,1
Kothrud,Hadapsar,10,30,5,1,3302,19286,0,21.026529376135677,0.0,0
Kothrud,Hadapsar,10,30,5,2,3108,16765,0,19.41891891891892,0.0,0
Kothrud,Hadapsar,11,30,5,0,3129,15494,0,17.826270373921382,0.0,1
Kothrud,Hadapsar,11,30,5,1,3389,19286,0,20.486751254057243,0.0,0
Kothrud,Hadapsar,11,30,5,2,3185,16521,0,18.67365777080063,0.0,0
Kothrud,Hadapsar,12,30,5,0,3101,15494,0,17.987229925830377,0.0,1
Kothrud,Hadapsar,12,30,5,1,3232,18779,0,20.91720297029703,0.0,0
Kothrud,Hadapsar,12,30,5,2,3241,16649,0,18.49318111693922,0.0,0
Kothrud,Hadapsar,13,30,5,0,2930,15225,0,18.706484641638227,0.0,1
Kothrud,Hadapsar,13,30,5,1,3060,18779,0,22.09294117647059,0.0,0
Kothrud,Hadapsar,13,30,5,2,3239,16894,0,18.776906452608827,0.0,0
Kothrud,Hadapsar,14,30,5,0,2798,15494,0,19.93509649749821,0.0,1
Kothrud,Hadapsar,14,30,5,1,3092,19286,0,22.454592496765848,0.0,0
Kothrud,Hadapsar,14,30,5,2,3082,16521,0,19.297728747566516,0.0,0
Kothrud,Hadapsar,15,30,5,0,2815,15451,0,19.759715808170515,0.0,1
Kothrud,Hadapsar,15,30,5,1,3222,19286,0,21.548603351955308,0.0,0
Kothrud,Hadapsar,15,30,5,2,3134,16521,0,18.97753669432036,0.0,0
Kothrud,Hadapsar,16,30,5,0,3032,15451,0,18.34551451187335,0.0,1
Kothrud,Hadapsar,16,30,5,1,3293,16521,0,18.061220771333133,0.0,0
Kothrud,Hadapsar,16,30,5,2,3564,19286,0,19.48080808080808,0.0,0
Kothrud,Hadapsar,17,30,5,0,3266,15451,0,17.03110838946724,0.0,1
Kothrud,Hadapsar,17,30,5,1,3615,17008,0,16.937427385892114,0.0,0
Kothrud,Hadapsar,17,30,5,2,3891,19286,0,17.843639167309178,0.0,0
Kothrud,Hadapsar,18,30,5,0,3298,15201,0,16.59296543359612,0.0,1
Kothrud,Hadapsar,18,30,5,1,3690,17915,0,17.478048780487807,0.0,0
Kothrud,Hadapsar,18,30,5,2,3957,17668,0,16.073995451099318,0.0,0
Kothrud,Hadapsar,19,30,5,0,2996,15201,0,18.26555407209613,0.0,1
Kothrud,Hadapsar,19,30,5,1,3386,17915,0,19.04725339633786,0.0,0
Kothrud,Hadapsar,19,30,5,2,3351,18907,0,20.311906893464638,0.0,0
Kothrud,Hadapsar,20,30,5,0,2591,15620,0,21.702817445001926,0.0,1
Kothrud,Hadapsar,20,30,5,1,2855,19286,0,24.31859894921191,0.0,0
Kothrud,Hadapsar,20,30,5,2,2745,16977,0,22.264918032786888,0.0,0
Kothrud,Hadapsar,21,30,5,0,2105,15620,0,26.713539192399047,0.0,1
Kothrud,Hadapsar,21,30,5,1,2320,18779,0,29.139827586206895,0.0,0
Kothrud,Hadapsar,21,30,5,2,2255,16733,0,26.713436807095345,0.0,0
Kothrud,Hadapsar,22,30,5,0,2013,15620,0,27.934426229508194,0.0,1
Kothrud,Hadapsar,22,30,5,1,2241,18779,0,30.167068273092365,0.0,0
Kothrud,Hadapsar,22,30,5,2,2168,16733,0,27.785424354243542,0.0,0
Kothrud,Hadapsar,23,30,5,0,2013,15620,0,27.934426229508194,0.0,1
Kothrud,Hadapsar,23,30,5,1,2241,18779,0,30.167068273092365,0.0,0
Kothrud,Hadapsar,23,30,5,2,2168,16733,0,27.785424354243542,0.0,0
Kothrud,Hadapsar,6,30,6,0,2120,15611,0,26.509245283018867,0.0,1
Kothrud,Hadapsar,6,30,6,1,2362,18779,0,28.621676545300595,0.0,0
Kothrud,Hadapsar,6,30,6,2,2370,16978,0,25.789367088607598,0.0,0
Kothrud,Hadapsar,7,30,6,0,2425,15620,0,23.18845360824742,0.0,1
Kothrud,Hadapsar,7,30,6,1,2814,19286,0,24.672921108742006,0.0,0
Kothrud,Hadapsar,7,30,6,2,2619,16977,0,23.336082474226803,0.0,0
Kothrud,Hadapsar,8,30,6,0,2690,15201,0,20.343345724907063,0.0,1
Kothrud,Hadapsar,8,30,6,1,3116,19286,0,22.281643132220797,0.0,0
Kothrud,Hadapsar,8,30,6,2,2828,16895,0,21.507072135785005,0.0,0
Kothrud,Hadapsar,9,30,6,0,2876,15201,0,19.02767732962448,0.0,1
Kothrud,Hadapsar,9,30,6,1,3272,19286,0,21.219315403422986,0.0,0
Kothrud,Hadapsar,9,30,6,2,3103,17271,0,20.037254270061233,0.0,0
Kothrud,Hadapsar,10,30,6,0,3079,15494,0,18.115751867489443,0.0,1
Kothrud,Hadapsar,10,30,6,1,3146,16521,0,18.905149396058487,0.0,0
Kothrud,Hadapsar,10,30,6,2,3470,19286,0,20.008530259365994,0.0,0
Kothrud,Hadapsar,11,30,6,0,3199,15494,0,17.43619881212879,0.0,1
Kothrud,Hadapsar,11,30,6,1,3493,17008,0,17.529000858860577,0.0,0
Kothrud,Hadapsar,11,30,6,2,3555,19286,0,19.53012658227848,0.0,0
Kothrud,Hadapsar,12,30,6,0,3142,15494,0,17.75251432208784,0.0,1
Kothrud,Hadapsar,12,30,6,1,3432,19286,0,20.23006993006993,0.0,0
Kothrud,Hadapsar,12,30,6,2,3230,16521,0,18.413498452012384,0.0,0
Kothrud,Hadapsar,13,30,6,0,2965,15225,0,18.485666104553122,0.0,1
Kothrud,Hadapsar,13,30,6,1,3185,18779,0,21.225871271585557,0.0,0
Kothrud,Hadapsar,13,30,6,2,3171,16765,0,19.033112582781456,0.0,0
Kothrud,Hadapsar,14,30,6,0,2847,15494,0,19.59199157007376,0.0,1
Kothrud,Hadapsar,14,30,6,1,3189,19286,0,21.771589840075258,0.0,0
Kothrud,Hadapsar,14,30,6,2,3089,16521,0,19.25399805762383,0.0,0
Kothrud,Hadapsar,15,30,6,0,2868,15451,0,19.39456066945607,0.0,1
Kothrud,Hadapsar,15,30,6,1,3302,19286,0,21.026529376135677,0.0,0
Kothrud,Hadapsar,15,30,6,2,3138,16521,0,18.953346080305927,0.0,0
Kothrud,Hadapsar,16,30,6,0,3089,15451,0,18.00699255422467,0.0,1
Kothrud,Hadapsar,16,30,6,1,3309,16521,0,17.97388939256573,0.0,0
Kothrud,Hadapsar,16,30,6,2,3636,19286,0,19.095049504950495,0.0,0
Kothrud,Hadapsar,17,30,6,0,3314,15451,0,16.784429692214847,0.0,1
Kothrud,Hadapsar,17,30,6,1,3660,17008,0,16.729180327868853,0.0,0
Kothrud,Hadapsar,17,30,6,2,3740,18085,0,17.40802139037433,0.0,0
Kothrud,Hadapsar,18,30,6,0,3341,15201,0,16.379407363064953,0.0,1
Kothrud,Hadapsar,18,30,6,1,3694,17915,0,17.459122902003248,0.0,0
Kothrud,Hadapsar,18,30,6,2,3981,17527,0,15.849585531273553,0.0,0
Kothrud,Hadapsar,19,30,6,0,3036,15201,0,18.02490118577075,0.0,1
Kothrud,Hadapsar,19,30,6,1,3372,17915,0,19.126334519572953,0.0,0
Kothrud,Hadapsar,19,30,6,2,3343,18779,0,20.222674244690396,0.0,0
Kothrud,Hadapsar,20,30,6,0,2616,15620,0,21.495412844036696,0.0,1
Kothrud,Hadapsar,20,30,6,1,2869,19286,0,24.19993028929941,0.0,0
Kothrud,Hadapsar,20,30,6,2,2870,17046,0,21.381742160278744,0.0,0
Kothrud,Hadapsar,21,30,6,0,2110,15620,0,26.650236966824643,0.0,1
Kothrud,Hadapsar,21,30,6,1,2321,18779,0,29.12727272727273,0.0,0
Kothrud,Hadapsar,21,30,6,2,2321,16978,0,26.333821628608362,0.0,0
Kothrud,Hadapsar,22,30,6,0,2013,15620,0,27.934426229508194,0.0,1
Kothrud,Hadapsar,22,30,6,1,2241,18779,0,30.167068273092365,0.0,0
Kothrud,Hadapsar,22,30,6,2,2168,16733,0,27.785424354243542,0.0,0
Kothrud,Hadapsar,23,30,6,0,2013,15620,0,27.934426229508194,0.0,1
Kothrud,Hadapsar,23,30,6,1,2241,18779,0,30.167068273092365,0.0,0
Kothrud,Hadapsar,23,30,6,2,2168,16733,0,27.785424354243542,0.0,0
Kothrud,Hadapsar,6,30,0,0,2103,15611,0,26.723537803138377,0.0,1
Kothrud,Hadapsar,6,30,0,1,2359,18779,0,28.65807545570157,0.0,0
Kothrud,Hadapsar,6,30,0,2,2310,16733,0,26.077402597402596,0.0,0
Kothrud,Hadapsar,7,30,0,0,2371,15620,0,23.716575284690002,0.0,1
Kothrud,Hadapsar,7,30,0,1,2699,18779,0,25.0479436828455,0.0,0
Kothrud,Hadapsar,7,30,0,2,2666,17184,0,23.20420105026257,0.0,0
Kothrud,Hadapsar,8,30,0,0,2632,15201,0,20.791641337386018,0.0,1
Kothrud,Hadapsar,8,30,0,1,3094,19286,0,22.440077569489336,0.0,0
Kothrud,Hadapsar,8,30,0,2,2838,16559,0,21.00507399577167,0.0,0
Kothrud,Hadapsar,9,30,0,0,2807,15201,0,19.495404346277166,0.0,1
Kothrud,Hadapsar,9,30,0,1,3224,19286,0,21.535235732009927,0.0,0
Kothrud,Hadapsar,9,30,0,2,3000,16765,0,20.118,0.0,0
Kothrud,Hadapsar,10,30,0,0,2993,15494,0,18.636284664216507,0.0,1
Kothrud,Hadapsar,10,30,0,1,3119,16521,0,19.06880410387945,0.0,0
Kothrud,Hadapsar,10,30,0,2,3410,19286,0,20.360586510263932,0.0,0
Kothrud,Hadapsar,11,30,0,0,3120,15494,0,17.877692307692307,0.0,1
Kothrud,Hadapsar,11,30,0,1,3513,19286,0,19.763620836891548,0.0,0
Kothrud,Hadapsar,11,30,0,2,3265,16521,0,18.216110260336908,0.0,0
Kothrud,Hadapsar,12,30,0,0,3096,15494,0,18.016279069767442,0.0,1
Kothrud,Hadapsar,12,30,0,1,3426,19286,0,20.265499124343258,0.0,0
Kothrud,Hadapsar,12,30,0,2,3243,16521,0,18.339685476410732,0.0,0
Kothrud,Hadapsar,13,30,0,0,2936,15225,0,18.66825613079019,0.0,1
Kothrud,Hadapsar,13,30,0,1,3200,18779,0,21.126375,0.0,0
Kothrud,Hadapsar,13,30,0,2,3222,16765,0,18.731843575418996,0.0,0
Kothrud,Hadapsar,14,30,0,0,2805,15494,0,19.88534759358289,0.0,1
Kothrud,Hadapsar,14,30,0,1,3217,19286,0,21.58209511967672,0.0,0
Kothrud,Hadapsar,14,30,0,2,3174,16521,0,18.738374291115313,0.0,0
Kothrud,Hadapsar,15,30,0,0,2825,15451,0,19.689769911504424,0.0,1
Kothrud,Hadapsar,15,30,0,1,3344,19597,0,21.097248803827753,0.0,0
Kothrud,Hadapsar,15,30,0,2,3242,16521,0,18.345342381246144,0.0,0
Kothrud,Hadapsar,16,30,0,0,3041,15451,0,18.291219993423216,0.0,1
Kothrud,Hadapsar,16,30,0,1,3396,16521,0,17.513427561837457,0.0,0
Kothrud,Hadapsar,16,30,0,2,3694,19286,0,18.79523551705468,0.0,0
Kothrud,Hadapsar,17,30,0,0,3274,15451,0,16.989492974954185,0.0,1
Kothrud,Hadapsar,17,30,0,1,3713,17008,0,16.490385133315378,0.0,0
Kothrud,Hadapsar,17,30,0,2,3811,18085,0,17.08370506428759,0.0,0
Kothrud,Hadapsar,18,30,0,0,3312,15201,0,16.52282608695652,0.0,1
Kothrud,Hadapsar,18,30,0,1,3714,17915,0,17.365105008077542,0.0,0
Kothrud,Hadapsar,18,30,0,2,3938,17514,0,16.01076688674454,0.0,0
Kothrud,Hadapsar,19,30,0,0,3016,15201,0,18.144429708222813,0.0,1
Kothrud,Hadapsar,19,30,0,1,3381,17915,0,19.075421472937,0.0,0
Kothrud,Hadapsar,19,30,0,2,3365,18779,0,20.090460624071323,0.0,0
Kothrud,Hadapsar,20,30,0,0,2609,15620,0,21.55308547336144,0.0,1
Kothrud,Hadapsar,20,30,0,1,2885,19286,0,24.065719237435008,0.0,0
Kothrud,Hadapsar,20,30,0,2,2882,17046,0,21.292713393476753,0.0,0
Kothrud,Hadapsar,21,30,0,0,2109,15620,0,26.662873399715505,0.0,1
Kothrud,Hadapsar,21,30,0,1,2323,18779,0,29.102195436935,0.0,0
Kothrud,Hadapsar,21,30,0,2,2321,16978,0,26.333821628608362,0.0,0
Kothrud,Hadapsar,22,30,0,0,2013,15620,0,27.934426229508194,0.0,1
Kothrud,Hadapsar,22,30,0,1,2241,18779,0,30.167068273092365,0.0,0
Kothrud,Hadapsar,22,30,0,2,2168,16733,0,27.785424354243542,0.0,0
Kothrud,Hadapsar,23,30,0,0,2013,15620,0,27.934426229508194,0.0,1
Kothrud,Hadapsar,23,30,0,1,2241,18779,0,30.167068273092365,0.0,0
Kothrud,Hadapsar,23,30,0,2,2168,16733,0,27.785424354243542,0.0,0
Kothrud,Hadapsar,6,30,1,0,2102,15620,0,26.751665080875355,0.0,1
Kothrud,Hadapsar,6,30,1,1,2355,18779,0,28.70675159235669,0.0,0
Kothrud,Hadapsar,6,30,1,2,2363,16978,0,25.865763859500635,0.0,0
Kothrud,Hadapsar,7,30,1,0,2370,15620,0,23.72658227848101,0.0,1
Kothrud,Hadapsar,7,30,1,1,2656,18779,0,25.45346385542169,0.0,0
Kothrud,Hadapsar,7,30,1,2,2642,17184,0,23.414988644965934,0.0,0
Kothrud,Hadapsar,8,30,1,0,2618,15201,0,20.90282658517953,0.0,1
Kothrud,Hadapsar,8,30,1,1,3031,19286,0,22.906499505113825,0.0,0
Kothrud,Hadapsar,8,30,1,2,2791,16559,0,21.358796130419208,0.0,0
Kothrud,Hadapsar,9,30,1,0,2785,15201,0,19.64940754039497,0.0,1
Kothrud,Hadapsar,9,30,1,1,3160,19286,0,21.97139240506329,0.0,0
Kothrud,Hadapsar,9,30,1,2,2950,16765,0,20.458983050847458,0.0,0
Kothrud,Hadapsar,10,30,1,0,2970,15494,0,18.78060606060606,0.0,1
Kothrud,Hadapsar,10,30,1,1,3061,16521,0,19.43012087553087,0.0,0
Kothrud,Hadapsar,10,30,1,2,3344,19286,0,20.76244019138756,0.0,0
Kothrud,Hadapsar,11,30,1,0,3104,15494,0,17.969845360824742,0.0,1
Kothrud,Hadapsar,11,30,1,1,3207,16521,0,18.54555659494855,0.0,0
Kothrud,Hadapsar,11,30,1,2,3459,19286,0,20.07215958369471,0.0,0
Kothrud,Hadapsar,12,30,1,0,3093,15494,0,18.033753637245393,0.0,1
Kothrud,Hadapsar,12,30,1,1,3393,19286,0,20.462599469496023,0.0,0
Kothrud,Hadapsar,12,30,1,2,3199,16521,0,18.591934979681152,0.0,0
Kothrud,Hadapsar,13,30,1,0,2923,15225,0,18.751282928498117,0.0,1
Kothrud,Hadapsar,13,30,1,1,3185,18779,0,21.225871271585557,0.0,0
Kothrud,Hadapsar,13,30,1,2,3245,16894,0,18.742187981510014,0.0,0
Kothrud,Hadapsar,14,30,1,0,2782,15494,0,20.049748382458663,0.0,1
Kothrud,Hadapsar,14,30,1,1,3170,19597,0,22.255268138801263,0.0,0
Kothrud,Hadapsar,14,30,1,2,3114,16521,0,19.09942196531792,0.0,0
Kothrud,Hadapsar,15,30,1,0,2799,15451,0,19.87266881028939,0.0,1
Kothrud,Hadapsar,15,30,1,1,3255,19286,0,21.330138248847927,0.0,0
Kothrud,Hadapsar,15,30,1,2,3154,16521,0,18.857197209892202,0.0,0
Kothrud,Hadapsar,16,30,1,0,3012,15451,0,18.467330677290835,0.0,1
Kothrud,Hadapsar,16,30,1,1,3502,17008,0,17.483952027412908,0.0,0
Kothrud,Hadapsar,16,30,1,2,3551,19286,0,19.55212616164461,0.0,0
Kothrud,Hadapsar,17,30,1,0,3236,15451,0,17.18899876390606,0.0,1
Kothrud,Hadapsar,17,30,1,1,3590,17008,0,17.055376044568245,0.0,0
Kothrud,Hadapsar,17,30,1,2,3618,18085,0,17.995024875621894,0.0,0
Kothrud,Hadapsar,18,30,1,0,3288,15201,0,16.643430656934306,0.0,1
Kothrud,Hadapsar,18,30,1,1,3675,17915,0,17.549387755102043,0.0,0
Kothrud,Hadapsar,18,30,1,2,3925,17668,0,16.205044585987263,0.0,0
Kothrud,Hadapsar,19,30,1,0,3013,15201,0,18.162495851310986,0.0,1
Kothrud,Hadapsar,19,30,1,1,3390,17915,0,19.024778761061945,0.0,0
Kothrud,Hadapsar,19,30,1,2,3308,18779,0,20.436638452237002,0.0,0
Kothrud,Hadapsar,20,30,1,0,2610,15620,0,21.544827586206896,0.0,1
Kothrud,Hadapsar,20,30,1,1,2882,19286,0,24.090770298403886,0.0,0
Kothrud,Hadapsar,20,30,1,2,2757,16977,0,22.168008705114254,0.0,0
Kothrud,Hadapsar,21,30,1,0,2110,15620,0,26.650236966824643,0.0,1
Kothrud,Hadapsar,21,30,1,1,2326,18779,0,29.064660361134997,0.0,0
Kothrud,Hadapsar,21,30,1,2,2321,16978,0,26.333821628608362,0.0,0
Kothrud,Hadapsar,22,30,1,0,2013,15620,0,27.934426229508194,0.0,1
Kothrud,Hadapsar,22,30,1,1,2241,18779,0,30.167068273092365,0.0,0
Kothrud,Hadapsar,22,30,1,2,2168,16733,0,27.785424354243542,0.0,0
Kothrud,Hadapsar,23,30,1,0,2013,15620,0,27.934426229508194,0.0,1
Kothrud,Hadapsar,23,30,1,1,2241,18779,0,30.167068273092365,0.0,0
Kothrud,Hadapsar,23,30,1,2,2168,16733,0,27.785424354243542,0.0,0
Kothrud,Hadapsar,6,30,2,0,2101,15620,0,26.76439790575916,0.0,1
Kothrud,Hadapsar,6,30,2,1,2357,18779,0,28.682392872295292,0.0,0
Kothrud,Hadapsar,6,30,2,2,2296,16733,0,26.236411149825784,0.0,0
Kothrud,Hadapsar,7,30,2,0,2367,15620,0,23.75665399239544,0.0,1
Kothrud,Hadapsar,7,30,2,1,2655,18779,0,25.463050847457627,0.0,0
Kothrud,Hadapsar,7,30,2,2,2643,17184,0,23.4061293984109,0.0,0
Kothrud,Hadapsar,8,30,2,0,2600,15201,0,21.047538461538462,0.0,1
Kothrud,Hadapsar,8,30,2,1,3008,19286,0,23.081648936170215,0.0,0
Kothrud,Hadapsar,8,30,2,2,2786,16895,0,21.83129935391242,0.0,0
Kothrud,Hadapsar,9,30,2,0,2759,15201,0,19.834577745559987,0.0,1
Kothrud,Hadapsar,9,30,2,1,3116,19286,0,22.281643132220797,0.0,0
Kothrud,Hadapsar,9,30,2,2,2938,16765,0,20.542545949625595,0.0,0
Kothrud,Hadapsar,10,30,2,0,2949,15494,0,18.91434384537131,0.0,1
Kothrud,Hadapsar,10,30,2,1,3046,16521,0,19.5258043335522,0.0,0
Kothrud,Hadapsar,10,30,2,2,3287,19286,0,21.12248250684515,0.0,0
Kothrud,Hadapsar,11,30,2,0,3086,15494,0,18.074659753726507,0.0,1
Kothrud,Hadapsar,11,30,2,1,3401,19286,0,20.414466333431346,0.0,0
Kothrud,Hadapsar,11,30,2,2,3188,16521,0,18.656085319949813,0.0,0
Kothrud,Hadapsar,12,30,2,0,3077,15494,0,18.127526811829703,0.0,1
Kothrud,Hadapsar,12,30,2,1,3357,19286,0,20.682037533512066,0.0,0
Kothrud,Hadapsar,12,30,2,2,3178,16521,0,18.71478917558213,0.0,0
Kothrud,Hadapsar,13,30,2,0,2922,15225,0,18.75770020533881,0.0,1
Kothrud,Hadapsar,13,30,2,1,3208,18779,0,21.073690773067334,0.0,0
Kothrud,Hadapsar,13,30,2,2,3233,16894,0,18.811753789050414,0.0,0
Kothrud,Hadapsar,14,30,2,0,2815,15494,0,19.814706927175845,0.0,1
Kothrud,Hadapsar,14,30,2,1,3242,19286,0,21.415669339913634,0.0,0
Kothrud,Hadapsar,14,30,2,2,3110,16521,0,19.123987138263665,0.0,0
Kothrud,Hadapsar,15,30,2,0,2850,15451,0,19.51705263157895,0.0,1
Kothrud,Hadapsar,15,30,2,1,3365,19286,0,20.632867756315008,0.0,0
Kothrud,Hadapsar,15,30,2,2,3169,16521,0,18.76793941306406,0.0,0
Kothrud,Hadapsar,16,30,2,0,3076,15451,0,18.083094928478545,0.0,1
Kothrud,Hadapsar,16,30,2,1,3543,17008,0,17.281625740897542,0.0,0
Kothrud,Hadapsar,16,30,2,2,3675,19286,0,18.89240816326531,0.0,0
Kothrud,Hadapsar,17,30,2,0,3306,15451,0,16.825045372050816,0.0,1
Kothrud,Hadapsar,17,30,2,1,3632,17008,0,16.85814977973568,0.0,0
Kothrud,Hadapsar,17,30,2,2,4006,19286,0,17.331402895656517,0.0,0
Kothrud,Hadapsar,18,30,2,0,3343,15405,0,16.589291055937778,0.0,1
Kothrud,Hadapsar,18,30,2,1,3531,17008,0,17.34035683942226,0.0,0
Kothrud,Hadapsar,18,30,2,2,3919,19286,0,17.716152079612147,0.0,0
Kothrud,Hadapsar,19,30,2,0,3021,15201,0,18.114399205561075,0.0,1
Kothrud,Hadapsar,19,30,2,1,3395,17915,0,18.996759941089838,0.0,0
Kothrud,Hadapsar,19,30,2,2,3342,18779,0,20.228725314183123,0.0,0
Kothrud,Hadapsar,20,30,2,0,2608,15620,0,21.561349693251532,0.0,1
Kothrud,Hadapsar,20,30,2,1,2882,19286,0,24.090770298403886,0.0,0
Kothrud,Hadapsar,20,30,2,2,2887,17046,0,21.25583650848632,0.0,0
Kothrud,Hadapsar,21,30,2,0,2108,15620,0,26.675521821631875,0.0,1
Kothrud,Hadapsar,21,30,2,1,2324,18779,0,29.089672977624787,0.0,0
Kothrud,Hadapsar,21,30,2,2,2320,16978,0,26.345172413793104,0.0,0
Kothrud,Hadapsar,22,30,2,0,2013,15620,0,27.934426229508194,0.0,1
Kothrud,Hadapsar,22,30,2,1,2241,18779,0,30.167068273092365,0.0,0
Kothrud,Hadapsar,22,30,2,2,2168,16733,0,27.785424354243542,0.0,0
Kothrud,Hadapsar,23,30,2,0,2013,15620,0,27.934426229508194,0.0,1
Kothrud,Hadapsar,23,30,2,1,2241,18779,0,30.167068273092365,0.0,0
Kothrud,Hadapsar,23,30,2,2,2168,16733,0,27.785424354243542,0.0,0
Kothrud,Hadapsar,6,30,3,0,2095,15620,0,26.84105011933174,0.0,1
Kothrud,Hadapsar,6,30,3,1,2311,18779,0,29.253310255300736,0.0,0
Kothrud,Hadapsar,6,30,3,2,2331,16978,0,26.220849420849426,0.0,0
Kothrud,Hadapsar,7,30,3,0,2307,15620,0,24.37451235370611,0.0,1
Kothrud,Hadapsar,7,30,3,1,2449,18779,0,27.604899959167007,0.0,0
Kothrud,Hadapsar,7,30,3,2,2663,17252,0,23.32226811866316,0.0,0
Kothrud,Hadapsar,8,30,3,0,2483,15201,0,22.03930728956907,0.0,1
Kothrud,Hadapsar,8,30,3,1,2700,19286,0,25.71466666666667,0.0,0
Kothrud,Hadapsar,8,30,3,2,2697,16765,0,22.378197997775306,0.0,0
Kothrud,Hadapsar,9,30,3,0,2647,15224,0,20.705100113335853,0.0,1
Kothrud,Hadapsar,9,30,3,1,2748,18779,0,24.60131004366812,0.0,0
Kothrud,Hadapsar,9,30,3,2,2760,16521,0,21.549130434782608,0.0,0
Kothrud,Hadapsar,10,30,3,0,2861,15494,0,19.496120237679133,0.0,1
Kothrud,Hadapsar,10,30,3,1,3000,19286,0,23.1432,0.0,0
Kothrud,Hadapsar,10,30,3,2,2923,16521,0,20.34745124871707,0.0,0
Kothrud,Hadapsar,11,30,3,0,3064,15494,0,18.20443864229765,0.0,1
Kothrud,Hadapsar,11,30,3,1,3180,19286,0,21.833207547169813,0.0,0
Kothrud,Hadapsar,11,30,3,2,3092,16521,0,19.235316946959898,0.0,0
Kothrud,Hadapsar,12,30,3,0,3128,15225,0,17.52237851662404,0.0,1
Kothrud,Hadapsar,12,30,3,1,3214,18779,0,21.034349719975108,0.0,0
Kothrud,Hadapsar,12,30,3,2,3209,16765,0,18.807728264256777,0.0,0
Kothrud,Hadapsar,13,30,3,0,3103,15225,0,17.66355140186916,0.0,1
Kothrud,Hadapsar,13,30,3,1,3243,18779,0,20.846253469010176,0.0,0
Kothrud,Hadapsar,13,30,3,2,3217,16765,0,18.760957413739508,0.0,0
Kothrud,Hadapsar,14,30,3,0,3083,15494,0,18.092247810574115,0.0,1
Kothrud,Hadapsar,14,30,3,1,3315,19286,0,20.94407239819005,0.0,0
Kothrud,Hadapsar,14,30,3,2,3323,17008,0,18.42575985555221,0.0,0
Kothrud,Hadapsar,15,30,3,0,3120,15494,0,17.877692307692307,0.0,1
Kothrud,Hadapsar,15,30,3,1,3363,19286,0,20.64513826940232,0.0,0
Kothrud,Hadapsar,15,30,3,2,3394,17008,0,18.040306423099587,0.0,0
Kothrud,Hadapsar,16,30,3,0,3252,15494,0,17.1520295202952,0.0,1
Kothrud,Hadapsar,16,30,3,1,3477,19286,0,19.968248490077656,0.0,0
Kothrud,Hadapsar,16,30,3,2,3513,17008,0,17.42920580700256,0.0,0
Kothrud,Hadapsar,17,30,3,0,3348,15405,0,16.564516129032256,0.0,1
Kothrud,Hadapsar,17,30,3,1,3569,19286,0,19.453516391145982,0.0,0
Kothrud,Hadapsar,17,30,3,2,3560,17008,0,17.199101123595504,0.0,0
Kothrud,Hadapsar,18,30,3,0,3283,15405,0,16.89247639354249,0.0,1
Kothrud,Hadapsar,18,30,3,1,3427,17008,0,17.866588853224393,0.0,0
Kothrud,Hadapsar,18,30,3,2,3476,19286,0,19.973993095512085,0.0,0
Kothrud,Hadapsar,19,30,3,0,2977,15201,0,18.382129660732282,0.0,1
Kothrud,Hadapsar,19,30,3,1,3189,19286,0,21.771589840075258,0.0,0
Kothrud,Hadapsar,19,30,3,2,3079,16765,0,19.601818772328677,0.0,0
Kothrud,Hadapsar,20,30,3,0,2597,15620,0,21.652676164805545,0.0,1
Kothrud,Hadapsar,20,30,3,1,2847,19286,0,24.386933614330875,0.0,0
Kothrud,Hadapsar,20,30,3,2,2746,16977,0,22.256809905316825,0.0,0
Kothrud,Hadapsar,21,30,3,0,2112,15620,0,26.625,0.0,1
Kothrud,Hadapsar,21,30,3,1,2330,18779,0,29.01476394849785,0.0,0
Kothrud,Hadapsar,21,30,3,2,2259,16733,0,26.666135458167332,0.0,0
Kothrud,Hadapsar,22,30,3,0,2013,15620,0,27.934426229508194,0.0,1
Kothrud,Hadapsar,22,30,3,1,2241,18779,0,30.167068273092365,0.0,0
Kothrud,Hadapsar,22,30,3,2,2168,16733,0,27.785424354243542,0.0,0
Kothrud,Hadapsar,23,30,3,0,2013,15620,0,27.934426229508194,0.0,1
Kothrud,Hadapsar,23,30,3,1,2241,18779,0,30.167068273092365,0.0,0
Kothrud,Hadapsar,23,30,3,2,2168,16733,0,27.785424354243542,0.0,0
Kothrud,Hadapsar,6,30,4,0,2070,15620,0,27.16521739130435,0.0,1
Kothrud,Hadapsar,6,30,4,1,2289,18779,0,29.534469200524246,0.0,0
Kothrud,Hadapsar,6,30,4,2,2298,16978,0,26.597389033942562,0.0,0
Kothrud,Hadapsar,7,30,4,0,2171,15611,0,25.88650391524643,0.0,1
Kothrud,Hadapsar,7,30,4,1,2375,18779,0,28.46501052631579,0.0,0
Kothrud,Hadapsar,7,30,4,2,2413,16978,0,25.32979693327808,0.0,0
Kothrud,Hadapsar,8,30,4,0,2291,15611,0,24.53059799214317,0.0,1
Kothrud,Hadapsar,8,30,4,1,2557,19286,0,27.15275713727024,0.0,0
Kothrud,Hadapsar,8,30,4,2,2536,16977,0,24.099842271293376,0.0,0
Kothrud,Hadapsar,9,30,4,0,2411,15620,0,23.32310244711738,0.0,1
Kothrud,Hadapsar,9,30,4,1,2616,19286,0,26.540366972477067,0.0,0
Kothrud,Hadapsar,9,30,4,2,2686,17008,0,22.79553239017126,0.0,0
Kothrud,Hadapsar,10,30,4,0,2558,15869,0,22.33322908522283,0.0,1
Kothrud,Hadapsar,10,30,4,1,2642,18779,0,25.588342165026493,0.0,0
Kothrud,Hadapsar,10,30,4,2,2798,17008,0,21.88305932809149,0.0,0
Kothrud,Hadapsar,11,30,4,0,2640,15451,0,21.069545454545455,0.0,1
Kothrud,Hadapsar,11,30,4,1,2817,19286,0,24.646645367412145,0.0,0
Kothrud,Hadapsar,11,30,4,2,2923,17008,0,20.94724598015737,0.0,0
Kothrud,Hadapsar,12,30,4,0,2680,15451,0,20.75507462686567,0.0,1
Kothrud,Hadapsar,12,30,4,1,2864,19286,0,24.24217877094972,0.0,0
Kothrud,Hadapsar,12,30,4,2,2821,16521,0,21.083161999291033,0.0,0
Kothrud,Hadapsar,13,30,4,0,2703,15451,0,20.578468368479466,0.0,1
Kothrud,Hadapsar,13,30,4,1,2887,19286,0,24.04904745410461,0.0,0
Kothrud,Hadapsar,13,30,4,2,2853,16521,0,20.846687697160885,0.0,0
Kothrud,Hadapsar,14,30,4,0,2727,15451,0,20.3973597359736,0.0,1
Kothrud,Hadapsar,14,30,4,1,2932,19286,0,23.679945429740794,0.0,0
Kothrud,Hadapsar,14,30,4,2,3052,17008,0,20.06186107470511,0.0,0
Kothrud,Hadapsar,15,30,4,0,2738,15451,0,20.315412710007305,0.0,1
Kothrud,Hadapsar,15,30,4,1,2977,19286,0,23.322002015451798,0.0,0
Kothrud,Hadapsar,15,30,4,2,2954,16521,0,20.13392010832769,0.0,0
Kothrud,Hadapsar,16,30,4,0,2777,15451,0,20.030104429240186,0.0,1
Kothrud,Hadapsar,16,30,4,1,3072,19286,0,22.60078125,0.0,0
Kothrud,Hadapsar,16,30,4,2,3010,16521,0,19.759335548172757,0.0,0
Kothrud,Hadapsar,17,30,4,0,2813,15451,0,19.773764664059723,0.0,1
Kothrud,Hadapsar,17,30,4,1,3159,19286,0,21.97834757834758,0.0,0
Kothrud,Hadapsar,17,30,4,2,3045,16521,0,19.532216748768473,0.0,0
Kothrud,Hadapsar,18,30,4,0,2766,15451,0,20.109761388286334,0.0,1
Kothrud,Hadapsar,18,30,4,1,3127,19286,0,22.20326191237608,0.0,0
Kothrud,Hadapsar,18,30,4,2,2972,16521,0,20.011978465679675,0.0,0
Kothrud,Hadapsar,19,30,4,0,2622,15201,0,20.870938215102974,0.0,1
Kothrud,Hadapsar,19,30,4,1,2956,19286,0,23.48768606224628,0.0,0
Kothrud,Hadapsar,19,30,4,2,2858,16765,0,21.117564730580828,0.0,0
Kothrud,Hadapsar,20,30,4,0,2426,15620,0,23.17889530090684,0.0,1
Kothrud,Hadapsar,20,30,4,1,2722,19286,0,25.506833210874362,0.0,0
Kothrud,Hadapsar,20,30,4,2,2645,16977,0,23.106691871455574,0.0,0
Kothrud,Hadapsar,21,30,4,0,2092,15620,0,26.879541108986615,0.0,1
Kothrud,Hadapsar,21,30,4,1,2316,18779,0,29.190155440414507,0.0,0
Kothrud,Hadapsar,21,30,4,2,2249,16733,0,26.784704313028016,0.0,0
Kothrud,Hadapsar,22,30,4,0,2013,15620,0,27.934426229508194,0.0,1
Kothrud,Hadapsar,22,30,4,1,2241,18779,0,30.167068273092365,0.0,0
Kothrud,Hadapsar,22,30,4,2,2168,16733,0,27.785424354243542,0.0,0
Kothrud,Hadapsar,23,30,4,0,2013,15620,0,27.934426229508194,0.0,1
Kothrud,Hadapsar,23,30,4,1,2241,18779,0,30.167068273092365,0.0,0
Kothrud,Hadapsar,23,30,4,2,2168,16733,0,27.785424354243542,0.0,0
Kothrud,Hadapsar,6,30,5,0,2100,15620,0,26.777142857142856,0.0,1
Kothrud,Hadapsar,6,30,5,1,2353,18779,0,28.731151721206967,0.0,0
Kothrud,Hadapsar,6,30,5,2,2284,16733,0,26.374255691768827,0.0,0
Kothrud,Hadapsar,7,30,5,0,2378,15620,0,23.646761984861225,0.0,1
Kothrud,Hadapsar,7,30,5,1,2784,19286,0,24.93879310344828,0.0,0
Kothrud,Hadapsar,7,30,5,2,2589,16977,0,23.606488991888764,0.0,0
Kothrud,Hadapsar,8,30,5,0,2628,15201,0,20.82328767123288,0.0,1
Kothrud,Hadapsar,8,30,5,1,3039,19286,0,22.846199407699903,0.0,0
Kothrud,Hadapsar,8,30,5,2,2783,16559,0,21.420194035213797,0.0,0
Kothrud,Hadapsar,9,30,5,0,2787,15201,0,19.63530678148547,0.0,1
Kothrud,Hadapsar,9,30,5,1,3146,19286,0,22.069167196439924,0.0,0
Kothrud,Hadapsar,9,30,5,2,2941,16765,0,20.52159129547773,0.0,0
Kothrud,Hadapsar,10,30,5,0,2998,15201,0,18.25336891260841,0.0,1
Kothrud,Hadapsar,10,30,5,1,3302,19286,0,21.026529376135677,0.0,0
Kothrud,Hadapsar,10,30,5,2,3108,16765,0,19.41891891891892,0.0,0
Kothrud,Hadapsar,11,30,5,0,3129,15494,0,17.826270373921382,0.0,1
Kothrud,Hadapsar,11,30,5,1,3389,19286,0,20.486751254057243,0.0,0
Kothrud,Hadapsar,11,30,5,2,3185,16521,0,18.67365777080063,0.0,0
Kothrud,Hadapsar,12,30,5,0,3101,15494,0,17.987229925830377,0.0,1
Kothrud,Hadapsar,12,30,5,1,3232,18779,0,20.91720297029703,0.0,0
Kothrud,Hadapsar,12,30,5,2,3241,16649,0,18.49318111693922,0.0,0
Kothrud,Hadapsar,13,30,5,0,2930,15225,0,18.706484641638227,0.0,1
Kothrud,Hadapsar,13,30,5,1,3060,18779,0,22.09294117647059,0.0,0
Kothrud,Hadapsar,13,30,5,2,3239,16894,0,18.776906452608827,0.0,0
Kothrud,Hadapsar,14,30,5,0,2798,15494,0,19.93509649749821,0.0,1
Kothrud,Hadapsar,14,30,5,1,3092,19286,0,22.454592496765848,0.0,0
Kothrud,Hadapsar,14,30,5,2,3082,16521,0,19.297728747566516,0.0,0
Kothrud,Hadapsar,15,30,5,0,2815,15451,0,19.759715808170515,0.0,1
Kothrud,Hadapsar,15,30,5,1,3222,19286,0,21.548603351955308,0.0,0
Kothrud,Hadapsar,15,30,5,2,3134,16521,0,18.97753669432036,0.0,0
Kothrud,Hadapsar,16,30,5,0,3032,15451,0,18.34551451187335,0.0,1
Kothrud,Hadapsar,16,30,5,1,3293,16521,0,18.061220771333133,0.0,0
Kothrud,Hadapsar,16,30,5,2,3564,19286,0,19.48080808080808,0.0,0
Kothrud,Hadapsar,17,30,5,0,3266,15451,0,17.03110838946724,0.0,1
Kothrud,Hadapsar,17,30,5,1,3615,17008,0,16.937427385892114,0.0,0
Kothrud,Hadapsar,17,30,5,2,3891,19286,0,17.843639167309178,0.0,0
Kothrud,Hadapsar,18,30,5,0,3298,15201,0,16.59296543359612,0.0,1
Kothrud,Hadapsar,18,30,5,1,3690,17915,0,17.478048780487807,0.0,0
Kothrud,Hadapsar,18,30,5,2,3957,17668,0,16.073995451099318,0.0,0
Kothrud,Hadapsar,19,30,5,0,2996,15201,0,18.26555407209613,0.0,1
Kothrud,Hadapsar,19,30,5,1,3386,17915,0,19.04725339633786,0.0,0
Kothrud,Hadapsar,19,30,5,2,3351,18907,0,20.311906893464638,0.0,0
Kothrud,Hadapsar,20,30,5,0,2591,15620,0,21.702817445001926,0.0,1
Kothrud,Hadapsar,20,30,5,1,2855,19286,0,24.31859894921191,0.0,0
Kothrud,Hadapsar,20,30,5,2,2745,16977,0,22.264918032786888,0.0,0
Kothrud,Hadapsar,21,30,5,0,2105,15620,0,26.713539192399047,0.0,1
Kothrud,Hadapsar,21,30,5,1,2320,18779,0,29.139827586206895,0.0,0
Kothrud,Hadapsar,21,30,5,2,2255,16733,0,26.713436807095345,0.0,0
Kothrud,Hadapsar,22,30,5,0,2013,15620,0,27.934426229508194,0.0,1
Kothrud,Hadapsar,22,30,5,1,2241,18779,0,30.167068273092365,0.0,0
Kothrud,Hadapsar,22,30,5,2,2168,16733,0,27.785424354243542,0.0,0
Kothrud,Hadapsar,23,30,5,0,2013,15620,0,27.934426229508194,0.0,1
Kothrud,Hadapsar,23,30,5,1,2241,18779,0,30.167068273092365,0.0,0
Kothrud,Hadapsar,23,30,5,2,2168,16733,0,27.785424354243542,0.0,0
Kothrud,Hadapsar,6,30,6,0,2120,15611,0,26.509245283018867,0.0,1
Kothrud,Hadapsar,6,30,6,1,2362,18779,0,28.621676545300595,0.0,0
Kothrud,Hadapsar,6,30,6,2,2370,16978,0,25.789367088607598,0.0,0
Kothrud,Hadapsar,7,30,6,0,2425,15620,0,23.18845360824742,0.0,1
Kothrud,Hadapsar,7,30,6,1,2814,19286,0,24.672921108742006,0.0,0
Kothrud,Hadapsar,7,30,6,2,2619,16977,0,23.336082474226803,0.0,0
Kothrud,Hadapsar,8,30,6,0,2690,15201,0,20.343345724907063,0.0,1
Kothrud,Hadapsar,8,30,6,1,3116,19286,0,22.281643132220797,0.0,0
Kothrud,Hadapsar,8,30,6,2,2828,16895,0,21.507072135785005,0.0,0
Kothrud,Hadapsar,9,30,6,0,2876,15201,0,19.02767732962448,0.0,1
Kothrud,Hadapsar,9,30,6,1,3272,19286,0,21.219315403422986,0.0,0
Kothrud,Hadapsar,9,30,6,2,3103,17271,0,20.037254270061233,0.0,0
Kothrud,Hadapsar,10,30,6,0,3079,15494,0,18.115751867489443,0.0,1
Kothrud,Hadapsar,10,30,6,1,3146,16521,0,18.905149396058487,0.0,0
Kothrud,Hadapsar,10,30,6,2,3470,19286,0,20.008530259365994,0.0,0
Kothrud,Hadapsar,11,30,6,0,3199,15494,0,17.43619881212879,0.0,1
Kothrud,Hadapsar,11,30,6,1,3493,17008,0,17.529000858860577,0.0,0
Kothrud,Hadapsar,11,30,6,2,3555,19286,0,19.53012658227848,0.0,0
Kothrud,Hadapsar,12,30,6,0,3142,15494,0,17.75251432208784,0.0,1
Kothrud,Hadapsar,12,30,6,1,3432,19286,0,20.23006993006993,0.0,0
Kothrud,Hadapsar,12,30,6,2,3230,16521,0,18.413498452012384,0.0,0
Kothrud,Hadapsar,13,30,6,0,2965,15225,0,18.485666104553122,0.0,1
Kothrud,Hadapsar,13,30,6,1,3185,18779,0,21.225871271585557,0.0,0
Kothrud,Hadapsar,13,30,6,2,3171,16765,0,19.033112582781456,0.0,0
Kothrud,Hadapsar,14,30,6,0,2847,15494,0,19.59199157007376,0.0,1
Kothrud,Hadapsar,14,30,6,1,3189,19286,0,21.771589840075258,0.0,0
Kothrud,Hadapsar,14,30,6,2,3089,16521,0,19.25399805762383,0.0,0
Kothrud,Hadapsar,15,30,6,0,2868,15451,0,19.39456066945607,0.0,1
Kothrud,Hadapsar,15,30,6,1,3302,19286,0,21.026529376135677,0.0,0
Kothrud,Hadapsar,15,30,6,2,3138,16521,0,18.953346080305927,0.0,0
Kothrud,Hadapsar,16,30,6,0,3089,15451,0,18.00699255422467,0.0,1
Kothrud,Hadapsar,16,30,6,1,3309,16521,0,17.97388939256573,0.0,0
Kothrud,Hadapsar,16,30,6,2,3636,19286,0,19.095049504950495,0.0,0
Kothrud,Hadapsar,17,30,6,0,3314,15451,0,16.784429692214847,0.0,1
Kothrud,Hadapsar,17,30,6,1,3660,17008,0,16.729180327868853,0.0,0
Kothrud,Hadapsar,17,30,6,2,3740,18085,0,17.40802139037433,0.0,0
Kothrud,Hadapsar,18,30,6,0,3341,15201,0,16.379407363064953,0.0,1
Kothrud,Hadapsar,18,30,6,1,3694,17915,0,17.459122902003248,0.0,0
Kothrud,Hadapsar,18,30,6,2,3981,17527,0,15.849585531273553,0.0,0
Kothrud,Hadapsar,19,30,6,0,3036,15201,0,18.02490118577075,0.0,1
Kothrud,Hadapsar,19,30,6,1,3372,17915,0,19.126334519572953,0.0,0
Kothrud,Hadapsar,19,30,6,2,3343,18779,0,20.222674244690396,0.0,0
Kothrud,Hadapsar,20,30,6,0,2616,15620,0,21.495412844036696,0.0,1
Kothrud,Hadapsar,20,30,6,1,2869,19286,0,24.19993028929941,0.0,0
Kothrud,Hadapsar,20,30,6,2,2870,17046,0,21.381742160278744,0.0,0
Kothrud,Hadapsar,21,30,6,0,2110,15620,0,26.650236966824643,0.0,1
Kothrud,Hadapsar,21,30,6,1,2321,18779,0,29.12727272727273,0.0,0
Kothrud,Hadapsar,21,30,6,2,2321,16978,0,26.333821628608362,0.0,0
Kothrud,Hadapsar,22,30,6,0,2013,15620,0,27.934426229508194,0.0,1
Kothrud,Hadapsar,22,30,6,1,2241,18779,0,30.167068273092365,0.0,0
Kothrud,Hadapsar,22,30,6,2,2168,16733,0,27.785424354243542,0.0,0
Kothrud,Hadapsar,23,30,6,0,2013,15620,0,27.934426229508194,0.0,1
Kothrud,Hadapsar,23,30,6,1,2241,18779,0,30.167068273092365,0.0,0
Kothrud,Hadapsar,23,30,6,2,2168,16733,0,27.785424354243542,0.0,0
Kothrud,Hadapsar,6,30,0,0,2103,15611,0,26.723537803138377,0.0,1
Kothrud,Hadapsar,6,30,0,1,2359,18779,0,28.65807545570157,0.0,0
Kothrud,Hadapsar,6,30,0,2,2310,16733,0,26.077402597402596,0.0,0
Kothrud,Hadapsar,7,30,0,0,2371,15620,0,23.716575284690002,0.0,1
Kothrud,Hadapsar,7,30,0,1,2699,18779,0,25.0479436828455,0.0,0
Kothrud,Hadapsar,7,30,0,2,2666,17184,0,23.20420105026257,0.0,0
Kothrud,Hadapsar,8,30,0,0,2632,15201,0,20.791641337386018,0.0,1
Kothrud,Hadapsar,8,30,0,1,3094,19286,0,22.440077569489336,0.0,0
Kothrud,Hadapsar,8,30,0,2,2838,16559,0,21.00507399577167,0.0,0
Kothrud,Hadapsar,9,30,0,0,2807,15201,0,19.495404346277166,0.0,1
Kothrud,Hadapsar,9,30,0,1,3224,19286,0,21.535235732009927,0.0,0
Kothrud,Hadapsar,9,30,0,2,3000,16765,0,20.118,0.0,0
Kothrud,Hadapsar,10,30,0,0,2993,15494,0,18.636284664216507,0.0,1
Kothrud,Hadapsar,10,30,0,1,3119,16521,0,19.06880410387945,0.0,0
Kothrud,Hadapsar,10,30,0,2,3410,19286,0,20.360586510263932,0.0,0
Kothrud,Hadapsar,11,30,0,0,3120,15494,0,17.877692307692307,0.0,1
Kothrud,Hadapsar,11,30,0,1,3513,19286,0,19.763620836891548,0.0,0
Kothrud,Hadapsar,11,30,0,2,3265,16521,0,18.216110260336908,0.0,0
Kothrud,Hadapsar,12,30,0,0,3096,15494,0,18.016279069767442,0.0,1
Kothrud,Hadapsar,12,30,0,1,3426,19286,0,20.265499124343258,0.0,0
Kothrud,Hadapsar,12,30,0,2,3243,16521,0,18.339685476410732,0.0,0
Kothrud,Hadapsar,13,30,0,0,2936,15225,0,18.66825613079019,0.0,1
Kothrud,Hadapsar,13,30,0,1,3200,18779,0,21.126375,0.0,0
Kothrud,Hadapsar,13,30,0,2,3222,16765,0,18.731843575418996,0.0,0
Kothrud,Hadapsar,14,30,0,0,2805,15494,0,19.88534759358289,0.0,1
Kothrud,Hadapsar,14,30,0,1,3217,19286,0,21.58209511967672,0.0,0
Kothrud,Hadapsar,14,30,0,2,3174,16521,0,18.738374291115313,0.0,0
Kothrud,Hadapsar,15,30,0,0,2825,15451,0,19.689769911504424,0.0,1
Kothrud,Hadapsar,15,30,0,1,3344,19597,0,21.097248803827753,0.0,0
Kothrud,Hadapsar,15,30,0,2,3242,16521,0,18.345342381246144,0.0,0
Kothrud,Hadapsar,16,30,0,0,3041,15451,0,18.291219993423216,0.0,1
Kothrud,Hadapsar,16,30,0,1,3396,16521,0,17.513427561837457,0.0,0
Kothrud,Hadapsar,16,30,0,2,3694,19286,0,18.79523551705468,0.0,0
Kothrud,Hadapsar,17,30,0,0,3274,15451,0,16.989492974954185,0.0,1
Kothrud,Hadapsar,17,30,0,1,3713,17008,0,16.490385133315378,0.0,0
Kothrud,Hadapsar,17,30,0,2,3811,18085,0,17.08370506428759,0.0,0
Kothrud,Hadapsar,18,30,0,0,3312,15201,0,16.52282608695652,0.0,1
Kothrud,Hadapsar,18,30,0,1,3714,17915,0,17.365105008077542,0.0,0
Kothrud,Hadapsar,18,30,0,2,3953,17527,0,15.961851758158362,0.0,0
Kothrud,Hadapsar,19,30,0,0,3016,15201,0,18.144429708222813,0.0,1
Kothrud,Hadapsar,19,30,0,1,3381,17915,0,19.075421472937,0.0,0
Kothrud,Hadapsar,19,30,0,2,3365,18779,0,20.090460624071323,0.0,0
Kothrud,Hadapsar,20,30,0,0,2609,15620,0,21.55308547336144,0.0,1
Kothrud,Hadapsar,20,30,0,1,2885,19286,0,24.065719237435008,0.0,0
Kothrud,Hadapsar,20,30,0,2,2882,17046,0,21.292713393476753,0.0,0
Kothrud,Hadapsar,21,30,0,0,2109,15620,0,26.662873399715505,0.0,1
Kothrud,Hadapsar,21,30,0,1,2323,18779,0,29.102195436935,0.0,0
Kothrud,Hadapsar,21,30,0,2,2321,16978,0,26.333821628608362,0.0,0
Kothrud,Hadapsar,22,30,0,0,2013,15620,0,27.934426229508194,0.0,1
Kothrud,Hadapsar,22,30,0,1,2241,18779,0,30.167068273092365,0.0,0
Kothrud,Hadapsar,22,30,0,2,2168,16733,0,27.785424354243542,0.0,0
Kothrud,Hadapsar,23,30,0,0,2013,15620,0,27.934426229508194,0.0,1
Kothrud,Hadapsar,23,30,0,1,2241,18779,0,30.167068273092365,0.0,0
Kothrud,Hadapsar,23,30,0,2,2168,16733,0,27.785424354243542,0.0,0
Kothrud,Hadapsar,6,30,1,0,2102,15620,0,26.751665080875355,0.0,1
Kothrud,Hadapsar,6,30,1,1,2355,18779,0,28.70675159235669,0.0,0
Kothrud,Hadapsar,6,30,1,2,2363,16978,0,25.865763859500635,0.0,0
Kothrud,Hadapsar,7,30,1,0,2370,15620,0,23.72658227848101,0.0,1
Kothrud,Hadapsar,7,30,1,1,2656,18779,0,25.45346385542169,0.0,0
Kothrud,Hadapsar,7,30,1,2,2642,17184,0,23.414988644965934,0.0,0
Kothrud,Hadapsar,8,30,1,0,2618,15201,0,20.90282658517953,0.0,1
Kothrud,Hadapsar,8,30,1,1,3031,19286,0,22.906499505113825,0.0,0
Kothrud,Hadapsar,8,30,1,2,2791,16559,0,21.358796130419208,0.0,0
Kothrud,Hadapsar,9,30,1,0,2785,15201,0,19.64940754039497,0.0,1
Kothrud,Hadapsar,9,30,1,1,3160,19286,0,21.97139240506329,0.0,0
Kothrud,Hadapsar,9,30,1,2,2950,16765,0,20.458983050847458,0.0,0
Kothrud,Hadapsar,10,30,1,0,2970,15494,0,18.78060606060606,0.0,1
Kothrud,Hadapsar,10,30,1,1,3061,16521,0,19.43012087553087,0.0,0
Kothrud,Hadapsar,10,30,1,2,3344,19286,0,20.76244019138756,0.0,0
Kothrud,Hadapsar,11,30,1,0,3104,15494,0,17.969845360824742,0.0,1
Kothrud,Hadapsar,11,30,1,1,3207,16521,0,18.54555659494855,0.0,0
Kothrud,Hadapsar,11,30,1,2,3459,19286,0,20.07215958369471,0.0,0
Kothrud,Hadapsar,12,30,1,0,3093,15494,0,18.033753637245393,0.0,1
Kothrud,Hadapsar,12,30,1,1,3393,19286,0,20.462599469496023,0.0,0
Kothrud,Hadapsar,12,30,1,2,3199,16521,0,18.591934979681152,0.0,0
Kothrud,Hadapsar,13,30,1,0,2923,15225,0,18.751282928498117,0.0,1
Kothrud,Hadapsar,13,30,1,1,3185,18779,0,21.225871271585557,0.0,0
Kothrud,Hadapsar,13,30,1,2,3245,16894,0,18.742187981510014,0.0,0
Kothrud,Hadapsar,14,30,1,0,2782,15494,0,20.049748382458663,0.0,1
Kothrud,Hadapsar,14,30,1,1,3170,19597,0,22.255268138801263,0.0,0
Kothrud,Hadapsar,14,30,1,2,3114,16521,0,19.09942196531792,0.0,0
Kothrud,Hadapsar,15,30,1,0,2799,15451,0,19.87266881028939,0.0,1
Kothrud,Hadapsar,15,30,1,1,3255,19286,0,21.330138248847927,0.0,0
Kothrud,Hadapsar,15,30,1,2,3154,16521,0,18.857197209892202,0.0,0
Kothrud,Hadapsar,16,30,1,0,3012,15451,0,18.467330677290835,0.0,1
Kothrud,Hadapsar,16,30,1,1,3502,17008,0,17.483952027412908,0.0,0
Kothrud,Hadapsar,16,30,1,2,3551,19286,0,19.55212616164461,0.0,0
Kothrud,Hadapsar,17,30,1,0,3236,15451,0,17.18899876390606,0.0,1
Kothrud,Hadapsar,17,30,1,1,3590,17008,0,17.055376044568245,0.0,0
Kothrud,Hadapsar,17,30,1,2,3618,18085,0,17.995024875621894,0.0,0
Kothrud,Hadapsar,18,30,1,0,3288,15201,0,16.643430656934306,0.0,1
Kothrud,Hadapsar,18,30,1,1,3675,17915,0,17.549387755102043,0.0,0
Kothrud,Hadapsar,18,30,1,2,3925,17668,0,16.205044585987263,0.0,0
Kothrud,Hadapsar,19,30,1,0,3013,15201,0,18.162495851310986,0.0,1
Kothrud,Hadapsar,19,30,1,1,3390,17915,0,19.024778761061945,0.0,0
Kothrud,Hadapsar,19,30,1,2,3308,18779,0,20.436638452237002,0.0,0
Kothrud,Hadapsar,20,30,1,0,2610,15620,0,21.544827586206896,0.0,1
Kothrud,Hadapsar,20,30,1,1,2882,19286,0,24.090770298403886,0.0,0
Kothrud,Hadapsar,20,30,1,2,2757,16977,0,22.168008705114254,0.0,0
Kothrud,Hadapsar,21,30,1,0,2110,15620,0,26.650236966824643,0.0,1
Kothrud,Hadapsar,21,30,1,1,2326,18779,0,29.064660361134997,0.0,0
Kothrud,Hadapsar,21,30,1,2,2321,16978,0,26.333821628608362,0.0,0
Kothrud,Hadapsar,22,30,1,0,2013,15620,0,27.934426229508194,0.0,1
Kothrud,Hadapsar,22,30,1,1,2241,18779,0,30.167068273092365,0.0,0
Kothrud,Hadapsar,22,30,1,2,2168,16733,0,27.785424354243542,0.0,0
Kothrud,Hadapsar,23,30,1,0,2013,15620,0,27.934426229508194,0.0,1
Kothrud,Hadapsar,23,30,1,1,2241,18779,0,30.167068273092365,0.0,0
Kothrud,Hadapsar,23,30,1,2,2168,16733,0,27.785424354243542,0.0,0
Kothrud,Hadapsar,6,30,2,0,2101,15620,0,26.76439790575916,0.0,1
Kothrud,Hadapsar,6,30,2,1,2357,18779,0,28.682392872295292,0.0,0
Kothrud,Hadapsar,6,30,2,2,2296,16733,0,26.236411149825784,0.0,0
Kothrud,Hadapsar,7,30,2,0,2367,15620,0,23.75665399239544,0.0,1
Kothrud,Hadapsar,7,30,2,1,2655,18779,0,25.463050847457627,0.0,0
Kothrud,Hadapsar,7,30,2,2,2643,17184,0,23.4061293984109,0.0,0
Kothrud,Hadapsar,8,30,2,0,2600,15201,0,21.047538461538462,0.0,1
Kothrud,Hadapsar,8,30,2,1,3008,19286,0,23.081648936170215,0.0,0
Kothrud,Hadapsar,8,30,2,2,2786,16895,0,21.83129935391242,0.0,0
Kothrud,Hadapsar,9,30,2,0,2759,15201,0,19.834577745559987,0.0,1
Kothrud,Hadapsar,9,30,2,1,3116,19286,0,22.281643132220797,0.0,0
Kothrud,Hadapsar,9,30,2,2,2938,16765,0,20.542545949625595,0.0,0
Kothrud,Hadapsar,10,30,2,0,2949,15494,0,18.91434384537131,0.0,1
Kothrud,Hadapsar,10,30,2,1,3046,16521,0,19.5258043335522,0.0,0
Kothrud,Hadapsar,10,30,2,2,3287,19286,0,21.12248250684515,0.0,0
Kothrud,Hadapsar,11,30,2,0,3086,15494,0,18.074659753726507,0.0,1
Kothrud,Hadapsar,11,30,2,1,3401,19286,0,20.414466333431346,0.0,0
Kothrud,Hadapsar,11,30,2,2,3188,16521,0,18.656085319949813,0.0,0
Kothrud,Hadapsar,12,30,2,0,3077,15494,0,18.127526811829703,0.0,1
Kothrud,Hadapsar,12,30,2,1,3357,19286,0,20.682037533512066,0.0,0
Kothrud,Hadapsar,12,30,2,2,3178,16521,0,18.71478917558213,0.0,0
Kothrud,Hadapsar,13,30,2,0,2922,15225,0,18.75770020533881,0.0,1
Kothrud,Hadapsar,13,30,2,1,3208,18779,0,21.073690773067334,0.0,0
Kothrud,Hadapsar,13,30,2,2,3233,16894,0,18.811753789050414,0.0,0
Kothrud,Hadapsar,14,30,2,0,2815,15494,0,19.814706927175845,0.0,1
Kothrud,Hadapsar,14,30,2,1,3242,19286,0,21.415669339913634,0.0,0
Kothrud,Hadapsar,14,30,2,2,3110,16521,0,19.123987138263665,0.0,0
Kothrud,Hadapsar,15,30,2,0,2850,15451,0,19.51705263157895,0.0,1
Kothrud,Hadapsar,15,30,2,1,3365,19286,0,20.632867756315008,0.0,0
Kothrud,Hadapsar,15,30,2,2,3169,16521,0,18.76793941306406,0.0,0
Kothrud,Hadapsar,16,30,2,0,3076,15451,0,18.083094928478545,0.0,1
Kothrud,Hadapsar,16,30,2,1,3543,17008,0,17.281625740897542,0.0,0
Kothrud,Hadapsar,16,30,2,2,3675,19286,0,18.89240816326531,0.0,0
Kothrud,Hadapsar,17,30,2,0,3306,15451,0,16.825045372050816,0.0,1
Kothrud,Hadapsar,17,30,2,1,3632,17008,0,16.85814977973568,0.0,0
Kothrud,Hadapsar,17,30,2,2,4006,19286,0,17.331402895656517,0.0,0
Kothrud,Hadapsar,18,30,2,0,3343,15405,0,16.589291055937778,0.0,1
Kothrud,Hadapsar,18,30,2,1,3531,17008,0,17.34035683942226,0.0,0
Kothrud,Hadapsar,18,30,2,2,3919,19286,0,17.716152079612147,0.0,0
Kothrud,Hadapsar,19,30,2,0,3021,15201,0,18.114399205561075,0.0,1
Kothrud,Hadapsar,19,30,2,1,3395,17915,0,18.996759941089838,0.0,0
Kothrud,Hadapsar,19,30,2,2,3342,18779,0,20.228725314183123,0.0,0
Kothrud,Hadapsar,20,30,2,0,2608,15620,0,21.561349693251532,0.0,1
Kothrud,Hadapsar,20,30,2,1,2882,19286,0,24.090770298403886,0.0,0
Kothrud,Hadapsar,20,30,2,2,2887,17046,0,21.25583650848632,0.0,0
Kothrud,Hadapsar,21,30,2,0,2108,15620,0,26.675521821631875,0.0,1
Kothrud,Hadapsar,21,30,2,1,2324,18779,0,29.089672977624787,0.0,0
Kothrud,Hadapsar,21,30,2,2,2320,16978,0,26.345172413793104,0.0,0
Kothrud,Hadapsar,22,30,2,0,2013,15620,0,27.934426229508194,0.0,1
Kothrud,Hadapsar,22,30,2,1,2241,18779,0,30.167068273092365,0.0,0
Kothrud,Hadapsar,22,30,2,2,2168,16733,0,27.785424354243542,0.0,0
Kothrud,Hadapsar,23,30,2,0,2013,15620,0,27.934426229508194,0.0,1
Kothrud,Hadapsar,23,30,2,1,2241,18779,0,30.167068273092365,0.0,0
Kothrud,Hadapsar,23,30,2,2,2168,16733,0,27.785424354243542,0.0,0
Kothrud,Hadapsar,6,30,3,0,2095,15620,0,26.84105011933174,0.0,1
Kothrud,Hadapsar,6,30,3,1,2311,18779,0,29.253310255300736,0.0,0
Kothrud,Hadapsar,6,30,3,2,2331,16978,0,26.220849420849426,0.0,0
Kothrud,Hadapsar,7,30,3,0,2307,15620,0,24.37451235370611,0.0,1
Kothrud,Hadapsar,7,30,3,1,2449,18779,0,27.604899959167007,0.0,0
Kothrud,Hadapsar,7,30,3,2,2663,17252,0,23.32226811866316,0.0,0
Kothrud,Hadapsar,8,30,3,0,2483,15201,0,22.03930728956907,0.0,1
Kothrud,Hadapsar,8,30,3,1,2700,19286,0,25.71466666666667,0.0,0
Kothrud,Hadapsar,8,30,3,2,2697,16765,0,22.378197997775306,0.0,0
Kothrud,Hadapsar,9,30,3,0,2647,15224,0,20.705100113335853,0.0,1
Kothrud,Hadapsar,9,30,3,1,2748,18779,0,24.60131004366812,0.0,0
Kothrud,Hadapsar,9,30,3,2,2760,16521,0,21.549130434782608,0.0,0
Kothrud,Hadapsar,10,30,3,0,2861,15494,0,19.496120237679133,0.0,1
Kothrud,Hadapsar,10,30,3,1,3000,19286,0,23.1432,0.0,0
Kothrud,Hadapsar,10,30,3,2,2923,16521,0,20.34745124871707,0.0,0
Kothrud,Hadapsar,11,30,3,0,3064,15494,0,18.20443864229765,0.0,1
Kothrud,Hadapsar,11,30,3,1,3180,19286,0,21.833207547169813,0.0,0
Kothrud,Hadapsar,11,30,3,2,3092,16521,0,19.235316946959898,0.0,0
Kothrud,Hadapsar,12,30,3,0,3128,15225,0,17.52237851662404,0.0,1
Kothrud,Hadapsar,12,30,3,1,3214,18779,0,21.034349719975108,0.0,0
Kothrud,Hadapsar,12,30,3,2,3209,16765,0,18.807728264256777,0.0,0
Kothrud,Hadapsar,13,30,3,0,3103,15225,0,17.66355140186916,0.0,1
Kothrud,Hadapsar,13,30,3,1,3243,18779,0,20.846253469010176,0.0,0
Kothrud,Hadapsar,13,30,3,2,3217,16765,0,18.760957413739508,0.0,0
Kothrud,Hadapsar,14,30,3,0,3083,15494,0,18.092247810574115,0.0,1
Kothrud,Hadapsar,14,30,3,1,3315,19286,0,20.94407239819005,0.0,0
Kothrud,Hadapsar,14,30,3,2,3323,17008,0,18.42575985555221,0.0,0
Kothrud,Hadapsar,15,30,3,0,3120,15494,0,17.877692307692307,0.0,1
Kothrud,Hadapsar,15,30,3,1,3363,19286,0,20.64513826940232,0.0,0
Kothrud,Hadapsar,15,30,3,2,3394,17008,0,18.040306423099587,0.0,0
Kothrud,Hadapsar,16,30,3,0,3252,15494,0,17.1520295202952,0.0,1
Kothrud,Hadapsar,16,30,3,1,3477,19286,0,19.968248490077656,0.0,0
Kothrud,Hadapsar,16,30,3,2,3513,17008,0,17.42920580700256,0.0,0
Kothrud,Hadapsar,17,30,3,0,3348,15405,0,16.564516129032256,0.0,1
Kothrud,Hadapsar,17,30,3,1,3569,19286,0,19.453516391145982,0.0,0
Kothrud,Hadapsar,17,30,3,2,3560,17008,0,17.199101123595504,0.0,0
Kothrud,Hadapsar,18,30,3,0,3283,15405,0,16.89247639354249,0.0,1
Kothrud,Hadapsar,18,30,3,1,3427,17008,0,17.866588853224393,0.0,0
Kothrud,Hadapsar,18,30,3,2,3476,19286,0,19.973993095512085,0.0,0
Kothrud,Hadapsar,19,30,3,0,2977,15201,0,18.382129660732282,0.0,1
Kothrud,Hadapsar,19,30,3,1,3189,19286,0,21.771589840075258,0.0,0
Kothrud,Hadapsar,19,30,3,2,3079,16765,0,19.601818772328677,0.0,0
Kothrud,Hadapsar,20,30,3,0,2597,15620,0,21.652676164805545,0.0,1
Kothrud,Hadapsar,20,30,3,1,2847,19286,0,24.386933614330875,0.0,0
Kothrud,Hadapsar,20,30,3,2,2746,16977,0,22.256809905316825,0.0,0
Kothrud,Hadapsar,21,30,3,0,2112,15620,0,26.625,0.0,1
Kothrud,Hadapsar,21,30,3,1,2330,18779,0,29.01476394849785,0.0,0
Kothrud,Hadapsar,21,30,3,2,2259,16733,0,26.666135458167332,0.0,0
Kothrud,Hadapsar,22,30,3,0,2013,15620,0,27.934426229508194,0.0,1
Kothrud,Hadapsar,22,30,3,1,2241,18779,0,30.167068273092365,0.0,0
Kothrud,Hadapsar,22,30,3,2,2168,16733,0,27.785424354243542,0.0,0
Kothrud,Hadapsar,23,30,3,0,2013,15620,0,27.934426229508194,0.0,1
Kothrud,Hadapsar,23,30,3,1,2241,18779,0,30.167068273092365,0.0,0
Kothrud,Hadapsar,23,30,3,2,2168,16733,0,27.785424354243542,0.0,0
Kothrud,Hadapsar,6,30,4,0,2070,15620,0,27.16521739130435,0.0,1
Kothrud,Hadapsar,6,30,4,1,2289,18779,0,29.534469200524246,0.0,0
Kothrud,Hadapsar,6,30,4,2,2298,16978,0,26.597389033942562,0.0,0
Kothrud,Hadapsar,7,30,4,0,2171,15611,0,25.88650391524643,0.0,1
Kothrud,Hadapsar,7,30,4,1,2375,18779,0,28.46501052631579,0.0,0
Kothrud,Hadapsar,7,30,4,2,2413,16978,0,25.32979693327808,0.0,0
Kothrud,Hadapsar,8,30,4,0,2291,15611,0,24.53059799214317,0.0,1
Kothrud,Hadapsar,8,30,4,1,2557,19286,0,27.15275713727024,0.0,0
Kothrud,Hadapsar,8,30,4,2,2536,16977,0,24.099842271293376,0.0,0
Kothrud,Hadapsar,9,30,4,0,2411,15620,0,23.32310244711738,0.0,1
Kothrud,Hadapsar,9,30,4,1,2616,19286,0,26.540366972477067,0.0,0
Kothrud,Hadapsar,9,30,4,2,2574,16939,0,23.69090909090909,0.0,0
Kothrud,Hadapsar,10,30,4,0,2558,15869,0,22.33322908522283,0.0,1
Kothrud,Hadapsar,10,30,4,1,2642,18779,0,25.588342165026493,0.0,0
Kothrud,Hadapsar,10,30,4,2,2700,16939,0,22.585333333333335,0.0,0
Kothrud,Hadapsar,11,30,4,0,2640,15451,0,21.069545454545455,0.0,1
Kothrud,Hadapsar,11,30,4,1,2817,19286,0,24.646645367412145,0.0,0
Kothrud,Hadapsar,11,30,4,2,2786,16521,0,21.348025843503233,0.0,0
Kothrud,Hadapsar,12,30,4,0,2680,15451,0,20.75507462686567,0.0,1
Kothrud,Hadapsar,12,30,4,1,2864,19286,0,24.24217877094972,0.0,0
Kothrud,Hadapsar,12,30,4,2,2821,16521,0,21.083161999291033,0.0,0
Kothrud,Hadapsar,13,30,4,0,2703,15451,0,20.578468368479466,0.0,1
Kothrud,Hadapsar,13,30,4,1,2887,19286,0,24.04904745410461,0.0,0
Kothrud,Hadapsar,13,30,4,2,2853,16521,0,20.846687697160885,0.0,0
Kothrud,Hadapsar,14,30,4,0,2727,15451,0,20.3973597359736,0.0,1
Kothrud,Hadapsar,14,30,4,1,2932,19286,0,23.679945429740794,0.0,0
Kothrud,Hadapsar,14,30,4,2,2910,16521,0,20.438350515463917,0.0,0
Kothrud,Hadapsar,15,30,4,0,2738,15451,0,20.315412710007305,0.0,1
Kothrud,Hadapsar,15,30,4,1,2977,19286,0,23.322002015451798,0.0,0
Kothrud,Hadapsar,15,30,4,2,2954,16521,0,20.13392010832769,0.0,0
Kothrud,Hadapsar,16,30,4,0,2777,15451,0,20.030104429240186,0.0,1
Kothrud,Hadapsar,16,30,4,1,3072,19286,0,22.60078125,0.0,0
Kothrud,Hadapsar,16,30,4,2,3010,16521,0,19.759335548172757,0.0,0
Kothrud,Hadapsar,17,30,4,0,2813,15451,0,19.773764664059723,0.0,1
Kothrud,Hadapsar,17,30,4,1,3159,19286,0,21.97834757834758,0.0,0
Kothrud,Hadapsar,17,30,4,2,3045,16521,0,19.532216748768473,0.0,0
Kothrud,Hadapsar,18,30,4,0,2766,15451,0,20.109761388286334,0.0,1
Kothrud,Hadapsar,18,30,4,1,3127,19286,0,22.20326191237608,0.0,0
Kothrud,Hadapsar,18,30,4,2,2972,16521,0,20.011978465679675,0.0,0
Kothrud,Hadapsar,19,30,4,0,2622,15201,0,20.870938215102974,0.0,1
Kothrud,Hadapsar,19,30,4,1,2956,19286,0,23.48768606224628,0.0,0
Kothrud,Hadapsar,19,30,4,2,2858,16765,0,21.117564730580828,0.0,0
Kothrud,Hadapsar,20,30,4,0,2426,15620,0,23.17889530090684,0.0,1
Kothrud,Hadapsar,20,30,4,1,2722,19286,0,25.506833210874362,0.0,0
Kothrud,Hadapsar,20,30,4,2,2645,16977,0,23.106691871455574,0.0,0
Kothrud,Hadapsar,21,30,4,0,2092,15620,0,26.879541108986615,0.0,1
Kothrud,Hadapsar,21,30,4,1,2316,18779,0,29.190155440414507,0.0,0
Kothrud,Hadapsar,21,30,4,2,2249,16733,0,26.784704313028016,0.0,0
Kothrud,Hadapsar,22,30,4,0,2013,15620,0,27.934426229508194,0.0,1
Kothrud,Hadapsar,22,30,4,1,2241,18779,0,30.167068273092365,0.0,0
Kothrud,Hadapsar,22,30,4,2,2168,16733,0,27.785424354243542,0.0,0
Kothrud,Hadapsar,23,30,4,0,2013,15620,0,27.934426229508194,0.0,1
Kothrud,Hadapsar,23,30,4,1,2241,18779,0,30.167068273092365,0.0,0
Kothrud,Hadapsar,23,30,4,2,2168,16733,0,27.785424354243542,0.0,0
Kothrud,Hadapsar,6,30,5,0,2100,15620,0,26.777142857142856,0.0,1
Kothrud,Hadapsar,6,30,5,1,2353,18779,0,28.731151721206967,0.0,0
Kothrud,Hadapsar,6,30,5,2,2284,16733,0,26.374255691768827,0.0,0
Kothrud,Hadapsar,7,30,5,0,2378,15620,0,23.646761984861225,0.0,1
Kothrud,Hadapsar,7,30,5,1,2784,19286,0,24.93879310344828,0.0,0
Kothrud,Hadapsar,7,30,5,2,2589,16977,0,23.606488991888764,0.0,0
Kothrud,Hadapsar,8,30,5,0,2628,15201,0,20.82328767123288,0.0,1
Kothrud,Hadapsar,8,30,5,1,3039,19286,0,22.846199407699903,0.0,0
Kothrud,Hadapsar,8,30,5,2,2783,16559,0,21.420194035213797,0.0,0
Kothrud,Hadapsar,9,30,5,0,2787,15201,0,19.63530678148547,0.0,1
Kothrud,Hadapsar,9,30,5,1,3146,19286,0,22.069167196439924,0.0,0
Kothrud,Hadapsar,9,30,5,2,2941,16765,0,20.52159129547773,0.0,0
Kothrud,Hadapsar,10,30,5,0,2998,15201,0,18.25336891260841,0.0,1
Kothrud,Hadapsar,10,30,5,1,3302,19286,0,21.026529376135677,0.0,0
Kothrud,Hadapsar,10,30,5,2,3108,16765,0,19.41891891891892,0.0,0
Kothrud,Hadapsar,11,30,5,0,3129,15494,0,17.826270373921382,0.0,1
Kothrud,Hadapsar,11,30,5,1,3389,19286,0,20.486751254057243,0.0,0
Kothrud,Hadapsar,11,30,5,2,3185,16521,0,18.67365777080063,0.0,0
Kothrud,Hadapsar,12,30,5,0,3101,15494,0,17.987229925830377,0.0,1
Kothrud,Hadapsar,12,30,5,1,3232,18779,0,20.91720297029703,0.0,0
Kothrud,Hadapsar,12,30,5,2,3241,16649,0,18.49318111693922,0.0,0
Kothrud,Hadapsar,13,30,5,0,2930,15225,0,18.706484641638227,0.0,1
Kothrud,Hadapsar,13,30,5,1,3060,18779,0,22.09294117647059,0.0,0
Kothrud,Hadapsar,13,30,5,2,3239,16894,0,18.776906452608827,0.0,0
Kothrud,Hadapsar,14,30,5,0,2798,15494,0,19.93509649749821,0.0,1
Kothrud,Hadapsar,14,30,5,1,3092,19286,0,22.454592496765848,0.0,0
Kothrud,Hadapsar,14,30,5,2,3082,16521,0,19.297728747566516,0.0,0
Kothrud,Hadapsar,15,30,5,0,2815,15451,0,19.759715808170515,0.0,1
Kothrud,Hadapsar,15,30,5,1,3222,19286,0,21.548603351955308,0.0,0
Kothrud,Hadapsar,15,30,5,2,3134,16521,0,18.97753669432036,0.0,0
Kothrud,Hadapsar,16,30,5,0,3032,15451,0,18.34551451187335,0.0,1
Kothrud,Hadapsar,16,30,5,1,3293,16521,0,18.061220771333133,0.0,0
Kothrud,Hadapsar,16,30,5,2,3564,19286,0,19.48080808080808,0.0,0
Kothrud,Hadapsar,17,30,5,0,3266,15451,0,17.03110838946724,0.0,1
Kothrud,Hadapsar,17,30,5,1,3411,16521,0,17.43641160949868,0.0,0
Kothrud,Hadapsar,17,30,5,2,3891,19286,0,17.843639167309178,0.0,0
Kothrud,Hadapsar,18,30,5,0,3298,15201,0,16.59296543359612,0.0,1
Kothrud,Hadapsar,18,30,5,1,3512,17428,0,17.864692482915718,0.0,0
Kothrud,Hadapsar,18,30,5,2,3969,19597,0,17.775056689342403,0.0,0
Kothrud,Hadapsar,19,30,5,0,2996,15201,0,18.26555407209613,0.0,1
Kothrud,Hadapsar,19,30,5,1,3369,19286,0,20.608370436331256,0.0,0
Kothrud,Hadapsar,19,30,5,2,3161,16688,0,19.005631129389432,0.0,0
Kothrud,Hadapsar,20,30,5,0,2591,15620,0,21.702817445001926,0.0,1
Kothrud,Hadapsar,20,30,5,1,2855,19286,0,24.31859894921191,0.0,0
Kothrud,Hadapsar,20,30,5,2,2745,16977,0,22.264918032786888,0.0,0
Kothrud,Hadapsar,21,30,5,0,2105,15620,0,26.713539192399047,0.0,1
Kothrud,Hadapsar,21,30,5,1,2320,18779,0,29.139827586206895,0.0,0
Kothrud,Hadapsar,21,30,5,2,2255,16733,0,26.713436807095345,0.0,0
Kothrud,Hadapsar,22,30,5,0,2013,15620,0,27.934426229508194,0.0,1
Kothrud,Hadapsar,22,30,5,1,2241,18779,0,30.167068273092365,0.0,0
Kothrud,Hadapsar,22,30,5,2,2168,16733,0,27.785424354243542,0.0,0
Kothrud,Hadapsar,23,30,5,0,2013,15620,0,27.934426229508194,0.0,1
Kothrud,Hadapsar,23,30,5,1,2241,18779,0,30.167068273092365,0.0,0
Kothrud,Hadapsar,23,30,5,2,2168,16733,0,27.785424354243542,0.0,0
Kothrud,Hadapsar,6,30,6,0,2120,15611,0,26.509245283018867,0.0,1
Kothrud,Hadapsar,6,30,6,1,2362,18779,0,28.621676545300595,0.0,0
Kothrud,Hadapsar,6,30,6,2,2370,16978,0,25.789367088607598,0.0,0
Kothrud,Hadapsar,7,30,6,0,2425,15620,0,23.18845360824742,0.0,1
Kothrud,Hadapsar,7,30,6,1,2814,19286,0,24.672921108742006,0.0,0
Kothrud,Hadapsar,7,30,6,2,2619,16977,0,23.336082474226803,0.0,0
Kothrud,Hadapsar,8,30,6,0,2690,15201,0,20.343345724907063,0.0,1
Kothrud,Hadapsar,8,30,6,1,3116,19286,0,22.281643132220797,0.0,0
Kothrud,Hadapsar,8,30,6,2,2828,16895,0,21.507072135785005,0.0,0
Kothrud,Hadapsar,9,30,6,0,2876,15201,0,19.02767732962448,0.0,1
Kothrud,Hadapsar,9,30,6,1,3272,19286,0,21.219315403422986,0.0,0
Kothrud,Hadapsar,9,30,6,2,3103,17271,0,20.037254270061233,0.0,0
Kothrud,Hadapsar,10,30,6,0,3079,15494,0,18.115751867489443,0.0,1
Kothrud,Hadapsar,10,30,6,1,3146,16521,0,18.905149396058487,0.0,0
Kothrud,Hadapsar,10,30,6,2,3470,19286,0,20.008530259365994,0.0,0
Kothrud,Hadapsar,11,30,6,0,3199,15494,0,17.43619881212879,0.0,1
Kothrud,Hadapsar,11,30,6,1,3277,16521,0,18.149404943545928,0.0,0
Kothrud,Hadapsar,11,30,6,2,3555,19286,0,19.53012658227848,0.0,0
Kothrud,Hadapsar,12,30,6,0,3142,15494,0,17.75251432208784,0.0,1
Kothrud,Hadapsar,12,30,6,1,3432,19286,0,20.23006993006993,0.0,0
Kothrud,Hadapsar,12,30,6,2,3230,16521,0,18.413498452012384,0.0,0
Kothrud,Hadapsar,13,30,6,0,2965,15225,0,18.485666104553122,0.0,1
Kothrud,Hadapsar,13,30,6,1,3185,18779,0,21.225871271585557,0.0,0
Kothrud,Hadapsar,13,30,6,2,3171,16765,0,19.033112582781456,0.0,0
Kothrud,Hadapsar,14,30,6,0,2847,15494,0,19.59199157007376,0.0,1
Kothrud,Hadapsar,14,30,6,1,3189,19286,0,21.771589840075258,0.0,0
Kothrud,Hadapsar,14,30,6,2,3089,16521,0,19.25399805762383,0.0,0
Kothrud,Hadapsar,15,30,6,0,2868,15451,0,19.39456066945607,0.0,1
Kothrud,Hadapsar,15,30,6,1,3302,19286,0,21.026529376135677,0.0,0
Kothrud,Hadapsar,15,30,6,2,3138,16521,0,18.953346080305927,0.0,0
Kothrud,Hadapsar,16,30,6,0,3089,15451,0,18.00699255422467,0.0,1
Kothrud,Hadapsar,16,30,6,1,3309,16521,0,17.97388939256573,0.0,0
Kothrud,Hadapsar,16,30,6,2,3636,19286,0,19.095049504950495,0.0,0
Kothrud,Hadapsar,17,30,6,0,3314,15451,0,16.784429692214847,0.0,1
Kothrud,Hadapsar,17,30,6,1,3452,16521,0,17.22931633835458,0.0,0
Kothrud,Hadapsar,17,30,6,2,3955,19286,0,17.55489254108723,0.0,0
Kothrud,Hadapsar,18,30,6,0,3341,15201,0,16.379407363064953,0.0,1
Kothrud,Hadapsar,18,30,6,1,3544,17428,0,17.703386004514673,0.0,0
Kothrud,Hadapsar,18,30,6,2,4009,19597,0,17.59770516338239,0.0,0
Kothrud,Hadapsar,19,30,6,0,3036,15201,0,18.02490118577075,0.0,1
Kothrud,Hadapsar,19,30,6,1,3401,19286,0,20.414466333431346,0.0,0
Kothrud,Hadapsar,19,30,6,2,3141,16559,0,18.978796561604586,0.0,0
Kothrud,Hadapsar,20,30,6,0,2616,15620,0,21.495412844036696,0.0,1
Kothrud,Hadapsar,20,30,6,1,2869,19286,0,24.19993028929941,0.0,0
Kothrud,Hadapsar,20,30,6,2,2759,16977,0,22.1519391083726,0.0,0
Kothrud,Hadapsar,21,30,6,0,2110,15620,0,26.650236966824643,0.0,1
Kothrud,Hadapsar,21,30,6,1,2321,18779,0,29.12727272727273,0.0,0
Kothrud,Hadapsar,21,30,6,2,2321,16978,0,26.333821628608362,0.0,0
Kothrud,Hadapsar,22,30,6,0,2013,15620,0,27.934426229508194,0.0,1
Kothrud,Hadapsar,22,30,6,1,2241,18779,0,30.167068273092365,0.0,0
Kothrud,Hadapsar,22,30,6,2,2168,16733,0,27.785424354243542,0.0,0
Kothrud,Hadapsar,23,30,6,0,2013,15620,0,27.934426229508194,0.0,1
Kothrud,Hadapsar,23,30,6,1,2241,18779,0,30.167068273092365,0.0,0
Kothrud,Hadapsar,23,30,6,2,2168,16733,0,27.785424354243542,0.0,0
Kothrud,University,6,30,0,0,1109,8057,0,26.154373309287646,0.0,1
Kothrud,University,6,30,0,1,1384,9741,0,25.3378612716763,0.0,0
Kothrud,University,6,30,0,2,1688,13620,0,29.047393364928908,0.0,0
Kothrud,University,7,30,0,0,1237,8057,0,23.4480194017785,0.0,1
Kothrud,University,7,30,0,1,1475,9546,0,23.29871186440678,0.0,0
Kothrud,University,7,30,0,2,1795,13620,0,27.315877437325902,0.0,0
Kothrud,University,8,30,0,0,1392,8057,0,20.837068965517243,0.0,1
Kothrud,University,8,30,0,1,1657,9546,0,20.739649969824985,0.0,0
Kothrud,University,8,30,0,2,1917,13599,0,25.538028169014087,0.0,0
Kothrud,University,9,30,0,0,1471,8057,0,19.718014955812375,0.0,1
Kothrud,University,9,30,0,1,1759,9546,0,19.537009664582147,0.0,0
Kothrud,University,9,30,0,2,1967,13599,0,24.888866293848498,0.0,0
Kothrud,University,10,30,0,0,1547,8057,0,18.749321266968327,0.0,1
Kothrud,University,10,30,0,1,2015,13599,0,24.295980148883373,0.0,0
Kothrud,University,10,30,0,2,1882,9526,0,18.221891604675875,0.0,0
Kothrud,University,11,30,0,0,1592,8057,0,18.219346733668342,0.0,1
Kothrud,University,11,30,0,1,2051,13599,0,23.869527059970746,0.0,0
Kothrud,University,11,30,0,2,2061,9654,0,16.862882096069868,0.0,0
Kothrud,University,12,30,0,0,1562,8057,0,18.569270166453265,0.0,1
Kothrud,University,12,30,0,1,2053,13620,0,23.88309790550414,0.0,0
Kothrud,University,12,30,0,2,2022,9675,0,17.22551928783383,0.0,0
Kothrud,University,13,30,0,0,1477,8057,0,19.637914691943127,0.0,1
Kothrud,University,13,30,0,1,1939,13620,0,25.287261474987105,0.0,0
Kothrud,University,13,30,0,2,1952,9675,0,17.84323770491803,0.0,0
Kothrud,University,14,30,0,0,1428,8057,0,20.311764705882354,0.0,1
Kothrud,University,14,30,0,1,1864,13620,0,26.304721030042916,0.0,0
Kothrud,University,14,30,0,2,1825,9546,0,18.830465753424658,0.0,0
Kothrud,University,15,30,0,0,1429,8057,0,20.297550734779566,0.0,1
Kothrud,University,15,30,0,1,1863,13620,0,26.318840579710145,0.0,0
Kothrud,University,15,30,0,2,1833,9546,0,18.748281505728315,0.0,0
Kothrud,University,16,30,0,0,1528,8057,0,18.982460732984293,0.0,1
Kothrud,University,16,30,0,1,1950,13599,0,25.105846153846155,0.0,0
Kothrud,University,16,30,0,2,1945,9546,0,17.668688946015426,0.0,0
Kothrud,University,17,30,0,0,1639,7979,0,17.52556436851739,0.0,1
Kothrud,University,17,30,0,1,2067,13599,0,23.68476052249637,0.0,0
Kothrud,University,17,30,0,2,2075,9551,0,16.570409638554217,0.0,0
Kothrud,University,18,30,0,0,1670,7979,0,17.200239520958082,0.0,1
Kothrud,University,18,30,0,1,2144,13599,0,22.83414179104478,0.0,0
Kothrud,University,18,30,0,2,2146,9680,0,16.2385834109972,0.0,0
Kothrud,University,19,30,0,0,1562,8057,0,18.569270166453265,0.0,1
Kothrud,University,19,30,0,1,1957,9675,0,17.797649463464488,0.0,0
Kothrud,University,19,30,0,2,2115,13599,0,23.14723404255319,0.0,0
Kothrud,University,20,30,0,0,1344,8057,0,21.58125,0.0,1
Kothrud,University,20,30,0,1,1693,9741,0,20.713290017720023,0.0,0
Kothrud,University,20,30,0,2,1931,13620,0,25.39202485758674,0.0,0
Kothrud,University,21,30,0,0,1132,8057,0,25.622968197879857,0.0,1
Kothrud,University,21,30,0,1,1409,9741,0,24.888289567068842,0.0,0
Kothrud,University,21,30,0,2,1707,13620,0,28.724077328646747,0.0,0
Kothrud,University,22,30,0,0,1066,8057,0,27.209380863039403,0.0,1
Kothrud,University,22,30,0,1,1326,9741,0,26.446153846153845,0.0,0
Kothrud,University,22,30,0,2,1643,13620,0,29.842970176506388,0.0,0
Kothrud,University,23,30,0,0,1066,8057,0,27.209380863039403,0.0,1
Kothrud,University,23,30,0,1,1326,9741,0,26.446153846153845,0.0,0
Kothrud,University,23,30,0,2,1643,13620,0,29.842970176506388,0.0,0
Kothrud,University,6,30,1,0,1099,8057,0,26.392356687898094,0.0,1
Kothrud,University,6,30,1,1,1373,9741,0,25.540859431900945,0.0,0
Kothrud,University,6,30,1,2,1679,13620,0,29.203097081596184,0.0,0
Kothrud,University,7,30,1,0,1216,8057,0,23.85296052631579,0.0,1
Kothrud,University,7,30,1,1,1447,9546,0,23.74955079474775,0.0,0
Kothrud,University,7,30,1,2,1774,13620,0,27.63923337091319,0.0,0
Kothrud,University,8,30,1,0,1380,8057,0,21.018260869565218,0.0,1
Kothrud,University,8,30,1,1,1632,9546,0,21.05735294117647,0.0,0
Kothrud,University,8,30,1,2,1895,13599,0,25.834511873350923,0.0,0
Kothrud,University,9,30,1,0,1463,8057,0,19.825837320574163,0.0,1
Kothrud,University,9,30,1,1,1743,9546,0,19.716351118760755,0.0,0
Kothrud,University,9,30,1,2,1936,13599,0,25.287396694214877,0.0,0
Kothrud,University,10,30,1,0,1544,8057,0,18.785751295336787,0.0,1
Kothrud,University,10,30,1,1,1978,13599,0,24.750455005055613,0.0,0
Kothrud,University,10,30,1,2,1866,9546,0,18.416720257234726,0.0,0
Kothrud,University,11,30,1,0,1598,8057,0,18.150938673341678,0.0,1
Kothrud,University,11,30,1,1,2021,13599,0,24.22384957941613,0.0,0
Kothrud,University,11,30,1,2,2048,9675,0,17.0068359375,0.0,0
Kothrud,University,12,30,1,0,1575,8057,0,18.416,0.0,1
Kothrud,University,12,30,1,1,2032,13620,0,24.12992125984252,0.0,0
Kothrud,University,12,30,1,2,2018,9675,0,17.25966303270565,0.0,0
Kothrud,University,13,30,1,0,1484,8057,0,19.545283018867927,0.0,1
Kothrud,University,13,30,1,1,1940,13620,0,25.27422680412371,0.0,0
Kothrud,University,13,30,1,2,1936,9675,0,17.990702479338843,0.0,0
Kothrud,University,14,30,1,0,1416,8057,0,20.483898305084747,0.0,1
Kothrud,University,14,30,1,1,1865,13620,0,26.29061662198391,0.0,0
Kothrud,University,14,30,1,2,1891,9741,0,18.544473823373878,0.0,0
Kothrud,University,15,30,1,0,1421,8057,0,20.411822660098526,0.0,1
Kothrud,University,15,30,1,1,1868,13620,0,26.248394004282655,0.0,0
Kothrud,University,15,30,1,2,1823,9546,0,18.85112452002194,0.0,0
Kothrud,University,16,30,1,0,1534,8057,0,18.908213820078227,0.0,1
Kothrud,University,16,30,1,1,1974,13620,0,24.838905775075986,0.0,0
Kothrud,University,16,30,1,2,1946,9546,0,17.659609455292905,0.0,0
Kothrud,University,17,30,1,0,1677,8057,0,17.295885509839,0.0,1
Kothrud,University,17,30,1,1,2090,13599,0,23.424114832535885,0.0,0
Kothrud,University,17,30,1,2,2083,9551,0,16.50676908305329,0.0,0
Kothrud,University,18,30,1,0,1702,7979,0,16.876850763807283,0.0,1
Kothrud,University,18,30,1,1,2155,13599,0,22.717587006960557,0.0,0
Kothrud,University,18,30,1,2,2171,9680,0,16.05158912943344,0.0,0
Kothrud,University,19,30,1,0,1589,8057,0,18.253744493392073,0.0,1
Kothrud,University,19,30,1,1,1988,9675,0,17.52012072434608,0.0,0
Kothrud,University,19,30,1,2,2108,13599,0,23.224098671726754,0.0,0
Kothrud,University,20,30,1,0,1361,8057,0,21.311682586333582,0.0,1
Kothrud,University,20,30,1,1,1709,9741,0,20.5193680514921,0.0,0
Kothrud,University,20,30,1,2,1926,13620,0,25.457943925233643,0.0,0
Kothrud,University,21,30,1,0,1134,8057,0,25.57777777777778,0.0,1
Kothrud,University,21,30,1,1,1409,9741,0,24.888289567068842,0.0,0
Kothrud,University,21,30,1,2,1705,13620,0,28.757771260997067,0.0,0
Kothrud,University,22,30,1,0,1066,8057,0,27.209380863039403,0.0,1
Kothrud,University,22,30,1,1,1326,9741,0,26.446153846153845,0.0,0
Kothrud,University,22,30,1,2,1643,13620,0,29.842970176506388,0.0,0
Kothrud,University,23,30,1,0,1066,8057,0,27.209380863039403,0.0,1
Kothrud,University,23,30,1,1,1326,9741,0,26.446153846153845,0.0,0
Kothrud,University,23,30,1,2,1643,13620,0,29.842970176506388,0.0,0
Kothrud,University,6,30,2,0,1100,8057,0,26.368363636363636,0.0,1
Kothrud,University,6,30,2,1,1374,9741,0,25.522270742358078,0.0,0
Kothrud,University,6,30,2,2,1679,13620,0,29.203097081596184,0.0,0
Kothrud,University,7,30,2,0,1217,8057,0,23.833360723089566,0.0,1
Kothrud,University,7,30,2,1,1454,9546,0,23.635213204951853,0.0,0
Kothrud,University,7,30,2,2,1775,13599,0,27.58107042253521,0.0,0
Kothrud,University,8,30,2,0,1368,8057,0,21.20263157894737,0.0,1
Kothrud,University,8,30,2,1,1633,9546,0,21.044458052663806,0.0,0
Kothrud,University,8,30,2,2,1890,13599,0,25.902857142857144,0.0,0
Kothrud,University,9,30,2,0,1445,8057,0,20.07280276816609,0.0,1
Kothrud,University,9,30,2,1,1741,9546,0,19.739000574382537,0.0,0
Kothrud,University,9,30,2,2,1938,13599,0,25.261300309597523,0.0,0
Kothrud,University,10,30,2,0,1525,8057,0,19.019803278688524,0.0,1
Kothrud,University,10,30,2,1,1984,13599,0,24.675604838709678,0.0,0
Kothrud,University,10,30,2,2,1869,9526,0,18.34863563402889,0.0,0
Kothrud,University,11,30,2,0,1579,8057,0,18.369347688410386,0.0,1
Kothrud,University,11,30,2,1,2030,13599,0,24.116453201970444,0.0,0
Kothrud,University,11,30,2,2,1962,9526,0,17.478899082568805,0.0,0
Kothrud,University,12,30,2,0,1562,8057,0,18.569270166453265,0.0,1
Kothrud,University,12,30,2,1,2032,13599,0,24.092716535433073,0.0,0
Kothrud,University,12,30,2,2,2022,9675,0,17.22551928783383,0.0,0
Kothrud,University,13,30,2,0,1486,8057,0,19.518977119784658,0.0,1
Kothrud,University,13,30,2,1,1956,13620,0,25.067484662576685,0.0,0
Kothrud,University,13,30,2,2,1941,9675,0,17.94435857805255,0.0,0
Kothrud,University,14,30,2,0,1447,8057,0,20.045058742225294,0.0,1
Kothrud,University,14,30,2,1,1889,13620,0,25.95659078877713,0.0,0
Kothrud,University,14,30,2,2,1915,9741,0,18.31206266318538,0.0,0
Kothrud,University,15,30,2,0,1459,8057,0,19.88019191226868,0.0,1
Kothrud,University,15,30,2,1,1899,13620,0,25.819905213270143,0.0,0
Kothrud,University,15,30,2,2,1944,9741,0,18.038888888888888,0.0,0
Kothrud,University,16,30,2,0,1554,8057,0,18.664864864864867,0.0,1
Kothrud,University,16,30,2,1,1987,13599,0,24.63834927025667,0.0,0
Kothrud,University,16,30,2,2,1974,9546,0,17.409118541033433,0.0,0
Kothrud,University,17,30,2,0,1664,8036,0,17.385576923076922,0.0,1
Kothrud,University,17,30,2,1,2110,13599,0,23.202085308056873,0.0,0
Kothrud,University,17,30,2,2,2084,9551,0,16.498848368522072,0.0,0
Kothrud,University,18,30,2,0,1670,7958,0,17.154970059880238,0.0,1
Kothrud,University,18,30,2,1,2181,13599,0,22.446767537826684,0.0,0
Kothrud,University,18,30,2,2,2072,9551,0,16.594401544401542,0.0,0
Kothrud,University,19,30,2,0,1565,8057,0,18.533674121405753,0.0,1
Kothrud,University,19,30,2,1,1890,9546,0,18.18285714285714,0.0,0
Kothrud,University,19,30,2,2,2130,13599,0,22.984225352112677,0.0,0
Kothrud,University,20,30,2,0,1351,8057,0,21.46943005181347,0.0,1
Kothrud,University,20,30,2,1,1616,9546,0,21.265841584158416,0.0,0
Kothrud,University,20,30,2,2,1940,13620,0,25.27422680412371,0.0,0
Kothrud,University,21,30,2,0,1133,8057,0,25.60035304501324,0.0,1
Kothrud,University,21,30,2,1,1410,9741,0,24.87063829787234,0.0,0
Kothrud,University,21,30,2,2,1709,13620,0,28.690462258630777,0.0,0
Kothrud,University,22,30,2,0,1066,8057,0,27.209380863039403,0.0,1
Kothrud,University,22,30,2,1,1326,9741,0,26.446153846153845,0.0,0
Kothrud,University,22,30,2,2,1643,13620,0,29.842970176506388,0.0,0
Kothrud,University,23,30,2,0,1066,8057,0,27.209380863039403,0.0,1
Kothrud,University,23,30,2,1,1326,9741,0,26.446153846153845,0.0,0
Kothrud,University,23,30,2,2,1643,13620,0,29.842970176506388,0.0,0
Kothrud,University,6,30,3,0,1093,8057,0,26.537236962488564,0.0,1
Kothrud,University,6,30,3,1,1365,9741,0,25.69054945054945,0.0,0
Kothrud,University,6,30,3,2,1678,13620,0,29.220500595947556,0.0,0
Kothrud,University,7,30,3,0,1154,8057,0,25.134488734835358,0.0,1
Kothrud,University,7,30,3,1,1388,9546,0,24.75907780979827,0.0,0
Kothrud,University,7,30,3,2,1734,13620,0,28.276816608996537,0.0,0
Kothrud,University,8,30,3,0,1248,8057,0,23.241346153846155,0.0,1
Kothrud,University,8,30,3,1,1526,9546,0,22.52005242463958,0.0,0
Kothrud,University,8,30,3,2,1827,13620,0,26.83743842364532,0.0,0
Kothrud,University,9,30,3,0,1326,8057,0,21.87420814479638,0.0,1
Kothrud,University,9,30,3,1,1642,9546,0,20.929110840438486,0.0,0
Kothrud,University,9,30,3,2,1889,13620,0,25.95659078877713,0.0,0
Kothrud,University,10,30,3,0,1416,8057,0,20.483898305084747,0.0,1
Kothrud,University,10,30,3,1,1778,9546,0,19.328233970753654,0.0,0
Kothrud,University,10,30,3,2,1956,13599,0,25.02883435582822,0.0,0
Kothrud,University,11,30,3,0,1516,8057,0,19.132717678100263,0.0,1
Kothrud,University,11,30,3,1,2029,13620,0,24.165598817151306,0.0,0
Kothrud,University,11,30,3,2,1920,9546,0,17.89875,0.0,0
Kothrud,University,12,30,3,0,1558,8057,0,18.61694480102696,0.0,1
Kothrud,University,12,30,3,1,2053,13620,0,23.88309790550414,0.0,0
Kothrud,University,12,30,3,2,1971,9546,0,17.435616438356163,0.0,0
Kothrud,University,13,30,3,0,1561,8057,0,18.581165919282512,0.0,1
Kothrud,University,13,30,3,1,2022,13599,0,24.21186943620178,0.0,0
Kothrud,University,13,30,3,2,1970,9546,0,17.444467005076138,0.0,0
Kothrud,University,14,30,3,0,1560,8057,0,18.593076923076925,0.0,1
Kothrud,University,14,30,3,1,1991,13599,0,24.588849824208943,0.0,0
Kothrud,University,14,30,3,2,1972,9546,0,17.42677484787018,0.0,0
Kothrud,University,15,30,3,0,1573,8057,0,18.43941513032422,0.0,1
Kothrud,University,15,30,3,1,1991,13599,0,24.588849824208943,0.0,0
Kothrud,University,15,30,3,2,1983,9546,0,17.330105900151285,0.0,0
Kothrud,University,16,30,3,0,1624,8057,0,17.860344827586207,0.0,1
Kothrud,University,16,30,3,1,2038,13599,0,24.021786064769383,0.0,0
Kothrud,University,16,30,3,2,2042,9546,0,16.829382957884427,0.0,0
Kothrud,University,17,30,3,0,1664,8057,0,17.431009615384617,0.0,1
Kothrud,University,17,30,3,1,2091,13599,0,23.412912482065998,0.0,0
Kothrud,University,17,30,3,2,2077,9546,0,16.54578719306692,0.0,0
Kothrud,University,18,30,3,0,1626,8057,0,17.83837638376384,0.0,1
Kothrud,University,18,30,3,1,2114,13599,0,23.15818353831599,0.0,0
Kothrud,University,18,30,3,2,2105,9675,0,16.546318289786225,0.0,0
Kothrud,University,19,30,3,0,1507,8057,0,19.24698075646981,0.0,1
Kothrud,University,19,30,3,1,1910,9675,0,18.23560209424084,0.0,0
Kothrud,University,19,30,3,2,2071,13599,0,23.639014968614198,0.0,0
Kothrud,University,20,30,3,0,1348,8057,0,21.517210682492582,0.0,1
Kothrud,University,20,30,3,1,1620,9546,0,21.21333333333333,0.0,0
Kothrud,University,20,30,3,2,1930,13620,0,25.405181347150258,0.0,0
Kothrud,University,21,30,3,0,1137,8057,0,25.510290237467018,0.0,1
Kothrud,University,21,30,3,1,1416,9741,0,24.765254237288136,0.0,0
Kothrud,University,21,30,3,2,1711,13620,0,28.656925774400932,0.0,0
Kothrud,University,22,30,3,0,1066,8057,0,27.209380863039403,0.0,1
Kothrud,University,22,30,3,1,1326,9741,0,26.446153846153845,0.0,0
Kothrud,University,22,30,3,2,1642,13620,0,29.86114494518879,0.0,0
Kothrud,University,23,30,3,0,1066,8057,0,27.209380863039403,0.0,1
Kothrud,University,23,30,3,1,1326,9741,0,26.446153846153845,0.0,0
Kothrud,University,23,30,3,2,1642,13620,0,29.86114494518879,0.0,0
Kothrud,University,6,30,4,0,1086,8057,0,26.70828729281768,0.0,1
Kothrud,University,6,30,4,1,1354,9741,0,25.899261447562775,0.0,0
Kothrud,University,6,30,4,2,1670,13620,0,29.360479041916165,0.0,0
Kothrud,University,7,30,4,0,1129,8057,0,25.691054030115147,0.0,1
Kothrud,University,7,30,4,1,1349,9546,0,25.47487027427724,0.0,0
Kothrud,University,7,30,4,2,1708,13620,0,28.70725995316159,0.0,0
Kothrud,University,8,30,4,0,1185,8057,0,24.476962025316457,0.0,1
Kothrud,University,8,30,4,1,1419,9546,0,24.218181818181815,0.0,0
Kothrud,University,8,30,4,2,1753,13620,0,27.97033656588705,0.0,0
Kothrud,University,9,30,4,0,1220,8057,0,23.774754098360656,0.0,1
Kothrud,University,9,30,4,1,1465,9546,0,23.457747440273035,0.0,0
Kothrud,University,9,30,4,2,1786,13620,0,27.4535274356103,0.0,0
Kothrud,University,10,30,4,0,1266,8057,0,22.910900473933648,0.0,1
Kothrud,University,10,30,4,1,1539,9546,0,22.32982456140351,0.0,0
Kothrud,University,10,30,4,2,1826,13620,0,26.852135815991236,0.0,0
Kothrud,University,11,30,4,0,1326,8057,0,21.87420814479638,0.0,1
Kothrud,University,11,30,4,1,1629,9546,0,21.09613259668508,0.0,0
Kothrud,University,11,30,4,2,1871,13620,0,26.206306787814004,0.0,0
Kothrud,University,12,30,4,0,1352,8057,0,21.45355029585799,0.0,1
Kothrud,University,12,30,4,1,1676,9546,0,20.50453460620525,0.0,0
Kothrud,University,12,30,4,2,1888,13620,0,25.970338983050844,0.0,0
Kothrud,University,13,30,4,0,1355,8057,0,21.406051660516606,0.0,1
Kothrud,University,13,30,4,1,1682,9546,0,20.431391200951246,0.0,0
Kothrud,University,13,30,4,2,1870,13620,0,26.22032085561497,0.0,0
Kothrud,University,14,30,4,0,1349,8057,0,21.50126019273536,0.0,1
Kothrud,University,14,30,4,1,1845,13620,0,26.575609756097563,0.0,0
Kothrud,University,14,30,4,2,1778,9675,0,19.589426321709787,0.0,0
Kothrud,University,15,30,4,0,1358,8057,0,21.358762886597937,0.0,1
Kothrud,University,15,30,4,1,1846,13620,0,26.56121343445287,0.0,0
Kothrud,University,15,30,4,2,1796,9675,0,19.393095768374167,0.0,0
Kothrud,University,16,30,4,0,1398,8057,0,20.747639484978542,0.0,1
Kothrud,University,16,30,4,1,1880,13620,0,26.080851063829783,0.0,0
Kothrud,University,16,30,4,2,1765,9546,0,19.470594900849857,0.0,0
Kothrud,University,17,30,4,0,1441,8057,0,20.12852185981957,0.0,1
Kothrud,University,17,30,4,1,1917,13620,0,25.577464788732396,0.0,0
Kothrud,University,17,30,4,2,1844,9546,0,18.63644251626898,0.0,0
Kothrud,University,18,30,4,0,1447,8057,0,20.045058742225294,0.0,1
Kothrud,University,18,30,4,1,1938,13620,0,25.300309597523217,0.0,0
Kothrud,University,18,30,4,2,1861,9546,0,18.466200967221923,0.0,0
Kothrud,University,19,30,4,0,1389,8057,0,20.88207343412527,0.0,1
Kothrud,University,19,30,4,1,1732,9546,0,19.841570438799074,0.0,0
Kothrud,University,19,30,4,2,1919,13620,0,25.550807712350185,0.0,0
Kothrud,University,20,30,4,0,1283,8057,0,22.607326578332035,0.0,1
Kothrud,University,20,30,4,1,1554,9546,0,22.114285714285714,0.0,0
Kothrud,University,20,30,4,2,1836,13620,0,26.705882352941174,0.0,0
Kothrud,University,21,30,4,0,1123,8057,0,25.828317008014245,0.0,1
Kothrud,University,21,30,4,1,1404,9741,0,24.976923076923075,0.0,0
Kothrud,University,21,30,4,2,1691,13620,0,28.99586043761088,0.0,0
Kothrud,University,22,30,4,0,1066,8057,0,27.209380863039403,0.0,1
Kothrud,University,22,30,4,1,1326,9741,0,26.446153846153845,0.0,0
Kothrud,University,22,30,4,2,1642,13620,0,29.86114494518879,0.0,0
Kothrud,University,23,30,4,0,1066,8057,0,27.209380863039403,0.0,1
Kothrud,University,23,30,4,1,1326,9741,0,26.446153846153845,0.0,0
Kothrud,University,23,30,4,2,1642,13620,0,29.86114494518879,0.0,0
Kothrud,University,6,30,5,0,1108,8057,0,26.177978339350183,0.0,1
Kothrud,University,6,30,5,1,1383,9741,0,25.356182212581345,0.0,0
Kothrud,University,6,30,5,2,1697,13520,0,28.681202121390687,0.0,0
Kothrud,University,7,30,5,0,1227,8057,0,23.63911980440098,0.0,1
Kothrud,University,7,30,5,1,1467,9546,0,23.425766871165646,0.0,0
Kothrud,University,7,30,5,2,1789,13620,0,27.40749021799888,0.0,0
Kothrud,University,8,30,5,0,1379,8057,0,21.03350253807107,0.0,1
Kothrud,University,8,30,5,1,1645,9546,0,20.89094224924012,0.0,0
Kothrud,University,8,30,5,2,1905,13599,0,25.698897637795277,0.0,0
Kothrud,University,9,30,5,0,1459,8057,0,19.88019191226868,0.0,1
Kothrud,University,9,30,5,1,1735,9546,0,19.807262247838615,0.0,0
Kothrud,University,9,30,5,2,1949,13599,0,25.11872755259107,0.0,0
Kothrud,University,10,30,5,0,1533,8057,0,18.92054794520548,0.0,1
Kothrud,University,10,30,5,1,1990,13599,0,24.601206030150752,0.0,0
Kothrud,University,10,30,5,2,1935,9654,0,17.96093023255814,0.0,0
Kothrud,University,11,30,5,0,1579,8057,0,18.369347688410386,0.0,1
Kothrud,University,11,30,5,1,2025,13599,0,24.176000000000002,0.0,0
Kothrud,University,11,30,5,2,1991,9675,0,17.493721747865397,0.0,0
Kothrud,University,12,30,5,0,1551,8057,0,18.700967117988395,0.0,1
Kothrud,University,12,30,5,1,2031,13620,0,24.14180206794682,0.0,0
Kothrud,University,12,30,5,2,1962,9675,0,17.75229357798165,0.0,0
Kothrud,University,13,30,5,0,1471,8057,0,19.718014955812375,0.0,1
Kothrud,University,13,30,5,1,1932,13620,0,25.37888198757764,0.0,0
Kothrud,University,13,30,5,2,1891,9675,0,18.418826017979907,0.0,0
Kothrud,University,14,30,5,0,1415,8057,0,20.498374558303887,0.0,1
Kothrud,University,14,30,5,1,1860,13620,0,26.36129032258064,0.0,0
Kothrud,University,14,30,5,2,1856,9741,0,18.89418103448276,0.0,0
Kothrud,University,15,30,5,0,1417,8057,0,20.469442484121384,0.0,1
Kothrud,University,15,30,5,1,1857,13620,0,26.403877221324713,0.0,0
Kothrud,University,15,30,5,2,1884,9741,0,18.613375796178342,0.0,0
Kothrud,University,16,30,5,0,1516,8057,0,19.132717678100263,0.0,1
Kothrud,University,16,30,5,1,1941,13599,0,25.22225656877898,0.0,0
Kothrud,University,16,30,5,2,1909,9546,0,18.00188580408591,0.0,0
Kothrud,University,17,30,5,0,1645,8057,0,17.632340425531915,0.0,1
Kothrud,University,17,30,5,1,2048,13599,0,23.9044921875,0.0,0
Kothrud,University,17,30,5,2,2141,9680,0,16.276506305464736,0.0,0
Kothrud,University,18,30,5,0,1675,7979,0,17.14889552238806,0.0,1
Kothrud,University,18,30,5,1,2114,13599,0,23.15818353831599,0.0,0
Kothrud,University,18,30,5,2,2122,9680,0,16.42224316682375,0.0,0
Kothrud,University,19,30,5,0,1568,8057,0,18.498214285714287,0.0,1
Kothrud,University,19,30,5,1,1913,9675,0,18.20700470465238,0.0,0
Kothrud,University,19,30,5,2,2091,13599,0,23.412912482065998,0.0,0
Kothrud,University,20,30,5,0,1349,8057,0,21.50126019273536,0.0,1
Kothrud,University,20,30,5,1,1671,9741,0,20.985996409335726,0.0,0
Kothrud,University,20,30,5,2,1926,13620,0,25.457943925233643,0.0,0
Kothrud,University,21,30,5,0,1133,8057,0,25.60035304501324,0.0,1
Kothrud,University,21,30,5,1,1405,9741,0,24.95914590747331,0.0,0
Kothrud,University,21,30,5,2,1708,13620,0,28.70725995316159,0.0,0
Kothrud,University,22,30,5,0,1066,8057,0,27.209380863039403,0.0,1
Kothrud,University,22,30,5,1,1326,9741,0,26.446153846153845,0.0,0
Kothrud,University,22,30,5,2,1643,13620,0,29.842970176506388,0.0,0
Kothrud,University,23,30,5,0,1066,8057,0,27.209380863039403,0.0,1
Kothrud,University,23,30,5,1,1326,9741,0,26.446153846153845,0.0,0
Kothrud,University,23,30,5,2,1643,13620,0,29.842970176506388,0.0,0
Kothrud,University,6,30,6,0,1105,8057,0,26.249049773755655,0.0,1
Kothrud,University,6,30,6,1,1379,9741,0,25.429731689630167,0.0,0
Kothrud,University,6,30,6,2,1684,13620,0,29.116389548693583,0.0,0
Kothrud,University,7,30,6,0,1233,8057,0,23.524087591240875,0.0,1
Kothrud,University,7,30,6,1,1475,9546,0,23.29871186440678,0.0,0
Kothrud,University,7,30,6,2,1802,13599,0,27.167813540510547,0.0,0
Kothrud,University,8,30,6,0,1403,8057,0,20.673699215965787,0.0,1
Kothrud,University,8,30,6,1,1671,9546,0,20.56588868940754,0.0,0
Kothrud,University,8,30,6,2,1942,13599,0,25.209268795056644,0.0,0
Kothrud,University,9,30,6,0,1496,8057,0,19.388502673796793,0.0,1
Kothrud,University,9,30,6,1,1783,9546,0,19.274032529444757,0.0,0
Kothrud,University,9,30,6,2,1996,13599,0,24.52725450901804,0.0,0
Kothrud,University,10,30,6,0,1582,8057,0,18.334513274336285,0.0,1
Kothrud,University,10,30,6,1,2048,13599,0,23.9044921875,0.0,0
Kothrud,University,10,30,6,2,1907,9526,0,17.98300996329313,0.0,0
Kothrud,University,11,30,6,0,1623,8057,0,17.871349353049908,0.0,1
Kothrud,University,11,30,6,1,2080,13599,0,23.536730769230772,0.0,0
Kothrud,University,11,30,6,2,1987,9526,0,17.258983392048314,0.0,0
Kothrud,University,12,30,6,0,1576,8057,0,18.404314720812184,0.0,1
Kothrud,University,12,30,6,1,2057,13599,0,23.799902771025767,0.0,0
Kothrud,University,12,30,6,2,2028,9675,0,17.174556213017752,0.0,0
Kothrud,University,13,30,6,0,1487,8057,0,19.505850706119706,0.0,1
Kothrud,University,13,30,6,1,1943,13620,0,25.23520329387545,0.0,0
Kothrud,University,13,30,6,2,1934,9741,0,18.132161323681487,0.0,0
Kothrud,University,14,30,6,0,1442,8057,0,20.11456310679612,0.0,1
Kothrud,University,14,30,6,1,1871,13620,0,26.206306787814004,0.0,0
Kothrud,University,14,30,6,2,1895,9741,0,18.50532981530343,0.0,0
Kothrud,University,15,30,6,0,1454,8057,0,19.948555708390646,0.0,1
Kothrud,University,15,30,6,1,1890,13620,0,25.94285714285714,0.0,0
Kothrud,University,15,30,6,2,1842,9546,0,18.656677524429963,0.0,0
Kothrud,University,16,30,6,0,1560,8057,0,18.593076923076925,0.0,1
Kothrud,University,16,30,6,1,2010,13620,0,24.394029850746268,0.0,0
Kothrud,University,16,30,6,2,1970,9546,0,17.444467005076138,0.0,0
Kothrud,University,17,30,6,0,1677,7979,0,17.12844364937388,0.0,1
Kothrud,University,17,30,6,1,2138,13599,0,22.89822263797942,0.0,0
Kothrud,University,17,30,6,2,2100,9572,0,16.409142857142854,0.0,0
Kothrud,University,18,30,6,0,1702,7979,0,16.876850763807283,0.0,1
Kothrud,University,18,30,6,1,2208,13599,0,22.172282608695653,0.0,0
Kothrud,University,18,30,6,2,2197,9680,0,15.861629494765587,0.0,0
Kothrud,University,19,30,6,0,1571,8057,0,18.462889879057926,0.0,1
Kothrud,University,19,30,6,1,1975,9675,0,17.63544303797468,0.0,0
Kothrud,University,19,30,6,2,2144,13599,0,22.83414179104478,0.0,0
Kothrud,University,20,30,6,0,1347,8057,0,21.533184855233856,0.0,1
Kothrud,University,20,30,6,1,1682,9741,0,20.848751486325803,0.0,0
Kothrud,University,20,30,6,2,1933,13620,0,25.365752715985515,0.0,0
Kothrud,University,21,30,6,0,1133,8057,0,25.60035304501324,0.0,1
Kothrud,University,21,30,6,1,1405,9741,0,24.95914590747331,0.0,0
Kothrud,University,21,30,6,2,1707,13620,0,28.724077328646747,0.0,0
Kothrud,University,22,30,6,0,1066,8057,0,27.209380863039403,0.0,1
Kothrud,University,22,30,6,1,1326,9741,0,26.446153846153845,0.0,0
Kothrud,University,22,30,6,2,1643,13620,0,29.842970176506388,0.0,0
Kothrud,University,23,30,6,0,1066,8057,0,27.209380863039403,0.0,1
Kothrud,University,23,30,6,1,1326,9741,0,26.446153846153845,0.0,0
Kothrud,University,23,30,6,2,1643,13620,0,29.842970176506388,0.0,0
Kothrud,University,6,30,0,0,1109,8057,0,26.154373309287646,0.0,1
Kothrud,University,6,30,0,1,1384,9741,0,25.3378612716763,0.0,0
Kothrud,University,6,30,0,2,1688,13620,0,29.047393364928908,0.0,0
Kothrud,University,7,30,0,0,1237,8057,0,23.4480194017785,0.0,1
Kothrud,University,7,30,0,1,1475,9546,0,23.29871186440678,0.0,0
Kothrud,University,7,30,0,2,1795,13620,0,27.315877437325902,0.0,0
Kothrud,University,8,30,0,0,1392,8057,0,20.837068965517243,0.0,1
Kothrud,University,8,30,0,1,1657,9546,0,20.739649969824985,0.0,0
Kothrud,University,8,30,0,2,1917,13599,0,25.538028169014087,0.0,0
Kothrud,University,9,30,0,0,1471,8057,0,19.718014955812375,0.0,1
Kothrud,University,9,30,0,1,1759,9546,0,19.537009664582147,0.0,0
Kothrud,University,9,30,0,2,1967,13599,0,24.888866293848498,0.0,0
Kothrud,University,10,30,0,0,1547,8057,0,18.749321266968327,0.0,1
Kothrud,University,10,30,0,1,2015,13599,0,24.295980148883373,0.0,0
Kothrud,University,10,30,0,2,1882,9526,0,18.221891604675875,0.0,0
Kothrud,University,11,30,0,0,1592,8057,0,18.219346733668342,0.0,1
Kothrud,University,11,30,0,1,2051,13599,0,23.869527059970746,0.0,0
Kothrud,University,11,30,0,2,2061,9654,0,16.862882096069868,0.0,0
Kothrud,University,12,30,0,0,1562,8057,0,18.569270166453265,0.0,1
Kothrud,University,12,30,0,1,2053,13620,0,23.88309790550414,0.0,0
Kothrud,University,12,30,0,2,2022,9675,0,17.22551928783383,0.0,0
Kothrud,University,13,30,0,0,1477,8057,0,19.637914691943127,0.0,1
Kothrud,University,13,30,0,1,1939,13620,0,25.287261474987105,0.0,0
Kothrud,University,13,30,0,2,1952,9675,0,17.84323770491803,0.0,0
Kothrud,University,14,30,0,0,1428,8057,0,20.311764705882354,0.0,1
Kothrud,University,14,30,0,1,1864,13620,0,26.304721030042916,0.0,0
Kothrud,University,14,30,0,2,1825,9546,0,18.830465753424658,0.0,0
Kothrud,University,15,30,0,0,1429,8057,0,20.297550734779566,0.0,1
Kothrud,University,15,30,0,1,1863,13620,0,26.318840579710145,0.0,0
Kothrud,University,15,30,0,2,1833,9546,0,18.748281505728315,0.0,0
Kothrud,University,16,30,0,0,1528,8057,0,18.982460732984293,0.0,1
Kothrud,University,16,30,0,1,1950,13599,0,25.105846153846155,0.0,0
Kothrud,University,16,30,0,2,1945,9546,0,17.668688946015426,0.0,0
Kothrud,University,17,30,0,0,1639,7979,0,17.52556436851739,0.0,1
Kothrud,University,17,30,0,1,2067,13599,0,23.68476052249637,0.0,0
Kothrud,University,17,30,0,2,2075,9551,0,16.570409638554217,0.0,0
Kothrud,University,18,30,0,0,1670,7979,0,17.200239520958082,0.0,1
Kothrud,University,18,30,0,1,2144,13599,0,22.83414179104478,0.0,0
Kothrud,University,18,30,0,2,2146,9680,0,16.2385834109972,0.0,0
Kothrud,University,19,30,0,0,1562,8057,0,18.569270166453265,0.0,1
Kothrud,University,19,30,0,1,1957,9675,0,17.797649463464488,0.0,0
Kothrud,University,19,30,0,2,2115,13599,0,23.14723404255319,0.0,0
Kothrud,University,20,30,0,0,1344,8057,0,21.58125,0.0,1
Kothrud,University,20,30,0,1,1693,9741,0,20.713290017720023,0.0,0
Kothrud,University,20,30,0,2,1931,13620,0,25.39202485758674,0.0,0
Kothrud,University,21,30,0,0,1132,8057,0,25.622968197879857,0.0,1
Kothrud,University,21,30,0,1,1409,9741,0,24.888289567068842,0.0,0
Kothrud,University,21,30,0,2,1707,13620,0,28.724077328646747,0.0,0
Kothrud,University,22,30,0,0,1066,8057,0,27.209380863039403,0.0,1
Kothrud,University,22,30,0,1,1326,9741,0,26.446153846153845,0.0,0
Kothrud,University,22,30,0,2,1643,13620,0,29.842970176506388,0.0,0
Kothrud,University,23,30,0,0,1066,8057,0,27.209380863039403,0.0,1
Kothrud,University,23,30,0,1,1326,9741,0,26.446153846153845,0.0,0
Kothrud,University,23,30,0,2,1643,13620,0,29.842970176506388,0.0,0
Kothrud,University,6,30,1,0,1099,8057,0,26.392356687898094,0.0,1
Kothrud,University,6,30,1,1,1373,9741,0,25.540859431900945,0.0,0
Kothrud,University,6,30,1,2,1679,13620,0,29.203097081596184,0.0,0
Kothrud,University,7,30,1,0,1216,8057,0,23.85296052631579,0.0,1
Kothrud,University,7,30,1,1,1447,9546,0,23.74955079474775,0.0,0
Kothrud,University,7,30,1,2,1774,13620,0,27.63923337091319,0.0,0
Kothrud,University,8,30,1,0,1380,8057,0,21.018260869565218,0.0,1
Kothrud,University,8,30,1,1,1632,9546,0,21.05735294117647,0.0,0
Kothrud,University,8,30,1,2,1895,13599,0,25.834511873350923,0.0,0
Kothrud,University,9,30,1,0,1463,8057,0,19.825837320574163,0.0,1
Kothrud,University,9,30,1,1,1743,9546,0,19.716351118760755,0.0,0
Kothrud,University,9,30,1,2,1936,13599,0,25.287396694214877,0.0,0
Kothrud,University,10,30,1,0,1544,8057,0,18.785751295336787,0.0,1
Kothrud,University,10,30,1,1,1978,13599,0,24.750455005055613,0.0,0
Kothrud,University,10,30,1,2,1866,9546,0,18.416720257234726,0.0,0
Kothrud,University,11,30,1,0,1598,8057,0,18.150938673341678,0.0,1
Kothrud,University,11,30,1,1,2021,13599,0,24.22384957941613,0.0,0
Kothrud,University,11,30,1,2,2048,9675,0,17.0068359375,0.0,0
Kothrud,University,12,30,1,0,1575,8057,0,18.416,0.0,1
Kothrud,University,12,30,1,1,2032,13620,0,24.12992125984252,0.0,0
Kothrud,University,12,30,1,2,2018,9675,0,17.25966303270565,0.0,0
Kothrud,University,13,30,1,0,1484,8057,0,19.545283018867927,0.0,1
Kothrud,University,13,30,1,1,1940,13620,0,25.27422680412371,0.0,0
Kothrud,University,13,30,1,2,1936,9675,0,17.990702479338843,0.0,0
Kothrud,University,14,30,1,0,1416,8057,0,20.483898305084747,0.0,1
Kothrud,University,14,30,1,1,1865,13620,0,26.29061662198391,0.0,0
Kothrud,University,14,30,1,2,1891,9741,0,18.544473823373878,0.0,0
Kothrud,University,15,30,1,0,1421,8057,0,20.411822660098526,0.0,1
Kothrud,University,15,30,1,1,1868,13620,0,26.248394004282655,0.0,0
Kothrud,University,15,30,1,2,1823,9546,0,18.85112452002194,0.0,0
Kothrud,University,16,30,1,0,1534,8057,0,18.908213820078227,0.0,1
Kothrud,University,16,30,1,1,1974,13620,0,24.838905775075986,0.0,0
Kothrud,University,16,30,1,2,1946,9546,0,17.659609455292905,0.0,0
Kothrud,University,17,30,1,0,1677,8057,0,17.295885509839,0.0,1
Kothrud,University,17,30,1,1,2090,13599,0,23.424114832535885,0.0,0
Kothrud,University,17,30,1,2,2083,9551,0,16.50676908305329,0.0,0
Kothrud,University,18,30,1,0,1702,7979,0,16.876850763807283,0.0,1
Kothrud,University,18,30,1,1,2155,13599,0,22.717587006960557,0.0,0
Kothrud,University,18,30,1,2,2171,9680,0,16.05158912943344,0.0,0
Kothrud,University,19,30,1,0,1589,8057,0,18.253744493392073,0.0,1
Kothrud,University,19,30,1,1,1988,9675,0,17.52012072434608,0.0,0
Kothrud,University,19,30,1,2,2108,13599,0,23.224098671726754,0.0,0
Kothrud,University,20,30,1,0,1361,8057,0,21.311682586333582,0.0,1
Kothrud,University,20,30,1,1,1709,9741,0,20.5193680514921,0.0,0
Kothrud,University,20,30,1,2,1926,13620,0,25.457943925233643,0.0,0
Kothrud,University,21,30,1,0,1134,8057,0,25.57777777777778,0.0,1
Kothrud,University,21,30,1,1,1409,9741,0,24.888289567068842,0.0,0
Kothrud,University,21,30,1,2,1705,13620,0,28.757771260997067,0.0,0
Kothrud,University,22,30,1,0,1066,8057,0,27.209380863039403,0.0,1
Kothrud,University,22,30,1,1,1326,9741,0,26.446153846153845,0.0,0
Kothrud,University,22,30,1,2,1643,13620,0,29.842970176506388,0.0,0
Kothrud,University,23,30,1,0,1066,8057,0,27.209380863039403,0.0,1
Kothrud,University,23,30,1,1,1326,9741,0,26.446153846153845,0.0,0
Kothrud,University,23,30,1,2,1643,13620,0,29.842970176506388,0.0,0
Kothrud,University,6,30,2,0,1100,8057,0,26.368363636363636,0.0,1
Kothrud,University,6,30,2,1,1374,9741,0,25.522270742358078,0.0,0
Kothrud,University,6,30,2,2,1679,13620,0,29.203097081596184,0.0,0
Kothrud,University,7,30,2,0,1217,8057,0,23.833360723089566,0.0,1
Kothrud,University,7,30,2,1,1454,9546,0,23.635213204951853,0.0,0
Kothrud,University,7,30,2,2,1775,13599,0,27.58107042253521,0.0,0
Kothrud,University,8,30,2,0,1368,8057,0,21.20263157894737,0.0,1
Kothrud,University,8,30,2,1,1633,9546,0,21.044458052663806,0.0,0
Kothrud,University,8,30,2,2,1890,13599,0,25.902857142857144,0.0,0
Kothrud,University,9,30,2,0,1445,8057,0,20.07280276816609,0.0,1
Kothrud,University,9,30,2,1,1741,9546,0,19.739000574382537,0.0,0
Kothrud,University,9,30,2,2,1938,13599,0,25.261300309597523,0.0,0
Kothrud,University,10,30,2,0,1525,8057,0,19.019803278688524,0.0,1
Kothrud,University,10,30,2,1,1984,13599,0,24.675604838709678,0.0,0
Kothrud,University,10,30,2,2,1869,9526,0,18.34863563402889,0.0,0
Kothrud,University,11,30,2,0,1579,8057,0,18.369347688410386,0.0,1
Kothrud,University,11,30,2,1,2030,13599,0,24.116453201970444,0.0,0
Kothrud,University,11,30,2,2,1962,9526,0,17.478899082568805,0.0,0
Kothrud,University,12,30,2,0,1562,8057,0,18.569270166453265,0.0,1
Kothrud,University,12,30,2,1,2032,13599,0,24.092716535433073,0.0,0
Kothrud,University,12,30,2,2,2022,9675,0,17.22551928783383,0.0,0
Kothrud,University,13,30,2,0,1486,8057,0,19.518977119784658,0.0,1
Kothrud,University,13,30,2,1,1956,13620,0,25.067484662576685,0.0,0
Kothrud,University,13,30,2,2,1941,9675,0,17.94435857805255,0.0,0
Kothrud,University,14,30,2,0,1447,8057,0,20.045058742225294,0.0,1
Kothrud,University,14,30,2,1,1889,13620,0,25.95659078877713,0.0,0
Kothrud,University,14,30,2,2,1915,9741,0,18.31206266318538,0.0,0
Kothrud,University,15,30,2,0,1459,8057,0,19.88019191226868,0.0,1
Kothrud,University,15,30,2,1,1899,13620,0,25.819905213270143,0.0,0
Kothrud,University,15,30,2,2,1944,9741,0,18.038888888888888,0.0,0
Kothrud,University,16,30,2,0,1554,8057,0,18.664864864864867,0.0,1
Kothrud,University,16,30,2,1,1987,13599,0,24.63834927025667,0.0,0
Kothrud,University,16,30,2,2,1974,9546,0,17.409118541033433,0.0,0
Kothrud,University,17,30,2,0,1664,8036,0,17.385576923076922,0.0,1
Kothrud,University,17,30,2,1,2110,13599,0,23.202085308056873,0.0,0
Kothrud,University,17,30,2,2,2084,9551,0,16.498848368522072,0.0,0
Kothrud,University,18,30,2,0,1670,7958,0,17.154970059880238,0.0,1
Kothrud,University,18,30,2,1,2181,13599,0,22.446767537826684,0.0,0
Kothrud,University,18,30,2,2,2072,9551,0,16.594401544401542,0.0,0
Kothrud,University,19,30,2,0,1565,8057,0,18.533674121405753,0.0,1
Kothrud,University,19,30,2,1,1890,9546,0,18.18285714285714,0.0,0
Kothrud,University,19,30,2,2,2130,13599,0,22.984225352112677,0.0,0
Kothrud,University,20,30,2,0,1351,8057,0,21.46943005181347,0.0,1
Kothrud,University,20,30,2,1,1616,9546,0,21.265841584158416,0.0,0
Kothrud,University,20,30,2,2,1940,13620,0,25.27422680412371,0.0,0
Kothrud,University,21,30,2,0,1133,8057,0,25.60035304501324,0.0,1
Kothrud,University,21,30,2,1,1410,9741,0,24.87063829787234,0.0,0
Kothrud,University,21,30,2,2,1709,13620,0,28.690462258630777,0.0,0
Kothrud,University,22,30,2,0,1066,8057,0,27.209380863039403,0.0,1
Kothrud,University,22,30,2,1,1326,9741,0,26.446153846153845,0.0,0
Kothrud,University,22,30,2,2,1643,13620,0,29.842970176506388,0.0,0
Kothrud,University,23,30,2,0,1066,8057,0,27.209380863039403,0.0,1
Kothrud,University,23,30,2,1,1326,9741,0,26.446153846153845,0.0,0
Kothrud,University,23,30,2,2,1643,13620,0,29.842970176506388,0.0,0
Kothrud,University,6,30,3,0,1093,8057,0,26.537236962488564,0.0,1
Kothrud,University,6,30,3,1,1365,9741,0,25.69054945054945,0.0,0
Kothrud,University,6,30,3,2,1678,13620,0,29.220500595947556,0.0,0
Kothrud,University,7,30,3,0,1154,8057,0,25.134488734835358,0.0,1
Kothrud,University,7,30,3,1,1388,9546,0,24.75907780979827,0.0,0
Kothrud,University,7,30,3,2,1734,13620,0,28.276816608996537,0.0,0
Kothrud,University,8,30,3,0,1248,8057,0,23.241346153846155,0.0,1
Kothrud,University,8,30,3,1,1526,9546,0,22.52005242463958,0.0,0
Kothrud,University,8,30,3,2,1827,13620,0,26.83743842364532,0.0,0
Kothrud,University,9,30,3,0,1326,8057,0,21.87420814479638,0.0,1
Kothrud,University,9,30,3,1,1642,9546,0,20.929110840438486,0.0,0
Kothrud,University,9,30,3,2,1889,13620,0,25.95659078877713,0.0,0
Kothrud,University,10,30,3,0,1416,8057,0,20.483898305084747,0.0,1
Kothrud,University,10,30,3,1,1778,9546,0,19.328233970753654,0.0,0
Kothrud,University,10,30,3,2,1956,13599,0,25.02883435582822,0.0,0
Kothrud,University,11,30,3,0,1516,8057,0,19.132717678100263,0.0,1
Kothrud,University,11,30,3,1,2029,13620,0,24.165598817151306,0.0,0
Kothrud,University,11,30,3,2,1920,9546,0,17.89875,0.0,0
Kothrud,University,12,30,3,0,1558,8057,0,18.61694480102696,0.0,1
Kothrud,University,12,30,3,1,2053,13620,0,23.88309790550414,0.0,0
Kothrud,University,12,30,3,2,1971,9546,0,17.435616438356163,0.0,0
Kothrud,University,13,30,3,0,1561,8057,0,18.581165919282512,0.0,1
Kothrud,University,13,30,3,1,2022,13599,0,24.21186943620178,0.0,0
Kothrud,University,13,30,3,2,1970,9546,0,17.444467005076138,0.0,0
Kothrud,University,14,30,3,0,1560,8057,0,18.593076923076925,0.0,1
Kothrud,University,14,30,3,1,1991,13599,0,24.588849824208943,0.0,0
Kothrud,University,14,30,3,2,1972,9546,0,17.42677484787018,0.0,0
Kothrud,University,15,30,3,0,1573,8057,0,18.43941513032422,0.0,1
Kothrud,University,15,30,3,1,1991,13599,0,24.588849824208943,0.0,0
Kothrud,University,15,30,3,2,1983,9546,0,17.330105900151285,0.0,0
Kothrud,University,16,30,3,0,1624,8057,0,17.860344827586207,0.0,1
Kothrud,University,16,30,3,1,2038,13599,0,24.021786064769383,0.0,0
Kothrud,University,16,30,3,2,2042,9546,0,16.829382957884427,0.0,0
Kothrud,University,17,30,3,0,1664,8057,0,17.431009615384617,0.0,1
Kothrud,University,17,30,3,1,2091,13599,0,23.412912482065998,0.0,0
Kothrud,University,17,30,3,2,2077,9546,0,16.54578719306692,0.0,0
Kothrud,University,18,30,3,0,1626,8057,0,17.83837638376384,0.0,1
Kothrud,University,18,30,3,1,2114,13599,0,23.15818353831599,0.0,0
Kothrud,University,18,30,3,2,2105,9675,0,16.546318289786225,0.0,0
Kothrud,University,19,30,3,0,1507,8057,0,19.24698075646981,0.0,1
Kothrud,University,19,30,3,1,1910,9675,0,18.23560209424084,0.0,0
Kothrud,University,19,30,3,2,2071,13599,0,23.639014968614198,0.0,0
Kothrud,University,20,30,3,0,1348,8057,0,21.517210682492582,0.0,1
Kothrud,University,20,30,3,1,1620,9546,0,21.21333333333333,0.0,0
Kothrud,University,20,30,3,2,1930,13620,0,25.405181347150258,0.0,0
Kothrud,University,21,30,3,0,1137,8057,0,25.510290237467018,0.0,1
Kothrud,University,21,30,3,1,1416,9741,0,24.765254237288136,0.0,0
Kothrud,University,21,30,3,2,1711,13620,0,28.656925774400932,0.0,0
Kothrud,University,22,30,3,0,1066,8057,0,27.209380863039403,0.0,1
Kothrud,University,22,30,3,1,1326,9741,0,26.446153846153845,0.0,0
Kothrud,University,22,30,3,2,1642,13620,0,29.86114494518879,0.0,0
Kothrud,University,23,30,3,0,1066,8057,0,27.209380863039403,0.0,1
Kothrud,University,23,30,3,1,1326,9741,0,26.446153846153845,0.0,0
Kothrud,University,23,30,3,2,1642,13620,0,29.86114494518879,0.0,0
Kothrud,University,6,30,4,0,1086,8057,0,26.70828729281768,0.0,1
Kothrud,University,6,30,4,1,1354,9741,0,25.899261447562775,0.0,0
Kothrud,University,6,30,4,2,1670,13620,0,29.360479041916165,0.0,0
Kothrud,University,7,30,4,0,1129,8057,0,25.691054030115147,0.0,1
Kothrud,University,7,30,4,1,1349,9546,0,25.47487027427724,0.0,0
Kothrud,University,7,30,4,2,1708,13620,0,28.70725995316159,0.0,0
Kothrud,University,8,30,4,0,1185,8057,0,24.476962025316457,0.0,1
Kothrud,University,8,30,4,1,1419,9546,0,24.218181818181815,0.0,0
Kothrud,University,8,30,4,2,1753,13620,0,27.97033656588705,0.0,0
Kothrud,University,9,30,4,0,1220,8057,0,23.774754098360656,0.0,1
Kothrud,University,9,30,4,1,1465,9546,0,23.457747440273035,0.0,0
Kothrud,University,9,30,4,2,1786,13620,0,27.4535274356103,0.0,0
Kothrud,University,10,30,4,0,1266,8057,0,22.910900473933648,0.0,1
Kothrud,University,10,30,4,1,1539,9546,0,22.32982456140351,0.0,0
Kothrud,University,10,30,4,2,1826,13620,0,26.852135815991236,0.0,0
Kothrud,University,11,30,4,0,1326,8057,0,21.87420814479638,0.0,1
Kothrud,University,11,30,4,1,1629,9546,0,21.09613259668508,0.0,0
Kothrud,University,11,30,4,2,1871,13620,0,26.206306787814004,0.0,0
Kothrud,University,12,30,4,0,1352,8057,0,21.45355029585799,0.0,1
Kothrud,University,12,30,4,1,1676,9546,0,20.50453460620525,0.0,0
Kothrud,University,12,30,4,2,1888,13620,0,25.970338983050844,0.0,0
Kothrud,University,13,30,4,0,1355,8057,0,21.406051660516606,0.0,1
Kothrud,University,13,30,4,1,1682,9546,0,20.431391200951246,0.0,0
Kothrud,University,13,30,4,2,1870,13620,0,26.22032085561497,0.0,0
Kothrud,University,14,30,4,0,1349,8057,0,21.50126019273536,0.0,1
Kothrud,University,14,30,4,1,1845,13620,0,26.575609756097563,0.0,0
Kothrud,University,14,30,4,2,1778,9675,0,19.589426321709787,0.0,0
Kothrud,University,15,30,4,0,1358,8057,0,21.358762886597937,0.0,1
Kothrud,University,15,30,4,1,1846,13620,0,26.56121343445287,0.0,0
Kothrud,University,15,30,4,2,1796,9675,0,19.393095768374167,0.0,0
Kothrud,University,16,30,4,0,1398,8057,0,20.747639484978542,0.0,1
Kothrud,University,16,30,4,1,1880,13620,0,26.080851063829783,0.0,0
Kothrud,University,16,30,4,2,1765,9546,0,19.470594900849857,0.0,0
Kothrud,University,17,30,4,0,1441,8057,0,20.12852185981957,0.0,1
Kothrud,University,17,30,4,1,1917,13620,0,25.577464788732396,0.0,0
Kothrud,University,17,30,4,2,1844,9546,0,18.63644251626898,0.0,0
Kothrud,University,18,30,4,0,1447,8057,0,20.045058742225294,0.0,1
Kothrud,University,18,30,4,1,1938,13620,0,25.300309597523217,0.0,0
Kothrud,University,18,30,4,2,1861,9546,0,18.466200967221923,0.0,0
Kothrud,University,19,30,4,0,1389,8057,0,20.88207343412527,0.0,1
Kothrud,University,19,30,4,1,1732,9546,0,19.841570438799074,0.0,0
Kothrud,University,19,30,4,2,1919,13620,0,25.550807712350185,0.0,0
Kothrud,University,20,30,4,0,1283,8057,0,22.607326578332035,0.0,1
Kothrud,University,20,30,4,1,1554,9546,0,22.114285714285714,0.0,0
Kothrud,University,20,30,4,2,1836,13620,0,26.705882352941174,0.0,0
Kothrud,University,21,30,4,0,1123,8057,0,25.828317008014245,0.0,1
Kothrud,University,21,30,4,1,1404,9741,0,24.976923076923075,0.0,0
Kothrud,University,21,30,4,2,1691,13620,0,28.99586043761088,0.0,0
Kothrud,University,22,30,4,0,1066,8057,0,27.209380863039403,0.0,1
Kothrud,University,22,30,4,1,1326,9741,0,26.446153846153845,0.0,0
Kothrud,University,22,30,4,2,1642,13620,0,29.86114494518879,0.0,0
Kothrud,University,23,30,4,0,1066,8057,0,27.209380863039403,0.0,1
Kothrud,University,23,30,4,1,1326,9741,0,26.446153846153845,0.0,0
Kothrud,University,23,30,4,2,1642,13620,0,29.86114494518879,0.0,0
Kothrud,University,6,30,5,0,1108,8057,0,26.177978339350183,0.0,1
Kothrud,University,6,30,5,1,1383,9741,0,25.356182212581345,0.0,0
Kothrud,University,6,30,5,2,1697,13520,0,28.681202121390687,0.0,0
Kothrud,University,7,30,5,0,1227,8057,0,23.63911980440098,0.0,1
Kothrud,University,7,30,5,1,1467,9546,0,23.425766871165646,0.0,0
Kothrud,University,7,30,5,2,1789,13620,0,27.40749021799888,0.0,0
Kothrud,University,8,30,5,0,1379,8057,0,21.03350253807107,0.0,1
Kothrud,University,8,30,5,1,1645,9546,0,20.89094224924012,0.0,0
Kothrud,University,8,30,5,2,1905,13599,0,25.698897637795277,0.0,0
Kothrud,University,9,30,5,0,1459,8057,0,19.88019191226868,0.0,1
Kothrud,University,9,30,5,1,1735,9546,0,19.807262247838615,0.0,0
Kothrud,University,9,30,5,2,1949,13599,0,25.11872755259107,0.0,0
Kothrud,University,10,30,5,0,1533,8057,0,18.92054794520548,0.0,1
Kothrud,University,10,30,5,1,1990,13599,0,24.601206030150752,0.0,0
Kothrud,University,10,30,5,2,1935,9654,0,17.96093023255814,0.0,0
Kothrud,University,11,30,5,0,1579,8057,0,18.369347688410386,0.0,1
Kothrud,University,11,30,5,1,2025,13599,0,24.176000000000002,0.0,0
Kothrud,University,11,30,5,2,1991,9675,0,17.493721747865397,0.0,0
Kothrud,University,12,30,5,0,1551,8057,0,18.700967117988395,0.0,1
Kothrud,University,12,30,5,1,2031,13620,0,24.14180206794682,0.0,0
Kothrud,University,12,30,5,2,1962,9675,0,17.75229357798165,0.0,0
Kothrud,University,13,30,5,0,1471,8057,0,19.718014955812375,0.0,1
Kothrud,University,13,30,5,1,1932,13620,0,25.37888198757764,0.0,0
Kothrud,University,13,30,5,2,1891,9675,0,18.418826017979907,0.0,0
Kothrud,University,14,30,5,0,1415,8057,0,20.498374558303887,0.0,1
Kothrud,University,14,30,5,1,1860,13620,0,26.36129032258064,0.0,0
Kothrud,University,14,30,5,2,1856,9741,0,18.89418103448276,0.0,0
Kothrud,University,15,30,5,0,1417,8057,0,20.469442484121384,0.0,1
Kothrud,University,15,30,5,1,1857,13620,0,26.403877221324713,0.0,0
Kothrud,University,15,30,5,2,1884,9741,0,18.613375796178342,0.0,0
Kothrud,University,16,30,5,0,1516,8057,0,19.132717678100263,0.0,1
Kothrud,University,16,30,5,1,1941,13599,0,25.22225656877898,0.0,0
Kothrud,University,16,30,5,2,1909,9546,0,18.00188580408591,0.0,0
Kothrud,University,17,30,5,0,1645,8057,0,17.632340425531915,0.0,1
Kothrud,University,17,30,5,1,2048,13599,0,23.9044921875,0.0,0
Kothrud,University,17,30,5,2,2141,9680,0,16.276506305464736,0.0,0
Kothrud,University,18,30,5,0,1675,7979,0,17.14889552238806,0.0,1
Kothrud,University,18,30,5,1,2114,13599,0,23.15818353831599,0.0,0
Kothrud,University,18,30,5,2,2122,9680,0,16.42224316682375,0.0,0
Kothrud,University,19,30,5,0,1568,8057,0,18.498214285714287,0.0,1
Kothrud,University,19,30,5,1,1913,9675,0,18.20700470465238,0.0,0
Kothrud,University,19,30,5,2,2091,13599,0,23.412912482065998,0.0,0
Kothrud,University,20,30,5,0,1349,8057,0,21.50126019273536,0.0,1
Kothrud,University,20,30,5,1,1671,9741,0,20.985996409335726,0.0,0
Kothrud,University,20,30,5,2,1926,13620,0,25.457943925233643,0.0,0
Kothrud,University,21,30,5,0,1133,8057,0,25.60035304501324,0.0,1
Kothrud,University,21,30,5,1,1405,9741,0,24.95914590747331,0.0,0
Kothrud,University,21,30,5,2,1708,13620,0,28.70725995316159,0.0,0
Kothrud,University,22,30,5,0,1066,8057,0,27.209380863039403,0.0,1
Kothrud,University,22,30,5,1,1326,9741,0,26.446153846153845,0.0,0
Kothrud,University,22,30,5,2,1643,13620,0,29.842970176506388,0.0,0
Kothrud,University,23,30,5,0,1066,8057,0,27.209380863039403,0.0,1
Kothrud,University,23,30,5,1,1326,9741,0,26.446153846153845,0.0,0
Kothrud,University,23,30,5,2,1643,13620,0,29.842970176506388,0.0,0
Kothrud,University,6,30,6,0,1105,8057,0,26.249049773755655,0.0,1
Kothrud,University,6,30,6,1,1379,9741,0,25.429731689630167,0.0,0
Kothrud,University,6,30,6,2,1684,13620,0,29.116389548693583,0.0,0
Kothrud,University,7,30,6,0,1233,8057,0,23.524087591240875,0.0,1
Kothrud,University,7,30,6,1,1475,9546,0,23.29871186440678,0.0,0
Kothrud,University,7,30,6,2,1802,13599,0,27.167813540510547,0.0,0
Kothrud,University,8,30,6,0,1403,8057,0,20.673699215965787,0.0,1
Kothrud,University,8,30,6,1,1671,9546,0,20.56588868940754,0.0,0
Kothrud,University,8,30,6,2,1942,13599,0,25.209268795056644,0.0,0
Kothrud,University,9,30,6,0,1496,8057,0,19.388502673796793,0.0,1
Kothrud,University,9,30,6,1,1783,9546,0,19.274032529444757,0.0,0
Kothrud,University,9,30,6,2,1996,13599,0,24.52725450901804,0.0,0
Kothrud,University,10,30,6,0,1582,8057,0,18.334513274336285,0.0,1
Kothrud,University,10,30,6,1,2048,13599,0,23.9044921875,0.0,0
Kothrud,University,10,30,6,2,1907,9526,0,17.98300996329313,0.0,0
Kothrud,University,11,30,6,0,1623,8057,0,17.871349353049908,0.0,1
Kothrud,University,11,30,6,1,2080,13599,0,23.536730769230772,0.0,0
Kothrud,University,11,30,6,2,1987,9526,0,17.258983392048314,0.0,0
Kothrud,University,12,30,6,0,1576,8057,0,18.404314720812184,0.0,1
Kothrud,University,12,30,6,1,2057,13599,0,23.799902771025767,0.0,0
Kothrud,University,12,30,6,2,2028,9675,0,17.174556213017752,0.0,0
Kothrud,University,13,30,6,0,1487,8057,0,19.505850706119706,0.0,1
Kothrud,University,13,30,6,1,1943,13620,0,25.23520329387545,0.0,0
Kothrud,University,13,30,6,2,1934,9741,0,18.132161323681487,0.0,0
Kothrud,University,14,30,6,0,1442,8057,0,20.11456310679612,0.0,1
Kothrud,University,14,30,6,1,1871,13620,0,26.206306787814004,0.0,0
Kothrud,University,14,30,6,2,1895,9741,0,18.50532981530343,0.0,0
Kothrud,University,15,30,6,0,1454,8057,0,19.948555708390646,0.0,1
Kothrud,University,15,30,6,1,1890,13620,0,25.94285714285714,0.0,0
Kothrud,University,15,30,6,2,1842,9546,0,18.656677524429963,0.0,0
Kothrud,University,16,30,6,0,1560,8057,0,18.593076923076925,0.0,1
Kothrud,University,16,30,6,1,2010,13620,0,24.394029850746268,0.0,0
Kothrud,University,16,30,6,2,1970,9546,0,17.444467005076138,0.0,0
Kothrud,University,17,30,6,0,1677,7979,0,17.12844364937388,0.0,1
Kothrud,University,17,30,6,1,2138,13599,0,22.89822263797942,0.0,0
Kothrud,University,17,30,6,2,2100,9572,0,16.409142857142854,0.0,0
Kothrud,University,18,30,6,0,1702,7979,0,16.876850763807283,0.0,1
Kothrud,University,18,30,6,1,2208,13599,0,22.172282608695653,0.0,0
Kothrud,University,18,30,6,2,2197,9680,0,15.861629494765587,0.0,0
Kothrud,University,19,30,6,0,1571,8057,0,18.462889879057926,0.0,1
Kothrud,University,19,30,6,1,1975,9675,0,17.63544303797468,0.0,0
Kothrud,University,19,30,6,2,2144,13599,0,22.83414179104478,0.0,0
Kothrud,University,20,30,6,0,1347,8057,0,21.533184855233856,0.0,1
Kothrud,University,20,30,6,1,1682,9741,0,20.848751486325803,0.0,0
Kothrud,University,20,30,6,2,1933,13620,0,25.365752715985515,0.0,0
Kothrud,University,21,30,6,0,1133,8057,0,25.60035304501324,0.0,1
Kothrud,University,21,30,6,1,1405,9741,0,24.95914590747331,0.0,0
Kothrud,University,21,30,6,2,1707,13620,0,28.724077328646747,0.0,0
Kothrud,University,22,30,6,0,1066,8057,0,27.209380863039403,0.0,1
Kothrud,University,22,30,6,1,1326,9741,0,26.446153846153845,0.0,0
Kothrud,University,22,30,6,2,1643,13620,0,29.842970176506388,0.0,0
Kothrud,University,23,30,6,0,1066,8057,0,27.209380863039403,0.0,1
Kothrud,University,23,30,6,1,1326,9741,0,26.446153846153845,0.0,0
Kothrud,University,23,30,6,2,1643,13620,0,29.842970176506388,0.0,0
Kothrud,University,6,30,0,0,1109,8057,0,26.154373309287646,0.0,1
Kothrud,University,6,30,0,1,1384,9741,0,25.3378612716763,0.0,0
Kothrud,University,6,30,0,2,1688,13620,0,29.047393364928908,0.0,0
Kothrud,University,7,30,0,0,1237,8057,0,23.4480194017785,0.0,1
Kothrud,University,7,30,0,1,1475,9546,0,23.29871186440678,0.0,0
Kothrud,University,7,30,0,2,1795,13620,0,27.315877437325902,0.0,0
Kothrud,University,8,30,0,0,1392,8057,0,20.837068965517243,0.0,1
Kothrud,University,8,30,0,1,1657,9546,0,20.739649969824985,0.0,0
Kothrud,University,8,30,0,2,1917,13599,0,25.538028169014087,0.0,0
Kothrud,University,9,30,0,0,1471,8057,0,19.718014955812375,0.0,1
Kothrud,University,9,30,0,1,1759,9546,0,19.537009664582147,0.0,0
Kothrud,University,9,30,0,2,1967,13599,0,24.888866293848498,0.0,0
Kothrud,University,10,30,0,0,1547,8057,0,18.749321266968327,0.0,1
Kothrud,University,10,30,0,1,2015,13599,0,24.295980148883373,0.0,0
Kothrud,University,10,30,0,2,1882,9526,0,18.221891604675875,0.0,0
Kothrud,University,11,30,0,0,1592,8057,0,18.219346733668342,0.0,1
Kothrud,University,11,30,0,1,2051,13599,0,23.869527059970746,0.0,0
Kothrud,University,11,30,0,2,2061,9654,0,16.862882096069868,0.0,0
Kothrud,University,12,30,0,0,1562,8057,0,18.569270166453265,0.0,1
Kothrud,University,12,30,0,1,2053,13620,0,23.88309790550414,0.0,0
Kothrud,University,12,30,0,2,2022,9675,0,17.22551928783383,0.0,0
Kothrud,University,13,30,0,0,1477,8057,0,19.637914691943127,0.0,1
Kothrud,University,13,30,0,1,1939,13620,0,25.287261474987105,0.0,0
Kothrud,University,13,30,0,2,1952,9675,0,17.84323770491803,0.0,0
Kothrud,University,14,30,0,0,1428,8057,0,20.311764705882354,0.0,1
Kothrud,University,14,30,0,1,1864,13620,0,26.304721030042916,0.0,0
Kothrud,University,14,30,0,2,1825,9546,0,18.830465753424658,0.0,0
Kothrud,University,15,30,0,0,1429,8057,0,20.297550734779566,0.0,1
Kothrud,University,15,30,0,1,1863,13620,0,26.318840579710145,0.0,0
Kothrud,University,15,30,0,2,1833,9546,0,18.748281505728315,0.0,0
Kothrud,University,16,30,0,0,1528,8057,0,18.982460732984293,0.0,1
Kothrud,University,16,30,0,1,1950,13599,0,25.105846153846155,0.0,0
Kothrud,University,16,30,0,2,1945,9546,0,17.668688946015426,0.0,0
Kothrud,University,17,30,0,0,1639,7979,0,17.52556436851739,0.0,1
Kothrud,University,17,30,0,1,2067,13599,0,23.68476052249637,0.0,0
Kothrud,University,17,30,0,2,2075,9551,0,16.570409638554217,0.0,0
Kothrud,University,18,30,0,0,1670,7979,0,17.200239520958082,0.0,1
Kothrud,University,18,30,0,1,2144,13599,0,22.83414179104478,0.0,0
Kothrud,University,18,30,0,2,2146,9680,0,16.2385834109972,0.0,0
Kothrud,University,19,30,0,0,1562,8057,0,18.569270166453265,0.0,1
Kothrud,University,19,30,0,1,1957,9675,0,17.797649463464488,0.0,0
Kothrud,University,19,30,0,2,2115,13599,0,23.14723404255319,0.0,0
Kothrud,University,20,30,0,0,1344,8057,0,21.58125,0.0,1
Kothrud,University,20,30,0,1,1693,9741,0,20.713290017720023,0.0,0
Kothrud,University,20,30,0,2,1931,13620,0,25.39202485758674,0.0,0
Kothrud,University,21,30,0,0,1132,8057,0,25.622968197879857,0.0,1
Kothrud,University,21,30,0,1,1409,9741,0,24.888289567068842,0.0,0
Kothrud,University,21,30,0,2,1707,13620,0,28.724077328646747,0.0,0
Kothrud,University,22,30,0,0,1066,8057,0,27.209380863039403,0.0,1
Kothrud,University,22,30,0,1,1326,9741,0,26.446153846153845,0.0,0
Kothrud,University,22,30,0,2,1643,13620,0,29.842970176506388,0.0,0
Kothrud,University,23,30,0,0,1066,8057,0,27.209380863039403,0.0,1
Kothrud,University,23,30,0,1,1326,9741,0,26.446153846153845,0.0,0
Kothrud,University,23,30,0,2,1643,13620,0,29.842970176506388,0.0,0
Kothrud,University,6,30,1,0,1099,8057,0,26.392356687898094,0.0,1
Kothrud,University,6,30,1,1,1373,9741,0,25.540859431900945,0.0,0
Kothrud,University,6,30,1,2,1679,13620,0,29.203097081596184,0.0,0
Kothrud,University,7,30,1,0,1216,8057,0,23.85296052631579,0.0,1
Kothrud,University,7,30,1,1,1447,9546,0,23.74955079474775,0.0,0
Kothrud,University,7,30,1,2,1774,13620,0,27.63923337091319,0.0,0
Kothrud,University,8,30,1,0,1380,8057,0,21.018260869565218,0.0,1
Kothrud,University,8,30,1,1,1632,9546,0,21.05735294117647,0.0,0
Kothrud,University,8,30,1,2,1895,13599,0,25.834511873350923,0.0,0
Kothrud,University,9,30,1,0,1463,8057,0,19.825837320574163,0.0,1
Kothrud,University,9,30,1,1,1743,9546,0,19.716351118760755,0.0,0
Kothrud,University,9,30,1,2,1936,13599,0,25.287396694214877,0.0,0
Kothrud,University,10,30,1,0,1544,8057,0,18.785751295336787,0.0,1
Kothrud,University,10,30,1,1,1978,13599,0,24.750455005055613,0.0,0
Kothrud,University,10,30,1,2,1866,9546,0,18.416720257234726,0.0,0
Kothrud,University,11,30,1,0,1598,8057,0,18.150938673341678,0.0,1
Kothrud,University,11,30,1,1,2021,13599,0,24.22384957941613,0.0,0
Kothrud,University,11,30,1,2,2048,9675,0,17.0068359375,0.0,0
Kothrud,University,12,30,1,0,1575,8057,0,18.416,0.0,1
Kothrud,University,12,30,1,1,2032,13620,0,24.12992125984252,0.0,0
Kothrud,University,12,30,1,2,2018,9675,0,17.25966303270565,0.0,0
Kothrud,University,13,30,1,0,1484,8057,0,19.545283018867927,0.0,1
Kothrud,University,13,30,1,1,1940,13620,0,25.27422680412371,0.0,0
Kothrud,University,13,30,1,2,1936,9675,0,17.990702479338843,0.0,0
Kothrud,University,14,30,1,0,1416,8057,0,20.483898305084747,0.0,1
Kothrud,University,14,30,1,1,1865,13620,0,26.29061662198391,0.0,0
Kothrud,University,14,30,1,2,1891,9741,0,18.544473823373878,0.0,0
Kothrud,University,15,30,1,0,1421,8057,0,20.411822660098526,0.0,1
Kothrud,University,15,30,1,1,1868,13620,0,26.248394004282655,0.0,0
Kothrud,University,15,30,1,2,1823,9546,0,18.85112452002194,0.0,0
Kothrud,University,16,30,1,0,1534,8057,0,18.908213820078227,0.0,1
Kothrud,University,16,30,1,1,1974,13620,0,24.838905775075986,0.0,0
Kothrud,University,16,30,1,2,1946,9546,0,17.659609455292905,0.0,0
Kothrud,University,17,30,1,0,1677,8057,0,17.295885509839,0.0,1
Kothrud,University,17,30,1,1,2090,13599,0,23.424114832535885,0.0,0
Kothrud,University,17,30,1,2,2083,9551,0,16.50676908305329,0.0,0
Kothrud,University,18,30,1,0,1702,7979,0,16.876850763807283,0.0,1
Kothrud,University,18,30,1,1,2155,13599,0,22.717587006960557,0.0,0
Kothrud,University,18,30,1,2,2171,9680,0,16.05158912943344,0.0,0
Kothrud,University,19,30,1,0,1589,8057,0,18.253744493392073,0.0,1
Kothrud,University,19,30,1,1,1988,9675,0,17.52012072434608,0.0,0
Kothrud,University,19,30,1,2,2108,13599,0,23.224098671726754,0.0,0
Kothrud,University,20,30,1,0,1361,8057,0,21.311682586333582,0.0,1
Kothrud,University,20,30,1,1,1709,9741,0,20.5193680514921,0.0,0
Kothrud,University,20,30,1,2,1926,13620,0,25.457943925233643,0.0,0
Kothrud,University,21,30,1,0,1134,8057,0,25.57777777777778,0.0,1
Kothrud,University,21,30,1,1,1409,9741,0,24.888289567068842,0.0,0
Kothrud,University,21,30,1,2,1705,13620,0,28.757771260997067,0.0,0
Kothrud,University,22,30,1,0,1066,8057,0,27.209380863039403,0.0,1
Kothrud,University,22,30,1,1,1326,9741,0,26.446153846153845,0.0,0
Kothrud,University,22,30,1,2,1643,13620,0,29.842970176506388,0.0,0
Kothrud,University,23,30,1,0,1066,8057,0,27.209380863039403,0.0,1
Kothrud,University,23,30,1,1,1326,9741,0,26.446153846153845,0.0,0
Kothrud,University,23,30,1,2,1643,13620,0,29.842970176506388,0.0,0
Kothrud,University,6,30,2,0,1100,8057,0,26.368363636363636,0.0,1
Kothrud,University,6,30,2,1,1374,9741,0,25.522270742358078,0.0,0
Kothrud,University,6,30,2,2,1679,13620,0,29.203097081596184,0.0,0
Kothrud,University,7,30,2,0,1217,8057,0,23.833360723089566,0.0,1
Kothrud,University,7,30,2,1,1454,9546,0,23.635213204951853,0.0,0
Kothrud,University,7,30,2,2,1775,13599,0,27.58107042253521,0.0,0
Kothrud,University,8,30,2,0,1368,8057,0,21.20263157894737,0.0,1
Kothrud,University,8,30,2,1,1633,9546,0,21.044458052663806,0.0,0
Kothrud,University,8,30,2,2,1890,13599,0,25.902857142857144,0.0,0
Kothrud,University,9,30,2,0,1445,8057,0,20.07280276816609,0.0,1
Kothrud,University,9,30,2,1,1741,9546,0,19.739000574382537,0.0,0
Kothrud,University,9,30,2,2,1938,13599,0,25.261300309597523,0.0,0
Kothrud,University,10,30,2,0,1525,8057,0,19.019803278688524,0.0,1
Kothrud,University,10,30,2,1,1984,13599,0,24.675604838709678,0.0,0
Kothrud,University,10,30,2,2,1869,9526,0,18.34863563402889,0.0,0
Kothrud,University,11,30,2,0,1579,8057,0,18.369347688410386,0.0,1
Kothrud,University,11,30,2,1,2030,13599,0,24.116453201970444,0.0,0
Kothrud,University,11,30,2,2,1962,9526,0,17.478899082568805,0.0,0
Kothrud,University,12,30,2,0,1562,8057,0,18.569270166453265,0.0,1
Kothrud,University,12,30,2,1,2032,13599,0,24.092716535433073,0.0,0
Kothrud,University,12,30,2,2,2022,9675,0,17.22551928783383,0.0,0
Kothrud,University,13,30,2,0,1486,8057,0,19.518977119784658,0.0,1
Kothrud,University,13,30,2,1,1956,13620,0,25.067484662576685,0.0,0
Kothrud,University,13,30,2,2,1941,9675,0,17.94435857805255,0.0,0
Kothrud,University,14,30,2,0,1447,8057,0,20.045058742225294,0.0,1
Kothrud,University,14,30,2,1,1889,13620,0,25.95659078877713,0.0,0
Kothrud,University,14,30,2,2,1915,9741,0,18.31206266318538,0.0,0
Kothrud,University,15,30,2,0,1459,8057,0,19.88019191226868,0.0,1
Kothrud,University,15,30,2,1,1899,13620,0,25.819905213270143,0.0,0
Kothrud,University,15,30,2,2,1944,9741,0,18.038888888888888,0.0,0
Kothrud,University,16,30,2,0,1554,8057,0,18.664864864864867,0.0,1
Kothrud,University,16,30,2,1,1987,13599,0,24.63834927025667,0.0,0
Kothrud,University,16,30,2,2,1974,9546,0,17.409118541033433,0.0,0
Kothrud,University,17,30,2,0,1664,8036,0,17.385576923076922,0.0,1
Kothrud,University,17,30,2,1,2110,13599,0,23.202085308056873,0.0,0
Kothrud,University,17,30,2,2,2084,9551,0,16.498848368522072,0.0,0
Kothrud,University,18,30,2,0,1670,7958,0,17.154970059880238,0.0,1
Kothrud,University,18,30,2,1,2181,13599,0,22.446767537826684,0.0,0
Kothrud,University,18,30,2,2,2072,9551,0,16.594401544401542,0.0,0
Kothrud,University,19,30,2,0,1565,8057,0,18.533674121405753,0.0,1
Kothrud,University,19,30,2,1,1890,9546,0,18.18285714285714,0.0,0
Kothrud,University,19,30,2,2,2130,13599,0,22.984225352112677,0.0,0
Kothrud,University,20,30,2,0,1351,8057,0,21.46943005181347,0.0,1
Kothrud,University,20,30,2,1,1616,9546,0,21.265841584158416,0.0,0
Kothrud,University,20,30,2,2,1940,13620,0,25.27422680412371,0.0,0
Kothrud,University,21,30,2,0,1133,8057,0,25.60035304501324,0.0,1
Kothrud,University,21,30,2,1,1410,9741,0,24.87063829787234,0.0,0
Kothrud,University,21,30,2,2,1709,13620,0,28.690462258630777,0.0,0
Kothrud,University,22,30,2,0,1066,8057,0,27.209380863039403,0.0,1
Kothrud,University,22,30,2,1,1326,9741,0,26.446153846153845,0.0,0
Kothrud,University,22,30,2,2,1643,13620,0,29.842970176506388,0.0,0
Kothrud,University,23,30,2,0,1066,8057,0,27.209380863039403,0.0,1
Kothrud,University,23,30,2,1,1326,9741,0,26.446153846153845,0.0,0
Kothrud,University,23,30,2,2,1643,13620,0,29.842970176506388,0.0,0
Kothrud,University,6,30,3,0,1093,8057,0,26.537236962488564,0.0,1
Kothrud,University,6,30,3,1,1365,9741,0,25.69054945054945,0.0,0
Kothrud,University,6,30,3,2,1678,13620,0,29.220500595947556,0.0,0
Kothrud,University,7,30,3,0,1154,8057,0,25.134488734835358,0.0,1
Kothrud,University,7,30,3,1,1388,9546,0,24.75907780979827,0.0,0
Kothrud,University,7,30,3,2,1734,13620,0,28.276816608996537,0.0,0
Kothrud,University,8,30,3,0,1248,8057,0,23.241346153846155,0.0,1
Kothrud,University,8,30,3,1,1526,9546,0,22.52005242463958,0.0,0
Kothrud,University,8,30,3,2,1827,13620,0,26.83743842364532,0.0,0
Kothrud,University,9,30,3,0,1326,8057,0,21.87420814479638,0.0,1
Kothrud,University,9,30,3,1,1642,9546,0,20.929110840438486,0.0,0
Kothrud,University,9,30,3,2,1889,13620,0,25.95659078877713,0.0,0
Kothrud,University,10,30,3,0,1416,8057,0,20.483898305084747,0.0,1
Kothrud,University,10,30,3,1,1778,9546,0,19.328233970753654,0.0,0
Kothrud,University,10,30,3,2,1956,13599,0,25.02883435582822,0.0,0
Kothrud,University,11,30,3,0,1516,8057,0,19.132717678100263,0.0,1
Kothrud,University,11,30,3,1,2029,13620,0,24.165598817151306,0.0,0
Kothrud,University,11,30,3,2,1920,9546,0,17.89875,0.0,0
Kothrud,University,12,30,3,0,1558,8057,0,18.61694480102696,0.0,1
Kothrud,University,12,30,3,1,2053,13620,0,23.88309790550414,0.0,0
Kothrud,University,12,30,3,2,1971,9546,0,17.435616438356163,0.0,0
Kothrud,University,13,30,3,0,1561,8057,0,18.581165919282512,0.0,1
Kothrud,University,13,30,3,1,2022,13599,0,24.21186943620178,0.0,0
Kothrud,University,13,30,3,2,1970,9546,0,17.444467005076138,0.0,0
Kothrud,University,14,30,3,0,1560,8057,0,18.593076923076925,0.0,1
Kothrud,University,14,30,3,1,1991,13599,0,24.588849824208943,0.0,0
Kothrud,University,14,30,3,2,1972,9546,0,17.42677484787018,0.0,0
Kothrud,University,15,30,3,0,1573,8057,0,18.43941513032422,0.0,1
Kothrud,University,15,30,3,1,1991,13599,0,24.588849824208943,0.0,0
Kothrud,University,15,30,3,2,1983,9546,0,17.330105900151285,0.0,0
Kothrud,University,16,30,3,0,1624,8057,0,17.860344827586207,0.0,1
Kothrud,University,16,30,3,1,2038,13599,0,24.021786064769383,0.0,0
Kothrud,University,16,30,3,2,2042,9546,0,16.829382957884427,0.0,0
Kothrud,University,17,30,3,0,1664,8057,0,17.431009615384617,0.0,1
Kothrud,University,17,30,3,1,2091,13599,0,23.412912482065998,0.0,0
Kothrud,University,17,30,3,2,2077,9546,0,16.54578719306692,0.0,0
Kothrud,University,18,30,3,0,1626,8057,0,17.83837638376384,0.0,1
Kothrud,University,18,30,3,1,2114,13599,0,23.15818353831599,0.0,0
Kothrud,University,18,30,3,2,2105,9675,0,16.546318289786225,0.0,0
Kothrud,University,19,30,3,0,1507,8057,0,19.24698075646981,0.0,1
Kothrud,University,19,30,3,1,1910,9675,0,18.23560209424084,0.0,0
Kothrud,University,19,30,3,2,2071,13599,0,23.639014968614198,0.0,0
Kothrud,University,20,30,3,0,1348,8057,0,21.517210682492582,0.0,1
Kothrud,University,20,30,3,1,1620,9546,0,21.21333333333333,0.0,0
Kothrud,University,20,30,3,2,1930,13620,0,25.405181347150258,0.0,0
Kothrud,University,21,30,3,0,1137,8057,0,25.510290237467018,0.0,1
Kothrud,University,21,30,3,1,1416,9741,0,24.765254237288136,0.0,0
Kothrud,University,21,30,3,2,1711,13620,0,28.656925774400932,0.0,0
Kothrud,University,22,30,3,0,1066,8057,0,27.209380863039403,0.0,1
Kothrud,University,22,30,3,1,1326,9741,0,26.446153846153845,0.0,0
Kothrud,University,22,30,3,2,1642,13620,0,29.86114494518879,0.0,0
Kothrud,University,23,30,3,0,1066,8057,0,27.209380863039403,0.0,1
Kothrud,University,23,30,3,1,1326,9741,0,26.446153846153845,0.0,0
Kothrud,University,23,30,3,2,1642,13620,0,29.86114494518879,0.0,0
Kothrud,University,6,30,4,0,1086,8057,0,26.70828729281768,0.0,1
Kothrud,University,6,30,4,1,1354,9741,0,25.899261447562775,0.0,0
Kothrud,University,6,30,4,2,1670,13620,0,29.360479041916165,0.0,0
Kothrud,University,7,30,4,0,1129,8057,0,25.691054030115147,0.0,1
Kothrud,University,7,30,4,1,1349,9546,0,25.47487027427724,0.0,0
Kothrud,University,7,30,4,2,1708,13620,0,28.70725995316159,0.0,0
Kothrud,University,8,30,4,0,1185,8057,0,24.476962025316457,0.0,1
Kothrud,University,8,30,4,1,1419,9546,0,24.218181818181815,0.0,0
Kothrud,University,8,30,4,2,1753,13620,0,27.97033656588705,0.0,0
Kothrud,University,9,30,4,0,1220,8057,0,23.774754098360656,0.0,1
Kothrud,University,9,30,4,1,1465,9546,0,23.457747440273035,0.0,0
Kothrud,University,9,30,4,2,1786,13620,0,27.4535274356103,0.0,0
Kothrud,University,10,30,4,0,1266,8057,0,22.910900473933648,0.0,1
Kothrud,University,10,30,4,1,1539,9546,0,22.32982456140351,0.0,0
Kothrud,University,10,30,4,2,1826,13620,0,26.852135815991236,0.0,0
Kothrud,University,11,30,4,0,1326,8057,0,21.87420814479638,0.0,1
Kothrud,University,11,30,4,1,1629,9546,0,21.09613259668508,0.0,0
Kothrud,University,11,30,4,2,1871,13620,0,26.206306787814004,0.0,0
Kothrud,University,12,30,4,0,1352,8057,0,21.45355029585799,0.0,1
Kothrud,University,12,30,4,1,1676,9546,0,20.50453460620525,0.0,0
Kothrud,University,12,30,4,2,1888,13620,0,25.970338983050844,0.0,0
Kothrud,University,13,30,4,0,1355,8057,0,21.406051660516606,0.0,1
Kothrud,University,13,30,4,1,1682,9546,0,20.431391200951246,0.0,0
Kothrud,University,13,30,4,2,1870,13620,0,26.22032085561497,0.0,0
Kothrud,University,14,30,4,0,1349,8057,0,21.50126019273536,0.0,1
Kothrud,University,14,30,4,1,1845,13620,0,26.575609756097563,0.0,0
Kothrud,University,14,30,4,2,1778,9675,0,19.589426321709787,0.0,0
Kothrud,University,15,30,4,0,1358,8057,0,21.358762886597937,0.0,1
Kothrud,University,15,30,4,1,1846,13620,0,26.56121343445287,0.0,0
Kothrud,University,15,30,4,2,1796,9675,0,19.393095768374167,0.0,0
Kothrud,University,16,30,4,0,1398,8057,0,20.747639484978542,0.0,1
Kothrud,University,16,30,4,1,1880,13620,0,26.080851063829783,0.0,0
Kothrud,University,16,30,4,2,1765,9546,0,19.470594900849857,0.0,0
Kothrud,University,17,30,4,0,1441,8057,0,20.12852185981957,0.0,1
Kothrud,University,17,30,4,1,1917,13620,0,25.577464788732396,0.0,0
Kothrud,University,17,30,4,2,1844,9546,0,18.63644251626898,0.0,0
Kothrud,University,18,30,4,0,1447,8057,0,20.045058742225294,0.0,1
Kothrud,University,18,30,4,1,1938,13620,0,25.300309597523217,0.0,0
Kothrud,University,18,30,4,2,1861,9546,0,18.466200967221923,0.0,0
Kothrud,University,19,30,4,0,1389,8057,0,20.88207343412527,0.0,1
Kothrud,University,19,30,4,1,1732,9546,0,19.841570438799074,0.0,0
Kothrud,University,19,30,4,2,1919,13620,0,25.550807712350185,0.0,0
Kothrud,University,20,30,4,0,1283,8057,0,22.607326578332035,0.0,1
Kothrud,University,20,30,4,1,1554,9546,0,22.114285714285714,0.0,0
Kothrud,University,20,30,4,2,1836,13620,0,26.705882352941174,0.0,0
Kothrud,University,21,30,4,0,1123,8057,0,25.828317008014245,0.0,1
Kothrud,University,21,30,4,1,1404,9741,0,24.976923076923075,0.0,0
Kothrud,University,21,30,4,2,1691,13620,0,28.99586043761088,0.0,0
Kothrud,University,22,30,4,0,1066,8057,0,27.209380863039403,0.0,1
Kothrud,University,22,30,4,1,1326,9741,0,26.446153846153845,0.0,0
Kothrud,University,22,30,4,2,1642,13620,0,29.86114494518879,0.0,0
Kothrud,University,23,30,4,0,1066,8057,0,27.209380863039403,0.0,1
Kothrud,University,23,30,4,1,1326,9741,0,26.446153846153845,0.0,0
Kothrud,University,23,30,4,2,1642,13620,0,29.86114494518879,0.0,0
Kothrud,University,6,30,5,0,1108,8057,0,26.177978339350183,0.0,1
Kothrud,University,6,30,5,1,1383,9741,0,25.356182212581345,0.0,0
Kothrud,University,6,30,5,2,1697,13520,0,28.681202121390687,0.0,0
Kothrud,University,7,30,5,0,1227,8057,0,23.63911980440098,0.0,1
Kothrud,University,7,30,5,1,1467,9546,0,23.425766871165646,0.0,0
Kothrud,University,7,30,5,2,1789,13620,0,27.40749021799888,0.0,0
Kothrud,University,8,30,5,0,1379,8057,0,21.03350253807107,0.0,1
Kothrud,University,8,30,5,1,1645,9546,0,20.89094224924012,0.0,0
Kothrud,University,8,30,5,2,1905,13599,0,25.698897637795277,0.0,0
Kothrud,University,9,30,5,0,1459,8057,0,19.88019191226868,0.0,1
Kothrud,University,9,30,5,1,1735,9546,0,19.807262247838615,0.0,0
Kothrud,University,9,30,5,2,1949,13599,0,25.11872755259107,0.0,0
Kothrud,University,10,30,5,0,1533,8057,0,18.92054794520548,0.0,1
Kothrud,University,10,30,5,1,1990,13599,0,24.601206030150752,0.0,0
Kothrud,University,10,30,5,2,1935,9654,0,17.96093023255814,0.0,0
Kothrud,University,11,30,5,0,1579,8057,0,18.369347688410386,0.0,1
Kothrud,University,11,30,5,1,2025,13599,0,24.176000000000002,0.0,0
Kothrud,University,11,30,5,2,1991,9675,0,17.493721747865397,0.0,0
Kothrud,University,12,30,5,0,1551,8057,0,18.700967117988395,0.0,1
Kothrud,University,12,30,5,1,2031,13620,0,24.14180206794682,0.0,0
Kothrud,University,12,30,5,2,1962,9675,0,17.75229357798165,0.0,0
Kothrud,University,13,30,5,0,1471,8057,0,19.718014955812375,0.0,1
Kothrud,University,13,30,5,1,1932,13620,0,25.37888198757764,0.0,0
Kothrud,University,13,30,5,2,1891,9675,0,18.418826017979907,0.0,0
Kothrud,University,14,30,5,0,1415,8057,0,20.498374558303887,0.0,1
Kothrud,University,14,30,5,1,1860,13620,0,26.36129032258064,0.0,0
Kothrud,University,14,30,5,2,1856,9741,0,18.89418103448276,0.0,0
Kothrud,University,15,30,5,0,1417,8057,0,20.469442484121384,0.0,1
Kothrud,University,15,30,5,1,1857,13620,0,26.403877221324713,0.0,0
Kothrud,University,15,30,5,2,1884,9741,0,18.613375796178342,0.0,0
Kothrud,University,16,30,5,0,1516,8057,0,19.132717678100263,0.0,1
Kothrud,University,16,30,5,1,1941,13599,0,25.22225656877898,0.0,0
Kothrud,University,16,30,5,2,1909,9546,0,18.00188580408591,0.0,0
Kothrud,University,17,30,5,0,1645,8057,0,17.632340425531915,0.0,1
Kothrud,University,17,30,5,1,2048,13599,0,23.9044921875,0.0,0
Kothrud,University,17,30,5,2,2141,9680,0,16.276506305464736,0.0,0
Kothrud,University,18,30,5,0,1675,7979,0,17.14889552238806,0.0,1
Kothrud,University,18,30,5,1,2114,13599,0,23.15818353831599,0.0,0
Kothrud,University,18,30,5,2,2122,9680,0,16.42224316682375,0.0,0
Kothrud,University,19,30,5,0,1568,8057,0,18.498214285714287,0.0,1
Kothrud,University,19,30,5,1,1913,9675,0,18.20700470465238,0.0,0
Kothrud,University,19,30,5,2,2091,13599,0,23.412912482065998,0.0,0
Kothrud,University,20,30,5,0,1349,8057,0,21.50126019273536,0.0,1
Kothrud,University,20,30,5,1,1671,9741,0,20.985996409335726,0.0,0
Kothrud,University,20,30,5,2,1926,13620,0,25.457943925233643,0.0,0
Kothrud,University,21,30,5,0,1133,8057,0,25.60035304501324,0.0,1
Kothrud,University,21,30,5,1,1405,9741,0,24.95914590747331,0.0,0
Kothrud,University,21,30,5,2,1708,13620,0,28.70725995316159,0.0,0
Kothrud,University,22,30,5,0,1066,8057,0,27.209380863039403,0.0,1
Kothrud,University,22,30,5,1,1326,9741,0,26.446153846153845,0.0,0
Kothrud,University,22,30,5,2,1643,13620,0,29.842970176506388,0.0,0
Kothrud,University,23,30,5,0,1066,8057,0,27.209380863039403,0.0,1
Kothrud,University,23,30,5,1,1326,9741,0,26.446153846153845,0.0,0
Kothrud,University,23,30,5,2,1643,13620,0,29.842970176506388,0.0,0
Kothrud,University,6,30,6,0,1105,8057,0,26.249049773755655,0.0,1
Kothrud,University,6,30,6,1,1379,9741,0,25.429731689630167,0.0,0
Kothrud,University,6,30,6,2,1684,13620,0,29.116389548693583,0.0,0
Kothrud,University,7,30,6,0,1233,8057,0,23.524087591240875,0.0,1
Kothrud,University,7,30,6,1,1475,9546,0,23.29871186440678,0.0,0
Kothrud,University,7,30,6,2,1802,13599,0,27.167813540510547,0.0,0
Kothrud,University,8,30,6,0,1403,8057,0,20.673699215965787,0.0,1
Kothrud,University,8,30,6,1,1671,9546,0,20.56588868940754,0.0,0
Kothrud,University,8,30,6,2,1942,13599,0,25.209268795056644,0.0,0
Kothrud,University,9,30,6,0,1496,8057,0,19.388502673796793,0.0,1
Kothrud,University,9,30,6,1,1783,9546,0,19.274032529444757,0.0,0
Kothrud,University,9,30,6,2,1996,13599,0,24.52725450901804,0.0,0
Kothrud,University,10,30,6,0,1582,8057,0,18.334513274336285,0.0,1
Kothrud,University,10,30,6,1,2048,13599,0,23.9044921875,0.0,0
Kothrud,University,10,30,6,2,1907,9526,0,17.98300996329313,0.0,0
Kothrud,University,11,30,6,0,1623,8057,0,17.871349353049908,0.0,1
Kothrud,University,11,30,6,1,2080,13599,0,23.536730769230772,0.0,0
Kothrud,University,11,30,6,2,1987,9526,0,17.258983392048314,0.0,0
Kothrud,University,12,30,6,0,1576,8057,0,18.404314720812184,0.0,1
Kothrud,University,12,30,6,1,2057,13599,0,23.799902771025767,0.0,0
Kothrud,University,12,30,6,2,2028,9675,0,17.174556213017752,0.0,0
Kothrud,University,13,30,6,0,1487,8057,0,19.505850706119706,0.0,1
Kothrud,University,13,30,6,1,1943,13620,0,25.23520329387545,0.0,0
Kothrud,University,13,30,6,2,1934,9741,0,18.132161323681487,0.0,0
Kothrud,University,14,30,6,0,1442,8057,0,20.11456310679612,0.0,1
Kothrud,University,14,30,6,1,1871,13620,0,26.206306787814004,0.0,0
Kothrud,University,14,30,6,2,1895,9741,0,18.50532981530343,0.0,0
Kothrud,University,15,30,6,0,1454,8057,0,19.948555708390646,0.0,1
Kothrud,University,15,30,6,1,1890,13620,0,25.94285714285714,0.0,0
Kothrud,University,15,30,6,2,1842,9546,0,18.656677524429963,0.0,0
Kothrud,University,16,30,6,0,1560,8057,0,18.593076923076925,0.0,1
Kothrud,University,16,30,6,1,2010,13620,0,24.394029850746268,0.0,0
Kothrud,University,16,30,6,2,1970,9546,0,17.444467005076138,0.0,0
Kothrud,University,17,30,6,0,1677,7979,0,17.12844364937388,0.0,1
Kothrud,University,17,30,6,1,2138,13599,0,22.89822263797942,0.0,0
Kothrud,University,17,30,6,2,2100,9572,0,16.409142857142854,0.0,0
Kothrud,University,18,30,6,0,1702,7979,0,16.876850763807283,0.0,1
Kothrud,University,18,30,6,1,2208,13599,0,22.172282608695653,0.0,0
Kothrud,University,18,30,6,2,2197,9680,0,15.861629494765587,0.0,0
Kothrud,University,19,30,6,0,1571,8057,0,18.462889879057926,0.0,1
Kothrud,University,19,30,6,1,1975,9675,0,17.63544303797468,0.0,0
Kothrud,University,19,30,6,2,2144,13599,0,22.83414179104478,0.0,0
Kothrud,University,20,30,6,0,1347,8057,0,21.533184855233856,0.0,1
Kothrud,University,20,30,6,1,1682,9741,0,20.848751486325803,0.0,0
Kothrud,University,20,30,6,2,1933,13620,0,25.365752715985515,0.0,0
Kothrud,University,21,30,6,0,1133,8057,0,25.60035304501324,0.0,1
Kothrud,University,21,30,6,1,1405,9741,0,24.95914590747331,0.0,0
Kothrud,University,21,30,6,2,1707,13620,0,28.724077328646747,0.0,0
Kothrud,University,22,30,6,0,1066,8057,0,27.209380863039403,0.0,1
Kothrud,University,22,30,6,1,1326,9741,0,26.446153846153845,0.0,0
Kothrud,University,22,30,6,2,1643,13620,0,29.842970176506388,0.0,0
Kothrud,University,23,30,6,0,1066,8057,0,27.209380863039403,0.0,1
Kothrud,University,23,30,6,1,1326,9741,0,26.446153846153845,0.0,0
Kothrud,University,23,30,6,2,1643,13620,0,29.842970176506388,0.0,0
