origin,destination,hour,day_of_week,route_id,travel_time,distance,traffic_delay,avg_speed,delay_ratio,is_best_route
Swargate,Hinjewadi,7,0,0,2334,19447,0,29.995372750642673,0.0,1
Swargate,Hinjewadi,7,0,1,2440,23562,0,34.76360655737705,0.0,0
Swargate,Hinjewadi,7,0,2,2509,19532,0,28.025189318453567,0.0,0
Swargate,Hinjewadi,9,0,0,2803,19447,0,24.97652515162326,0.0,1
Swargate,Hinjewadi,9,0,1,3040,23630,0,27.982894736842105,0.0,0
Swargate,Hinjewadi,9,0,2,3002,19532,0,23.422784810126583,0.0,0
Swargate,Hinjewadi,11,0,0,3055,19469,0,22.942193126022914,0.0,1
Swargate,Hinjewadi,11,0,1,3270,23766,0,26.16440366972477,0.0,0
Swargate,Hinjewadi,11,0,2,3289,19555,0,21.40407418668288,0.0,0
Swargate,Hinjewadi,13,0,0,2915,19469,0,24.044048027444255,0.0,1
Swargate,Hinjewadi,13,0,1,3096,23766,0,27.63488372093023,0.0,0
Swargate,Hinjewadi,13,0,2,3138,19555,0,22.434034416826,0.0,0
Swargate,Hinjewadi,15,0,0,2914,19469,0,24.052299245024024,0.0,0
Swargate,Hinjewadi,15,0,1,2874,23766,0,29.769519832985385,0.0,1
Swargate,Hinjewadi,15,0,2,3293,19556,0,21.379167931976923,0.0,0
Swargate,Hinjewadi,17,0,0,3284,23578,0,25.846772228989035,0.0,1
Swargate,Hinjewadi,17,0,1,3356,19447,0,20.860905840286055,0.0,0
Swargate,Hinjewadi,17,0,2,3485,19532,0,20.176527977044476,0.0,0
Swargate,Hinjewadi,19,0,0,3280,19447,0,21.344268292682926,0.0,1
Swargate,Hinjewadi,19,0,1,3330,23630,0,25.545945945945945,0.0,0
Swargate,Hinjewadi,19,0,2,3382,19532,0,20.791011235955057,0.0,0
Swargate,Hinjewadi,21,0,0,2381,19447,0,29.403275934481307,0.0,1
Swargate,Hinjewadi,21,0,1,2526,23562,0,33.580047505938246,0.0,0
Swargate,Hinjewadi,21,0,2,2534,19532,0,27.74869771112865,0.0,0
Swargate,Hinjewadi,23,0,0,2123,19469,0,33.01384832783796,0.0,1
Swargate,Hinjewadi,23,0,1,2217,23562,0,38.26035182679296,0.0,0
Swargate,Hinjewadi,23,0,2,2401,19870,0,29.79258642232403,0.0,0
Swargate,Hinjewadi,7,1,0,2317,19447,0,30.215451014242554,0.0,1
Swargate,Hinjewadi,7,1,1,2425,23562,0,34.97863917525773,0.0,0
Swargate,Hinjewadi,7,1,2,2519,19532,0,27.913934100833664,0.0,0
Swargate,Hinjewadi,9,1,0,2744,19447,0,25.51355685131195,0.0,1
Swargate,Hinjewadi,9,1,1,2996,23766,0,28.55727636849132,0.0,0
Swargate,Hinjewadi,9,1,2,2925,19532,0,24.039384615384616,0.0,0
Swargate,Hinjewadi,11,1,0,2992,19469,0,23.425267379679145,0.0,1
Swargate,Hinjewadi,11,1,1,3220,23766,0,26.57068322981366,0.0,0
Swargate,Hinjewadi,11,1,2,3203,19555,0,21.978769903215735,0.0,0
Swargate,Hinjewadi,13,1,0,2898,19469,0,24.185093167701865,0.0,1
Swargate,Hinjewadi,13,1,1,3075,23766,0,27.82360975609756,0.0,0
Swargate,Hinjewadi,13,1,2,3077,19555,0,22.878778030549235,0.0,0
Swargate,Hinjewadi,15,1,0,2855,23766,0,29.967635726795095,0.0,1
Swargate,Hinjewadi,15,1,1,2924,19469,0,23.970041039671685,0.0,0
Swargate,Hinjewadi,15,1,2,3243,19556,0,21.708788159111933,0.0,0
Swargate,Hinjewadi,17,1,0,3266,23578,0,25.989222290263317,0.0,1
Swargate,Hinjewadi,17,1,1,3356,19447,0,20.860905840286055,0.0,0
Swargate,Hinjewadi,17,1,2,3437,19532,0,20.458306662787315,0.0,0
Swargate,Hinjewadi,19,1,0,3284,19447,0,21.31827040194884,0.0,1
Swargate,Hinjewadi,19,1,1,3349,23630,0,25.401015228426395,0.0,0
Swargate,Hinjewadi,19,1,2,3344,19532,0,21.027272727272727,0.0,0
Swargate,Hinjewadi,21,1,0,2381,19447,0,29.403275934481307,0.0,1
Swargate,Hinjewadi,21,1,1,2525,23562,0,33.59334653465347,0.0,0
Swargate,Hinjewadi,21,1,2,2528,19532,0,27.814556962025318,0.0,0
Swargate,Hinjewadi,23,1,0,2123,19469,0,33.01384832783796,0.0,1
Swargate,Hinjewadi,23,1,1,2217,23562,0,38.26035182679296,0.0,0
Swargate,Hinjewadi,23,1,2,2401,19870,0,29.79258642232403,0.0,0
Swargate,Hinjewadi,7,2,0,2298,19447,0,30.46527415143603,0.0,1
Swargate,Hinjewadi,7,2,1,2396,23562,0,35.40200333889816,0.0,0
Swargate,Hinjewadi,7,2,2,2482,19532,0,28.330056406124093,0.0,0
Swargate,Hinjewadi,9,2,0,2711,19447,0,25.824123939505714,0.0,1
Swargate,Hinjewadi,9,2,1,2938,23630,0,28.954390742001358,0.0,0
Swargate,Hinjewadi,9,2,2,2873,19532,0,24.474486599373478,0.0,0
Swargate,Hinjewadi,11,2,0,2998,19469,0,23.3783855903936,0.0,1
Swargate,Hinjewadi,11,2,1,3197,23766,0,26.76183922427275,0.0,0
Swargate,Hinjewadi,11,2,2,3178,19555,0,22.151667715544367,0.0,0
Swargate,Hinjewadi,13,2,0,2931,19469,0,23.91279426816786,0.0,1
Swargate,Hinjewadi,13,2,1,3115,23766,0,27.46632423756019,0.0,0
Swargate,Hinjewadi,13,2,2,3119,19555,0,22.57069573581276,0.0,0
Swargate,Hinjewadi,15,2,0,2882,23766,0,29.686884108258152,0.0,1
Swargate,Hinjewadi,15,2,1,2955,19447,0,23.691776649746192,0.0,0
Swargate,Hinjewadi,15,2,2,3399,19870,0,21.045013239188,0.0,0
Swargate,Hinjewadi,17,2,0,3278,23578,0,25.894081757169005,0.0,1
Swargate,Hinjewadi,17,2,1,3379,19447,0,20.71891092039065,0.0,0
Swargate,Hinjewadi,17,2,2,3456,19532,0,20.345833333333335,0.0,0
Swargate,Hinjewadi,19,2,0,3331,19447,0,21.017472230561392,0.0,1
Swargate,Hinjewadi,19,2,1,3363,23630,0,25.295272078501338,0.0,0
Swargate,Hinjewadi,19,2,2,3382,19532,0,20.791011235955057,0.0,0
Swargate,Hinjewadi,21,2,0,2396,19469,0,29.252253756260437,0.0,1
Swargate,Hinjewadi,21,2,1,2541,23562,0,33.38181818181818,0.0,0
Swargate,Hinjewadi,21,2,2,2543,19555,0,27.683051513959892,0.0,0
Swargate,Hinjewadi,23,2,0,2123,19469,0,33.01384832783796,0.0,1
Swargate,Hinjewadi,23,2,1,2217,23562,0,38.26035182679296,0.0,0
Swargate,Hinjewadi,23,2,2,2401,19870,0,29.79258642232403,0.0,0
Swargate,Hinjewadi,7,3,0,2251,19447,0,31.10137716570413,0.0,1
Swargate,Hinjewadi,7,3,1,2357,23562,0,35.987781077641074,0.0,0
Swargate,Hinjewadi,7,3,2,2412,19532,0,29.152238805970146,0.0,0
Swargate,Hinjewadi,9,3,0,2511,19469,0,27.912544802867384,0.0,1
Swargate,Hinjewadi,9,3,1,2787,23562,0,30.43530678148547,0.0,0
Swargate,Hinjewadi,9,3,2,2680,19555,0,26.267910447761192,0.0,0
Swargate,Hinjewadi,11,3,0,2816,19469,0,24.889346590909092,0.0,1
Swargate,Hinjewadi,11,3,1,3125,23766,0,27.378431999999997,0.0,0
Swargate,Hinjewadi,11,3,2,3014,19555,0,23.357000663570005,0.0,0
Swargate,Hinjewadi,13,3,0,2999,19469,0,23.370590196732245,0.0,1
Swargate,Hinjewadi,13,3,1,3208,23766,0,26.67007481296758,0.0,0
Swargate,Hinjewadi,13,3,2,3216,19555,0,21.88992537313433,0.0,0
Swargate,Hinjewadi,15,3,0,3087,23766,0,27.715451895043728,0.0,1
Swargate,Hinjewadi,15,3,1,3206,19469,0,21.861634435433565,0.0,0
Swargate,Hinjewadi,15,3,2,3137,26572,0,30.49384762511954,0.0,0
Swargate,Hinjewadi,17,3,0,3305,23578,0,25.682541603630863,0.0,1
Swargate,Hinjewadi,17,3,1,3487,19447,0,20.07720103240608,0.0,0
Swargate,Hinjewadi,17,3,2,3693,19556,0,19.06352558895207,0.0,0
Swargate,Hinjewadi,19,3,0,3151,19447,0,22.218089495398285,0.0,1
Swargate,Hinjewadi,19,3,1,3258,23578,0,26.053038674033147,0.0,0
Swargate,Hinjewadi,19,3,2,3418,19556,0,20.597308367466358,0.0,0
Swargate,Hinjewadi,21,3,0,2392,19447,0,29.2680602006689,0.0,1
Swargate,Hinjewadi,21,3,1,2547,23562,0,33.303180212014134,0.0,0
Swargate,Hinjewadi,21,3,2,2542,19532,0,27.66136900078678,0.0,0
Swargate,Hinjewadi,23,3,0,2123,19469,0,33.01384832783796,0.0,1
Swargate,Hinjewadi,23,3,1,2217,23562,0,38.26035182679296,0.0,0
Swargate,Hinjewadi,23,3,2,2400,19870,0,29.805000000000003,0.0,0
Swargate,Hinjewadi,7,4,0,2200,19447,0,31.822363636363633,0.0,1
Swargate,Hinjewadi,7,4,1,2309,23562,0,36.73590298830663,0.0,0
Swargate,Hinjewadi,7,4,2,2515,19870,0,28.442147117296226,0.0,0
Swargate,Hinjewadi,9,4,0,2350,19447,0,29.79114893617021,0.0,1
Swargate,Hinjewadi,9,4,1,2564,23562,0,33.0823712948518,0.0,0
Swargate,Hinjewadi,9,4,2,2521,19532,0,27.891788972629907,0.0,0
Swargate,Hinjewadi,11,4,0,2557,19447,0,27.379429018380915,0.0,1
Swargate,Hinjewadi,11,4,1,2780,23630,0,30.599999999999998,0.0,0
Swargate,Hinjewadi,11,4,2,2946,19917,0,24.33849287169043,0.0,0
Swargate,Hinjewadi,13,4,0,2688,19447,0,26.045089285714283,0.0,1
Swargate,Hinjewadi,13,4,1,2865,23630,0,29.692146596858638,0.0,0
Swargate,Hinjewadi,13,4,2,3064,19917,0,23.401174934725848,0.0,0
Swargate,Hinjewadi,15,4,0,2870,19447,0,24.393449477351915,0.0,0
Swargate,Hinjewadi,15,4,1,2834,23630,0,30.016937191249117,0.0,1
Swargate,Hinjewadi,15,4,2,3104,20023,0,23.222551546391752,0.0,0
Swargate,Hinjewadi,17,4,0,3015,23630,0,28.214925373134328,0.0,1
Swargate,Hinjewadi,17,4,1,3065,19608,0,23.030603588907017,0.0,0
Swargate,Hinjewadi,17,4,2,3298,20365,0,22.229836264402667,0.0,0
Swargate,Hinjewadi,19,4,0,2843,19447,0,24.625114315863524,0.0,1
Swargate,Hinjewadi,19,4,1,3019,23630,0,28.177542232527326,0.0,0
Swargate,Hinjewadi,19,4,2,3257,20193,0,22.319557875345414,0.0,0
Swargate,Hinjewadi,21,4,0,2327,19447,0,30.085603781693166,0.0,1
Swargate,Hinjewadi,21,4,1,2487,23562,0,34.10663449939687,0.0,0
Swargate,Hinjewadi,21,4,2,2486,19532,0,28.28447304907482,0.0,0
Swargate,Hinjewadi,23,4,0,2123,19469,0,33.01384832783796,0.0,1
Swargate,Hinjewadi,23,4,1,2217,23562,0,38.26035182679296,0.0,0
Swargate,Hinjewadi,23,4,2,2400,19870,0,29.805000000000003,0.0,0
Swargate,Hinjewadi,7,5,0,2324,19447,0,30.124440619621343,0.0,1
Swargate,Hinjewadi,7,5,1,2427,23562,0,34.94981458590853,0.0,0
Swargate,Hinjewadi,7,5,2,2494,19532,0,28.19374498797113,0.0,0
Swargate,Hinjewadi,9,5,0,2752,19447,0,25.43938953488372,0.0,1
Swargate,Hinjewadi,9,5,1,2992,23630,0,28.43181818181818,0.0,0
Swargate,Hinjewadi,9,5,2,2956,19532,0,23.787280108254397,0.0,0
Swargate,Hinjewadi,11,5,0,2948,19469,0,23.774898236092266,0.0,1
Swargate,Hinjewadi,11,5,1,3213,23766,0,26.628571428571426,0.0,0
Swargate,Hinjewadi,11,5,2,3187,19555,0,22.08911201757138,0.0,0
Swargate,Hinjewadi,13,5,0,2845,19469,0,24.635641476274166,0.0,1
Swargate,Hinjewadi,13,5,1,3069,23766,0,27.878005865102637,0.0,0
Swargate,Hinjewadi,13,5,2,3036,19555,0,23.18774703557312,0.0,0
Swargate,Hinjewadi,15,5,0,2858,19469,0,24.523582925122465,0.0,0
Swargate,Hinjewadi,15,5,1,2853,23766,0,29.988643533123028,0.0,1
Swargate,Hinjewadi,15,5,2,2988,19555,0,23.560240963855424,0.0,0
Swargate,Hinjewadi,17,5,0,3229,23578,0,26.28702384639207,0.0,1
Swargate,Hinjewadi,17,5,1,3312,19447,0,21.13804347826087,0.0,0
Swargate,Hinjewadi,17,5,2,3388,19532,0,20.754191263282173,0.0,0
Swargate,Hinjewadi,19,5,0,3253,19447,0,21.521426375653242,0.0,1
Swargate,Hinjewadi,19,5,1,3288,23630,0,25.87226277372263,0.0,0
Swargate,Hinjewadi,19,5,2,3320,19532,0,21.179277108433734,0.0,0
Swargate,Hinjewadi,21,5,0,2368,19447,0,29.564695945945942,0.0,1
Swargate,Hinjewadi,21,5,1,2514,23562,0,33.74033412887828,0.0,0
Swargate,Hinjewadi,21,5,2,2520,19532,0,27.902857142857144,0.0,0
Swargate,Hinjewadi,23,5,0,2123,19469,0,33.01384832783796,0.0,1
Swargate,Hinjewadi,23,5,1,2217,23562,0,38.26035182679296,0.0,0
Swargate,Hinjewadi,23,5,2,2401,19870,0,29.79258642232403,0.0,0
Swargate,Hinjewadi,7,6,0,2348,19447,0,29.81652470187393,0.0,1
Swargate,Hinjewadi,7,6,1,2451,23562,0,34.60758873929009,0.0,0
Swargate,Hinjewadi,7,6,2,2506,19532,0,28.05873902633679,0.0,0
Swargate,Hinjewadi,9,6,0,2825,19447,0,24.782017699115045,0.0,1
Swargate,Hinjewadi,9,6,1,3070,23630,0,27.70944625407166,0.0,0
Swargate,Hinjewadi,9,6,2,2996,19532,0,23.46969292389853,0.0,0
Swargate,Hinjewadi,11,6,0,3101,19469,0,22.601870364398582,0.0,1
Swargate,Hinjewadi,11,6,1,3297,26572,0,29.014012738853502,0.0,0
Swargate,Hinjewadi,11,6,2,3304,19555,0,21.30690072639225,0.0,0
Swargate,Hinjewadi,13,6,0,2962,19469,0,23.662525320729237,0.0,1
Swargate,Hinjewadi,13,6,1,3118,23766,0,27.43989737010904,0.0,0
Swargate,Hinjewadi,13,6,2,3140,19555,0,22.419745222929937,0.0,0
Swargate,Hinjewadi,15,6,0,2884,23766,0,29.66629680998613,0.0,1
Swargate,Hinjewadi,15,6,1,2970,19447,0,23.572121212121214,0.0,0
Swargate,Hinjewadi,15,6,2,3306,19556,0,21.295099818511797,0.0,0
Swargate,Hinjewadi,17,6,0,3306,23578,0,25.674773139745916,0.0,1
Swargate,Hinjewadi,17,6,1,3427,19447,0,20.428713160198424,0.0,0
Swargate,Hinjewadi,17,6,2,3366,26572,0,28.419251336898395,0.0,0
Swargate,Hinjewadi,19,6,0,3320,19447,0,21.087108433734937,0.0,1
Swargate,Hinjewadi,19,6,1,3347,23630,0,25.41619360621452,0.0,0
Swargate,Hinjewadi,19,6,2,3396,19532,0,20.70530035335689,0.0,0
Swargate,Hinjewadi,21,6,0,2375,19447,0,29.47755789473684,0.0,1
Swargate,Hinjewadi,21,6,1,2525,23562,0,33.59334653465347,0.0,0
Swargate,Hinjewadi,21,6,2,2521,19532,0,27.891788972629907,0.0,0
Swargate,Hinjewadi,23,6,0,2123,19469,0,33.01384832783796,0.0,1
Swargate,Hinjewadi,23,6,1,2217,23562,0,38.26035182679296,0.0,0
Swargate,Hinjewadi,23,6,2,2401,19870,0,29.79258642232403,0.0,0
Swargate,Hinjewadi,7,0,0,2334,19447,0,29.995372750642673,0.0,1
Swargate,Hinjewadi,7,0,1,2440,23562,0,34.76360655737705,0.0,0
Swargate,Hinjewadi,7,0,2,2509,19532,0,28.025189318453567,0.0,0
Swargate,Hinjewadi,9,0,0,2803,19447,0,24.97652515162326,0.0,1
Swargate,Hinjewadi,9,0,1,3040,23630,0,27.982894736842105,0.0,0
Swargate,Hinjewadi,9,0,2,3002,19532,0,23.422784810126583,0.0,0
Swargate,Hinjewadi,11,0,0,3055,19469,0,22.942193126022914,0.0,1
Swargate,Hinjewadi,11,0,1,3270,23766,0,26.16440366972477,0.0,0
Swargate,Hinjewadi,11,0,2,3289,19555,0,21.40407418668288,0.0,0
Swargate,Hinjewadi,13,0,0,2915,19469,0,24.044048027444255,0.0,1
Swargate,Hinjewadi,13,0,1,3096,23766,0,27.63488372093023,0.0,0
Swargate,Hinjewadi,13,0,2,3138,19555,0,22.434034416826,0.0,0
Swargate,Hinjewadi,15,0,0,2914,19469,0,24.052299245024024,0.0,0
Swargate,Hinjewadi,15,0,1,2874,23766,0,29.769519832985385,0.0,1
Swargate,Hinjewadi,15,0,2,3293,19556,0,21.379167931976923,0.0,0
Swargate,Hinjewadi,17,0,0,3284,23578,0,25.846772228989035,0.0,1
Swargate,Hinjewadi,17,0,1,3356,19447,0,20.860905840286055,0.0,0
Swargate,Hinjewadi,17,0,2,3485,19532,0,20.176527977044476,0.0,0
Swargate,Hinjewadi,19,0,0,3280,19447,0,21.344268292682926,0.0,1
Swargate,Hinjewadi,19,0,1,3330,23630,0,25.545945945945945,0.0,0
Swargate,Hinjewadi,19,0,2,3382,19532,0,20.791011235955057,0.0,0
Swargate,Hinjewadi,21,0,0,2381,19447,0,29.403275934481307,0.0,1
Swargate,Hinjewadi,21,0,1,2526,23562,0,33.580047505938246,0.0,0
Swargate,Hinjewadi,21,0,2,2534,19532,0,27.74869771112865,0.0,0
Swargate,Hinjewadi,23,0,0,2123,19469,0,33.01384832783796,0.0,1
Swargate,Hinjewadi,23,0,1,2217,23562,0,38.26035182679296,0.0,0
Swargate,Hinjewadi,23,0,2,2401,19870,0,29.79258642232403,0.0,0
Swargate,Hinjewadi,7,1,0,2317,19447,0,30.215451014242554,0.0,1
Swargate,Hinjewadi,7,1,1,2425,23562,0,34.97863917525773,0.0,0
Swargate,Hinjewadi,7,1,2,2519,19532,0,27.913934100833664,0.0,0
Swargate,Hinjewadi,9,1,0,2744,19447,0,25.51355685131195,0.0,1
Swargate,Hinjewadi,9,1,1,2996,23766,0,28.55727636849132,0.0,0
Swargate,Hinjewadi,9,1,2,2925,19532,0,24.039384615384616,0.0,0
Swargate,Hinjewadi,11,1,0,2992,19469,0,23.425267379679145,0.0,1
Swargate,Hinjewadi,11,1,1,3220,23766,0,26.57068322981366,0.0,0
Swargate,Hinjewadi,11,1,2,3203,19555,0,21.978769903215735,0.0,0
Swargate,Hinjewadi,13,1,0,2898,19469,0,24.185093167701865,0.0,1
Swargate,Hinjewadi,13,1,1,3075,23766,0,27.82360975609756,0.0,0
Swargate,Hinjewadi,13,1,2,3077,19555,0,22.878778030549235,0.0,0
Swargate,Hinjewadi,15,1,0,2855,23766,0,29.967635726795095,0.0,1
Swargate,Hinjewadi,15,1,1,2924,19469,0,23.970041039671685,0.0,0
Swargate,Hinjewadi,15,1,2,3243,19556,0,21.708788159111933,0.0,0
Swargate,Hinjewadi,17,1,0,3266,23578,0,25.989222290263317,0.0,1
Swargate,Hinjewadi,17,1,1,3356,19447,0,20.860905840286055,0.0,0
Swargate,Hinjewadi,17,1,2,3437,19532,0,20.458306662787315,0.0,0
Swargate,Hinjewadi,19,1,0,3284,19447,0,21.31827040194884,0.0,1
Swargate,Hinjewadi,19,1,1,3349,23630,0,25.401015228426395,0.0,0
Swargate,Hinjewadi,19,1,2,3344,19532,0,21.027272727272727,0.0,0
Swargate,Hinjewadi,21,1,0,2381,19447,0,29.403275934481307,0.0,1
Swargate,Hinjewadi,21,1,1,2525,23562,0,33.59334653465347,0.0,0
Swargate,Hinjewadi,21,1,2,2528,19532,0,27.814556962025318,0.0,0
Swargate,Hinjewadi,23,1,0,2123,19469,0,33.01384832783796,0.0,1
Swargate,Hinjewadi,23,1,1,2217,23562,0,38.26035182679296,0.0,0
Swargate,Hinjewadi,23,1,2,2401,19870,0,29.79258642232403,0.0,0
Swargate,Hinjewadi,7,2,0,2298,19447,0,30.46527415143603,0.0,1
Swargate,Hinjewadi,7,2,1,2396,23562,0,35.40200333889816,0.0,0
Swargate,Hinjewadi,7,2,2,2482,19532,0,28.330056406124093,0.0,0
Swargate,Hinjewadi,9,2,0,2711,19447,0,25.824123939505714,0.0,1
Swargate,Hinjewadi,9,2,1,2938,23630,0,28.954390742001358,0.0,0
Swargate,Hinjewadi,9,2,2,2873,19532,0,24.474486599373478,0.0,0
Swargate,Hinjewadi,11,2,0,2998,19469,0,23.3783855903936,0.0,1
Swargate,Hinjewadi,11,2,1,3197,23766,0,26.76183922427275,0.0,0
Swargate,Hinjewadi,11,2,2,3178,19555,0,22.151667715544367,0.0,0
Swargate,Hinjewadi,13,2,0,2931,19469,0,23.91279426816786,0.0,1
Swargate,Hinjewadi,13,2,1,3115,23766,0,27.46632423756019,0.0,0
Swargate,Hinjewadi,13,2,2,3119,19555,0,22.57069573581276,0.0,0
Swargate,Hinjewadi,15,2,0,2882,23766,0,29.686884108258152,0.0,1
Swargate,Hinjewadi,15,2,1,2955,19447,0,23.691776649746192,0.0,0
Swargate,Hinjewadi,15,2,2,3399,19870,0,21.045013239188,0.0,0
Swargate,Hinjewadi,17,2,0,3278,23578,0,25.894081757169005,0.0,1
Swargate,Hinjewadi,17,2,1,3379,19447,0,20.71891092039065,0.0,0
Swargate,Hinjewadi,17,2,2,3456,19532,0,20.345833333333335,0.0,0
Swargate,Hinjewadi,19,2,0,3331,19447,0,21.017472230561392,0.0,1
Swargate,Hinjewadi,19,2,1,3363,23630,0,25.295272078501338,0.0,0
Swargate,Hinjewadi,19,2,2,3382,19532,0,20.791011235955057,0.0,0
Swargate,Hinjewadi,21,2,0,2396,19469,0,29.252253756260437,0.0,1
Swargate,Hinjewadi,21,2,1,2541,23562,0,33.38181818181818,0.0,0
Swargate,Hinjewadi,21,2,2,2543,19555,0,27.683051513959892,0.0,0
Swargate,Hinjewadi,23,2,0,2123,19469,0,33.01384832783796,0.0,1
Swargate,Hinjewadi,23,2,1,2217,23562,0,38.26035182679296,0.0,0
Swargate,Hinjewadi,23,2,2,2401,19870,0,29.79258642232403,0.0,0
Swargate,Hinjewadi,7,3,0,2251,19447,0,31.10137716570413,0.0,1
Swargate,Hinjewadi,7,3,1,2357,23562,0,35.987781077641074,0.0,0
Swargate,Hinjewadi,7,3,2,2412,19532,0,29.152238805970146,0.0,0
Swargate,Hinjewadi,9,3,0,2511,19469,0,27.912544802867384,0.0,1
Swargate,Hinjewadi,9,3,1,2787,23562,0,30.43530678148547,0.0,0
Swargate,Hinjewadi,9,3,2,2680,19555,0,26.267910447761192,0.0,0
Swargate,Hinjewadi,11,3,0,2816,19469,0,24.889346590909092,0.0,1
Swargate,Hinjewadi,11,3,1,3125,23766,0,27.378431999999997,0.0,0
Swargate,Hinjewadi,11,3,2,3014,19555,0,23.357000663570005,0.0,0
Swargate,Hinjewadi,13,3,0,2999,19469,0,23.370590196732245,0.0,1
Swargate,Hinjewadi,13,3,1,3208,23766,0,26.67007481296758,0.0,0
Swargate,Hinjewadi,13,3,2,3216,19555,0,21.88992537313433,0.0,0
Swargate,Hinjewadi,15,3,0,3087,23766,0,27.715451895043728,0.0,1
Swargate,Hinjewadi,15,3,1,3206,19469,0,21.861634435433565,0.0,0
Swargate,Hinjewadi,15,3,2,3137,26572,0,30.49384762511954,0.0,0
Swargate,Hinjewadi,17,3,0,3305,23578,0,25.682541603630863,0.0,1
Swargate,Hinjewadi,17,3,1,3487,19447,0,20.07720103240608,0.0,0
Swargate,Hinjewadi,17,3,2,3693,19556,0,19.06352558895207,0.0,0
Swargate,Hinjewadi,19,3,0,3151,19447,0,22.218089495398285,0.0,1
Swargate,Hinjewadi,19,3,1,3258,23578,0,26.053038674033147,0.0,0
Swargate,Hinjewadi,19,3,2,3418,19556,0,20.597308367466358,0.0,0
Swargate,Hinjewadi,21,3,0,2392,19447,0,29.2680602006689,0.0,1
Swargate,Hinjewadi,21,3,1,2547,23562,0,33.303180212014134,0.0,0
Swargate,Hinjewadi,21,3,2,2542,19532,0,27.66136900078678,0.0,0
Swargate,Hinjewadi,23,3,0,2123,19469,0,33.01384832783796,0.0,1
Swargate,Hinjewadi,23,3,1,2217,23562,0,38.26035182679296,0.0,0
Swargate,Hinjewadi,23,3,2,2400,19870,0,29.805000000000003,0.0,0
Swargate,Hinjewadi,7,4,0,2200,19447,0,31.822363636363633,0.0,1
Swargate,Hinjewadi,7,4,1,2309,23562,0,36.73590298830663,0.0,0
Swargate,Hinjewadi,7,4,2,2515,19870,0,28.442147117296226,0.0,0
Swargate,Hinjewadi,9,4,0,2350,19447,0,29.79114893617021,0.0,1
Swargate,Hinjewadi,9,4,1,2564,23562,0,33.0823712948518,0.0,0
Swargate,Hinjewadi,9,4,2,2521,19532,0,27.891788972629907,0.0,0
Swargate,Hinjewadi,11,4,0,2557,19447,0,27.379429018380915,0.0,1
Swargate,Hinjewadi,11,4,1,2780,23630,0,30.599999999999998,0.0,0
Swargate,Hinjewadi,11,4,2,2946,19917,0,24.33849287169043,0.0,0
Swargate,Hinjewadi,13,4,0,2688,19447,0,26.045089285714283,0.0,1
Swargate,Hinjewadi,13,4,1,2865,23630,0,29.692146596858638,0.0,0
Swargate,Hinjewadi,13,4,2,3064,19917,0,23.401174934725848,0.0,0
Swargate,Hinjewadi,15,4,0,2870,19447,0,24.393449477351915,0.0,0
Swargate,Hinjewadi,15,4,1,2834,23630,0,30.016937191249117,0.0,1
Swargate,Hinjewadi,15,4,2,3104,20023,0,23.222551546391752,0.0,0
Swargate,Hinjewadi,17,4,0,3015,23630,0,28.214925373134328,0.0,1
Swargate,Hinjewadi,17,4,1,3065,19608,0,23.030603588907017,0.0,0
Swargate,Hinjewadi,17,4,2,3298,20365,0,22.229836264402667,0.0,0
Swargate,Hinjewadi,19,4,0,2843,19447,0,24.625114315863524,0.0,1
Swargate,Hinjewadi,19,4,1,3019,23630,0,28.177542232527326,0.0,0
Swargate,Hinjewadi,19,4,2,3257,20193,0,22.319557875345414,0.0,0
Swargate,Hinjewadi,21,4,0,2327,19447,0,30.085603781693166,0.0,1
Swargate,Hinjewadi,21,4,1,2487,23562,0,34.10663449939687,0.0,0
Swargate,Hinjewadi,21,4,2,2486,19532,0,28.28447304907482,0.0,0
Swargate,Hinjewadi,23,4,0,2123,19469,0,33.01384832783796,0.0,1
Swargate,Hinjewadi,23,4,1,2217,23562,0,38.26035182679296,0.0,0
Swargate,Hinjewadi,23,4,2,2400,19870,0,29.805000000000003,0.0,0
Swargate,Hinjewadi,7,5,0,2324,19447,0,30.124440619621343,0.0,1
Swargate,Hinjewadi,7,5,1,2427,23562,0,34.94981458590853,0.0,0
Swargate,Hinjewadi,7,5,2,2494,19532,0,28.19374498797113,0.0,0
Swargate,Hinjewadi,9,5,0,2752,19447,0,25.43938953488372,0.0,1
Swargate,Hinjewadi,9,5,1,2992,23630,0,28.43181818181818,0.0,0
Swargate,Hinjewadi,9,5,2,2956,19532,0,23.787280108254397,0.0,0
Swargate,Hinjewadi,11,5,0,2948,19469,0,23.774898236092266,0.0,1
Swargate,Hinjewadi,11,5,1,3213,23766,0,26.628571428571426,0.0,0
Swargate,Hinjewadi,11,5,2,3187,19555,0,22.08911201757138,0.0,0
Swargate,Hinjewadi,13,5,0,2845,19469,0,24.635641476274166,0.0,1
Swargate,Hinjewadi,13,5,1,3069,23766,0,27.878005865102637,0.0,0
Swargate,Hinjewadi,13,5,2,3036,19555,0,23.18774703557312,0.0,0
Swargate,Hinjewadi,15,5,0,2858,19469,0,24.523582925122465,0.0,0
Swargate,Hinjewadi,15,5,1,2853,23766,0,29.988643533123028,0.0,1
Swargate,Hinjewadi,15,5,2,2988,19555,0,23.560240963855424,0.0,0
Swargate,Hinjewadi,17,5,0,3229,23578,0,26.28702384639207,0.0,1
Swargate,Hinjewadi,17,5,1,3312,19447,0,21.13804347826087,0.0,0
Swargate,Hinjewadi,17,5,2,3388,19532,0,20.754191263282173,0.0,0
Swargate,Hinjewadi,19,5,0,3253,19447,0,21.521426375653242,0.0,1
Swargate,Hinjewadi,19,5,1,3288,23630,0,25.87226277372263,0.0,0
Swargate,Hinjewadi,19,5,2,3320,19532,0,21.179277108433734,0.0,0
Swargate,Hinjewadi,21,5,0,2368,19447,0,29.564695945945942,0.0,1
Swargate,Hinjewadi,21,5,1,2514,23562,0,33.74033412887828,0.0,0
Swargate,Hinjewadi,21,5,2,2520,19532,0,27.902857142857144,0.0,0
Swargate,Hinjewadi,23,5,0,2123,19469,0,33.01384832783796,0.0,1
Swargate,Hinjewadi,23,5,1,2217,23562,0,38.26035182679296,0.0,0
Swargate,Hinjewadi,23,5,2,2401,19870,0,29.79258642232403,0.0,0
Swargate,Hinjewadi,7,6,0,2348,19447,0,29.81652470187393,0.0,1
Swargate,Hinjewadi,7,6,1,2451,23562,0,34.60758873929009,0.0,0
Swargate,Hinjewadi,7,6,2,2506,19532,0,28.05873902633679,0.0,0
Swargate,Hinjewadi,9,6,0,2825,19447,0,24.782017699115045,0.0,1
Swargate,Hinjewadi,9,6,1,3070,23630,0,27.70944625407166,0.0,0
Swargate,Hinjewadi,9,6,2,2996,19532,0,23.46969292389853,0.0,0
Swargate,Hinjewadi,11,6,0,3101,19469,0,22.601870364398582,0.0,1
Swargate,Hinjewadi,11,6,1,3297,26572,0,29.014012738853502,0.0,0
Swargate,Hinjewadi,11,6,2,3304,19555,0,21.30690072639225,0.0,0
Swargate,Hinjewadi,13,6,0,2962,19469,0,23.662525320729237,0.0,1
Swargate,Hinjewadi,13,6,1,3118,23766,0,27.43989737010904,0.0,0
Swargate,Hinjewadi,13,6,2,3140,19555,0,22.419745222929937,0.0,0
Swargate,Hinjewadi,15,6,0,2884,23766,0,29.66629680998613,0.0,1
Swargate,Hinjewadi,15,6,1,2970,19447,0,23.572121212121214,0.0,0
Swargate,Hinjewadi,15,6,2,3306,19556,0,21.295099818511797,0.0,0
Swargate,Hinjewadi,17,6,0,3306,23578,0,25.674773139745916,0.0,1
Swargate,Hinjewadi,17,6,1,3427,19447,0,20.428713160198424,0.0,0
Swargate,Hinjewadi,17,6,2,3366,26572,0,28.419251336898395,0.0,0
Swargate,Hinjewadi,19,6,0,3320,19447,0,21.087108433734937,0.0,1
Swargate,Hinjewadi,19,6,1,3347,23630,0,25.41619360621452,0.0,0
Swargate,Hinjewadi,19,6,2,3396,19532,0,20.70530035335689,0.0,0
Swargate,Hinjewadi,21,6,0,2375,19447,0,29.47755789473684,0.0,1
Swargate,Hinjewadi,21,6,1,2525,23562,0,33.59334653465347,0.0,0
Swargate,Hinjewadi,21,6,2,2521,19532,0,27.891788972629907,0.0,0
Swargate,Hinjewadi,23,6,0,2123,19469,0,33.01384832783796,0.0,1
Swargate,Hinjewadi,23,6,1,2217,23562,0,38.26035182679296,0.0,0
Swargate,Hinjewadi,23,6,2,2401,19870,0,29.79258642232403,0.0,0
Swargate,Hinjewadi,7,0,0,2334,19447,0,29.995372750642673,0.0,1
Swargate,Hinjewadi,7,0,1,2440,23562,0,34.76360655737705,0.0,0
Swargate,Hinjewadi,7,0,2,2509,19532,0,28.025189318453567,0.0,0
Swargate,Hinjewadi,9,0,0,2803,19447,0,24.97652515162326,0.0,1
Swargate,Hinjewadi,9,0,1,3040,23630,0,27.982894736842105,0.0,0
Swargate,Hinjewadi,9,0,2,3002,19532,0,23.422784810126583,0.0,0
Swargate,Hinjewadi,11,0,0,3055,19469,0,22.942193126022914,0.0,1
Swargate,Hinjewadi,11,0,1,3270,23766,0,26.16440366972477,0.0,0
Swargate,Hinjewadi,11,0,2,3289,19555,0,21.40407418668288,0.0,0
Swargate,Hinjewadi,13,0,0,2915,19469,0,24.044048027444255,0.0,1
Swargate,Hinjewadi,13,0,1,3096,23766,0,27.63488372093023,0.0,0
Swargate,Hinjewadi,13,0,2,3138,19555,0,22.434034416826,0.0,0
Swargate,Hinjewadi,15,0,0,2914,19469,0,24.052299245024024,0.0,0
Swargate,Hinjewadi,15,0,1,2874,23766,0,29.769519832985385,0.0,1
Swargate,Hinjewadi,15,0,2,3293,19556,0,21.379167931976923,0.0,0
Swargate,Hinjewadi,17,0,0,3284,23578,0,25.846772228989035,0.0,1
Swargate,Hinjewadi,17,0,1,3356,19447,0,20.860905840286055,0.0,0
Swargate,Hinjewadi,17,0,2,3485,19532,0,20.176527977044476,0.0,0
Swargate,Hinjewadi,19,0,0,3280,19447,0,21.344268292682926,0.0,1
Swargate,Hinjewadi,19,0,1,3330,23630,0,25.545945945945945,0.0,0
Swargate,Hinjewadi,19,0,2,3382,19532,0,20.791011235955057,0.0,0
Swargate,Hinjewadi,21,0,0,2381,19447,0,29.403275934481307,0.0,1
Swargate,Hinjewadi,21,0,1,2526,23562,0,33.580047505938246,0.0,0
Swargate,Hinjewadi,21,0,2,2534,19532,0,27.74869771112865,0.0,0
Swargate,Hinjewadi,23,0,0,2123,19469,0,33.01384832783796,0.0,1
Swargate,Hinjewadi,23,0,1,2217,23562,0,38.26035182679296,0.0,0
Swargate,Hinjewadi,23,0,2,2401,19870,0,29.79258642232403,0.0,0
Swargate,Hinjewadi,7,1,0,2317,19447,0,30.215451014242554,0.0,1
Swargate,Hinjewadi,7,1,1,2425,23562,0,34.97863917525773,0.0,0
Swargate,Hinjewadi,7,1,2,2519,19532,0,27.913934100833664,0.0,0
Swargate,Hinjewadi,9,1,0,2744,19447,0,25.51355685131195,0.0,1
Swargate,Hinjewadi,9,1,1,2996,23766,0,28.55727636849132,0.0,0
Swargate,Hinjewadi,9,1,2,2925,19532,0,24.039384615384616,0.0,0
Swargate,Hinjewadi,11,1,0,2992,19469,0,23.425267379679145,0.0,1
Swargate,Hinjewadi,11,1,1,3220,23766,0,26.57068322981366,0.0,0
Swargate,Hinjewadi,11,1,2,3203,19555,0,21.978769903215735,0.0,0
Swargate,Hinjewadi,13,1,0,2898,19469,0,24.185093167701865,0.0,1
Swargate,Hinjewadi,13,1,1,3075,23766,0,27.82360975609756,0.0,0
Swargate,Hinjewadi,13,1,2,3077,19555,0,22.878778030549235,0.0,0
Swargate,Hinjewadi,15,1,0,2855,23766,0,29.967635726795095,0.0,1
Swargate,Hinjewadi,15,1,1,2924,19469,0,23.970041039671685,0.0,0
Swargate,Hinjewadi,15,1,2,3243,19556,0,21.708788159111933,0.0,0
Swargate,Hinjewadi,17,1,0,3266,23578,0,25.989222290263317,0.0,1
Swargate,Hinjewadi,17,1,1,3356,19447,0,20.860905840286055,0.0,0
Swargate,Hinjewadi,17,1,2,3437,19532,0,20.458306662787315,0.0,0
Swargate,Hinjewadi,19,1,0,3284,19447,0,21.31827040194884,0.0,1
Swargate,Hinjewadi,19,1,1,3349,23630,0,25.401015228426395,0.0,0
Swargate,Hinjewadi,19,1,2,3344,19532,0,21.027272727272727,0.0,0
Swargate,Hinjewadi,21,1,0,2381,19447,0,29.403275934481307,0.0,1
Swargate,Hinjewadi,21,1,1,2525,23562,0,33.59334653465347,0.0,0
Swargate,Hinjewadi,21,1,2,2528,19532,0,27.814556962025318,0.0,0
Swargate,Hinjewadi,23,1,0,2123,19469,0,33.01384832783796,0.0,1
Swargate,Hinjewadi,23,1,1,2217,23562,0,38.26035182679296,0.0,0
Swargate,Hinjewadi,23,1,2,2401,19870,0,29.79258642232403,0.0,0
Swargate,Hinjewadi,7,2,0,2298,19447,0,30.46527415143603,0.0,1
Swargate,Hinjewadi,7,2,1,2396,23562,0,35.40200333889816,0.0,0
Swargate,Hinjewadi,7,2,2,2482,19532,0,28.330056406124093,0.0,0
Swargate,Hinjewadi,9,2,0,2711,19447,0,25.824123939505714,0.0,1
Swargate,Hinjewadi,9,2,1,2938,23630,0,28.954390742001358,0.0,0
Swargate,Hinjewadi,9,2,2,2873,19532,0,24.474486599373478,0.0,0
Swargate,Hinjewadi,11,2,0,2998,19469,0,23.3783855903936,0.0,1
Swargate,Hinjewadi,11,2,1,3197,23766,0,26.76183922427275,0.0,0
Swargate,Hinjewadi,11,2,2,3178,19555,0,22.151667715544367,0.0,0
Swargate,Hinjewadi,13,2,0,2931,19469,0,23.91279426816786,0.0,1
Swargate,Hinjewadi,13,2,1,3115,23766,0,27.46632423756019,0.0,0
Swargate,Hinjewadi,13,2,2,3119,19555,0,22.57069573581276,0.0,0
Swargate,Hinjewadi,15,2,0,2882,23766,0,29.686884108258152,0.0,1
Swargate,Hinjewadi,15,2,1,2955,19447,0,23.691776649746192,0.0,0
Swargate,Hinjewadi,15,2,2,3399,19870,0,21.045013239188,0.0,0
Swargate,Hinjewadi,17,2,0,3278,23578,0,25.894081757169005,0.0,1
Swargate,Hinjewadi,17,2,1,3379,19447,0,20.71891092039065,0.0,0
Swargate,Hinjewadi,17,2,2,3456,19532,0,20.345833333333335,0.0,0
Swargate,Hinjewadi,19,2,0,3331,19447,0,21.017472230561392,0.0,1
Swargate,Hinjewadi,19,2,1,3363,23630,0,25.295272078501338,0.0,0
Swargate,Hinjewadi,19,2,2,3382,19532,0,20.791011235955057,0.0,0
Swargate,Hinjewadi,21,2,0,2396,19469,0,29.252253756260437,0.0,1
Swargate,Hinjewadi,21,2,1,2541,23562,0,33.38181818181818,0.0,0
Swargate,Hinjewadi,21,2,2,2543,19555,0,27.683051513959892,0.0,0
Swargate,Hinjewadi,23,2,0,2123,19469,0,33.01384832783796,0.0,1
Swargate,Hinjewadi,23,2,1,2217,23562,0,38.26035182679296,0.0,0
Swargate,Hinjewadi,23,2,2,2401,19870,0,29.79258642232403,0.0,0
Swargate,Hinjewadi,7,3,0,2251,19447,0,31.10137716570413,0.0,1
Swargate,Hinjewadi,7,3,1,2357,23562,0,35.987781077641074,0.0,0
Swargate,Hinjewadi,7,3,2,2412,19532,0,29.152238805970146,0.0,0
Swargate,Hinjewadi,9,3,0,2511,19469,0,27.912544802867384,0.0,1
Swargate,Hinjewadi,9,3,1,2787,23562,0,30.43530678148547,0.0,0
Swargate,Hinjewadi,9,3,2,2680,19555,0,26.267910447761192,0.0,0
Swargate,Hinjewadi,11,3,0,2816,19469,0,24.889346590909092,0.0,1
Swargate,Hinjewadi,11,3,1,3125,23766,0,27.378431999999997,0.0,0
Swargate,Hinjewadi,11,3,2,3014,19555,0,23.357000663570005,0.0,0
Swargate,Hinjewadi,13,3,0,2999,19469,0,23.370590196732245,0.0,1
Swargate,Hinjewadi,13,3,1,3208,23766,0,26.67007481296758,0.0,0
Swargate,Hinjewadi,13,3,2,3216,19555,0,21.88992537313433,0.0,0
Swargate,Hinjewadi,15,3,0,3087,23766,0,27.715451895043728,0.0,1
Swargate,Hinjewadi,15,3,1,3206,19469,0,21.861634435433565,0.0,0
Swargate,Hinjewadi,15,3,2,3137,26572,0,30.49384762511954,0.0,0
Swargate,Hinjewadi,17,3,0,3305,23578,0,25.682541603630863,0.0,1
Swargate,Hinjewadi,17,3,1,3487,19447,0,20.07720103240608,0.0,0
Swargate,Hinjewadi,17,3,2,3693,19556,0,19.06352558895207,0.0,0
Swargate,Hinjewadi,19,3,0,3151,19447,0,22.218089495398285,0.0,1
Swargate,Hinjewadi,19,3,1,3258,23578,0,26.053038674033147,0.0,0
Swargate,Hinjewadi,19,3,2,3418,19556,0,20.597308367466358,0.0,0
Swargate,Hinjewadi,21,3,0,2392,19447,0,29.2680602006689,0.0,1
Swargate,Hinjewadi,21,3,1,2547,23562,0,33.303180212014134,0.0,0
Swargate,Hinjewadi,21,3,2,2542,19532,0,27.66136900078678,0.0,0
Swargate,Hinjewadi,23,3,0,2123,19469,0,33.01384832783796,0.0,1
Swargate,Hinjewadi,23,3,1,2217,23562,0,38.26035182679296,0.0,0
Swargate,Hinjewadi,23,3,2,2400,19870,0,29.805000000000003,0.0,0
Swargate,Hinjewadi,7,4,0,2200,19447,0,31.822363636363633,0.0,1
Swargate,Hinjewadi,7,4,1,2309,23562,0,36.73590298830663,0.0,0
Swargate,Hinjewadi,7,4,2,2515,19870,0,28.442147117296226,0.0,0
Swargate,Hinjewadi,9,4,0,2350,19447,0,29.79114893617021,0.0,1
Swargate,Hinjewadi,9,4,1,2564,23562,0,33.0823712948518,0.0,0
Swargate,Hinjewadi,9,4,2,2521,19532,0,27.891788972629907,0.0,0
Swargate,Hinjewadi,11,4,0,2557,19447,0,27.379429018380915,0.0,1
Swargate,Hinjewadi,11,4,1,2780,23630,0,30.599999999999998,0.0,0
Swargate,Hinjewadi,11,4,2,2946,19917,0,24.33849287169043,0.0,0
Swargate,Hinjewadi,13,4,0,2688,19447,0,26.045089285714283,0.0,1
Swargate,Hinjewadi,13,4,1,2865,23630,0,29.692146596858638,0.0,0
Swargate,Hinjewadi,13,4,2,3064,19917,0,23.401174934725848,0.0,0
Swargate,Hinjewadi,15,4,0,2870,19447,0,24.393449477351915,0.0,0
Swargate,Hinjewadi,15,4,1,2834,23630,0,30.016937191249117,0.0,1
Swargate,Hinjewadi,15,4,2,3104,20023,0,23.222551546391752,0.0,0
Swargate,Hinjewadi,17,4,0,3015,23630,0,28.214925373134328,0.0,1
Swargate,Hinjewadi,17,4,1,3065,19608,0,23.030603588907017,0.0,0
Swargate,Hinjewadi,17,4,2,3298,20365,0,22.229836264402667,0.0,0
Swargate,Hinjewadi,19,4,0,2843,19447,0,24.625114315863524,0.0,1
Swargate,Hinjewadi,19,4,1,3019,23630,0,28.177542232527326,0.0,0
Swargate,Hinjewadi,19,4,2,3257,20193,0,22.319557875345414,0.0,0
Swargate,Hinjewadi,21,4,0,2327,19447,0,30.085603781693166,0.0,1
Swargate,Hinjewadi,21,4,1,2487,23562,0,34.10663449939687,0.0,0
Swargate,Hinjewadi,21,4,2,2486,19532,0,28.28447304907482,0.0,0
Swargate,Hinjewadi,23,4,0,2123,19469,0,33.01384832783796,0.0,1
Swargate,Hinjewadi,23,4,1,2217,23562,0,38.26035182679296,0.0,0
Swargate,Hinjewadi,23,4,2,2400,19870,0,29.805000000000003,0.0,0
Swargate,Hinjewadi,7,5,0,2324,19447,0,30.124440619621343,0.0,1
Swargate,Hinjewadi,7,5,1,2427,23562,0,34.94981458590853,0.0,0
Swargate,Hinjewadi,7,5,2,2494,19532,0,28.19374498797113,0.0,0
Swargate,Hinjewadi,9,5,0,2752,19447,0,25.43938953488372,0.0,1
Swargate,Hinjewadi,9,5,1,2992,23630,0,28.43181818181818,0.0,0
Swargate,Hinjewadi,9,5,2,2956,19532,0,23.787280108254397,0.0,0
Swargate,Hinjewadi,11,5,0,2948,19469,0,23.774898236092266,0.0,1
Swargate,Hinjewadi,11,5,1,3213,23766,0,26.628571428571426,0.0,0
Swargate,Hinjewadi,11,5,2,3187,19555,0,22.08911201757138,0.0,0
Swargate,Hinjewadi,13,5,0,2845,19469,0,24.635641476274166,0.0,1
Swargate,Hinjewadi,13,5,1,3069,23766,0,27.878005865102637,0.0,0
Swargate,Hinjewadi,13,5,2,3036,19555,0,23.18774703557312,0.0,0
Swargate,Hinjewadi,15,5,0,2858,19469,0,24.523582925122465,0.0,0
Swargate,Hinjewadi,15,5,1,2853,23766,0,29.988643533123028,0.0,1
Swargate,Hinjewadi,15,5,2,2988,19555,0,23.560240963855424,0.0,0
Swargate,Hinjewadi,17,5,0,3229,23578,0,26.28702384639207,0.0,1
Swargate,Hinjewadi,17,5,1,3312,19447,0,21.13804347826087,0.0,0
Swargate,Hinjewadi,17,5,2,3388,19532,0,20.754191263282173,0.0,0
Swargate,Hinjewadi,19,5,0,3253,19447,0,21.521426375653242,0.0,1
Swargate,Hinjewadi,19,5,1,3288,23630,0,25.87226277372263,0.0,0
Swargate,Hinjewadi,19,5,2,3320,19532,0,21.179277108433734,0.0,0
Swargate,Hinjewadi,21,5,0,2368,19447,0,29.564695945945942,0.0,1
Swargate,Hinjewadi,21,5,1,2514,23562,0,33.74033412887828,0.0,0
Swargate,Hinjewadi,21,5,2,2520,19532,0,27.902857142857144,0.0,0
Swargate,Hinjewadi,23,5,0,2123,19469,0,33.01384832783796,0.0,1
Swargate,Hinjewadi,23,5,1,2217,23562,0,38.26035182679296,0.0,0
Swargate,Hinjewadi,23,5,2,2401,19870,0,29.79258642232403,0.0,0
Swargate,Hinjewadi,7,6,0,2348,19447,0,29.81652470187393,0.0,1
Swargate,Hinjewadi,7,6,1,2451,23562,0,34.60758873929009,0.0,0
Swargate,Hinjewadi,7,6,2,2506,19532,0,28.05873902633679,0.0,0
Swargate,Hinjewadi,9,6,0,2825,19447,0,24.782017699115045,0.0,1
Swargate,Hinjewadi,9,6,1,3070,23630,0,27.70944625407166,0.0,0
Swargate,Hinjewadi,9,6,2,2996,19532,0,23.46969292389853,0.0,0
Swargate,Hinjewadi,11,6,0,3101,19469,0,22.601870364398582,0.0,1
Swargate,Hinjewadi,11,6,1,3297,26572,0,29.014012738853502,0.0,0
Swargate,Hinjewadi,11,6,2,3304,19555,0,21.30690072639225,0.0,0
Swargate,Hinjewadi,13,6,0,2962,19469,0,23.662525320729237,0.0,1
Swargate,Hinjewadi,13,6,1,3118,23766,0,27.43989737010904,0.0,0
Swargate,Hinjewadi,13,6,2,3140,19555,0,22.419745222929937,0.0,0
Swargate,Hinjewadi,15,6,0,2884,23766,0,29.66629680998613,0.0,1
Swargate,Hinjewadi,15,6,1,2970,19447,0,23.572121212121214,0.0,0
Swargate,Hinjewadi,15,6,2,3306,19556,0,21.295099818511797,0.0,0
Swargate,Hinjewadi,17,6,0,3306,23578,0,25.674773139745916,0.0,1
Swargate,Hinjewadi,17,6,1,3427,19447,0,20.428713160198424,0.0,0
Swargate,Hinjewadi,17,6,2,3366,26572,0,28.419251336898395,0.0,0
Swargate,Hinjewadi,19,6,0,3320,19447,0,21.087108433734937,0.0,1
Swargate,Hinjewadi,19,6,1,3347,23630,0,25.41619360621452,0.0,0
Swargate,Hinjewadi,19,6,2,3396,19532,0,20.70530035335689,0.0,0
Swargate,Hinjewadi,21,6,0,2375,19447,0,29.47755789473684,0.0,1
Swargate,Hinjewadi,21,6,1,2525,23562,0,33.59334653465347,0.0,0
Swargate,Hinjewadi,21,6,2,2521,19532,0,27.891788972629907,0.0,0
Swargate,Hinjewadi,23,6,0,2123,19469,0,33.01384832783796,0.0,1
Swargate,Hinjewadi,23,6,1,2217,23562,0,38.26035182679296,0.0,0
Swargate,Hinjewadi,23,6,2,2401,19870,0,29.79258642232403,0.0,0
Swargate,Kothrud,7,0,0,988,7445,0,27.127530364372472,0.0,1
Swargate,Kothrud,7,0,1,1053,7247,0,24.776068376068377,0.0,0
Swargate,Kothrud,7,0,2,1403,8790,0,22.55452601568068,0.0,0
Swargate,Kothrud,9,0,0,1302,7531,0,20.823041474654374,0.0,1
Swargate,Kothrud,9,0,1,1466,8125,0,19.95225102319236,0.0,0
Swargate,Kothrud,9,0,2,1526,7564,0,17.844298820445612,0.0,0
Swargate,Kothrud,11,0,0,1456,7667,0,18.95686813186813,0.0,1
Swargate,Kothrud,11,0,1,1520,7173,0,16.988684210526316,0.0,0
Swargate,Kothrud,11,0,2,1719,8826,0,18.483769633507855,0.0,0
Swargate,Kothrud,13,0,0,1439,7667,0,19.18082001389854,0.0,1
Swargate,Kothrud,13,0,1,1500,7173,0,17.2152,0.0,0
Swargate,Kothrud,13,0,2,1720,8826,0,18.473023255813953,0.0,0
Swargate,Kothrud,15,0,0,1327,7667,0,20.799698568198945,0.0,1
Swargate,Kothrud,15,0,1,1384,7173,0,18.658092485549133,0.0,0
Swargate,Kothrud,15,0,2,1613,8790,0,19.61810291382517,0.0,0
Swargate,Kothrud,17,0,0,1490,7479,0,18.070067114093963,0.0,1
Swargate,Kothrud,17,0,1,1567,7309,0,16.791576260370135,0.0,0
Swargate,Kothrud,17,0,2,1830,8790,0,17.291803278688523,0.0,0
Swargate,Kothrud,19,0,0,1515,7531,0,17.895445544554455,0.0,1
Swargate,Kothrud,19,0,1,1778,8125,0,16.451068616422948,0.0,0
Swargate,Kothrud,19,0,2,1591,7445,0,16.846008799497174,0.0,0
Swargate,Kothrud,21,0,0,1109,7445,0,24.16771866546438,0.0,1
Swargate,Kothrud,21,0,1,1166,7383,0,22.79485420240137,0.0,0
Swargate,Kothrud,21,0,2,1196,7479,0,22.512040133779266,0.0,0
Swargate,Kothrud,23,0,0,903,7463,0,29.75282392026578,0.0,1
Swargate,Kothrud,23,0,1,971,7383,0,27.372605561277037,0.0,0
Swargate,Kothrud,23,0,2,1024,7479,0,26.293359375,0.0,0
Swargate,Kothrud,7,1,0,990,7445,0,27.07272727272727,0.0,1
Swargate,Kothrud,7,1,1,1058,7247,0,24.65897920604915,0.0,0
Swargate,Kothrud,7,1,2,1404,8790,0,22.538461538461537,0.0,0
Swargate,Kothrud,9,1,0,1314,7667,0,21.005479452054793,0.0,1
Swargate,Kothrud,9,1,1,1324,7445,0,20.243202416918432,0.0,0
Swargate,Kothrud,9,1,2,1635,8790,0,19.35412844036697,0.0,0
Swargate,Kothrud,11,1,0,1464,7667,0,18.85327868852459,0.0,1
Swargate,Kothrud,11,1,1,1512,7173,0,17.07857142857143,0.0,0
Swargate,Kothrud,11,1,2,1740,8826,0,18.260689655172413,0.0,0
Swargate,Kothrud,13,1,0,1442,7667,0,19.140915395284328,0.0,1
Swargate,Kothrud,13,1,1,1492,7173,0,17.30750670241287,0.0,0
Swargate,Kothrud,13,1,2,1735,8826,0,18.313314121037465,0.0,0
Swargate,Kothrud,15,1,0,1318,7667,0,20.94172989377845,0.0,1
Swargate,Kothrud,15,1,1,1357,7173,0,19.029329403095062,0.0,0
Swargate,Kothrud,15,1,2,1635,8826,0,19.433394495412845,0.0,0
Swargate,Kothrud,17,1,0,1491,7479,0,18.057947686116698,0.0,1
Swargate,Kothrud,17,1,1,1571,7309,0,16.748822406110758,0.0,0
Swargate,Kothrud,17,1,2,1846,8826,0,17.21213434452871,0.0,0
Swargate,Kothrud,19,1,0,1546,7326,0,17.059249676584734,0.0,1
Swargate,Kothrud,19,1,1,1629,7173,0,15.851933701657458,0.0,0
Swargate,Kothrud,19,1,2,2013,8826,0,15.784202682563338,0.0,0
Swargate,Kothrud,21,1,0,1107,7445,0,24.211382113821138,0.0,1
Swargate,Kothrud,21,1,1,1172,7383,0,22.67815699658703,0.0,0
Swargate,Kothrud,21,1,2,1317,7596,0,20.763553530751707,0.0,0
Swargate,Kothrud,23,1,0,903,7463,0,29.75282392026578,0.0,1
Swargate,Kothrud,23,1,1,971,7383,0,27.372605561277037,0.0,0
Swargate,Kothrud,23,1,2,1024,7479,0,26.293359375,0.0,0
Swargate,Kothrud,7,2,0,983,7445,0,27.265513733468975,0.0,1
Swargate,Kothrud,7,2,1,1052,7247,0,24.799619771863117,0.0,0
Swargate,Kothrud,7,2,2,1404,8790,0,22.538461538461537,0.0,0
Swargate,Kothrud,9,2,0,1295,7531,0,20.935598455598456,0.0,1
Swargate,Kothrud,9,2,1,1325,6938,0,18.85041509433962,0.0,0
Swargate,Kothrud,9,2,2,1657,8790,0,19.097163548581772,0.0,0
Swargate,Kothrud,11,2,0,1456,7667,0,18.95686813186813,0.0,1
Swargate,Kothrud,11,2,1,1543,7173,0,16.73545042125729,0.0,0
Swargate,Kothrud,11,2,2,1761,8826,0,18.042930153321976,0.0,0
Swargate,Kothrud,13,2,0,1465,7667,0,18.840409556313993,0.0,1
Swargate,Kothrud,13,2,1,1520,7173,0,16.988684210526316,0.0,0
Swargate,Kothrud,13,2,2,1760,8826,0,18.05318181818182,0.0,0
Swargate,Kothrud,15,2,0,1339,7667,0,20.61329350261389,0.0,1
Swargate,Kothrud,15,2,1,1415,7173,0,18.249328621908127,0.0,0
Swargate,Kothrud,15,2,2,1647,8790,0,19.21311475409836,0.0,0
Swargate,Kothrud,17,2,0,1495,7479,0,18.00963210702341,0.0,1
Swargate,Kothrud,17,2,1,1610,7309,0,16.343105590062112,0.0,0
Swargate,Kothrud,17,2,2,1874,8826,0,16.95496264674493,0.0,0
Swargate,Kothrud,19,2,0,1534,7531,0,17.67379400260756,0.0,1
Swargate,Kothrud,19,2,1,1794,8125,0,16.304347826086957,0.0,0
Swargate,Kothrud,19,2,2,1586,7445,0,16.899117276166457,0.0,0
Swargate,Kothrud,21,2,0,1116,7463,0,24.074193548387097,0.0,1
Swargate,Kothrud,21,2,1,1176,7383,0,22.601020408163265,0.0,0
Swargate,Kothrud,21,2,2,1325,7596,0,20.63818867924528,0.0,0
Swargate,Kothrud,23,2,0,903,7463,0,29.75282392026578,0.0,1
Swargate,Kothrud,23,2,1,971,7383,0,27.372605561277037,0.0,0
Swargate,Kothrud,23,2,2,1024,7479,0,26.293359375,0.0,0
Swargate,Kothrud,7,3,0,981,7463,0,27.38715596330275,0.0,1
Swargate,Kothrud,7,3,1,1046,7383,0,25.409942638623328,0.0,0
Swargate,Kothrud,7,3,2,1141,7614,0,24.023137598597724,0.0,0
Swargate,Kothrud,9,3,0,1261,7463,0,21.305947660586835,0.0,1
Swargate,Kothrud,9,3,1,1310,7383,0,20.28916030534351,0.0,0
Swargate,Kothrud,9,3,2,1412,7596,0,19.366572237960337,0.0,0
Swargate,Kothrud,11,3,0,1455,7667,0,18.969896907216494,0.0,1
Swargate,Kothrud,11,3,1,1496,7173,0,17.261229946524065,0.0,0
Swargate,Kothrud,11,3,2,1777,8826,0,17.88047270680923,0.0,0
Swargate,Kothrud,13,3,0,1510,7667,0,18.278940397350993,0.0,1
Swargate,Kothrud,13,3,1,1553,7173,0,16.62768834513844,0.0,0
Swargate,Kothrud,13,3,2,1818,8826,0,17.477227722772277,0.0,0
Swargate,Kothrud,15,3,0,1403,7667,0,19.672986457590873,0.0,1
Swargate,Kothrud,15,3,1,1529,7173,0,16.88868541530412,0.0,0
Swargate,Kothrud,15,3,2,1725,8826,0,18.419478260869564,0.0,0
Swargate,Kothrud,17,3,0,1535,7479,0,17.540325732899024,0.0,1
Swargate,Kothrud,17,3,1,1676,7309,0,15.699522673031026,0.0,0
Swargate,Kothrud,17,3,2,1899,8826,0,16.731753554502372,0.0,0
Swargate,Kothrud,19,3,0,1528,7479,0,17.62068062827225,0.0,1
Swargate,Kothrud,19,3,1,1637,7309,0,16.073549175320707,0.0,0
Swargate,Kothrud,19,3,2,1604,7448,0,16.716209476309228,0.0,0
Swargate,Kothrud,21,3,0,1118,7445,0,23.97316636851521,0.0,1
Swargate,Kothrud,21,3,1,1172,7247,0,22.260409556313995,0.0,0
Swargate,Kothrud,21,3,2,1544,8790,0,20.49481865284974,0.0,0
Swargate,Kothrud,23,3,0,903,7463,0,29.75282392026578,0.0,1
Swargate,Kothrud,23,3,1,971,7383,0,27.372605561277037,0.0,0
Swargate,Kothrud,23,3,2,1024,7479,0,26.293359375,0.0,0
Swargate,Kothrud,7,4,0,955,7445,0,28.064921465968588,0.0,1
Swargate,Kothrud,7,4,1,1016,7247,0,25.678346456692914,0.0,0
Swargate,Kothrud,7,4,2,1247,9326,0,26.923496391339214,0.0,0
Swargate,Kothrud,9,4,0,1122,7445,0,23.88770053475936,0.0,1
Swargate,Kothrud,9,4,1,1154,7247,0,22.607625649913345,0.0,0
Swargate,Kothrud,9,4,2,1545,8790,0,20.481553398058253,0.0,0
Swargate,Kothrud,11,4,0,1241,7531,0,21.846575342465755,0.0,1
Swargate,Kothrud,11,4,1,1398,8199,0,21.113304721030044,0.0,0
Swargate,Kothrud,11,4,2,1273,7445,0,21.054202670856245,0.0,0
Swargate,Kothrud,13,4,0,1303,7531,0,20.807060629316958,0.0,1
Swargate,Kothrud,13,4,1,1466,8125,0,19.95225102319236,0.0,0
Swargate,Kothrud,13,4,2,1546,8071,0,18.79404915912031,0.0,0
Swargate,Kothrud,15,4,0,1267,7531,0,21.3982636148382,0.0,1
Swargate,Kothrud,15,4,1,1312,7309,0,20.055182926829268,0.0,0
Swargate,Kothrud,15,4,2,1630,8826,0,19.493006134969328,0.0,0
Swargate,Kothrud,17,4,0,1353,7531,0,20.03813747228381,0.0,1
Swargate,Kothrud,17,4,1,1512,8125,0,19.345238095238095,0.0,0
Swargate,Kothrud,17,4,2,1641,8243,0,18.083363802559415,0.0,0
Swargate,Kothrud,19,4,0,1365,7531,0,19.86197802197802,0.0,1
Swargate,Kothrud,19,4,1,1528,8125,0,19.14267015706806,0.0,0
Swargate,Kothrud,19,4,2,1598,8071,0,18.182478097622027,0.0,0
Swargate,Kothrud,21,4,0,1077,7445,0,24.885793871866294,0.0,1
Swargate,Kothrud,21,4,1,1128,7247,0,23.128723404255318,0.0,0
Swargate,Kothrud,21,4,2,1352,9326,0,24.832544378698227,0.0,0
Swargate,Kothrud,23,4,0,903,7463,0,29.75282392026578,0.0,1
Swargate,Kothrud,23,4,1,971,7383,0,27.372605561277037,0.0,0
Swargate,Kothrud,23,4,2,1024,7479,0,26.293359375,0.0,0
Swargate,Kothrud,7,5,0,986,7445,0,27.18255578093306,0.0,1
Swargate,Kothrud,7,5,1,1052,7247,0,24.799619771863117,0.0,0
Swargate,Kothrud,7,5,2,1403,8790,0,22.55452601568068,0.0,0
Swargate,Kothrud,9,5,0,1296,7531,0,20.919444444444444,0.0,1
Swargate,Kothrud,9,5,1,1460,8125,0,20.034246575342465,0.0,0
Swargate,Kothrud,9,5,2,1333,6938,0,18.73728432108027,0.0,0
Swargate,Kothrud,11,5,0,1449,7667,0,19.04844720496894,0.0,1
Swargate,Kothrud,11,5,1,1720,8089,0,16.93046511627907,0.0,0
Swargate,Kothrud,11,5,2,1733,8826,0,18.334448932487017,0.0,0
Swargate,Kothrud,13,5,0,1428,7667,0,19.32857142857143,0.0,1
Swargate,Kothrud,13,5,1,1490,7173,0,17.33073825503356,0.0,0
Swargate,Kothrud,13,5,2,1732,8826,0,18.345034642032335,0.0,0
Swargate,Kothrud,15,5,0,1319,7667,0,20.92585291887794,0.0,1
Swargate,Kothrud,15,5,1,1373,7173,0,18.807574654042245,0.0,0
Swargate,Kothrud,15,5,2,1618,8790,0,19.557478368355994,0.0,0
Swargate,Kothrud,17,5,0,1484,7479,0,18.14312668463612,0.0,1
Swargate,Kothrud,17,5,1,1560,7309,0,16.866923076923076,0.0,0
Swargate,Kothrud,17,5,2,1826,8826,0,17.40065717415115,0.0,0
Swargate,Kothrud,19,5,0,1510,7531,0,17.954701986754966,0.0,1
Swargate,Kothrud,19,5,1,1777,8125,0,16.460326392796848,0.0,0
Swargate,Kothrud,19,5,2,1539,7445,0,17.415204678362574,0.0,0
Swargate,Kothrud,21,5,0,1097,7445,0,24.432087511394712,0.0,1
Swargate,Kothrud,21,5,1,1161,7247,0,22.471317829457362,0.0,0
Swargate,Kothrud,21,5,2,1381,9326,0,24.311078928312817,0.0,0
Swargate,Kothrud,23,5,0,903,7463,0,29.75282392026578,0.0,1
Swargate,Kothrud,23,5,1,971,7383,0,27.372605561277037,0.0,0
Swargate,Kothrud,23,5,2,1024,7479,0,26.293359375,0.0,0
Swargate,Kothrud,7,6,0,990,7445,0,27.07272727272727,0.0,1
Swargate,Kothrud,7,6,1,1058,7247,0,24.65897920604915,0.0,0
Swargate,Kothrud,7,6,2,1407,8790,0,22.49040511727079,0.0,0
Swargate,Kothrud,9,6,0,1321,7531,0,20.52354277062831,0.0,1
Swargate,Kothrud,9,6,1,1482,8125,0,19.736842105263158,0.0,0
Swargate,Kothrud,9,6,2,1530,7564,0,17.79764705882353,0.0,0
Swargate,Kothrud,11,6,0,1492,7667,0,18.49946380697051,0.0,1
Swargate,Kothrud,11,6,1,1745,8826,0,18.20836676217765,0.0,0
Swargate,Kothrud,11,6,2,1833,7564,0,14.855646481178397,0.0,0
Swargate,Kothrud,13,6,0,1460,7667,0,18.904931506849316,0.0,1
Swargate,Kothrud,13,6,1,1526,7173,0,16.9218872870249,0.0,0
Swargate,Kothrud,13,6,2,1740,8826,0,18.260689655172413,0.0,0
Swargate,Kothrud,15,6,0,1324,7667,0,20.846827794561936,0.0,1
Swargate,Kothrud,15,6,1,1403,7173,0,18.405416963649323,0.0,0
Swargate,Kothrud,15,6,2,1624,8790,0,19.485221674876843,0.0,0
Swargate,Kothrud,17,6,0,1505,7479,0,17.889966777408638,0.0,1
Swargate,Kothrud,17,6,1,1583,7309,0,16.621857233101707,0.0,0
Swargate,Kothrud,17,6,2,1839,8790,0,17.20717781402936,0.0,0
Swargate,Kothrud,19,6,0,1546,7326,0,17.059249676584734,0.0,1
Swargate,Kothrud,19,6,1,1624,7173,0,15.900738916256158,0.0,0
Swargate,Kothrud,19,6,2,1998,8826,0,15.902702702702703,0.0,0
Swargate,Kothrud,21,6,0,1111,7445,0,24.124212421242124,0.0,1
Swargate,Kothrud,21,6,1,1169,7383,0,22.736355859709153,0.0,0
Swargate,Kothrud,21,6,2,1319,7596,0,20.732069749810464,0.0,0
Swargate,Kothrud,23,6,0,903,7463,0,29.75282392026578,0.0,1
Swargate,Kothrud,23,6,1,971,7383,0,27.372605561277037,0.0,0
Swargate,Kothrud,23,6,2,1024,7479,0,26.293359375,0.0,0
Swargate,Kothrud,7,0,0,988,7445,0,27.127530364372472,0.0,1
Swargate,Kothrud,7,0,1,1053,7247,0,24.776068376068377,0.0,0
Swargate,Kothrud,7,0,2,1403,8790,0,22.55452601568068,0.0,0
Swargate,Kothrud,9,0,0,1302,7531,0,20.823041474654374,0.0,1
Swargate,Kothrud,9,0,1,1466,8125,0,19.95225102319236,0.0,0
Swargate,Kothrud,9,0,2,1526,7564,0,17.844298820445612,0.0,0
Swargate,Kothrud,11,0,0,1456,7667,0,18.95686813186813,0.0,1
Swargate,Kothrud,11,0,1,1520,7173,0,16.988684210526316,0.0,0
Swargate,Kothrud,11,0,2,1719,8826,0,18.483769633507855,0.0,0
Swargate,Kothrud,13,0,0,1439,7667,0,19.18082001389854,0.0,1
Swargate,Kothrud,13,0,1,1500,7173,0,17.2152,0.0,0
Swargate,Kothrud,13,0,2,1720,8826,0,18.473023255813953,0.0,0
Swargate,Kothrud,15,0,0,1327,7667,0,20.799698568198945,0.0,1
Swargate,Kothrud,15,0,1,1384,7173,0,18.658092485549133,0.0,0
Swargate,Kothrud,15,0,2,1613,8790,0,19.61810291382517,0.0,0
Swargate,Kothrud,17,0,0,1490,7479,0,18.070067114093963,0.0,1
Swargate,Kothrud,17,0,1,1567,7309,0,16.791576260370135,0.0,0
Swargate,Kothrud,17,0,2,1830,8790,0,17.291803278688523,0.0,0
Swargate,Kothrud,19,0,0,1515,7531,0,17.895445544554455,0.0,1
Swargate,Kothrud,19,0,1,1778,8125,0,16.451068616422948,0.0,0
Swargate,Kothrud,19,0,2,1591,7445,0,16.846008799497174,0.0,0
Swargate,Kothrud,21,0,0,1109,7445,0,24.16771866546438,0.0,1
Swargate,Kothrud,21,0,1,1166,7383,0,22.79485420240137,0.0,0
Swargate,Kothrud,21,0,2,1196,7479,0,22.512040133779266,0.0,0
Swargate,Kothrud,23,0,0,903,7463,0,29.75282392026578,0.0,1
Swargate,Kothrud,23,0,1,971,7383,0,27.372605561277037,0.0,0
Swargate,Kothrud,23,0,2,1024,7479,0,26.293359375,0.0,0
Swargate,Kothrud,7,1,0,990,7445,0,27.07272727272727,0.0,1
Swargate,Kothrud,7,1,1,1058,7247,0,24.65897920604915,0.0,0
Swargate,Kothrud,7,1,2,1404,8790,0,22.538461538461537,0.0,0
Swargate,Kothrud,9,1,0,1314,7667,0,21.005479452054793,0.0,1
Swargate,Kothrud,9,1,1,1324,7445,0,20.243202416918432,0.0,0
Swargate,Kothrud,9,1,2,1635,8790,0,19.35412844036697,0.0,0
Swargate,Kothrud,11,1,0,1464,7667,0,18.85327868852459,0.0,1
Swargate,Kothrud,11,1,1,1512,7173,0,17.07857142857143,0.0,0
Swargate,Kothrud,11,1,2,1740,8826,0,18.260689655172413,0.0,0
Swargate,Kothrud,13,1,0,1442,7667,0,19.140915395284328,0.0,1
Swargate,Kothrud,13,1,1,1492,7173,0,17.30750670241287,0.0,0
Swargate,Kothrud,13,1,2,1735,8826,0,18.313314121037465,0.0,0
Swargate,Kothrud,15,1,0,1318,7667,0,20.94172989377845,0.0,1
Swargate,Kothrud,15,1,1,1357,7173,0,19.029329403095062,0.0,0
Swargate,Kothrud,15,1,2,1635,8826,0,19.433394495412845,0.0,0
Swargate,Kothrud,17,1,0,1491,7479,0,18.057947686116698,0.0,1
Swargate,Kothrud,17,1,1,1571,7309,0,16.748822406110758,0.0,0
Swargate,Kothrud,17,1,2,1846,8826,0,17.21213434452871,0.0,0
Swargate,Kothrud,19,1,0,1546,7326,0,17.059249676584734,0.0,1
Swargate,Kothrud,19,1,1,1629,7173,0,15.851933701657458,0.0,0
Swargate,Kothrud,19,1,2,2013,8826,0,15.784202682563338,0.0,0
Swargate,Kothrud,21,1,0,1107,7445,0,24.211382113821138,0.0,1
Swargate,Kothrud,21,1,1,1172,7383,0,22.67815699658703,0.0,0
Swargate,Kothrud,21,1,2,1317,7596,0,20.763553530751707,0.0,0
Swargate,Kothrud,23,1,0,903,7463,0,29.75282392026578,0.0,1
Swargate,Kothrud,23,1,1,971,7383,0,27.372605561277037,0.0,0
Swargate,Kothrud,23,1,2,1024,7479,0,26.293359375,0.0,0
Swargate,Kothrud,7,2,0,983,7445,0,27.265513733468975,0.0,1
Swargate,Kothrud,7,2,1,1052,7247,0,24.799619771863117,0.0,0
Swargate,Kothrud,7,2,2,1404,8790,0,22.538461538461537,0.0,0
Swargate,Kothrud,9,2,0,1295,7531,0,20.935598455598456,0.0,1
Swargate,Kothrud,9,2,1,1325,6938,0,18.85041509433962,0.0,0
Swargate,Kothrud,9,2,2,1657,8790,0,19.097163548581772,0.0,0
Swargate,Kothrud,11,2,0,1456,7667,0,18.95686813186813,0.0,1
Swargate,Kothrud,11,2,1,1543,7173,0,16.73545042125729,0.0,0
Swargate,Kothrud,11,2,2,1761,8826,0,18.042930153321976,0.0,0
Swargate,Kothrud,13,2,0,1465,7667,0,18.840409556313993,0.0,1
Swargate,Kothrud,13,2,1,1520,7173,0,16.988684210526316,0.0,0
Swargate,Kothrud,13,2,2,1760,8826,0,18.05318181818182,0.0,0
Swargate,Kothrud,15,2,0,1339,7667,0,20.61329350261389,0.0,1
Swargate,Kothrud,15,2,1,1415,7173,0,18.249328621908127,0.0,0
Swargate,Kothrud,15,2,2,1647,8790,0,19.21311475409836,0.0,0
Swargate,Kothrud,17,2,0,1495,7479,0,18.00963210702341,0.0,1
Swargate,Kothrud,17,2,1,1610,7309,0,16.343105590062112,0.0,0
Swargate,Kothrud,17,2,2,1874,8826,0,16.95496264674493,0.0,0
Swargate,Kothrud,19,2,0,1534,7531,0,17.67379400260756,0.0,1
Swargate,Kothrud,19,2,1,1794,8125,0,16.304347826086957,0.0,0
Swargate,Kothrud,19,2,2,1586,7445,0,16.899117276166457,0.0,0
Swargate,Kothrud,21,2,0,1116,7463,0,24.074193548387097,0.0,1
Swargate,Kothrud,21,2,1,1176,7383,0,22.601020408163265,0.0,0
Swargate,Kothrud,21,2,2,1325,7596,0,20.63818867924528,0.0,0
Swargate,Kothrud,23,2,0,903,7463,0,29.75282392026578,0.0,1
Swargate,Kothrud,23,2,1,971,7383,0,27.372605561277037,0.0,0
Swargate,Kothrud,23,2,2,1024,7479,0,26.293359375,0.0,0
Swargate,Kothrud,7,3,0,981,7463,0,27.38715596330275,0.0,1
Swargate,Kothrud,7,3,1,1046,7383,0,25.409942638623328,0.0,0
Swargate,Kothrud,7,3,2,1141,7614,0,24.023137598597724,0.0,0
Swargate,Kothrud,9,3,0,1261,7463,0,21.305947660586835,0.0,1
Swargate,Kothrud,9,3,1,1310,7383,0,20.28916030534351,0.0,0
Swargate,Kothrud,9,3,2,1412,7596,0,19.366572237960337,0.0,0
Swargate,Kothrud,11,3,0,1455,7667,0,18.969896907216494,0.0,1
Swargate,Kothrud,11,3,1,1496,7173,0,17.261229946524065,0.0,0
Swargate,Kothrud,11,3,2,1777,8826,0,17.88047270680923,0.0,0
Swargate,Kothrud,13,3,0,1510,7667,0,18.278940397350993,0.0,1
Swargate,Kothrud,13,3,1,1553,7173,0,16.62768834513844,0.0,0
Swargate,Kothrud,13,3,2,1818,8826,0,17.477227722772277,0.0,0
Swargate,Kothrud,15,3,0,1403,7667,0,19.672986457590873,0.0,1
Swargate,Kothrud,15,3,1,1529,7173,0,16.88868541530412,0.0,0
Swargate,Kothrud,15,3,2,1725,8826,0,18.419478260869564,0.0,0
Swargate,Kothrud,17,3,0,1535,7479,0,17.540325732899024,0.0,1
Swargate,Kothrud,17,3,1,1676,7309,0,15.699522673031026,0.0,0
Swargate,Kothrud,17,3,2,1899,8826,0,16.731753554502372,0.0,0
Swargate,Kothrud,19,3,0,1528,7479,0,17.62068062827225,0.0,1
Swargate,Kothrud,19,3,1,1637,7309,0,16.073549175320707,0.0,0
Swargate,Kothrud,19,3,2,1604,7448,0,16.716209476309228,0.0,0
Swargate,Kothrud,21,3,0,1118,7445,0,23.97316636851521,0.0,1
Swargate,Kothrud,21,3,1,1172,7247,0,22.260409556313995,0.0,0
Swargate,Kothrud,21,3,2,1544,8790,0,20.49481865284974,0.0,0
Swargate,Kothrud,23,3,0,903,7463,0,29.75282392026578,0.0,1
Swargate,Kothrud,23,3,1,971,7383,0,27.372605561277037,0.0,0
Swargate,Kothrud,23,3,2,1024,7479,0,26.293359375,0.0,0
Swargate,Kothrud,7,4,0,955,7445,0,28.064921465968588,0.0,1
Swargate,Kothrud,7,4,1,1016,7247,0,25.678346456692914,0.0,0
Swargate,Kothrud,7,4,2,1247,9326,0,26.923496391339214,0.0,0
Swargate,Kothrud,9,4,0,1122,7445,0,23.88770053475936,0.0,1
Swargate,Kothrud,9,4,1,1154,7247,0,22.607625649913345,0.0,0
Swargate,Kothrud,9,4,2,1545,8790,0,20.481553398058253,0.0,0
Swargate,Kothrud,11,4,0,1241,7531,0,21.846575342465755,0.0,1
Swargate,Kothrud,11,4,1,1398,8199,0,21.113304721030044,0.0,0
Swargate,Kothrud,11,4,2,1273,7445,0,21.054202670856245,0.0,0
Swargate,Kothrud,13,4,0,1303,7531,0,20.807060629316958,0.0,1
Swargate,Kothrud,13,4,1,1466,8125,0,19.95225102319236,0.0,0
Swargate,Kothrud,13,4,2,1546,8071,0,18.79404915912031,0.0,0
Swargate,Kothrud,15,4,0,1267,7531,0,21.3982636148382,0.0,1
Swargate,Kothrud,15,4,1,1312,7309,0,20.055182926829268,0.0,0
Swargate,Kothrud,15,4,2,1630,8826,0,19.493006134969328,0.0,0
Swargate,Kothrud,17,4,0,1353,7531,0,20.03813747228381,0.0,1
Swargate,Kothrud,17,4,1,1512,8125,0,19.345238095238095,0.0,0
Swargate,Kothrud,17,4,2,1641,8243,0,18.083363802559415,0.0,0
Swargate,Kothrud,19,4,0,1365,7531,0,19.86197802197802,0.0,1
Swargate,Kothrud,19,4,1,1528,8125,0,19.14267015706806,0.0,0
Swargate,Kothrud,19,4,2,1598,8071,0,18.182478097622027,0.0,0
Swargate,Kothrud,21,4,0,1077,7445,0,24.885793871866294,0.0,1
Swargate,Kothrud,21,4,1,1128,7247,0,23.128723404255318,0.0,0
Swargate,Kothrud,21,4,2,1352,9326,0,24.832544378698227,0.0,0
Swargate,Kothrud,23,4,0,903,7463,0,29.75282392026578,0.0,1
Swargate,Kothrud,23,4,1,971,7383,0,27.372605561277037,0.0,0
Swargate,Kothrud,23,4,2,1024,7479,0,26.293359375,0.0,0
Swargate,Kothrud,7,5,0,986,7445,0,27.18255578093306,0.0,1
Swargate,Kothrud,7,5,1,1052,7247,0,24.799619771863117,0.0,0
Swargate,Kothrud,7,5,2,1403,8790,0,22.55452601568068,0.0,0
Swargate,Kothrud,9,5,0,1296,7531,0,20.919444444444444,0.0,1
Swargate,Kothrud,9,5,1,1460,8125,0,20.034246575342465,0.0,0
Swargate,Kothrud,9,5,2,1333,6938,0,18.73728432108027,0.0,0
Swargate,Kothrud,11,5,0,1449,7667,0,19.04844720496894,0.0,1
Swargate,Kothrud,11,5,1,1720,8089,0,16.93046511627907,0.0,0
Swargate,Kothrud,11,5,2,1733,8826,0,18.334448932487017,0.0,0
Swargate,Kothrud,13,5,0,1428,7667,0,19.32857142857143,0.0,1
Swargate,Kothrud,13,5,1,1490,7173,0,17.33073825503356,0.0,0
Swargate,Kothrud,13,5,2,1732,8826,0,18.345034642032335,0.0,0
Swargate,Kothrud,15,5,0,1319,7667,0,20.92585291887794,0.0,1
Swargate,Kothrud,15,5,1,1373,7173,0,18.807574654042245,0.0,0
Swargate,Kothrud,15,5,2,1618,8790,0,19.557478368355994,0.0,0
Swargate,Kothrud,17,5,0,1484,7479,0,18.14312668463612,0.0,1
Swargate,Kothrud,17,5,1,1560,7309,0,16.866923076923076,0.0,0
Swargate,Kothrud,17,5,2,1826,8826,0,17.40065717415115,0.0,0
Swargate,Kothrud,19,5,0,1510,7531,0,17.954701986754966,0.0,1
Swargate,Kothrud,19,5,1,1777,8125,0,16.460326392796848,0.0,0
Swargate,Kothrud,19,5,2,1539,7445,0,17.415204678362574,0.0,0
Swargate,Kothrud,21,5,0,1097,7445,0,24.432087511394712,0.0,1
Swargate,Kothrud,21,5,1,1161,7247,0,22.471317829457362,0.0,0
Swargate,Kothrud,21,5,2,1381,9326,0,24.311078928312817,0.0,0
Swargate,Kothrud,23,5,0,903,7463,0,29.75282392026578,0.0,1
Swargate,Kothrud,23,5,1,971,7383,0,27.372605561277037,0.0,0
Swargate,Kothrud,23,5,2,1024,7479,0,26.293359375,0.0,0
Swargate,Kothrud,7,6,0,990,7445,0,27.07272727272727,0.0,1
Swargate,Kothrud,7,6,1,1058,7247,0,24.65897920604915,0.0,0
Swargate,Kothrud,7,6,2,1407,8790,0,22.49040511727079,0.0,0
Swargate,Kothrud,9,6,0,1321,7531,0,20.52354277062831,0.0,1
Swargate,Kothrud,9,6,1,1482,8125,0,19.736842105263158,0.0,0
Swargate,Kothrud,9,6,2,1530,7564,0,17.79764705882353,0.0,0
Swargate,Kothrud,11,6,0,1492,7667,0,18.49946380697051,0.0,1
Swargate,Kothrud,11,6,1,1745,8826,0,18.20836676217765,0.0,0
Swargate,Kothrud,11,6,2,1833,7564,0,14.855646481178397,0.0,0
Swargate,Kothrud,13,6,0,1460,7667,0,18.904931506849316,0.0,1
Swargate,Kothrud,13,6,1,1526,7173,0,16.9218872870249,0.0,0
Swargate,Kothrud,13,6,2,1740,8826,0,18.260689655172413,0.0,0
Swargate,Kothrud,15,6,0,1324,7667,0,20.846827794561936,0.0,1
Swargate,Kothrud,15,6,1,1403,7173,0,18.405416963649323,0.0,0
Swargate,Kothrud,15,6,2,1624,8790,0,19.485221674876843,0.0,0
Swargate,Kothrud,17,6,0,1505,7479,0,17.889966777408638,0.0,1
Swargate,Kothrud,17,6,1,1583,7309,0,16.621857233101707,0.0,0
Swargate,Kothrud,17,6,2,1839,8790,0,17.20717781402936,0.0,0
Swargate,Kothrud,19,6,0,1546,7326,0,17.059249676584734,0.0,1
Swargate,Kothrud,19,6,1,1624,7173,0,15.900738916256158,0.0,0
Swargate,Kothrud,19,6,2,1998,8826,0,15.902702702702703,0.0,0
Swargate,Kothrud,21,6,0,1111,7445,0,24.124212421242124,0.0,1
Swargate,Kothrud,21,6,1,1169,7383,0,22.736355859709153,0.0,0
Swargate,Kothrud,21,6,2,1319,7596,0,20.732069749810464,0.0,0
Swargate,Kothrud,23,6,0,903,7463,0,29.75282392026578,0.0,1
Swargate,Kothrud,23,6,1,971,7383,0,27.372605561277037,0.0,0
Swargate,Kothrud,23,6,2,1024,7479,0,26.293359375,0.0,0
Swargate,Kothrud,7,0,0,988,7445,0,27.127530364372472,0.0,1
Swargate,Kothrud,7,0,1,1053,7247,0,24.776068376068377,0.0,0
Swargate,Kothrud,7,0,2,1403,8790,0,22.55452601568068,0.0,0
Swargate,Kothrud,9,0,0,1302,7531,0,20.823041474654374,0.0,1
Swargate,Kothrud,9,0,1,1466,8125,0,19.95225102319236,0.0,0
Swargate,Kothrud,9,0,2,1526,7564,0,17.844298820445612,0.0,0
Swargate,Kothrud,11,0,0,1456,7667,0,18.95686813186813,0.0,1
Swargate,Kothrud,11,0,1,1520,7173,0,16.988684210526316,0.0,0
Swargate,Kothrud,11,0,2,1719,8826,0,18.483769633507855,0.0,0
Swargate,Kothrud,13,0,0,1439,7667,0,19.18082001389854,0.0,1
Swargate,Kothrud,13,0,1,1500,7173,0,17.2152,0.0,0
Swargate,Kothrud,13,0,2,1720,8826,0,18.473023255813953,0.0,0
Swargate,Kothrud,15,0,0,1327,7667,0,20.799698568198945,0.0,1
Swargate,Kothrud,15,0,1,1384,7173,0,18.658092485549133,0.0,0
Swargate,Kothrud,15,0,2,1613,8790,0,19.61810291382517,0.0,0
Swargate,Kothrud,17,0,0,1490,7479,0,18.070067114093963,0.0,1
Swargate,Kothrud,17,0,1,1567,7309,0,16.791576260370135,0.0,0
Swargate,Kothrud,17,0,2,1830,8790,0,17.291803278688523,0.0,0
Swargate,Kothrud,19,0,0,1515,7531,0,17.895445544554455,0.0,1
Swargate,Kothrud,19,0,1,1778,8125,0,16.451068616422948,0.0,0
Swargate,Kothrud,19,0,2,1591,7445,0,16.846008799497174,0.0,0
Swargate,Kothrud,21,0,0,1109,7445,0,24.16771866546438,0.0,1
Swargate,Kothrud,21,0,1,1166,7383,0,22.79485420240137,0.0,0
Swargate,Kothrud,21,0,2,1196,7479,0,22.512040133779266,0.0,0
Swargate,Kothrud,23,0,0,903,7463,0,29.75282392026578,0.0,1
Swargate,Kothrud,23,0,1,971,7383,0,27.372605561277037,0.0,0
Swargate,Kothrud,23,0,2,1024,7479,0,26.293359375,0.0,0
Swargate,Kothrud,7,1,0,990,7445,0,27.07272727272727,0.0,1
Swargate,Kothrud,7,1,1,1058,7247,0,24.65897920604915,0.0,0
Swargate,Kothrud,7,1,2,1404,8790,0,22.538461538461537,0.0,0
Swargate,Kothrud,9,1,0,1314,7667,0,21.005479452054793,0.0,1
Swargate,Kothrud,9,1,1,1324,7445,0,20.243202416918432,0.0,0
Swargate,Kothrud,9,1,2,1635,8790,0,19.35412844036697,0.0,0
Swargate,Kothrud,11,1,0,1464,7667,0,18.85327868852459,0.0,1
Swargate,Kothrud,11,1,1,1512,7173,0,17.07857142857143,0.0,0
Swargate,Kothrud,11,1,2,1740,8826,0,18.260689655172413,0.0,0
Swargate,Kothrud,13,1,0,1442,7667,0,19.140915395284328,0.0,1
Swargate,Kothrud,13,1,1,1492,7173,0,17.30750670241287,0.0,0
Swargate,Kothrud,13,1,2,1735,8826,0,18.313314121037465,0.0,0
Swargate,Kothrud,15,1,0,1318,7667,0,20.94172989377845,0.0,1
Swargate,Kothrud,15,1,1,1357,7173,0,19.029329403095062,0.0,0
Swargate,Kothrud,15,1,2,1635,8826,0,19.433394495412845,0.0,0
Swargate,Kothrud,17,1,0,1491,7479,0,18.057947686116698,0.0,1
Swargate,Kothrud,17,1,1,1571,7309,0,16.748822406110758,0.0,0
Swargate,Kothrud,17,1,2,1846,8826,0,17.21213434452871,0.0,0
Swargate,Kothrud,19,1,0,1546,7326,0,17.059249676584734,0.0,1
Swargate,Kothrud,19,1,1,1629,7173,0,15.851933701657458,0.0,0
Swargate,Kothrud,19,1,2,2013,8826,0,15.784202682563338,0.0,0
Swargate,Kothrud,21,1,0,1107,7445,0,24.211382113821138,0.0,1
Swargate,Kothrud,21,1,1,1172,7383,0,22.67815699658703,0.0,0
Swargate,Kothrud,21,1,2,1317,7596,0,20.763553530751707,0.0,0
Swargate,Kothrud,23,1,0,903,7463,0,29.75282392026578,0.0,1
Swargate,Kothrud,23,1,1,971,7383,0,27.372605561277037,0.0,0
Swargate,Kothrud,23,1,2,1024,7479,0,26.293359375,0.0,0
Swargate,Kothrud,7,2,0,983,7445,0,27.265513733468975,0.0,1
Swargate,Kothrud,7,2,1,1052,7247,0,24.799619771863117,0.0,0
Swargate,Kothrud,7,2,2,1404,8790,0,22.538461538461537,0.0,0
Swargate,Kothrud,9,2,0,1295,7531,0,20.935598455598456,0.0,1
Swargate,Kothrud,9,2,1,1325,6938,0,18.85041509433962,0.0,0
Swargate,Kothrud,9,2,2,1657,8790,0,19.097163548581772,0.0,0
Swargate,Kothrud,11,2,0,1456,7667,0,18.95686813186813,0.0,1
Swargate,Kothrud,11,2,1,1543,7173,0,16.73545042125729,0.0,0
Swargate,Kothrud,11,2,2,1761,8826,0,18.042930153321976,0.0,0
Swargate,Kothrud,13,2,0,1465,7667,0,18.840409556313993,0.0,1
Swargate,Kothrud,13,2,1,1520,7173,0,16.988684210526316,0.0,0
Swargate,Kothrud,13,2,2,1760,8826,0,18.05318181818182,0.0,0
Swargate,Kothrud,15,2,0,1339,7667,0,20.61329350261389,0.0,1
Swargate,Kothrud,15,2,1,1415,7173,0,18.249328621908127,0.0,0
Swargate,Kothrud,15,2,2,1647,8790,0,19.21311475409836,0.0,0
Swargate,Kothrud,17,2,0,1495,7479,0,18.00963210702341,0.0,1
Swargate,Kothrud,17,2,1,1610,7309,0,16.343105590062112,0.0,0
Swargate,Kothrud,17,2,2,1874,8826,0,16.95496264674493,0.0,0
Swargate,Kothrud,19,2,0,1534,7531,0,17.67379400260756,0.0,1
Swargate,Kothrud,19,2,1,1794,8125,0,16.304347826086957,0.0,0
Swargate,Kothrud,19,2,2,1586,7445,0,16.899117276166457,0.0,0
Swargate,Kothrud,21,2,0,1116,7463,0,24.074193548387097,0.0,1
Swargate,Kothrud,21,2,1,1176,7383,0,22.601020408163265,0.0,0
Swargate,Kothrud,21,2,2,1325,7596,0,20.63818867924528,0.0,0
Swargate,Kothrud,23,2,0,903,7463,0,29.75282392026578,0.0,1
Swargate,Kothrud,23,2,1,971,7383,0,27.372605561277037,0.0,0
Swargate,Kothrud,23,2,2,1024,7479,0,26.293359375,0.0,0
Swargate,Kothrud,7,3,0,981,7463,0,27.38715596330275,0.0,1
Swargate,Kothrud,7,3,1,1046,7383,0,25.409942638623328,0.0,0
Swargate,Kothrud,7,3,2,1141,7614,0,24.023137598597724,0.0,0
Swargate,Kothrud,9,3,0,1261,7463,0,21.305947660586835,0.0,1
Swargate,Kothrud,9,3,1,1310,7383,0,20.28916030534351,0.0,0
Swargate,Kothrud,9,3,2,1412,7596,0,19.366572237960337,0.0,0
Swargate,Kothrud,11,3,0,1455,7667,0,18.969896907216494,0.0,1
Swargate,Kothrud,11,3,1,1496,7173,0,17.261229946524065,0.0,0
Swargate,Kothrud,11,3,2,1777,8826,0,17.88047270680923,0.0,0
Swargate,Kothrud,13,3,0,1510,7667,0,18.278940397350993,0.0,1
Swargate,Kothrud,13,3,1,1553,7173,0,16.62768834513844,0.0,0
Swargate,Kothrud,13,3,2,1818,8826,0,17.477227722772277,0.0,0
Swargate,Kothrud,15,3,0,1403,7667,0,19.672986457590873,0.0,1
Swargate,Kothrud,15,3,1,1529,7173,0,16.88868541530412,0.0,0
Swargate,Kothrud,15,3,2,1725,8826,0,18.419478260869564,0.0,0
Swargate,Kothrud,17,3,0,1535,7479,0,17.540325732899024,0.0,1
Swargate,Kothrud,17,3,1,1676,7309,0,15.699522673031026,0.0,0
Swargate,Kothrud,17,3,2,1899,8826,0,16.731753554502372,0.0,0
Swargate,Kothrud,19,3,0,1528,7479,0,17.62068062827225,0.0,1
Swargate,Kothrud,19,3,1,1637,7309,0,16.073549175320707,0.0,0
Swargate,Kothrud,19,3,2,1604,7448,0,16.716209476309228,0.0,0
Swargate,Kothrud,21,3,0,1118,7445,0,23.97316636851521,0.0,1
Swargate,Kothrud,21,3,1,1172,7247,0,22.260409556313995,0.0,0
Swargate,Kothrud,21,3,2,1544,8790,0,20.49481865284974,0.0,0
Swargate,Kothrud,23,3,0,903,7463,0,29.75282392026578,0.0,1
Swargate,Kothrud,23,3,1,971,7383,0,27.372605561277037,0.0,0
Swargate,Kothrud,23,3,2,1024,7479,0,26.293359375,0.0,0
Swargate,Kothrud,7,4,0,955,7445,0,28.064921465968588,0.0,1
Swargate,Kothrud,7,4,1,1016,7247,0,25.678346456692914,0.0,0
Swargate,Kothrud,7,4,2,1247,9326,0,26.923496391339214,0.0,0
Swargate,Kothrud,9,4,0,1122,7445,0,23.88770053475936,0.0,1
Swargate,Kothrud,9,4,1,1154,7247,0,22.607625649913345,0.0,0
Swargate,Kothrud,9,4,2,1545,8790,0,20.481553398058253,0.0,0
Swargate,Kothrud,11,4,0,1241,7531,0,21.846575342465755,0.0,1
Swargate,Kothrud,11,4,1,1398,8199,0,21.113304721030044,0.0,0
Swargate,Kothrud,11,4,2,1273,7445,0,21.054202670856245,0.0,0
Swargate,Kothrud,13,4,0,1303,7531,0,20.807060629316958,0.0,1
Swargate,Kothrud,13,4,1,1466,8125,0,19.95225102319236,0.0,0
Swargate,Kothrud,13,4,2,1546,8071,0,18.79404915912031,0.0,0
Swargate,Kothrud,15,4,0,1267,7531,0,21.3982636148382,0.0,1
Swargate,Kothrud,15,4,1,1312,7309,0,20.055182926829268,0.0,0
Swargate,Kothrud,15,4,2,1630,8826,0,19.493006134969328,0.0,0
Swargate,Kothrud,17,4,0,1353,7531,0,20.03813747228381,0.0,1
Swargate,Kothrud,17,4,1,1512,8125,0,19.345238095238095,0.0,0
Swargate,Kothrud,17,4,2,1641,8243,0,18.083363802559415,0.0,0
Swargate,Kothrud,19,4,0,1365,7531,0,19.86197802197802,0.0,1
Swargate,Kothrud,19,4,1,1528,8125,0,19.14267015706806,0.0,0
Swargate,Kothrud,19,4,2,1598,8071,0,18.182478097622027,0.0,0
Swargate,Kothrud,21,4,0,1077,7445,0,24.885793871866294,0.0,1
Swargate,Kothrud,21,4,1,1128,7247,0,23.128723404255318,0.0,0
Swargate,Kothrud,21,4,2,1352,9326,0,24.832544378698227,0.0,0
Swargate,Kothrud,23,4,0,903,7463,0,29.75282392026578,0.0,1
Swargate,Kothrud,23,4,1,971,7383,0,27.372605561277037,0.0,0
Swargate,Kothrud,23,4,2,1024,7479,0,26.293359375,0.0,0
Swargate,Kothrud,7,5,0,986,7445,0,27.18255578093306,0.0,1
Swargate,Kothrud,7,5,1,1052,7247,0,24.799619771863117,0.0,0
Swargate,Kothrud,7,5,2,1403,8790,0,22.55452601568068,0.0,0
Swargate,Kothrud,9,5,0,1296,7531,0,20.919444444444444,0.0,1
Swargate,Kothrud,9,5,1,1460,8125,0,20.034246575342465,0.0,0
Swargate,Kothrud,9,5,2,1333,6938,0,18.73728432108027,0.0,0
Swargate,Kothrud,11,5,0,1449,7667,0,19.04844720496894,0.0,1
Swargate,Kothrud,11,5,1,1720,8089,0,16.93046511627907,0.0,0
Swargate,Kothrud,11,5,2,1733,8826,0,18.334448932487017,0.0,0
Swargate,Kothrud,13,5,0,1428,7667,0,19.32857142857143,0.0,1
Swargate,Kothrud,13,5,1,1490,7173,0,17.33073825503356,0.0,0
Swargate,Kothrud,13,5,2,1732,8826,0,18.345034642032335,0.0,0
Swargate,Kothrud,15,5,0,1319,7667,0,20.92585291887794,0.0,1
Swargate,Kothrud,15,5,1,1373,7173,0,18.807574654042245,0.0,0
Swargate,Kothrud,15,5,2,1618,8790,0,19.557478368355994,0.0,0
Swargate,Kothrud,17,5,0,1484,7479,0,18.14312668463612,0.0,1
Swargate,Kothrud,17,5,1,1560,7309,0,16.866923076923076,0.0,0
Swargate,Kothrud,17,5,2,1826,8826,0,17.40065717415115,0.0,0
Swargate,Kothrud,19,5,0,1510,7531,0,17.954701986754966,0.0,1
Swargate,Kothrud,19,5,1,1777,8125,0,16.460326392796848,0.0,0
Swargate,Kothrud,19,5,2,1539,7445,0,17.415204678362574,0.0,0
Swargate,Kothrud,21,5,0,1097,7445,0,24.432087511394712,0.0,1
Swargate,Kothrud,21,5,1,1161,7247,0,22.471317829457362,0.0,0
Swargate,Kothrud,21,5,2,1381,9326,0,24.311078928312817,0.0,0
Swargate,Kothrud,23,5,0,903,7463,0,29.75282392026578,0.0,1
Swargate,Kothrud,23,5,1,971,7383,0,27.372605561277037,0.0,0
Swargate,Kothrud,23,5,2,1024,7479,0,26.293359375,0.0,0
Swargate,Kothrud,7,6,0,990,7445,0,27.07272727272727,0.0,1
Swargate,Kothrud,7,6,1,1058,7247,0,24.65897920604915,0.0,0
Swargate,Kothrud,7,6,2,1407,8790,0,22.49040511727079,0.0,0
Swargate,Kothrud,9,6,0,1321,7531,0,20.52354277062831,0.0,1
Swargate,Kothrud,9,6,1,1482,8125,0,19.736842105263158,0.0,0
Swargate,Kothrud,9,6,2,1530,7564,0,17.79764705882353,0.0,0
Swargate,Kothrud,11,6,0,1492,7667,0,18.49946380697051,0.0,1
Swargate,Kothrud,11,6,1,1745,8826,0,18.20836676217765,0.0,0
Swargate,Kothrud,11,6,2,1833,7564,0,14.855646481178397,0.0,0
Swargate,Kothrud,13,6,0,1460,7667,0,18.904931506849316,0.0,1
Swargate,Kothrud,13,6,1,1526,7173,0,16.9218872870249,0.0,0
Swargate,Kothrud,13,6,2,1740,8826,0,18.260689655172413,0.0,0
Swargate,Kothrud,15,6,0,1324,7667,0,20.846827794561936,0.0,1
Swargate,Kothrud,15,6,1,1403,7173,0,18.405416963649323,0.0,0
Swargate,Kothrud,15,6,2,1624,8790,0,19.485221674876843,0.0,0
Swargate,Kothrud,17,6,0,1505,7479,0,17.889966777408638,0.0,1
Swargate,Kothrud,17,6,1,1583,7309,0,16.621857233101707,0.0,0
Swargate,Kothrud,17,6,2,1839,8790,0,17.20717781402936,0.0,0
Swargate,Kothrud,19,6,0,1546,7326,0,17.059249676584734,0.0,1
Swargate,Kothrud,19,6,1,1624,7173,0,15.900738916256158,0.0,0
Swargate,Kothrud,19,6,2,1998,8826,0,15.902702702702703,0.0,0
Swargate,Kothrud,21,6,0,1111,7445,0,24.124212421242124,0.0,1
Swargate,Kothrud,21,6,1,1169,7383,0,22.736355859709153,0.0,0
Swargate,Kothrud,21,6,2,1319,7596,0,20.732069749810464,0.0,0
Swargate,Kothrud,23,6,0,903,7463,0,29.75282392026578,0.0,1
Swargate,Kothrud,23,6,1,971,7383,0,27.372605561277037,0.0,0
Swargate,Kothrud,23,6,2,1024,7479,0,26.293359375,0.0,0
Swargate,Hadapsar,7,0,0,1187,8745,0,26.52232518955349,0.0,1
Swargate,Hadapsar,7,0,1,1706,11398,0,24.05205158264947,0.0,0
Swargate,Hadapsar,7,0,2,2076,14315,0,24.823699421965316,0.0,0
Swargate,Hadapsar,9,0,0,1387,8326,0,21.61038211968277,0.0,1
Swargate,Hadapsar,9,0,1,1938,11398,0,21.172755417956655,0.0,0
Swargate,Hadapsar,9,0,2,1537,9733,0,22.796877033181524,0.0,0
Swargate,Hadapsar,11,0,0,1514,8326,0,19.79762219286658,0.0,1
Swargate,Hadapsar,11,0,1,1662,9733,0,21.08231046931408,0.0,0
Swargate,Hadapsar,11,0,2,2361,11988,0,18.279034307496822,0.0,0
Swargate,Hadapsar,13,0,0,1531,8326,0,19.577792292619204,0.0,1
Swargate,Hadapsar,13,0,1,2075,11477,0,19.911903614457835,0.0,0
Swargate,Hadapsar,13,0,2,1684,9733,0,20.806888361045132,0.0,0
Swargate,Hadapsar,15,0,0,1425,8326,0,21.034105263157898,0.0,1
Swargate,Hadapsar,15,0,1,1616,9733,0,21.68242574257426,0.0,0
Swargate,Hadapsar,15,0,2,2414,11988,0,17.87771333885667,0.0,0
Swargate,Hadapsar,17,0,0,1590,8326,0,18.851320754716983,0.0,1
Swargate,Hadapsar,17,0,1,1739,9733,0,20.14882116158712,0.0,0
Swargate,Hadapsar,17,0,2,2571,11988,0,16.785997666277712,0.0,0
Swargate,Hadapsar,19,0,0,1690,8326,0,17.73585798816568,0.0,1
Swargate,Hadapsar,19,0,1,2152,11477,0,19.19944237918216,0.0,0
Swargate,Hadapsar,19,0,2,1782,9733,0,19.662626262626265,0.0,0
Swargate,Hadapsar,21,0,0,1318,8745,0,23.886191198786037,0.0,1
Swargate,Hadapsar,21,0,1,1766,11398,0,23.234881087202716,0.0,0
Swargate,Hadapsar,21,0,2,1476,10151,0,24.758536585365853,0.0,0
Swargate,Hadapsar,23,0,0,1116,8745,0,28.209677419354836,0.0,1
Swargate,Hadapsar,23,0,1,1602,11398,0,25.613483146067416,0.0,0
Swargate,Hadapsar,23,0,2,1851,14315,0,27.841166936790923,0.0,0
Swargate,Hadapsar,7,1,0,1191,8745,0,26.43324937027708,0.0,1
Swargate,Hadapsar,7,1,1,1694,11398,0,24.222432113341203,0.0,0
Swargate,Hadapsar,7,1,2,2045,14315,0,25.2,0.0,0
Swargate,Hadapsar,9,1,0,1396,8326,0,21.47106017191977,0.0,1
Swargate,Hadapsar,9,1,1,1918,11398,0,21.393534932221062,0.0,0
Swargate,Hadapsar,9,1,2,1541,9733,0,22.737702790395847,0.0,0
Swargate,Hadapsar,11,1,0,1511,8326,0,19.83692918596956,0.0,1
Swargate,Hadapsar,11,1,1,1651,9733,0,21.222774076317382,0.0,0
Swargate,Hadapsar,11,1,2,2349,11988,0,18.372413793103448,0.0,0
Swargate,Hadapsar,13,1,0,1529,8326,0,19.603400915631134,0.0,1
Swargate,Hadapsar,13,1,1,2062,11477,0,20.03743937924345,0.0,0
Swargate,Hadapsar,13,1,2,1676,9733,0,20.90620525059666,0.0,0
Swargate,Hadapsar,15,1,0,1404,8326,0,21.34871794871795,0.0,1
Swargate,Hadapsar,15,1,1,1982,11477,0,20.846215943491423,0.0,0
Swargate,Hadapsar,15,1,2,1597,9733,0,21.940388227927365,0.0,0
Swargate,Hadapsar,17,1,0,1576,8326,0,19.018781725888328,0.0,1
Swargate,Hadapsar,17,1,1,2148,11477,0,19.23519553072626,0.0,0
Swargate,Hadapsar,17,1,2,1738,9733,0,20.16041426927503,0.0,0
Swargate,Hadapsar,19,1,0,1687,8326,0,17.767397747480736,0.0,1
Swargate,Hadapsar,19,1,1,2188,11477,0,18.883546617915908,0.0,0
Swargate,Hadapsar,19,1,2,1798,9733,0,19.48765294771969,0.0,0
Swargate,Hadapsar,21,1,0,1323,8745,0,23.795918367346935,0.0,1
Swargate,Hadapsar,21,1,1,1786,11398,0,22.974692049272115,0.0,0
Swargate,Hadapsar,21,1,2,1478,10151,0,24.725033829499324,0.0,0
Swargate,Hadapsar,23,1,0,1116,8745,0,28.209677419354836,0.0,1
Swargate,Hadapsar,23,1,1,1602,11398,0,25.613483146067416,0.0,0
Swargate,Hadapsar,23,1,2,1851,14315,0,27.841166936790923,0.0,0
Swargate,Hadapsar,7,2,0,1189,8745,0,26.47771236333053,0.0,1
Swargate,Hadapsar,7,2,1,1693,11398,0,24.236739515652687,0.0,0
Swargate,Hadapsar,7,2,2,2063,14315,0,24.98012603005332,0.0,0
Swargate,Hadapsar,9,2,0,1387,8326,0,21.61038211968277,0.0,1
Swargate,Hadapsar,9,2,1,1910,11398,0,21.483141361256543,0.0,0
Swargate,Hadapsar,9,2,2,1536,9733,0,22.81171875,0.0,0
Swargate,Hadapsar,11,2,0,1496,8326,0,20.035828877005347,0.0,1
Swargate,Hadapsar,11,2,1,1645,9733,0,21.30018237082067,0.0,0
Swargate,Hadapsar,11,2,2,2332,11988,0,18.506346483704974,0.0,0
Swargate,Hadapsar,13,2,0,1516,8326,0,19.771503957783644,0.0,1
Swargate,Hadapsar,13,2,1,2068,11477,0,19.979303675048357,0.0,0
Swargate,Hadapsar,13,2,2,1671,9733,0,20.968761220825854,0.0,0
Swargate,Hadapsar,15,2,0,1416,8326,0,21.167796610169493,0.0,1
Swargate,Hadapsar,15,2,1,2010,11477,0,20.555820895522388,0.0,0
Swargate,Hadapsar,15,2,2,1605,9733,0,21.831028037383177,0.0,0
Swargate,Hadapsar,17,2,0,1611,8326,0,18.60558659217877,0.0,1
Swargate,Hadapsar,17,2,1,2176,11477,0,18.987683823529412,0.0,0
Swargate,Hadapsar,17,2,2,1756,9733,0,19.953758542141234,0.0,0
Swargate,Hadapsar,19,2,0,1729,8326,0,17.335801041064197,0.0,1
Swargate,Hadapsar,19,2,1,2193,11477,0,18.84049247606019,0.0,0
Swargate,Hadapsar,19,2,2,1812,9733,0,19.337086092715236,0.0,0
Swargate,Hadapsar,21,2,0,1323,8745,0,23.795918367346935,0.0,1
Swargate,Hadapsar,21,2,1,1787,11398,0,22.961835478455512,0.0,0
Swargate,Hadapsar,21,2,2,1480,10151,0,24.69162162162162,0.0,0
Swargate,Hadapsar,23,2,0,1116,8745,0,28.209677419354836,0.0,1
Swargate,Hadapsar,23,2,1,1602,11398,0,25.613483146067416,0.0,0
Swargate,Hadapsar,23,2,2,1851,14315,0,27.841166936790923,0.0,0
Swargate,Hadapsar,7,3,0,1177,8745,0,26.747663551401867,0.0,1
Swargate,Hadapsar,7,3,1,1651,11398,0,24.85330102967898,0.0,0
Swargate,Hadapsar,7,3,2,1355,10151,0,26.969446494464943,0.0,0
Swargate,Hadapsar,9,3,0,1309,8326,0,22.89809014514897,0.0,1
Swargate,Hadapsar,9,3,1,1778,11398,0,23.07806524184477,0.0,0
Swargate,Hadapsar,9,3,2,1452,9733,0,24.131404958677688,0.0,0
Swargate,Hadapsar,11,3,0,1463,8326,0,20.487764866712237,0.0,1
Swargate,Hadapsar,11,3,1,1968,11398,0,20.85,0.0,0
Swargate,Hadapsar,11,3,2,1608,9733,0,21.790298507462687,0.0,0
Swargate,Hadapsar,13,3,0,1550,8326,0,19.337806451612902,0.0,1
Swargate,Hadapsar,13,3,1,2049,11477,0,20.164568081991213,0.0,0
Swargate,Hadapsar,13,3,2,1706,9733,0,20.538569753810084,0.0,0
Swargate,Hadapsar,15,3,0,1561,8326,0,19.201537475976938,0.0,1
Swargate,Hadapsar,15,3,1,2060,11477,0,20.056893203883497,0.0,0
Swargate,Hadapsar,15,3,2,2185,11883,0,19.578398169336385,0.0,0
Swargate,Hadapsar,17,3,0,1682,8326,0,17.82021403091558,0.0,1
Swargate,Hadapsar,17,3,1,2151,11477,0,19.20836820083682,0.0,0
Swargate,Hadapsar,17,3,2,2341,11883,0,18.273729175565997,0.0,0
Swargate,Hadapsar,19,3,0,1667,8326,0,17.980563887222555,0.0,1
Swargate,Hadapsar,19,3,1,2124,11477,0,19.452542372881357,0.0,0
Swargate,Hadapsar,19,3,2,1786,9733,0,19.61858902575588,0.0,0
Swargate,Hadapsar,21,3,0,1311,8745,0,24.0137299771167,0.0,1
Swargate,Hadapsar,21,3,1,1782,11398,0,23.026262626262625,0.0,0
Swargate,Hadapsar,21,3,2,1470,10151,0,24.859591836734694,0.0,0
Swargate,Hadapsar,23,3,0,1116,8745,0,28.209677419354836,0.0,1
Swargate,Hadapsar,23,3,1,1602,11398,0,25.613483146067416,0.0,0
Swargate,Hadapsar,23,3,2,1851,14315,0,27.841166936790923,0.0,0
Swargate,Hadapsar,7,4,0,1151,8745,0,27.351867940920933,0.0,1
Swargate,Hadapsar,7,4,1,1636,11398,0,25.08117359413203,0.0,0
Swargate,Hadapsar,7,4,2,1920,14315,0,26.840625,0.0,0
Swargate,Hadapsar,9,4,0,1248,8745,0,25.225961538461537,0.0,1
Swargate,Hadapsar,9,4,1,1697,11398,0,24.179611078373597,0.0,0
Swargate,Hadapsar,9,4,2,1409,10151,0,25.93584102200142,0.0,0
Swargate,Hadapsar,11,4,0,1387,8745,0,22.697909156452774,0.0,1
Swargate,Hadapsar,11,4,1,1796,11398,0,22.846770601336303,0.0,0
Swargate,Hadapsar,11,4,2,1487,9733,0,23.563416274377943,0.0,0
Swargate,Hadapsar,13,4,0,1388,8326,0,21.594812680115275,0.0,1
Swargate,Hadapsar,13,4,1,1856,11398,0,22.108189655172414,0.0,0
Swargate,Hadapsar,13,4,2,1538,9733,0,22.782054616384915,0.0,0
Swargate,Hadapsar,15,4,0,1418,8326,0,21.13794076163611,0.0,1
Swargate,Hadapsar,15,4,1,1898,11398,0,21.618967334035826,0.0,0
Swargate,Hadapsar,15,4,2,1575,9733,0,22.246857142857145,0.0,0
Swargate,Hadapsar,17,4,0,1443,8326,0,20.771725571725575,0.0,1
Swargate,Hadapsar,17,4,1,1956,11477,0,21.123312883435585,0.0,0
Swargate,Hadapsar,17,4,2,1622,9733,0,21.60221948212084,0.0,0
Swargate,Hadapsar,19,4,0,1392,8326,0,21.532758620689656,0.0,1
Swargate,Hadapsar,19,4,1,1924,11477,0,21.474636174636174,0.0,0
Swargate,Hadapsar,19,4,2,1583,9733,0,22.134428300694882,0.0,0
Swargate,Hadapsar,21,4,0,1243,8745,0,25.32743362831858,0.0,1
Swargate,Hadapsar,21,4,1,1722,11398,0,23.82857142857143,0.0,0
Swargate,Hadapsar,21,4,2,1421,10151,0,25.716819141449683,0.0,0
Swargate,Hadapsar,23,4,0,1116,8745,0,28.209677419354836,0.0,1
Swargate,Hadapsar,23,4,1,1602,11398,0,25.613483146067416,0.0,0
Swargate,Hadapsar,23,4,2,1851,14315,0,27.841166936790923,0.0,0
Swargate,Hadapsar,7,5,0,1186,8745,0,26.54468802698145,0.0,1
Swargate,Hadapsar,7,5,1,1695,11398,0,24.208141592920352,0.0,0
Swargate,Hadapsar,7,5,2,2048,14315,0,25.1630859375,0.0,0
Swargate,Hadapsar,9,5,0,1388,8326,0,21.594812680115275,0.0,1
Swargate,Hadapsar,9,5,1,1912,11398,0,21.460669456066945,0.0,0
Swargate,Hadapsar,9,5,2,1534,9733,0,22.841460234680575,0.0,0
Swargate,Hadapsar,11,5,0,1517,8326,0,19.75847066578774,0.0,1
Swargate,Hadapsar,11,5,1,1661,9733,0,21.095003010234798,0.0,0
Swargate,Hadapsar,11,5,2,2333,11988,0,18.498414059151305,0.0,0
Swargate,Hadapsar,13,5,0,1537,8326,0,19.501366297983086,0.0,1
Swargate,Hadapsar,13,5,1,2072,11477,0,19.94073359073359,0.0,0
Swargate,Hadapsar,13,5,2,1687,9733,0,20.769887374036752,0.0,0
Swargate,Hadapsar,15,5,0,1419,8326,0,21.123044397463005,0.0,1
Swargate,Hadapsar,15,5,1,1608,9733,0,21.790298507462687,0.0,0
Swargate,Hadapsar,15,5,2,2399,11988,0,17.98949562317632,0.0,0
Swargate,Hadapsar,17,5,0,1592,8326,0,18.827638190954776,0.0,1
Swargate,Hadapsar,17,5,1,2169,11477,0,19.04896265560166,0.0,0
Swargate,Hadapsar,17,5,2,1744,9733,0,20.09105504587156,0.0,0
Swargate,Hadapsar,19,5,0,1705,8326,0,17.579824046920823,0.0,1
Swargate,Hadapsar,19,5,1,2179,11477,0,18.96154199173933,0.0,0
Swargate,Hadapsar,19,5,2,1798,9733,0,19.48765294771969,0.0,0
Swargate,Hadapsar,21,5,0,1320,8745,0,23.849999999999998,0.0,1
Swargate,Hadapsar,21,5,1,1778,11398,0,23.07806524184477,0.0,0
Swargate,Hadapsar,21,5,2,1474,10151,0,24.792130257801897,0.0,0
Swargate,Hadapsar,23,5,0,1116,8745,0,28.209677419354836,0.0,1
Swargate,Hadapsar,23,5,1,1602,11398,0,25.613483146067416,0.0,0
Swargate,Hadapsar,23,5,2,1851,14315,0,27.841166936790923,0.0,0
Swargate,Hadapsar,7,6,0,1211,8745,0,25.99669694467382,0.0,1
Swargate,Hadapsar,7,6,1,1714,11398,0,23.939789964994166,0.0,0
Swargate,Hadapsar,7,6,2,1379,10151,0,26.500072516316173,0.0,0
Swargate,Hadapsar,9,6,0,1433,8326,0,20.916678297278438,0.0,1
Swargate,Hadapsar,9,6,1,1964,11398,0,20.892464358452138,0.0,0
Swargate,Hadapsar,9,6,2,1556,9733,0,22.518508997429308,0.0,0
Swargate,Hadapsar,11,6,0,1566,8326,0,19.140229885057472,0.0,1
Swargate,Hadapsar,11,6,1,2141,11398,0,19.165249883232132,0.0,0
Swargate,Hadapsar,11,6,2,1712,9733,0,20.46658878504673,0.0,0
Swargate,Hadapsar,13,6,0,1562,8326,0,19.189244558258643,0.0,1
Swargate,Hadapsar,13,6,1,2096,11477,0,19.712404580152672,0.0,0
Swargate,Hadapsar,13,6,2,1723,9733,0,20.335925710969242,0.0,0
Swargate,Hadapsar,15,6,0,1457,8326,0,20.572134522992453,0.0,1
Swargate,Hadapsar,15,6,1,1627,9733,0,21.53583282114321,0.0,0
Swargate,Hadapsar,15,6,2,2434,11988,0,17.730813475760066,0.0,0
Swargate,Hadapsar,17,6,0,1625,8326,0,18.44529230769231,0.0,1
Swargate,Hadapsar,17,6,1,2212,11477,0,18.67866184448463,0.0,0
Swargate,Hadapsar,17,6,2,1762,9733,0,19.885811577752555,0.0,0
Swargate,Hadapsar,19,6,0,1711,8326,0,17.518176504967855,0.0,1
Swargate,Hadapsar,19,6,1,2169,11477,0,19.04896265560166,0.0,0
Swargate,Hadapsar,19,6,2,1818,9733,0,19.273267326732675,0.0,0
Swargate,Hadapsar,21,6,0,1322,8745,0,23.81391830559758,0.0,1
Swargate,Hadapsar,21,6,1,1772,11398,0,23.156207674943566,0.0,0
Swargate,Hadapsar,21,6,2,1479,10151,0,24.708316430020282,0.0,0
Swargate,Hadapsar,23,6,0,1116,8745,0,28.209677419354836,0.0,1
Swargate,Hadapsar,23,6,1,1602,11398,0,25.613483146067416,0.0,0
Swargate,Hadapsar,23,6,2,1851,14315,0,27.841166936790923,0.0,0
Swargate,Hadapsar,7,0,0,1187,8745,0,26.52232518955349,0.0,1
Swargate,Hadapsar,7,0,1,1706,11398,0,24.05205158264947,0.0,0
Swargate,Hadapsar,7,0,2,2076,14315,0,24.823699421965316,0.0,0
Swargate,Hadapsar,9,0,0,1387,8326,0,21.61038211968277,0.0,1
Swargate,Hadapsar,9,0,1,1938,11398,0,21.172755417956655,0.0,0
Swargate,Hadapsar,9,0,2,1537,9733,0,22.796877033181524,0.0,0
Swargate,Hadapsar,11,0,0,1514,8326,0,19.79762219286658,0.0,1
Swargate,Hadapsar,11,0,1,1662,9733,0,21.08231046931408,0.0,0
Swargate,Hadapsar,11,0,2,2361,11988,0,18.279034307496822,0.0,0
Swargate,Hadapsar,13,0,0,1531,8326,0,19.577792292619204,0.0,1
Swargate,Hadapsar,13,0,1,2075,11477,0,19.911903614457835,0.0,0
Swargate,Hadapsar,13,0,2,1684,9733,0,20.806888361045132,0.0,0
Swargate,Hadapsar,15,0,0,1425,8326,0,21.034105263157898,0.0,1
Swargate,Hadapsar,15,0,1,1616,9733,0,21.68242574257426,0.0,0
Swargate,Hadapsar,15,0,2,2414,11988,0,17.87771333885667,0.0,0
Swargate,Hadapsar,17,0,0,1590,8326,0,18.851320754716983,0.0,1
Swargate,Hadapsar,17,0,1,1739,9733,0,20.14882116158712,0.0,0
Swargate,Hadapsar,17,0,2,2571,11988,0,16.785997666277712,0.0,0
Swargate,Hadapsar,19,0,0,1690,8326,0,17.73585798816568,0.0,1
Swargate,Hadapsar,19,0,1,2152,11477,0,19.19944237918216,0.0,0
Swargate,Hadapsar,19,0,2,1782,9733,0,19.662626262626265,0.0,0
Swargate,Hadapsar,21,0,0,1318,8745,0,23.886191198786037,0.0,1
Swargate,Hadapsar,21,0,1,1766,11398,0,23.234881087202716,0.0,0
Swargate,Hadapsar,21,0,2,1476,10151,0,24.758536585365853,0.0,0
Swargate,Hadapsar,23,0,0,1116,8745,0,28.209677419354836,0.0,1
Swargate,Hadapsar,23,0,1,1602,11398,0,25.613483146067416,0.0,0
Swargate,Hadapsar,23,0,2,1851,14315,0,27.841166936790923,0.0,0
Swargate,Hadapsar,7,1,0,1191,8745,0,26.43324937027708,0.0,1
Swargate,Hadapsar,7,1,1,1694,11398,0,24.222432113341203,0.0,0
Swargate,Hadapsar,7,1,2,2045,14315,0,25.2,0.0,0
Swargate,Hadapsar,9,1,0,1396,8326,0,21.47106017191977,0.0,1
Swargate,Hadapsar,9,1,1,1918,11398,0,21.393534932221062,0.0,0
Swargate,Hadapsar,9,1,2,1541,9733,0,22.737702790395847,0.0,0
Swargate,Hadapsar,11,1,0,1511,8326,0,19.83692918596956,0.0,1
Swargate,Hadapsar,11,1,1,1651,9733,0,21.222774076317382,0.0,0
Swargate,Hadapsar,11,1,2,2349,11988,0,18.372413793103448,0.0,0
Swargate,Hadapsar,13,1,0,1529,8326,0,19.603400915631134,0.0,1
Swargate,Hadapsar,13,1,1,2062,11477,0,20.03743937924345,0.0,0
Swargate,Hadapsar,13,1,2,1676,9733,0,20.90620525059666,0.0,0
Swargate,Hadapsar,15,1,0,1404,8326,0,21.34871794871795,0.0,1
Swargate,Hadapsar,15,1,1,1982,11477,0,20.846215943491423,0.0,0
Swargate,Hadapsar,15,1,2,1597,9733,0,21.940388227927365,0.0,0
Swargate,Hadapsar,17,1,0,1576,8326,0,19.018781725888328,0.0,1
Swargate,Hadapsar,17,1,1,2148,11477,0,19.23519553072626,0.0,0
Swargate,Hadapsar,17,1,2,1738,9733,0,20.16041426927503,0.0,0
Swargate,Hadapsar,19,1,0,1687,8326,0,17.767397747480736,0.0,1
Swargate,Hadapsar,19,1,1,2188,11477,0,18.883546617915908,0.0,0
Swargate,Hadapsar,19,1,2,1798,9733,0,19.48765294771969,0.0,0
Swargate,Hadapsar,21,1,0,1323,8745,0,23.795918367346935,0.0,1
Swargate,Hadapsar,21,1,1,1786,11398,0,22.974692049272115,0.0,0
Swargate,Hadapsar,21,1,2,1478,10151,0,24.725033829499324,0.0,0
Swargate,Hadapsar,23,1,0,1116,8745,0,28.209677419354836,0.0,1
Swargate,Hadapsar,23,1,1,1602,11398,0,25.613483146067416,0.0,0
Swargate,Hadapsar,23,1,2,1851,14315,0,27.841166936790923,0.0,0
Swargate,Hadapsar,7,2,0,1189,8745,0,26.47771236333053,0.0,1
Swargate,Hadapsar,7,2,1,1693,11398,0,24.236739515652687,0.0,0
Swargate,Hadapsar,7,2,2,2063,14315,0,24.98012603005332,0.0,0
Swargate,Hadapsar,9,2,0,1387,8326,0,21.61038211968277,0.0,1
Swargate,Hadapsar,9,2,1,1910,11398,0,21.483141361256543,0.0,0
Swargate,Hadapsar,9,2,2,1536,9733,0,22.81171875,0.0,0
Swargate,Hadapsar,11,2,0,1496,8326,0,20.035828877005347,0.0,1
Swargate,Hadapsar,11,2,1,1645,9733,0,21.30018237082067,0.0,0
Swargate,Hadapsar,11,2,2,2332,11988,0,18.506346483704974,0.0,0
Swargate,Hadapsar,13,2,0,1516,8326,0,19.771503957783644,0.0,1
Swargate,Hadapsar,13,2,1,2068,11477,0,19.979303675048357,0.0,0
Swargate,Hadapsar,13,2,2,1671,9733,0,20.968761220825854,0.0,0
Swargate,Hadapsar,15,2,0,1416,8326,0,21.167796610169493,0.0,1
Swargate,Hadapsar,15,2,1,1605,9733,0,21.831028037383177,0.0,0
Swargate,Hadapsar,15,2,2,2010,11477,0,20.555820895522388,0.0,0
Swargate,Hadapsar,17,2,0,1611,8326,0,18.60558659217877,0.0,1
Swargate,Hadapsar,17,2,1,2176,11477,0,18.987683823529412,0.0,0
Swargate,Hadapsar,17,2,2,1756,9733,0,19.953758542141234,0.0,0
Swargate,Hadapsar,19,2,0,1729,8326,0,17.335801041064197,0.0,1
Swargate,Hadapsar,19,2,1,2193,11477,0,18.84049247606019,0.0,0
Swargate,Hadapsar,19,2,2,1812,9733,0,19.337086092715236,0.0,0
Swargate,Hadapsar,21,2,0,1323,8745,0,23.795918367346935,0.0,1
Swargate,Hadapsar,21,2,1,1787,11398,0,22.961835478455512,0.0,0
Swargate,Hadapsar,21,2,2,1480,10151,0,24.69162162162162,0.0,0
Swargate,Hadapsar,23,2,0,1116,8745,0,28.209677419354836,0.0,1
Swargate,Hadapsar,23,2,1,1602,11398,0,25.613483146067416,0.0,0
Swargate,Hadapsar,23,2,2,1851,14315,0,27.841166936790923,0.0,0
Swargate,Hadapsar,7,3,0,1177,8745,0,26.747663551401867,0.0,1
Swargate,Hadapsar,7,3,1,1651,11398,0,24.85330102967898,0.0,0
Swargate,Hadapsar,7,3,2,1355,10151,0,26.969446494464943,0.0,0
Swargate,Hadapsar,9,3,0,1309,8326,0,22.89809014514897,0.0,1
Swargate,Hadapsar,9,3,1,1778,11398,0,23.07806524184477,0.0,0
Swargate,Hadapsar,9,3,2,1452,9733,0,24.131404958677688,0.0,0
Swargate,Hadapsar,11,3,0,1463,8326,0,20.487764866712237,0.0,1
Swargate,Hadapsar,11,3,1,1968,11398,0,20.85,0.0,0
Swargate,Hadapsar,11,3,2,1608,9733,0,21.790298507462687,0.0,0
Swargate,Hadapsar,13,3,0,1550,8326,0,19.337806451612902,0.0,1
Swargate,Hadapsar,13,3,1,2049,11477,0,20.164568081991213,0.0,0
Swargate,Hadapsar,13,3,2,1824,10060,0,19.855263157894736,0.0,0
Swargate,Hadapsar,15,3,0,1561,8326,0,19.201537475976938,0.0,1
Swargate,Hadapsar,15,3,1,2060,11477,0,20.056893203883497,0.0,0
Swargate,Hadapsar,15,3,2,2185,11883,0,19.578398169336385,0.0,0
Swargate,Hadapsar,17,3,0,1682,8326,0,17.82021403091558,0.0,1
Swargate,Hadapsar,17,3,1,2151,11477,0,19.20836820083682,0.0,0
Swargate,Hadapsar,17,3,2,2341,11883,0,18.273729175565997,0.0,0
Swargate,Hadapsar,19,3,0,1667,8326,0,17.980563887222555,0.0,1
Swargate,Hadapsar,19,3,1,2124,11477,0,19.452542372881357,0.0,0
Swargate,Hadapsar,19,3,2,1786,9733,0,19.61858902575588,0.0,0
Swargate,Hadapsar,21,3,0,1311,8745,0,24.0137299771167,0.0,1
Swargate,Hadapsar,21,3,1,1782,11398,0,23.026262626262625,0.0,0
Swargate,Hadapsar,21,3,2,1470,10151,0,24.859591836734694,0.0,0
Swargate,Hadapsar,23,3,0,1116,8745,0,28.209677419354836,0.0,1
Swargate,Hadapsar,23,3,1,1602,11398,0,25.613483146067416,0.0,0
Swargate,Hadapsar,23,3,2,1851,14315,0,27.841166936790923,0.0,0
Swargate,Hadapsar,7,4,0,1151,8745,0,27.351867940920933,0.0,1
Swargate,Hadapsar,7,4,1,1636,11398,0,25.08117359413203,0.0,0
Swargate,Hadapsar,7,4,2,1920,14315,0,26.840625,0.0,0
Swargate,Hadapsar,9,4,0,1248,8745,0,25.225961538461537,0.0,1
Swargate,Hadapsar,9,4,1,1697,11398,0,24.179611078373597,0.0,0
Swargate,Hadapsar,9,4,2,1409,10151,0,25.93584102200142,0.0,0
Swargate,Hadapsar,11,4,0,1387,8745,0,22.697909156452774,0.0,1
Swargate,Hadapsar,11,4,1,1796,11398,0,22.846770601336303,0.0,0
Swargate,Hadapsar,11,4,2,1487,9733,0,23.563416274377943,0.0,0
Swargate,Hadapsar,13,4,0,1388,8326,0,21.594812680115275,0.0,1
Swargate,Hadapsar,13,4,1,1856,11398,0,22.108189655172414,0.0,0
Swargate,Hadapsar,13,4,2,1538,9733,0,22.782054616384915,0.0,0
Swargate,Hadapsar,15,4,0,1418,8326,0,21.13794076163611,0.0,1
Swargate,Hadapsar,15,4,1,1898,11398,0,21.618967334035826,0.0,0
Swargate,Hadapsar,15,4,2,1928,11883,0,22.18817427385892,0.0,0
Swargate,Hadapsar,17,4,0,1443,8326,0,20.771725571725575,0.0,1
Swargate,Hadapsar,17,4,1,1956,11477,0,21.123312883435585,0.0,0
Swargate,Hadapsar,17,4,2,1984,11883,0,21.56189516129032,0.0,0
Swargate,Hadapsar,19,4,0,1392,8326,0,21.532758620689656,0.0,1
Swargate,Hadapsar,19,4,1,1924,11477,0,21.474636174636174,0.0,0
Swargate,Hadapsar,19,4,2,1583,9733,0,22.134428300694882,0.0,0
Swargate,Hadapsar,21,4,0,1243,8745,0,25.32743362831858,0.0,1
Swargate,Hadapsar,21,4,1,1722,11398,0,23.82857142857143,0.0,0
Swargate,Hadapsar,21,4,2,1421,10151,0,25.716819141449683,0.0,0
Swargate,Hadapsar,23,4,0,1116,8745,0,28.209677419354836,0.0,1
Swargate,Hadapsar,23,4,1,1602,11398,0,25.613483146067416,0.0,0
Swargate,Hadapsar,23,4,2,1851,14315,0,27.841166936790923,0.0,0
Swargate,Hadapsar,7,5,0,1186,8745,0,26.54468802698145,0.0,1
Swargate,Hadapsar,7,5,1,1695,11398,0,24.208141592920352,0.0,0
Swargate,Hadapsar,7,5,2,2048,14315,0,25.1630859375,0.0,0
Swargate,Hadapsar,9,5,0,1388,8326,0,21.594812680115275,0.0,1
Swargate,Hadapsar,9,5,1,1912,11398,0,21.460669456066945,0.0,0
Swargate,Hadapsar,9,5,2,1534,9733,0,22.841460234680575,0.0,0
Swargate,Hadapsar,11,5,0,1517,8326,0,19.75847066578774,0.0,1
Swargate,Hadapsar,11,5,1,1661,9733,0,21.095003010234798,0.0,0
Swargate,Hadapsar,11,5,2,2333,11988,0,18.498414059151305,0.0,0
Swargate,Hadapsar,13,5,0,1537,8326,0,19.501366297983086,0.0,1
Swargate,Hadapsar,13,5,1,2072,11477,0,19.94073359073359,0.0,0
Swargate,Hadapsar,13,5,2,1687,9733,0,20.769887374036752,0.0,0
Swargate,Hadapsar,15,5,0,1419,8326,0,21.123044397463005,0.0,1
Swargate,Hadapsar,15,5,1,1608,9733,0,21.790298507462687,0.0,0
Swargate,Hadapsar,15,5,2,2399,11988,0,17.98949562317632,0.0,0
Swargate,Hadapsar,17,5,0,1592,8326,0,18.827638190954776,0.0,1
Swargate,Hadapsar,17,5,1,2169,11477,0,19.04896265560166,0.0,0
Swargate,Hadapsar,17,5,2,1744,9733,0,20.09105504587156,0.0,0
Swargate,Hadapsar,19,5,0,1705,8326,0,17.579824046920823,0.0,1
Swargate,Hadapsar,19,5,1,2179,11477,0,18.96154199173933,0.0,0
Swargate,Hadapsar,19,5,2,1798,9733,0,19.48765294771969,0.0,0
Swargate,Hadapsar,21,5,0,1320,8745,0,23.849999999999998,0.0,1
Swargate,Hadapsar,21,5,1,1778,11398,0,23.07806524184477,0.0,0
Swargate,Hadapsar,21,5,2,1474,10151,0,24.792130257801897,0.0,0
Swargate,Hadapsar,23,5,0,1116,8745,0,28.209677419354836,0.0,1
Swargate,Hadapsar,23,5,1,1602,11398,0,25.613483146067416,0.0,0
Swargate,Hadapsar,23,5,2,1851,14315,0,27.841166936790923,0.0,0
Swargate,Hadapsar,7,6,0,1211,8745,0,25.99669694467382,0.0,1
Swargate,Hadapsar,7,6,1,1714,11398,0,23.939789964994166,0.0,0
Swargate,Hadapsar,7,6,2,1379,10151,0,26.500072516316173,0.0,0
Swargate,Hadapsar,9,6,0,1433,8326,0,20.916678297278438,0.0,1
Swargate,Hadapsar,9,6,1,1964,11398,0,20.892464358452138,0.0,0
Swargate,Hadapsar,9,6,2,1556,9733,0,22.518508997429308,0.0,0
Swargate,Hadapsar,11,6,0,1566,8326,0,19.140229885057472,0.0,1
Swargate,Hadapsar,11,6,1,2141,11398,0,19.165249883232132,0.0,0
Swargate,Hadapsar,11,6,2,1712,9733,0,20.46658878504673,0.0,0
Swargate,Hadapsar,13,6,0,1562,8326,0,19.189244558258643,0.0,1
Swargate,Hadapsar,13,6,1,2096,11477,0,19.712404580152672,0.0,0
Swargate,Hadapsar,13,6,2,1723,9733,0,20.335925710969242,0.0,0
Swargate,Hadapsar,15,6,0,1457,8326,0,20.572134522992453,0.0,1
Swargate,Hadapsar,15,6,1,1627,9733,0,21.53583282114321,0.0,0
Swargate,Hadapsar,15,6,2,2434,11988,0,17.730813475760066,0.0,0
Swargate,Hadapsar,17,6,0,1625,8326,0,18.44529230769231,0.0,1
Swargate,Hadapsar,17,6,1,2212,11477,0,18.67866184448463,0.0,0
Swargate,Hadapsar,17,6,2,1762,9733,0,19.885811577752555,0.0,0
Swargate,Hadapsar,19,6,0,1711,8326,0,17.518176504967855,0.0,1
Swargate,Hadapsar,19,6,1,2169,11477,0,19.04896265560166,0.0,0
Swargate,Hadapsar,19,6,2,1818,9733,0,19.273267326732675,0.0,0
Swargate,Hadapsar,21,6,0,1322,8745,0,23.81391830559758,0.0,1
Swargate,Hadapsar,21,6,1,1772,11398,0,23.156207674943566,0.0,0
Swargate,Hadapsar,21,6,2,1479,10151,0,24.708316430020282,0.0,0
Swargate,Hadapsar,23,6,0,1116,8745,0,28.209677419354836,0.0,1
Swargate,Hadapsar,23,6,1,1602,11398,0,25.613483146067416,0.0,0
Swargate,Hadapsar,23,6,2,1851,14315,0,27.841166936790923,0.0,0
Swargate,Hadapsar,7,0,0,1187,8745,0,26.52232518955349,0.0,1
Swargate,Hadapsar,7,0,1,1706,11398,0,24.05205158264947,0.0,0
Swargate,Hadapsar,7,0,2,2076,14315,0,24.823699421965316,0.0,0
Swargate,Hadapsar,9,0,0,1387,8326,0,21.61038211968277,0.0,1
Swargate,Hadapsar,9,0,1,1938,11398,0,21.172755417956655,0.0,0
Swargate,Hadapsar,9,0,2,1537,9733,0,22.796877033181524,0.0,0
Swargate,Hadapsar,11,0,0,1514,8326,0,19.79762219286658,0.0,1
Swargate,Hadapsar,11,0,1,1662,9733,0,21.08231046931408,0.0,0
Swargate,Hadapsar,11,0,2,2361,11988,0,18.279034307496822,0.0,0
Swargate,Hadapsar,13,0,0,1531,8326,0,19.577792292619204,0.0,1
Swargate,Hadapsar,13,0,1,2075,11477,0,19.911903614457835,0.0,0
Swargate,Hadapsar,13,0,2,1684,9733,0,20.806888361045132,0.0,0
Swargate,Hadapsar,15,0,0,1425,8326,0,21.034105263157898,0.0,1
Swargate,Hadapsar,15,0,1,1616,9733,0,21.68242574257426,0.0,0
Swargate,Hadapsar,15,0,2,2414,11988,0,17.87771333885667,0.0,0
Swargate,Hadapsar,17,0,0,1590,8326,0,18.851320754716983,0.0,1
Swargate,Hadapsar,17,0,1,1739,9733,0,20.14882116158712,0.0,0
Swargate,Hadapsar,17,0,2,2571,11988,0,16.785997666277712,0.0,0
Swargate,Hadapsar,19,0,0,1690,8326,0,17.73585798816568,0.0,1
Swargate,Hadapsar,19,0,1,2152,11477,0,19.19944237918216,0.0,0
Swargate,Hadapsar,19,0,2,1782,9733,0,19.662626262626265,0.0,0
Swargate,Hadapsar,21,0,0,1318,8745,0,23.886191198786037,0.0,1
Swargate,Hadapsar,21,0,1,1766,11398,0,23.234881087202716,0.0,0
Swargate,Hadapsar,21,0,2,1476,10151,0,24.758536585365853,0.0,0
Swargate,Hadapsar,23,0,0,1116,8745,0,28.209677419354836,0.0,1
Swargate,Hadapsar,23,0,1,1602,11398,0,25.613483146067416,0.0,0
Swargate,Hadapsar,23,0,2,1851,14315,0,27.841166936790923,0.0,0
Swargate,Hadapsar,7,1,0,1191,8745,0,26.43324937027708,0.0,1
Swargate,Hadapsar,7,1,1,1694,11398,0,24.222432113341203,0.0,0
Swargate,Hadapsar,7,1,2,2045,14315,0,25.2,0.0,0
Swargate,Hadapsar,9,1,0,1396,8326,0,21.47106017191977,0.0,1
Swargate,Hadapsar,9,1,1,1918,11398,0,21.393534932221062,0.0,0
Swargate,Hadapsar,9,1,2,1541,9733,0,22.737702790395847,0.0,0
Swargate,Hadapsar,11,1,0,1511,8326,0,19.83692918596956,0.0,1
Swargate,Hadapsar,11,1,1,1651,9733,0,21.222774076317382,0.0,0
Swargate,Hadapsar,11,1,2,2349,11988,0,18.372413793103448,0.0,0
Swargate,Hadapsar,13,1,0,1529,8326,0,19.603400915631134,0.0,1
Swargate,Hadapsar,13,1,1,2062,11477,0,20.03743937924345,0.0,0
Swargate,Hadapsar,13,1,2,1676,9733,0,20.90620525059666,0.0,0
Swargate,Hadapsar,15,1,0,1404,8326,0,21.34871794871795,0.0,1
Swargate,Hadapsar,15,1,1,1982,11477,0,20.846215943491423,0.0,0
Swargate,Hadapsar,15,1,2,1597,9733,0,21.940388227927365,0.0,0
Swargate,Hadapsar,17,1,0,1576,8326,0,19.018781725888328,0.0,1
Swargate,Hadapsar,17,1,1,2148,11477,0,19.23519553072626,0.0,0
Swargate,Hadapsar,17,1,2,1738,9733,0,20.16041426927503,0.0,0
Swargate,Hadapsar,19,1,0,1687,8326,0,17.767397747480736,0.0,1
Swargate,Hadapsar,19,1,1,2188,11477,0,18.883546617915908,0.0,0
Swargate,Hadapsar,19,1,2,1798,9733,0,19.48765294771969,0.0,0
Swargate,Hadapsar,21,1,0,1323,8745,0,23.795918367346935,0.0,1
Swargate,Hadapsar,21,1,1,1786,11398,0,22.974692049272115,0.0,0
Swargate,Hadapsar,21,1,2,1478,10151,0,24.725033829499324,0.0,0
Swargate,Hadapsar,23,1,0,1116,8745,0,28.209677419354836,0.0,1
Swargate,Hadapsar,23,1,1,1602,11398,0,25.613483146067416,0.0,0
Swargate,Hadapsar,23,1,2,1851,14315,0,27.841166936790923,0.0,0
Swargate,Hadapsar,7,2,0,1189,8745,0,26.47771236333053,0.0,1
Swargate,Hadapsar,7,2,1,1693,11398,0,24.236739515652687,0.0,0
Swargate,Hadapsar,7,2,2,2063,14315,0,24.98012603005332,0.0,0
Swargate,Hadapsar,9,2,0,1387,8326,0,21.61038211968277,0.0,1
Swargate,Hadapsar,9,2,1,1910,11398,0,21.483141361256543,0.0,0
Swargate,Hadapsar,9,2,2,1536,9733,0,22.81171875,0.0,0
Swargate,Hadapsar,11,2,0,1496,8326,0,20.035828877005347,0.0,1
Swargate,Hadapsar,11,2,1,1645,9733,0,21.30018237082067,0.0,0
Swargate,Hadapsar,11,2,2,2332,11988,0,18.506346483704974,0.0,0
Swargate,Hadapsar,13,2,0,1516,8326,0,19.771503957783644,0.0,1
Swargate,Hadapsar,13,2,1,2068,11477,0,19.979303675048357,0.0,0
Swargate,Hadapsar,13,2,2,1671,9733,0,20.968761220825854,0.0,0
Swargate,Hadapsar,15,2,0,1416,8326,0,21.167796610169493,0.0,1
Swargate,Hadapsar,15,2,1,1605,9733,0,21.831028037383177,0.0,0
Swargate,Hadapsar,15,2,2,2010,11477,0,20.555820895522388,0.0,0
Swargate,Hadapsar,17,2,0,1611,8326,0,18.60558659217877,0.0,1
Swargate,Hadapsar,17,2,1,2176,11477,0,18.987683823529412,0.0,0
Swargate,Hadapsar,17,2,2,1756,9733,0,19.953758542141234,0.0,0
Swargate,Hadapsar,19,2,0,1729,8326,0,17.335801041064197,0.0,1
Swargate,Hadapsar,19,2,1,2193,11477,0,18.84049247606019,0.0,0
Swargate,Hadapsar,19,2,2,1812,9733,0,19.337086092715236,0.0,0
Swargate,Hadapsar,21,2,0,1323,8745,0,23.795918367346935,0.0,1
Swargate,Hadapsar,21,2,1,1787,11398,0,22.961835478455512,0.0,0
Swargate,Hadapsar,21,2,2,1480,10151,0,24.69162162162162,0.0,0
Swargate,Hadapsar,23,2,0,1116,8745,0,28.209677419354836,0.0,1
Swargate,Hadapsar,23,2,1,1602,11398,0,25.613483146067416,0.0,0
Swargate,Hadapsar,23,2,2,1851,14315,0,27.841166936790923,0.0,0
Swargate,Hadapsar,7,3,0,1177,8745,0,26.747663551401867,0.0,1
Swargate,Hadapsar,7,3,1,1651,11398,0,24.85330102967898,0.0,0
Swargate,Hadapsar,7,3,2,1355,10151,0,26.969446494464943,0.0,0
Swargate,Hadapsar,9,3,0,1309,8326,0,22.89809014514897,0.0,1
Swargate,Hadapsar,9,3,1,1778,11398,0,23.07806524184477,0.0,0
Swargate,Hadapsar,9,3,2,1452,9733,0,24.131404958677688,0.0,0
Swargate,Hadapsar,11,3,0,1463,8326,0,20.487764866712237,0.0,1
Swargate,Hadapsar,11,3,1,1968,11398,0,20.85,0.0,0
Swargate,Hadapsar,11,3,2,1608,9733,0,21.790298507462687,0.0,0
Swargate,Hadapsar,13,3,0,1550,8326,0,19.337806451612902,0.0,1
Swargate,Hadapsar,13,3,1,2049,11477,0,20.164568081991213,0.0,0
Swargate,Hadapsar,13,3,2,1824,10060,0,19.855263157894736,0.0,0
Swargate,Hadapsar,15,3,0,1561,8326,0,19.201537475976938,0.0,1
Swargate,Hadapsar,15,3,1,2060,11477,0,20.056893203883497,0.0,0
Swargate,Hadapsar,15,3,2,2185,11883,0,19.578398169336385,0.0,0
Swargate,Hadapsar,17,3,0,1682,8326,0,17.82021403091558,0.0,1
Swargate,Hadapsar,17,3,1,2151,11477,0,19.20836820083682,0.0,0
Swargate,Hadapsar,17,3,2,2341,11883,0,18.273729175565997,0.0,0
Swargate,Hadapsar,19,3,0,1667,8326,0,17.980563887222555,0.0,1
Swargate,Hadapsar,19,3,1,2124,11477,0,19.452542372881357,0.0,0
Swargate,Hadapsar,19,3,2,1786,9733,0,19.61858902575588,0.0,0
Swargate,Hadapsar,21,3,0,1311,8745,0,24.0137299771167,0.0,1
Swargate,Hadapsar,21,3,1,1782,11398,0,23.026262626262625,0.0,0
Swargate,Hadapsar,21,3,2,1470,10151,0,24.859591836734694,0.0,0
Swargate,Hadapsar,23,3,0,1116,8745,0,28.209677419354836,0.0,1
Swargate,Hadapsar,23,3,1,1290,10151,0,28.328372093023255,0.0,0
Swargate,Hadapsar,23,3,2,1851,14315,0,27.841166936790923,0.0,0
Swargate,Hadapsar,7,4,0,1151,8745,0,27.351867940920933,0.0,1
Swargate,Hadapsar,7,4,1,1338,10151,0,27.312107623318386,0.0,0
Swargate,Hadapsar,7,4,2,1920,14315,0,26.840625,0.0,0
Swargate,Hadapsar,9,4,0,1248,8745,0,25.225961538461537,0.0,1
Swargate,Hadapsar,9,4,1,1409,10151,0,25.93584102200142,0.0,0
Swargate,Hadapsar,9,4,2,2089,14315,0,24.669219722355194,0.0,0
Swargate,Hadapsar,11,4,0,1387,8745,0,22.697909156452774,0.0,1
Swargate,Hadapsar,11,4,1,1662,10893,0,23.594945848375453,0.0,0
Swargate,Hadapsar,11,4,2,2287,14315,0,22.53344993441189,0.0,0
Swargate,Hadapsar,13,4,0,1388,8326,0,21.594812680115275,0.0,1
Swargate,Hadapsar,13,4,1,1538,9733,0,22.782054616384915,0.0,0
Swargate,Hadapsar,13,4,2,2391,14591,0,21.96888331242158,0.0,0
Swargate,Hadapsar,15,4,0,1418,8326,0,21.13794076163611,0.0,1
Swargate,Hadapsar,15,4,1,1575,9733,0,22.246857142857145,0.0,0
Swargate,Hadapsar,15,4,2,2106,13043,0,22.295726495726495,0.0,0
Swargate,Hadapsar,17,4,0,1443,8326,0,20.771725571725575,0.0,1
Swargate,Hadapsar,17,4,1,1622,9733,0,21.60221948212084,0.0,0
Swargate,Hadapsar,17,4,2,2177,13043,0,21.56858061552595,0.0,0
Swargate,Hadapsar,19,4,0,1392,8326,0,21.532758620689656,0.0,1
Swargate,Hadapsar,19,4,1,1583,9733,0,22.134428300694882,0.0,0
Swargate,Hadapsar,19,4,2,2504,14591,0,20.977476038338654,0.0,0
Swargate,Hadapsar,21,4,0,1243,8745,0,25.32743362831858,0.0,1
Swargate,Hadapsar,21,4,1,1421,10151,0,25.716819141449683,0.0,0
Swargate,Hadapsar,21,4,2,2050,14591,0,25.62321951219512,0.0,0
Swargate,Hadapsar,23,4,0,1116,8745,0,28.209677419354836,0.0,1
Swargate,Hadapsar,23,4,1,1290,10151,0,28.328372093023255,0.0,0
Swargate,Hadapsar,23,4,2,1851,14315,0,27.841166936790923,0.0,0
Swargate,Hadapsar,7,5,0,1186,8745,0,26.54468802698145,0.0,1
Swargate,Hadapsar,7,5,1,1375,10151,0,26.577163636363636,0.0,0
Swargate,Hadapsar,7,5,2,2048,14315,0,25.1630859375,0.0,0
Swargate,Hadapsar,9,5,0,1388,8326,0,21.594812680115275,0.0,1
Swargate,Hadapsar,9,5,1,1534,9733,0,22.841460234680575,0.0,0
Swargate,Hadapsar,9,5,2,2507,14315,0,20.556043079377744,0.0,0
Swargate,Hadapsar,11,5,0,1517,8326,0,19.75847066578774,0.0,1
Swargate,Hadapsar,11,5,1,1661,9733,0,21.095003010234798,0.0,0
Swargate,Hadapsar,11,5,2,2045,11220,0,19.751589242053793,0.0,0
Swargate,Hadapsar,13,5,0,1537,8326,0,19.501366297983086,0.0,1
Swargate,Hadapsar,13,5,1,1687,9733,0,20.769887374036752,0.0,0
Swargate,Hadapsar,13,5,2,2047,11220,0,19.73229115779189,0.0,0
Swargate,Hadapsar,15,5,0,1419,8326,0,21.123044397463005,0.0,1
Swargate,Hadapsar,15,5,1,1608,9733,0,21.790298507462687,0.0,0
Swargate,Hadapsar,15,5,2,1934,11220,0,20.885211995863497,0.0,0
Swargate,Hadapsar,17,5,0,1592,8326,0,18.827638190954776,0.0,1
Swargate,Hadapsar,17,5,1,1744,9733,0,20.09105504587156,0.0,0
Swargate,Hadapsar,17,5,2,2095,11220,0,19.28019093078759,0.0,0
Swargate,Hadapsar,19,5,0,1705,8326,0,17.579824046920823,0.0,1
Swargate,Hadapsar,19,5,1,1798,9733,0,19.48765294771969,0.0,0
Swargate,Hadapsar,19,5,2,2183,11220,0,18.502977553825012,0.0,0
Swargate,Hadapsar,21,5,0,1320,8745,0,23.849999999999998,0.0,1
Swargate,Hadapsar,21,5,1,1474,10151,0,24.792130257801897,0.0,0
Swargate,Hadapsar,21,5,2,2147,14315,0,24.00279459711225,0.0,0
Swargate,Hadapsar,23,5,0,1116,8745,0,28.209677419354836,0.0,1
Swargate,Hadapsar,23,5,1,1290,10151,0,28.328372093023255,0.0,0
Swargate,Hadapsar,23,5,2,1851,14315,0,27.841166936790923,0.0,0
Swargate,Hadapsar,7,6,0,1211,8745,0,25.99669694467382,0.0,1
Swargate,Hadapsar,7,6,1,1379,10151,0,26.500072516316173,0.0,0
Swargate,Hadapsar,7,6,2,2079,14315,0,24.787878787878785,0.0,0
Swargate,Hadapsar,9,6,0,1433,8326,0,20.916678297278438,0.0,1
Swargate,Hadapsar,9,6,1,1556,9733,0,22.518508997429308,0.0,0
Swargate,Hadapsar,9,6,2,1931,11220,0,20.91765924391507,0.0,0
Swargate,Hadapsar,11,6,0,1566,8326,0,19.140229885057472,0.0,1
Swargate,Hadapsar,11,6,1,1712,9733,0,20.46658878504673,0.0,0
Swargate,Hadapsar,11,6,2,2092,11220,0,19.307839388145315,0.0,0
Swargate,Hadapsar,13,6,0,1562,8326,0,19.189244558258643,0.0,1
Swargate,Hadapsar,13,6,1,1723,9733,0,20.335925710969242,0.0,0
Swargate,Hadapsar,13,6,2,2487,13043,0,18.88009650180941,0.0,0
Swargate,Hadapsar,15,6,0,1457,8326,0,20.572134522992453,0.0,1
Swargate,Hadapsar,15,6,1,1627,9733,0,21.53583282114321,0.0,0
Swargate,Hadapsar,15,6,2,1974,11220,0,20.462006079027358,0.0,0
Swargate,Hadapsar,17,6,0,1625,8326,0,18.44529230769231,0.0,1
Swargate,Hadapsar,17,6,1,1762,9733,0,19.885811577752555,0.0,0
Swargate,Hadapsar,17,6,2,2137,11220,0,18.9012634534394,0.0,0
Swargate,Hadapsar,19,6,0,1711,8326,0,17.518176504967855,0.0,1
Swargate,Hadapsar,19,6,1,1818,9733,0,19.273267326732675,0.0,0
Swargate,Hadapsar,19,6,2,2211,11220,0,18.26865671641791,0.0,0
Swargate,Hadapsar,21,6,0,1322,8745,0,23.81391830559758,0.0,1
Swargate,Hadapsar,21,6,1,1479,10151,0,24.708316430020282,0.0,0
Swargate,Hadapsar,21,6,2,2161,14315,0,23.84729291994447,0.0,0
Swargate,Hadapsar,23,6,0,1116,8745,0,28.209677419354836,0.0,1
Swargate,Hadapsar,23,6,1,1290,10151,0,28.328372093023255,0.0,0
Swargate,Hadapsar,23,6,2,1851,14315,0,27.841166936790923,0.0,0
Swargate,University,7,0,0,1220,8624,0,25.447868852459017,0.0,1
Swargate,University,7,0,1,1400,8962,0,23.045142857142856,0.0,0
Swargate,University,7,0,2,1715,11573,0,24.2931778425656,0.0,0
Swargate,University,9,0,0,1488,8624,0,20.86451612903226,0.0,1
Swargate,University,9,0,1,1712,8634,0,18.155607476635513,0.0,0
Swargate,University,9,0,2,1828,9429,0,18.569146608315098,0.0,0
Swargate,University,11,0,0,1695,8647,0,18.365309734513275,0.0,1
Swargate,University,11,0,1,1976,8634,0,15.72995951417004,0.0,0
Swargate,University,11,0,2,2068,9612,0,16.732688588007736,0.0,0
Swargate,University,13,0,0,1688,8647,0,18.441469194312795,0.0,1
Swargate,University,13,0,1,1987,9778,0,17.715551082033215,0.0,0
Swargate,University,13,0,2,1991,8634,0,15.611451531893522,0.0,0
Swargate,University,15,0,0,1704,8647,0,18.26830985915493,0.0,1
Swargate,University,15,0,1,1908,9689,0,18.281132075471696,0.0,0
Swargate,University,15,0,2,1972,8634,0,15.76186612576065,0.0,0
Swargate,University,17,0,0,1861,8624,0,16.682643739924774,0.0,1
Swargate,University,17,0,1,2084,9494,0,16.400383877159307,0.0,0
Swargate,University,17,0,2,2123,8613,0,14.605181347150257,0.0,0
Swargate,University,19,0,0,1768,8624,0,17.560180995475115,0.0,1
Swargate,University,19,0,1,2011,8932,0,15.989656887120837,0.0,0
Swargate,University,19,0,2,2210,11371,0,18.52289592760181,0.0,0
Swargate,University,21,0,0,1296,8624,0,23.95555555555556,0.0,1
Swargate,University,21,0,1,1486,8962,0,21.7114401076716,0.0,0
Swargate,University,21,0,2,1817,11573,0,22.92944413869015,0.0,0
Swargate,University,23,0,0,1122,8647,0,27.74438502673797,0.0,1
Swargate,University,23,0,1,1266,8962,0,25.484360189573458,0.0,0
Swargate,University,23,0,2,1600,11573,0,26.039250000000003,0.0,0
Swargate,University,7,1,0,1207,8624,0,25.72195526097763,0.0,1
Swargate,University,7,1,1,1395,8962,0,23.12774193548387,0.0,0
Swargate,University,7,1,2,1718,11573,0,24.250756693830038,0.0,0
Swargate,University,9,1,0,1470,8624,0,21.12,0.0,1
Swargate,University,9,1,1,1740,8634,0,17.86344827586207,0.0,0
Swargate,University,9,1,2,1852,9633,0,18.72505399568034,0.0,0
Swargate,University,11,1,0,1682,8647,0,18.507253269916767,0.0,1
Swargate,University,11,1,1,2053,9484,0,16.630491962981004,0.0,0
Swargate,University,11,1,2,2082,8087,0,13.983285302593659,0.0,0
Swargate,University,13,1,0,1701,8647,0,18.3005291005291,0.0,1
Swargate,University,13,1,1,1982,9573,0,17.387891019172553,0.0,0
Swargate,University,13,1,2,2014,8615,0,15.399205561072494,0.0,0
Swargate,University,15,1,0,1725,8647,0,18.04591304347826,0.0,1
Swargate,University,15,1,1,1898,9778,0,18.54625922023182,0.0,0
Swargate,University,15,1,2,1964,8634,0,15.826069246435845,0.0,0
Swargate,University,17,1,0,1908,8624,0,16.27169811320755,0.0,1
Swargate,University,17,1,1,2133,9406,0,15.875105485232067,0.0,0
Swargate,University,17,1,2,2152,8634,0,14.443494423791822,0.0,0
Swargate,University,19,1,0,1818,8624,0,17.077227722772278,0.0,1
Swargate,University,19,1,1,2076,8932,0,15.489017341040464,0.0,0
Swargate,University,19,1,2,2206,11371,0,18.556482320942884,0.0,0
Swargate,University,21,1,0,1306,8624,0,23.772128637059726,0.0,1
Swargate,University,21,1,1,1493,8962,0,21.609645010046886,0.0,0
Swargate,University,21,1,2,1814,11573,0,22.96736493936053,0.0,0
Swargate,University,23,1,0,1122,8647,0,27.74438502673797,0.0,1
Swargate,University,23,1,1,1266,8962,0,25.484360189573458,0.0,0
Swargate,University,23,1,2,1600,11573,0,26.039250000000003,0.0,0
Swargate,University,7,2,0,1208,8624,0,25.700662251655633,0.0,1
Swargate,University,7,2,1,1385,8962,0,23.294729241877253,0.0,0
Swargate,University,7,2,2,1718,11573,0,24.250756693830038,0.0,0
Swargate,University,9,2,0,1479,8624,0,20.991480730223124,0.0,1
Swargate,University,9,2,1,1728,8634,0,17.9875,0.0,0
Swargate,University,9,2,2,1820,9429,0,18.65076923076923,0.0,0
Swargate,University,11,2,0,1709,8647,0,18.214862492685782,0.0,1
Swargate,University,11,2,1,2068,9721,0,16.922437137330753,0.0,0
Swargate,University,11,2,2,2058,8087,0,14.146355685131196,0.0,0
Swargate,University,13,2,0,1708,8647,0,18.22552693208431,0.0,1
Swargate,University,13,2,1,2007,9778,0,17.539013452914798,0.0,0
Swargate,University,13,2,2,2003,8634,0,15.517923115327008,0.0,0
Swargate,University,15,2,0,1750,8624,0,17.7408,0.0,1
Swargate,University,15,2,1,1921,9778,0,18.324206142634043,0.0,0
Swargate,University,15,2,2,2005,8634,0,15.502443890274314,0.0,0
Swargate,University,17,2,0,1921,8624,0,16.161582509109838,0.0,1
Swargate,University,17,2,1,2117,9484,0,16.127727916863485,0.0,0
Swargate,University,17,2,2,2163,8613,0,14.33509015256588,0.0,0
Swargate,University,19,2,0,1833,8624,0,16.937479541734863,0.0,1
Swargate,University,19,2,1,2055,8932,0,15.647299270072994,0.0,0
Swargate,University,19,2,2,2233,11371,0,18.332109270040306,0.0,0
Swargate,University,21,2,0,1307,8647,0,23.817291507268553,0.0,1
Swargate,University,21,2,1,1497,8962,0,21.55190380761523,0.0,0
Swargate,University,21,2,2,1812,11573,0,22.992715231788083,0.0,0
Swargate,University,23,2,0,1122,8647,0,27.74438502673797,0.0,1
Swargate,University,23,2,1,1266,8962,0,25.484360189573458,0.0,0
Swargate,University,23,2,2,1600,11573,0,26.039250000000003,0.0,0
Swargate,University,7,3,0,1191,8624,0,26.067506297229222,0.0,1
Swargate,University,7,3,1,1368,8962,0,23.58421052631579,0.0,0
Swargate,University,7,3,2,1693,11573,0,24.60886001181335,0.0,0
Swargate,University,9,3,0,1368,8647,0,22.75526315789474,0.0,1
Swargate,University,9,3,1,1628,8962,0,19.817690417690415,0.0,0
Swargate,University,9,3,2,1871,11371,0,21.87899518973811,0.0,0
Swargate,University,11,3,0,1611,8647,0,19.32290502793296,0.0,1
Swargate,University,11,3,1,1946,9573,0,17.70955806783145,0.0,0
Swargate,University,11,3,2,2075,11371,0,19.728,0.0,0
Swargate,University,13,3,0,1777,8647,0,17.517839054586382,0.0,1
Swargate,University,13,3,1,2031,9573,0,16.968389955686852,0.0,0
Swargate,University,13,3,2,2211,11371,0,18.514518317503395,0.0,0
Swargate,University,15,3,0,1981,8647,0,15.713881877839476,0.0,1
Swargate,University,15,3,1,2095,9689,0,16.649355608591883,0.0,0
Swargate,University,15,3,2,2309,11371,0,17.728713728886966,0.0,0
Swargate,University,17,3,0,2085,8624,0,14.890359712230216,0.0,1
Swargate,University,17,3,1,2170,9484,0,15.733824884792627,0.0,0
Swargate,University,17,3,2,2363,11371,0,17.323571730850613,0.0,0
Swargate,University,19,3,0,1745,8624,0,17.79163323782235,0.0,1
Swargate,University,19,3,1,1987,9484,0,17.18288877705083,0.0,0
Swargate,University,19,3,2,1973,8634,0,15.753877344145973,0.0,0
Swargate,University,21,3,0,1306,8624,0,23.772128637059726,0.0,1
Swargate,University,21,3,1,1497,8962,0,21.55190380761523,0.0,0
Swargate,University,21,3,2,1811,11573,0,23.005411374930976,0.0,0
Swargate,University,23,3,0,1122,8647,0,27.74438502673797,0.0,1
Swargate,University,23,3,1,1266,8962,0,25.484360189573458,0.0,0
Swargate,University,23,3,2,1600,11573,0,26.039250000000003,0.0,0
Swargate,University,7,4,0,1170,8624,0,26.535384615384615,0.0,1
Swargate,University,7,4,1,1335,8962,0,24.167191011235953,0.0,0
Swargate,University,7,4,2,1654,11573,0,25.189117291414753,0.0,0
Swargate,University,9,4,0,1273,8624,0,24.388373919874315,0.0,1
Swargate,University,9,4,1,1495,9010,0,21.696321070234113,0.0,0
Swargate,University,9,4,2,1781,11573,0,23.39292532285233,0.0,0
Swargate,University,11,4,0,1426,8624,0,21.771669004207574,0.0,1
Swargate,University,11,4,1,1665,9517,0,20.577297297297296,0.0,0
Swargate,University,11,4,2,1647,8634,0,18.872131147540983,0.0,0
Swargate,University,13,4,0,1556,8624,0,19.952699228791776,0.0,1
Swargate,University,13,4,1,1726,9517,0,19.850057937427575,0.0,0
Swargate,University,13,4,2,1774,8634,0,17.52108229988726,0.0,0
Swargate,University,15,4,0,1692,8624,0,18.348936170212767,0.0,1
Swargate,University,15,4,1,1719,9429,0,19.746596858638746,0.0,0
Swargate,University,15,4,2,1845,8806,0,17.182439024390245,0.0,0
Swargate,University,17,4,0,1810,8624,0,17.152707182320444,0.0,1
Swargate,University,17,4,1,1812,9577,0,19.027152317880795,0.0,0
Swargate,University,17,4,2,2091,11371,0,19.577044476327117,0.0,0
Swargate,University,19,4,0,1604,8624,0,19.35561097256858,0.0,1
Swargate,University,19,4,1,1809,9517,0,18.939303482587064,0.0,0
Swargate,University,19,4,2,1887,8615,0,16.435612082670907,0.0,0
Swargate,University,21,4,0,1271,8624,0,24.426750590086545,0.0,1
Swargate,University,21,4,1,1461,8962,0,22.0829568788501,0.0,0
Swargate,University,21,4,2,1766,11573,0,23.5916194790487,0.0,0
Swargate,University,23,4,0,1122,8647,0,27.74438502673797,0.0,1
Swargate,University,23,4,1,1266,8962,0,25.484360189573458,0.0,0
Swargate,University,23,4,2,1600,11573,0,26.039250000000003,0.0,0
Swargate,University,7,5,0,1218,8624,0,25.489655172413794,0.0,1
Swargate,University,7,5,1,1395,8962,0,23.12774193548387,0.0,0
Swargate,University,7,5,2,1709,11573,0,24.37846693973084,0.0,0
Swargate,University,9,5,0,1471,8624,0,21.10564242012237,0.0,1
Swargate,University,9,5,1,1703,8634,0,18.251556077510276,0.0,0
Swargate,University,9,5,2,1809,9429,0,18.764179104477613,0.0,0
Swargate,University,11,5,0,1630,8647,0,19.097668711656443,0.0,1
Swargate,University,11,5,1,1948,8634,0,15.956057494866531,0.0,0
Swargate,University,11,5,2,2055,9612,0,16.8385401459854,0.0,0
Swargate,University,13,5,0,1636,8647,0,19.02762836185819,0.0,1
Swargate,University,13,5,1,1971,9721,0,17.755251141552513,0.0,0
Swargate,University,13,5,2,1939,8634,0,16.03011861784425,0.0,0
Swargate,University,15,5,0,1655,8647,0,18.809184290030213,0.0,1
Swargate,University,15,5,1,1899,9778,0,18.536492890995262,0.0,0
Swargate,University,15,5,2,1928,8634,0,16.12157676348548,0.0,0
Swargate,University,17,5,0,1834,8647,0,16.97339149400218,0.0,1
Swargate,University,17,5,1,2092,9573,0,16.473613766730402,0.0,0
Swargate,University,17,5,2,2088,8595,0,14.81896551724138,0.0,0
Swargate,University,19,5,0,1747,8624,0,17.771265025758446,0.0,1
Swargate,University,19,5,1,1985,8932,0,16.199093198992443,0.0,0
Swargate,University,19,5,2,2199,11371,0,18.615552523874488,0.0,0
Swargate,University,21,5,0,1286,8624,0,24.14183514774495,0.0,1
Swargate,University,21,5,1,1477,8962,0,21.84373730534868,0.0,0
Swargate,University,21,5,2,1808,11573,0,23.04358407079646,0.0,0
Swargate,University,23,5,0,1122,8647,0,27.74438502673797,0.0,1
Swargate,University,23,5,1,1266,8962,0,25.484360189573458,0.0,0
Swargate,University,23,5,2,1600,11573,0,26.039250000000003,0.0,0
Swargate,University,7,6,0,1218,8624,0,25.489655172413794,0.0,1
Swargate,University,7,6,1,1399,8962,0,23.061615439599713,0.0,0
Swargate,University,7,6,2,1717,11573,0,24.26488060570763,0.0,0
Swargate,University,9,6,0,1500,8624,0,20.6976,0.0,1
Swargate,University,9,6,1,1748,8634,0,17.781693363844393,0.0,0
Swargate,University,9,6,2,1857,9408,0,18.23844911147011,0.0,0
Swargate,University,11,6,0,1737,8647,0,17.921243523316065,0.0,1
Swargate,University,11,6,1,2041,8634,0,15.229005389514944,0.0,0
Swargate,University,11,6,2,2120,9612,0,16.322264150943397,0.0,0
Swargate,University,13,6,0,1720,8647,0,18.098372093023254,0.0,1
Swargate,University,13,6,1,2014,9721,0,17.37616683217478,0.0,0
Swargate,University,13,6,2,2011,8634,0,15.456190949776232,0.0,0
Swargate,University,15,6,0,1751,8624,0,17.730668189605943,0.0,1
Swargate,University,15,6,1,1931,9689,0,18.06338684619368,0.0,0
Swargate,University,15,6,2,1991,8634,0,15.611451531893522,0.0,0
Swargate,University,17,6,0,1936,8624,0,16.036363636363635,0.0,1
Swargate,University,17,6,1,2137,9406,0,15.84539073467478,0.0,0
Swargate,University,17,6,2,2152,8634,0,14.443494423791822,0.0,0
Swargate,University,19,6,0,1814,8624,0,17.114884233737595,0.0,1
Swargate,University,19,6,1,2035,8932,0,15.801081081081081,0.0,0
Swargate,University,19,6,2,2201,11371,0,18.59863698318946,0.0,0
Swargate,University,21,6,0,1288,8624,0,24.10434782608696,0.0,1
Swargate,University,21,6,1,1488,8962,0,21.68225806451613,0.0,0
Swargate,University,21,6,2,1812,11573,0,22.992715231788083,0.0,0
Swargate,University,23,6,0,1122,8647,0,27.74438502673797,0.0,1
Swargate,University,23,6,1,1266,8962,0,25.484360189573458,0.0,0
Swargate,University,23,6,2,1600,11573,0,26.039250000000003,0.0,0
Swargate,University,7,0,0,1220,8624,0,25.447868852459017,0.0,1
Swargate,University,7,0,1,1400,8962,0,23.045142857142856,0.0,0
Swargate,University,7,0,2,1715,11573,0,24.2931778425656,0.0,0
Swargate,University,9,0,0,1488,8624,0,20.86451612903226,0.0,1
Swargate,University,9,0,1,1712,8634,0,18.155607476635513,0.0,0
Swargate,University,9,0,2,1828,9429,0,18.569146608315098,0.0,0
Swargate,University,11,0,0,1695,8647,0,18.365309734513275,0.0,1
Swargate,University,11,0,1,1976,8634,0,15.72995951417004,0.0,0
Swargate,University,11,0,2,2068,9612,0,16.732688588007736,0.0,0
Swargate,University,13,0,0,1688,8647,0,18.441469194312795,0.0,1
Swargate,University,13,0,1,1987,9778,0,17.715551082033215,0.0,0
Swargate,University,13,0,2,1991,8634,0,15.611451531893522,0.0,0
Swargate,University,15,0,0,1704,8647,0,18.26830985915493,0.0,1
Swargate,University,15,0,1,1908,9689,0,18.281132075471696,0.0,0
Swargate,University,15,0,2,1972,8634,0,15.76186612576065,0.0,0
Swargate,University,17,0,0,1861,8624,0,16.682643739924774,0.0,1
Swargate,University,17,0,1,2084,9494,0,16.400383877159307,0.0,0
Swargate,University,17,0,2,2123,8613,0,14.605181347150257,0.0,0
Swargate,University,19,0,0,1768,8624,0,17.560180995475115,0.0,1
Swargate,University,19,0,1,2011,8932,0,15.989656887120837,0.0,0
Swargate,University,19,0,2,2210,11371,0,18.52289592760181,0.0,0
Swargate,University,21,0,0,1296,8624,0,23.95555555555556,0.0,1
Swargate,University,21,0,1,1486,8962,0,21.7114401076716,0.0,0
Swargate,University,21,0,2,1817,11573,0,22.92944413869015,0.0,0
Swargate,University,23,0,0,1122,8647,0,27.74438502673797,0.0,1
Swargate,University,23,0,1,1266,8962,0,25.484360189573458,0.0,0
Swargate,University,23,0,2,1600,11573,0,26.039250000000003,0.0,0
Swargate,University,7,1,0,1207,8624,0,25.72195526097763,0.0,1
Swargate,University,7,1,1,1395,8962,0,23.12774193548387,0.0,0
Swargate,University,7,1,2,1718,11573,0,24.250756693830038,0.0,0
Swargate,University,9,1,0,1470,8624,0,21.12,0.0,1
Swargate,University,9,1,1,1740,8634,0,17.86344827586207,0.0,0
Swargate,University,9,1,2,1852,9633,0,18.72505399568034,0.0,0
Swargate,University,11,1,0,1682,8647,0,18.507253269916767,0.0,1
Swargate,University,11,1,1,2053,9484,0,16.630491962981004,0.0,0
Swargate,University,11,1,2,2082,8087,0,13.983285302593659,0.0,0
Swargate,University,13,1,0,1701,8647,0,18.3005291005291,0.0,1
Swargate,University,13,1,1,1982,9573,0,17.387891019172553,0.0,0
Swargate,University,13,1,2,2014,8615,0,15.399205561072494,0.0,0
Swargate,University,15,1,0,1725,8647,0,18.04591304347826,0.0,1
Swargate,University,15,1,1,1898,9778,0,18.54625922023182,0.0,0
Swargate,University,15,1,2,1964,8634,0,15.826069246435845,0.0,0
Swargate,University,17,1,0,1908,8624,0,16.27169811320755,0.0,1
Swargate,University,17,1,1,2133,9406,0,15.875105485232067,0.0,0
Swargate,University,17,1,2,2152,8634,0,14.443494423791822,0.0,0
Swargate,University,19,1,0,1818,8624,0,17.077227722772278,0.0,1
Swargate,University,19,1,1,2076,8932,0,15.489017341040464,0.0,0
Swargate,University,19,1,2,2206,11371,0,18.556482320942884,0.0,0
Swargate,University,21,1,0,1306,8624,0,23.772128637059726,0.0,1
Swargate,University,21,1,1,1493,8962,0,21.609645010046886,0.0,0
Swargate,University,21,1,2,1814,11573,0,22.96736493936053,0.0,0
Swargate,University,23,1,0,1122,8647,0,27.74438502673797,0.0,1
Swargate,University,23,1,1,1266,8962,0,25.484360189573458,0.0,0
Swargate,University,23,1,2,1600,11573,0,26.039250000000003,0.0,0
Swargate,University,7,2,0,1208,8624,0,25.700662251655633,0.0,1
Swargate,University,7,2,1,1385,8962,0,23.294729241877253,0.0,0
Swargate,University,7,2,2,1718,11573,0,24.250756693830038,0.0,0
Swargate,University,9,2,0,1479,8624,0,20.991480730223124,0.0,1
Swargate,University,9,2,1,1728,8634,0,17.9875,0.0,0
Swargate,University,9,2,2,1820,9429,0,18.65076923076923,0.0,0
Swargate,University,11,2,0,1709,8647,0,18.214862492685782,0.0,1
Swargate,University,11,2,1,2068,9721,0,16.922437137330753,0.0,0
Swargate,University,11,2,2,2058,8087,0,14.146355685131196,0.0,0
Swargate,University,13,2,0,1708,8647,0,18.22552693208431,0.0,1
Swargate,University,13,2,1,2007,9778,0,17.539013452914798,0.0,0
Swargate,University,13,2,2,2003,8634,0,15.517923115327008,0.0,0
Swargate,University,15,2,0,1750,8624,0,17.7408,0.0,1
Swargate,University,15,2,1,1921,9778,0,18.324206142634043,0.0,0
Swargate,University,15,2,2,2005,8634,0,15.502443890274314,0.0,0
Swargate,University,17,2,0,1921,8624,0,16.161582509109838,0.0,1
Swargate,University,17,2,1,2117,9484,0,16.127727916863485,0.0,0
Swargate,University,17,2,2,2163,8613,0,14.33509015256588,0.0,0
Swargate,University,19,2,0,1833,8624,0,16.937479541734863,0.0,1
Swargate,University,19,2,1,2055,8932,0,15.647299270072994,0.0,0
Swargate,University,19,2,2,2233,11371,0,18.332109270040306,0.0,0
Swargate,University,21,2,0,1307,8647,0,23.817291507268553,0.0,1
Swargate,University,21,2,1,1497,8962,0,21.55190380761523,0.0,0
Swargate,University,21,2,2,1812,11573,0,22.992715231788083,0.0,0
Swargate,University,23,2,0,1122,8647,0,27.74438502673797,0.0,1
Swargate,University,23,2,1,1266,8962,0,25.484360189573458,0.0,0
Swargate,University,23,2,2,1600,11573,0,26.039250000000003,0.0,0
Swargate,University,7,3,0,1191,8624,0,26.067506297229222,0.0,1
Swargate,University,7,3,1,1368,8962,0,23.58421052631579,0.0,0
Swargate,University,7,3,2,1693,11573,0,24.60886001181335,0.0,0
Swargate,University,9,3,0,1368,8647,0,22.75526315789474,0.0,1
Swargate,University,9,3,1,1628,8962,0,19.817690417690415,0.0,0
Swargate,University,9,3,2,1871,11371,0,21.87899518973811,0.0,0
Swargate,University,11,3,0,1611,8647,0,19.32290502793296,0.0,1
Swargate,University,11,3,1,1946,9573,0,17.70955806783145,0.0,0
Swargate,University,11,3,2,2075,11371,0,19.728,0.0,0
Swargate,University,13,3,0,1777,8647,0,17.517839054586382,0.0,1
Swargate,University,13,3,1,2031,9573,0,16.968389955686852,0.0,0
Swargate,University,13,3,2,2211,11371,0,18.514518317503395,0.0,0
Swargate,University,15,3,0,1981,8647,0,15.713881877839476,0.0,1
Swargate,University,15,3,1,2095,9689,0,16.649355608591883,0.0,0
Swargate,University,15,3,2,2309,11371,0,17.728713728886966,0.0,0
Swargate,University,17,3,0,2085,8624,0,14.890359712230216,0.0,1
Swargate,University,17,3,1,2170,9484,0,15.733824884792627,0.0,0
Swargate,University,17,3,2,2363,11371,0,17.323571730850613,0.0,0
Swargate,University,19,3,0,1745,8624,0,17.79163323782235,0.0,1
Swargate,University,19,3,1,1987,9484,0,17.18288877705083,0.0,0
Swargate,University,19,3,2,1973,8634,0,15.753877344145973,0.0,0
Swargate,University,21,3,0,1306,8624,0,23.772128637059726,0.0,1
Swargate,University,21,3,1,1497,8962,0,21.55190380761523,0.0,0
Swargate,University,21,3,2,1811,11573,0,23.005411374930976,0.0,0
Swargate,University,23,3,0,1122,8647,0,27.74438502673797,0.0,1
Swargate,University,23,3,1,1266,8962,0,25.484360189573458,0.0,0
Swargate,University,23,3,2,1600,11573,0,26.039250000000003,0.0,0
Swargate,University,7,4,0,1170,8624,0,26.535384615384615,0.0,1
Swargate,University,7,4,1,1335,8962,0,24.167191011235953,0.0,0
Swargate,University,7,4,2,1654,11573,0,25.189117291414753,0.0,0
Swargate,University,9,4,0,1273,8624,0,24.388373919874315,0.0,1
Swargate,University,9,4,1,1495,9010,0,21.696321070234113,0.0,0
Swargate,University,9,4,2,1781,11573,0,23.39292532285233,0.0,0
Swargate,University,11,4,0,1426,8624,0,21.771669004207574,0.0,1
Swargate,University,11,4,1,1665,9517,0,20.577297297297296,0.0,0
Swargate,University,11,4,2,1647,8634,0,18.872131147540983,0.0,0
Swargate,University,13,4,0,1556,8624,0,19.952699228791776,0.0,1
Swargate,University,13,4,1,1726,9517,0,19.850057937427575,0.0,0
Swargate,University,13,4,2,1774,8634,0,17.52108229988726,0.0,0
Swargate,University,15,4,0,1692,8624,0,18.348936170212767,0.0,1
Swargate,University,15,4,1,1719,9429,0,19.746596858638746,0.0,0
Swargate,University,15,4,2,1845,8806,0,17.182439024390245,0.0,0
Swargate,University,17,4,0,1810,8624,0,17.152707182320444,0.0,1
Swargate,University,17,4,1,1812,9577,0,19.027152317880795,0.0,0
Swargate,University,17,4,2,2091,11371,0,19.577044476327117,0.0,0
Swargate,University,19,4,0,1604,8624,0,19.35561097256858,0.0,1
Swargate,University,19,4,1,1809,9517,0,18.939303482587064,0.0,0
Swargate,University,19,4,2,1887,8615,0,16.435612082670907,0.0,0
Swargate,University,21,4,0,1271,8624,0,24.426750590086545,0.0,1
Swargate,University,21,4,1,1461,8962,0,22.0829568788501,0.0,0
Swargate,University,21,4,2,1766,11573,0,23.5916194790487,0.0,0
Swargate,University,23,4,0,1122,8647,0,27.74438502673797,0.0,1
Swargate,University,23,4,1,1266,8962,0,25.484360189573458,0.0,0
Swargate,University,23,4,2,1600,11573,0,26.039250000000003,0.0,0
Swargate,University,7,5,0,1218,8624,0,25.489655172413794,0.0,1
Swargate,University,7,5,1,1395,8962,0,23.12774193548387,0.0,0
Swargate,University,7,5,2,1709,11573,0,24.37846693973084,0.0,0
Swargate,University,9,5,0,1471,8624,0,21.10564242012237,0.0,1
Swargate,University,9,5,1,1703,8634,0,18.251556077510276,0.0,0
Swargate,University,9,5,2,1809,9429,0,18.764179104477613,0.0,0
Swargate,University,11,5,0,1630,8647,0,19.097668711656443,0.0,1
Swargate,University,11,5,1,1948,8634,0,15.956057494866531,0.0,0
Swargate,University,11,5,2,2055,9612,0,16.8385401459854,0.0,0
Swargate,University,13,5,0,1636,8647,0,19.02762836185819,0.0,1
Swargate,University,13,5,1,1971,9721,0,17.755251141552513,0.0,0
Swargate,University,13,5,2,1939,8634,0,16.03011861784425,0.0,0
Swargate,University,15,5,0,1655,8647,0,18.809184290030213,0.0,1
Swargate,University,15,5,1,1899,9778,0,18.536492890995262,0.0,0
Swargate,University,15,5,2,1928,8634,0,16.12157676348548,0.0,0
Swargate,University,17,5,0,1834,8647,0,16.97339149400218,0.0,1
Swargate,University,17,5,1,2092,9573,0,16.473613766730402,0.0,0
Swargate,University,17,5,2,2088,8595,0,14.81896551724138,0.0,0
Swargate,University,19,5,0,1747,8624,0,17.771265025758446,0.0,1
Swargate,University,19,5,1,1985,8932,0,16.199093198992443,0.0,0
Swargate,University,19,5,2,2199,11371,0,18.615552523874488,0.0,0
Swargate,University,21,5,0,1286,8624,0,24.14183514774495,0.0,1
Swargate,University,21,5,1,1477,8962,0,21.84373730534868,0.0,0
Swargate,University,21,5,2,1808,11573,0,23.04358407079646,0.0,0
Swargate,University,23,5,0,1122,8647,0,27.74438502673797,0.0,1
Swargate,University,23,5,1,1266,8962,0,25.484360189573458,0.0,0
Swargate,University,23,5,2,1600,11573,0,26.039250000000003,0.0,0
Swargate,University,7,6,0,1218,8624,0,25.489655172413794,0.0,1
Swargate,University,7,6,1,1399,8962,0,23.061615439599713,0.0,0
Swargate,University,7,6,2,1717,11573,0,24.26488060570763,0.0,0
Swargate,University,9,6,0,1500,8624,0,20.6976,0.0,1
Swargate,University,9,6,1,1748,8634,0,17.781693363844393,0.0,0
Swargate,University,9,6,2,1857,9408,0,18.23844911147011,0.0,0
Swargate,University,11,6,0,1737,8647,0,17.921243523316065,0.0,1
Swargate,University,11,6,1,2041,8634,0,15.229005389514944,0.0,0
Swargate,University,11,6,2,2120,9612,0,16.322264150943397,0.0,0
Swargate,University,13,6,0,1720,8647,0,18.098372093023254,0.0,1
Swargate,University,13,6,1,2014,9721,0,17.37616683217478,0.0,0
Swargate,University,13,6,2,2011,8634,0,15.456190949776232,0.0,0
Swargate,University,15,6,0,1751,8624,0,17.730668189605943,0.0,1
Swargate,University,15,6,1,1931,9689,0,18.06338684619368,0.0,0
Swargate,University,15,6,2,1991,8634,0,15.611451531893522,0.0,0
Swargate,University,17,6,0,1936,8624,0,16.036363636363635,0.0,1
Swargate,University,17,6,1,2137,9406,0,15.84539073467478,0.0,0
Swargate,University,17,6,2,2152,8634,0,14.443494423791822,0.0,0
Swargate,University,19,6,0,1814,8624,0,17.114884233737595,0.0,1
Swargate,University,19,6,1,2035,8932,0,15.801081081081081,0.0,0
Swargate,University,19,6,2,2201,11371,0,18.59863698318946,0.0,0
Swargate,University,21,6,0,1288,8624,0,24.10434782608696,0.0,1
Swargate,University,21,6,1,1488,8962,0,21.68225806451613,0.0,0
Swargate,University,21,6,2,1812,11573,0,22.992715231788083,0.0,0
Swargate,University,23,6,0,1122,8647,0,27.74438502673797,0.0,1
Swargate,University,23,6,1,1266,8962,0,25.484360189573458,0.0,0
Swargate,University,23,6,2,1600,11573,0,26.039250000000003,0.0,0
Swargate,University,7,0,0,1220,8624,0,25.447868852459017,0.0,1
Swargate,University,7,0,1,1400,8962,0,23.045142857142856,0.0,0
Swargate,University,7,0,2,1715,11573,0,24.2931778425656,0.0,0
Swargate,University,9,0,0,1488,8624,0,20.86451612903226,0.0,1
Swargate,University,9,0,1,1712,8634,0,18.155607476635513,0.0,0
Swargate,University,9,0,2,1828,9429,0,18.569146608315098,0.0,0
Swargate,University,11,0,0,1695,8647,0,18.365309734513275,0.0,1
Swargate,University,11,0,1,1976,8634,0,15.72995951417004,0.0,0
Swargate,University,11,0,2,2068,9612,0,16.732688588007736,0.0,0
Swargate,University,13,0,0,1688,8647,0,18.441469194312795,0.0,1
Swargate,University,13,0,1,1987,9778,0,17.715551082033215,0.0,0
Swargate,University,13,0,2,1991,8634,0,15.611451531893522,0.0,0
Swargate,University,15,0,0,1704,8647,0,18.26830985915493,0.0,1
Swargate,University,15,0,1,1908,9689,0,18.281132075471696,0.0,0
Swargate,University,15,0,2,1972,8634,0,15.76186612576065,0.0,0
Swargate,University,17,0,0,1861,8624,0,16.682643739924774,0.0,1
Swargate,University,17,0,1,2084,9494,0,16.400383877159307,0.0,0
Swargate,University,17,0,2,2123,8613,0,14.605181347150257,0.0,0
Swargate,University,19,0,0,1768,8624,0,17.560180995475115,0.0,1
Swargate,University,19,0,1,2011,8932,0,15.989656887120837,0.0,0
Swargate,University,19,0,2,2210,11371,0,18.52289592760181,0.0,0
Swargate,University,21,0,0,1296,8624,0,23.95555555555556,0.0,1
Swargate,University,21,0,1,1486,8962,0,21.7114401076716,0.0,0
Swargate,University,21,0,2,1817,11573,0,22.92944413869015,0.0,0
Swargate,University,23,0,0,1122,8647,0,27.74438502673797,0.0,1
Swargate,University,23,0,1,1266,8962,0,25.484360189573458,0.0,0
Swargate,University,23,0,2,1600,11573,0,26.039250000000003,0.0,0
Swargate,University,7,1,0,1207,8624,0,25.72195526097763,0.0,1
Swargate,University,7,1,1,1395,8962,0,23.12774193548387,0.0,0
Swargate,University,7,1,2,1718,11573,0,24.250756693830038,0.0,0
Swargate,University,9,1,0,1470,8624,0,21.12,0.0,1
Swargate,University,9,1,1,1740,8634,0,17.86344827586207,0.0,0
Swargate,University,9,1,2,1852,9633,0,18.72505399568034,0.0,0
Swargate,University,11,1,0,1682,8647,0,18.507253269916767,0.0,1
Swargate,University,11,1,1,2053,9484,0,16.630491962981004,0.0,0
Swargate,University,11,1,2,2082,8087,0,13.983285302593659,0.0,0
Swargate,University,13,1,0,1701,8647,0,18.3005291005291,0.0,1
Swargate,University,13,1,1,1982,9573,0,17.387891019172553,0.0,0
Swargate,University,13,1,2,2014,8615,0,15.399205561072494,0.0,0
Swargate,University,15,1,0,1725,8647,0,18.04591304347826,0.0,1
Swargate,University,15,1,1,1898,9778,0,18.54625922023182,0.0,0
Swargate,University,15,1,2,1964,8634,0,15.826069246435845,0.0,0
Swargate,University,17,1,0,1908,8624,0,16.27169811320755,0.0,1
Swargate,University,17,1,1,2133,9406,0,15.875105485232067,0.0,0
Swargate,University,17,1,2,2152,8634,0,14.443494423791822,0.0,0
Swargate,University,19,1,0,1818,8624,0,17.077227722772278,0.0,1
Swargate,University,19,1,1,2076,8932,0,15.489017341040464,0.0,0
Swargate,University,19,1,2,2206,11371,0,18.556482320942884,0.0,0
Swargate,University,21,1,0,1306,8624,0,23.772128637059726,0.0,1
Swargate,University,21,1,1,1493,8962,0,21.609645010046886,0.0,0
Swargate,University,21,1,2,1814,11573,0,22.96736493936053,0.0,0
Swargate,University,23,1,0,1122,8647,0,27.74438502673797,0.0,1
Swargate,University,23,1,1,1266,8962,0,25.484360189573458,0.0,0
Swargate,University,23,1,2,1600,11573,0,26.039250000000003,0.0,0
Swargate,University,7,2,0,1208,8624,0,25.700662251655633,0.0,1
Swargate,University,7,2,1,1385,8962,0,23.294729241877253,0.0,0
Swargate,University,7,2,2,1718,11573,0,24.250756693830038,0.0,0
Swargate,University,9,2,0,1479,8624,0,20.991480730223124,0.0,1
Swargate,University,9,2,1,1728,8634,0,17.9875,0.0,0
Swargate,University,9,2,2,1820,9429,0,18.65076923076923,0.0,0
Swargate,University,11,2,0,1709,8647,0,18.214862492685782,0.0,1
Swargate,University,11,2,1,2068,9721,0,16.922437137330753,0.0,0
Swargate,University,11,2,2,2058,8087,0,14.146355685131196,0.0,0
Swargate,University,13,2,0,1708,8647,0,18.22552693208431,0.0,1
Swargate,University,13,2,1,2007,9778,0,17.539013452914798,0.0,0
Swargate,University,13,2,2,2003,8634,0,15.517923115327008,0.0,0
Swargate,University,15,2,0,1750,8624,0,17.7408,0.0,1
Swargate,University,15,2,1,1921,9778,0,18.324206142634043,0.0,0
Swargate,University,15,2,2,2005,8634,0,15.502443890274314,0.0,0
Swargate,University,17,2,0,1921,8624,0,16.161582509109838,0.0,1
Swargate,University,17,2,1,2117,9484,0,16.127727916863485,0.0,0
Swargate,University,17,2,2,2163,8613,0,14.33509015256588,0.0,0
Swargate,University,19,2,0,1833,8624,0,16.937479541734863,0.0,1
Swargate,University,19,2,1,2055,8932,0,15.647299270072994,0.0,0
Swargate,University,19,2,2,2233,11371,0,18.332109270040306,0.0,0
Swargate,University,21,2,0,1307,8647,0,23.817291507268553,0.0,1
Swargate,University,21,2,1,1497,8962,0,21.55190380761523,0.0,0
Swargate,University,21,2,2,1812,11573,0,22.992715231788083,0.0,0
Swargate,University,23,2,0,1122,8647,0,27.74438502673797,0.0,1
Swargate,University,23,2,1,1266,8962,0,25.484360189573458,0.0,0
Swargate,University,23,2,2,1600,11573,0,26.039250000000003,0.0,0
Swargate,University,7,3,0,1191,8624,0,26.067506297229222,0.0,1
Swargate,University,7,3,1,1368,8962,0,23.58421052631579,0.0,0
Swargate,University,7,3,2,1693,11573,0,24.60886001181335,0.0,0
Swargate,University,9,3,0,1368,8647,0,22.75526315789474,0.0,1
Swargate,University,9,3,1,1628,8962,0,19.817690417690415,0.0,0
Swargate,University,9,3,2,1871,11371,0,21.87899518973811,0.0,0
Swargate,University,11,3,0,1611,8647,0,19.32290502793296,0.0,1
Swargate,University,11,3,1,1946,9573,0,17.70955806783145,0.0,0
Swargate,University,11,3,2,2075,11371,0,19.728,0.0,0
Swargate,University,13,3,0,1777,8647,0,17.517839054586382,0.0,1
Swargate,University,13,3,1,2031,9573,0,16.968389955686852,0.0,0
Swargate,University,13,3,2,2211,11371,0,18.514518317503395,0.0,0
Swargate,University,15,3,0,1981,8647,0,15.713881877839476,0.0,1
Swargate,University,15,3,1,2095,9689,0,16.649355608591883,0.0,0
Swargate,University,15,3,2,2309,11371,0,17.728713728886966,0.0,0
Swargate,University,17,3,0,2085,8624,0,14.890359712230216,0.0,1
Swargate,University,17,3,1,2170,9484,0,15.733824884792627,0.0,0
Swargate,University,17,3,2,2363,11371,0,17.323571730850613,0.0,0
Swargate,University,19,3,0,1745,8624,0,17.79163323782235,0.0,1
Swargate,University,19,3,1,1987,9484,0,17.18288877705083,0.0,0
Swargate,University,19,3,2,1973,8634,0,15.753877344145973,0.0,0
Swargate,University,21,3,0,1306,8624,0,23.772128637059726,0.0,1
Swargate,University,21,3,1,1497,8962,0,21.55190380761523,0.0,0
Swargate,University,21,3,2,1811,11573,0,23.005411374930976,0.0,0
Swargate,University,23,3,0,1122,8647,0,27.74438502673797,0.0,1
Swargate,University,23,3,1,1266,8962,0,25.484360189573458,0.0,0
Swargate,University,23,3,2,1600,11573,0,26.039250000000003,0.0,0
Swargate,University,7,4,0,1170,8624,0,26.535384615384615,0.0,1
Swargate,University,7,4,1,1335,8962,0,24.167191011235953,0.0,0
Swargate,University,7,4,2,1654,11573,0,25.189117291414753,0.0,0
Swargate,University,9,4,0,1273,8624,0,24.388373919874315,0.0,1
Swargate,University,9,4,1,1495,9010,0,21.696321070234113,0.0,0
Swargate,University,9,4,2,1781,11573,0,23.39292532285233,0.0,0
Swargate,University,11,4,0,1426,8624,0,21.771669004207574,0.0,1
Swargate,University,11,4,1,1665,9517,0,20.577297297297296,0.0,0
Swargate,University,11,4,2,1647,8634,0,18.872131147540983,0.0,0
Swargate,University,13,4,0,1556,8624,0,19.952699228791776,0.0,1
Swargate,University,13,4,1,1726,9517,0,19.850057937427575,0.0,0
Swargate,University,13,4,2,1774,8634,0,17.52108229988726,0.0,0
Swargate,University,15,4,0,1692,8624,0,18.348936170212767,0.0,1
Swargate,University,15,4,1,1719,9429,0,19.746596858638746,0.0,0
Swargate,University,15,4,2,1845,8806,0,17.182439024390245,0.0,0
Swargate,University,17,4,0,1810,8624,0,17.152707182320444,0.0,1
Swargate,University,17,4,1,1812,9577,0,19.027152317880795,0.0,0
Swargate,University,17,4,2,2091,11371,0,19.577044476327117,0.0,0
Swargate,University,19,4,0,1604,8624,0,19.35561097256858,0.0,1
Swargate,University,19,4,1,1809,9517,0,18.939303482587064,0.0,0
Swargate,University,19,4,2,1887,8615,0,16.435612082670907,0.0,0
Swargate,University,21,4,0,1271,8624,0,24.426750590086545,0.0,1
Swargate,University,21,4,1,1461,8962,0,22.0829568788501,0.0,0
Swargate,University,21,4,2,1766,11573,0,23.5916194790487,0.0,0
Swargate,University,23,4,0,1122,8647,0,27.74438502673797,0.0,1
Swargate,University,23,4,1,1266,8962,0,25.484360189573458,0.0,0
Swargate,University,23,4,2,1600,11573,0,26.039250000000003,0.0,0
Swargate,University,7,5,0,1218,8624,0,25.489655172413794,0.0,1
Swargate,University,7,5,1,1395,8962,0,23.12774193548387,0.0,0
Swargate,University,7,5,2,1709,11573,0,24.37846693973084,0.0,0
Swargate,University,9,5,0,1471,8624,0,21.10564242012237,0.0,1
Swargate,University,9,5,1,1703,8634,0,18.251556077510276,0.0,0
Swargate,University,9,5,2,1809,9429,0,18.764179104477613,0.0,0
Swargate,University,11,5,0,1630,8647,0,19.097668711656443,0.0,1
Swargate,University,11,5,1,1948,8634,0,15.956057494866531,0.0,0
Swargate,University,11,5,2,2055,9612,0,16.8385401459854,0.0,0
Swargate,University,13,5,0,1636,8647,0,19.02762836185819,0.0,1
Swargate,University,13,5,1,1971,9721,0,17.755251141552513,0.0,0
Swargate,University,13,5,2,1939,8634,0,16.03011861784425,0.0,0
Swargate,University,15,5,0,1655,8647,0,18.809184290030213,0.0,1
Swargate,University,15,5,1,1899,9778,0,18.536492890995262,0.0,0
Swargate,University,15,5,2,1928,8634,0,16.12157676348548,0.0,0
Swargate,University,17,5,0,1834,8647,0,16.97339149400218,0.0,1
Swargate,University,17,5,1,2092,9573,0,16.473613766730402,0.0,0
Swargate,University,17,5,2,2088,8595,0,14.81896551724138,0.0,0
Swargate,University,19,5,0,1747,8624,0,17.771265025758446,0.0,1
Swargate,University,19,5,1,1985,8932,0,16.199093198992443,0.0,0
Swargate,University,19,5,2,2199,11371,0,18.615552523874488,0.0,0
Swargate,University,21,5,0,1286,8624,0,24.14183514774495,0.0,1
Swargate,University,21,5,1,1477,8962,0,21.84373730534868,0.0,0
Swargate,University,21,5,2,1808,11573,0,23.04358407079646,0.0,0
Swargate,University,23,5,0,1122,8647,0,27.74438502673797,0.0,1
Swargate,University,23,5,1,1266,8962,0,25.484360189573458,0.0,0
Swargate,University,23,5,2,1600,11573,0,26.039250000000003,0.0,0
Swargate,University,7,6,0,1218,8624,0,25.489655172413794,0.0,1
Swargate,University,7,6,1,1399,8962,0,23.061615439599713,0.0,0
Swargate,University,7,6,2,1717,11573,0,24.26488060570763,0.0,0
Swargate,University,9,6,0,1500,8624,0,20.6976,0.0,1
Swargate,University,9,6,1,1748,8634,0,17.781693363844393,0.0,0
Swargate,University,9,6,2,1857,9408,0,18.23844911147011,0.0,0
Swargate,University,11,6,0,1737,8647,0,17.921243523316065,0.0,1
Swargate,University,11,6,1,2041,8634,0,15.229005389514944,0.0,0
Swargate,University,11,6,2,2120,9612,0,16.322264150943397,0.0,0
Swargate,University,13,6,0,1720,8647,0,18.098372093023254,0.0,1
Swargate,University,13,6,1,2014,9721,0,17.37616683217478,0.0,0
Swargate,University,13,6,2,2011,8634,0,15.456190949776232,0.0,0
Swargate,University,15,6,0,1751,8624,0,17.730668189605943,0.0,1
Swargate,University,15,6,1,1931,9689,0,18.06338684619368,0.0,0
Swargate,University,15,6,2,1991,8634,0,15.611451531893522,0.0,0
Swargate,University,17,6,0,1936,8624,0,16.036363636363635,0.0,1
Swargate,University,17,6,1,2137,9406,0,15.84539073467478,0.0,0
Swargate,University,17,6,2,2152,8634,0,14.443494423791822,0.0,0
Swargate,University,19,6,0,1814,8624,0,17.114884233737595,0.0,1
Swargate,University,19,6,1,2035,8932,0,15.801081081081081,0.0,0
Swargate,University,19,6,2,2201,11371,0,18.59863698318946,0.0,0
Swargate,University,21,6,0,1288,8624,0,24.10434782608696,0.0,1
Swargate,University,21,6,1,1488,8962,0,21.68225806451613,0.0,0
Swargate,University,21,6,2,1812,11573,0,22.992715231788083,0.0,0
Swargate,University,23,6,0,1122,8647,0,27.74438502673797,0.0,1
Swargate,University,23,6,1,1266,8962,0,25.484360189573458,0.0,0
Swargate,University,23,6,2,1600,11573,0,26.039250000000003,0.0,0
