origin,destination,hour,minute,day_of_week,route_id,travel_time,distance,traffic_delay,avg_speed,delay_ratio,is_best_route
University,Swargate,6,30,0,0,1117,7766,0,25.02918531781558,0.0,1
University,Swargate,6,30,0,1,1359,9205,0,24.3841059602649,0.0,0
University,Swargate,6,30,0,2,1388,8461,0,21.944956772334297,0.0,0
University,Swargate,7,30,0,0,1183,7766,0,23.632797971259507,0.0,1
University,Swargate,7,30,0,1,1487,9205,0,22.285137861466037,0.0,0
University,Swargate,7,30,0,2,1488,8461,0,20.470161290322583,0.0,0
University,Swargate,8,30,0,0,1289,7766,0,21.689371605896042,0.0,1
University,Swargate,8,30,0,1,1656,9143,0,19.87608695652174,0.0,0
University,Swargate,8,30,0,2,1617,8322,0,18.52764378478664,0.0,0
University,Swargate,9,30,0,0,1367,7766,0,20.45179224579371,0.0,1
University,Swargate,9,30,0,1,1761,9143,0,18.690971039182283,0.0,0
University,Swargate,9,30,0,2,1707,8322,0,17.55079086115993,0.0,0
University,Swargate,10,30,0,0,1468,7766,0,19.04468664850136,0.0,1
University,Swargate,10,30,0,1,1888,9205,0,17.551906779661014,0.0,0
University,Swargate,10,30,0,2,1814,8322,0,16.515545755237042,0.0,0
University,Swargate,11,30,0,0,1580,7766,0,17.694683544303796,0.0,1
University,Swargate,11,30,0,1,2012,9143,0,16.35924453280318,0.0,0
University,Swargate,11,30,0,2,1739,8289,0,17.159516963772283,0.0,0
University,Swargate,12,30,0,0,1623,7766,0,17.22587800369686,0.0,1
University,Swargate,12,30,0,1,2017,9637,0,17.20039662865642,0.0,0
University,Swargate,12,30,0,2,1758,8289,0,16.974061433447098,0.0,0
University,Swargate,13,30,0,0,1608,7766,0,17.386567164179105,0.0,1
University,Swargate,13,30,0,1,1937,9703,0,18.03345379452762,0.0,0
University,Swargate,13,30,0,2,1734,8289,0,17.208996539792388,0.0,0
University,Swargate,14,30,0,0,1612,7766,0,17.343424317617867,0.0,1
University,Swargate,14,30,0,1,1863,9645,0,18.63768115942029,0.0,0
University,Swargate,14,30,0,2,1734,8439,0,17.520415224913496,0.0,0
University,Swargate,15,30,0,0,1645,7766,0,16.99550151975684,0.0,1
University,Swargate,15,30,0,1,1879,9602,0,18.396593932943055,0.0,0
University,Swargate,15,30,0,2,1745,8439,0,17.40997134670487,0.0,0
University,Swargate,16,30,0,0,1705,7766,0,16.39741935483871,0.0,1
University,Swargate,16,30,0,1,1997,9599,0,17.304156234351527,0.0,0
University,Swargate,16,30,0,2,1792,8439,0,16.953348214285715,0.0,0
University,Swargate,17,30,0,0,1767,7766,0,15.82207130730051,0.0,1
University,Swargate,17,30,0,1,2089,9651,0,16.631689803733842,0.0,0
University,Swargate,17,30,0,2,2008,8322,0,14.919920318725097,0.0,0
University,Swargate,18,30,0,0,1739,7766,0,16.076825761932145,0.0,1
University,Swargate,18,30,0,1,2066,9143,0,15.931655372700872,0.0,0
University,Swargate,18,30,0,2,1960,8322,0,15.28530612244898,0.0,0
University,Swargate,19,30,0,0,1574,7766,0,17.762134688691233,0.0,1
University,Swargate,19,30,0,1,1910,9143,0,17.232879581151835,0.0,0
University,Swargate,19,30,0,2,1820,8322,0,16.4610989010989,0.0,0
University,Swargate,20,30,0,0,1369,7766,0,20.42191380569759,0.0,1
University,Swargate,20,30,0,1,1660,9205,0,19.96265060240964,0.0,0
University,Swargate,20,30,0,2,1642,8461,0,18.550304506699145,0.0,0
University,Swargate,21,30,0,0,1154,7766,0,24.22668977469671,0.0,1
University,Swargate,21,30,0,1,1380,9205,0,24.01304347826087,0.0,0
University,Swargate,21,30,0,2,1410,8461,0,21.602553191489363,0.0,0
University,Swargate,22,30,0,0,1095,7766,0,25.53205479452055,0.0,1
University,Swargate,22,30,0,1,1314,9205,0,25.21917808219178,0.0,0
University,Swargate,22,30,0,2,1350,8461,0,22.56266666666667,0.0,0
University,Swargate,23,30,0,0,1095,7766,0,25.53205479452055,0.0,1
University,Swargate,23,30,0,1,1314,9205,0,25.21917808219178,0.0,0
University,Swargate,23,30,0,2,1350,8461,0,22.56266666666667,0.0,0
University,Swargate,6,30,1,0,1121,7766,0,24.939875111507583,0.0,1
University,Swargate,6,30,1,1,1359,9205,0,24.3841059602649,0.0,0
University,Swargate,6,30,1,2,1388,8461,0,21.944956772334297,0.0,0
University,Swargate,7,30,1,0,1191,7766,0,23.47405541561713,0.0,1
University,Swargate,7,30,1,1,1485,9205,0,22.315151515151516,0.0,0
University,Swargate,7,30,1,2,1489,8322,0,20.120349227669575,0.0,0
University,Swargate,8,30,1,0,1279,7766,0,21.858952306489442,0.0,1
University,Swargate,8,30,1,1,1644,9205,0,20.156934306569344,0.0,0
University,Swargate,8,30,1,2,1605,8322,0,18.666168224299064,0.0,0
University,Swargate,9,30,1,0,1350,7766,0,20.709333333333333,0.0,1
University,Swargate,9,30,1,1,1756,9143,0,18.744191343963557,0.0,0
University,Swargate,9,30,1,2,1564,8289,0,19.079539641943732,0.0,0
University,Swargate,10,30,1,0,1458,7766,0,19.175308641975306,0.0,1
University,Swargate,10,30,1,1,1897,9143,0,17.350975224037956,0.0,0
University,Swargate,10,30,1,2,1645,8289,0,18.140060790273555,0.0,0
University,Swargate,11,30,1,0,1592,7766,0,17.561306532663316,0.0,1
University,Swargate,11,30,1,1,2029,9642,0,17.107540660423854,0.0,0
University,Swargate,11,30,1,2,1749,8439,0,17.37015437392796,0.0,0
University,Swargate,12,30,1,0,1655,7766,0,16.892809667673717,0.0,1
University,Swargate,12,30,1,1,2029,9642,0,17.107540660423854,0.0,0
University,Swargate,12,30,1,2,1783,8439,0,17.03892316320808,0.0,0
University,Swargate,13,30,1,0,1672,7766,0,16.72105263157895,0.0,1
University,Swargate,13,30,1,1,1945,9765,0,18.074035989717224,0.0,0
University,Swargate,13,30,1,2,1778,8439,0,17.08683914510686,0.0,0
University,Swargate,14,30,1,0,1710,7766,0,16.349473684210526,0.0,1
University,Swargate,14,30,1,1,1879,9703,0,18.590101117615752,0.0,0
University,Swargate,14,30,1,2,1762,8439,0,17.24199772985244,0.0,0
University,Swargate,15,30,1,0,1753,8439,0,17.330519110096976,0.0,1
University,Swargate,15,30,1,1,1883,9602,0,18.35751460435475,0.0,0
University,Swargate,15,30,1,2,1761,7766,0,15.875979557069845,0.0,0
University,Swargate,16,30,1,0,1768,8289,0,16.87805429864253,0.0,1
University,Swargate,16,30,1,1,1984,9599,0,17.417540322580646,0.0,0
University,Swargate,16,30,1,2,1963,8322,0,15.261946001018847,0.0,0
University,Swargate,17,30,1,0,1792,8289,0,16.65200892857143,0.0,1
University,Swargate,17,30,1,1,2073,9143,0,15.877858176555717,0.0,0
University,Swargate,17,30,1,2,1830,7766,0,15.277377049180329,0.0,0
University,Swargate,18,30,1,0,1741,7766,0,16.058357265939115,0.0,1
University,Swargate,18,30,1,1,2048,9143,0,16.0716796875,0.0,0
University,Swargate,18,30,1,2,1777,8289,0,16.792571750140684,0.0,0
University,Swargate,19,30,1,0,1549,7766,0,18.04880568108457,0.0,1
University,Swargate,19,30,1,1,1901,9143,0,17.31446607048922,0.0,0
University,Swargate,19,30,1,2,1802,8322,0,16.625527192008878,0.0,0
University,Swargate,20,30,1,0,1363,7766,0,20.511812179016875,0.0,1
University,Swargate,20,30,1,1,1660,9205,0,19.96265060240964,0.0,0
University,Swargate,20,30,1,2,1631,8322,0,18.368608215818515,0.0,0
University,Swargate,21,30,1,0,1154,7766,0,24.22668977469671,0.0,1
University,Swargate,21,30,1,1,1380,9205,0,24.01304347826087,0.0,0
University,Swargate,21,30,1,2,1410,8461,0,21.602553191489363,0.0,0
University,Swargate,22,30,1,0,1095,7766,0,25.53205479452055,0.0,1
University,Swargate,22,30,1,1,1314,9205,0,25.21917808219178,0.0,0
University,Swargate,22,30,1,2,1350,8461,0,22.56266666666667,0.0,0
University,Swargate,23,30,1,0,1095,7766,0,25.53205479452055,0.0,1
University,Swargate,23,30,1,1,1314,9205,0,25.21917808219178,0.0,0
University,Swargate,23,30,1,2,1350,8461,0,22.56266666666667,0.0,0
University,Swargate,6,30,2,0,1119,7766,0,24.98445040214477,0.0,1
University,Swargate,6,30,2,1,1358,9205,0,24.4020618556701,0.0,0
University,Swargate,6,30,2,2,1386,8461,0,21.976623376623376,0.0,0
University,Swargate,7,30,2,0,1181,7766,0,23.67281964436918,0.0,1
University,Swargate,7,30,2,1,1478,9205,0,22.42083897158322,0.0,0
University,Swargate,7,30,2,2,1481,8461,0,20.566914247130317,0.0,0
University,Swargate,8,30,2,0,1267,7766,0,22.06598263614838,0.0,1
University,Swargate,8,30,2,1,1635,9143,0,20.13137614678899,0.0,0
University,Swargate,8,30,2,2,1601,8322,0,18.712804497189254,0.0,0
University,Swargate,9,30,2,0,1339,7766,0,20.879462285287527,0.0,1
University,Swargate,9,30,2,1,1740,9143,0,18.916551724137932,0.0,0
University,Swargate,9,30,2,2,1695,8322,0,17.67504424778761,0.0,0
University,Swargate,10,30,2,0,1436,7766,0,19.46908077994429,0.0,1
University,Swargate,10,30,2,1,1868,9143,0,17.6203426124197,0.0,0
University,Swargate,10,30,2,2,1639,8289,0,18.20646735814521,0.0,0
University,Swargate,11,30,2,0,1549,7766,0,18.04880568108457,0.0,1
University,Swargate,11,30,2,1,1997,9143,0,16.482123184777166,0.0,0
University,Swargate,11,30,2,2,1717,8289,0,17.379382644146766,0.0,0
University,Swargate,12,30,2,0,1598,7766,0,17.495369211514394,0.0,1
University,Swargate,12,30,2,1,2009,9637,0,17.268889995022402,0.0,0
University,Swargate,12,30,2,2,1738,8289,0,17.16939010356732,0.0,0
University,Swargate,13,30,2,0,1604,7766,0,17.42992518703242,0.0,1
University,Swargate,13,30,2,1,1938,9703,0,18.024148606811146,0.0,0
University,Swargate,13,30,2,2,1737,8289,0,17.179274611398963,0.0,0
University,Swargate,14,30,2,0,1638,7766,0,17.068131868131868,0.0,1
University,Swargate,14,30,2,1,1872,9703,0,18.659615384615382,0.0,0
University,Swargate,14,30,2,2,1754,8439,0,17.320638540478907,0.0,0
University,Swargate,15,30,2,0,1686,7766,0,16.58220640569395,0.0,1
University,Swargate,15,30,2,1,1886,9602,0,18.328313891834572,0.0,0
University,Swargate,15,30,2,2,1758,8439,0,17.281228668941978,0.0,0
University,Swargate,16,30,2,0,1747,7766,0,16.003205495134516,0.0,1
University,Swargate,16,30,2,1,2000,9656,0,17.3808,0.0,0
University,Swargate,16,30,2,2,1798,8439,0,16.896774193548385,0.0,0
University,Swargate,17,30,2,0,1804,7766,0,15.497560975609758,0.0,1
University,Swargate,17,30,2,1,2105,9651,0,16.505273159144892,0.0,0
University,Swargate,17,30,2,2,2012,8322,0,14.890258449304174,0.0,0
University,Swargate,18,30,2,0,1754,7766,0,15.939338654503992,0.0,1
University,Swargate,18,30,2,1,2115,9143,0,15.562553191489362,0.0,0
University,Swargate,18,30,2,2,1956,8322,0,15.316564417177913,0.0,0
University,Swargate,19,30,2,0,1565,7766,0,17.864281150159744,0.0,1
University,Swargate,19,30,2,1,1932,9143,0,17.036645962732923,0.0,0
University,Swargate,19,30,2,2,1819,8322,0,16.470148433205054,0.0,0
University,Swargate,20,30,2,0,1359,7766,0,20.572185430463577,0.0,1
University,Swargate,20,30,2,1,1674,9143,0,19.66236559139785,0.0,0
University,Swargate,20,30,2,2,1648,8322,0,18.17912621359223,0.0,0
University,Swargate,21,30,2,0,1152,7766,0,24.26875,0.0,1
University,Swargate,21,30,2,1,1386,9143,0,23.74805194805195,0.0,0
University,Swargate,21,30,2,2,1412,8461,0,21.57195467422096,0.0,0
University,Swargate,22,30,2,0,1095,7766,0,25.53205479452055,0.0,1
University,Swargate,22,30,2,1,1314,9205,0,25.21917808219178,0.0,0
University,Swargate,22,30,2,2,1350,8461,0,22.56266666666667,0.0,0
University,Swargate,23,30,2,0,1095,7766,0,25.53205479452055,0.0,1
University,Swargate,23,30,2,1,1314,9205,0,25.21917808219178,0.0,0
University,Swargate,23,30,2,2,1350,8461,0,22.56266666666667,0.0,0
University,Swargate,6,30,3,0,1118,7766,0,25.006797853309482,0.0,1
University,Swargate,6,30,3,1,1361,9205,0,24.348273328434974,0.0,0
University,Swargate,6,30,3,2,1389,8461,0,21.92915766738661,0.0,0
University,Swargate,7,30,3,0,1175,7766,0,23.793702127659575,0.0,1
University,Swargate,7,30,3,1,1464,9205,0,22.635245901639344,0.0,0
University,Swargate,7,30,3,2,1478,8461,0,20.608660351826792,0.0,0
University,Swargate,8,30,3,0,1262,7766,0,22.153407290015846,0.0,1
University,Swargate,8,30,3,1,1592,9143,0,20.675125628140705,0.0,0
University,Swargate,8,30,3,2,1480,9791,0,23.81594594594595,0.0,0
University,Swargate,9,30,3,0,1352,7766,0,20.678698224852074,0.0,1
University,Swargate,9,30,3,1,1703,9143,0,19.327539635936585,0.0,0
University,Swargate,9,30,3,2,1525,8289,0,19.567475409836064,0.0,0
University,Swargate,10,30,3,0,1489,7766,0,18.776091336467427,0.0,1
University,Swargate,10,30,3,1,1850,9143,0,17.791783783783785,0.0,0
University,Swargate,10,30,3,2,1608,8289,0,18.557462686567163,0.0,0
University,Swargate,11,30,3,0,1669,7766,0,16.75110844817256,0.0,1
University,Swargate,11,30,3,1,2013,9637,0,17.234575260804768,0.0,0
University,Swargate,11,30,3,2,1719,8439,0,17.673298429319374,0.0,0
University,Swargate,12,30,3,0,1757,7766,0,15.912122936824131,0.0,1
University,Swargate,12,30,3,1,2048,9637,0,16.940039062500002,0.0,0
University,Swargate,12,30,3,2,1770,8439,0,17.16406779661017,0.0,0
University,Swargate,13,30,3,0,1781,8289,0,16.754856822010105,0.0,1
University,Swargate,13,30,3,1,2042,9703,0,17.10617042115573,0.0,0
University,Swargate,13,30,3,2,1818,7766,0,15.378217821782178,0.0,0
University,Swargate,14,30,3,0,1813,8439,0,16.756977385548815,0.0,1
University,Swargate,14,30,3,1,2031,9699,0,17.1917282127031,0.0,0
University,Swargate,14,30,3,2,2064,8592,0,14.986046511627908,0.0,0
University,Swargate,15,30,3,0,1821,8439,0,16.683360790774298,0.0,1
University,Swargate,15,30,3,1,2038,9699,0,17.13267909715407,0.0,0
University,Swargate,15,30,3,2,2085,8592,0,14.835107913669065,0.0,0
University,Swargate,16,30,3,0,1828,8289,0,16.324070021881838,0.0,1
University,Swargate,16,30,3,1,2075,9694,0,16.81850602409639,0.0,0
University,Swargate,16,30,3,2,2113,8592,0,14.63852342640795,0.0,0
University,Swargate,17,30,3,0,1836,8289,0,16.25294117647059,0.0,1
University,Swargate,17,30,3,1,2114,9651,0,16.43500473036897,0.0,0
University,Swargate,17,30,3,2,2121,8500,0,14.427157001414429,0.0,0
University,Swargate,18,30,3,0,1795,8289,0,16.6241782729805,0.0,1
University,Swargate,18,30,3,1,2090,9651,0,16.623732057416266,0.0,0
University,Swargate,18,30,3,2,1816,7766,0,15.395154185022026,0.0,0
University,Swargate,19,30,3,0,1578,7766,0,17.717110266159693,0.0,1
University,Swargate,19,30,3,1,1889,9143,0,17.424457384859718,0.0,0
University,Swargate,19,30,3,2,1836,8322,0,16.31764705882353,0.0,0
University,Swargate,20,30,3,0,1386,7766,0,20.17142857142857,0.0,1
University,Swargate,20,30,3,1,1666,9143,0,19.756782713085236,0.0,0
University,Swargate,20,30,3,2,1658,8322,0,18.069481302774424,0.0,0
University,Swargate,21,30,3,0,1161,7766,0,24.08062015503876,0.0,1
University,Swargate,21,30,3,1,1384,9205,0,23.94364161849711,0.0,0
University,Swargate,21,30,3,2,1415,8461,0,21.526219081272085,0.0,0
University,Swargate,22,30,3,0,1095,7766,0,25.53205479452055,0.0,1
University,Swargate,22,30,3,1,1314,9205,0,25.21917808219178,0.0,0
University,Swargate,22,30,3,2,1350,8461,0,22.56266666666667,0.0,0
University,Swargate,23,30,3,0,1095,7766,0,25.53205479452055,0.0,1
University,Swargate,23,30,3,1,1314,9205,0,25.21917808219178,0.0,0
University,Swargate,23,30,3,2,1350,8461,0,22.56266666666667,0.0,0
University,Swargate,6,30,4,0,1118,7766,0,25.006797853309482,0.0,1
University,Swargate,6,30,4,1,1350,9205,0,24.546666666666667,0.0,0
University,Swargate,6,30,4,2,1378,8461,0,22.10420899854862,0.0,0
University,Swargate,7,30,4,0,1183,7766,0,23.632797971259507,0.0,1
University,Swargate,7,30,4,1,1418,9205,0,23.36953455571227,0.0,0
University,Swargate,7,30,4,2,1442,8461,0,21.123162274618586,0.0,0
University,Swargate,8,30,4,0,1249,7766,0,22.383987189751803,0.0,1
University,Swargate,8,30,4,1,1466,9366,0,22.999727148703958,0.0,0
University,Swargate,8,30,4,2,1502,8484,0,20.334487350199733,0.0,0
University,Swargate,9,30,4,0,1300,7766,0,21.505846153846154,0.0,1
University,Swargate,9,30,4,1,1503,9366,0,22.433532934131737,0.0,0
University,Swargate,9,30,4,2,1431,9791,0,24.631446540880503,0.0,0
University,Swargate,10,30,4,0,1400,7766,0,19.969714285714286,0.0,1
University,Swargate,10,30,4,1,1582,9205,0,20.946902654867255,0.0,0
University,Swargate,10,30,4,2,1470,9791,0,23.97795918367347,0.0,0
University,Swargate,11,30,4,0,1499,8289,0,19.906871247498334,0.0,1
University,Swargate,11,30,4,1,1677,9205,0,19.760286225402506,0.0,0
University,Swargate,11,30,4,2,1519,9791,0,23.204476629361423,0.0,0
University,Swargate,12,30,4,0,1505,8289,0,19.82750830564784,0.0,1
University,Swargate,12,30,4,1,1713,9664,0,20.309632224168126,0.0,0
University,Swargate,12,30,4,2,1535,9791,0,22.962605863192184,0.0,0
University,Swargate,13,30,4,0,1514,8439,0,20.066314398943195,0.0,1
University,Swargate,13,30,4,1,1724,9664,0,20.180046403712296,0.0,0
University,Swargate,13,30,4,2,1550,9791,0,22.740387096774192,0.0,0
University,Swargate,14,30,4,0,1510,8439,0,20.119470198675497,0.0,1
University,Swargate,14,30,4,1,1709,9722,0,20.47934464599181,0.0,0
University,Swargate,14,30,4,2,1572,9791,0,22.422137404580155,0.0,0
University,Swargate,15,30,4,0,1515,8439,0,20.05306930693069,0.0,1
University,Swargate,15,30,4,1,1701,9722,0,20.575661375661376,0.0,0
University,Swargate,15,30,4,2,1743,8505,0,17.566265060240966,0.0,0
University,Swargate,16,30,4,0,1532,8289,0,19.478067885117493,0.0,1
University,Swargate,16,30,4,1,1732,9661,0,20.080600461893763,0.0,0
University,Swargate,16,30,4,2,1767,8505,0,17.327674023769102,0.0,0
University,Swargate,17,30,4,0,1566,8289,0,19.055172413793102,0.0,1
University,Swargate,17,30,4,1,1776,9661,0,19.583108108108107,0.0,0
University,Swargate,17,30,4,2,1643,9791,0,21.45319537431528,0.0,0
University,Swargate,18,30,4,0,1576,8289,0,18.93426395939086,0.0,1
University,Swargate,18,30,4,1,1793,9205,0,18.481873954266593,0.0,0
University,Swargate,18,30,4,2,1611,9791,0,21.879329608938548,0.0,0
University,Swargate,19,30,4,0,1460,7766,0,19.14904109589041,0.0,1
University,Swargate,19,30,4,1,1691,9205,0,19.596688350088705,0.0,0
University,Swargate,19,30,4,2,1538,9791,0,22.917815344603383,0.0,0
University,Swargate,20,30,4,0,1313,7766,0,21.292916984006094,0.0,1
University,Swargate,20,30,4,1,1564,9205,0,21.187979539641944,0.0,0
University,Swargate,20,30,4,2,1456,9791,0,24.208516483516483,0.0,0
University,Swargate,21,30,4,0,1146,7766,0,24.395811518324606,0.0,1
University,Swargate,21,30,4,1,1368,9205,0,24.223684210526315,0.0,0
University,Swargate,21,30,4,2,1403,8461,0,21.710334996436206,0.0,0
University,Swargate,22,30,4,0,1095,7766,0,25.53205479452055,0.0,1
University,Swargate,22,30,4,1,1314,9205,0,25.21917808219178,0.0,0
University,Swargate,22,30,4,2,1350,8461,0,22.56266666666667,0.0,0
University,Swargate,23,30,4,0,1095,7766,0,25.53205479452055,0.0,1
University,Swargate,23,30,4,1,1314,9205,0,25.21917808219178,0.0,0
University,Swargate,23,30,4,2,1350,8461,0,22.56266666666667,0.0,0
University,Swargate,6,30,5,0,1119,7766,0,24.98445040214477,0.0,1
University,Swargate,6,30,5,1,1361,9205,0,24.348273328434974,0.0,0
University,Swargate,6,30,5,2,1390,8461,0,21.91338129496403,0.0,0
University,Swargate,7,30,5,0,1174,7766,0,23.813969335604767,0.0,1
University,Swargate,7,30,5,1,1483,9143,0,22.194740391099124,0.0,0
University,Swargate,7,30,5,2,1483,8322,0,20.201753202966955,0.0,0
University,Swargate,8,30,5,0,1261,7766,0,22.17097541633624,0.0,1
University,Swargate,8,30,5,1,1628,9143,0,20.21793611793612,0.0,0
University,Swargate,8,30,5,2,1600,8322,0,18.7245,0.0,0
University,Swargate,9,30,5,0,1340,7766,0,20.863880597014926,0.0,1
University,Swargate,9,30,5,1,1730,9143,0,19.025895953757228,0.0,0
University,Swargate,9,30,5,2,1693,8322,0,17.695924394565857,0.0,0
University,Swargate,10,30,5,0,1438,7766,0,19.44200278164117,0.0,1
University,Swargate,10,30,5,1,1853,9143,0,17.76297895304911,0.0,0
University,Swargate,10,30,5,2,1639,8289,0,18.20646735814521,0.0,0
University,Swargate,11,30,5,0,1538,7766,0,18.177893368010402,0.0,1
University,Swargate,11,30,5,1,1975,9143,0,16.66572151898734,0.0,0
University,Swargate,11,30,5,2,1707,8289,0,17.481195079086113,0.0,0
University,Swargate,12,30,5,0,1575,7766,0,17.750857142857143,0.0,1
University,Swargate,12,30,5,1,2004,9143,0,16.424550898203595,0.0,0
University,Swargate,12,30,5,2,1720,8289,0,17.349069767441858,0.0,0
University,Swargate,13,30,5,0,1563,7766,0,17.88714011516315,0.0,1
University,Swargate,13,30,5,1,1927,9703,0,18.127036844836535,0.0,0
University,Swargate,13,30,5,2,1724,8439,0,17.62204176334107,0.0,0
University,Swargate,14,30,5,0,1569,7766,0,17.818738049713193,0.0,1
University,Swargate,14,30,5,1,1863,9645,0,18.63768115942029,0.0,0
University,Swargate,14,30,5,2,1710,8439,0,17.766315789473683,0.0,0
University,Swargate,15,30,5,0,1589,7766,0,17.59446192573946,0.0,1
University,Swargate,15,30,5,1,1872,9602,0,18.465384615384615,0.0,0
University,Swargate,15,30,5,2,1703,8439,0,17.839342337052262,0.0,0
University,Swargate,16,30,5,0,1635,7766,0,17.099449541284404,0.0,1
University,Swargate,16,30,5,1,1978,9599,0,17.470374115267948,0.0,0
University,Swargate,16,30,5,2,1730,8439,0,17.56092485549133,0.0,0
University,Swargate,17,30,5,0,1680,7766,0,16.64142857142857,0.0,1
University,Swargate,17,30,5,1,2068,9143,0,15.916247582205031,0.0,0
University,Swargate,17,30,5,2,1759,8439,0,17.27140420693576,0.0,0
University,Swargate,18,30,5,0,1649,7766,0,16.954275318374773,0.0,1
University,Swargate,18,30,5,1,2033,9143,0,16.19026069847516,0.0,0
University,Swargate,18,30,5,2,1737,8289,0,17.179274611398963,0.0,0
University,Swargate,19,30,5,0,1501,7766,0,18.625982678214523,0.0,1
University,Swargate,19,30,5,1,1875,9143,0,17.55456,0.0,0
University,Swargate,19,30,5,2,1782,8322,0,16.81212121212121,0.0,0
University,Swargate,20,30,5,0,1333,7766,0,20.97344336084021,0.0,1
University,Swargate,20,30,5,1,1649,9143,0,19.960460885385082,0.0,0
University,Swargate,20,30,5,2,1625,8322,0,18.436430769230768,0.0,0
University,Swargate,21,30,5,0,1147,7766,0,24.374542284219704,0.0,1
University,Swargate,21,30,5,1,1379,9205,0,24.03045685279188,0.0,0
University,Swargate,21,30,5,2,1408,8461,0,21.633238636363636,0.0,0
University,Swargate,22,30,5,0,1095,7766,0,25.53205479452055,0.0,1
University,Swargate,22,30,5,1,1314,9205,0,25.21917808219178,0.0,0
University,Swargate,22,30,5,2,1350,8461,0,22.56266666666667,0.0,0
University,Swargate,23,30,5,0,1095,7766,0,25.53205479452055,0.0,1
University,Swargate,23,30,5,1,1314,9205,0,25.21917808219178,0.0,0
University,Swargate,23,30,5,2,1350,8461,0,22.56266666666667,0.0,0
University,Swargate,6,30,6,0,1119,7766,0,24.98445040214477,0.0,1
University,Swargate,6,30,6,1,1360,9205,0,24.366176470588236,0.0,0
University,Swargate,6,30,6,2,1391,8461,0,21.89762760603882,0.0,0
University,Swargate,7,30,6,0,1179,7766,0,23.71297709923664,0.0,1
University,Swargate,7,30,6,1,1484,9205,0,22.330188679245285,0.0,0
University,Swargate,7,30,6,2,1489,8461,0,20.456413700470115,0.0,0
University,Swargate,8,30,6,0,1276,7766,0,21.910344827586208,0.0,1
University,Swargate,8,30,6,1,1647,9143,0,19.98469945355191,0.0,0
University,Swargate,8,30,6,2,1613,8322,0,18.573589584624923,0.0,0
University,Swargate,9,30,6,0,1373,7766,0,20.36241806263656,0.0,1
University,Swargate,9,30,6,1,1764,9143,0,18.65918367346939,0.0,0
University,Swargate,9,30,6,2,1722,8322,0,17.397909407665505,0.0,0
University,Swargate,10,30,6,0,1492,7766,0,18.73833780160858,0.0,1
University,Swargate,10,30,6,1,1907,9143,0,17.259989512323024,0.0,0
University,Swargate,10,30,6,2,1848,8322,0,16.21168831168831,0.0,0
University,Swargate,11,30,6,0,1604,7766,0,17.42992518703242,0.0,1
University,Swargate,11,30,6,1,2035,9143,0,16.174348894348896,0.0,0
University,Swargate,11,30,6,2,1797,8439,0,16.90617696160267,0.0,0
University,Swargate,12,30,6,0,1632,7766,0,17.13088235294118,0.0,1
University,Swargate,12,30,6,1,2027,9637,0,17.115540207202763,0.0,0
University,Swargate,12,30,6,2,1805,8439,0,16.831246537396122,0.0,0
University,Swargate,13,30,6,0,1619,7766,0,17.268437306979617,0.0,1
University,Swargate,13,30,6,1,1943,9703,0,17.97776634071024,0.0,0
University,Swargate,13,30,6,2,1773,8439,0,17.135025380710662,0.0,0
University,Swargate,14,30,6,0,1632,7766,0,17.13088235294118,0.0,1
University,Swargate,14,30,6,1,1875,9645,0,18.518399999999996,0.0,0
University,Swargate,14,30,6,2,1750,8439,0,17.36022857142857,0.0,0
University,Swargate,15,30,6,0,1657,7766,0,16.872420036210016,0.0,1
University,Swargate,15,30,6,1,1879,9602,0,18.396593932943055,0.0,0
University,Swargate,15,30,6,2,1749,8439,0,17.37015437392796,0.0,0
University,Swargate,16,30,6,0,1696,7766,0,16.484433962264152,0.0,1
University,Swargate,16,30,6,1,1981,9583,0,17.414840989399295,0.0,0
University,Swargate,16,30,6,2,1782,8439,0,17.048484848484847,0.0,0
University,Swargate,17,30,6,0,1727,7766,0,16.188535031847135,0.0,1
University,Swargate,17,30,6,1,2068,9143,0,15.916247582205031,0.0,0
University,Swargate,17,30,6,2,1813,8439,0,16.756977385548815,0.0,0
University,Swargate,18,30,6,0,1682,7766,0,16.62164090368609,0.0,1
University,Swargate,18,30,6,1,2039,9143,0,16.142618930848453,0.0,0
University,Swargate,18,30,6,2,1935,8322,0,15.482790697674417,0.0,0
University,Swargate,19,30,6,0,1523,7766,0,18.35692711753119,0.0,1
University,Swargate,19,30,6,1,1891,9143,0,17.40602855631941,0.0,0
University,Swargate,19,30,6,2,1794,8322,0,16.699665551839463,0.0,0
University,Swargate,20,30,6,0,1342,7766,0,20.832786885245902,0.0,1
University,Swargate,20,30,6,1,1660,9143,0,19.82819277108434,0.0,0
University,Swargate,20,30,6,2,1628,8461,0,18.70982800982801,0.0,0
University,Swargate,21,30,6,0,1149,7766,0,24.332114882506527,0.0,1
University,Swargate,21,30,6,1,1380,9205,0,24.01304347826087,0.0,0
University,Swargate,21,30,6,2,1407,8461,0,21.64861407249467,0.0,0
University,Swargate,22,30,6,0,1095,7766,0,25.53205479452055,0.0,1
University,Swargate,22,30,6,1,1314,9205,0,25.21917808219178,0.0,0
University,Swargate,22,30,6,2,1350,8461,0,22.56266666666667,0.0,0
University,Swargate,23,30,6,0,1095,7766,0,25.53205479452055,0.0,1
University,Swargate,23,30,6,1,1314,9205,0,25.21917808219178,0.0,0
University,Swargate,23,30,6,2,1350,8461,0,22.56266666666667,0.0,0
University,Swargate,6,30,0,0,1117,7766,0,25.02918531781558,0.0,1
University,Swargate,6,30,0,1,1359,9205,0,24.3841059602649,0.0,0
University,Swargate,6,30,0,2,1388,8461,0,21.944956772334297,0.0,0
University,Swargate,7,30,0,0,1183,7766,0,23.632797971259507,0.0,1
University,Swargate,7,30,0,1,1487,9205,0,22.285137861466037,0.0,0
University,Swargate,7,30,0,2,1488,8461,0,20.470161290322583,0.0,0
University,Swargate,8,30,0,0,1289,7766,0,21.689371605896042,0.0,1
University,Swargate,8,30,0,1,1656,9143,0,19.87608695652174,0.0,0
University,Swargate,8,30,0,2,1617,8322,0,18.52764378478664,0.0,0
University,Swargate,9,30,0,0,1367,7766,0,20.45179224579371,0.0,1
University,Swargate,9,30,0,1,1761,9143,0,18.690971039182283,0.0,0
University,Swargate,9,30,0,2,1707,8322,0,17.55079086115993,0.0,0
University,Swargate,10,30,0,0,1468,7766,0,19.04468664850136,0.0,1
University,Swargate,10,30,0,1,1888,9205,0,17.551906779661014,0.0,0
University,Swargate,10,30,0,2,1814,8322,0,16.515545755237042,0.0,0
University,Swargate,11,30,0,0,1580,7766,0,17.694683544303796,0.0,1
University,Swargate,11,30,0,1,2012,9143,0,16.35924453280318,0.0,0
University,Swargate,11,30,0,2,1739,8289,0,17.159516963772283,0.0,0
University,Swargate,12,30,0,0,1623,7766,0,17.22587800369686,0.0,1
University,Swargate,12,30,0,1,2017,9637,0,17.20039662865642,0.0,0
University,Swargate,12,30,0,2,1758,8289,0,16.974061433447098,0.0,0
University,Swargate,13,30,0,0,1608,7766,0,17.386567164179105,0.0,1
University,Swargate,13,30,0,1,1937,9703,0,18.03345379452762,0.0,0
University,Swargate,13,30,0,2,1734,8289,0,17.208996539792388,0.0,0
University,Swargate,14,30,0,0,1612,7766,0,17.343424317617867,0.0,1
University,Swargate,14,30,0,1,1863,9645,0,18.63768115942029,0.0,0
University,Swargate,14,30,0,2,1734,8439,0,17.520415224913496,0.0,0
University,Swargate,15,30,0,0,1645,7766,0,16.99550151975684,0.0,1
University,Swargate,15,30,0,1,1879,9602,0,18.396593932943055,0.0,0
University,Swargate,15,30,0,2,1745,8439,0,17.40997134670487,0.0,0
University,Swargate,16,30,0,0,1705,7766,0,16.39741935483871,0.0,1
University,Swargate,16,30,0,1,1997,9599,0,17.304156234351527,0.0,0
University,Swargate,16,30,0,2,1792,8439,0,16.953348214285715,0.0,0
University,Swargate,17,30,0,0,1767,7766,0,15.82207130730051,0.0,1
University,Swargate,17,30,0,1,2089,9651,0,16.631689803733842,0.0,0
University,Swargate,17,30,0,2,2008,8322,0,14.919920318725097,0.0,0
University,Swargate,18,30,0,0,1739,7766,0,16.076825761932145,0.0,1
University,Swargate,18,30,0,1,2066,9143,0,15.931655372700872,0.0,0
University,Swargate,18,30,0,2,1960,8322,0,15.28530612244898,0.0,0
University,Swargate,19,30,0,0,1574,7766,0,17.762134688691233,0.0,1
University,Swargate,19,30,0,1,1910,9143,0,17.232879581151835,0.0,0
University,Swargate,19,30,0,2,1820,8322,0,16.4610989010989,0.0,0
University,Swargate,20,30,0,0,1369,7766,0,20.42191380569759,0.0,1
University,Swargate,20,30,0,1,1660,9205,0,19.96265060240964,0.0,0
University,Swargate,20,30,0,2,1642,8461,0,18.550304506699145,0.0,0
University,Swargate,21,30,0,0,1154,7766,0,24.22668977469671,0.0,1
University,Swargate,21,30,0,1,1380,9205,0,24.01304347826087,0.0,0
University,Swargate,21,30,0,2,1410,8461,0,21.602553191489363,0.0,0
University,Swargate,22,30,0,0,1095,7766,0,25.53205479452055,0.0,1
University,Swargate,22,30,0,1,1314,9205,0,25.21917808219178,0.0,0
University,Swargate,22,30,0,2,1350,8461,0,22.56266666666667,0.0,0
University,Swargate,23,30,0,0,1095,7766,0,25.53205479452055,0.0,1
University,Swargate,23,30,0,1,1314,9205,0,25.21917808219178,0.0,0
University,Swargate,23,30,0,2,1350,8461,0,22.56266666666667,0.0,0
University,Swargate,6,30,1,0,1121,7766,0,24.939875111507583,0.0,1
University,Swargate,6,30,1,1,1359,9205,0,24.3841059602649,0.0,0
University,Swargate,6,30,1,2,1388,8461,0,21.944956772334297,0.0,0
University,Swargate,7,30,1,0,1191,7766,0,23.47405541561713,0.0,1
University,Swargate,7,30,1,1,1485,9205,0,22.315151515151516,0.0,0
University,Swargate,7,30,1,2,1489,8322,0,20.120349227669575,0.0,0
University,Swargate,8,30,1,0,1279,7766,0,21.858952306489442,0.0,1
University,Swargate,8,30,1,1,1644,9205,0,20.156934306569344,0.0,0
University,Swargate,8,30,1,2,1605,8322,0,18.666168224299064,0.0,0
University,Swargate,9,30,1,0,1350,7766,0,20.709333333333333,0.0,1
University,Swargate,9,30,1,1,1756,9143,0,18.744191343963557,0.0,0
University,Swargate,9,30,1,2,1564,8289,0,19.079539641943732,0.0,0
University,Swargate,10,30,1,0,1458,7766,0,19.175308641975306,0.0,1
University,Swargate,10,30,1,1,1897,9143,0,17.350975224037956,0.0,0
University,Swargate,10,30,1,2,1645,8289,0,18.140060790273555,0.0,0
University,Swargate,11,30,1,0,1592,7766,0,17.561306532663316,0.0,1
University,Swargate,11,30,1,1,2029,9642,0,17.107540660423854,0.0,0
University,Swargate,11,30,1,2,1749,8439,0,17.37015437392796,0.0,0
University,Swargate,12,30,1,0,1655,7766,0,16.892809667673717,0.0,1
University,Swargate,12,30,1,1,2029,9642,0,17.107540660423854,0.0,0
University,Swargate,12,30,1,2,1783,8439,0,17.03892316320808,0.0,0
University,Swargate,13,30,1,0,1672,7766,0,16.72105263157895,0.0,1
University,Swargate,13,30,1,1,1945,9765,0,18.074035989717224,0.0,0
University,Swargate,13,30,1,2,1778,8439,0,17.08683914510686,0.0,0
University,Swargate,14,30,1,0,1710,7766,0,16.349473684210526,0.0,1
University,Swargate,14,30,1,1,1879,9703,0,18.590101117615752,0.0,0
University,Swargate,14,30,1,2,1762,8439,0,17.24199772985244,0.0,0
University,Swargate,15,30,1,0,1753,8439,0,17.330519110096976,0.0,1
University,Swargate,15,30,1,1,1883,9602,0,18.35751460435475,0.0,0
University,Swargate,15,30,1,2,1761,7766,0,15.875979557069845,0.0,0
University,Swargate,16,30,1,0,1768,8289,0,16.87805429864253,0.0,1
University,Swargate,16,30,1,1,1984,9599,0,17.417540322580646,0.0,0
University,Swargate,16,30,1,2,1963,8322,0,15.261946001018847,0.0,0
University,Swargate,17,30,1,0,1792,8289,0,16.65200892857143,0.0,1
University,Swargate,17,30,1,1,2073,9143,0,15.877858176555717,0.0,0
University,Swargate,17,30,1,2,1830,7766,0,15.277377049180329,0.0,0
University,Swargate,18,30,1,0,1741,7766,0,16.058357265939115,0.0,1
University,Swargate,18,30,1,1,2048,9143,0,16.0716796875,0.0,0
University,Swargate,18,30,1,2,1777,8289,0,16.792571750140684,0.0,0
University,Swargate,19,30,1,0,1549,7766,0,18.04880568108457,0.0,1
University,Swargate,19,30,1,1,1901,9143,0,17.31446607048922,0.0,0
University,Swargate,19,30,1,2,1802,8322,0,16.625527192008878,0.0,0
University,Swargate,20,30,1,0,1363,7766,0,20.511812179016875,0.0,1
University,Swargate,20,30,1,1,1660,9205,0,19.96265060240964,0.0,0
University,Swargate,20,30,1,2,1631,8322,0,18.368608215818515,0.0,0
University,Swargate,21,30,1,0,1154,7766,0,24.22668977469671,0.0,1
University,Swargate,21,30,1,1,1380,9205,0,24.01304347826087,0.0,0
University,Swargate,21,30,1,2,1410,8461,0,21.602553191489363,0.0,0
University,Swargate,22,30,1,0,1095,7766,0,25.53205479452055,0.0,1
University,Swargate,22,30,1,1,1314,9205,0,25.21917808219178,0.0,0
University,Swargate,22,30,1,2,1350,8461,0,22.56266666666667,0.0,0
University,Swargate,23,30,1,0,1095,7766,0,25.53205479452055,0.0,1
University,Swargate,23,30,1,1,1314,9205,0,25.21917808219178,0.0,0
University,Swargate,23,30,1,2,1350,8461,0,22.56266666666667,0.0,0
University,Swargate,6,30,2,0,1119,7766,0,24.98445040214477,0.0,1
University,Swargate,6,30,2,1,1358,9205,0,24.4020618556701,0.0,0
University,Swargate,6,30,2,2,1386,8461,0,21.976623376623376,0.0,0
University,Swargate,7,30,2,0,1181,7766,0,23.67281964436918,0.0,1
University,Swargate,7,30,2,1,1478,9205,0,22.42083897158322,0.0,0
University,Swargate,7,30,2,2,1481,8461,0,20.566914247130317,0.0,0
University,Swargate,8,30,2,0,1267,7766,0,22.06598263614838,0.0,1
University,Swargate,8,30,2,1,1635,9143,0,20.13137614678899,0.0,0
University,Swargate,8,30,2,2,1601,8322,0,18.712804497189254,0.0,0
University,Swargate,9,30,2,0,1339,7766,0,20.879462285287527,0.0,1
University,Swargate,9,30,2,1,1740,9143,0,18.916551724137932,0.0,0
University,Swargate,9,30,2,2,1695,8322,0,17.67504424778761,0.0,0
University,Swargate,10,30,2,0,1436,7766,0,19.46908077994429,0.0,1
University,Swargate,10,30,2,1,1868,9143,0,17.6203426124197,0.0,0
University,Swargate,10,30,2,2,1639,8289,0,18.20646735814521,0.0,0
University,Swargate,11,30,2,0,1549,7766,0,18.04880568108457,0.0,1
University,Swargate,11,30,2,1,1997,9143,0,16.482123184777166,0.0,0
University,Swargate,11,30,2,2,1717,8289,0,17.379382644146766,0.0,0
University,Swargate,12,30,2,0,1598,7766,0,17.495369211514394,0.0,1
University,Swargate,12,30,2,1,2009,9637,0,17.268889995022402,0.0,0
University,Swargate,12,30,2,2,1738,8289,0,17.16939010356732,0.0,0
University,Swargate,13,30,2,0,1604,7766,0,17.42992518703242,0.0,1
University,Swargate,13,30,2,1,1938,9703,0,18.024148606811146,0.0,0
University,Swargate,13,30,2,2,1737,8289,0,17.179274611398963,0.0,0
University,Swargate,14,30,2,0,1638,7766,0,17.068131868131868,0.0,1
University,Swargate,14,30,2,1,1872,9703,0,18.659615384615382,0.0,0
University,Swargate,14,30,2,2,1754,8439,0,17.320638540478907,0.0,0
University,Swargate,15,30,2,0,1686,7766,0,16.58220640569395,0.0,1
University,Swargate,15,30,2,1,1886,9602,0,18.328313891834572,0.0,0
University,Swargate,15,30,2,2,1758,8439,0,17.281228668941978,0.0,0
University,Swargate,16,30,2,0,1747,7766,0,16.003205495134516,0.0,1
University,Swargate,16,30,2,1,2000,9656,0,17.3808,0.0,0
University,Swargate,16,30,2,2,1798,8439,0,16.896774193548385,0.0,0
University,Swargate,17,30,2,0,1804,7766,0,15.497560975609758,0.0,1
University,Swargate,17,30,2,1,2105,9651,0,16.505273159144892,0.0,0
University,Swargate,17,30,2,2,2012,8322,0,14.890258449304174,0.0,0
University,Swargate,18,30,2,0,1754,7766,0,15.939338654503992,0.0,1
University,Swargate,18,30,2,1,2115,9143,0,15.562553191489362,0.0,0
University,Swargate,18,30,2,2,1956,8322,0,15.316564417177913,0.0,0
University,Swargate,19,30,2,0,1565,7766,0,17.864281150159744,0.0,1
University,Swargate,19,30,2,1,1932,9143,0,17.036645962732923,0.0,0
University,Swargate,19,30,2,2,1819,8322,0,16.470148433205054,0.0,0
University,Swargate,20,30,2,0,1359,7766,0,20.572185430463577,0.0,1
University,Swargate,20,30,2,1,1674,9143,0,19.66236559139785,0.0,0
University,Swargate,20,30,2,2,1648,8322,0,18.17912621359223,0.0,0
University,Swargate,21,30,2,0,1152,7766,0,24.26875,0.0,1
University,Swargate,21,30,2,1,1386,9143,0,23.74805194805195,0.0,0
University,Swargate,21,30,2,2,1412,8461,0,21.57195467422096,0.0,0
University,Swargate,22,30,2,0,1095,7766,0,25.53205479452055,0.0,1
University,Swargate,22,30,2,1,1314,9205,0,25.21917808219178,0.0,0
University,Swargate,22,30,2,2,1350,8461,0,22.56266666666667,0.0,0
University,Swargate,23,30,2,0,1095,7766,0,25.53205479452055,0.0,1
University,Swargate,23,30,2,1,1314,9205,0,25.21917808219178,0.0,0
University,Swargate,23,30,2,2,1350,8461,0,22.56266666666667,0.0,0
University,Swargate,6,30,3,0,1118,7766,0,25.006797853309482,0.0,1
University,Swargate,6,30,3,1,1361,9205,0,24.348273328434974,0.0,0
University,Swargate,6,30,3,2,1389,8461,0,21.92915766738661,0.0,0
University,Swargate,7,30,3,0,1175,7766,0,23.793702127659575,0.0,1
University,Swargate,7,30,3,1,1464,9205,0,22.635245901639344,0.0,0
University,Swargate,7,30,3,2,1478,8461,0,20.608660351826792,0.0,0
University,Swargate,8,30,3,0,1262,7766,0,22.153407290015846,0.0,1
University,Swargate,8,30,3,1,1592,9143,0,20.675125628140705,0.0,0
University,Swargate,8,30,3,2,1480,9791,0,23.81594594594595,0.0,0
University,Swargate,9,30,3,0,1352,7766,0,20.678698224852074,0.0,1
University,Swargate,9,30,3,1,1703,9143,0,19.327539635936585,0.0,0
University,Swargate,9,30,3,2,1525,8289,0,19.567475409836064,0.0,0
University,Swargate,10,30,3,0,1489,7766,0,18.776091336467427,0.0,1
University,Swargate,10,30,3,1,1850,9143,0,17.791783783783785,0.0,0
University,Swargate,10,30,3,2,1608,8289,0,18.557462686567163,0.0,0
University,Swargate,11,30,3,0,1669,7766,0,16.75110844817256,0.0,1
University,Swargate,11,30,3,1,2013,9637,0,17.234575260804768,0.0,0
University,Swargate,11,30,3,2,1719,8439,0,17.673298429319374,0.0,0
University,Swargate,12,30,3,0,1757,7766,0,15.912122936824131,0.0,1
University,Swargate,12,30,3,1,2048,9637,0,16.940039062500002,0.0,0
University,Swargate,12,30,3,2,1770,8439,0,17.16406779661017,0.0,0
University,Swargate,13,30,3,0,1781,8289,0,16.754856822010105,0.0,1
University,Swargate,13,30,3,1,2042,9703,0,17.10617042115573,0.0,0
University,Swargate,13,30,3,2,1818,7766,0,15.378217821782178,0.0,0
University,Swargate,14,30,3,0,1813,8439,0,16.756977385548815,0.0,1
University,Swargate,14,30,3,1,2031,9699,0,17.1917282127031,0.0,0
University,Swargate,14,30,3,2,2064,8592,0,14.986046511627908,0.0,0
University,Swargate,15,30,3,0,1821,8439,0,16.683360790774298,0.0,1
University,Swargate,15,30,3,1,2038,9699,0,17.13267909715407,0.0,0
University,Swargate,15,30,3,2,2085,8592,0,14.835107913669065,0.0,0
University,Swargate,16,30,3,0,1828,8289,0,16.324070021881838,0.0,1
University,Swargate,16,30,3,1,2075,9694,0,16.81850602409639,0.0,0
University,Swargate,16,30,3,2,2113,8592,0,14.63852342640795,0.0,0
University,Swargate,17,30,3,0,1836,8289,0,16.25294117647059,0.0,1
University,Swargate,17,30,3,1,2114,9651,0,16.43500473036897,0.0,0
University,Swargate,17,30,3,2,2121,8500,0,14.427157001414429,0.0,0
University,Swargate,18,30,3,0,1795,8289,0,16.6241782729805,0.0,1
University,Swargate,18,30,3,1,2090,9651,0,16.623732057416266,0.0,0
University,Swargate,18,30,3,2,1816,7766,0,15.395154185022026,0.0,0
University,Swargate,19,30,3,0,1578,7766,0,17.717110266159693,0.0,1
University,Swargate,19,30,3,1,1889,9143,0,17.424457384859718,0.0,0
University,Swargate,19,30,3,2,1836,8322,0,16.31764705882353,0.0,0
University,Swargate,20,30,3,0,1386,7766,0,20.17142857142857,0.0,1
University,Swargate,20,30,3,1,1666,9143,0,19.756782713085236,0.0,0
University,Swargate,20,30,3,2,1658,8322,0,18.069481302774424,0.0,0
University,Swargate,21,30,3,0,1161,7766,0,24.08062015503876,0.0,1
University,Swargate,21,30,3,1,1384,9205,0,23.94364161849711,0.0,0
University,Swargate,21,30,3,2,1415,8461,0,21.526219081272085,0.0,0
University,Swargate,22,30,3,0,1095,7766,0,25.53205479452055,0.0,1
University,Swargate,22,30,3,1,1314,9205,0,25.21917808219178,0.0,0
University,Swargate,22,30,3,2,1350,8461,0,22.56266666666667,0.0,0
University,Swargate,23,30,3,0,1095,7766,0,25.53205479452055,0.0,1
University,Swargate,23,30,3,1,1314,9205,0,25.21917808219178,0.0,0
University,Swargate,23,30,3,2,1350,8461,0,22.56266666666667,0.0,0
University,Swargate,6,30,4,0,1118,7766,0,25.006797853309482,0.0,1
University,Swargate,6,30,4,1,1350,9205,0,24.546666666666667,0.0,0
University,Swargate,6,30,4,2,1378,8461,0,22.10420899854862,0.0,0
University,Swargate,7,30,4,0,1183,7766,0,23.632797971259507,0.0,1
University,Swargate,7,30,4,1,1418,9205,0,23.36953455571227,0.0,0
University,Swargate,7,30,4,2,1442,8461,0,21.123162274618586,0.0,0
University,Swargate,8,30,4,0,1249,7766,0,22.383987189751803,0.0,1
University,Swargate,8,30,4,1,1466,9366,0,22.999727148703958,0.0,0
University,Swargate,8,30,4,2,1502,8484,0,20.334487350199733,0.0,0
University,Swargate,9,30,4,0,1300,7766,0,21.505846153846154,0.0,1
University,Swargate,9,30,4,1,1503,9366,0,22.433532934131737,0.0,0
University,Swargate,9,30,4,2,1431,9791,0,24.631446540880503,0.0,0
University,Swargate,10,30,4,0,1400,7766,0,19.969714285714286,0.0,1
University,Swargate,10,30,4,1,1582,9205,0,20.946902654867255,0.0,0
University,Swargate,10,30,4,2,1470,9791,0,23.97795918367347,0.0,0
University,Swargate,11,30,4,0,1499,8289,0,19.906871247498334,0.0,1
University,Swargate,11,30,4,1,1677,9205,0,19.760286225402506,0.0,0
University,Swargate,11,30,4,2,1519,9791,0,23.204476629361423,0.0,0
University,Swargate,12,30,4,0,1505,8289,0,19.82750830564784,0.0,1
University,Swargate,12,30,4,1,1713,9664,0,20.309632224168126,0.0,0
University,Swargate,12,30,4,2,1535,9791,0,22.962605863192184,0.0,0
University,Swargate,13,30,4,0,1514,8439,0,20.066314398943195,0.0,1
University,Swargate,13,30,4,1,1724,9664,0,20.180046403712296,0.0,0
University,Swargate,13,30,4,2,1550,9791,0,22.740387096774192,0.0,0
University,Swargate,14,30,4,0,1510,8439,0,20.119470198675497,0.0,1
University,Swargate,14,30,4,1,1709,9722,0,20.47934464599181,0.0,0
University,Swargate,14,30,4,2,1572,9791,0,22.422137404580155,0.0,0
University,Swargate,15,30,4,0,1515,8439,0,20.05306930693069,0.0,1
University,Swargate,15,30,4,1,1701,9722,0,20.575661375661376,0.0,0
University,Swargate,15,30,4,2,1743,8505,0,17.566265060240966,0.0,0
University,Swargate,16,30,4,0,1532,8289,0,19.478067885117493,0.0,1
University,Swargate,16,30,4,1,1732,9661,0,20.080600461893763,0.0,0
University,Swargate,16,30,4,2,1767,8505,0,17.327674023769102,0.0,0
University,Swargate,17,30,4,0,1566,8289,0,19.055172413793102,0.0,1
University,Swargate,17,30,4,1,1776,9661,0,19.583108108108107,0.0,0
University,Swargate,17,30,4,2,1643,9791,0,21.45319537431528,0.0,0
University,Swargate,18,30,4,0,1576,8289,0,18.93426395939086,0.0,1
University,Swargate,18,30,4,1,1793,9205,0,18.481873954266593,0.0,0
University,Swargate,18,30,4,2,1611,9791,0,21.879329608938548,0.0,0
University,Swargate,19,30,4,0,1460,7766,0,19.14904109589041,0.0,1
University,Swargate,19,30,4,1,1691,9205,0,19.596688350088705,0.0,0
University,Swargate,19,30,4,2,1538,9791,0,22.917815344603383,0.0,0
University,Swargate,20,30,4,0,1313,7766,0,21.292916984006094,0.0,1
University,Swargate,20,30,4,1,1564,9205,0,21.187979539641944,0.0,0
University,Swargate,20,30,4,2,1456,9791,0,24.208516483516483,0.0,0
University,Swargate,21,30,4,0,1146,7766,0,24.395811518324606,0.0,1
University,Swargate,21,30,4,1,1368,9205,0,24.223684210526315,0.0,0
University,Swargate,21,30,4,2,1403,8461,0,21.710334996436206,0.0,0
University,Swargate,22,30,4,0,1095,7766,0,25.53205479452055,0.0,1
University,Swargate,22,30,4,1,1314,9205,0,25.21917808219178,0.0,0
University,Swargate,22,30,4,2,1350,8461,0,22.56266666666667,0.0,0
University,Swargate,23,30,4,0,1095,7766,0,25.53205479452055,0.0,1
University,Swargate,23,30,4,1,1314,9205,0,25.21917808219178,0.0,0
University,Swargate,23,30,4,2,1350,8461,0,22.56266666666667,0.0,0
University,Swargate,6,30,5,0,1119,7766,0,24.98445040214477,0.0,1
University,Swargate,6,30,5,1,1361,9205,0,24.348273328434974,0.0,0
University,Swargate,6,30,5,2,1390,8461,0,21.91338129496403,0.0,0
University,Swargate,7,30,5,0,1174,7766,0,23.813969335604767,0.0,1
University,Swargate,7,30,5,1,1483,9143,0,22.194740391099124,0.0,0
University,Swargate,7,30,5,2,1483,8322,0,20.201753202966955,0.0,0
University,Swargate,8,30,5,0,1261,7766,0,22.17097541633624,0.0,1
University,Swargate,8,30,5,1,1628,9143,0,20.21793611793612,0.0,0
University,Swargate,8,30,5,2,1600,8322,0,18.7245,0.0,0
University,Swargate,9,30,5,0,1340,7766,0,20.863880597014926,0.0,1
University,Swargate,9,30,5,1,1730,9143,0,19.025895953757228,0.0,0
University,Swargate,9,30,5,2,1693,8322,0,17.695924394565857,0.0,0
University,Swargate,10,30,5,0,1438,7766,0,19.44200278164117,0.0,1
University,Swargate,10,30,5,1,1853,9143,0,17.76297895304911,0.0,0
University,Swargate,10,30,5,2,1639,8289,0,18.20646735814521,0.0,0
University,Swargate,11,30,5,0,1538,7766,0,18.177893368010402,0.0,1
University,Swargate,11,30,5,1,1975,9143,0,16.66572151898734,0.0,0
University,Swargate,11,30,5,2,1707,8289,0,17.481195079086113,0.0,0
University,Swargate,12,30,5,0,1575,7766,0,17.750857142857143,0.0,1
University,Swargate,12,30,5,1,2004,9143,0,16.424550898203595,0.0,0
University,Swargate,12,30,5,2,1720,8289,0,17.349069767441858,0.0,0
University,Swargate,13,30,5,0,1563,7766,0,17.88714011516315,0.0,1
University,Swargate,13,30,5,1,1927,9703,0,18.127036844836535,0.0,0
University,Swargate,13,30,5,2,1724,8439,0,17.62204176334107,0.0,0
University,Swargate,14,30,5,0,1569,7766,0,17.818738049713193,0.0,1
University,Swargate,14,30,5,1,1863,9645,0,18.63768115942029,0.0,0
University,Swargate,14,30,5,2,1710,8439,0,17.766315789473683,0.0,0
University,Swargate,15,30,5,0,1589,7766,0,17.59446192573946,0.0,1
University,Swargate,15,30,5,1,1872,9602,0,18.465384615384615,0.0,0
University,Swargate,15,30,5,2,1703,8439,0,17.839342337052262,0.0,0
University,Swargate,16,30,5,0,1635,7766,0,17.099449541284404,0.0,1
University,Swargate,16,30,5,1,1978,9599,0,17.470374115267948,0.0,0
University,Swargate,16,30,5,2,1730,8439,0,17.56092485549133,0.0,0
University,Swargate,17,30,5,0,1680,7766,0,16.64142857142857,0.0,1
University,Swargate,17,30,5,1,2068,9143,0,15.916247582205031,0.0,0
University,Swargate,17,30,5,2,1759,8439,0,17.27140420693576,0.0,0
University,Swargate,18,30,5,0,1649,7766,0,16.954275318374773,0.0,1
University,Swargate,18,30,5,1,2033,9143,0,16.19026069847516,0.0,0
University,Swargate,18,30,5,2,1737,8289,0,17.179274611398963,0.0,0
University,Swargate,19,30,5,0,1501,7766,0,18.625982678214523,0.0,1
University,Swargate,19,30,5,1,1875,9143,0,17.55456,0.0,0
University,Swargate,19,30,5,2,1782,8322,0,16.81212121212121,0.0,0
University,Swargate,20,30,5,0,1333,7766,0,20.97344336084021,0.0,1
University,Swargate,20,30,5,1,1649,9143,0,19.960460885385082,0.0,0
University,Swargate,20,30,5,2,1625,8322,0,18.436430769230768,0.0,0
University,Swargate,21,30,5,0,1147,7766,0,24.374542284219704,0.0,1
University,Swargate,21,30,5,1,1379,9205,0,24.03045685279188,0.0,0
University,Swargate,21,30,5,2,1408,8461,0,21.633238636363636,0.0,0
University,Swargate,22,30,5,0,1095,7766,0,25.53205479452055,0.0,1
University,Swargate,22,30,5,1,1314,9205,0,25.21917808219178,0.0,0
University,Swargate,22,30,5,2,1350,8461,0,22.56266666666667,0.0,0
University,Swargate,23,30,5,0,1095,7766,0,25.53205479452055,0.0,1
University,Swargate,23,30,5,1,1314,9205,0,25.21917808219178,0.0,0
University,Swargate,23,30,5,2,1350,8461,0,22.56266666666667,0.0,0
University,Swargate,6,30,6,0,1119,7766,0,24.98445040214477,0.0,1
University,Swargate,6,30,6,1,1360,9205,0,24.366176470588236,0.0,0
University,Swargate,6,30,6,2,1391,8461,0,21.89762760603882,0.0,0
University,Swargate,7,30,6,0,1179,7766,0,23.71297709923664,0.0,1
University,Swargate,7,30,6,1,1484,9205,0,22.330188679245285,0.0,0
University,Swargate,7,30,6,2,1489,8461,0,20.456413700470115,0.0,0
University,Swargate,8,30,6,0,1276,7766,0,21.910344827586208,0.0,1
University,Swargate,8,30,6,1,1647,9143,0,19.98469945355191,0.0,0
University,Swargate,8,30,6,2,1613,8322,0,18.573589584624923,0.0,0
University,Swargate,9,30,6,0,1373,7766,0,20.36241806263656,0.0,1
University,Swargate,9,30,6,1,1764,9143,0,18.65918367346939,0.0,0
University,Swargate,9,30,6,2,1722,8322,0,17.397909407665505,0.0,0
University,Swargate,10,30,6,0,1492,7766,0,18.73833780160858,0.0,1
University,Swargate,10,30,6,1,1907,9143,0,17.259989512323024,0.0,0
University,Swargate,10,30,6,2,1848,8322,0,16.21168831168831,0.0,0
University,Swargate,11,30,6,0,1604,7766,0,17.42992518703242,0.0,1
University,Swargate,11,30,6,1,2035,9143,0,16.174348894348896,0.0,0
University,Swargate,11,30,6,2,1797,8439,0,16.90617696160267,0.0,0
University,Swargate,12,30,6,0,1632,7766,0,17.13088235294118,0.0,1
University,Swargate,12,30,6,1,2027,9637,0,17.115540207202763,0.0,0
University,Swargate,12,30,6,2,1805,8439,0,16.831246537396122,0.0,0
University,Swargate,13,30,6,0,1619,7766,0,17.268437306979617,0.0,1
University,Swargate,13,30,6,1,1943,9703,0,17.97776634071024,0.0,0
University,Swargate,13,30,6,2,1773,8439,0,17.135025380710662,0.0,0
University,Swargate,14,30,6,0,1632,7766,0,17.13088235294118,0.0,1
University,Swargate,14,30,6,1,1875,9645,0,18.518399999999996,0.0,0
University,Swargate,14,30,6,2,1750,8439,0,17.36022857142857,0.0,0
University,Swargate,15,30,6,0,1657,7766,0,16.872420036210016,0.0,1
University,Swargate,15,30,6,1,1879,9602,0,18.396593932943055,0.0,0
University,Swargate,15,30,6,2,1749,8439,0,17.37015437392796,0.0,0
University,Swargate,16,30,6,0,1696,7766,0,16.484433962264152,0.0,1
University,Swargate,16,30,6,1,1981,9583,0,17.414840989399295,0.0,0
University,Swargate,16,30,6,2,1782,8439,0,17.048484848484847,0.0,0
University,Swargate,17,30,6,0,1727,7766,0,16.188535031847135,0.0,1
University,Swargate,17,30,6,1,2068,9143,0,15.916247582205031,0.0,0
University,Swargate,17,30,6,2,1813,8439,0,16.756977385548815,0.0,0
University,Swargate,18,30,6,0,1682,7766,0,16.62164090368609,0.0,1
University,Swargate,18,30,6,1,2039,9143,0,16.142618930848453,0.0,0
University,Swargate,18,30,6,2,1935,8322,0,15.482790697674417,0.0,0
University,Swargate,19,30,6,0,1523,7766,0,18.35692711753119,0.0,1
University,Swargate,19,30,6,1,1891,9143,0,17.40602855631941,0.0,0
University,Swargate,19,30,6,2,1794,8322,0,16.699665551839463,0.0,0
University,Swargate,20,30,6,0,1342,7766,0,20.832786885245902,0.0,1
University,Swargate,20,30,6,1,1660,9143,0,19.82819277108434,0.0,0
University,Swargate,20,30,6,2,1628,8461,0,18.70982800982801,0.0,0
University,Swargate,21,30,6,0,1149,7766,0,24.332114882506527,0.0,1
University,Swargate,21,30,6,1,1380,9205,0,24.01304347826087,0.0,0
University,Swargate,21,30,6,2,1407,8461,0,21.64861407249467,0.0,0
University,Swargate,22,30,6,0,1095,7766,0,25.53205479452055,0.0,1
University,Swargate,22,30,6,1,1314,9205,0,25.21917808219178,0.0,0
University,Swargate,22,30,6,2,1350,8461,0,22.56266666666667,0.0,0
University,Swargate,23,30,6,0,1095,7766,0,25.53205479452055,0.0,1
University,Swargate,23,30,6,1,1314,9205,0,25.21917808219178,0.0,0
University,Swargate,23,30,6,2,1350,8461,0,22.56266666666667,0.0,0
University,Swargate,6,30,0,0,1117,7766,0,25.02918531781558,0.0,1
University,Swargate,6,30,0,1,1359,9205,0,24.3841059602649,0.0,0
University,Swargate,6,30,0,2,1388,8461,0,21.944956772334297,0.0,0
University,Swargate,7,30,0,0,1183,7766,0,23.632797971259507,0.0,1
University,Swargate,7,30,0,1,1487,9205,0,22.285137861466037,0.0,0
University,Swargate,7,30,0,2,1488,8461,0,20.470161290322583,0.0,0
University,Swargate,8,30,0,0,1289,7766,0,21.689371605896042,0.0,1
University,Swargate,8,30,0,1,1656,9143,0,19.87608695652174,0.0,0
University,Swargate,8,30,0,2,1617,8322,0,18.52764378478664,0.0,0
University,Swargate,9,30,0,0,1367,7766,0,20.45179224579371,0.0,1
University,Swargate,9,30,0,1,1761,9143,0,18.690971039182283,0.0,0
University,Swargate,9,30,0,2,1707,8322,0,17.55079086115993,0.0,0
University,Swargate,10,30,0,0,1468,7766,0,19.04468664850136,0.0,1
University,Swargate,10,30,0,1,1888,9205,0,17.551906779661014,0.0,0
University,Swargate,10,30,0,2,1814,8322,0,16.515545755237042,0.0,0
University,Swargate,11,30,0,0,1580,7766,0,17.694683544303796,0.0,1
University,Swargate,11,30,0,1,2012,9143,0,16.35924453280318,0.0,0
University,Swargate,11,30,0,2,1739,8289,0,17.159516963772283,0.0,0
University,Swargate,12,30,0,0,1623,7766,0,17.22587800369686,0.0,1
University,Swargate,12,30,0,1,2017,9637,0,17.20039662865642,0.0,0
University,Swargate,12,30,0,2,1758,8289,0,16.974061433447098,0.0,0
University,Swargate,13,30,0,0,1608,7766,0,17.386567164179105,0.0,1
University,Swargate,13,30,0,1,1937,9703,0,18.03345379452762,0.0,0
University,Swargate,13,30,0,2,1734,8289,0,17.208996539792388,0.0,0
University,Swargate,14,30,0,0,1612,7766,0,17.343424317617867,0.0,1
University,Swargate,14,30,0,1,1863,9645,0,18.63768115942029,0.0,0
University,Swargate,14,30,0,2,1734,8439,0,17.520415224913496,0.0,0
University,Swargate,15,30,0,0,1645,7766,0,16.99550151975684,0.0,1
University,Swargate,15,30,0,1,1879,9602,0,18.396593932943055,0.0,0
University,Swargate,15,30,0,2,1745,8439,0,17.40997134670487,0.0,0
University,Swargate,16,30,0,0,1705,7766,0,16.39741935483871,0.0,1
University,Swargate,16,30,0,1,1997,9599,0,17.304156234351527,0.0,0
University,Swargate,16,30,0,2,1792,8439,0,16.953348214285715,0.0,0
University,Swargate,17,30,0,0,1767,7766,0,15.82207130730051,0.0,1
University,Swargate,17,30,0,1,2089,9651,0,16.631689803733842,0.0,0
University,Swargate,17,30,0,2,2008,8322,0,14.919920318725097,0.0,0
University,Swargate,18,30,0,0,1739,7766,0,16.076825761932145,0.0,1
University,Swargate,18,30,0,1,2066,9143,0,15.931655372700872,0.0,0
University,Swargate,18,30,0,2,1960,8322,0,15.28530612244898,0.0,0
University,Swargate,19,30,0,0,1574,7766,0,17.762134688691233,0.0,1
University,Swargate,19,30,0,1,1910,9143,0,17.232879581151835,0.0,0
University,Swargate,19,30,0,2,1820,8322,0,16.4610989010989,0.0,0
University,Swargate,20,30,0,0,1369,7766,0,20.42191380569759,0.0,1
University,Swargate,20,30,0,1,1660,9205,0,19.96265060240964,0.0,0
University,Swargate,20,30,0,2,1642,8461,0,18.550304506699145,0.0,0
University,Swargate,21,30,0,0,1154,7766,0,24.22668977469671,0.0,1
University,Swargate,21,30,0,1,1380,9205,0,24.01304347826087,0.0,0
University,Swargate,21,30,0,2,1410,8461,0,21.602553191489363,0.0,0
University,Swargate,22,30,0,0,1095,7766,0,25.53205479452055,0.0,1
University,Swargate,22,30,0,1,1314,9205,0,25.21917808219178,0.0,0
University,Swargate,22,30,0,2,1350,8461,0,22.56266666666667,0.0,0
University,Swargate,23,30,0,0,1095,7766,0,25.53205479452055,0.0,1
University,Swargate,23,30,0,1,1314,9205,0,25.21917808219178,0.0,0
University,Swargate,23,30,0,2,1350,8461,0,22.56266666666667,0.0,0
University,Swargate,6,30,1,0,1121,7766,0,24.939875111507583,0.0,1
University,Swargate,6,30,1,1,1359,9205,0,24.3841059602649,0.0,0
University,Swargate,6,30,1,2,1388,8461,0,21.944956772334297,0.0,0
University,Swargate,7,30,1,0,1191,7766,0,23.47405541561713,0.0,1
University,Swargate,7,30,1,1,1485,9205,0,22.315151515151516,0.0,0
University,Swargate,7,30,1,2,1489,8322,0,20.120349227669575,0.0,0
University,Swargate,8,30,1,0,1279,7766,0,21.858952306489442,0.0,1
University,Swargate,8,30,1,1,1644,9205,0,20.156934306569344,0.0,0
University,Swargate,8,30,1,2,1605,8322,0,18.666168224299064,0.0,0
University,Swargate,9,30,1,0,1350,7766,0,20.709333333333333,0.0,1
University,Swargate,9,30,1,1,1756,9143,0,18.744191343963557,0.0,0
University,Swargate,9,30,1,2,1564,8289,0,19.079539641943732,0.0,0
University,Swargate,10,30,1,0,1458,7766,0,19.175308641975306,0.0,1
University,Swargate,10,30,1,1,1897,9143,0,17.350975224037956,0.0,0
University,Swargate,10,30,1,2,1645,8289,0,18.140060790273555,0.0,0
University,Swargate,11,30,1,0,1592,7766,0,17.561306532663316,0.0,1
University,Swargate,11,30,1,1,2029,9642,0,17.107540660423854,0.0,0
University,Swargate,11,30,1,2,1749,8439,0,17.37015437392796,0.0,0
University,Swargate,12,30,1,0,1655,7766,0,16.892809667673717,0.0,1
University,Swargate,12,30,1,1,2029,9642,0,17.107540660423854,0.0,0
University,Swargate,12,30,1,2,1783,8439,0,17.03892316320808,0.0,0
University,Swargate,13,30,1,0,1672,7766,0,16.72105263157895,0.0,1
University,Swargate,13,30,1,1,1945,9765,0,18.074035989717224,0.0,0
University,Swargate,13,30,1,2,1778,8439,0,17.08683914510686,0.0,0
University,Swargate,14,30,1,0,1710,7766,0,16.349473684210526,0.0,1
University,Swargate,14,30,1,1,1879,9703,0,18.590101117615752,0.0,0
University,Swargate,14,30,1,2,1762,8439,0,17.24199772985244,0.0,0
University,Swargate,15,30,1,0,1753,8439,0,17.330519110096976,0.0,1
University,Swargate,15,30,1,1,1883,9602,0,18.35751460435475,0.0,0
University,Swargate,15,30,1,2,1761,7766,0,15.875979557069845,0.0,0
University,Swargate,16,30,1,0,1768,8289,0,16.87805429864253,0.0,1
University,Swargate,16,30,1,1,1984,9599,0,17.417540322580646,0.0,0
University,Swargate,16,30,1,2,1963,8322,0,15.261946001018847,0.0,0
University,Swargate,17,30,1,0,1792,8289,0,16.65200892857143,0.0,1
University,Swargate,17,30,1,1,2073,9143,0,15.877858176555717,0.0,0
University,Swargate,17,30,1,2,1830,7766,0,15.277377049180329,0.0,0
University,Swargate,18,30,1,0,1741,7766,0,16.058357265939115,0.0,1
University,Swargate,18,30,1,1,2048,9143,0,16.0716796875,0.0,0
University,Swargate,18,30,1,2,1777,8289,0,16.792571750140684,0.0,0
University,Swargate,19,30,1,0,1549,7766,0,18.04880568108457,0.0,1
University,Swargate,19,30,1,1,1901,9143,0,17.31446607048922,0.0,0
University,Swargate,19,30,1,2,1802,8322,0,16.625527192008878,0.0,0
University,Swargate,20,30,1,0,1363,7766,0,20.511812179016875,0.0,1
University,Swargate,20,30,1,1,1660,9205,0,19.96265060240964,0.0,0
University,Swargate,20,30,1,2,1631,8322,0,18.368608215818515,0.0,0
University,Swargate,21,30,1,0,1154,7766,0,24.22668977469671,0.0,1
University,Swargate,21,30,1,1,1380,9205,0,24.01304347826087,0.0,0
University,Swargate,21,30,1,2,1410,8461,0,21.602553191489363,0.0,0
University,Swargate,22,30,1,0,1095,7766,0,25.53205479452055,0.0,1
University,Swargate,22,30,1,1,1314,9205,0,25.21917808219178,0.0,0
University,Swargate,22,30,1,2,1350,8461,0,22.56266666666667,0.0,0
University,Swargate,23,30,1,0,1095,7766,0,25.53205479452055,0.0,1
University,Swargate,23,30,1,1,1314,9205,0,25.21917808219178,0.0,0
University,Swargate,23,30,1,2,1350,8461,0,22.56266666666667,0.0,0
University,Swargate,6,30,2,0,1119,7766,0,24.98445040214477,0.0,1
University,Swargate,6,30,2,1,1358,9205,0,24.4020618556701,0.0,0
University,Swargate,6,30,2,2,1386,8461,0,21.976623376623376,0.0,0
University,Swargate,7,30,2,0,1181,7766,0,23.67281964436918,0.0,1
University,Swargate,7,30,2,1,1478,9205,0,22.42083897158322,0.0,0
University,Swargate,7,30,2,2,1481,8461,0,20.566914247130317,0.0,0
University,Swargate,8,30,2,0,1267,7766,0,22.06598263614838,0.0,1
University,Swargate,8,30,2,1,1635,9143,0,20.13137614678899,0.0,0
University,Swargate,8,30,2,2,1601,8322,0,18.712804497189254,0.0,0
University,Swargate,9,30,2,0,1339,7766,0,20.879462285287527,0.0,1
University,Swargate,9,30,2,1,1740,9143,0,18.916551724137932,0.0,0
University,Swargate,9,30,2,2,1695,8322,0,17.67504424778761,0.0,0
University,Swargate,10,30,2,0,1436,7766,0,19.46908077994429,0.0,1
University,Swargate,10,30,2,1,1868,9143,0,17.6203426124197,0.0,0
University,Swargate,10,30,2,2,1639,8289,0,18.20646735814521,0.0,0
University,Swargate,11,30,2,0,1549,7766,0,18.04880568108457,0.0,1
University,Swargate,11,30,2,1,1997,9143,0,16.482123184777166,0.0,0
University,Swargate,11,30,2,2,1717,8289,0,17.379382644146766,0.0,0
University,Swargate,12,30,2,0,1598,7766,0,17.495369211514394,0.0,1
University,Swargate,12,30,2,1,2009,9637,0,17.268889995022402,0.0,0
University,Swargate,12,30,2,2,1738,8289,0,17.16939010356732,0.0,0
University,Swargate,13,30,2,0,1604,7766,0,17.42992518703242,0.0,1
University,Swargate,13,30,2,1,1938,9703,0,18.024148606811146,0.0,0
University,Swargate,13,30,2,2,1737,8289,0,17.179274611398963,0.0,0
University,Swargate,14,30,2,0,1638,7766,0,17.068131868131868,0.0,1
University,Swargate,14,30,2,1,1872,9703,0,18.659615384615382,0.0,0
University,Swargate,14,30,2,2,1754,8439,0,17.320638540478907,0.0,0
University,Swargate,15,30,2,0,1686,7766,0,16.58220640569395,0.0,1
University,Swargate,15,30,2,1,1886,9602,0,18.328313891834572,0.0,0
University,Swargate,15,30,2,2,1758,8439,0,17.281228668941978,0.0,0
University,Swargate,16,30,2,0,1747,7766,0,16.003205495134516,0.0,1
University,Swargate,16,30,2,1,2000,9656,0,17.3808,0.0,0
University,Swargate,16,30,2,2,1798,8439,0,16.896774193548385,0.0,0
University,Swargate,17,30,2,0,1804,7766,0,15.497560975609758,0.0,1
University,Swargate,17,30,2,1,2105,9651,0,16.505273159144892,0.0,0
University,Swargate,17,30,2,2,2012,8322,0,14.890258449304174,0.0,0
University,Swargate,18,30,2,0,1754,7766,0,15.939338654503992,0.0,1
University,Swargate,18,30,2,1,2115,9143,0,15.562553191489362,0.0,0
University,Swargate,18,30,2,2,1956,8322,0,15.316564417177913,0.0,0
University,Swargate,19,30,2,0,1565,7766,0,17.864281150159744,0.0,1
University,Swargate,19,30,2,1,1932,9143,0,17.036645962732923,0.0,0
University,Swargate,19,30,2,2,1819,8322,0,16.470148433205054,0.0,0
University,Swargate,20,30,2,0,1359,7766,0,20.572185430463577,0.0,1
University,Swargate,20,30,2,1,1674,9143,0,19.66236559139785,0.0,0
University,Swargate,20,30,2,2,1648,8322,0,18.17912621359223,0.0,0
University,Swargate,21,30,2,0,1152,7766,0,24.26875,0.0,1
University,Swargate,21,30,2,1,1386,9143,0,23.74805194805195,0.0,0
University,Swargate,21,30,2,2,1412,8461,0,21.57195467422096,0.0,0
University,Swargate,22,30,2,0,1095,7766,0,25.53205479452055,0.0,1
University,Swargate,22,30,2,1,1314,9205,0,25.21917808219178,0.0,0
University,Swargate,22,30,2,2,1350,8461,0,22.56266666666667,0.0,0
University,Swargate,23,30,2,0,1095,7766,0,25.53205479452055,0.0,1
University,Swargate,23,30,2,1,1314,9205,0,25.21917808219178,0.0,0
University,Swargate,23,30,2,2,1350,8461,0,22.56266666666667,0.0,0
University,Swargate,6,30,3,0,1118,7766,0,25.006797853309482,0.0,1
University,Swargate,6,30,3,1,1361,9205,0,24.348273328434974,0.0,0
University,Swargate,6,30,3,2,1389,8461,0,21.92915766738661,0.0,0
University,Swargate,7,30,3,0,1175,7766,0,23.793702127659575,0.0,1
University,Swargate,7,30,3,1,1464,9205,0,22.635245901639344,0.0,0
University,Swargate,7,30,3,2,1478,8461,0,20.608660351826792,0.0,0
University,Swargate,8,30,3,0,1262,7766,0,22.153407290015846,0.0,1
University,Swargate,8,30,3,1,1592,9143,0,20.675125628140705,0.0,0
University,Swargate,8,30,3,2,1480,9791,0,23.81594594594595,0.0,0
University,Swargate,9,30,3,0,1352,7766,0,20.678698224852074,0.0,1
University,Swargate,9,30,3,1,1703,9143,0,19.327539635936585,0.0,0
University,Swargate,9,30,3,2,1525,8289,0,19.567475409836064,0.0,0
University,Swargate,10,30,3,0,1489,7766,0,18.776091336467427,0.0,1
University,Swargate,10,30,3,1,1850,9143,0,17.791783783783785,0.0,0
University,Swargate,10,30,3,2,1608,8289,0,18.557462686567163,0.0,0
University,Swargate,11,30,3,0,1669,7766,0,16.75110844817256,0.0,1
University,Swargate,11,30,3,1,2013,9637,0,17.234575260804768,0.0,0
University,Swargate,11,30,3,2,1719,8439,0,17.673298429319374,0.0,0
University,Swargate,12,30,3,0,1757,7766,0,15.912122936824131,0.0,1
University,Swargate,12,30,3,1,2048,9637,0,16.940039062500002,0.0,0
University,Swargate,12,30,3,2,1770,8439,0,17.16406779661017,0.0,0
University,Swargate,13,30,3,0,1781,8289,0,16.754856822010105,0.0,1
University,Swargate,13,30,3,1,2042,9703,0,17.10617042115573,0.0,0
University,Swargate,13,30,3,2,1818,7766,0,15.378217821782178,0.0,0
University,Swargate,14,30,3,0,1813,8439,0,16.756977385548815,0.0,1
University,Swargate,14,30,3,1,2031,9699,0,17.1917282127031,0.0,0
University,Swargate,14,30,3,2,2064,8592,0,14.986046511627908,0.0,0
University,Swargate,15,30,3,0,1821,8439,0,16.683360790774298,0.0,1
University,Swargate,15,30,3,1,2038,9699,0,17.13267909715407,0.0,0
University,Swargate,15,30,3,2,2085,8592,0,14.835107913669065,0.0,0
University,Swargate,16,30,3,0,1828,8289,0,16.324070021881838,0.0,1
University,Swargate,16,30,3,1,2075,9694,0,16.81850602409639,0.0,0
University,Swargate,16,30,3,2,2113,8592,0,14.63852342640795,0.0,0
University,Swargate,17,30,3,0,1836,8289,0,16.25294117647059,0.0,1
University,Swargate,17,30,3,1,2114,9651,0,16.43500473036897,0.0,0
University,Swargate,17,30,3,2,2121,8500,0,14.427157001414429,0.0,0
University,Swargate,18,30,3,0,1795,8289,0,16.6241782729805,0.0,1
University,Swargate,18,30,3,1,2090,9651,0,16.623732057416266,0.0,0
University,Swargate,18,30,3,2,1816,7766,0,15.395154185022026,0.0,0
University,Swargate,19,30,3,0,1578,7766,0,17.717110266159693,0.0,1
University,Swargate,19,30,3,1,1889,9143,0,17.424457384859718,0.0,0
University,Swargate,19,30,3,2,1836,8322,0,16.31764705882353,0.0,0
University,Swargate,20,30,3,0,1386,7766,0,20.17142857142857,0.0,1
University,Swargate,20,30,3,1,1666,9143,0,19.756782713085236,0.0,0
University,Swargate,20,30,3,2,1658,8322,0,18.069481302774424,0.0,0
University,Swargate,21,30,3,0,1161,7766,0,24.08062015503876,0.0,1
University,Swargate,21,30,3,1,1384,9205,0,23.94364161849711,0.0,0
University,Swargate,21,30,3,2,1415,8461,0,21.526219081272085,0.0,0
University,Swargate,22,30,3,0,1095,7766,0,25.53205479452055,0.0,1
University,Swargate,22,30,3,1,1314,9205,0,25.21917808219178,0.0,0
University,Swargate,22,30,3,2,1350,8461,0,22.56266666666667,0.0,0
University,Swargate,23,30,3,0,1095,7766,0,25.53205479452055,0.0,1
University,Swargate,23,30,3,1,1314,9205,0,25.21917808219178,0.0,0
University,Swargate,23,30,3,2,1350,8461,0,22.56266666666667,0.0,0
University,Swargate,6,30,4,0,1118,7766,0,25.006797853309482,0.0,1
University,Swargate,6,30,4,1,1350,9205,0,24.546666666666667,0.0,0
University,Swargate,6,30,4,2,1378,8461,0,22.10420899854862,0.0,0
University,Swargate,7,30,4,0,1183,7766,0,23.632797971259507,0.0,1
University,Swargate,7,30,4,1,1418,9205,0,23.36953455571227,0.0,0
University,Swargate,7,30,4,2,1442,8461,0,21.123162274618586,0.0,0
University,Swargate,8,30,4,0,1249,7766,0,22.383987189751803,0.0,1
University,Swargate,8,30,4,1,1466,9366,0,22.999727148703958,0.0,0
University,Swargate,8,30,4,2,1502,8484,0,20.334487350199733,0.0,0
University,Swargate,9,30,4,0,1300,7766,0,21.505846153846154,0.0,1
University,Swargate,9,30,4,1,1503,9366,0,22.433532934131737,0.0,0
University,Swargate,9,30,4,2,1431,9791,0,24.631446540880503,0.0,0
University,Swargate,10,30,4,0,1400,7766,0,19.969714285714286,0.0,1
University,Swargate,10,30,4,1,1582,9205,0,20.946902654867255,0.0,0
University,Swargate,10,30,4,2,1470,9791,0,23.97795918367347,0.0,0
University,Swargate,11,30,4,0,1499,8289,0,19.906871247498334,0.0,1
University,Swargate,11,30,4,1,1677,9205,0,19.760286225402506,0.0,0
University,Swargate,11,30,4,2,1519,9791,0,23.204476629361423,0.0,0
University,Swargate,12,30,4,0,1505,8289,0,19.82750830564784,0.0,1
University,Swargate,12,30,4,1,1713,9664,0,20.309632224168126,0.0,0
University,Swargate,12,30,4,2,1535,9791,0,22.962605863192184,0.0,0
University,Swargate,13,30,4,0,1514,8439,0,20.066314398943195,0.0,1
University,Swargate,13,30,4,1,1724,9664,0,20.180046403712296,0.0,0
University,Swargate,13,30,4,2,1550,9791,0,22.740387096774192,0.0,0
University,Swargate,14,30,4,0,1510,8439,0,20.119470198675497,0.0,1
University,Swargate,14,30,4,1,1709,9722,0,20.47934464599181,0.0,0
University,Swargate,14,30,4,2,1572,9791,0,22.422137404580155,0.0,0
University,Swargate,15,30,4,0,1515,8439,0,20.05306930693069,0.0,1
University,Swargate,15,30,4,1,1701,9722,0,20.575661375661376,0.0,0
University,Swargate,15,30,4,2,1743,8505,0,17.566265060240966,0.0,0
University,Swargate,16,30,4,0,1532,8289,0,19.478067885117493,0.0,1
University,Swargate,16,30,4,1,1732,9661,0,20.080600461893763,0.0,0
University,Swargate,16,30,4,2,1767,8505,0,17.327674023769102,0.0,0
University,Swargate,17,30,4,0,1566,8289,0,19.055172413793102,0.0,1
University,Swargate,17,30,4,1,1776,9661,0,19.583108108108107,0.0,0
University,Swargate,17,30,4,2,1643,9791,0,21.45319537431528,0.0,0
University,Swargate,18,30,4,0,1576,8289,0,18.93426395939086,0.0,1
University,Swargate,18,30,4,1,1793,9205,0,18.481873954266593,0.0,0
University,Swargate,18,30,4,2,1611,9791,0,21.879329608938548,0.0,0
University,Swargate,19,30,4,0,1460,7766,0,19.14904109589041,0.0,1
University,Swargate,19,30,4,1,1691,9205,0,19.596688350088705,0.0,0
University,Swargate,19,30,4,2,1538,9791,0,22.917815344603383,0.0,0
University,Swargate,20,30,4,0,1313,7766,0,21.292916984006094,0.0,1
University,Swargate,20,30,4,1,1564,9205,0,21.187979539641944,0.0,0
University,Swargate,20,30,4,2,1456,9791,0,24.208516483516483,0.0,0
University,Swargate,21,30,4,0,1146,7766,0,24.395811518324606,0.0,1
University,Swargate,21,30,4,1,1368,9205,0,24.223684210526315,0.0,0
University,Swargate,21,30,4,2,1403,8461,0,21.710334996436206,0.0,0
University,Swargate,22,30,4,0,1095,7766,0,25.53205479452055,0.0,1
University,Swargate,22,30,4,1,1314,9205,0,25.21917808219178,0.0,0
University,Swargate,22,30,4,2,1350,8461,0,22.56266666666667,0.0,0
University,Swargate,23,30,4,0,1095,7766,0,25.53205479452055,0.0,1
University,Swargate,23,30,4,1,1314,9205,0,25.21917808219178,0.0,0
University,Swargate,23,30,4,2,1350,8461,0,22.56266666666667,0.0,0
University,Swargate,6,30,5,0,1119,7766,0,24.98445040214477,0.0,1
University,Swargate,6,30,5,1,1361,9205,0,24.348273328434974,0.0,0
University,Swargate,6,30,5,2,1390,8461,0,21.91338129496403,0.0,0
University,Swargate,7,30,5,0,1174,7766,0,23.813969335604767,0.0,1
University,Swargate,7,30,5,1,1483,9143,0,22.194740391099124,0.0,0
University,Swargate,7,30,5,2,1483,8322,0,20.201753202966955,0.0,0
University,Swargate,8,30,5,0,1261,7766,0,22.17097541633624,0.0,1
University,Swargate,8,30,5,1,1628,9143,0,20.21793611793612,0.0,0
University,Swargate,8,30,5,2,1600,8322,0,18.7245,0.0,0
University,Swargate,9,30,5,0,1340,7766,0,20.863880597014926,0.0,1
University,Swargate,9,30,5,1,1730,9143,0,19.025895953757228,0.0,0
University,Swargate,9,30,5,2,1693,8322,0,17.695924394565857,0.0,0
University,Swargate,10,30,5,0,1438,7766,0,19.44200278164117,0.0,1
University,Swargate,10,30,5,1,1853,9143,0,17.76297895304911,0.0,0
University,Swargate,10,30,5,2,1639,8289,0,18.20646735814521,0.0,0
University,Swargate,11,30,5,0,1538,7766,0,18.177893368010402,0.0,1
University,Swargate,11,30,5,1,1975,9143,0,16.66572151898734,0.0,0
University,Swargate,11,30,5,2,1707,8289,0,17.481195079086113,0.0,0
University,Swargate,12,30,5,0,1575,7766,0,17.750857142857143,0.0,1
University,Swargate,12,30,5,1,2004,9143,0,16.424550898203595,0.0,0
University,Swargate,12,30,5,2,1720,8289,0,17.349069767441858,0.0,0
University,Swargate,13,30,5,0,1563,7766,0,17.88714011516315,0.0,1
University,Swargate,13,30,5,1,1927,9703,0,18.127036844836535,0.0,0
University,Swargate,13,30,5,2,1724,8439,0,17.62204176334107,0.0,0
University,Swargate,14,30,5,0,1569,7766,0,17.818738049713193,0.0,1
University,Swargate,14,30,5,1,1863,9645,0,18.63768115942029,0.0,0
University,Swargate,14,30,5,2,1710,8439,0,17.766315789473683,0.0,0
University,Swargate,15,30,5,0,1589,7766,0,17.59446192573946,0.0,1
University,Swargate,15,30,5,1,1872,9602,0,18.465384615384615,0.0,0
University,Swargate,15,30,5,2,1703,8439,0,17.839342337052262,0.0,0
University,Swargate,16,30,5,0,1635,7766,0,17.099449541284404,0.0,1
University,Swargate,16,30,5,1,1978,9599,0,17.470374115267948,0.0,0
University,Swargate,16,30,5,2,1730,8439,0,17.56092485549133,0.0,0
University,Swargate,17,30,5,0,1680,7766,0,16.64142857142857,0.0,1
University,Swargate,17,30,5,1,2068,9143,0,15.916247582205031,0.0,0
University,Swargate,17,30,5,2,1759,8439,0,17.27140420693576,0.0,0
University,Swargate,18,30,5,0,1649,7766,0,16.954275318374773,0.0,1
University,Swargate,18,30,5,1,2033,9143,0,16.19026069847516,0.0,0
University,Swargate,18,30,5,2,1737,8289,0,17.179274611398963,0.0,0
University,Swargate,19,30,5,0,1501,7766,0,18.625982678214523,0.0,1
University,Swargate,19,30,5,1,1875,9143,0,17.55456,0.0,0
University,Swargate,19,30,5,2,1782,8322,0,16.81212121212121,0.0,0
University,Swargate,20,30,5,0,1333,7766,0,20.97344336084021,0.0,1
University,Swargate,20,30,5,1,1649,9143,0,19.960460885385082,0.0,0
University,Swargate,20,30,5,2,1625,8322,0,18.436430769230768,0.0,0
University,Swargate,21,30,5,0,1147,7766,0,24.374542284219704,0.0,1
University,Swargate,21,30,5,1,1379,9205,0,24.03045685279188,0.0,0
University,Swargate,21,30,5,2,1408,8461,0,21.633238636363636,0.0,0
University,Swargate,22,30,5,0,1095,7766,0,25.53205479452055,0.0,1
University,Swargate,22,30,5,1,1314,9205,0,25.21917808219178,0.0,0
University,Swargate,22,30,5,2,1350,8461,0,22.56266666666667,0.0,0
University,Swargate,23,30,5,0,1095,7766,0,25.53205479452055,0.0,1
University,Swargate,23,30,5,1,1314,9205,0,25.21917808219178,0.0,0
University,Swargate,23,30,5,2,1350,8461,0,22.56266666666667,0.0,0
University,Swargate,6,30,6,0,1119,7766,0,24.98445040214477,0.0,1
University,Swargate,6,30,6,1,1360,9205,0,24.366176470588236,0.0,0
University,Swargate,6,30,6,2,1391,8461,0,21.89762760603882,0.0,0
University,Swargate,7,30,6,0,1179,7766,0,23.71297709923664,0.0,1
University,Swargate,7,30,6,1,1484,9205,0,22.330188679245285,0.0,0
University,Swargate,7,30,6,2,1489,8461,0,20.456413700470115,0.0,0
University,Swargate,8,30,6,0,1276,7766,0,21.910344827586208,0.0,1
University,Swargate,8,30,6,1,1647,9143,0,19.98469945355191,0.0,0
University,Swargate,8,30,6,2,1613,8322,0,18.573589584624923,0.0,0
University,Swargate,9,30,6,0,1373,7766,0,20.36241806263656,0.0,1
University,Swargate,9,30,6,1,1764,9143,0,18.65918367346939,0.0,0
University,Swargate,9,30,6,2,1722,8322,0,17.397909407665505,0.0,0
University,Swargate,10,30,6,0,1492,7766,0,18.73833780160858,0.0,1
University,Swargate,10,30,6,1,1907,9143,0,17.259989512323024,0.0,0
University,Swargate,10,30,6,2,1848,8322,0,16.21168831168831,0.0,0
University,Swargate,11,30,6,0,1604,7766,0,17.42992518703242,0.0,1
University,Swargate,11,30,6,1,2035,9143,0,16.174348894348896,0.0,0
University,Swargate,11,30,6,2,1797,8439,0,16.90617696160267,0.0,0
University,Swargate,12,30,6,0,1632,7766,0,17.13088235294118,0.0,1
University,Swargate,12,30,6,1,2027,9637,0,17.115540207202763,0.0,0
University,Swargate,12,30,6,2,1805,8439,0,16.831246537396122,0.0,0
University,Swargate,13,30,6,0,1619,7766,0,17.268437306979617,0.0,1
University,Swargate,13,30,6,1,1943,9703,0,17.97776634071024,0.0,0
University,Swargate,13,30,6,2,1773,8439,0,17.135025380710662,0.0,0
University,Swargate,14,30,6,0,1632,7766,0,17.13088235294118,0.0,1
University,Swargate,14,30,6,1,1875,9645,0,18.518399999999996,0.0,0
University,Swargate,14,30,6,2,1750,8439,0,17.36022857142857,0.0,0
University,Swargate,15,30,6,0,1657,7766,0,16.872420036210016,0.0,1
University,Swargate,15,30,6,1,1879,9602,0,18.396593932943055,0.0,0
University,Swargate,15,30,6,2,1749,8439,0,17.37015437392796,0.0,0
University,Swargate,16,30,6,0,1696,7766,0,16.484433962264152,0.0,1
University,Swargate,16,30,6,1,1981,9583,0,17.414840989399295,0.0,0
University,Swargate,16,30,6,2,1782,8439,0,17.048484848484847,0.0,0
University,Swargate,17,30,6,0,1727,7766,0,16.188535031847135,0.0,1
University,Swargate,17,30,6,1,2068,9143,0,15.916247582205031,0.0,0
University,Swargate,17,30,6,2,1813,8439,0,16.756977385548815,0.0,0
University,Swargate,18,30,6,0,1682,7766,0,16.62164090368609,0.0,1
University,Swargate,18,30,6,1,2039,9143,0,16.142618930848453,0.0,0
University,Swargate,18,30,6,2,1935,8322,0,15.482790697674417,0.0,0
University,Swargate,19,30,6,0,1523,7766,0,18.35692711753119,0.0,1
University,Swargate,19,30,6,1,1891,9143,0,17.40602855631941,0.0,0
University,Swargate,19,30,6,2,1794,8322,0,16.699665551839463,0.0,0
University,Swargate,20,30,6,0,1342,7766,0,20.832786885245902,0.0,1
University,Swargate,20,30,6,1,1660,9143,0,19.82819277108434,0.0,0
University,Swargate,20,30,6,2,1628,8461,0,18.70982800982801,0.0,0
University,Swargate,21,30,6,0,1149,7766,0,24.332114882506527,0.0,1
University,Swargate,21,30,6,1,1380,9205,0,24.01304347826087,0.0,0
University,Swargate,21,30,6,2,1407,8461,0,21.64861407249467,0.0,0
University,Swargate,22,30,6,0,1095,7766,0,25.53205479452055,0.0,1
University,Swargate,22,30,6,1,1314,9205,0,25.21917808219178,0.0,0
University,Swargate,22,30,6,2,1350,8461,0,22.56266666666667,0.0,0
University,Swargate,23,30,6,0,1095,7766,0,25.53205479452055,0.0,1
University,Swargate,23,30,6,1,1314,9205,0,25.21917808219178,0.0,0
University,Swargate,23,30,6,2,1350,8461,0,22.56266666666667,0.0,0
University,Hinjewadi,6,30,0,0,1371,12430,0,32.63894967177242,0.0,1
University,Hinjewadi,6,30,0,1,1745,14464,0,29.839770773638968,0.0,0
University,Hinjewadi,6,30,0,2,1398,12775,0,32.896995708154506,0.0,0
University,Hinjewadi,7,30,0,0,1515,12430,0,29.536633663366334,0.0,1
University,Hinjewadi,7,30,0,1,1923,14464,0,27.077691107644306,0.0,0
University,Hinjewadi,7,30,0,2,1537,12775,0,29.92192582953806,0.0,0
University,Hinjewadi,8,30,0,0,1662,12430,0,26.924187725631768,0.0,1
University,Hinjewadi,8,30,0,1,2125,14464,0,24.503717647058824,0.0,0
University,Hinjewadi,8,30,0,2,1911,14973,0,28.206593406593406,0.0,0
University,Hinjewadi,9,30,0,0,1699,12430,0,26.337845791642142,0.0,1
University,Hinjewadi,9,30,0,1,2188,14464,0,23.798171846435103,0.0,0
University,Hinjewadi,9,30,0,2,1930,14973,0,27.928911917098446,0.0,0
University,Hinjewadi,10,30,0,0,1737,12430,0,25.761658031088082,0.0,1
University,Hinjewadi,10,30,0,1,2263,14464,0,23.00945647370747,0.0,0
University,Hinjewadi,10,30,0,2,1972,14973,0,27.334077079107505,0.0,0
University,Hinjewadi,11,30,0,0,1733,12430,0,25.821119446047316,0.0,1
University,Hinjewadi,11,30,0,1,2127,16851,0,28.520733427362483,0.0,0
University,Hinjewadi,11,30,0,2,1747,12775,0,26.325128792215228,0.0,0
University,Hinjewadi,12,30,0,0,1678,12430,0,26.66746126340882,0.0,1
University,Hinjewadi,12,30,0,1,2215,14464,0,23.508081264108352,0.0,0
University,Hinjewadi,12,30,0,2,1699,12775,0,27.06886403766922,0.0,0
University,Hinjewadi,13,30,0,0,1582,12430,0,28.285714285714285,0.0,1
University,Hinjewadi,13,30,0,1,2064,14464,0,25.227906976744187,0.0,0
University,Hinjewadi,13,30,0,2,1616,12775,0,28.459158415841586,0.0,0
University,Hinjewadi,14,30,0,0,1549,12430,0,28.888315041962557,0.0,1
University,Hinjewadi,14,30,0,1,1981,14464,0,26.28490661282181,0.0,0
University,Hinjewadi,14,30,0,2,1579,12775,0,29.126029132362255,0.0,0
University,Hinjewadi,15,30,0,0,1592,12430,0,28.108040201005025,0.0,1
University,Hinjewadi,15,30,0,1,2024,14464,0,25.72648221343874,0.0,0
University,Hinjewadi,15,30,0,2,1616,12775,0,28.459158415841586,0.0,0
University,Hinjewadi,16,30,0,0,1713,12430,0,26.122591943957968,0.0,1
University,Hinjewadi,16,30,0,1,2204,14464,0,23.625408348457352,0.0,0
University,Hinjewadi,16,30,0,2,2091,16851,0,29.011764705882353,0.0,0
University,Hinjewadi,17,30,0,0,1893,12430,0,23.638668779714735,0.0,1
University,Hinjewadi,17,30,0,1,2256,16851,0,26.889893617021272,0.0,0
University,Hinjewadi,17,30,0,2,2445,14464,0,21.296687116564417,0.0,0
University,Hinjewadi,18,30,0,0,2000,12430,0,22.374,0.0,1
University,Hinjewadi,18,30,0,1,2330,16851,0,26.035879828326177,0.0,0
University,Hinjewadi,18,30,0,2,2548,14464,0,20.435792778649922,0.0,0
University,Hinjewadi,19,30,0,0,1842,12430,0,24.29315960912052,0.0,1
University,Hinjewadi,19,30,0,1,2193,16851,0,27.662380300957594,0.0,0
University,Hinjewadi,19,30,0,2,2345,14464,0,22.204861407249467,0.0,0
University,Hinjewadi,20,30,0,0,1582,12430,0,28.285714285714285,0.0,1
University,Hinjewadi,20,30,0,1,2007,14464,0,25.94439461883408,0.0,0
University,Hinjewadi,20,30,0,2,1605,12775,0,28.654205607476634,0.0,0
University,Hinjewadi,21,30,0,0,1375,12430,0,32.544000000000004,0.0,1
University,Hinjewadi,21,30,0,1,1719,14464,0,30.291099476439793,0.0,0
University,Hinjewadi,21,30,0,2,1400,12775,0,32.85,0.0,0
University,Hinjewadi,22,30,0,0,1323,12430,0,33.82312925170068,0.0,1
University,Hinjewadi,22,30,0,1,1661,14464,0,31.348826008428656,0.0,0
University,Hinjewadi,22,30,0,2,1348,12775,0,34.11721068249258,0.0,0
University,Hinjewadi,23,30,0,0,1323,12430,0,33.82312925170068,0.0,1
University,Hinjewadi,23,30,0,1,1661,14464,0,31.348826008428656,0.0,0
University,Hinjewadi,23,30,0,2,1348,12775,0,34.11721068249258,0.0,0
University,Hinjewadi,6,30,1,0,1367,12430,0,32.73445501097293,0.0,1
University,Hinjewadi,6,30,1,1,1741,14464,0,29.90832854681218,0.0,0
University,Hinjewadi,6,30,1,2,1395,12775,0,32.96774193548387,0.0,0
University,Hinjewadi,7,30,1,0,1494,12430,0,29.951807228915662,0.0,1
University,Hinjewadi,7,30,1,1,1936,14464,0,26.895867768595043,0.0,0
University,Hinjewadi,7,30,1,2,1525,12775,0,30.15737704918033,0.0,0
University,Hinjewadi,8,30,1,0,1615,12430,0,27.707739938080493,0.0,1
University,Hinjewadi,8,30,1,1,2080,14464,0,25.033846153846156,0.0,0
University,Hinjewadi,8,30,1,2,1639,12775,0,28.059792556436854,0.0,0
University,Hinjewadi,9,30,1,0,1647,12430,0,27.169398907103822,0.0,1
University,Hinjewadi,9,30,1,1,2121,14464,0,24.549929278642153,0.0,0
University,Hinjewadi,9,30,1,2,1897,14973,0,28.414760147601477,0.0,0
University,Hinjewadi,10,30,1,0,1689,12430,0,26.493783303730016,0.0,1
University,Hinjewadi,10,30,1,1,2195,14464,0,23.722277904328017,0.0,0
University,Hinjewadi,10,30,1,2,1942,14973,0,27.75633367662204,0.0,0
University,Hinjewadi,11,30,1,0,1696,12430,0,26.38443396226415,0.0,1
University,Hinjewadi,11,30,1,1,2211,14464,0,23.550610583446407,0.0,0
University,Hinjewadi,11,30,1,2,1708,12775,0,26.926229508196723,0.0,0
University,Hinjewadi,12,30,1,0,1654,12430,0,27.05441354292624,0.0,1
University,Hinjewadi,12,30,1,1,2156,14464,0,24.15139146567718,0.0,0
University,Hinjewadi,12,30,1,2,1670,12775,0,27.538922155688624,0.0,0
University,Hinjewadi,13,30,1,0,1576,12430,0,28.393401015228427,0.0,1
University,Hinjewadi,13,30,1,1,2014,14464,0,25.854220456802384,0.0,0
University,Hinjewadi,13,30,1,2,1605,12775,0,28.654205607476634,0.0,0
University,Hinjewadi,14,30,1,0,1547,12430,0,28.925662572721397,0.0,1
University,Hinjewadi,14,30,1,1,1948,14464,0,26.730184804928133,0.0,0
University,Hinjewadi,14,30,1,2,1579,12775,0,29.126029132362255,0.0,0
University,Hinjewadi,15,30,1,0,1578,12430,0,28.3574144486692,0.0,1
University,Hinjewadi,15,30,1,1,1983,14464,0,26.258396369137674,0.0,0
University,Hinjewadi,15,30,1,2,1608,12775,0,28.600746268656717,0.0,0
University,Hinjewadi,16,30,1,0,1684,12430,0,26.572446555819475,0.0,1
University,Hinjewadi,16,30,1,1,2138,14464,0,24.35472404115996,0.0,0
University,Hinjewadi,16,30,1,2,2067,16851,0,29.34862119013062,0.0,0
University,Hinjewadi,17,30,1,0,1852,12430,0,24.161987041036713,0.0,1
University,Hinjewadi,17,30,1,1,2359,14464,0,22.073081814328106,0.0,0
University,Hinjewadi,17,30,1,2,2211,16851,0,27.43717774762551,0.0,0
University,Hinjewadi,18,30,1,0,1964,12430,0,22.784114052953157,0.0,1
University,Hinjewadi,18,30,1,1,2274,16851,0,26.677044854881263,0.0,0
University,Hinjewadi,18,30,1,2,2454,14464,0,21.218581907090467,0.0,0
University,Hinjewadi,19,30,1,0,1816,12430,0,24.640969162995592,0.0,1
University,Hinjewadi,19,30,1,1,2268,14464,0,22.95873015873016,0.0,0
University,Hinjewadi,19,30,1,2,2156,16851,0,28.137105751391463,0.0,0
University,Hinjewadi,20,30,1,0,1571,12430,0,28.483768300445576,0.0,1
University,Hinjewadi,20,30,1,1,1970,14464,0,26.431675126903553,0.0,0
University,Hinjewadi,20,30,1,2,1591,12775,0,28.906348208673794,0.0,0
University,Hinjewadi,21,30,1,0,1373,12430,0,32.59140568099053,0.0,1
University,Hinjewadi,21,30,1,1,1713,14464,0,30.39719789842382,0.0,0
University,Hinjewadi,21,30,1,2,1398,12775,0,32.896995708154506,0.0,0
University,Hinjewadi,22,30,1,0,1323,12430,0,33.82312925170068,0.0,1
University,Hinjewadi,22,30,1,1,1661,14464,0,31.348826008428656,0.0,0
University,Hinjewadi,22,30,1,2,1348,12775,0,34.11721068249258,0.0,0
University,Hinjewadi,23,30,1,0,1323,12430,0,33.82312925170068,0.0,1
University,Hinjewadi,23,30,1,1,1661,14464,0,31.348826008428656,0.0,0
University,Hinjewadi,23,30,1,2,1348,12775,0,34.11721068249258,0.0,0
University,Hinjewadi,6,30,2,0,1362,12430,0,32.85462555066079,0.0,1
University,Hinjewadi,6,30,2,1,1730,14464,0,30.09849710982659,0.0,0
University,Hinjewadi,6,30,2,2,1386,12775,0,33.18181818181818,0.0,0
University,Hinjewadi,7,30,2,0,1464,12430,0,30.565573770491802,0.0,1
University,Hinjewadi,7,30,2,1,1881,14464,0,27.682296650717706,0.0,0
University,Hinjewadi,7,30,2,2,1486,12775,0,30.94885598923284,0.0,0
University,Hinjewadi,8,30,2,0,1575,12430,0,28.41142857142857,0.0,1
University,Hinjewadi,8,30,2,1,2021,14464,0,25.764670954972786,0.0,0
University,Hinjewadi,8,30,2,2,1593,12775,0,28.870056497175142,0.0,0
University,Hinjewadi,9,30,2,0,1603,12430,0,27.91515907673113,0.0,1
University,Hinjewadi,9,30,2,1,2050,14464,0,25.40019512195122,0.0,0
University,Hinjewadi,9,30,2,2,1616,12775,0,28.459158415841586,0.0,0
University,Hinjewadi,10,30,2,0,1647,12430,0,27.169398907103822,0.0,1
University,Hinjewadi,10,30,2,1,2113,14464,0,24.64287742546143,0.0,0
University,Hinjewadi,10,30,2,2,1659,12775,0,27.721518987341774,0.0,0
University,Hinjewadi,11,30,2,0,1667,12430,0,26.843431313737252,0.0,1
University,Hinjewadi,11,30,2,1,2152,14464,0,24.196282527881042,0.0,0
University,Hinjewadi,11,30,2,2,1683,12775,0,27.326203208556148,0.0,0
University,Hinjewadi,12,30,2,0,1643,12430,0,27.235544735240413,0.0,1
University,Hinjewadi,12,30,2,1,2129,14464,0,24.45767966181306,0.0,0
University,Hinjewadi,12,30,2,2,1665,12775,0,27.62162162162162,0.0,0
University,Hinjewadi,13,30,2,0,1576,12430,0,28.393401015228427,0.0,1
University,Hinjewadi,13,30,2,1,2023,14464,0,25.739199209095403,0.0,0
University,Hinjewadi,13,30,2,2,1610,12775,0,28.565217391304348,0.0,0
University,Hinjewadi,14,30,2,0,1548,12430,0,28.906976744186046,0.0,1
University,Hinjewadi,14,30,2,1,1949,14464,0,26.71646998460749,0.0,0
University,Hinjewadi,14,30,2,2,1577,12775,0,29.162967660114145,0.0,0
University,Hinjewadi,15,30,2,0,1578,12430,0,28.3574144486692,0.0,1
University,Hinjewadi,15,30,2,1,1970,14464,0,26.431675126903553,0.0,0
University,Hinjewadi,15,30,2,2,1944,16851,0,31.205555555555552,0.0,0
University,Hinjewadi,16,30,2,0,1688,12430,0,26.50947867298578,0.0,1
University,Hinjewadi,16,30,2,1,2124,14464,0,24.515254237288136,0.0,0
University,Hinjewadi,16,30,2,2,2048,16851,0,29.6208984375,0.0,0
University,Hinjewadi,17,30,2,0,1861,12430,0,24.04513702310586,0.0,1
University,Hinjewadi,17,30,2,1,2201,16851,0,27.56183552930486,0.0,0
University,Hinjewadi,17,30,2,2,2351,14464,0,22.14819225861336,0.0,0
University,Hinjewadi,18,30,2,0,1974,12430,0,22.66869300911854,0.0,1
University,Hinjewadi,18,30,2,1,2292,16851,0,26.467539267015702,0.0,0
University,Hinjewadi,18,30,2,2,2473,14464,0,21.05556004852406,0.0,0
University,Hinjewadi,19,30,2,0,1842,12430,0,24.29315960912052,0.0,1
University,Hinjewadi,19,30,2,1,2316,14464,0,22.482901554404148,0.0,0
University,Hinjewadi,19,30,2,2,2193,16851,0,27.662380300957594,0.0,0
University,Hinjewadi,20,30,2,0,1597,12430,0,28.020037570444583,0.0,1
University,Hinjewadi,20,30,2,1,2009,14464,0,25.918566450970633,0.0,0
University,Hinjewadi,20,30,2,2,1621,12775,0,28.37137569401604,0.0,0
University,Hinjewadi,21,30,2,0,1378,12430,0,32.47314949201741,0.0,1
University,Hinjewadi,21,30,2,1,1719,14464,0,30.291099476439793,0.0,0
University,Hinjewadi,21,30,2,2,1403,12775,0,32.77975766215253,0.0,0
University,Hinjewadi,22,30,2,0,1323,12430,0,33.82312925170068,0.0,1
University,Hinjewadi,22,30,2,1,1661,14464,0,31.348826008428656,0.0,0
University,Hinjewadi,22,30,2,2,1348,12775,0,34.11721068249258,0.0,0
University,Hinjewadi,23,30,2,0,1323,12430,0,33.82312925170068,0.0,1
University,Hinjewadi,23,30,2,1,1661,14464,0,31.348826008428656,0.0,0
University,Hinjewadi,23,30,2,2,1348,12775,0,34.11721068249258,0.0,0
University,Hinjewadi,6,30,3,0,1352,12430,0,33.09763313609468,0.0,1
University,Hinjewadi,6,30,3,1,1704,14464,0,30.55774647887324,0.0,0
University,Hinjewadi,6,30,3,2,1378,12775,0,33.3744557329463,0.0,0
University,Hinjewadi,7,30,3,0,1418,12430,0,31.55712270803949,0.0,1
University,Hinjewadi,7,30,3,1,1792,14464,0,29.05714285714286,0.0,0
University,Hinjewadi,7,30,3,2,1443,12775,0,31.871101871101875,0.0,0
University,Hinjewadi,8,30,3,0,1497,12430,0,29.89178356713427,0.0,1
University,Hinjewadi,8,30,3,1,1891,14464,0,27.53590692755156,0.0,0
University,Hinjewadi,8,30,3,2,1517,12775,0,30.316413974950564,0.0,0
University,Hinjewadi,9,30,3,0,1508,12430,0,29.6737400530504,0.0,1
University,Hinjewadi,9,30,3,1,1918,14464,0,27.14827945776851,0.0,0
University,Hinjewadi,9,30,3,2,1527,12775,0,30.11787819253438,0.0,0
University,Hinjewadi,10,30,3,0,1540,12430,0,29.057142857142857,0.0,1
University,Hinjewadi,10,30,3,1,1985,14464,0,26.231939546599495,0.0,0
University,Hinjewadi,10,30,3,2,1557,12775,0,29.537572254335263,0.0,0
University,Hinjewadi,11,30,3,0,1584,12430,0,28.25,0.0,1
University,Hinjewadi,11,30,3,1,2076,14464,0,25.082080924855493,0.0,0
University,Hinjewadi,11,30,3,2,1605,12775,0,28.654205607476634,0.0,0
University,Hinjewadi,12,30,3,0,1596,12430,0,28.037593984962403,0.0,1
University,Hinjewadi,12,30,3,1,2123,14464,0,24.526801695713612,0.0,0
University,Hinjewadi,12,30,3,2,1621,12775,0,28.37137569401604,0.0,0
University,Hinjewadi,13,30,3,0,1590,12430,0,28.143396226415096,0.0,1
University,Hinjewadi,13,30,3,1,2126,14464,0,24.49219190968956,0.0,0
University,Hinjewadi,13,30,3,2,1625,12775,0,28.301538461538463,0.0,0
University,Hinjewadi,14,30,3,0,1584,12430,0,28.25,0.0,1
University,Hinjewadi,14,30,3,1,2112,14464,0,24.654545454545456,0.0,0
University,Hinjewadi,14,30,3,2,1619,12775,0,28.406423718344655,0.0,0
University,Hinjewadi,15,30,3,0,1593,12430,0,28.090395480225986,0.0,1
University,Hinjewadi,15,30,3,1,2111,14464,0,24.666224538133587,0.0,0
University,Hinjewadi,15,30,3,2,1624,12775,0,28.318965517241377,0.0,0
University,Hinjewadi,16,30,3,0,1663,12430,0,26.90799759470836,0.0,1
University,Hinjewadi,16,30,3,1,2170,14464,0,23.99557603686636,0.0,0
University,Hinjewadi,16,30,3,2,2056,16851,0,29.5056420233463,0.0,0
University,Hinjewadi,17,30,3,0,1776,12430,0,25.195945945945944,0.0,1
University,Hinjewadi,17,30,3,1,2250,14464,0,23.142400000000002,0.0,0
University,Hinjewadi,17,30,3,2,2121,16851,0,28.601414427157003,0.0,0
University,Hinjewadi,18,30,3,0,1842,12833,0,25.080781758957652,0.0,1
University,Hinjewadi,18,30,3,1,2268,14464,0,22.95873015873016,0.0,0
University,Hinjewadi,18,30,3,2,2149,16851,0,28.22875756165658,0.0,0
University,Hinjewadi,19,30,3,0,1759,12430,0,25.439454235361,0.0,1
University,Hinjewadi,19,30,3,1,2181,14464,0,23.87455295735901,0.0,0
University,Hinjewadi,19,30,3,2,2099,16851,0,28.901191043353975,0.0,0
University,Hinjewadi,20,30,3,0,1585,12430,0,28.23217665615142,0.0,1
University,Hinjewadi,20,30,3,1,1992,14464,0,26.13975903614458,0.0,0
University,Hinjewadi,20,30,3,2,1608,12775,0,28.600746268656717,0.0,0
University,Hinjewadi,21,30,3,0,1380,12430,0,32.426086956521736,0.0,1
University,Hinjewadi,21,30,3,1,1722,14464,0,30.238327526132405,0.0,0
University,Hinjewadi,21,30,3,2,1405,12775,0,32.73309608540925,0.0,0
University,Hinjewadi,22,30,3,0,1323,12430,0,33.82312925170068,0.0,1
University,Hinjewadi,22,30,3,1,1660,14464,0,31.367710843373494,0.0,0
University,Hinjewadi,22,30,3,2,1348,12775,0,34.11721068249258,0.0,0
University,Hinjewadi,23,30,3,0,1323,12430,0,33.82312925170068,0.0,1
University,Hinjewadi,23,30,3,1,1660,14464,0,31.367710843373494,0.0,0
University,Hinjewadi,23,30,3,2,1348,12775,0,34.11721068249258,0.0,0
University,Hinjewadi,6,30,4,0,1345,12430,0,33.26988847583643,0.0,1
University,Hinjewadi,6,30,4,1,1690,14464,0,30.810887573964497,0.0,0
University,Hinjewadi,6,30,4,2,1371,12775,0,33.544857768052516,0.0,0
University,Hinjewadi,7,30,4,0,1388,12430,0,32.23919308357349,0.0,1
University,Hinjewadi,7,30,4,1,1759,14464,0,29.602274019329165,0.0,0
University,Hinjewadi,7,30,4,2,1415,12775,0,32.5017667844523,0.0,0
University,Hinjewadi,8,30,4,0,1428,12430,0,31.33613445378151,0.0,1
University,Hinjewadi,8,30,4,1,1820,14464,0,28.610109890109893,0.0,0
University,Hinjewadi,8,30,4,2,1455,12775,0,31.608247422680414,0.0,0
University,Hinjewadi,9,30,4,0,1434,12430,0,31.205020920502093,0.0,1
University,Hinjewadi,9,30,4,1,1804,14464,0,28.86385809312639,0.0,0
University,Hinjewadi,9,30,4,2,1461,12775,0,31.478439425051338,0.0,0
University,Hinjewadi,10,30,4,0,1464,12430,0,30.565573770491802,0.0,1
University,Hinjewadi,10,30,4,1,1829,14464,0,28.469327501366866,0.0,0
University,Hinjewadi,10,30,4,2,1490,12775,0,30.86577181208054,0.0,0
University,Hinjewadi,11,30,4,0,1496,12430,0,29.91176470588235,0.0,1
University,Hinjewadi,11,30,4,1,1867,14464,0,27.88987680771291,0.0,0
University,Hinjewadi,11,30,4,2,1526,12775,0,30.137614678899084,0.0,0
University,Hinjewadi,12,30,4,0,1505,12430,0,29.732890365448505,0.0,1
University,Hinjewadi,12,30,4,1,1878,14464,0,27.726517571884987,0.0,0
University,Hinjewadi,12,30,4,2,1538,12775,0,29.902470741222366,0.0,0
University,Hinjewadi,13,30,4,0,1498,12430,0,29.871829105473964,0.0,1
University,Hinjewadi,13,30,4,1,1867,14464,0,27.88987680771291,0.0,0
University,Hinjewadi,13,30,4,2,1538,12775,0,29.902470741222366,0.0,0
University,Hinjewadi,14,30,4,0,1507,12430,0,29.693430656934307,0.0,1
University,Hinjewadi,14,30,4,1,1848,14464,0,28.17662337662338,0.0,0
University,Hinjewadi,14,30,4,2,1543,12775,0,29.80557355800389,0.0,0
University,Hinjewadi,15,30,4,0,1530,12430,0,29.24705882352941,0.0,1
University,Hinjewadi,15,30,4,1,1854,14464,0,28.085436893203884,0.0,0
University,Hinjewadi,15,30,4,2,1887,16851,0,32.14817170111287,0.0,0
University,Hinjewadi,16,30,4,0,1576,12430,0,28.393401015228427,0.0,1
University,Hinjewadi,16,30,4,1,1909,14464,0,27.27627029858565,0.0,0
University,Hinjewadi,16,30,4,2,1930,16851,0,31.431917098445595,0.0,0
University,Hinjewadi,17,30,4,0,1635,12430,0,27.368807339449543,0.0,1
University,Hinjewadi,17,30,4,1,1984,14464,0,26.24516129032258,0.0,0
University,Hinjewadi,17,30,4,2,1992,16851,0,30.453614457831325,0.0,0
University,Hinjewadi,18,30,4,0,1658,12430,0,26.989143546441497,0.0,1
University,Hinjewadi,18,30,4,1,2034,14464,0,25.6,0.0,0
University,Hinjewadi,18,30,4,2,2032,16851,0,29.854133858267716,0.0,0
University,Hinjewadi,19,30,4,0,1603,12430,0,27.91515907673113,0.0,1
University,Hinjewadi,19,30,4,1,2011,14464,0,25.892789656887125,0.0,0
University,Hinjewadi,19,30,4,2,1622,12775,0,28.353884093711468,0.0,0
University,Hinjewadi,20,30,4,0,1499,12430,0,29.851901267511675,0.0,1
University,Hinjewadi,20,30,4,1,1897,14464,0,27.4488139167106,0.0,0
University,Hinjewadi,20,30,4,2,1527,12775,0,30.11787819253438,0.0,0
University,Hinjewadi,21,30,4,0,1365,12430,0,32.78241758241758,0.0,1
University,Hinjewadi,21,30,4,1,1708,14464,0,30.486182669789226,0.0,0
University,Hinjewadi,21,30,4,2,1392,12775,0,33.03879310344828,0.0,0
University,Hinjewadi,22,30,4,0,1323,12430,0,33.82312925170068,0.0,1
University,Hinjewadi,22,30,4,1,1660,14464,0,31.367710843373494,0.0,0
University,Hinjewadi,22,30,4,2,1348,12775,0,34.11721068249258,0.0,0
University,Hinjewadi,23,30,4,0,1323,12430,0,33.82312925170068,0.0,1
University,Hinjewadi,23,30,4,1,1660,14464,0,31.367710843373494,0.0,0
University,Hinjewadi,23,30,4,2,1348,12775,0,34.11721068249258,0.0,0
University,Hinjewadi,6,30,5,0,1369,12430,0,32.68663257852447,0.0,1
University,Hinjewadi,6,30,5,1,1733,14464,0,30.046393537218698,0.0,0
University,Hinjewadi,6,30,5,2,1395,12775,0,32.96774193548387,0.0,0
University,Hinjewadi,7,30,5,0,1494,12430,0,29.951807228915662,0.0,1
University,Hinjewadi,7,30,5,1,1895,14464,0,27.47778364116095,0.0,0
University,Hinjewadi,7,30,5,2,1517,12775,0,30.316413974950564,0.0,0
University,Hinjewadi,8,30,5,0,1615,12430,0,27.707739938080493,0.0,1
University,Hinjewadi,8,30,5,1,2070,14464,0,25.154782608695655,0.0,0
University,Hinjewadi,8,30,5,2,1634,12775,0,28.145654834761324,0.0,0
University,Hinjewadi,9,30,5,0,1646,12430,0,27.185905224787366,0.0,1
University,Hinjewadi,9,30,5,1,2134,14464,0,24.40037488284911,0.0,0
University,Hinjewadi,9,30,5,2,1892,14973,0,28.489852008456662,0.0,0
University,Hinjewadi,10,30,5,0,1680,12430,0,26.635714285714286,0.0,1
University,Hinjewadi,10,30,5,1,2205,14464,0,23.61469387755102,0.0,0
University,Hinjewadi,10,30,5,2,1930,14973,0,27.928911917098446,0.0,0
University,Hinjewadi,11,30,5,0,1680,12430,0,26.635714285714286,0.0,1
University,Hinjewadi,11,30,5,1,2210,14464,0,23.561266968325793,0.0,0
University,Hinjewadi,11,30,5,2,1695,12775,0,27.13274336283186,0.0,0
University,Hinjewadi,12,30,5,0,1639,12430,0,27.302013422818792,0.0,1
University,Hinjewadi,12,30,5,1,2152,14464,0,24.196282527881042,0.0,0
University,Hinjewadi,12,30,5,2,1661,12775,0,27.688139674894643,0.0,0
University,Hinjewadi,13,30,5,0,1562,12430,0,28.64788732394366,0.0,1
University,Hinjewadi,13,30,5,1,1996,14464,0,26.087374749499002,0.0,0
University,Hinjewadi,13,30,5,2,1595,12775,0,28.833855799373044,0.0,0
University,Hinjewadi,14,30,5,0,1537,12430,0,29.113858165256993,0.0,1
University,Hinjewadi,14,30,5,1,1925,14464,0,27.049558441558442,0.0,0
University,Hinjewadi,14,30,5,2,1566,12775,0,29.367816091954023,0.0,0
University,Hinjewadi,15,30,5,0,1574,12430,0,28.429479034307494,0.0,1
University,Hinjewadi,15,30,5,1,1961,14464,0,26.552983171851096,0.0,0
University,Hinjewadi,15,30,5,2,1597,12775,0,28.797745773324984,0.0,0
University,Hinjewadi,16,30,5,0,1685,12430,0,26.5566765578635,0.0,1
University,Hinjewadi,16,30,5,1,2120,14464,0,24.561509433962264,0.0,0
University,Hinjewadi,16,30,5,2,2042,16851,0,29.707933398628796,0.0,0
University,Hinjewadi,17,30,5,0,1857,12430,0,24.09693053311793,0.0,1
University,Hinjewadi,17,30,5,1,2181,16851,0,27.814580467675377,0.0,0
University,Hinjewadi,17,30,5,2,2342,14464,0,22.2333048676345,0.0,0
University,Hinjewadi,18,30,5,0,1968,12430,0,22.73780487804878,0.0,1
University,Hinjewadi,18,30,5,1,2262,16851,0,26.818567639257296,0.0,0
University,Hinjewadi,18,30,5,2,2460,14464,0,21.166829268292684,0.0,0
University,Hinjewadi,19,30,5,0,1816,12430,0,24.640969162995592,0.0,1
University,Hinjewadi,19,30,5,1,2298,14464,0,22.659007832898173,0.0,0
University,Hinjewadi,19,30,5,2,2164,16851,0,28.033086876155263,0.0,0
University,Hinjewadi,20,30,5,0,1567,12430,0,28.556477345245693,0.0,1
University,Hinjewadi,20,30,5,1,1989,14464,0,26.179185520361994,0.0,0
University,Hinjewadi,20,30,5,2,1593,12775,0,28.870056497175142,0.0,0
University,Hinjewadi,21,30,5,0,1373,12430,0,32.59140568099053,0.0,1
University,Hinjewadi,21,30,5,1,1717,14464,0,30.32638322655795,0.0,0
University,Hinjewadi,21,30,5,2,1399,12775,0,32.873481057898495,0.0,0
University,Hinjewadi,22,30,5,0,1323,12430,0,33.82312925170068,0.0,1
University,Hinjewadi,22,30,5,1,1661,14464,0,31.348826008428656,0.0,0
University,Hinjewadi,22,30,5,2,1348,12775,0,34.11721068249258,0.0,0
University,Hinjewadi,23,30,5,0,1323,12430,0,33.82312925170068,0.0,1
University,Hinjewadi,23,30,5,1,1661,14464,0,31.348826008428656,0.0,0
University,Hinjewadi,23,30,5,2,1348,12775,0,34.11721068249258,0.0,0
University,Hinjewadi,6,30,6,0,1372,12430,0,32.61516034985423,0.0,1
University,Hinjewadi,6,30,6,1,1727,14464,0,30.15078170237406,0.0,0
University,Hinjewadi,6,30,6,2,1399,12775,0,32.873481057898495,0.0,0
University,Hinjewadi,7,30,6,0,1519,12430,0,29.458854509545752,0.0,1
University,Hinjewadi,7,30,6,1,1917,14464,0,27.16244131455399,0.0,0
University,Hinjewadi,7,30,6,2,1550,12775,0,29.670967741935485,0.0,0
University,Hinjewadi,8,30,6,0,1666,12430,0,26.85954381752701,0.0,1
University,Hinjewadi,8,30,6,1,2113,14402,0,24.537245622337906,0.0,0
University,Hinjewadi,8,30,6,2,1924,14973,0,28.016008316008314,0.0,0
University,Hinjewadi,9,30,6,0,1710,12430,0,26.16842105263158,0.0,1
University,Hinjewadi,9,30,6,1,2184,14402,0,23.73956043956044,0.0,0
University,Hinjewadi,9,30,6,2,1949,14973,0,27.656644433042587,0.0,0
University,Hinjewadi,10,30,6,0,1753,12430,0,25.526525955504848,0.0,1
University,Hinjewadi,10,30,6,1,2263,14402,0,22.910826336721165,0.0,0
University,Hinjewadi,10,30,6,2,1993,14973,0,27.046061214249875,0.0,0
University,Hinjewadi,11,30,6,0,1748,12430,0,25.599542334096107,0.0,1
University,Hinjewadi,11,30,6,1,2270,14402,0,22.840176211453745,0.0,0
University,Hinjewadi,11,30,6,2,2017,14973,0,26.7242439266237,0.0,0
University,Hinjewadi,12,30,6,0,1688,12430,0,26.50947867298578,0.0,1
University,Hinjewadi,12,30,6,1,2202,14402,0,23.545504087193457,0.0,0
University,Hinjewadi,12,30,6,2,1706,12775,0,26.957796014067995,0.0,0
University,Hinjewadi,13,30,6,0,1591,12430,0,28.12570710245129,0.0,1
University,Hinjewadi,13,30,6,1,2040,14464,0,25.524705882352944,0.0,0
University,Hinjewadi,13,30,6,2,1625,12775,0,28.301538461538463,0.0,0
University,Hinjewadi,14,30,6,0,1554,12430,0,28.795366795366796,0.0,1
University,Hinjewadi,14,30,6,1,1965,14464,0,26.498931297709927,0.0,0
University,Hinjewadi,14,30,6,2,1588,12775,0,28.96095717884131,0.0,0
University,Hinjewadi,15,30,6,0,1589,12430,0,28.161107614852106,0.0,1
University,Hinjewadi,15,30,6,1,2009,14464,0,25.918566450970633,0.0,0
University,Hinjewadi,15,30,6,2,1616,12775,0,28.459158415841586,0.0,0
University,Hinjewadi,16,30,6,0,1707,12430,0,26.214411247803163,0.0,1
University,Hinjewadi,16,30,6,1,2187,14464,0,23.809053497942386,0.0,0
University,Hinjewadi,16,30,6,2,2083,16851,0,29.123187710033605,0.0,0
University,Hinjewadi,17,30,6,0,1886,12430,0,23.72640509013786,0.0,1
University,Hinjewadi,17,30,6,1,2241,16851,0,27.069879518072284,0.0,0
University,Hinjewadi,17,30,6,2,2424,14464,0,21.481188118811883,0.0,0
University,Hinjewadi,18,30,6,0,2001,12430,0,22.36281859070465,0.0,1
University,Hinjewadi,18,30,6,1,2313,16851,0,26.227237354085602,0.0,0
University,Hinjewadi,18,30,6,2,2523,14464,0,20.63828775267539,0.0,0
University,Hinjewadi,19,30,6,0,1846,12430,0,24.240520043336943,0.0,1
University,Hinjewadi,19,30,6,1,2322,14464,0,22.42480620155039,0.0,0
University,Hinjewadi,19,30,6,2,2178,16851,0,27.85289256198347,0.0,0
University,Hinjewadi,20,30,6,0,1583,12430,0,28.267845862286794,0.0,1
University,Hinjewadi,20,30,6,1,1990,14464,0,26.16603015075377,0.0,0
University,Hinjewadi,20,30,6,2,1973,16851,0,30.746882919412062,0.0,0
University,Hinjewadi,21,30,6,0,1375,12430,0,32.544000000000004,0.0,1
University,Hinjewadi,21,30,6,1,1716,14464,0,30.344055944055945,0.0,0
University,Hinjewadi,21,30,6,2,1400,12775,0,32.85,0.0,0
University,Hinjewadi,22,30,6,0,1323,12430,0,33.82312925170068,0.0,1
University,Hinjewadi,22,30,6,1,1661,14464,0,31.348826008428656,0.0,0
University,Hinjewadi,22,30,6,2,1348,12775,0,34.11721068249258,0.0,0
University,Hinjewadi,23,30,6,0,1323,12430,0,33.82312925170068,0.0,1
University,Hinjewadi,23,30,6,1,1661,14464,0,31.348826008428656,0.0,0
University,Hinjewadi,23,30,6,2,1348,12775,0,34.11721068249258,0.0,0
University,Hinjewadi,6,30,0,0,1371,12430,0,32.63894967177242,0.0,1
University,Hinjewadi,6,30,0,1,1745,14464,0,29.839770773638968,0.0,0
University,Hinjewadi,6,30,0,2,1398,12775,0,32.896995708154506,0.0,0
University,Hinjewadi,7,30,0,0,1515,12430,0,29.536633663366334,0.0,1
University,Hinjewadi,7,30,0,1,1923,14464,0,27.077691107644306,0.0,0
University,Hinjewadi,7,30,0,2,1537,12775,0,29.92192582953806,0.0,0
University,Hinjewadi,8,30,0,0,1662,12430,0,26.924187725631768,0.0,1
University,Hinjewadi,8,30,0,1,2125,14464,0,24.503717647058824,0.0,0
University,Hinjewadi,8,30,0,2,1911,14973,0,28.206593406593406,0.0,0
University,Hinjewadi,9,30,0,0,1699,12430,0,26.337845791642142,0.0,1
University,Hinjewadi,9,30,0,1,2188,14464,0,23.798171846435103,0.0,0
University,Hinjewadi,9,30,0,2,1930,14973,0,27.928911917098446,0.0,0
University,Hinjewadi,10,30,0,0,1737,12430,0,25.761658031088082,0.0,1
University,Hinjewadi,10,30,0,1,2263,14464,0,23.00945647370747,0.0,0
University,Hinjewadi,10,30,0,2,1972,14973,0,27.334077079107505,0.0,0
University,Hinjewadi,11,30,0,0,1733,12430,0,25.821119446047316,0.0,1
University,Hinjewadi,11,30,0,1,2127,16851,0,28.520733427362483,0.0,0
University,Hinjewadi,11,30,0,2,1747,12775,0,26.325128792215228,0.0,0
University,Hinjewadi,12,30,0,0,1678,12430,0,26.66746126340882,0.0,1
University,Hinjewadi,12,30,0,1,2215,14464,0,23.508081264108352,0.0,0
University,Hinjewadi,12,30,0,2,1699,12775,0,27.06886403766922,0.0,0
University,Hinjewadi,13,30,0,0,1582,12430,0,28.285714285714285,0.0,1
University,Hinjewadi,13,30,0,1,2064,14464,0,25.227906976744187,0.0,0
University,Hinjewadi,13,30,0,2,1616,12775,0,28.459158415841586,0.0,0
University,Hinjewadi,14,30,0,0,1549,12430,0,28.888315041962557,0.0,1
University,Hinjewadi,14,30,0,1,1981,14464,0,26.28490661282181,0.0,0
University,Hinjewadi,14,30,0,2,1579,12775,0,29.126029132362255,0.0,0
University,Hinjewadi,15,30,0,0,1592,12430,0,28.108040201005025,0.0,1
University,Hinjewadi,15,30,0,1,2024,14464,0,25.72648221343874,0.0,0
University,Hinjewadi,15,30,0,2,1616,12775,0,28.459158415841586,0.0,0
University,Hinjewadi,16,30,0,0,1713,12430,0,26.122591943957968,0.0,1
University,Hinjewadi,16,30,0,1,2204,14464,0,23.625408348457352,0.0,0
University,Hinjewadi,16,30,0,2,2091,16851,0,29.011764705882353,0.0,0
University,Hinjewadi,17,30,0,0,1893,12430,0,23.638668779714735,0.0,1
University,Hinjewadi,17,30,0,1,2256,16851,0,26.889893617021272,0.0,0
University,Hinjewadi,17,30,0,2,2445,14464,0,21.296687116564417,0.0,0
University,Hinjewadi,18,30,0,0,2000,12430,0,22.374,0.0,1
University,Hinjewadi,18,30,0,1,2330,16851,0,26.035879828326177,0.0,0
University,Hinjewadi,18,30,0,2,2548,14464,0,20.435792778649922,0.0,0
University,Hinjewadi,19,30,0,0,1842,12430,0,24.29315960912052,0.0,1
University,Hinjewadi,19,30,0,1,2193,16851,0,27.662380300957594,0.0,0
University,Hinjewadi,19,30,0,2,2345,14464,0,22.204861407249467,0.0,0
University,Hinjewadi,20,30,0,0,1582,12430,0,28.285714285714285,0.0,1
University,Hinjewadi,20,30,0,1,2007,14464,0,25.94439461883408,0.0,0
University,Hinjewadi,20,30,0,2,1605,12775,0,28.654205607476634,0.0,0
University,Hinjewadi,21,30,0,0,1375,12430,0,32.544000000000004,0.0,1
University,Hinjewadi,21,30,0,1,1719,14464,0,30.291099476439793,0.0,0
University,Hinjewadi,21,30,0,2,1400,12775,0,32.85,0.0,0
University,Hinjewadi,22,30,0,0,1323,12430,0,33.82312925170068,0.0,1
University,Hinjewadi,22,30,0,1,1661,14464,0,31.348826008428656,0.0,0
University,Hinjewadi,22,30,0,2,1348,12775,0,34.11721068249258,0.0,0
University,Hinjewadi,23,30,0,0,1323,12430,0,33.82312925170068,0.0,1
University,Hinjewadi,23,30,0,1,1661,14464,0,31.348826008428656,0.0,0
University,Hinjewadi,23,30,0,2,1348,12775,0,34.11721068249258,0.0,0
University,Hinjewadi,6,30,1,0,1367,12430,0,32.73445501097293,0.0,1
University,Hinjewadi,6,30,1,1,1741,14464,0,29.90832854681218,0.0,0
University,Hinjewadi,6,30,1,2,1395,12775,0,32.96774193548387,0.0,0
University,Hinjewadi,7,30,1,0,1494,12430,0,29.951807228915662,0.0,1
University,Hinjewadi,7,30,1,1,1936,14464,0,26.895867768595043,0.0,0
University,Hinjewadi,7,30,1,2,1525,12775,0,30.15737704918033,0.0,0
University,Hinjewadi,8,30,1,0,1615,12430,0,27.707739938080493,0.0,1
University,Hinjewadi,8,30,1,1,2080,14464,0,25.033846153846156,0.0,0
University,Hinjewadi,8,30,1,2,1639,12775,0,28.059792556436854,0.0,0
University,Hinjewadi,9,30,1,0,1647,12430,0,27.169398907103822,0.0,1
University,Hinjewadi,9,30,1,1,2121,14464,0,24.549929278642153,0.0,0
University,Hinjewadi,9,30,1,2,1897,14973,0,28.414760147601477,0.0,0
University,Hinjewadi,10,30,1,0,1689,12430,0,26.493783303730016,0.0,1
University,Hinjewadi,10,30,1,1,2195,14464,0,23.722277904328017,0.0,0
University,Hinjewadi,10,30,1,2,1942,14973,0,27.75633367662204,0.0,0
University,Hinjewadi,11,30,1,0,1696,12430,0,26.38443396226415,0.0,1
University,Hinjewadi,11,30,1,1,2211,14464,0,23.550610583446407,0.0,0
University,Hinjewadi,11,30,1,2,1708,12775,0,26.926229508196723,0.0,0
University,Hinjewadi,12,30,1,0,1654,12430,0,27.05441354292624,0.0,1
University,Hinjewadi,12,30,1,1,2156,14464,0,24.15139146567718,0.0,0
University,Hinjewadi,12,30,1,2,1670,12775,0,27.538922155688624,0.0,0
University,Hinjewadi,13,30,1,0,1576,12430,0,28.393401015228427,0.0,1
University,Hinjewadi,13,30,1,1,2014,14464,0,25.854220456802384,0.0,0
University,Hinjewadi,13,30,1,2,1605,12775,0,28.654205607476634,0.0,0
University,Hinjewadi,14,30,1,0,1547,12430,0,28.925662572721397,0.0,1
University,Hinjewadi,14,30,1,1,1948,14464,0,26.730184804928133,0.0,0
University,Hinjewadi,14,30,1,2,1579,12775,0,29.126029132362255,0.0,0
University,Hinjewadi,15,30,1,0,1578,12430,0,28.3574144486692,0.0,1
University,Hinjewadi,15,30,1,1,1983,14464,0,26.258396369137674,0.0,0
University,Hinjewadi,15,30,1,2,1608,12775,0,28.600746268656717,0.0,0
University,Hinjewadi,16,30,1,0,1684,12430,0,26.572446555819475,0.0,1
University,Hinjewadi,16,30,1,1,2138,14464,0,24.35472404115996,0.0,0
University,Hinjewadi,16,30,1,2,2067,16851,0,29.34862119013062,0.0,0
University,Hinjewadi,17,30,1,0,1852,12430,0,24.161987041036713,0.0,1
University,Hinjewadi,17,30,1,1,2359,14464,0,22.073081814328106,0.0,0
University,Hinjewadi,17,30,1,2,2211,16851,0,27.43717774762551,0.0,0
University,Hinjewadi,18,30,1,0,1964,12430,0,22.784114052953157,0.0,1
University,Hinjewadi,18,30,1,1,2274,16851,0,26.677044854881263,0.0,0
University,Hinjewadi,18,30,1,2,2454,14464,0,21.218581907090467,0.0,0
University,Hinjewadi,19,30,1,0,1816,12430,0,24.640969162995592,0.0,1
University,Hinjewadi,19,30,1,1,2268,14464,0,22.95873015873016,0.0,0
University,Hinjewadi,19,30,1,2,2156,16851,0,28.137105751391463,0.0,0
University,Hinjewadi,20,30,1,0,1571,12430,0,28.483768300445576,0.0,1
University,Hinjewadi,20,30,1,1,1970,14464,0,26.431675126903553,0.0,0
University,Hinjewadi,20,30,1,2,1591,12775,0,28.906348208673794,0.0,0
University,Hinjewadi,21,30,1,0,1373,12430,0,32.59140568099053,0.0,1
University,Hinjewadi,21,30,1,1,1713,14464,0,30.39719789842382,0.0,0
University,Hinjewadi,21,30,1,2,1398,12775,0,32.896995708154506,0.0,0
University,Hinjewadi,22,30,1,0,1323,12430,0,33.82312925170068,0.0,1
University,Hinjewadi,22,30,1,1,1661,14464,0,31.348826008428656,0.0,0
University,Hinjewadi,22,30,1,2,1348,12775,0,34.11721068249258,0.0,0
University,Hinjewadi,23,30,1,0,1323,12430,0,33.82312925170068,0.0,1
University,Hinjewadi,23,30,1,1,1661,14464,0,31.348826008428656,0.0,0
University,Hinjewadi,23,30,1,2,1348,12775,0,34.11721068249258,0.0,0
University,Hinjewadi,6,30,2,0,1362,12430,0,32.85462555066079,0.0,1
University,Hinjewadi,6,30,2,1,1730,14464,0,30.09849710982659,0.0,0
University,Hinjewadi,6,30,2,2,1386,12775,0,33.18181818181818,0.0,0
University,Hinjewadi,7,30,2,0,1464,12430,0,30.565573770491802,0.0,1
University,Hinjewadi,7,30,2,1,1881,14464,0,27.682296650717706,0.0,0
University,Hinjewadi,7,30,2,2,1486,12775,0,30.94885598923284,0.0,0
University,Hinjewadi,8,30,2,0,1575,12430,0,28.41142857142857,0.0,1
University,Hinjewadi,8,30,2,1,2021,14464,0,25.764670954972786,0.0,0
University,Hinjewadi,8,30,2,2,1593,12775,0,28.870056497175142,0.0,0
University,Hinjewadi,9,30,2,0,1603,12430,0,27.91515907673113,0.0,1
University,Hinjewadi,9,30,2,1,2050,14464,0,25.40019512195122,0.0,0
University,Hinjewadi,9,30,2,2,1616,12775,0,28.459158415841586,0.0,0
University,Hinjewadi,10,30,2,0,1647,12430,0,27.169398907103822,0.0,1
University,Hinjewadi,10,30,2,1,2113,14464,0,24.64287742546143,0.0,0
University,Hinjewadi,10,30,2,2,1659,12775,0,27.721518987341774,0.0,0
University,Hinjewadi,11,30,2,0,1667,12430,0,26.843431313737252,0.0,1
University,Hinjewadi,11,30,2,1,2152,14464,0,24.196282527881042,0.0,0
University,Hinjewadi,11,30,2,2,1683,12775,0,27.326203208556148,0.0,0
University,Hinjewadi,12,30,2,0,1643,12430,0,27.235544735240413,0.0,1
University,Hinjewadi,12,30,2,1,2129,14464,0,24.45767966181306,0.0,0
University,Hinjewadi,12,30,2,2,1665,12775,0,27.62162162162162,0.0,0
University,Hinjewadi,13,30,2,0,1576,12430,0,28.393401015228427,0.0,1
University,Hinjewadi,13,30,2,1,2023,14464,0,25.739199209095403,0.0,0
University,Hinjewadi,13,30,2,2,1610,12775,0,28.565217391304348,0.0,0
University,Hinjewadi,14,30,2,0,1548,12430,0,28.906976744186046,0.0,1
University,Hinjewadi,14,30,2,1,1949,14464,0,26.71646998460749,0.0,0
University,Hinjewadi,14,30,2,2,1577,12775,0,29.162967660114145,0.0,0
University,Hinjewadi,15,30,2,0,1578,12430,0,28.3574144486692,0.0,1
University,Hinjewadi,15,30,2,1,1970,14464,0,26.431675126903553,0.0,0
University,Hinjewadi,15,30,2,2,1944,16851,0,31.205555555555552,0.0,0
University,Hinjewadi,16,30,2,0,1688,12430,0,26.50947867298578,0.0,1
University,Hinjewadi,16,30,2,1,2124,14464,0,24.515254237288136,0.0,0
University,Hinjewadi,16,30,2,2,2048,16851,0,29.6208984375,0.0,0
University,Hinjewadi,17,30,2,0,1861,12430,0,24.04513702310586,0.0,1
University,Hinjewadi,17,30,2,1,2201,16851,0,27.56183552930486,0.0,0
University,Hinjewadi,17,30,2,2,2351,14464,0,22.14819225861336,0.0,0
University,Hinjewadi,18,30,2,0,1974,12430,0,22.66869300911854,0.0,1
University,Hinjewadi,18,30,2,1,2292,16851,0,26.467539267015702,0.0,0
University,Hinjewadi,18,30,2,2,2473,14464,0,21.05556004852406,0.0,0
University,Hinjewadi,19,30,2,0,1842,12430,0,24.29315960912052,0.0,1
University,Hinjewadi,19,30,2,1,2316,14464,0,22.482901554404148,0.0,0
University,Hinjewadi,19,30,2,2,2193,16851,0,27.662380300957594,0.0,0
University,Hinjewadi,20,30,2,0,1597,12430,0,28.020037570444583,0.0,1
University,Hinjewadi,20,30,2,1,2009,14464,0,25.918566450970633,0.0,0
University,Hinjewadi,20,30,2,2,1621,12775,0,28.37137569401604,0.0,0
University,Hinjewadi,21,30,2,0,1378,12430,0,32.47314949201741,0.0,1
University,Hinjewadi,21,30,2,1,1719,14464,0,30.291099476439793,0.0,0
University,Hinjewadi,21,30,2,2,1403,12775,0,32.77975766215253,0.0,0
University,Hinjewadi,22,30,2,0,1323,12430,0,33.82312925170068,0.0,1
University,Hinjewadi,22,30,2,1,1661,14464,0,31.348826008428656,0.0,0
University,Hinjewadi,22,30,2,2,1348,12775,0,34.11721068249258,0.0,0
University,Hinjewadi,23,30,2,0,1323,12430,0,33.82312925170068,0.0,1
University,Hinjewadi,23,30,2,1,1661,14464,0,31.348826008428656,0.0,0
University,Hinjewadi,23,30,2,2,1348,12775,0,34.11721068249258,0.0,0
University,Hinjewadi,6,30,3,0,1352,12430,0,33.09763313609468,0.0,1
University,Hinjewadi,6,30,3,1,1704,14464,0,30.55774647887324,0.0,0
University,Hinjewadi,6,30,3,2,1378,12775,0,33.3744557329463,0.0,0
University,Hinjewadi,7,30,3,0,1418,12430,0,31.55712270803949,0.0,1
University,Hinjewadi,7,30,3,1,1792,14464,0,29.05714285714286,0.0,0
University,Hinjewadi,7,30,3,2,1443,12775,0,31.871101871101875,0.0,0
University,Hinjewadi,8,30,3,0,1497,12430,0,29.89178356713427,0.0,1
University,Hinjewadi,8,30,3,1,1891,14464,0,27.53590692755156,0.0,0
University,Hinjewadi,8,30,3,2,1517,12775,0,30.316413974950564,0.0,0
University,Hinjewadi,9,30,3,0,1508,12430,0,29.6737400530504,0.0,1
University,Hinjewadi,9,30,3,1,1918,14464,0,27.14827945776851,0.0,0
University,Hinjewadi,9,30,3,2,1527,12775,0,30.11787819253438,0.0,0
University,Hinjewadi,10,30,3,0,1540,12430,0,29.057142857142857,0.0,1
University,Hinjewadi,10,30,3,1,1985,14464,0,26.231939546599495,0.0,0
University,Hinjewadi,10,30,3,2,1557,12775,0,29.537572254335263,0.0,0
University,Hinjewadi,11,30,3,0,1584,12430,0,28.25,0.0,1
University,Hinjewadi,11,30,3,1,2076,14464,0,25.082080924855493,0.0,0
University,Hinjewadi,11,30,3,2,1605,12775,0,28.654205607476634,0.0,0
University,Hinjewadi,12,30,3,0,1596,12430,0,28.037593984962403,0.0,1
University,Hinjewadi,12,30,3,1,2123,14464,0,24.526801695713612,0.0,0
University,Hinjewadi,12,30,3,2,1621,12775,0,28.37137569401604,0.0,0
University,Hinjewadi,13,30,3,0,1590,12430,0,28.143396226415096,0.0,1
University,Hinjewadi,13,30,3,1,2126,14464,0,24.49219190968956,0.0,0
University,Hinjewadi,13,30,3,2,1625,12775,0,28.301538461538463,0.0,0
University,Hinjewadi,14,30,3,0,1584,12430,0,28.25,0.0,1
University,Hinjewadi,14,30,3,1,2112,14464,0,24.654545454545456,0.0,0
University,Hinjewadi,14,30,3,2,1619,12775,0,28.406423718344655,0.0,0
University,Hinjewadi,15,30,3,0,1593,12430,0,28.090395480225986,0.0,1
University,Hinjewadi,15,30,3,1,2111,14464,0,24.666224538133587,0.0,0
University,Hinjewadi,15,30,3,2,1624,12775,0,28.318965517241377,0.0,0
University,Hinjewadi,16,30,3,0,1663,12430,0,26.90799759470836,0.0,1
University,Hinjewadi,16,30,3,1,2170,14464,0,23.99557603686636,0.0,0
University,Hinjewadi,16,30,3,2,2056,16851,0,29.5056420233463,0.0,0
University,Hinjewadi,17,30,3,0,1776,12430,0,25.195945945945944,0.0,1
University,Hinjewadi,17,30,3,1,2250,14464,0,23.142400000000002,0.0,0
University,Hinjewadi,17,30,3,2,2121,16851,0,28.601414427157003,0.0,0
University,Hinjewadi,18,30,3,0,1842,12833,0,25.080781758957652,0.0,1
University,Hinjewadi,18,30,3,1,2268,14464,0,22.95873015873016,0.0,0
University,Hinjewadi,18,30,3,2,2149,16851,0,28.22875756165658,0.0,0
University,Hinjewadi,19,30,3,0,1759,12430,0,25.439454235361,0.0,1
University,Hinjewadi,19,30,3,1,2181,14464,0,23.87455295735901,0.0,0
University,Hinjewadi,19,30,3,2,2099,16851,0,28.901191043353975,0.0,0
University,Hinjewadi,20,30,3,0,1585,12430,0,28.23217665615142,0.0,1
University,Hinjewadi,20,30,3,1,1992,14464,0,26.13975903614458,0.0,0
University,Hinjewadi,20,30,3,2,1608,12775,0,28.600746268656717,0.0,0
University,Hinjewadi,21,30,3,0,1380,12430,0,32.426086956521736,0.0,1
University,Hinjewadi,21,30,3,1,1722,14464,0,30.238327526132405,0.0,0
University,Hinjewadi,21,30,3,2,1405,12775,0,32.73309608540925,0.0,0
University,Hinjewadi,22,30,3,0,1323,12430,0,33.82312925170068,0.0,1
University,Hinjewadi,22,30,3,1,1660,14464,0,31.367710843373494,0.0,0
University,Hinjewadi,22,30,3,2,1348,12775,0,34.11721068249258,0.0,0
University,Hinjewadi,23,30,3,0,1323,12430,0,33.82312925170068,0.0,1
University,Hinjewadi,23,30,3,1,1660,14464,0,31.367710843373494,0.0,0
University,Hinjewadi,23,30,3,2,1348,12775,0,34.11721068249258,0.0,0
University,Hinjewadi,6,30,4,0,1345,12430,0,33.26988847583643,0.0,1
University,Hinjewadi,6,30,4,1,1690,14464,0,30.810887573964497,0.0,0
University,Hinjewadi,6,30,4,2,1371,12775,0,33.544857768052516,0.0,0
University,Hinjewadi,7,30,4,0,1388,12430,0,32.23919308357349,0.0,1
University,Hinjewadi,7,30,4,1,1759,14464,0,29.602274019329165,0.0,0
University,Hinjewadi,7,30,4,2,1415,12775,0,32.5017667844523,0.0,0
University,Hinjewadi,8,30,4,0,1428,12430,0,31.33613445378151,0.0,1
University,Hinjewadi,8,30,4,1,1820,14464,0,28.610109890109893,0.0,0
University,Hinjewadi,8,30,4,2,1455,12775,0,31.608247422680414,0.0,0
University,Hinjewadi,9,30,4,0,1434,12430,0,31.205020920502093,0.0,1
University,Hinjewadi,9,30,4,1,1804,14464,0,28.86385809312639,0.0,0
University,Hinjewadi,9,30,4,2,1461,12775,0,31.478439425051338,0.0,0
University,Hinjewadi,10,30,4,0,1464,12430,0,30.565573770491802,0.0,1
University,Hinjewadi,10,30,4,1,1829,14464,0,28.469327501366866,0.0,0
University,Hinjewadi,10,30,4,2,1490,12775,0,30.86577181208054,0.0,0
University,Hinjewadi,11,30,4,0,1496,12430,0,29.91176470588235,0.0,1
University,Hinjewadi,11,30,4,1,1867,14464,0,27.88987680771291,0.0,0
University,Hinjewadi,11,30,4,2,1526,12775,0,30.137614678899084,0.0,0
University,Hinjewadi,12,30,4,0,1505,12430,0,29.732890365448505,0.0,1
University,Hinjewadi,12,30,4,1,1878,14464,0,27.726517571884987,0.0,0
University,Hinjewadi,12,30,4,2,1538,12775,0,29.902470741222366,0.0,0
University,Hinjewadi,13,30,4,0,1498,12430,0,29.871829105473964,0.0,1
University,Hinjewadi,13,30,4,1,1867,14464,0,27.88987680771291,0.0,0
University,Hinjewadi,13,30,4,2,1538,12775,0,29.902470741222366,0.0,0
University,Hinjewadi,14,30,4,0,1507,12430,0,29.693430656934307,0.0,1
University,Hinjewadi,14,30,4,1,1848,14464,0,28.17662337662338,0.0,0
University,Hinjewadi,14,30,4,2,1543,12775,0,29.80557355800389,0.0,0
University,Hinjewadi,15,30,4,0,1530,12430,0,29.24705882352941,0.0,1
University,Hinjewadi,15,30,4,1,1854,14464,0,28.085436893203884,0.0,0
University,Hinjewadi,15,30,4,2,1887,16851,0,32.14817170111287,0.0,0
University,Hinjewadi,16,30,4,0,1576,12430,0,28.393401015228427,0.0,1
University,Hinjewadi,16,30,4,1,1909,14464,0,27.27627029858565,0.0,0
University,Hinjewadi,16,30,4,2,1930,16851,0,31.431917098445595,0.0,0
University,Hinjewadi,17,30,4,0,1635,12430,0,27.368807339449543,0.0,1
University,Hinjewadi,17,30,4,1,1984,14464,0,26.24516129032258,0.0,0
University,Hinjewadi,17,30,4,2,1992,16851,0,30.453614457831325,0.0,0
University,Hinjewadi,18,30,4,0,1658,12430,0,26.989143546441497,0.0,1
University,Hinjewadi,18,30,4,1,2034,14464,0,25.6,0.0,0
University,Hinjewadi,18,30,4,2,2032,16851,0,29.854133858267716,0.0,0
University,Hinjewadi,19,30,4,0,1603,12430,0,27.91515907673113,0.0,1
University,Hinjewadi,19,30,4,1,2011,14464,0,25.892789656887125,0.0,0
University,Hinjewadi,19,30,4,2,1622,12775,0,28.353884093711468,0.0,0
University,Hinjewadi,20,30,4,0,1499,12430,0,29.851901267511675,0.0,1
University,Hinjewadi,20,30,4,1,1897,14464,0,27.4488139167106,0.0,0
University,Hinjewadi,20,30,4,2,1527,12775,0,30.11787819253438,0.0,0
University,Hinjewadi,21,30,4,0,1365,12430,0,32.78241758241758,0.0,1
University,Hinjewadi,21,30,4,1,1708,14464,0,30.486182669789226,0.0,0
University,Hinjewadi,21,30,4,2,1392,12775,0,33.03879310344828,0.0,0
University,Hinjewadi,22,30,4,0,1323,12430,0,33.82312925170068,0.0,1
University,Hinjewadi,22,30,4,1,1660,14464,0,31.367710843373494,0.0,0
University,Hinjewadi,22,30,4,2,1348,12775,0,34.11721068249258,0.0,0
University,Hinjewadi,23,30,4,0,1323,12430,0,33.82312925170068,0.0,1
University,Hinjewadi,23,30,4,1,1660,14464,0,31.367710843373494,0.0,0
University,Hinjewadi,23,30,4,2,1348,12775,0,34.11721068249258,0.0,0
University,Hinjewadi,6,30,5,0,1369,12430,0,32.68663257852447,0.0,1
University,Hinjewadi,6,30,5,1,1733,14464,0,30.046393537218698,0.0,0
University,Hinjewadi,6,30,5,2,1395,12775,0,32.96774193548387,0.0,0
University,Hinjewadi,7,30,5,0,1494,12430,0,29.951807228915662,0.0,1
University,Hinjewadi,7,30,5,1,1895,14464,0,27.47778364116095,0.0,0
University,Hinjewadi,7,30,5,2,1517,12775,0,30.316413974950564,0.0,0
University,Hinjewadi,8,30,5,0,1615,12430,0,27.707739938080493,0.0,1
University,Hinjewadi,8,30,5,1,2070,14464,0,25.154782608695655,0.0,0
University,Hinjewadi,8,30,5,2,1634,12775,0,28.145654834761324,0.0,0
University,Hinjewadi,9,30,5,0,1646,12430,0,27.185905224787366,0.0,1
University,Hinjewadi,9,30,5,1,2134,14464,0,24.40037488284911,0.0,0
University,Hinjewadi,9,30,5,2,1892,14973,0,28.489852008456662,0.0,0
University,Hinjewadi,10,30,5,0,1680,12430,0,26.635714285714286,0.0,1
University,Hinjewadi,10,30,5,1,2205,14464,0,23.61469387755102,0.0,0
University,Hinjewadi,10,30,5,2,1930,14973,0,27.928911917098446,0.0,0
University,Hinjewadi,11,30,5,0,1680,12430,0,26.635714285714286,0.0,1
University,Hinjewadi,11,30,5,1,2210,14464,0,23.561266968325793,0.0,0
University,Hinjewadi,11,30,5,2,1695,12775,0,27.13274336283186,0.0,0
University,Hinjewadi,12,30,5,0,1639,12430,0,27.302013422818792,0.0,1
University,Hinjewadi,12,30,5,1,2152,14464,0,24.196282527881042,0.0,0
University,Hinjewadi,12,30,5,2,1661,12775,0,27.688139674894643,0.0,0
University,Hinjewadi,13,30,5,0,1562,12430,0,28.64788732394366,0.0,1
University,Hinjewadi,13,30,5,1,1996,14464,0,26.087374749499002,0.0,0
University,Hinjewadi,13,30,5,2,1595,12775,0,28.833855799373044,0.0,0
University,Hinjewadi,14,30,5,0,1537,12430,0,29.113858165256993,0.0,1
University,Hinjewadi,14,30,5,1,1925,14464,0,27.049558441558442,0.0,0
University,Hinjewadi,14,30,5,2,1566,12775,0,29.367816091954023,0.0,0
University,Hinjewadi,15,30,5,0,1574,12430,0,28.429479034307494,0.0,1
University,Hinjewadi,15,30,5,1,1961,14464,0,26.552983171851096,0.0,0
University,Hinjewadi,15,30,5,2,1597,12775,0,28.797745773324984,0.0,0
University,Hinjewadi,16,30,5,0,1685,12430,0,26.5566765578635,0.0,1
University,Hinjewadi,16,30,5,1,2120,14464,0,24.561509433962264,0.0,0
University,Hinjewadi,16,30,5,2,2042,16851,0,29.707933398628796,0.0,0
University,Hinjewadi,17,30,5,0,1857,12430,0,24.09693053311793,0.0,1
University,Hinjewadi,17,30,5,1,2181,16851,0,27.814580467675377,0.0,0
University,Hinjewadi,17,30,5,2,2342,14464,0,22.2333048676345,0.0,0
University,Hinjewadi,18,30,5,0,1968,12430,0,22.73780487804878,0.0,1
University,Hinjewadi,18,30,5,1,2262,16851,0,26.818567639257296,0.0,0
University,Hinjewadi,18,30,5,2,2460,14464,0,21.166829268292684,0.0,0
University,Hinjewadi,19,30,5,0,1816,12430,0,24.640969162995592,0.0,1
University,Hinjewadi,19,30,5,1,2298,14464,0,22.659007832898173,0.0,0
University,Hinjewadi,19,30,5,2,2164,16851,0,28.033086876155263,0.0,0
University,Hinjewadi,20,30,5,0,1567,12430,0,28.556477345245693,0.0,1
University,Hinjewadi,20,30,5,1,1989,14464,0,26.179185520361994,0.0,0
University,Hinjewadi,20,30,5,2,1593,12775,0,28.870056497175142,0.0,0
University,Hinjewadi,21,30,5,0,1373,12430,0,32.59140568099053,0.0,1
University,Hinjewadi,21,30,5,1,1717,14464,0,30.32638322655795,0.0,0
University,Hinjewadi,21,30,5,2,1399,12775,0,32.873481057898495,0.0,0
University,Hinjewadi,22,30,5,0,1323,12430,0,33.82312925170068,0.0,1
University,Hinjewadi,22,30,5,1,1661,14464,0,31.348826008428656,0.0,0
University,Hinjewadi,22,30,5,2,1348,12775,0,34.11721068249258,0.0,0
University,Hinjewadi,23,30,5,0,1323,12430,0,33.82312925170068,0.0,1
University,Hinjewadi,23,30,5,1,1661,14464,0,31.348826008428656,0.0,0
University,Hinjewadi,23,30,5,2,1348,12775,0,34.11721068249258,0.0,0
University,Hinjewadi,6,30,6,0,1372,12430,0,32.61516034985423,0.0,1
University,Hinjewadi,6,30,6,1,1727,14464,0,30.15078170237406,0.0,0
University,Hinjewadi,6,30,6,2,1399,12775,0,32.873481057898495,0.0,0
University,Hinjewadi,7,30,6,0,1519,12430,0,29.458854509545752,0.0,1
University,Hinjewadi,7,30,6,1,1917,14464,0,27.16244131455399,0.0,0
University,Hinjewadi,7,30,6,2,1550,12775,0,29.670967741935485,0.0,0
University,Hinjewadi,8,30,6,0,1666,12430,0,26.85954381752701,0.0,1
University,Hinjewadi,8,30,6,1,2113,14402,0,24.537245622337906,0.0,0
University,Hinjewadi,8,30,6,2,1924,14973,0,28.016008316008314,0.0,0
University,Hinjewadi,9,30,6,0,1710,12430,0,26.16842105263158,0.0,1
University,Hinjewadi,9,30,6,1,2184,14402,0,23.73956043956044,0.0,0
University,Hinjewadi,9,30,6,2,1949,14973,0,27.656644433042587,0.0,0
University,Hinjewadi,10,30,6,0,1753,12430,0,25.526525955504848,0.0,1
University,Hinjewadi,10,30,6,1,2263,14402,0,22.910826336721165,0.0,0
University,Hinjewadi,10,30,6,2,1993,14973,0,27.046061214249875,0.0,0
University,Hinjewadi,11,30,6,0,1748,12430,0,25.599542334096107,0.0,1
University,Hinjewadi,11,30,6,1,2270,14402,0,22.840176211453745,0.0,0
University,Hinjewadi,11,30,6,2,2017,14973,0,26.7242439266237,0.0,0
University,Hinjewadi,12,30,6,0,1688,12430,0,26.50947867298578,0.0,1
University,Hinjewadi,12,30,6,1,2202,14402,0,23.545504087193457,0.0,0
University,Hinjewadi,12,30,6,2,1706,12775,0,26.957796014067995,0.0,0
University,Hinjewadi,13,30,6,0,1591,12430,0,28.12570710245129,0.0,1
University,Hinjewadi,13,30,6,1,2040,14464,0,25.524705882352944,0.0,0
University,Hinjewadi,13,30,6,2,1625,12775,0,28.301538461538463,0.0,0
University,Hinjewadi,14,30,6,0,1554,12430,0,28.795366795366796,0.0,1
University,Hinjewadi,14,30,6,1,1965,14464,0,26.498931297709927,0.0,0
University,Hinjewadi,14,30,6,2,1588,12775,0,28.96095717884131,0.0,0
University,Hinjewadi,15,30,6,0,1589,12430,0,28.161107614852106,0.0,1
University,Hinjewadi,15,30,6,1,2009,14464,0,25.918566450970633,0.0,0
University,Hinjewadi,15,30,6,2,1616,12775,0,28.459158415841586,0.0,0
University,Hinjewadi,16,30,6,0,1707,12430,0,26.214411247803163,0.0,1
University,Hinjewadi,16,30,6,1,2187,14464,0,23.809053497942386,0.0,0
University,Hinjewadi,16,30,6,2,2083,16851,0,29.123187710033605,0.0,0
University,Hinjewadi,17,30,6,0,1886,12430,0,23.72640509013786,0.0,1
University,Hinjewadi,17,30,6,1,2241,16851,0,27.069879518072284,0.0,0
University,Hinjewadi,17,30,6,2,2424,14464,0,21.481188118811883,0.0,0
University,Hinjewadi,18,30,6,0,2001,12430,0,22.36281859070465,0.0,1
University,Hinjewadi,18,30,6,1,2313,16851,0,26.227237354085602,0.0,0
University,Hinjewadi,18,30,6,2,2523,14464,0,20.63828775267539,0.0,0
University,Hinjewadi,19,30,6,0,1846,12430,0,24.240520043336943,0.0,1
University,Hinjewadi,19,30,6,1,2322,14464,0,22.42480620155039,0.0,0
University,Hinjewadi,19,30,6,2,2178,16851,0,27.85289256198347,0.0,0
University,Hinjewadi,20,30,6,0,1583,12430,0,28.267845862286794,0.0,1
University,Hinjewadi,20,30,6,1,1990,14464,0,26.16603015075377,0.0,0
University,Hinjewadi,20,30,6,2,1973,16851,0,30.746882919412062,0.0,0
University,Hinjewadi,21,30,6,0,1375,12430,0,32.544000000000004,0.0,1
University,Hinjewadi,21,30,6,1,1716,14464,0,30.344055944055945,0.0,0
University,Hinjewadi,21,30,6,2,1400,12775,0,32.85,0.0,0
University,Hinjewadi,22,30,6,0,1323,12430,0,33.82312925170068,0.0,1
University,Hinjewadi,22,30,6,1,1661,14464,0,31.348826008428656,0.0,0
University,Hinjewadi,22,30,6,2,1348,12775,0,34.11721068249258,0.0,0
University,Hinjewadi,23,30,6,0,1323,12430,0,33.82312925170068,0.0,1
University,Hinjewadi,23,30,6,1,1661,14464,0,31.348826008428656,0.0,0
University,Hinjewadi,23,30,6,2,1348,12775,0,34.11721068249258,0.0,0
University,Hinjewadi,6,30,0,0,1371,12430,0,32.63894967177242,0.0,1
University,Hinjewadi,6,30,0,1,1745,14464,0,29.839770773638968,0.0,0
University,Hinjewadi,6,30,0,2,1398,12775,0,32.896995708154506,0.0,0
University,Hinjewadi,7,30,0,0,1515,12430,0,29.536633663366334,0.0,1
University,Hinjewadi,7,30,0,1,1923,14464,0,27.077691107644306,0.0,0
University,Hinjewadi,7,30,0,2,1537,12775,0,29.92192582953806,0.0,0
University,Hinjewadi,8,30,0,0,1662,12430,0,26.924187725631768,0.0,1
University,Hinjewadi,8,30,0,1,2125,14464,0,24.503717647058824,0.0,0
University,Hinjewadi,8,30,0,2,1911,14973,0,28.206593406593406,0.0,0
University,Hinjewadi,9,30,0,0,1699,12430,0,26.337845791642142,0.0,1
University,Hinjewadi,9,30,0,1,2188,14464,0,23.798171846435103,0.0,0
University,Hinjewadi,9,30,0,2,1930,14973,0,27.928911917098446,0.0,0
University,Hinjewadi,10,30,0,0,1737,12430,0,25.761658031088082,0.0,1
University,Hinjewadi,10,30,0,1,2263,14464,0,23.00945647370747,0.0,0
University,Hinjewadi,10,30,0,2,1972,14973,0,27.334077079107505,0.0,0
University,Hinjewadi,11,30,0,0,1733,12430,0,25.821119446047316,0.0,1
University,Hinjewadi,11,30,0,1,2127,16851,0,28.520733427362483,0.0,0
University,Hinjewadi,11,30,0,2,1747,12775,0,26.325128792215228,0.0,0
University,Hinjewadi,12,30,0,0,1678,12430,0,26.66746126340882,0.0,1
University,Hinjewadi,12,30,0,1,2215,14464,0,23.508081264108352,0.0,0
University,Hinjewadi,12,30,0,2,1699,12775,0,27.06886403766922,0.0,0
University,Hinjewadi,13,30,0,0,1582,12430,0,28.285714285714285,0.0,1
University,Hinjewadi,13,30,0,1,2064,14464,0,25.227906976744187,0.0,0
University,Hinjewadi,13,30,0,2,1616,12775,0,28.459158415841586,0.0,0
University,Hinjewadi,14,30,0,0,1549,12430,0,28.888315041962557,0.0,1
University,Hinjewadi,14,30,0,1,1981,14464,0,26.28490661282181,0.0,0
University,Hinjewadi,14,30,0,2,1579,12775,0,29.126029132362255,0.0,0
University,Hinjewadi,15,30,0,0,1592,12430,0,28.108040201005025,0.0,1
University,Hinjewadi,15,30,0,1,2024,14464,0,25.72648221343874,0.0,0
University,Hinjewadi,15,30,0,2,1616,12775,0,28.459158415841586,0.0,0
University,Hinjewadi,16,30,0,0,1713,12430,0,26.122591943957968,0.0,1
University,Hinjewadi,16,30,0,1,2204,14464,0,23.625408348457352,0.0,0
University,Hinjewadi,16,30,0,2,2091,16851,0,29.011764705882353,0.0,0
University,Hinjewadi,17,30,0,0,1893,12430,0,23.638668779714735,0.0,1
University,Hinjewadi,17,30,0,1,2256,16851,0,26.889893617021272,0.0,0
University,Hinjewadi,17,30,0,2,2445,14464,0,21.296687116564417,0.0,0
University,Hinjewadi,18,30,0,0,2000,12430,0,22.374,0.0,1
University,Hinjewadi,18,30,0,1,2330,16851,0,26.035879828326177,0.0,0
University,Hinjewadi,18,30,0,2,2548,14464,0,20.435792778649922,0.0,0
University,Hinjewadi,19,30,0,0,1842,12430,0,24.29315960912052,0.0,1
University,Hinjewadi,19,30,0,1,2193,16851,0,27.662380300957594,0.0,0
University,Hinjewadi,19,30,0,2,2345,14464,0,22.204861407249467,0.0,0
University,Hinjewadi,20,30,0,0,1582,12430,0,28.285714285714285,0.0,1
University,Hinjewadi,20,30,0,1,2007,14464,0,25.94439461883408,0.0,0
University,Hinjewadi,20,30,0,2,1605,12775,0,28.654205607476634,0.0,0
University,Hinjewadi,21,30,0,0,1375,12430,0,32.544000000000004,0.0,1
University,Hinjewadi,21,30,0,1,1719,14464,0,30.291099476439793,0.0,0
University,Hinjewadi,21,30,0,2,1400,12775,0,32.85,0.0,0
University,Hinjewadi,22,30,0,0,1323,12430,0,33.82312925170068,0.0,1
University,Hinjewadi,22,30,0,1,1661,14464,0,31.348826008428656,0.0,0
University,Hinjewadi,22,30,0,2,1348,12775,0,34.11721068249258,0.0,0
University,Hinjewadi,23,30,0,0,1323,12430,0,33.82312925170068,0.0,1
University,Hinjewadi,23,30,0,1,1661,14464,0,31.348826008428656,0.0,0
University,Hinjewadi,23,30,0,2,1348,12775,0,34.11721068249258,0.0,0
University,Hinjewadi,6,30,1,0,1367,12430,0,32.73445501097293,0.0,1
University,Hinjewadi,6,30,1,1,1741,14464,0,29.90832854681218,0.0,0
University,Hinjewadi,6,30,1,2,1395,12775,0,32.96774193548387,0.0,0
University,Hinjewadi,7,30,1,0,1494,12430,0,29.951807228915662,0.0,1
University,Hinjewadi,7,30,1,1,1936,14464,0,26.895867768595043,0.0,0
University,Hinjewadi,7,30,1,2,1525,12775,0,30.15737704918033,0.0,0
University,Hinjewadi,8,30,1,0,1615,12430,0,27.707739938080493,0.0,1
University,Hinjewadi,8,30,1,1,2080,14464,0,25.033846153846156,0.0,0
University,Hinjewadi,8,30,1,2,1639,12775,0,28.059792556436854,0.0,0
University,Hinjewadi,9,30,1,0,1647,12430,0,27.169398907103822,0.0,1
University,Hinjewadi,9,30,1,1,2121,14464,0,24.549929278642153,0.0,0
University,Hinjewadi,9,30,1,2,1897,14973,0,28.414760147601477,0.0,0
University,Hinjewadi,10,30,1,0,1689,12430,0,26.493783303730016,0.0,1
University,Hinjewadi,10,30,1,1,2195,14464,0,23.722277904328017,0.0,0
University,Hinjewadi,10,30,1,2,1942,14973,0,27.75633367662204,0.0,0
University,Hinjewadi,11,30,1,0,1696,12430,0,26.38443396226415,0.0,1
University,Hinjewadi,11,30,1,1,2211,14464,0,23.550610583446407,0.0,0
University,Hinjewadi,11,30,1,2,1708,12775,0,26.926229508196723,0.0,0
University,Hinjewadi,12,30,1,0,1654,12430,0,27.05441354292624,0.0,1
University,Hinjewadi,12,30,1,1,2156,14464,0,24.15139146567718,0.0,0
University,Hinjewadi,12,30,1,2,1670,12775,0,27.538922155688624,0.0,0
University,Hinjewadi,13,30,1,0,1576,12430,0,28.393401015228427,0.0,1
University,Hinjewadi,13,30,1,1,2014,14464,0,25.854220456802384,0.0,0
University,Hinjewadi,13,30,1,2,1605,12775,0,28.654205607476634,0.0,0
University,Hinjewadi,14,30,1,0,1547,12430,0,28.925662572721397,0.0,1
University,Hinjewadi,14,30,1,1,1948,14464,0,26.730184804928133,0.0,0
University,Hinjewadi,14,30,1,2,1579,12775,0,29.126029132362255,0.0,0
University,Hinjewadi,15,30,1,0,1578,12430,0,28.3574144486692,0.0,1
University,Hinjewadi,15,30,1,1,1983,14464,0,26.258396369137674,0.0,0
University,Hinjewadi,15,30,1,2,1608,12775,0,28.600746268656717,0.0,0
University,Hinjewadi,16,30,1,0,1684,12430,0,26.572446555819475,0.0,1
University,Hinjewadi,16,30,1,1,2138,14464,0,24.35472404115996,0.0,0
University,Hinjewadi,16,30,1,2,2067,16851,0,29.34862119013062,0.0,0
University,Hinjewadi,17,30,1,0,1852,12430,0,24.161987041036713,0.0,1
University,Hinjewadi,17,30,1,1,2359,14464,0,22.073081814328106,0.0,0
University,Hinjewadi,17,30,1,2,2211,16851,0,27.43717774762551,0.0,0
University,Hinjewadi,18,30,1,0,1964,12430,0,22.784114052953157,0.0,1
University,Hinjewadi,18,30,1,1,2274,16851,0,26.677044854881263,0.0,0
University,Hinjewadi,18,30,1,2,2454,14464,0,21.218581907090467,0.0,0
University,Hinjewadi,19,30,1,0,1816,12430,0,24.640969162995592,0.0,1
University,Hinjewadi,19,30,1,1,2268,14464,0,22.95873015873016,0.0,0
University,Hinjewadi,19,30,1,2,2156,16851,0,28.137105751391463,0.0,0
University,Hinjewadi,20,30,1,0,1571,12430,0,28.483768300445576,0.0,1
University,Hinjewadi,20,30,1,1,1970,14464,0,26.431675126903553,0.0,0
University,Hinjewadi,20,30,1,2,1591,12775,0,28.906348208673794,0.0,0
University,Hinjewadi,21,30,1,0,1373,12430,0,32.59140568099053,0.0,1
University,Hinjewadi,21,30,1,1,1713,14464,0,30.39719789842382,0.0,0
University,Hinjewadi,21,30,1,2,1398,12775,0,32.896995708154506,0.0,0
University,Hinjewadi,22,30,1,0,1323,12430,0,33.82312925170068,0.0,1
University,Hinjewadi,22,30,1,1,1661,14464,0,31.348826008428656,0.0,0
University,Hinjewadi,22,30,1,2,1348,12775,0,34.11721068249258,0.0,0
University,Hinjewadi,23,30,1,0,1323,12430,0,33.82312925170068,0.0,1
University,Hinjewadi,23,30,1,1,1661,14464,0,31.348826008428656,0.0,0
University,Hinjewadi,23,30,1,2,1348,12775,0,34.11721068249258,0.0,0
University,Hinjewadi,6,30,2,0,1362,12430,0,32.85462555066079,0.0,1
University,Hinjewadi,6,30,2,1,1730,14464,0,30.09849710982659,0.0,0
University,Hinjewadi,6,30,2,2,1386,12775,0,33.18181818181818,0.0,0
University,Hinjewadi,7,30,2,0,1464,12430,0,30.565573770491802,0.0,1
University,Hinjewadi,7,30,2,1,1881,14464,0,27.682296650717706,0.0,0
University,Hinjewadi,7,30,2,2,1486,12775,0,30.94885598923284,0.0,0
University,Hinjewadi,8,30,2,0,1575,12430,0,28.41142857142857,0.0,1
University,Hinjewadi,8,30,2,1,2021,14464,0,25.764670954972786,0.0,0
University,Hinjewadi,8,30,2,2,1593,12775,0,28.870056497175142,0.0,0
University,Hinjewadi,9,30,2,0,1603,12430,0,27.91515907673113,0.0,1
University,Hinjewadi,9,30,2,1,2050,14464,0,25.40019512195122,0.0,0
University,Hinjewadi,9,30,2,2,1616,12775,0,28.459158415841586,0.0,0
University,Hinjewadi,10,30,2,0,1647,12430,0,27.169398907103822,0.0,1
University,Hinjewadi,10,30,2,1,2113,14464,0,24.64287742546143,0.0,0
University,Hinjewadi,10,30,2,2,1659,12775,0,27.721518987341774,0.0,0
University,Hinjewadi,11,30,2,0,1667,12430,0,26.843431313737252,0.0,1
University,Hinjewadi,11,30,2,1,2152,14464,0,24.196282527881042,0.0,0
University,Hinjewadi,11,30,2,2,1683,12775,0,27.326203208556148,0.0,0
University,Hinjewadi,12,30,2,0,1643,12430,0,27.235544735240413,0.0,1
University,Hinjewadi,12,30,2,1,2129,14464,0,24.45767966181306,0.0,0
University,Hinjewadi,12,30,2,2,1665,12775,0,27.62162162162162,0.0,0
University,Hinjewadi,13,30,2,0,1576,12430,0,28.393401015228427,0.0,1
University,Hinjewadi,13,30,2,1,2023,14464,0,25.739199209095403,0.0,0
University,Hinjewadi,13,30,2,2,1610,12775,0,28.565217391304348,0.0,0
University,Hinjewadi,14,30,2,0,1548,12430,0,28.906976744186046,0.0,1
University,Hinjewadi,14,30,2,1,1949,14464,0,26.71646998460749,0.0,0
University,Hinjewadi,14,30,2,2,1577,12775,0,29.162967660114145,0.0,0
University,Hinjewadi,15,30,2,0,1578,12430,0,28.3574144486692,0.0,1
University,Hinjewadi,15,30,2,1,1970,14464,0,26.431675126903553,0.0,0
University,Hinjewadi,15,30,2,2,1944,16851,0,31.205555555555552,0.0,0
University,Hinjewadi,16,30,2,0,1688,12430,0,26.50947867298578,0.0,1
University,Hinjewadi,16,30,2,1,2124,14464,0,24.515254237288136,0.0,0
University,Hinjewadi,16,30,2,2,2048,16851,0,29.6208984375,0.0,0
University,Hinjewadi,17,30,2,0,1861,12430,0,24.04513702310586,0.0,1
University,Hinjewadi,17,30,2,1,2201,16851,0,27.56183552930486,0.0,0
University,Hinjewadi,17,30,2,2,2351,14464,0,22.14819225861336,0.0,0
University,Hinjewadi,18,30,2,0,1974,12430,0,22.66869300911854,0.0,1
University,Hinjewadi,18,30,2,1,2292,16851,0,26.467539267015702,0.0,0
University,Hinjewadi,18,30,2,2,2473,14464,0,21.05556004852406,0.0,0
University,Hinjewadi,19,30,2,0,1842,12430,0,24.29315960912052,0.0,1
University,Hinjewadi,19,30,2,1,2316,14464,0,22.482901554404148,0.0,0
University,Hinjewadi,19,30,2,2,2193,16851,0,27.662380300957594,0.0,0
University,Hinjewadi,20,30,2,0,1597,12430,0,28.020037570444583,0.0,1
University,Hinjewadi,20,30,2,1,2009,14464,0,25.918566450970633,0.0,0
University,Hinjewadi,20,30,2,2,1621,12775,0,28.37137569401604,0.0,0
University,Hinjewadi,21,30,2,0,1378,12430,0,32.47314949201741,0.0,1
University,Hinjewadi,21,30,2,1,1719,14464,0,30.291099476439793,0.0,0
University,Hinjewadi,21,30,2,2,1403,12775,0,32.77975766215253,0.0,0
University,Hinjewadi,22,30,2,0,1323,12430,0,33.82312925170068,0.0,1
University,Hinjewadi,22,30,2,1,1661,14464,0,31.348826008428656,0.0,0
University,Hinjewadi,22,30,2,2,1348,12775,0,34.11721068249258,0.0,0
University,Hinjewadi,23,30,2,0,1323,12430,0,33.82312925170068,0.0,1
University,Hinjewadi,23,30,2,1,1661,14464,0,31.348826008428656,0.0,0
University,Hinjewadi,23,30,2,2,1348,12775,0,34.11721068249258,0.0,0
University,Hinjewadi,6,30,3,0,1352,12430,0,33.09763313609468,0.0,1
University,Hinjewadi,6,30,3,1,1704,14464,0,30.55774647887324,0.0,0
University,Hinjewadi,6,30,3,2,1378,12775,0,33.3744557329463,0.0,0
University,Hinjewadi,7,30,3,0,1418,12430,0,31.55712270803949,0.0,1
University,Hinjewadi,7,30,3,1,1792,14464,0,29.05714285714286,0.0,0
University,Hinjewadi,7,30,3,2,1443,12775,0,31.871101871101875,0.0,0
University,Hinjewadi,8,30,3,0,1497,12430,0,29.89178356713427,0.0,1
University,Hinjewadi,8,30,3,1,1891,14464,0,27.53590692755156,0.0,0
University,Hinjewadi,8,30,3,2,1517,12775,0,30.316413974950564,0.0,0
University,Hinjewadi,9,30,3,0,1508,12430,0,29.6737400530504,0.0,1
University,Hinjewadi,9,30,3,1,1918,14464,0,27.14827945776851,0.0,0
University,Hinjewadi,9,30,3,2,1527,12775,0,30.11787819253438,0.0,0
University,Hinjewadi,10,30,3,0,1540,12430,0,29.057142857142857,0.0,1
University,Hinjewadi,10,30,3,1,1985,14464,0,26.231939546599495,0.0,0
University,Hinjewadi,10,30,3,2,1557,12775,0,29.537572254335263,0.0,0
University,Hinjewadi,11,30,3,0,1584,12430,0,28.25,0.0,1
University,Hinjewadi,11,30,3,1,2076,14464,0,25.082080924855493,0.0,0
University,Hinjewadi,11,30,3,2,1605,12775,0,28.654205607476634,0.0,0
University,Hinjewadi,12,30,3,0,1596,12430,0,28.037593984962403,0.0,1
University,Hinjewadi,12,30,3,1,2123,14464,0,24.526801695713612,0.0,0
University,Hinjewadi,12,30,3,2,1621,12775,0,28.37137569401604,0.0,0
University,Hinjewadi,13,30,3,0,1590,12430,0,28.143396226415096,0.0,1
University,Hinjewadi,13,30,3,1,2126,14464,0,24.49219190968956,0.0,0
University,Hinjewadi,13,30,3,2,1625,12775,0,28.301538461538463,0.0,0
University,Hinjewadi,14,30,3,0,1584,12430,0,28.25,0.0,1
University,Hinjewadi,14,30,3,1,2112,14464,0,24.654545454545456,0.0,0
University,Hinjewadi,14,30,3,2,1619,12775,0,28.406423718344655,0.0,0
University,Hinjewadi,15,30,3,0,1593,12430,0,28.090395480225986,0.0,1
University,Hinjewadi,15,30,3,1,2111,14464,0,24.666224538133587,0.0,0
University,Hinjewadi,15,30,3,2,1624,12775,0,28.318965517241377,0.0,0
University,Hinjewadi,16,30,3,0,1663,12430,0,26.90799759470836,0.0,1
University,Hinjewadi,16,30,3,1,2170,14464,0,23.99557603686636,0.0,0
University,Hinjewadi,16,30,3,2,2056,16851,0,29.5056420233463,0.0,0
University,Hinjewadi,17,30,3,0,1776,12430,0,25.195945945945944,0.0,1
University,Hinjewadi,17,30,3,1,2250,14464,0,23.142400000000002,0.0,0
University,Hinjewadi,17,30,3,2,2121,16851,0,28.601414427157003,0.0,0
University,Hinjewadi,18,30,3,0,1842,12833,0,25.080781758957652,0.0,1
University,Hinjewadi,18,30,3,1,2268,14464,0,22.95873015873016,0.0,0
University,Hinjewadi,18,30,3,2,2149,16851,0,28.22875756165658,0.0,0
University,Hinjewadi,19,30,3,0,1759,12430,0,25.439454235361,0.0,1
University,Hinjewadi,19,30,3,1,2181,14464,0,23.87455295735901,0.0,0
University,Hinjewadi,19,30,3,2,2099,16851,0,28.901191043353975,0.0,0
University,Hinjewadi,20,30,3,0,1585,12430,0,28.23217665615142,0.0,1
University,Hinjewadi,20,30,3,1,1992,14464,0,26.13975903614458,0.0,0
University,Hinjewadi,20,30,3,2,1608,12775,0,28.600746268656717,0.0,0
University,Hinjewadi,21,30,3,0,1380,12430,0,32.426086956521736,0.0,1
University,Hinjewadi,21,30,3,1,1722,14464,0,30.238327526132405,0.0,0
University,Hinjewadi,21,30,3,2,1405,12775,0,32.73309608540925,0.0,0
University,Hinjewadi,22,30,3,0,1323,12430,0,33.82312925170068,0.0,1
University,Hinjewadi,22,30,3,1,1660,14464,0,31.367710843373494,0.0,0
University,Hinjewadi,22,30,3,2,1348,12775,0,34.11721068249258,0.0,0
University,Hinjewadi,23,30,3,0,1323,12430,0,33.82312925170068,0.0,1
University,Hinjewadi,23,30,3,1,1660,14464,0,31.367710843373494,0.0,0
University,Hinjewadi,23,30,3,2,1348,12775,0,34.11721068249258,0.0,0
University,Hinjewadi,6,30,4,0,1345,12430,0,33.26988847583643,0.0,1
University,Hinjewadi,6,30,4,1,1690,14464,0,30.810887573964497,0.0,0
University,Hinjewadi,6,30,4,2,1371,12775,0,33.544857768052516,0.0,0
University,Hinjewadi,7,30,4,0,1388,12430,0,32.23919308357349,0.0,1
University,Hinjewadi,7,30,4,1,1759,14464,0,29.602274019329165,0.0,0
University,Hinjewadi,7,30,4,2,1415,12775,0,32.5017667844523,0.0,0
University,Hinjewadi,8,30,4,0,1428,12430,0,31.33613445378151,0.0,1
University,Hinjewadi,8,30,4,1,1820,14464,0,28.610109890109893,0.0,0
University,Hinjewadi,8,30,4,2,1455,12775,0,31.608247422680414,0.0,0
University,Hinjewadi,9,30,4,0,1434,12430,0,31.205020920502093,0.0,1
University,Hinjewadi,9,30,4,1,1804,14464,0,28.86385809312639,0.0,0
University,Hinjewadi,9,30,4,2,1461,12775,0,31.478439425051338,0.0,0
University,Hinjewadi,10,30,4,0,1464,12430,0,30.565573770491802,0.0,1
University,Hinjewadi,10,30,4,1,1829,14464,0,28.469327501366866,0.0,0
University,Hinjewadi,10,30,4,2,1490,12775,0,30.86577181208054,0.0,0
University,Hinjewadi,11,30,4,0,1496,12430,0,29.91176470588235,0.0,1
University,Hinjewadi,11,30,4,1,1867,14464,0,27.88987680771291,0.0,0
University,Hinjewadi,11,30,4,2,1526,12775,0,30.137614678899084,0.0,0
University,Hinjewadi,12,30,4,0,1505,12430,0,29.732890365448505,0.0,1
University,Hinjewadi,12,30,4,1,1878,14464,0,27.726517571884987,0.0,0
University,Hinjewadi,12,30,4,2,1538,12775,0,29.902470741222366,0.0,0
University,Hinjewadi,13,30,4,0,1498,12430,0,29.871829105473964,0.0,1
University,Hinjewadi,13,30,4,1,1867,14464,0,27.88987680771291,0.0,0
University,Hinjewadi,13,30,4,2,1538,12775,0,29.902470741222366,0.0,0
University,Hinjewadi,14,30,4,0,1507,12430,0,29.693430656934307,0.0,1
University,Hinjewadi,14,30,4,1,1848,14464,0,28.17662337662338,0.0,0
University,Hinjewadi,14,30,4,2,1543,12775,0,29.80557355800389,0.0,0
University,Hinjewadi,15,30,4,0,1530,12430,0,29.24705882352941,0.0,1
University,Hinjewadi,15,30,4,1,1854,14464,0,28.085436893203884,0.0,0
University,Hinjewadi,15,30,4,2,1887,16851,0,32.14817170111287,0.0,0
University,Hinjewadi,16,30,4,0,1576,12430,0,28.393401015228427,0.0,1
University,Hinjewadi,16,30,4,1,1909,14464,0,27.27627029858565,0.0,0
University,Hinjewadi,16,30,4,2,1930,16851,0,31.431917098445595,0.0,0
University,Hinjewadi,17,30,4,0,1635,12430,0,27.368807339449543,0.0,1
University,Hinjewadi,17,30,4,1,1984,14464,0,26.24516129032258,0.0,0
University,Hinjewadi,17,30,4,2,1992,16851,0,30.453614457831325,0.0,0
University,Hinjewadi,18,30,4,0,1658,12430,0,26.989143546441497,0.0,1
University,Hinjewadi,18,30,4,1,2034,14464,0,25.6,0.0,0
University,Hinjewadi,18,30,4,2,2032,16851,0,29.854133858267716,0.0,0
University,Hinjewadi,19,30,4,0,1603,12430,0,27.91515907673113,0.0,1
University,Hinjewadi,19,30,4,1,2011,14464,0,25.892789656887125,0.0,0
University,Hinjewadi,19,30,4,2,1622,12775,0,28.353884093711468,0.0,0
University,Hinjewadi,20,30,4,0,1499,12430,0,29.851901267511675,0.0,1
University,Hinjewadi,20,30,4,1,1897,14464,0,27.4488139167106,0.0,0
University,Hinjewadi,20,30,4,2,1527,12775,0,30.11787819253438,0.0,0
University,Hinjewadi,21,30,4,0,1365,12430,0,32.78241758241758,0.0,1
University,Hinjewadi,21,30,4,1,1708,14464,0,30.486182669789226,0.0,0
University,Hinjewadi,21,30,4,2,1392,12775,0,33.03879310344828,0.0,0
University,Hinjewadi,22,30,4,0,1323,12430,0,33.82312925170068,0.0,1
University,Hinjewadi,22,30,4,1,1660,14464,0,31.367710843373494,0.0,0
University,Hinjewadi,22,30,4,2,1348,12775,0,34.11721068249258,0.0,0
University,Hinjewadi,23,30,4,0,1323,12430,0,33.82312925170068,0.0,1
University,Hinjewadi,23,30,4,1,1660,14464,0,31.367710843373494,0.0,0
University,Hinjewadi,23,30,4,2,1348,12775,0,34.11721068249258,0.0,0
University,Hinjewadi,6,30,5,0,1369,12430,0,32.68663257852447,0.0,1
University,Hinjewadi,6,30,5,1,1733,14464,0,30.046393537218698,0.0,0
University,Hinjewadi,6,30,5,2,1395,12775,0,32.96774193548387,0.0,0
University,Hinjewadi,7,30,5,0,1494,12430,0,29.951807228915662,0.0,1
University,Hinjewadi,7,30,5,1,1895,14464,0,27.47778364116095,0.0,0
University,Hinjewadi,7,30,5,2,1517,12775,0,30.316413974950564,0.0,0
University,Hinjewadi,8,30,5,0,1615,12430,0,27.707739938080493,0.0,1
University,Hinjewadi,8,30,5,1,2070,14464,0,25.154782608695655,0.0,0
University,Hinjewadi,8,30,5,2,1634,12775,0,28.145654834761324,0.0,0
University,Hinjewadi,9,30,5,0,1646,12430,0,27.185905224787366,0.0,1
University,Hinjewadi,9,30,5,1,2134,14464,0,24.40037488284911,0.0,0
University,Hinjewadi,9,30,5,2,1892,14973,0,28.489852008456662,0.0,0
University,Hinjewadi,10,30,5,0,1680,12430,0,26.635714285714286,0.0,1
University,Hinjewadi,10,30,5,1,2205,14464,0,23.61469387755102,0.0,0
University,Hinjewadi,10,30,5,2,1930,14973,0,27.928911917098446,0.0,0
University,Hinjewadi,11,30,5,0,1680,12430,0,26.635714285714286,0.0,1
University,Hinjewadi,11,30,5,1,2210,14464,0,23.561266968325793,0.0,0
University,Hinjewadi,11,30,5,2,1695,12775,0,27.13274336283186,0.0,0
University,Hinjewadi,12,30,5,0,1639,12430,0,27.302013422818792,0.0,1
University,Hinjewadi,12,30,5,1,2152,14464,0,24.196282527881042,0.0,0
University,Hinjewadi,12,30,5,2,1661,12775,0,27.688139674894643,0.0,0
University,Hinjewadi,13,30,5,0,1562,12430,0,28.64788732394366,0.0,1
University,Hinjewadi,13,30,5,1,1996,14464,0,26.087374749499002,0.0,0
University,Hinjewadi,13,30,5,2,1595,12775,0,28.833855799373044,0.0,0
University,Hinjewadi,14,30,5,0,1537,12430,0,29.113858165256993,0.0,1
University,Hinjewadi,14,30,5,1,1925,14464,0,27.049558441558442,0.0,0
University,Hinjewadi,14,30,5,2,1566,12775,0,29.367816091954023,0.0,0
University,Hinjewadi,15,30,5,0,1574,12430,0,28.429479034307494,0.0,1
University,Hinjewadi,15,30,5,1,1961,14464,0,26.552983171851096,0.0,0
University,Hinjewadi,15,30,5,2,1597,12775,0,28.797745773324984,0.0,0
University,Hinjewadi,16,30,5,0,1685,12430,0,26.5566765578635,0.0,1
University,Hinjewadi,16,30,5,1,2120,14464,0,24.561509433962264,0.0,0
University,Hinjewadi,16,30,5,2,2042,16851,0,29.707933398628796,0.0,0
University,Hinjewadi,17,30,5,0,1857,12430,0,24.09693053311793,0.0,1
University,Hinjewadi,17,30,5,1,2181,16851,0,27.814580467675377,0.0,0
University,Hinjewadi,17,30,5,2,2342,14464,0,22.2333048676345,0.0,0
University,Hinjewadi,18,30,5,0,1968,12430,0,22.73780487804878,0.0,1
University,Hinjewadi,18,30,5,1,2262,16851,0,26.818567639257296,0.0,0
University,Hinjewadi,18,30,5,2,2460,14464,0,21.166829268292684,0.0,0
University,Hinjewadi,19,30,5,0,1816,12430,0,24.640969162995592,0.0,1
University,Hinjewadi,19,30,5,1,2298,14464,0,22.659007832898173,0.0,0
University,Hinjewadi,19,30,5,2,2164,16851,0,28.033086876155263,0.0,0
University,Hinjewadi,20,30,5,0,1567,12430,0,28.556477345245693,0.0,1
University,Hinjewadi,20,30,5,1,1989,14464,0,26.179185520361994,0.0,0
University,Hinjewadi,20,30,5,2,1593,12775,0,28.870056497175142,0.0,0
University,Hinjewadi,21,30,5,0,1373,12430,0,32.59140568099053,0.0,1
University,Hinjewadi,21,30,5,1,1717,14464,0,30.32638322655795,0.0,0
University,Hinjewadi,21,30,5,2,1399,12775,0,32.873481057898495,0.0,0
University,Hinjewadi,22,30,5,0,1323,12430,0,33.82312925170068,0.0,1
University,Hinjewadi,22,30,5,1,1661,14464,0,31.348826008428656,0.0,0
University,Hinjewadi,22,30,5,2,1348,12775,0,34.11721068249258,0.0,0
University,Hinjewadi,23,30,5,0,1323,12430,0,33.82312925170068,0.0,1
University,Hinjewadi,23,30,5,1,1661,14464,0,31.348826008428656,0.0,0
University,Hinjewadi,23,30,5,2,1348,12775,0,34.11721068249258,0.0,0
University,Hinjewadi,6,30,6,0,1372,12430,0,32.61516034985423,0.0,1
University,Hinjewadi,6,30,6,1,1727,14464,0,30.15078170237406,0.0,0
University,Hinjewadi,6,30,6,2,1399,12775,0,32.873481057898495,0.0,0
University,Hinjewadi,7,30,6,0,1519,12430,0,29.458854509545752,0.0,1
University,Hinjewadi,7,30,6,1,1917,14464,0,27.16244131455399,0.0,0
University,Hinjewadi,7,30,6,2,1550,12775,0,29.670967741935485,0.0,0
University,Hinjewadi,8,30,6,0,1666,12430,0,26.85954381752701,0.0,1
University,Hinjewadi,8,30,6,1,2113,14402,0,24.537245622337906,0.0,0
University,Hinjewadi,8,30,6,2,1924,14973,0,28.016008316008314,0.0,0
University,Hinjewadi,9,30,6,0,1710,12430,0,26.16842105263158,0.0,1
University,Hinjewadi,9,30,6,1,2184,14402,0,23.73956043956044,0.0,0
University,Hinjewadi,9,30,6,2,1949,14973,0,27.656644433042587,0.0,0
University,Hinjewadi,10,30,6,0,1753,12430,0,25.526525955504848,0.0,1
University,Hinjewadi,10,30,6,1,2263,14402,0,22.910826336721165,0.0,0
University,Hinjewadi,10,30,6,2,1993,14973,0,27.046061214249875,0.0,0
University,Hinjewadi,11,30,6,0,1748,12430,0,25.599542334096107,0.0,1
University,Hinjewadi,11,30,6,1,2270,14402,0,22.840176211453745,0.0,0
University,Hinjewadi,11,30,6,2,2017,14973,0,26.7242439266237,0.0,0
University,Hinjewadi,12,30,6,0,1688,12430,0,26.50947867298578,0.0,1
University,Hinjewadi,12,30,6,1,2202,14402,0,23.545504087193457,0.0,0
University,Hinjewadi,12,30,6,2,1706,12775,0,26.957796014067995,0.0,0
University,Hinjewadi,13,30,6,0,1591,12430,0,28.12570710245129,0.0,1
University,Hinjewadi,13,30,6,1,2040,14464,0,25.524705882352944,0.0,0
University,Hinjewadi,13,30,6,2,1625,12775,0,28.301538461538463,0.0,0
University,Hinjewadi,14,30,6,0,1554,12430,0,28.795366795366796,0.0,1
University,Hinjewadi,14,30,6,1,1965,14464,0,26.498931297709927,0.0,0
University,Hinjewadi,14,30,6,2,1588,12775,0,28.96095717884131,0.0,0
University,Hinjewadi,15,30,6,0,1589,12430,0,28.161107614852106,0.0,1
University,Hinjewadi,15,30,6,1,2009,14464,0,25.918566450970633,0.0,0
University,Hinjewadi,15,30,6,2,1616,12775,0,28.459158415841586,0.0,0
University,Hinjewadi,16,30,6,0,1707,12430,0,26.214411247803163,0.0,1
University,Hinjewadi,16,30,6,1,2187,14464,0,23.809053497942386,0.0,0
University,Hinjewadi,16,30,6,2,2083,16851,0,29.123187710033605,0.0,0
University,Hinjewadi,17,30,6,0,1886,12430,0,23.72640509013786,0.0,1
University,Hinjewadi,17,30,6,1,2241,16851,0,27.069879518072284,0.0,0
University,Hinjewadi,17,30,6,2,2424,14464,0,21.481188118811883,0.0,0
University,Hinjewadi,18,30,6,0,2001,12430,0,22.36281859070465,0.0,1
University,Hinjewadi,18,30,6,1,2313,16851,0,26.227237354085602,0.0,0
University,Hinjewadi,18,30,6,2,2523,14464,0,20.63828775267539,0.0,0
University,Hinjewadi,19,30,6,0,1846,12430,0,24.240520043336943,0.0,1
University,Hinjewadi,19,30,6,1,2322,14464,0,22.42480620155039,0.0,0
University,Hinjewadi,19,30,6,2,2178,16851,0,27.85289256198347,0.0,0
University,Hinjewadi,20,30,6,0,1583,12430,0,28.267845862286794,0.0,1
University,Hinjewadi,20,30,6,1,1990,14464,0,26.16603015075377,0.0,0
University,Hinjewadi,20,30,6,2,1973,16851,0,30.746882919412062,0.0,0
University,Hinjewadi,21,30,6,0,1375,12430,0,32.544000000000004,0.0,1
University,Hinjewadi,21,30,6,1,1716,14464,0,30.344055944055945,0.0,0
University,Hinjewadi,21,30,6,2,1400,12775,0,32.85,0.0,0
University,Hinjewadi,22,30,6,0,1323,12430,0,33.82312925170068,0.0,1
University,Hinjewadi,22,30,6,1,1661,14464,0,31.348826008428656,0.0,0
University,Hinjewadi,22,30,6,2,1348,12775,0,34.11721068249258,0.0,0
University,Hinjewadi,23,30,6,0,1323,12430,0,33.82312925170068,0.0,1
University,Hinjewadi,23,30,6,1,1661,14464,0,31.348826008428656,0.0,0
University,Hinjewadi,23,30,6,2,1348,12775,0,34.11721068249258,0.0,0
University,Kothrud,6,30,0,0,1079,8629,0,28.789990732159406,0.0,1
University,Kothrud,6,30,0,1,1205,10430,0,31.160165975103737,0.0,0
University,Kothrud,6,30,0,2,1675,13398,0,28.79570149253731,0.0,0
University,Kothrud,7,30,0,0,1175,8629,0,26.437787234042553,0.0,1
University,Kothrud,7,30,0,1,1334,10430,0,28.14692653673163,0.0,0
University,Kothrud,7,30,0,2,1784,13398,0,27.036322869955153,0.0,0
University,Kothrud,8,30,0,0,1308,8629,0,23.74954128440367,0.0,1
University,Kothrud,8,30,0,1,1496,10430,0,25.09893048128342,0.0,0
University,Kothrud,8,30,0,2,1924,13398,0,25.069022869022866,0.0,0
University,Kothrud,9,30,0,0,1351,8629,0,22.99363434492968,0.0,1
University,Kothrud,9,30,0,1,1563,10430,0,24.023032629558543,0.0,0
University,Kothrud,9,30,0,2,1954,13398,0,24.68413510747185,0.0,0
University,Kothrud,10,30,0,0,1412,8629,0,22.00028328611898,0.0,1
University,Kothrud,10,30,0,1,1660,10430,0,22.61927710843373,0.0,0
University,Kothrud,10,30,0,2,2013,13398,0,23.960655737704915,0.0,0
University,Kothrud,11,30,0,0,1479,8629,0,21.00365111561866,0.0,1
University,Kothrud,11,30,0,1,1751,10430,0,21.44374643061108,0.0,0
University,Kothrud,11,30,0,2,2053,13398,0,23.49381393083293,0.0,0
University,Kothrud,12,30,0,0,1496,8629,0,20.764973262032083,0.0,1
University,Kothrud,12,30,0,1,1762,10430,0,21.30987514188422,0.0,0
University,Kothrud,12,30,0,2,2030,13398,0,23.759999999999998,0.0,0
University,Kothrud,13,30,0,0,1433,8629,0,21.677878576413118,0.0,1
University,Kothrud,13,30,0,1,1682,10430,0,22.323424494649228,0.0,0
University,Kothrud,13,30,0,2,1923,13398,0,25.082059282371294,0.0,0
University,Kothrud,14,30,0,0,1365,8629,0,22.757802197802196,0.0,1
University,Kothrud,14,30,0,1,1636,10430,0,22.95110024449878,0.0,0
University,Kothrud,14,30,0,2,1850,13398,0,26.071783783783786,0.0,0
University,Kothrud,15,30,0,0,1375,8629,0,22.59229090909091,0.0,1
University,Kothrud,15,30,0,1,1676,10430,0,22.403341288782816,0.0,0
University,Kothrud,15,30,0,2,1882,13398,0,25.62848034006376,0.0,0
University,Kothrud,16,30,0,0,1483,8629,0,20.946999325691166,0.0,1
University,Kothrud,16,30,0,1,1804,10430,0,20.813747228381377,0.0,0
University,Kothrud,16,30,0,2,2025,13398,0,23.818666666666665,0.0,0
University,Kothrud,17,30,0,0,1636,8629,0,18.9880195599022,0.0,1
University,Kothrud,17,30,0,1,1964,10430,0,19.118126272912424,0.0,0
University,Kothrud,17,30,0,2,2221,13398,0,21.716704187303016,0.0,0
University,Kothrud,18,30,0,0,1726,8629,0,17.997914252607185,0.0,1
University,Kothrud,18,30,0,1,2013,10430,0,18.652757078986586,0.0,0
University,Kothrud,18,30,0,2,2329,13398,0,20.709660798626018,0.0,0
University,Kothrud,19,30,0,0,1590,8629,0,19.53735849056604,0.0,1
University,Kothrud,19,30,0,1,1808,10430,0,20.76769911504425,0.0,0
University,Kothrud,19,30,0,2,2177,13398,0,22.1556270096463,0.0,0
University,Kothrud,20,30,0,0,1343,8629,0,23.130603127326882,0.0,1
University,Kothrud,20,30,0,1,1511,10430,0,24.84976836532098,0.0,0
University,Kothrud,20,30,0,2,1911,13398,0,25.239560439560435,0.0,0
University,Kothrud,21,30,0,0,1112,8629,0,27.935611510791368,0.0,1
University,Kothrud,21,30,0,1,1239,10430,0,30.30508474576271,0.0,0
University,Kothrud,21,30,0,2,1680,13398,0,28.709999999999997,0.0,0
University,Kothrud,22,30,0,0,1054,8629,0,29.47286527514231,0.0,1
University,Kothrud,22,30,0,1,1173,10430,0,32.010230179028135,0.0,0
University,Kothrud,22,30,0,2,1638,13398,0,29.446153846153845,0.0,0
University,Kothrud,23,30,0,0,1054,8629,0,29.47286527514231,0.0,1
University,Kothrud,23,30,0,1,1173,10430,0,32.010230179028135,0.0,0
University,Kothrud,23,30,0,2,1638,13398,0,29.446153846153845,0.0,0
University,Kothrud,6,30,1,0,1080,8629,0,28.763333333333332,0.0,1
University,Kothrud,6,30,1,1,1206,10430,0,31.134328358208954,0.0,0
University,Kothrud,6,30,1,2,1675,13398,0,28.79570149253731,0.0,0
University,Kothrud,7,30,1,0,1174,8629,0,26.460306643952297,0.0,1
University,Kothrud,7,30,1,1,1325,10430,0,28.338113207547167,0.0,0
University,Kothrud,7,30,1,2,1784,13398,0,27.036322869955153,0.0,0
University,Kothrud,8,30,1,0,1297,8629,0,23.950963762528914,0.0,1
University,Kothrud,8,30,1,1,1465,10430,0,25.63003412969283,0.0,0
University,Kothrud,8,30,1,2,1914,13398,0,25.200000000000003,0.0,0
University,Kothrud,9,30,1,0,1344,8629,0,23.113392857142856,0.0,1
University,Kothrud,9,30,1,1,1533,10430,0,24.493150684931507,0.0,0
University,Kothrud,9,30,1,2,1945,13398,0,24.79835475578406,0.0,0
University,Kothrud,10,30,1,0,1414,8629,0,21.969165487977367,0.0,1
University,Kothrud,10,30,1,1,1635,10430,0,22.9651376146789,0.0,0
University,Kothrud,10,30,1,2,2009,13398,0,24.00836236933798,0.0,0
University,Kothrud,11,30,1,0,1489,8629,0,20.862592343854935,0.0,1
University,Kothrud,11,30,1,1,1733,10430,0,21.666474321984996,0.0,0
University,Kothrud,11,30,1,2,2055,13398,0,23.47094890510949,0.0,0
University,Kothrud,12,30,1,0,1508,8629,0,20.59973474801061,0.0,1
University,Kothrud,12,30,1,1,1752,10430,0,21.431506849315067,0.0,0
University,Kothrud,12,30,1,2,2036,13398,0,23.689980353634574,0.0,0
University,Kothrud,13,30,1,0,1446,8629,0,21.482987551867218,0.0,1
University,Kothrud,13,30,1,1,1690,10430,0,22.21775147928994,0.0,0
University,Kothrud,13,30,1,2,1934,13398,0,24.93940020682523,0.0,0
University,Kothrud,14,30,1,0,1376,8629,0,22.575872093023253,0.0,1
University,Kothrud,14,30,1,1,1648,10430,0,22.783980582524272,0.0,0
University,Kothrud,14,30,1,2,1859,13398,0,25.945562130177514,0.0,0
University,Kothrud,15,30,1,0,1373,8629,0,22.625200291332845,0.0,1
University,Kothrud,15,30,1,1,1673,10430,0,22.443514644351463,0.0,0
University,Kothrud,15,30,1,2,1878,13398,0,25.683067092651758,0.0,0
University,Kothrud,16,30,1,0,1464,8629,0,21.218852459016393,0.0,1
University,Kothrud,16,30,1,1,1773,10430,0,21.17766497461929,0.0,0
University,Kothrud,16,30,1,2,2002,13398,0,24.092307692307692,0.0,0
University,Kothrud,17,30,1,0,1604,8629,0,19.366832917705736,0.0,1
University,Kothrud,17,30,1,1,1894,10430,0,19.824709609292505,0.0,0
University,Kothrud,17,30,1,2,2171,13398,0,22.216858590511283,0.0,0
University,Kothrud,18,30,1,0,1684,8629,0,18.446793349168644,0.0,1
University,Kothrud,18,30,1,1,1916,10430,0,19.59707724425887,0.0,0
University,Kothrud,18,30,1,2,2266,13398,0,21.285436893203883,0.0,0
University,Kothrud,19,30,1,0,1557,8629,0,19.951445086705203,0.0,1
University,Kothrud,19,30,1,1,1737,10430,0,21.616580310880828,0.0,0
University,Kothrud,19,30,1,2,2141,13398,0,22.5281644091546,0.0,0
University,Kothrud,20,30,1,0,1334,8629,0,23.286656671664165,0.0,1
University,Kothrud,20,30,1,1,1487,10430,0,25.25084061869536,0.0,0
University,Kothrud,20,30,1,2,1903,13398,0,25.34566473988439,0.0,0
University,Kothrud,21,30,1,0,1111,8629,0,27.96075607560756,0.0,1
University,Kothrud,21,30,1,1,1236,10430,0,30.37864077669903,0.0,0
University,Kothrud,21,30,1,2,1678,13398,0,28.744219308700835,0.0,0
University,Kothrud,22,30,1,0,1054,8629,0,29.47286527514231,0.0,1
University,Kothrud,22,30,1,1,1173,10430,0,32.010230179028135,0.0,0
University,Kothrud,22,30,1,2,1638,13398,0,29.446153846153845,0.0,0
University,Kothrud,23,30,1,0,1054,8629,0,29.47286527514231,0.0,1
University,Kothrud,23,30,1,1,1173,10430,0,32.010230179028135,0.0,0
University,Kothrud,23,30,1,2,1638,13398,0,29.446153846153845,0.0,0
University,Kothrud,6,30,2,0,1080,8629,0,28.763333333333332,0.0,1
University,Kothrud,6,30,2,1,1205,10430,0,31.160165975103737,0.0,0
University,Kothrud,6,30,2,2,1675,13398,0,28.79570149253731,0.0,0
University,Kothrud,7,30,2,0,1171,8629,0,26.528095644748078,0.0,1
University,Kothrud,7,30,2,1,1313,10430,0,28.597105864432596,0.0,0
University,Kothrud,7,30,2,2,1775,13398,0,27.173408450704223,0.0,0
University,Kothrud,8,30,2,0,1295,8629,0,23.98795366795367,0.0,1
University,Kothrud,8,30,2,1,1451,10430,0,25.877325982081324,0.0,0
University,Kothrud,8,30,2,2,1904,13398,0,25.33235294117647,0.0,0
University,Kothrud,9,30,2,0,1338,8629,0,23.217040358744395,0.0,1
University,Kothrud,9,30,2,1,1520,10430,0,24.70263157894737,0.0,0
University,Kothrud,9,30,2,2,1936,13398,0,24.91363636363636,0.0,0
University,Kothrud,10,30,2,0,1397,8629,0,22.236506800286328,0.0,1
University,Kothrud,10,30,2,1,1623,10430,0,23.13493530499076,0.0,0
University,Kothrud,10,30,2,2,1999,13398,0,24.12846423211606,0.0,0
University,Kothrud,11,30,2,0,1464,8629,0,21.218852459016393,0.0,1
University,Kothrud,11,30,2,1,1731,10430,0,21.69150779896014,0.0,0
University,Kothrud,11,30,2,2,2042,13398,0,23.620372184133203,0.0,0
University,Kothrud,12,30,2,0,1482,8629,0,20.961133603238864,0.0,1
University,Kothrud,12,30,2,1,1761,10430,0,21.321976149914818,0.0,0
University,Kothrud,12,30,2,2,2027,13398,0,23.795165268870253,0.0,0
University,Kothrud,13,30,2,0,1424,8629,0,21.814887640449438,0.0,1
University,Kothrud,13,30,2,1,1719,10430,0,21.842931937172775,0.0,0
University,Kothrud,13,30,2,2,1930,13398,0,24.991088082901555,0.0,0
University,Kothrud,14,30,2,0,1359,8629,0,22.858278145695362,0.0,1
University,Kothrud,14,30,2,1,1692,10430,0,22.19148936170213,0.0,0
University,Kothrud,14,30,2,2,1854,13398,0,26.01553398058252,0.0,0
University,Kothrud,15,30,2,0,1367,8629,0,22.724506217995607,0.0,1
University,Kothrud,15,30,2,1,1726,10430,0,21.754345307068366,0.0,0
University,Kothrud,15,30,2,2,1874,13398,0,25.73788687299893,0.0,0
University,Kothrud,16,30,2,0,1484,8629,0,20.93288409703504,0.0,1
University,Kothrud,16,30,2,1,1833,10430,0,20.48445171849427,0.0,0
University,Kothrud,16,30,2,2,2006,13398,0,24.044267198404786,0.0,0
University,Kothrud,17,30,2,0,1661,8629,0,18.70222757375075,0.0,1
University,Kothrud,17,30,2,1,1968,10430,0,19.079268292682926,0.0,0
University,Kothrud,17,30,2,2,2186,13398,0,22.064409881061298,0.0,0
University,Kothrud,18,30,2,0,1770,8629,0,17.550508474576272,0.0,1
University,Kothrud,18,30,2,1,1991,10430,0,18.858864892014065,0.0,0
University,Kothrud,18,30,2,2,2298,13398,0,20.98903394255875,0.0,0
University,Kothrud,19,30,2,0,1617,8629,0,19.211131725417438,0.0,1
University,Kothrud,19,30,2,1,1784,10430,0,21.04708520179372,0.0,0
University,Kothrud,19,30,2,2,2172,13398,0,22.20662983425414,0.0,0
University,Kothrud,20,30,2,0,1354,8629,0,22.94268833087149,0.0,1
University,Kothrud,20,30,2,1,1506,10430,0,24.932270916334662,0.0,0
University,Kothrud,20,30,2,2,1920,13398,0,25.12125,0.0,0
University,Kothrud,21,30,2,0,1114,8629,0,27.885457809694792,0.0,1
University,Kothrud,21,30,2,1,1239,10430,0,30.30508474576271,0.0,0
University,Kothrud,21,30,2,2,1683,13398,0,28.658823529411762,0.0,0
University,Kothrud,22,30,2,0,1054,8629,0,29.47286527514231,0.0,1
University,Kothrud,22,30,2,1,1173,10430,0,32.010230179028135,0.0,0
University,Kothrud,22,30,2,2,1638,13398,0,29.446153846153845,0.0,0
University,Kothrud,23,30,2,0,1054,8629,0,29.47286527514231,0.0,1
University,Kothrud,23,30,2,1,1173,10430,0,32.010230179028135,0.0,0
University,Kothrud,23,30,2,2,1638,13398,0,29.446153846153845,0.0,0
University,Kothrud,6,30,3,0,1076,8629,0,28.870260223048327,0.0,1
University,Kothrud,6,30,3,1,1203,10430,0,31.211970074812967,0.0,0
University,Kothrud,6,30,3,2,1672,13398,0,28.847368421052632,0.0,0
University,Kothrud,7,30,3,0,1149,8629,0,27.03603133159269,0.0,1
University,Kothrud,7,30,3,1,1288,10430,0,29.15217391304348,0.0,0
University,Kothrud,7,30,3,2,1761,13398,0,27.38943781942078,0.0,0
University,Kothrud,8,30,3,0,1254,8629,0,24.77224880382775,0.0,1
University,Kothrud,8,30,3,1,1410,10430,0,26.629787234042553,0.0,0
University,Kothrud,8,30,3,2,1888,13398,0,25.54703389830508,0.0,0
University,Kothrud,9,30,3,0,1305,8629,0,23.804137931034482,0.0,1
University,Kothrud,9,30,3,1,1498,10430,0,25.065420560747665,0.0,0
University,Kothrud,9,30,3,2,1923,13398,0,25.082059282371294,0.0,0
University,Kothrud,10,30,3,0,1375,8629,0,22.59229090909091,0.0,1
University,Kothrud,10,30,3,1,1625,10430,0,23.106461538461538,0.0,0
University,Kothrud,10,30,3,2,1997,13398,0,24.15262894341512,0.0,0
University,Kothrud,11,30,3,0,1461,8629,0,21.26242299794661,0.0,1
University,Kothrud,11,30,3,1,1765,10430,0,21.273654390934844,0.0,0
University,Kothrud,11,30,3,2,2072,13398,0,23.278378378378378,0.0,0
University,Kothrud,12,30,3,0,1499,8629,0,20.72341561040694,0.0,1
University,Kothrud,12,30,3,1,1823,10430,0,20.59681843115743,0.0,0
University,Kothrud,12,30,3,2,2087,13398,0,23.111068519405844,0.0,0
University,Kothrud,13,30,3,0,1478,8629,0,21.01786197564276,0.0,1
University,Kothrud,13,30,3,1,1821,10430,0,20.61943986820428,0.0,0
University,Kothrud,13,30,3,2,2014,13398,0,23.948758689175772,0.0,0
University,Kothrud,14,30,3,0,1450,8629,0,21.423724137931032,0.0,1
University,Kothrud,14,30,3,1,1820,10430,0,20.630769230769232,0.0,0
University,Kothrud,14,30,3,2,1926,13398,0,25.042990654205607,0.0,0
University,Kothrud,15,30,3,0,1458,8629,0,21.30617283950617,0.0,1
University,Kothrud,15,30,3,1,1838,10430,0,20.428726877040262,0.0,0
University,Kothrud,15,30,3,2,1925,13398,0,25.056,0.0,0
University,Kothrud,16,30,3,0,1515,8629,0,20.504554455445543,0.0,1
University,Kothrud,16,30,3,1,1881,10430,0,19.96172248803828,0.0,0
University,Kothrud,16,30,3,2,2024,13398,0,23.830434782608698,0.0,0
University,Kothrud,17,30,3,0,1586,8629,0,19.586633039092057,0.0,1
University,Kothrud,17,30,3,1,1905,10430,0,19.71023622047244,0.0,0
University,Kothrud,17,30,3,2,2155,13398,0,22.38180974477958,0.0,0
University,Kothrud,18,30,3,0,1597,8629,0,19.45172197871008,0.0,1
University,Kothrud,18,30,3,1,1854,10430,0,20.25242718446602,0.0,0
University,Kothrud,18,30,3,2,2234,13398,0,21.590331244404656,0.0,0
University,Kothrud,19,30,3,0,1494,8629,0,20.79277108433735,0.0,1
University,Kothrud,19,30,3,1,1699,10430,0,22.100058858151854,0.0,0
University,Kothrud,19,30,3,2,2160,13398,0,22.330000000000002,0.0,0
University,Kothrud,20,30,3,0,1322,8629,0,23.49803328290469,0.0,1
University,Kothrud,20,30,3,1,1496,10430,0,25.09893048128342,0.0,0
University,Kothrud,20,30,3,2,1947,13398,0,24.7728813559322,0.0,0
University,Kothrud,21,30,3,0,1113,8629,0,27.910512129380056,0.0,1
University,Kothrud,21,30,3,1,1242,10430,0,30.231884057971016,0.0,0
University,Kothrud,21,30,3,2,1690,13398,0,28.540118343195267,0.0,0
University,Kothrud,22,30,3,0,1053,8629,0,29.500854700854703,0.0,1
University,Kothrud,22,30,3,1,1173,10430,0,32.010230179028135,0.0,0
University,Kothrud,22,30,3,2,1638,13398,0,29.446153846153845,0.0,0
University,Kothrud,23,30,3,0,1053,8629,0,29.500854700854703,0.0,1
University,Kothrud,23,30,3,1,1173,10430,0,32.010230179028135,0.0,0
University,Kothrud,23,30,3,2,1638,13398,0,29.446153846153845,0.0,0
University,Kothrud,6,30,4,0,1071,8629,0,29.005042016806723,0.0,1
University,Kothrud,6,30,4,1,1196,10430,0,31.39464882943144,0.0,0
University,Kothrud,6,30,4,2,1661,13398,0,29.038410596026488,0.0,0
University,Kothrud,7,30,4,0,1120,8629,0,27.736071428571428,0.0,1
University,Kothrud,7,30,4,1,1259,10430,0,29.823669579030977,0.0,0
University,Kothrud,7,30,4,2,1726,13398,0,27.944843568945537,0.0,0
University,Kothrud,8,30,4,0,1168,8629,0,26.596232876712328,0.0,1
University,Kothrud,8,30,4,1,1326,10430,0,28.316742081447963,0.0,0
University,Kothrud,8,30,4,2,1789,13398,0,26.960760201229736,0.0,0
University,Kothrud,9,30,4,0,1180,8629,0,26.325762711864407,0.0,1
University,Kothrud,9,30,4,1,1357,10430,0,27.669859985261603,0.0,0
University,Kothrud,9,30,4,2,1795,13398,0,26.870640668523677,0.0,0
University,Kothrud,10,30,4,0,1215,8629,0,25.567407407407405,0.0,1
University,Kothrud,10,30,4,1,1421,10430,0,26.423645320197046,0.0,0
University,Kothrud,10,30,4,2,1834,13398,0,26.299236641221373,0.0,0
University,Kothrud,11,30,4,0,1267,8629,0,24.518074191002366,0.0,1
University,Kothrud,11,30,4,1,1501,10430,0,25.015323117921383,0.0,0
University,Kothrud,11,30,4,2,1871,13398,0,25.779155531801177,0.0,0
University,Kothrud,12,30,4,0,1294,8629,0,24.006491499227202,0.0,1
University,Kothrud,12,30,4,1,1541,10430,0,24.365996106424397,0.0,0
University,Kothrud,12,30,4,2,1880,13398,0,25.65574468085106,0.0,0
University,Kothrud,13,30,4,0,1304,8629,0,23.82239263803681,0.0,1
University,Kothrud,13,30,4,1,1551,10430,0,24.208897485493228,0.0,0
University,Kothrud,13,30,4,2,1847,13398,0,26.114131023280994,0.0,0
University,Kothrud,14,30,4,0,1296,8629,0,23.969444444444445,0.0,1
University,Kothrud,14,30,4,1,1547,10430,0,24.271493212669682,0.0,0
University,Kothrud,14,30,4,2,1801,13398,0,26.7811215991116,0.0,0
University,Kothrud,15,30,4,0,1293,8629,0,24.025058004640368,0.0,1
University,Kothrud,15,30,4,1,1556,10430,0,24.13110539845758,0.0,0
University,Kothrud,15,30,4,2,1799,13398,0,26.81089494163424,0.0,0
University,Kothrud,16,30,4,0,1321,8629,0,23.51582134746404,0.0,1
University,Kothrud,16,30,4,1,1591,10430,0,23.600251414204905,0.0,0
University,Kothrud,16,30,4,2,1853,13398,0,26.02957366432812,0.0,0
University,Kothrud,17,30,4,0,1361,8629,0,22.82468772961058,0.0,1
University,Kothrud,17,30,4,1,1628,10430,0,23.063882063882062,0.0,0
University,Kothrud,17,30,4,2,1921,13398,0,25.108172826652783,0.0,0
University,Kothrud,18,30,4,0,1374,8629,0,22.60873362445415,0.0,1
University,Kothrud,18,30,4,1,1614,10430,0,23.2639405204461,0.0,0
University,Kothrud,18,30,4,2,1970,13398,0,24.483654822335023,0.0,0
University,Kothrud,19,30,4,0,1336,8629,0,23.251796407185626,0.0,1
University,Kothrud,19,30,4,1,1531,10430,0,24.525146962769433,0.0,0
University,Kothrud,19,30,4,2,1950,13398,0,24.73476923076923,0.0,0
University,Kothrud,20,30,4,0,1247,8629,0,24.911307137129107,0.0,1
University,Kothrud,20,30,4,1,1403,10430,0,26.762651461154665,0.0,0
University,Kothrud,20,30,4,2,1833,13398,0,26.313584288052372,0.0,0
University,Kothrud,21,30,4,0,1100,8629,0,28.240363636363632,0.0,1
University,Kothrud,21,30,4,1,1225,10430,0,30.65142857142857,0.0,0
University,Kothrud,21,30,4,2,1670,13398,0,28.88191616766467,0.0,0
University,Kothrud,22,30,4,0,1053,8629,0,29.500854700854703,0.0,1
University,Kothrud,22,30,4,1,1173,10430,0,32.010230179028135,0.0,0
University,Kothrud,22,30,4,2,1638,13398,0,29.446153846153845,0.0,0
University,Kothrud,23,30,4,0,1053,8629,0,29.500854700854703,0.0,1
University,Kothrud,23,30,4,1,1173,10430,0,32.010230179028135,0.0,0
University,Kothrud,23,30,4,2,1638,13398,0,29.446153846153845,0.0,0
University,Kothrud,6,30,5,0,1082,8629,0,28.710166358595192,0.0,1
University,Kothrud,6,30,5,1,1208,10430,0,31.082781456953644,0.0,0
University,Kothrud,6,30,5,2,1676,13398,0,28.77852028639618,0.0,0
University,Kothrud,7,30,5,0,1171,8629,0,26.528095644748078,0.0,1
University,Kothrud,7,30,5,1,1325,10430,0,28.338113207547167,0.0,0
University,Kothrud,7,30,5,2,1775,13398,0,27.173408450704223,0.0,0
University,Kothrud,8,30,5,0,1293,8629,0,24.025058004640368,0.0,1
University,Kothrud,8,30,5,1,1465,10430,0,25.63003412969283,0.0,0
University,Kothrud,8,30,5,2,1902,13398,0,25.358990536277602,0.0,0
University,Kothrud,9,30,5,0,1337,8629,0,23.234405385190726,0.0,1
University,Kothrud,9,30,5,1,1536,10430,0,24.445312499999996,0.0,0
University,Kothrud,9,30,5,2,1938,13398,0,24.887925696594426,0.0,0
University,Kothrud,10,30,5,0,1396,8629,0,22.252435530085958,0.0,1
University,Kothrud,10,30,5,1,1627,10430,0,23.078057775046098,0.0,0
University,Kothrud,10,30,5,2,1999,13398,0,24.12846423211606,0.0,0
University,Kothrud,11,30,5,0,1463,8629,0,21.233356117566643,0.0,1
University,Kothrud,11,30,5,1,1707,10430,0,21.99648506151142,0.0,0
University,Kothrud,11,30,5,2,2039,13398,0,23.65512506130456,0.0,0
University,Kothrud,12,30,5,0,1484,8629,0,20.93288409703504,0.0,1
University,Kothrud,12,30,5,1,1714,10430,0,21.906651108518087,0.0,0
University,Kothrud,12,30,5,2,2020,13398,0,23.87762376237624,0.0,0
University,Kothrud,13,30,5,0,1426,8629,0,21.784291725105188,0.0,1
University,Kothrud,13,30,5,1,1646,10430,0,22.811664641555286,0.0,0
University,Kothrud,13,30,5,2,1914,13398,0,25.200000000000003,0.0,0
University,Kothrud,14,30,5,0,1357,8629,0,22.891967575534263,0.0,1
University,Kothrud,14,30,5,1,1615,10430,0,23.24953560371517,0.0,0
University,Kothrud,14,30,5,2,1836,13398,0,26.270588235294117,0.0,0
University,Kothrud,15,30,5,0,1355,8629,0,22.925756457564574,0.0,1
University,Kothrud,15,30,5,1,1650,10430,0,22.756363636363638,0.0,0
University,Kothrud,15,30,5,2,1857,13398,0,25.973505654281098,0.0,0
University,Kothrud,16,30,5,0,1451,8629,0,21.40895933838732,0.0,1
University,Kothrud,16,30,5,1,1768,10430,0,21.237556561085974,0.0,0
University,Kothrud,16,30,5,2,1984,13398,0,24.31088709677419,0.0,0
University,Kothrud,17,30,5,0,1597,8629,0,19.45172197871008,0.0,1
University,Kothrud,17,30,5,1,1908,10430,0,19.679245283018865,0.0,0
University,Kothrud,17,30,5,2,2159,13398,0,22.340342751273734,0.0,0
University,Kothrud,18,30,5,0,1683,8629,0,18.457754010695187,0.0,1
University,Kothrud,18,30,5,1,1939,10430,0,19.364620938628157,0.0,0
University,Kothrud,18,30,5,2,2272,13398,0,21.229225352112678,0.0,0
University,Kothrud,19,30,5,0,1559,8629,0,19.925849903784474,0.0,1
University,Kothrud,19,30,5,1,1740,10430,0,21.579310344827586,0.0,0
University,Kothrud,19,30,5,2,2156,13398,0,22.37142857142857,0.0,0
University,Kothrud,20,30,5,0,1337,8629,0,23.234405385190726,0.0,1
University,Kothrud,20,30,5,1,1478,10430,0,25.404600811907983,0.0,0
University,Kothrud,20,30,5,2,1910,13398,0,25.252774869109945,0.0,0
University,Kothrud,21,30,5,0,1113,8629,0,27.910512129380056,0.0,1
University,Kothrud,21,30,5,1,1233,10430,0,30.452554744525543,0.0,0
University,Kothrud,21,30,5,2,1680,13398,0,28.709999999999997,0.0,0
University,Kothrud,22,30,5,0,1054,8629,0,29.47286527514231,0.0,1
University,Kothrud,22,30,5,1,1173,10430,0,32.010230179028135,0.0,0
University,Kothrud,22,30,5,2,1638,13398,0,29.446153846153845,0.0,0
University,Kothrud,23,30,5,0,1054,8629,0,29.47286527514231,0.0,1
University,Kothrud,23,30,5,1,1173,10430,0,32.010230179028135,0.0,0
University,Kothrud,23,30,5,2,1638,13398,0,29.446153846153845,0.0,0
University,Kothrud,6,30,6,0,1080,8629,0,28.763333333333332,0.0,1
University,Kothrud,6,30,6,1,1207,10430,0,31.108533554266774,0.0,0
University,Kothrud,6,30,6,2,1677,13398,0,28.761359570661895,0.0,0
University,Kothrud,7,30,6,0,1174,8629,0,26.460306643952297,0.0,1
University,Kothrud,7,30,6,1,1330,10430,0,28.23157894736842,0.0,0
University,Kothrud,7,30,6,2,1785,13398,0,27.021176470588234,0.0,0
University,Kothrud,8,30,6,0,1309,8629,0,23.731398013750955,0.0,1
University,Kothrud,8,30,6,1,1489,10430,0,25.216924110141033,0.0,0
University,Kothrud,8,30,6,2,1930,13398,0,24.991088082901555,0.0,0
University,Kothrud,9,30,6,0,1366,8629,0,22.741142020497804,0.0,1
University,Kothrud,9,30,6,1,1571,10430,0,23.90070019096117,0.0,0
University,Kothrud,9,30,6,2,1973,13398,0,24.446426761277245,0.0,0
University,Kothrud,10,30,6,0,1438,8629,0,21.60250347705146,0.0,1
University,Kothrud,10,30,6,1,1683,10430,0,22.310160427807485,0.0,0
University,Kothrud,10,30,6,2,2042,13398,0,23.620372184133203,0.0,0
University,Kothrud,11,30,6,0,1507,8629,0,20.613404114134042,0.0,1
University,Kothrud,11,30,6,1,1776,10430,0,21.14189189189189,0.0,0
University,Kothrud,11,30,6,2,2085,13398,0,23.13323741007194,0.0,0
University,Kothrud,12,30,6,0,1513,8629,0,20.53165895571712,0.0,1
University,Kothrud,12,30,6,1,1772,10430,0,21.18961625282167,0.0,0
University,Kothrud,12,30,6,2,2052,13398,0,23.50526315789474,0.0,0
University,Kothrud,13,30,6,0,1439,8629,0,21.58749131341209,0.0,1
University,Kothrud,13,30,6,1,1691,10430,0,22.20461265523359,0.0,0
University,Kothrud,13,30,6,2,1931,13398,0,24.978146038322112,0.0,0
University,Kothrud,14,30,6,0,1361,8629,0,22.82468772961058,0.0,1
University,Kothrud,14,30,6,1,1648,10430,0,22.783980582524272,0.0,0
University,Kothrud,14,30,6,2,1851,13398,0,26.05769854132901,0.0,0
University,Kothrud,15,30,6,0,1361,8629,0,22.82468772961058,0.0,1
University,Kothrud,15,30,6,1,1682,10430,0,22.323424494649228,0.0,0
University,Kothrud,15,30,6,2,1875,13398,0,25.724159999999998,0.0,0
University,Kothrud,16,30,6,0,1467,8629,0,21.175460122699388,0.0,1
University,Kothrud,16,30,6,1,1797,10430,0,20.89482470784641,0.0,0
University,Kothrud,16,30,6,2,2017,13398,0,23.913138324243928,0.0,0
University,Kothrud,17,30,6,0,1619,8629,0,19.18739962940086,0.0,1
University,Kothrud,17,30,6,1,1932,10430,0,19.434782608695652,0.0,0
University,Kothrud,17,30,6,2,2209,13398,0,21.834676324128566,0.0,0
University,Kothrud,18,30,6,0,1717,8629,0,18.09225393127548,0.0,1
University,Kothrud,18,30,6,1,1963,10430,0,19.12786551197147,0.0,0
University,Kothrud,18,30,6,2,2327,13398,0,20.727460249247958,0.0,0
University,Kothrud,19,30,6,0,1589,8629,0,19.549653870358714,0.0,1
University,Kothrud,19,30,6,1,1767,10430,0,21.24957555178268,0.0,0
University,Kothrud,19,30,6,2,2193,13398,0,21.993980848153214,0.0,0
University,Kothrud,20,30,6,0,1346,8629,0,23.079049034175334,0.0,1
University,Kothrud,20,30,6,1,1489,10430,0,25.216924110141033,0.0,0
University,Kothrud,20,30,6,2,1927,13398,0,25.029994810586405,0.0,0
University,Kothrud,21,30,6,0,1113,8629,0,27.910512129380056,0.0,1
University,Kothrud,21,30,6,1,1234,10430,0,30.427876823338735,0.0,0
University,Kothrud,21,30,6,2,1683,13398,0,28.658823529411762,0.0,0
University,Kothrud,22,30,6,0,1054,8629,0,29.47286527514231,0.0,1
University,Kothrud,22,30,6,1,1173,10430,0,32.010230179028135,0.0,0
University,Kothrud,22,30,6,2,1638,13398,0,29.446153846153845,0.0,0
University,Kothrud,23,30,6,0,1054,8629,0,29.47286527514231,0.0,1
University,Kothrud,23,30,6,1,1173,10430,0,32.010230179028135,0.0,0
University,Kothrud,23,30,6,2,1638,13398,0,29.446153846153845,0.0,0
University,Kothrud,6,30,0,0,1079,8629,0,28.789990732159406,0.0,1
University,Kothrud,6,30,0,1,1205,10430,0,31.160165975103737,0.0,0
University,Kothrud,6,30,0,2,1675,13398,0,28.79570149253731,0.0,0
University,Kothrud,7,30,0,0,1175,8629,0,26.437787234042553,0.0,1
University,Kothrud,7,30,0,1,1334,10430,0,28.14692653673163,0.0,0
University,Kothrud,7,30,0,2,1784,13398,0,27.036322869955153,0.0,0
University,Kothrud,8,30,0,0,1308,8629,0,23.74954128440367,0.0,1
University,Kothrud,8,30,0,1,1496,10430,0,25.09893048128342,0.0,0
University,Kothrud,8,30,0,2,1924,13398,0,25.069022869022866,0.0,0
University,Kothrud,9,30,0,0,1351,8629,0,22.99363434492968,0.0,1
University,Kothrud,9,30,0,1,1563,10430,0,24.023032629558543,0.0,0
University,Kothrud,9,30,0,2,1954,13398,0,24.68413510747185,0.0,0
University,Kothrud,10,30,0,0,1412,8629,0,22.00028328611898,0.0,1
University,Kothrud,10,30,0,1,1660,10430,0,22.61927710843373,0.0,0
University,Kothrud,10,30,0,2,2013,13398,0,23.960655737704915,0.0,0
University,Kothrud,11,30,0,0,1479,8629,0,21.00365111561866,0.0,1
University,Kothrud,11,30,0,1,1751,10430,0,21.44374643061108,0.0,0
University,Kothrud,11,30,0,2,2053,13398,0,23.49381393083293,0.0,0
University,Kothrud,12,30,0,0,1496,8629,0,20.764973262032083,0.0,1
University,Kothrud,12,30,0,1,1762,10430,0,21.30987514188422,0.0,0
University,Kothrud,12,30,0,2,2030,13398,0,23.759999999999998,0.0,0
University,Kothrud,13,30,0,0,1433,8629,0,21.677878576413118,0.0,1
University,Kothrud,13,30,0,1,1682,10430,0,22.323424494649228,0.0,0
University,Kothrud,13,30,0,2,1923,13398,0,25.082059282371294,0.0,0
University,Kothrud,14,30,0,0,1365,8629,0,22.757802197802196,0.0,1
University,Kothrud,14,30,0,1,1636,10430,0,22.95110024449878,0.0,0
University,Kothrud,14,30,0,2,1850,13398,0,26.071783783783786,0.0,0
University,Kothrud,15,30,0,0,1375,8629,0,22.59229090909091,0.0,1
University,Kothrud,15,30,0,1,1676,10430,0,22.403341288782816,0.0,0
University,Kothrud,15,30,0,2,1882,13398,0,25.62848034006376,0.0,0
University,Kothrud,16,30,0,0,1483,8629,0,20.946999325691166,0.0,1
University,Kothrud,16,30,0,1,1804,10430,0,20.813747228381377,0.0,0
University,Kothrud,16,30,0,2,2025,13398,0,23.818666666666665,0.0,0
University,Kothrud,17,30,0,0,1636,8629,0,18.9880195599022,0.0,1
University,Kothrud,17,30,0,1,1964,10430,0,19.118126272912424,0.0,0
University,Kothrud,17,30,0,2,2221,13398,0,21.716704187303016,0.0,0
University,Kothrud,18,30,0,0,1726,8629,0,17.997914252607185,0.0,1
University,Kothrud,18,30,0,1,2013,10430,0,18.652757078986586,0.0,0
University,Kothrud,18,30,0,2,2329,13398,0,20.709660798626018,0.0,0
University,Kothrud,19,30,0,0,1590,8629,0,19.53735849056604,0.0,1
University,Kothrud,19,30,0,1,1808,10430,0,20.76769911504425,0.0,0
University,Kothrud,19,30,0,2,2177,13398,0,22.1556270096463,0.0,0
University,Kothrud,20,30,0,0,1343,8629,0,23.130603127326882,0.0,1
University,Kothrud,20,30,0,1,1511,10430,0,24.84976836532098,0.0,0
University,Kothrud,20,30,0,2,1911,13398,0,25.239560439560435,0.0,0
University,Kothrud,21,30,0,0,1112,8629,0,27.935611510791368,0.0,1
University,Kothrud,21,30,0,1,1239,10430,0,30.30508474576271,0.0,0
University,Kothrud,21,30,0,2,1680,13398,0,28.709999999999997,0.0,0
University,Kothrud,22,30,0,0,1054,8629,0,29.47286527514231,0.0,1
University,Kothrud,22,30,0,1,1173,10430,0,32.010230179028135,0.0,0
University,Kothrud,22,30,0,2,1638,13398,0,29.446153846153845,0.0,0
University,Kothrud,23,30,0,0,1054,8629,0,29.47286527514231,0.0,1
University,Kothrud,23,30,0,1,1173,10430,0,32.010230179028135,0.0,0
University,Kothrud,23,30,0,2,1638,13398,0,29.446153846153845,0.0,0
University,Kothrud,6,30,1,0,1080,8629,0,28.763333333333332,0.0,1
University,Kothrud,6,30,1,1,1206,10430,0,31.134328358208954,0.0,0
University,Kothrud,6,30,1,2,1675,13398,0,28.79570149253731,0.0,0
University,Kothrud,7,30,1,0,1174,8629,0,26.460306643952297,0.0,1
University,Kothrud,7,30,1,1,1325,10430,0,28.338113207547167,0.0,0
University,Kothrud,7,30,1,2,1784,13398,0,27.036322869955153,0.0,0
University,Kothrud,8,30,1,0,1297,8629,0,23.950963762528914,0.0,1
University,Kothrud,8,30,1,1,1465,10430,0,25.63003412969283,0.0,0
University,Kothrud,8,30,1,2,1914,13398,0,25.200000000000003,0.0,0
University,Kothrud,9,30,1,0,1344,8629,0,23.113392857142856,0.0,1
University,Kothrud,9,30,1,1,1533,10430,0,24.493150684931507,0.0,0
University,Kothrud,9,30,1,2,1945,13398,0,24.79835475578406,0.0,0
University,Kothrud,10,30,1,0,1414,8629,0,21.969165487977367,0.0,1
University,Kothrud,10,30,1,1,1635,10430,0,22.9651376146789,0.0,0
University,Kothrud,10,30,1,2,2009,13398,0,24.00836236933798,0.0,0
University,Kothrud,11,30,1,0,1489,8629,0,20.862592343854935,0.0,1
University,Kothrud,11,30,1,1,1733,10430,0,21.666474321984996,0.0,0
University,Kothrud,11,30,1,2,2055,13398,0,23.47094890510949,0.0,0
University,Kothrud,12,30,1,0,1508,8629,0,20.59973474801061,0.0,1
University,Kothrud,12,30,1,1,1752,10430,0,21.431506849315067,0.0,0
University,Kothrud,12,30,1,2,2036,13398,0,23.689980353634574,0.0,0
University,Kothrud,13,30,1,0,1446,8629,0,21.482987551867218,0.0,1
University,Kothrud,13,30,1,1,1690,10430,0,22.21775147928994,0.0,0
University,Kothrud,13,30,1,2,1934,13398,0,24.93940020682523,0.0,0
University,Kothrud,14,30,1,0,1376,8629,0,22.575872093023253,0.0,1
University,Kothrud,14,30,1,1,1648,10430,0,22.783980582524272,0.0,0
University,Kothrud,14,30,1,2,1859,13398,0,25.945562130177514,0.0,0
University,Kothrud,15,30,1,0,1373,8629,0,22.625200291332845,0.0,1
University,Kothrud,15,30,1,1,1673,10430,0,22.443514644351463,0.0,0
University,Kothrud,15,30,1,2,1878,13398,0,25.683067092651758,0.0,0
University,Kothrud,16,30,1,0,1464,8629,0,21.218852459016393,0.0,1
University,Kothrud,16,30,1,1,1773,10430,0,21.17766497461929,0.0,0
University,Kothrud,16,30,1,2,2002,13398,0,24.092307692307692,0.0,0
University,Kothrud,17,30,1,0,1604,8629,0,19.366832917705736,0.0,1
University,Kothrud,17,30,1,1,1894,10430,0,19.824709609292505,0.0,0
University,Kothrud,17,30,1,2,2171,13398,0,22.216858590511283,0.0,0
University,Kothrud,18,30,1,0,1684,8629,0,18.446793349168644,0.0,1
University,Kothrud,18,30,1,1,1916,10430,0,19.59707724425887,0.0,0
University,Kothrud,18,30,1,2,2266,13398,0,21.285436893203883,0.0,0
University,Kothrud,19,30,1,0,1557,8629,0,19.951445086705203,0.0,1
University,Kothrud,19,30,1,1,1737,10430,0,21.616580310880828,0.0,0
University,Kothrud,19,30,1,2,2141,13398,0,22.5281644091546,0.0,0
University,Kothrud,20,30,1,0,1334,8629,0,23.286656671664165,0.0,1
University,Kothrud,20,30,1,1,1487,10430,0,25.25084061869536,0.0,0
University,Kothrud,20,30,1,2,1903,13398,0,25.34566473988439,0.0,0
University,Kothrud,21,30,1,0,1111,8629,0,27.96075607560756,0.0,1
University,Kothrud,21,30,1,1,1236,10430,0,30.37864077669903,0.0,0
University,Kothrud,21,30,1,2,1678,13398,0,28.744219308700835,0.0,0
University,Kothrud,22,30,1,0,1054,8629,0,29.47286527514231,0.0,1
University,Kothrud,22,30,1,1,1173,10430,0,32.010230179028135,0.0,0
University,Kothrud,22,30,1,2,1638,13398,0,29.446153846153845,0.0,0
University,Kothrud,23,30,1,0,1054,8629,0,29.47286527514231,0.0,1
University,Kothrud,23,30,1,1,1173,10430,0,32.010230179028135,0.0,0
University,Kothrud,23,30,1,2,1638,13398,0,29.446153846153845,0.0,0
University,Kothrud,6,30,2,0,1080,8629,0,28.763333333333332,0.0,1
University,Kothrud,6,30,2,1,1205,10430,0,31.160165975103737,0.0,0
University,Kothrud,6,30,2,2,1675,13398,0,28.79570149253731,0.0,0
University,Kothrud,7,30,2,0,1171,8629,0,26.528095644748078,0.0,1
University,Kothrud,7,30,2,1,1313,10430,0,28.597105864432596,0.0,0
University,Kothrud,7,30,2,2,1775,13398,0,27.173408450704223,0.0,0
University,Kothrud,8,30,2,0,1295,8629,0,23.98795366795367,0.0,1
University,Kothrud,8,30,2,1,1451,10430,0,25.877325982081324,0.0,0
University,Kothrud,8,30,2,2,1904,13398,0,25.33235294117647,0.0,0
University,Kothrud,9,30,2,0,1338,8629,0,23.217040358744395,0.0,1
University,Kothrud,9,30,2,1,1520,10430,0,24.70263157894737,0.0,0
University,Kothrud,9,30,2,2,1936,13398,0,24.91363636363636,0.0,0
University,Kothrud,10,30,2,0,1397,8629,0,22.236506800286328,0.0,1
University,Kothrud,10,30,2,1,1623,10430,0,23.13493530499076,0.0,0
University,Kothrud,10,30,2,2,1999,13398,0,24.12846423211606,0.0,0
University,Kothrud,11,30,2,0,1464,8629,0,21.218852459016393,0.0,1
University,Kothrud,11,30,2,1,1731,10430,0,21.69150779896014,0.0,0
University,Kothrud,11,30,2,2,2042,13398,0,23.620372184133203,0.0,0
University,Kothrud,12,30,2,0,1482,8629,0,20.961133603238864,0.0,1
University,Kothrud,12,30,2,1,1761,10430,0,21.321976149914818,0.0,0
University,Kothrud,12,30,2,2,2027,13398,0,23.795165268870253,0.0,0
University,Kothrud,13,30,2,0,1424,8629,0,21.814887640449438,0.0,1
University,Kothrud,13,30,2,1,1719,10430,0,21.842931937172775,0.0,0
University,Kothrud,13,30,2,2,1930,13398,0,24.991088082901555,0.0,0
University,Kothrud,14,30,2,0,1359,8629,0,22.858278145695362,0.0,1
University,Kothrud,14,30,2,1,1692,10430,0,22.19148936170213,0.0,0
University,Kothrud,14,30,2,2,1854,13398,0,26.01553398058252,0.0,0
University,Kothrud,15,30,2,0,1367,8629,0,22.724506217995607,0.0,1
University,Kothrud,15,30,2,1,1726,10430,0,21.754345307068366,0.0,0
University,Kothrud,15,30,2,2,1874,13398,0,25.73788687299893,0.0,0
University,Kothrud,16,30,2,0,1484,8629,0,20.93288409703504,0.0,1
University,Kothrud,16,30,2,1,1833,10430,0,20.48445171849427,0.0,0
University,Kothrud,16,30,2,2,2006,13398,0,24.044267198404786,0.0,0
University,Kothrud,17,30,2,0,1661,8629,0,18.70222757375075,0.0,1
University,Kothrud,17,30,2,1,1968,10430,0,19.079268292682926,0.0,0
University,Kothrud,17,30,2,2,2186,13398,0,22.064409881061298,0.0,0
University,Kothrud,18,30,2,0,1770,8629,0,17.550508474576272,0.0,1
University,Kothrud,18,30,2,1,1991,10430,0,18.858864892014065,0.0,0
University,Kothrud,18,30,2,2,2298,13398,0,20.98903394255875,0.0,0
University,Kothrud,19,30,2,0,1617,8629,0,19.211131725417438,0.0,1
University,Kothrud,19,30,2,1,1784,10430,0,21.04708520179372,0.0,0
University,Kothrud,19,30,2,2,2172,13398,0,22.20662983425414,0.0,0
University,Kothrud,20,30,2,0,1354,8629,0,22.94268833087149,0.0,1
University,Kothrud,20,30,2,1,1506,10430,0,24.932270916334662,0.0,0
University,Kothrud,20,30,2,2,1920,13398,0,25.12125,0.0,0
University,Kothrud,21,30,2,0,1114,8629,0,27.885457809694792,0.0,1
University,Kothrud,21,30,2,1,1239,10430,0,30.30508474576271,0.0,0
University,Kothrud,21,30,2,2,1683,13398,0,28.658823529411762,0.0,0
University,Kothrud,22,30,2,0,1054,8629,0,29.47286527514231,0.0,1
University,Kothrud,22,30,2,1,1173,10430,0,32.010230179028135,0.0,0
University,Kothrud,22,30,2,2,1638,13398,0,29.446153846153845,0.0,0
University,Kothrud,23,30,2,0,1054,8629,0,29.47286527514231,0.0,1
University,Kothrud,23,30,2,1,1173,10430,0,32.010230179028135,0.0,0
University,Kothrud,23,30,2,2,1638,13398,0,29.446153846153845,0.0,0
University,Kothrud,6,30,3,0,1076,8629,0,28.870260223048327,0.0,1
University,Kothrud,6,30,3,1,1203,10430,0,31.211970074812967,0.0,0
University,Kothrud,6,30,3,2,1672,13398,0,28.847368421052632,0.0,0
University,Kothrud,7,30,3,0,1149,8629,0,27.03603133159269,0.0,1
University,Kothrud,7,30,3,1,1288,10430,0,29.15217391304348,0.0,0
University,Kothrud,7,30,3,2,1761,13398,0,27.38943781942078,0.0,0
University,Kothrud,8,30,3,0,1254,8629,0,24.77224880382775,0.0,1
University,Kothrud,8,30,3,1,1410,10430,0,26.629787234042553,0.0,0
University,Kothrud,8,30,3,2,1888,13398,0,25.54703389830508,0.0,0
University,Kothrud,9,30,3,0,1305,8629,0,23.804137931034482,0.0,1
University,Kothrud,9,30,3,1,1498,10430,0,25.065420560747665,0.0,0
University,Kothrud,9,30,3,2,1923,13398,0,25.082059282371294,0.0,0
University,Kothrud,10,30,3,0,1375,8629,0,22.59229090909091,0.0,1
University,Kothrud,10,30,3,1,1625,10430,0,23.106461538461538,0.0,0
University,Kothrud,10,30,3,2,1997,13398,0,24.15262894341512,0.0,0
University,Kothrud,11,30,3,0,1461,8629,0,21.26242299794661,0.0,1
University,Kothrud,11,30,3,1,1765,10430,0,21.273654390934844,0.0,0
University,Kothrud,11,30,3,2,2072,13398,0,23.278378378378378,0.0,0
University,Kothrud,12,30,3,0,1499,8629,0,20.72341561040694,0.0,1
University,Kothrud,12,30,3,1,1823,10430,0,20.59681843115743,0.0,0
University,Kothrud,12,30,3,2,2087,13398,0,23.111068519405844,0.0,0
University,Kothrud,13,30,3,0,1478,8629,0,21.01786197564276,0.0,1
University,Kothrud,13,30,3,1,1821,10430,0,20.61943986820428,0.0,0
University,Kothrud,13,30,3,2,2014,13398,0,23.948758689175772,0.0,0
University,Kothrud,14,30,3,0,1450,8629,0,21.423724137931032,0.0,1
University,Kothrud,14,30,3,1,1820,10430,0,20.630769230769232,0.0,0
University,Kothrud,14,30,3,2,1926,13398,0,25.042990654205607,0.0,0
University,Kothrud,15,30,3,0,1458,8629,0,21.30617283950617,0.0,1
University,Kothrud,15,30,3,1,1838,10430,0,20.428726877040262,0.0,0
University,Kothrud,15,30,3,2,1925,13398,0,25.056,0.0,0
University,Kothrud,16,30,3,0,1515,8629,0,20.504554455445543,0.0,1
University,Kothrud,16,30,3,1,1881,10430,0,19.96172248803828,0.0,0
University,Kothrud,16,30,3,2,2024,13398,0,23.830434782608698,0.0,0
University,Kothrud,17,30,3,0,1586,8629,0,19.586633039092057,0.0,1
University,Kothrud,17,30,3,1,1905,10430,0,19.71023622047244,0.0,0
University,Kothrud,17,30,3,2,2155,13398,0,22.38180974477958,0.0,0
University,Kothrud,18,30,3,0,1597,8629,0,19.45172197871008,0.0,1
University,Kothrud,18,30,3,1,1854,10430,0,20.25242718446602,0.0,0
University,Kothrud,18,30,3,2,2234,13398,0,21.590331244404656,0.0,0
University,Kothrud,19,30,3,0,1494,8629,0,20.79277108433735,0.0,1
University,Kothrud,19,30,3,1,1699,10430,0,22.100058858151854,0.0,0
University,Kothrud,19,30,3,2,2160,13398,0,22.330000000000002,0.0,0
University,Kothrud,20,30,3,0,1322,8629,0,23.49803328290469,0.0,1
University,Kothrud,20,30,3,1,1496,10430,0,25.09893048128342,0.0,0
University,Kothrud,20,30,3,2,1947,13398,0,24.7728813559322,0.0,0
University,Kothrud,21,30,3,0,1113,8629,0,27.910512129380056,0.0,1
University,Kothrud,21,30,3,1,1242,10430,0,30.231884057971016,0.0,0
University,Kothrud,21,30,3,2,1690,13398,0,28.540118343195267,0.0,0
University,Kothrud,22,30,3,0,1053,8629,0,29.500854700854703,0.0,1
University,Kothrud,22,30,3,1,1173,10430,0,32.010230179028135,0.0,0
University,Kothrud,22,30,3,2,1638,13398,0,29.446153846153845,0.0,0
University,Kothrud,23,30,3,0,1053,8629,0,29.500854700854703,0.0,1
University,Kothrud,23,30,3,1,1173,10430,0,32.010230179028135,0.0,0
University,Kothrud,23,30,3,2,1638,13398,0,29.446153846153845,0.0,0
University,Kothrud,6,30,4,0,1071,8629,0,29.005042016806723,0.0,1
University,Kothrud,6,30,4,1,1196,10430,0,31.39464882943144,0.0,0
University,Kothrud,6,30,4,2,1661,13398,0,29.038410596026488,0.0,0
University,Kothrud,7,30,4,0,1120,8629,0,27.736071428571428,0.0,1
University,Kothrud,7,30,4,1,1259,10430,0,29.823669579030977,0.0,0
University,Kothrud,7,30,4,2,1726,13398,0,27.944843568945537,0.0,0
University,Kothrud,8,30,4,0,1168,8629,0,26.596232876712328,0.0,1
University,Kothrud,8,30,4,1,1326,10430,0,28.316742081447963,0.0,0
University,Kothrud,8,30,4,2,1789,13398,0,26.960760201229736,0.0,0
University,Kothrud,9,30,4,0,1180,8629,0,26.325762711864407,0.0,1
University,Kothrud,9,30,4,1,1357,10430,0,27.669859985261603,0.0,0
University,Kothrud,9,30,4,2,1795,13398,0,26.870640668523677,0.0,0
University,Kothrud,10,30,4,0,1215,8629,0,25.567407407407405,0.0,1
University,Kothrud,10,30,4,1,1421,10430,0,26.423645320197046,0.0,0
University,Kothrud,10,30,4,2,1834,13398,0,26.299236641221373,0.0,0
University,Kothrud,11,30,4,0,1267,8629,0,24.518074191002366,0.0,1
University,Kothrud,11,30,4,1,1501,10430,0,25.015323117921383,0.0,0
University,Kothrud,11,30,4,2,1871,13398,0,25.779155531801177,0.0,0
University,Kothrud,12,30,4,0,1294,8629,0,24.006491499227202,0.0,1
University,Kothrud,12,30,4,1,1541,10430,0,24.365996106424397,0.0,0
University,Kothrud,12,30,4,2,1880,13398,0,25.65574468085106,0.0,0
University,Kothrud,13,30,4,0,1304,8629,0,23.82239263803681,0.0,1
University,Kothrud,13,30,4,1,1551,10430,0,24.208897485493228,0.0,0
University,Kothrud,13,30,4,2,1847,13398,0,26.114131023280994,0.0,0
University,Kothrud,14,30,4,0,1296,8629,0,23.969444444444445,0.0,1
University,Kothrud,14,30,4,1,1547,10430,0,24.271493212669682,0.0,0
University,Kothrud,14,30,4,2,1801,13398,0,26.7811215991116,0.0,0
University,Kothrud,15,30,4,0,1293,8629,0,24.025058004640368,0.0,1
University,Kothrud,15,30,4,1,1556,10430,0,24.13110539845758,0.0,0
University,Kothrud,15,30,4,2,1799,13398,0,26.81089494163424,0.0,0
University,Kothrud,16,30,4,0,1321,8629,0,23.51582134746404,0.0,1
University,Kothrud,16,30,4,1,1591,10430,0,23.600251414204905,0.0,0
University,Kothrud,16,30,4,2,1853,13398,0,26.02957366432812,0.0,0
University,Kothrud,17,30,4,0,1361,8629,0,22.82468772961058,0.0,1
University,Kothrud,17,30,4,1,1628,10430,0,23.063882063882062,0.0,0
University,Kothrud,17,30,4,2,1921,13398,0,25.108172826652783,0.0,0
University,Kothrud,18,30,4,0,1374,8629,0,22.60873362445415,0.0,1
University,Kothrud,18,30,4,1,1614,10430,0,23.2639405204461,0.0,0
University,Kothrud,18,30,4,2,1970,13398,0,24.483654822335023,0.0,0
University,Kothrud,19,30,4,0,1336,8629,0,23.251796407185626,0.0,1
University,Kothrud,19,30,4,1,1531,10430,0,24.525146962769433,0.0,0
University,Kothrud,19,30,4,2,1950,13398,0,24.73476923076923,0.0,0
University,Kothrud,20,30,4,0,1247,8629,0,24.911307137129107,0.0,1
University,Kothrud,20,30,4,1,1403,10430,0,26.762651461154665,0.0,0
University,Kothrud,20,30,4,2,1833,13398,0,26.313584288052372,0.0,0
University,Kothrud,21,30,4,0,1100,8629,0,28.240363636363632,0.0,1
University,Kothrud,21,30,4,1,1225,10430,0,30.65142857142857,0.0,0
University,Kothrud,21,30,4,2,1670,13398,0,28.88191616766467,0.0,0
University,Kothrud,22,30,4,0,1053,8629,0,29.500854700854703,0.0,1
University,Kothrud,22,30,4,1,1173,10430,0,32.010230179028135,0.0,0
University,Kothrud,22,30,4,2,1638,13398,0,29.446153846153845,0.0,0
University,Kothrud,23,30,4,0,1053,8629,0,29.500854700854703,0.0,1
University,Kothrud,23,30,4,1,1173,10430,0,32.010230179028135,0.0,0
University,Kothrud,23,30,4,2,1638,13398,0,29.446153846153845,0.0,0
University,Kothrud,6,30,5,0,1082,8629,0,28.710166358595192,0.0,1
University,Kothrud,6,30,5,1,1208,10430,0,31.082781456953644,0.0,0
University,Kothrud,6,30,5,2,1676,13398,0,28.77852028639618,0.0,0
University,Kothrud,7,30,5,0,1171,8629,0,26.528095644748078,0.0,1
University,Kothrud,7,30,5,1,1325,10430,0,28.338113207547167,0.0,0
University,Kothrud,7,30,5,2,1775,13398,0,27.173408450704223,0.0,0
University,Kothrud,8,30,5,0,1293,8629,0,24.025058004640368,0.0,1
University,Kothrud,8,30,5,1,1465,10430,0,25.63003412969283,0.0,0
University,Kothrud,8,30,5,2,1902,13398,0,25.358990536277602,0.0,0
University,Kothrud,9,30,5,0,1337,8629,0,23.234405385190726,0.0,1
University,Kothrud,9,30,5,1,1536,10430,0,24.445312499999996,0.0,0
University,Kothrud,9,30,5,2,1938,13398,0,24.887925696594426,0.0,0
University,Kothrud,10,30,5,0,1396,8629,0,22.252435530085958,0.0,1
University,Kothrud,10,30,5,1,1627,10430,0,23.078057775046098,0.0,0
University,Kothrud,10,30,5,2,1999,13398,0,24.12846423211606,0.0,0
University,Kothrud,11,30,5,0,1463,8629,0,21.233356117566643,0.0,1
University,Kothrud,11,30,5,1,1707,10430,0,21.99648506151142,0.0,0
University,Kothrud,11,30,5,2,2039,13398,0,23.65512506130456,0.0,0
University,Kothrud,12,30,5,0,1484,8629,0,20.93288409703504,0.0,1
University,Kothrud,12,30,5,1,1714,10430,0,21.906651108518087,0.0,0
University,Kothrud,12,30,5,2,2020,13398,0,23.87762376237624,0.0,0
University,Kothrud,13,30,5,0,1426,8629,0,21.784291725105188,0.0,1
University,Kothrud,13,30,5,1,1646,10430,0,22.811664641555286,0.0,0
University,Kothrud,13,30,5,2,1914,13398,0,25.200000000000003,0.0,0
University,Kothrud,14,30,5,0,1357,8629,0,22.891967575534263,0.0,1
University,Kothrud,14,30,5,1,1615,10430,0,23.24953560371517,0.0,0
University,Kothrud,14,30,5,2,1836,13398,0,26.270588235294117,0.0,0
University,Kothrud,15,30,5,0,1355,8629,0,22.925756457564574,0.0,1
University,Kothrud,15,30,5,1,1650,10430,0,22.756363636363638,0.0,0
University,Kothrud,15,30,5,2,1857,13398,0,25.973505654281098,0.0,0
University,Kothrud,16,30,5,0,1451,8629,0,21.40895933838732,0.0,1
University,Kothrud,16,30,5,1,1768,10430,0,21.237556561085974,0.0,0
University,Kothrud,16,30,5,2,1984,13398,0,24.31088709677419,0.0,0
University,Kothrud,17,30,5,0,1597,8629,0,19.45172197871008,0.0,1
University,Kothrud,17,30,5,1,1908,10430,0,19.679245283018865,0.0,0
University,Kothrud,17,30,5,2,2159,13398,0,22.340342751273734,0.0,0
University,Kothrud,18,30,5,0,1683,8629,0,18.457754010695187,0.0,1
University,Kothrud,18,30,5,1,1939,10430,0,19.364620938628157,0.0,0
University,Kothrud,18,30,5,2,2272,13398,0,21.229225352112678,0.0,0
University,Kothrud,19,30,5,0,1559,8629,0,19.925849903784474,0.0,1
University,Kothrud,19,30,5,1,1740,10430,0,21.579310344827586,0.0,0
University,Kothrud,19,30,5,2,2156,13398,0,22.37142857142857,0.0,0
University,Kothrud,20,30,5,0,1337,8629,0,23.234405385190726,0.0,1
University,Kothrud,20,30,5,1,1478,10430,0,25.404600811907983,0.0,0
University,Kothrud,20,30,5,2,1910,13398,0,25.252774869109945,0.0,0
University,Kothrud,21,30,5,0,1113,8629,0,27.910512129380056,0.0,1
University,Kothrud,21,30,5,1,1233,10430,0,30.452554744525543,0.0,0
University,Kothrud,21,30,5,2,1680,13398,0,28.709999999999997,0.0,0
University,Kothrud,22,30,5,0,1054,8629,0,29.47286527514231,0.0,1
University,Kothrud,22,30,5,1,1173,10430,0,32.010230179028135,0.0,0
University,Kothrud,22,30,5,2,1638,13398,0,29.446153846153845,0.0,0
University,Kothrud,23,30,5,0,1054,8629,0,29.47286527514231,0.0,1
University,Kothrud,23,30,5,1,1173,10430,0,32.010230179028135,0.0,0
University,Kothrud,23,30,5,2,1638,13398,0,29.446153846153845,0.0,0
University,Kothrud,6,30,6,0,1080,8629,0,28.763333333333332,0.0,1
University,Kothrud,6,30,6,1,1207,10430,0,31.108533554266774,0.0,0
University,Kothrud,6,30,6,2,1677,13398,0,28.761359570661895,0.0,0
University,Kothrud,7,30,6,0,1174,8629,0,26.460306643952297,0.0,1
University,Kothrud,7,30,6,1,1330,10430,0,28.23157894736842,0.0,0
University,Kothrud,7,30,6,2,1785,13398,0,27.021176470588234,0.0,0
University,Kothrud,8,30,6,0,1309,8629,0,23.731398013750955,0.0,1
University,Kothrud,8,30,6,1,1489,10430,0,25.216924110141033,0.0,0
University,Kothrud,8,30,6,2,1930,13398,0,24.991088082901555,0.0,0
University,Kothrud,9,30,6,0,1366,8629,0,22.741142020497804,0.0,1
University,Kothrud,9,30,6,1,1571,10430,0,23.90070019096117,0.0,0
University,Kothrud,9,30,6,2,1973,13398,0,24.446426761277245,0.0,0
University,Kothrud,10,30,6,0,1438,8629,0,21.60250347705146,0.0,1
University,Kothrud,10,30,6,1,1683,10430,0,22.310160427807485,0.0,0
University,Kothrud,10,30,6,2,2042,13398,0,23.620372184133203,0.0,0
University,Kothrud,11,30,6,0,1507,8629,0,20.613404114134042,0.0,1
University,Kothrud,11,30,6,1,1776,10430,0,21.14189189189189,0.0,0
University,Kothrud,11,30,6,2,2085,13398,0,23.13323741007194,0.0,0
University,Kothrud,12,30,6,0,1513,8629,0,20.53165895571712,0.0,1
University,Kothrud,12,30,6,1,1772,10430,0,21.18961625282167,0.0,0
University,Kothrud,12,30,6,2,2052,13398,0,23.50526315789474,0.0,0
University,Kothrud,13,30,6,0,1439,8629,0,21.58749131341209,0.0,1
University,Kothrud,13,30,6,1,1691,10430,0,22.20461265523359,0.0,0
University,Kothrud,13,30,6,2,1931,13398,0,24.978146038322112,0.0,0
University,Kothrud,14,30,6,0,1361,8629,0,22.82468772961058,0.0,1
University,Kothrud,14,30,6,1,1648,10430,0,22.783980582524272,0.0,0
University,Kothrud,14,30,6,2,1851,13398,0,26.05769854132901,0.0,0
University,Kothrud,15,30,6,0,1361,8629,0,22.82468772961058,0.0,1
University,Kothrud,15,30,6,1,1682,10430,0,22.323424494649228,0.0,0
University,Kothrud,15,30,6,2,1875,13398,0,25.724159999999998,0.0,0
University,Kothrud,16,30,6,0,1467,8629,0,21.175460122699388,0.0,1
University,Kothrud,16,30,6,1,1797,10430,0,20.89482470784641,0.0,0
University,Kothrud,16,30,6,2,2017,13398,0,23.913138324243928,0.0,0
University,Kothrud,17,30,6,0,1619,8629,0,19.18739962940086,0.0,1
University,Kothrud,17,30,6,1,1932,10430,0,19.434782608695652,0.0,0
University,Kothrud,17,30,6,2,2209,13398,0,21.834676324128566,0.0,0
University,Kothrud,18,30,6,0,1717,8629,0,18.09225393127548,0.0,1
University,Kothrud,18,30,6,1,1963,10430,0,19.12786551197147,0.0,0
University,Kothrud,18,30,6,2,2327,13398,0,20.727460249247958,0.0,0
University,Kothrud,19,30,6,0,1589,8629,0,19.549653870358714,0.0,1
University,Kothrud,19,30,6,1,1767,10430,0,21.24957555178268,0.0,0
University,Kothrud,19,30,6,2,2193,13398,0,21.993980848153214,0.0,0
University,Kothrud,20,30,6,0,1346,8629,0,23.079049034175334,0.0,1
University,Kothrud,20,30,6,1,1489,10430,0,25.216924110141033,0.0,0
University,Kothrud,20,30,6,2,1927,13398,0,25.029994810586405,0.0,0
University,Kothrud,21,30,6,0,1113,8629,0,27.910512129380056,0.0,1
University,Kothrud,21,30,6,1,1234,10430,0,30.427876823338735,0.0,0
University,Kothrud,21,30,6,2,1683,13398,0,28.658823529411762,0.0,0
University,Kothrud,22,30,6,0,1054,8629,0,29.47286527514231,0.0,1
University,Kothrud,22,30,6,1,1173,10430,0,32.010230179028135,0.0,0
University,Kothrud,22,30,6,2,1638,13398,0,29.446153846153845,0.0,0
University,Kothrud,23,30,6,0,1054,8629,0,29.47286527514231,0.0,1
University,Kothrud,23,30,6,1,1173,10430,0,32.010230179028135,0.0,0
University,Kothrud,23,30,6,2,1638,13398,0,29.446153846153845,0.0,0
University,Kothrud,6,30,0,0,1079,8629,0,28.789990732159406,0.0,1
University,Kothrud,6,30,0,1,1205,10430,0,31.160165975103737,0.0,0
University,Kothrud,6,30,0,2,1675,13398,0,28.79570149253731,0.0,0
University,Kothrud,7,30,0,0,1175,8629,0,26.437787234042553,0.0,1
University,Kothrud,7,30,0,1,1334,10430,0,28.14692653673163,0.0,0
University,Kothrud,7,30,0,2,1784,13398,0,27.036322869955153,0.0,0
University,Kothrud,8,30,0,0,1308,8629,0,23.74954128440367,0.0,1
University,Kothrud,8,30,0,1,1496,10430,0,25.09893048128342,0.0,0
University,Kothrud,8,30,0,2,1924,13398,0,25.069022869022866,0.0,0
University,Kothrud,9,30,0,0,1351,8629,0,22.99363434492968,0.0,1
University,Kothrud,9,30,0,1,1563,10430,0,24.023032629558543,0.0,0
University,Kothrud,9,30,0,2,1954,13398,0,24.68413510747185,0.0,0
University,Kothrud,10,30,0,0,1412,8629,0,22.00028328611898,0.0,1
University,Kothrud,10,30,0,1,1660,10430,0,22.61927710843373,0.0,0
University,Kothrud,10,30,0,2,2013,13398,0,23.960655737704915,0.0,0
University,Kothrud,11,30,0,0,1479,8629,0,21.00365111561866,0.0,1
University,Kothrud,11,30,0,1,1751,10430,0,21.44374643061108,0.0,0
University,Kothrud,11,30,0,2,2053,13398,0,23.49381393083293,0.0,0
University,Kothrud,12,30,0,0,1496,8629,0,20.764973262032083,0.0,1
University,Kothrud,12,30,0,1,1762,10430,0,21.30987514188422,0.0,0
University,Kothrud,12,30,0,2,2030,13398,0,23.759999999999998,0.0,0
University,Kothrud,13,30,0,0,1433,8629,0,21.677878576413118,0.0,1
University,Kothrud,13,30,0,1,1682,10430,0,22.323424494649228,0.0,0
University,Kothrud,13,30,0,2,1923,13398,0,25.082059282371294,0.0,0
University,Kothrud,14,30,0,0,1365,8629,0,22.757802197802196,0.0,1
University,Kothrud,14,30,0,1,1636,10430,0,22.95110024449878,0.0,0
University,Kothrud,14,30,0,2,1850,13398,0,26.071783783783786,0.0,0
University,Kothrud,15,30,0,0,1375,8629,0,22.59229090909091,0.0,1
University,Kothrud,15,30,0,1,1676,10430,0,22.403341288782816,0.0,0
University,Kothrud,15,30,0,2,1882,13398,0,25.62848034006376,0.0,0
University,Kothrud,16,30,0,0,1483,8629,0,20.946999325691166,0.0,1
University,Kothrud,16,30,0,1,1804,10430,0,20.813747228381377,0.0,0
University,Kothrud,16,30,0,2,2025,13398,0,23.818666666666665,0.0,0
University,Kothrud,17,30,0,0,1636,8629,0,18.9880195599022,0.0,1
University,Kothrud,17,30,0,1,1964,10430,0,19.118126272912424,0.0,0
University,Kothrud,17,30,0,2,2221,13398,0,21.716704187303016,0.0,0
University,Kothrud,18,30,0,0,1726,8629,0,17.997914252607185,0.0,1
University,Kothrud,18,30,0,1,2013,10430,0,18.652757078986586,0.0,0
University,Kothrud,18,30,0,2,2329,13398,0,20.709660798626018,0.0,0
University,Kothrud,19,30,0,0,1590,8629,0,19.53735849056604,0.0,1
University,Kothrud,19,30,0,1,1808,10430,0,20.76769911504425,0.0,0
University,Kothrud,19,30,0,2,2177,13398,0,22.1556270096463,0.0,0
University,Kothrud,20,30,0,0,1343,8629,0,23.130603127326882,0.0,1
University,Kothrud,20,30,0,1,1511,10430,0,24.84976836532098,0.0,0
University,Kothrud,20,30,0,2,1911,13398,0,25.239560439560435,0.0,0
University,Kothrud,21,30,0,0,1112,8629,0,27.935611510791368,0.0,1
University,Kothrud,21,30,0,1,1239,10430,0,30.30508474576271,0.0,0
University,Kothrud,21,30,0,2,1680,13398,0,28.709999999999997,0.0,0
University,Kothrud,22,30,0,0,1054,8629,0,29.47286527514231,0.0,1
University,Kothrud,22,30,0,1,1173,10430,0,32.010230179028135,0.0,0
University,Kothrud,22,30,0,2,1638,13398,0,29.446153846153845,0.0,0
University,Kothrud,23,30,0,0,1054,8629,0,29.47286527514231,0.0,1
University,Kothrud,23,30,0,1,1173,10430,0,32.010230179028135,0.0,0
University,Kothrud,23,30,0,2,1638,13398,0,29.446153846153845,0.0,0
University,Kothrud,6,30,1,0,1080,8629,0,28.763333333333332,0.0,1
University,Kothrud,6,30,1,1,1206,10430,0,31.134328358208954,0.0,0
University,Kothrud,6,30,1,2,1675,13398,0,28.79570149253731,0.0,0
University,Kothrud,7,30,1,0,1174,8629,0,26.460306643952297,0.0,1
University,Kothrud,7,30,1,1,1325,10430,0,28.338113207547167,0.0,0
University,Kothrud,7,30,1,2,1784,13398,0,27.036322869955153,0.0,0
University,Kothrud,8,30,1,0,1297,8629,0,23.950963762528914,0.0,1
University,Kothrud,8,30,1,1,1465,10430,0,25.63003412969283,0.0,0
University,Kothrud,8,30,1,2,1914,13398,0,25.200000000000003,0.0,0
University,Kothrud,9,30,1,0,1344,8629,0,23.113392857142856,0.0,1
University,Kothrud,9,30,1,1,1533,10430,0,24.493150684931507,0.0,0
University,Kothrud,9,30,1,2,1945,13398,0,24.79835475578406,0.0,0
University,Kothrud,10,30,1,0,1414,8629,0,21.969165487977367,0.0,1
University,Kothrud,10,30,1,1,1635,10430,0,22.9651376146789,0.0,0
University,Kothrud,10,30,1,2,2009,13398,0,24.00836236933798,0.0,0
University,Kothrud,11,30,1,0,1489,8629,0,20.862592343854935,0.0,1
University,Kothrud,11,30,1,1,1733,10430,0,21.666474321984996,0.0,0
University,Kothrud,11,30,1,2,2055,13398,0,23.47094890510949,0.0,0
University,Kothrud,12,30,1,0,1508,8629,0,20.59973474801061,0.0,1
University,Kothrud,12,30,1,1,1752,10430,0,21.431506849315067,0.0,0
University,Kothrud,12,30,1,2,2036,13398,0,23.689980353634574,0.0,0
University,Kothrud,13,30,1,0,1446,8629,0,21.482987551867218,0.0,1
University,Kothrud,13,30,1,1,1690,10430,0,22.21775147928994,0.0,0
University,Kothrud,13,30,1,2,1934,13398,0,24.93940020682523,0.0,0
University,Kothrud,14,30,1,0,1376,8629,0,22.575872093023253,0.0,1
University,Kothrud,14,30,1,1,1648,10430,0,22.783980582524272,0.0,0
University,Kothrud,14,30,1,2,1859,13398,0,25.945562130177514,0.0,0
University,Kothrud,15,30,1,0,1373,8629,0,22.625200291332845,0.0,1
University,Kothrud,15,30,1,1,1673,10430,0,22.443514644351463,0.0,0
University,Kothrud,15,30,1,2,1878,13398,0,25.683067092651758,0.0,0
University,Kothrud,16,30,1,0,1464,8629,0,21.218852459016393,0.0,1
University,Kothrud,16,30,1,1,1773,10430,0,21.17766497461929,0.0,0
University,Kothrud,16,30,1,2,2002,13398,0,24.092307692307692,0.0,0
University,Kothrud,17,30,1,0,1604,8629,0,19.366832917705736,0.0,1
University,Kothrud,17,30,1,1,1894,10430,0,19.824709609292505,0.0,0
University,Kothrud,17,30,1,2,2171,13398,0,22.216858590511283,0.0,0
University,Kothrud,18,30,1,0,1684,8629,0,18.446793349168644,0.0,1
University,Kothrud,18,30,1,1,1916,10430,0,19.59707724425887,0.0,0
University,Kothrud,18,30,1,2,2266,13398,0,21.285436893203883,0.0,0
University,Kothrud,19,30,1,0,1557,8629,0,19.951445086705203,0.0,1
University,Kothrud,19,30,1,1,1737,10430,0,21.616580310880828,0.0,0
University,Kothrud,19,30,1,2,2141,13398,0,22.5281644091546,0.0,0
University,Kothrud,20,30,1,0,1334,8629,0,23.286656671664165,0.0,1
University,Kothrud,20,30,1,1,1487,10430,0,25.25084061869536,0.0,0
University,Kothrud,20,30,1,2,1903,13398,0,25.34566473988439,0.0,0
University,Kothrud,21,30,1,0,1111,8629,0,27.96075607560756,0.0,1
University,Kothrud,21,30,1,1,1236,10430,0,30.37864077669903,0.0,0
University,Kothrud,21,30,1,2,1678,13398,0,28.744219308700835,0.0,0
University,Kothrud,22,30,1,0,1054,8629,0,29.47286527514231,0.0,1
University,Kothrud,22,30,1,1,1173,10430,0,32.010230179028135,0.0,0
University,Kothrud,22,30,1,2,1638,13398,0,29.446153846153845,0.0,0
University,Kothrud,23,30,1,0,1054,8629,0,29.47286527514231,0.0,1
University,Kothrud,23,30,1,1,1173,10430,0,32.010230179028135,0.0,0
University,Kothrud,23,30,1,2,1638,13398,0,29.446153846153845,0.0,0
University,Kothrud,6,30,2,0,1080,8629,0,28.763333333333332,0.0,1
University,Kothrud,6,30,2,1,1205,10430,0,31.160165975103737,0.0,0
University,Kothrud,6,30,2,2,1675,13398,0,28.79570149253731,0.0,0
University,Kothrud,7,30,2,0,1171,8629,0,26.528095644748078,0.0,1
University,Kothrud,7,30,2,1,1313,10430,0,28.597105864432596,0.0,0
University,Kothrud,7,30,2,2,1775,13398,0,27.173408450704223,0.0,0
University,Kothrud,8,30,2,0,1295,8629,0,23.98795366795367,0.0,1
University,Kothrud,8,30,2,1,1451,10430,0,25.877325982081324,0.0,0
University,Kothrud,8,30,2,2,1904,13398,0,25.33235294117647,0.0,0
University,Kothrud,9,30,2,0,1338,8629,0,23.217040358744395,0.0,1
University,Kothrud,9,30,2,1,1520,10430,0,24.70263157894737,0.0,0
University,Kothrud,9,30,2,2,1936,13398,0,24.91363636363636,0.0,0
University,Kothrud,10,30,2,0,1397,8629,0,22.236506800286328,0.0,1
University,Kothrud,10,30,2,1,1623,10430,0,23.13493530499076,0.0,0
University,Kothrud,10,30,2,2,1999,13398,0,24.12846423211606,0.0,0
University,Kothrud,11,30,2,0,1464,8629,0,21.218852459016393,0.0,1
University,Kothrud,11,30,2,1,1731,10430,0,21.69150779896014,0.0,0
University,Kothrud,11,30,2,2,2042,13398,0,23.620372184133203,0.0,0
University,Kothrud,12,30,2,0,1482,8629,0,20.961133603238864,0.0,1
University,Kothrud,12,30,2,1,1761,10430,0,21.321976149914818,0.0,0
University,Kothrud,12,30,2,2,2027,13398,0,23.795165268870253,0.0,0
University,Kothrud,13,30,2,0,1424,8629,0,21.814887640449438,0.0,1
University,Kothrud,13,30,2,1,1719,10430,0,21.842931937172775,0.0,0
University,Kothrud,13,30,2,2,1930,13398,0,24.991088082901555,0.0,0
University,Kothrud,14,30,2,0,1359,8629,0,22.858278145695362,0.0,1
University,Kothrud,14,30,2,1,1692,10430,0,22.19148936170213,0.0,0
University,Kothrud,14,30,2,2,1854,13398,0,26.01553398058252,0.0,0
University,Kothrud,15,30,2,0,1367,8629,0,22.724506217995607,0.0,1
University,Kothrud,15,30,2,1,1726,10430,0,21.754345307068366,0.0,0
University,Kothrud,15,30,2,2,1874,13398,0,25.73788687299893,0.0,0
University,Kothrud,16,30,2,0,1484,8629,0,20.93288409703504,0.0,1
University,Kothrud,16,30,2,1,1833,10430,0,20.48445171849427,0.0,0
University,Kothrud,16,30,2,2,2006,13398,0,24.044267198404786,0.0,0
University,Kothrud,17,30,2,0,1661,8629,0,18.70222757375075,0.0,1
University,Kothrud,17,30,2,1,1968,10430,0,19.079268292682926,0.0,0
University,Kothrud,17,30,2,2,2186,13398,0,22.064409881061298,0.0,0
University,Kothrud,18,30,2,0,1770,8629,0,17.550508474576272,0.0,1
University,Kothrud,18,30,2,1,1991,10430,0,18.858864892014065,0.0,0
University,Kothrud,18,30,2,2,2298,13398,0,20.98903394255875,0.0,0
University,Kothrud,19,30,2,0,1617,8629,0,19.211131725417438,0.0,1
University,Kothrud,19,30,2,1,1784,10430,0,21.04708520179372,0.0,0
University,Kothrud,19,30,2,2,2172,13398,0,22.20662983425414,0.0,0
University,Kothrud,20,30,2,0,1354,8629,0,22.94268833087149,0.0,1
University,Kothrud,20,30,2,1,1506,10430,0,24.932270916334662,0.0,0
University,Kothrud,20,30,2,2,1920,13398,0,25.12125,0.0,0
University,Kothrud,21,30,2,0,1114,8629,0,27.885457809694792,0.0,1
University,Kothrud,21,30,2,1,1239,10430,0,30.30508474576271,0.0,0
University,Kothrud,21,30,2,2,1683,13398,0,28.658823529411762,0.0,0
University,Kothrud,22,30,2,0,1054,8629,0,29.47286527514231,0.0,1
University,Kothrud,22,30,2,1,1173,10430,0,32.010230179028135,0.0,0
University,Kothrud,22,30,2,2,1638,13398,0,29.446153846153845,0.0,0
University,Kothrud,23,30,2,0,1054,8629,0,29.47286527514231,0.0,1
University,Kothrud,23,30,2,1,1173,10430,0,32.010230179028135,0.0,0
University,Kothrud,23,30,2,2,1638,13398,0,29.446153846153845,0.0,0
University,Kothrud,6,30,3,0,1076,8629,0,28.870260223048327,0.0,1
University,Kothrud,6,30,3,1,1203,10430,0,31.211970074812967,0.0,0
University,Kothrud,6,30,3,2,1672,13398,0,28.847368421052632,0.0,0
University,Kothrud,7,30,3,0,1149,8629,0,27.03603133159269,0.0,1
University,Kothrud,7,30,3,1,1288,10430,0,29.15217391304348,0.0,0
University,Kothrud,7,30,3,2,1761,13398,0,27.38943781942078,0.0,0
University,Kothrud,8,30,3,0,1254,8629,0,24.77224880382775,0.0,1
University,Kothrud,8,30,3,1,1410,10430,0,26.629787234042553,0.0,0
University,Kothrud,8,30,3,2,1888,13398,0,25.54703389830508,0.0,0
University,Kothrud,9,30,3,0,1305,8629,0,23.804137931034482,0.0,1
University,Kothrud,9,30,3,1,1498,10430,0,25.065420560747665,0.0,0
University,Kothrud,9,30,3,2,1923,13398,0,25.082059282371294,0.0,0
University,Kothrud,10,30,3,0,1375,8629,0,22.59229090909091,0.0,1
University,Kothrud,10,30,3,1,1625,10430,0,23.106461538461538,0.0,0
University,Kothrud,10,30,3,2,1997,13398,0,24.15262894341512,0.0,0
University,Kothrud,11,30,3,0,1461,8629,0,21.26242299794661,0.0,1
University,Kothrud,11,30,3,1,1765,10430,0,21.273654390934844,0.0,0
University,Kothrud,11,30,3,2,2072,13398,0,23.278378378378378,0.0,0
University,Kothrud,12,30,3,0,1499,8629,0,20.72341561040694,0.0,1
University,Kothrud,12,30,3,1,1823,10430,0,20.59681843115743,0.0,0
University,Kothrud,12,30,3,2,2087,13398,0,23.111068519405844,0.0,0
University,Kothrud,13,30,3,0,1478,8629,0,21.01786197564276,0.0,1
University,Kothrud,13,30,3,1,1821,10430,0,20.61943986820428,0.0,0
University,Kothrud,13,30,3,2,2014,13398,0,23.948758689175772,0.0,0
University,Kothrud,14,30,3,0,1450,8629,0,21.423724137931032,0.0,1
University,Kothrud,14,30,3,1,1820,10430,0,20.630769230769232,0.0,0
University,Kothrud,14,30,3,2,1926,13398,0,25.042990654205607,0.0,0
University,Kothrud,15,30,3,0,1458,8629,0,21.30617283950617,0.0,1
University,Kothrud,15,30,3,1,1838,10430,0,20.428726877040262,0.0,0
University,Kothrud,15,30,3,2,1925,13398,0,25.056,0.0,0
University,Kothrud,16,30,3,0,1515,8629,0,20.504554455445543,0.0,1
University,Kothrud,16,30,3,1,1881,10430,0,19.96172248803828,0.0,0
University,Kothrud,16,30,3,2,2024,13398,0,23.830434782608698,0.0,0
University,Kothrud,17,30,3,0,1586,8629,0,19.586633039092057,0.0,1
University,Kothrud,17,30,3,1,1905,10430,0,19.71023622047244,0.0,0
University,Kothrud,17,30,3,2,2155,13398,0,22.38180974477958,0.0,0
University,Kothrud,18,30,3,0,1597,8629,0,19.45172197871008,0.0,1
University,Kothrud,18,30,3,1,1854,10430,0,20.25242718446602,0.0,0
University,Kothrud,18,30,3,2,2234,13398,0,21.590331244404656,0.0,0
University,Kothrud,19,30,3,0,1494,8629,0,20.79277108433735,0.0,1
University,Kothrud,19,30,3,1,1699,10430,0,22.100058858151854,0.0,0
University,Kothrud,19,30,3,2,2160,13398,0,22.330000000000002,0.0,0
University,Kothrud,20,30,3,0,1322,8629,0,23.49803328290469,0.0,1
University,Kothrud,20,30,3,1,1496,10430,0,25.09893048128342,0.0,0
University,Kothrud,20,30,3,2,1947,13398,0,24.7728813559322,0.0,0
University,Kothrud,21,30,3,0,1113,8629,0,27.910512129380056,0.0,1
University,Kothrud,21,30,3,1,1242,10430,0,30.231884057971016,0.0,0
University,Kothrud,21,30,3,2,1690,13398,0,28.540118343195267,0.0,0
University,Kothrud,22,30,3,0,1053,8629,0,29.500854700854703,0.0,1
University,Kothrud,22,30,3,1,1173,10430,0,32.010230179028135,0.0,0
University,Kothrud,22,30,3,2,1638,13398,0,29.446153846153845,0.0,0
University,Kothrud,23,30,3,0,1053,8629,0,29.500854700854703,0.0,1
University,Kothrud,23,30,3,1,1173,10430,0,32.010230179028135,0.0,0
University,Kothrud,23,30,3,2,1638,13398,0,29.446153846153845,0.0,0
University,Kothrud,6,30,4,0,1071,8629,0,29.005042016806723,0.0,1
University,Kothrud,6,30,4,1,1196,10430,0,31.39464882943144,0.0,0
University,Kothrud,6,30,4,2,1661,13398,0,29.038410596026488,0.0,0
University,Kothrud,7,30,4,0,1120,8629,0,27.736071428571428,0.0,1
University,Kothrud,7,30,4,1,1259,10430,0,29.823669579030977,0.0,0
University,Kothrud,7,30,4,2,1726,13398,0,27.944843568945537,0.0,0
University,Kothrud,8,30,4,0,1168,8629,0,26.596232876712328,0.0,1
University,Kothrud,8,30,4,1,1326,10430,0,28.316742081447963,0.0,0
University,Kothrud,8,30,4,2,1789,13398,0,26.960760201229736,0.0,0
University,Kothrud,9,30,4,0,1180,8629,0,26.325762711864407,0.0,1
University,Kothrud,9,30,4,1,1357,10430,0,27.669859985261603,0.0,0
University,Kothrud,9,30,4,2,1795,13398,0,26.870640668523677,0.0,0
University,Kothrud,10,30,4,0,1215,8629,0,25.567407407407405,0.0,1
University,Kothrud,10,30,4,1,1421,10430,0,26.423645320197046,0.0,0
University,Kothrud,10,30,4,2,1834,13398,0,26.299236641221373,0.0,0
University,Kothrud,11,30,4,0,1267,8629,0,24.518074191002366,0.0,1
University,Kothrud,11,30,4,1,1501,10430,0,25.015323117921383,0.0,0
University,Kothrud,11,30,4,2,1871,13398,0,25.779155531801177,0.0,0
University,Kothrud,12,30,4,0,1294,8629,0,24.006491499227202,0.0,1
University,Kothrud,12,30,4,1,1541,10430,0,24.365996106424397,0.0,0
University,Kothrud,12,30,4,2,1880,13398,0,25.65574468085106,0.0,0
University,Kothrud,13,30,4,0,1304,8629,0,23.82239263803681,0.0,1
University,Kothrud,13,30,4,1,1551,10430,0,24.208897485493228,0.0,0
University,Kothrud,13,30,4,2,1847,13398,0,26.114131023280994,0.0,0
University,Kothrud,14,30,4,0,1296,8629,0,23.969444444444445,0.0,1
University,Kothrud,14,30,4,1,1547,10430,0,24.271493212669682,0.0,0
University,Kothrud,14,30,4,2,1801,13398,0,26.7811215991116,0.0,0
University,Kothrud,15,30,4,0,1293,8629,0,24.025058004640368,0.0,1
University,Kothrud,15,30,4,1,1556,10430,0,24.13110539845758,0.0,0
University,Kothrud,15,30,4,2,1799,13398,0,26.81089494163424,0.0,0
University,Kothrud,16,30,4,0,1321,8629,0,23.51582134746404,0.0,1
University,Kothrud,16,30,4,1,1591,10430,0,23.600251414204905,0.0,0
University,Kothrud,16,30,4,2,1853,13398,0,26.02957366432812,0.0,0
University,Kothrud,17,30,4,0,1361,8629,0,22.82468772961058,0.0,1
University,Kothrud,17,30,4,1,1628,10430,0,23.063882063882062,0.0,0
University,Kothrud,17,30,4,2,1921,13398,0,25.108172826652783,0.0,0
University,Kothrud,18,30,4,0,1374,8629,0,22.60873362445415,0.0,1
University,Kothrud,18,30,4,1,1614,10430,0,23.2639405204461,0.0,0
University,Kothrud,18,30,4,2,1970,13398,0,24.483654822335023,0.0,0
University,Kothrud,19,30,4,0,1336,8629,0,23.251796407185626,0.0,1
University,Kothrud,19,30,4,1,1531,10430,0,24.525146962769433,0.0,0
University,Kothrud,19,30,4,2,1950,13398,0,24.73476923076923,0.0,0
University,Kothrud,20,30,4,0,1247,8629,0,24.911307137129107,0.0,1
University,Kothrud,20,30,4,1,1403,10430,0,26.762651461154665,0.0,0
University,Kothrud,20,30,4,2,1833,13398,0,26.313584288052372,0.0,0
University,Kothrud,21,30,4,0,1100,8629,0,28.240363636363632,0.0,1
University,Kothrud,21,30,4,1,1225,10430,0,30.65142857142857,0.0,0
University,Kothrud,21,30,4,2,1670,13398,0,28.88191616766467,0.0,0
University,Kothrud,22,30,4,0,1053,8629,0,29.500854700854703,0.0,1
University,Kothrud,22,30,4,1,1173,10430,0,32.010230179028135,0.0,0
University,Kothrud,22,30,4,2,1638,13398,0,29.446153846153845,0.0,0
University,Kothrud,23,30,4,0,1053,8629,0,29.500854700854703,0.0,1
University,Kothrud,23,30,4,1,1173,10430,0,32.010230179028135,0.0,0
University,Kothrud,23,30,4,2,1638,13398,0,29.446153846153845,0.0,0
University,Kothrud,6,30,5,0,1082,8629,0,28.710166358595192,0.0,1
University,Kothrud,6,30,5,1,1208,10430,0,31.082781456953644,0.0,0
University,Kothrud,6,30,5,2,1676,13398,0,28.77852028639618,0.0,0
University,Kothrud,7,30,5,0,1171,8629,0,26.528095644748078,0.0,1
University,Kothrud,7,30,5,1,1325,10430,0,28.338113207547167,0.0,0
University,Kothrud,7,30,5,2,1775,13398,0,27.173408450704223,0.0,0
University,Kothrud,8,30,5,0,1293,8629,0,24.025058004640368,0.0,1
University,Kothrud,8,30,5,1,1465,10430,0,25.63003412969283,0.0,0
University,Kothrud,8,30,5,2,1902,13398,0,25.358990536277602,0.0,0
University,Kothrud,9,30,5,0,1337,8629,0,23.234405385190726,0.0,1
University,Kothrud,9,30,5,1,1536,10430,0,24.445312499999996,0.0,0
University,Kothrud,9,30,5,2,1938,13398,0,24.887925696594426,0.0,0
University,Kothrud,10,30,5,0,1396,8629,0,22.252435530085958,0.0,1
University,Kothrud,10,30,5,1,1627,10430,0,23.078057775046098,0.0,0
University,Kothrud,10,30,5,2,1999,13398,0,24.12846423211606,0.0,0
University,Kothrud,11,30,5,0,1463,8629,0,21.233356117566643,0.0,1
University,Kothrud,11,30,5,1,1707,10430,0,21.99648506151142,0.0,0
University,Kothrud,11,30,5,2,2039,13398,0,23.65512506130456,0.0,0
University,Kothrud,12,30,5,0,1484,8629,0,20.93288409703504,0.0,1
University,Kothrud,12,30,5,1,1714,10430,0,21.906651108518087,0.0,0
University,Kothrud,12,30,5,2,2020,13398,0,23.87762376237624,0.0,0
University,Kothrud,13,30,5,0,1426,8629,0,21.784291725105188,0.0,1
University,Kothrud,13,30,5,1,1646,10430,0,22.811664641555286,0.0,0
University,Kothrud,13,30,5,2,1914,13398,0,25.200000000000003,0.0,0
University,Kothrud,14,30,5,0,1357,8629,0,22.891967575534263,0.0,1
University,Kothrud,14,30,5,1,1615,10430,0,23.24953560371517,0.0,0
University,Kothrud,14,30,5,2,1836,13398,0,26.270588235294117,0.0,0
University,Kothrud,15,30,5,0,1355,8629,0,22.925756457564574,0.0,1
University,Kothrud,15,30,5,1,1650,10430,0,22.756363636363638,0.0,0
University,Kothrud,15,30,5,2,1857,13398,0,25.973505654281098,0.0,0
University,Kothrud,16,30,5,0,1451,8629,0,21.40895933838732,0.0,1
University,Kothrud,16,30,5,1,1768,10430,0,21.237556561085974,0.0,0
University,Kothrud,16,30,5,2,1984,13398,0,24.31088709677419,0.0,0
University,Kothrud,17,30,5,0,1597,8629,0,19.45172197871008,0.0,1
University,Kothrud,17,30,5,1,1908,10430,0,19.679245283018865,0.0,0
University,Kothrud,17,30,5,2,2159,13398,0,22.340342751273734,0.0,0
University,Kothrud,18,30,5,0,1683,8629,0,18.457754010695187,0.0,1
University,Kothrud,18,30,5,1,1939,10430,0,19.364620938628157,0.0,0
University,Kothrud,18,30,5,2,2272,13398,0,21.229225352112678,0.0,0
University,Kothrud,19,30,5,0,1559,8629,0,19.925849903784474,0.0,1
University,Kothrud,19,30,5,1,1740,10430,0,21.579310344827586,0.0,0
University,Kothrud,19,30,5,2,2156,13398,0,22.37142857142857,0.0,0
University,Kothrud,20,30,5,0,1337,8629,0,23.234405385190726,0.0,1
University,Kothrud,20,30,5,1,1478,10430,0,25.404600811907983,0.0,0
University,Kothrud,20,30,5,2,1910,13398,0,25.252774869109945,0.0,0
University,Kothrud,21,30,5,0,1113,8629,0,27.910512129380056,0.0,1
University,Kothrud,21,30,5,1,1233,10430,0,30.452554744525543,0.0,0
University,Kothrud,21,30,5,2,1680,13398,0,28.709999999999997,0.0,0
University,Kothrud,22,30,5,0,1054,8629,0,29.47286527514231,0.0,1
University,Kothrud,22,30,5,1,1173,10430,0,32.010230179028135,0.0,0
University,Kothrud,22,30,5,2,1638,13398,0,29.446153846153845,0.0,0
University,Kothrud,23,30,5,0,1054,8629,0,29.47286527514231,0.0,1
University,Kothrud,23,30,5,1,1173,10430,0,32.010230179028135,0.0,0
University,Kothrud,23,30,5,2,1638,13398,0,29.446153846153845,0.0,0
University,Kothrud,6,30,6,0,1080,8629,0,28.763333333333332,0.0,1
University,Kothrud,6,30,6,1,1207,10430,0,31.108533554266774,0.0,0
University,Kothrud,6,30,6,2,1677,13398,0,28.761359570661895,0.0,0
University,Kothrud,7,30,6,0,1174,8629,0,26.460306643952297,0.0,1
University,Kothrud,7,30,6,1,1330,10430,0,28.23157894736842,0.0,0
University,Kothrud,7,30,6,2,1785,13398,0,27.021176470588234,0.0,0
University,Kothrud,8,30,6,0,1309,8629,0,23.731398013750955,0.0,1
University,Kothrud,8,30,6,1,1489,10430,0,25.216924110141033,0.0,0
University,Kothrud,8,30,6,2,1930,13398,0,24.991088082901555,0.0,0
University,Kothrud,9,30,6,0,1366,8629,0,22.741142020497804,0.0,1
University,Kothrud,9,30,6,1,1571,10430,0,23.90070019096117,0.0,0
University,Kothrud,9,30,6,2,1973,13398,0,24.446426761277245,0.0,0
University,Kothrud,10,30,6,0,1438,8629,0,21.60250347705146,0.0,1
University,Kothrud,10,30,6,1,1683,10430,0,22.310160427807485,0.0,0
University,Kothrud,10,30,6,2,2042,13398,0,23.620372184133203,0.0,0
University,Kothrud,11,30,6,0,1507,8629,0,20.613404114134042,0.0,1
University,Kothrud,11,30,6,1,1776,10430,0,21.14189189189189,0.0,0
University,Kothrud,11,30,6,2,2085,13398,0,23.13323741007194,0.0,0
University,Kothrud,12,30,6,0,1513,8629,0,20.53165895571712,0.0,1
University,Kothrud,12,30,6,1,1772,10430,0,21.18961625282167,0.0,0
University,Kothrud,12,30,6,2,2052,13398,0,23.50526315789474,0.0,0
University,Kothrud,13,30,6,0,1439,8629,0,21.58749131341209,0.0,1
University,Kothrud,13,30,6,1,1691,10430,0,22.20461265523359,0.0,0
University,Kothrud,13,30,6,2,1931,13398,0,24.978146038322112,0.0,0
University,Kothrud,14,30,6,0,1361,8629,0,22.82468772961058,0.0,1
University,Kothrud,14,30,6,1,1648,10430,0,22.783980582524272,0.0,0
University,Kothrud,14,30,6,2,1851,13398,0,26.05769854132901,0.0,0
University,Kothrud,15,30,6,0,1361,8629,0,22.82468772961058,0.0,1
University,Kothrud,15,30,6,1,1682,10430,0,22.323424494649228,0.0,0
University,Kothrud,15,30,6,2,1875,13398,0,25.724159999999998,0.0,0
University,Kothrud,16,30,6,0,1467,8629,0,21.175460122699388,0.0,1
University,Kothrud,16,30,6,1,1797,10430,0,20.89482470784641,0.0,0
University,Kothrud,16,30,6,2,2017,13398,0,23.913138324243928,0.0,0
University,Kothrud,17,30,6,0,1619,8629,0,19.18739962940086,0.0,1
University,Kothrud,17,30,6,1,1932,10430,0,19.434782608695652,0.0,0
University,Kothrud,17,30,6,2,2209,13398,0,21.834676324128566,0.0,0
University,Kothrud,18,30,6,0,1717,8629,0,18.09225393127548,0.0,1
University,Kothrud,18,30,6,1,1963,10430,0,19.12786551197147,0.0,0
University,Kothrud,18,30,6,2,2327,13398,0,20.727460249247958,0.0,0
University,Kothrud,19,30,6,0,1589,8629,0,19.549653870358714,0.0,1
University,Kothrud,19,30,6,1,1767,10430,0,21.24957555178268,0.0,0
University,Kothrud,19,30,6,2,2193,13398,0,21.993980848153214,0.0,0
University,Kothrud,20,30,6,0,1346,8629,0,23.079049034175334,0.0,1
University,Kothrud,20,30,6,1,1489,10430,0,25.216924110141033,0.0,0
University,Kothrud,20,30,6,2,1927,13398,0,25.029994810586405,0.0,0
University,Kothrud,21,30,6,0,1113,8629,0,27.910512129380056,0.0,1
University,Kothrud,21,30,6,1,1234,10430,0,30.427876823338735,0.0,0
University,Kothrud,21,30,6,2,1683,13398,0,28.658823529411762,0.0,0
University,Kothrud,22,30,6,0,1054,8629,0,29.47286527514231,0.0,1
University,Kothrud,22,30,6,1,1173,10430,0,32.010230179028135,0.0,0
University,Kothrud,22,30,6,2,1638,13398,0,29.446153846153845,0.0,0
University,Kothrud,23,30,6,0,1054,8629,0,29.47286527514231,0.0,1
University,Kothrud,23,30,6,1,1173,10430,0,32.010230179028135,0.0,0
University,Kothrud,23,30,6,2,1638,13398,0,29.446153846153845,0.0,0
