origin,destination,hour,day_of_week,route_id,travel_time,distance,traffic_delay,avg_speed,delay_ratio,is_best_route
Hadapsar,Swargate,7,0,0,1129,8486,0,27.058990256864483,0.0,1
Hadapsar,Swargate,7,0,1,1321,9613,0,26.197426192278574,0.0,0
Hadapsar,Swargate,7,0,2,1825,12146,0,23.95923287671233,0.0,0
Hadapsar,Swargate,9,0,0,1459,8486,0,20.938725154215216,0.0,1
Hadapsar,Swargate,9,0,1,2005,11129,0,19.98224438902743,0.0,0
Hadapsar,Swargate,9,0,2,2137,11695,0,19.701450631726722,0.0,0
Hadapsar,Swargate,11,0,0,1604,8486,0,19.045885286783044,0.0,1
Hadapsar,Swargate,11,0,1,2163,11129,0,18.52260748959778,0.0,0
Hadapsar,Swargate,11,0,2,2338,11695,0,18.007698887938407,0.0,0
Hadapsar,Swargate,13,0,0,1518,8486,0,20.124901185770753,0.0,1
Hadapsar,Swargate,13,0,1,2176,11202,0,18.532720588235293,0.0,0
Hadapsar,Swargate,13,0,2,1664,9613,0,20.79735576923077,0.0,0
Hadapsar,Swargate,15,0,0,1443,8486,0,21.170893970893975,0.0,1
Hadapsar,Swargate,15,0,1,1791,10290,0,20.683417085427134,0.0,0
Hadapsar,Swargate,15,0,2,2161,11764,0,19.597593706617307,0.0,0
Hadapsar,Swargate,17,0,0,1692,8486,0,18.055319148936174,0.0,1
Hadapsar,Swargate,17,0,1,2238,11183,0,17.988739946380697,0.0,0
Hadapsar,Swargate,17,0,2,2513,11695,0,16.75368085953044,0.0,0
Hadapsar,Swargate,19,0,0,1713,8486,0,17.83397548161121,0.0,1
Hadapsar,Swargate,19,0,1,2302,11626,0,18.18140747176368,0.0,0
Hadapsar,Swargate,19,0,2,1933,10271,0,19.128608380755303,0.0,0
Hadapsar,Swargate,21,0,0,1202,8486,0,25.415640599001666,0.0,1
Hadapsar,Swargate,21,0,1,1384,9613,0,25.00491329479769,0.0,0
Hadapsar,Swargate,21,0,2,1880,12131,0,23.229574468085104,0.0,0
Hadapsar,Swargate,23,0,0,1034,8486,0,29.545067698259192,0.0,1
Hadapsar,Swargate,23,0,1,1690,12131,0,25.841183431952665,0.0,0
Hadapsar,Swargate,23,0,2,1718,11129,0,23.320372526193246,0.0,0
Hadapsar,Swargate,7,1,0,1124,8486,0,27.179359430604983,0.0,1
Hadapsar,Swargate,7,1,1,1312,9613,0,26.37713414634146,0.0,0
Hadapsar,Swargate,7,1,2,1802,12146,0,24.265038845726973,0.0,0
Hadapsar,Swargate,9,1,0,1441,8486,0,21.20027758501041,0.0,1
Hadapsar,Swargate,9,1,1,2023,11626,0,20.688877904102817,0.0,0
Hadapsar,Swargate,9,1,2,1588,9613,0,21.79269521410579,0.0,0
Hadapsar,Swargate,11,1,0,1606,8486,0,19.022166874221668,0.0,1
Hadapsar,Swargate,11,1,1,2167,11129,0,18.488417166589755,0.0,0
Hadapsar,Swargate,11,1,2,2298,11695,0,18.321148825065276,0.0,0
Hadapsar,Swargate,13,1,0,1510,8486,0,20.231523178807947,0.0,1
Hadapsar,Swargate,13,1,1,2214,11764,0,19.128455284552846,0.0,0
Hadapsar,Swargate,13,1,2,1668,9613,0,20.74748201438849,0.0,0
Hadapsar,Swargate,15,1,0,1439,8486,0,21.229742876997918,0.0,1
Hadapsar,Swargate,15,1,1,2128,11764,0,19.901503759398494,0.0,0
Hadapsar,Swargate,15,1,2,1614,9613,0,21.441635687732344,0.0,0
Hadapsar,Swargate,17,1,0,1646,8486,0,18.55990279465371,0.0,1
Hadapsar,Swargate,17,1,1,2274,11764,0,18.623746701846965,0.0,0
Hadapsar,Swargate,17,1,2,2009,10475,0,18.77053260328522,0.0,0
Hadapsar,Swargate,19,1,0,1639,8486,0,18.639170225747407,0.0,1
Hadapsar,Swargate,19,1,1,2279,11807,0,18.650811759543657,0.0,0
Hadapsar,Swargate,19,1,2,1904,10271,0,19.41995798319328,0.0,0
Hadapsar,Swargate,21,1,0,1194,8486,0,25.58592964824121,0.0,1
Hadapsar,Swargate,21,1,1,1381,9613,0,25.05923244026068,0.0,0
Hadapsar,Swargate,21,1,2,1875,12131,0,23.29152,0.0,0
Hadapsar,Swargate,23,1,0,1034,8486,0,29.545067698259192,0.0,1
Hadapsar,Swargate,23,1,1,1690,12131,0,25.841183431952665,0.0,0
Hadapsar,Swargate,23,1,2,1718,11129,0,23.320372526193246,0.0,0
Hadapsar,Swargate,7,2,0,1127,8486,0,27.107009760425914,0.0,1
Hadapsar,Swargate,7,2,1,1311,9613,0,26.397254004576656,0.0,0
Hadapsar,Swargate,7,2,2,1806,12146,0,24.211295681063124,0.0,0
Hadapsar,Swargate,9,2,0,1435,8486,0,21.28891986062718,0.0,1
Hadapsar,Swargate,9,2,1,2003,11626,0,20.89545681477783,0.0,0
Hadapsar,Swargate,9,2,2,1578,9613,0,21.93079847908745,0.0,0
Hadapsar,Swargate,11,2,0,1584,8486,0,19.28636363636364,0.0,1
Hadapsar,Swargate,11,2,1,2172,11764,0,19.49834254143646,0.0,0
Hadapsar,Swargate,11,2,2,1932,10475,0,19.518633540372672,0.0,0
Hadapsar,Swargate,13,2,0,1517,8486,0,20.138167435728413,0.0,1
Hadapsar,Swargate,13,2,1,2184,11764,0,19.39120879120879,0.0,0
Hadapsar,Swargate,13,2,2,1666,9613,0,20.772388955582233,0.0,0
Hadapsar,Swargate,15,2,0,1437,8486,0,21.25929018789144,0.0,1
Hadapsar,Swargate,15,2,1,2117,11764,0,20.004912612187056,0.0,0
Hadapsar,Swargate,15,2,2,1605,9613,0,21.5618691588785,0.0,0
Hadapsar,Swargate,17,2,0,1666,8486,0,18.337094837935176,0.0,1
Hadapsar,Swargate,17,2,1,2272,11764,0,18.640140845070423,0.0,0
Hadapsar,Swargate,17,2,2,2037,10475,0,18.512518409425628,0.0,0
Hadapsar,Swargate,19,2,0,1687,8486,0,18.108832246591586,0.0,1
Hadapsar,Swargate,19,2,1,2270,11626,0,18.43770925110132,0.0,0
Hadapsar,Swargate,19,2,2,2065,10475,0,18.261501210653755,0.0,0
Hadapsar,Swargate,21,2,0,1207,8486,0,25.310356255178128,0.0,1
Hadapsar,Swargate,21,2,1,1774,11766,0,23.876888387824128,0.0,0
Hadapsar,Swargate,21,2,2,1390,9613,0,24.896978417266183,0.0,0
Hadapsar,Swargate,23,2,0,1034,8486,0,29.545067698259192,0.0,1
Hadapsar,Swargate,23,2,1,1690,12131,0,25.841183431952665,0.0,0
Hadapsar,Swargate,23,2,2,1718,11129,0,23.320372526193246,0.0,0
Hadapsar,Swargate,7,3,0,1092,8486,0,27.975824175824176,0.0,1
Hadapsar,Swargate,7,3,1,1287,9613,0,26.88951048951049,0.0,0
Hadapsar,Swargate,7,3,2,1772,12131,0,24.645372460496613,0.0,0
Hadapsar,Swargate,9,3,0,1277,8486,0,23.922944400939706,0.0,1
Hadapsar,Swargate,9,3,1,1955,12146,0,22.366035805626602,0.0,0
Hadapsar,Swargate,9,3,2,1447,9613,0,23.916240497581203,0.0,0
Hadapsar,Swargate,11,3,0,1470,8486,0,20.782040816326532,0.0,1
Hadapsar,Swargate,11,3,1,2066,11764,0,20.498741529525653,0.0,0
Hadapsar,Swargate,11,3,2,1623,9613,0,21.322735674676526,0.0,0
Hadapsar,Swargate,13,3,0,1529,8486,0,19.980117724002618,0.0,1
Hadapsar,Swargate,13,3,1,2114,11764,0,20.033301797540208,0.0,0
Hadapsar,Swargate,13,3,2,1675,9613,0,20.660776119402982,0.0,0
Hadapsar,Swargate,15,3,0,1568,8486,0,19.483163265306125,0.0,1
Hadapsar,Swargate,15,3,1,2119,11764,0,19.986031146767342,0.0,0
Hadapsar,Swargate,15,3,2,2005,11064,0,19.865536159600996,0.0,0
Hadapsar,Swargate,17,3,0,1640,8486,0,18.62780487804878,0.0,1
Hadapsar,Swargate,17,3,1,2174,11764,0,19.480404783808645,0.0,0
Hadapsar,Swargate,17,3,2,2080,11064,0,19.149230769230773,0.0,0
Hadapsar,Swargate,19,3,0,1523,8486,0,20.058831254103744,0.0,1
Hadapsar,Swargate,19,3,1,2128,11764,0,19.901503759398494,0.0,0
Hadapsar,Swargate,19,3,2,1675,9613,0,20.660776119402982,0.0,0
Hadapsar,Swargate,21,3,0,1192,8486,0,25.628859060402686,0.0,1
Hadapsar,Swargate,21,3,1,1378,9613,0,25.113788098693757,0.0,0
Hadapsar,Swargate,21,3,2,1877,12131,0,23.266702184336708,0.0,0
Hadapsar,Swargate,23,3,0,1034,8486,0,29.545067698259192,0.0,1
Hadapsar,Swargate,23,3,1,1690,12131,0,25.841183431952665,0.0,0
Hadapsar,Swargate,23,3,2,1718,11129,0,23.320372526193246,0.0,0
Hadapsar,Swargate,7,4,0,1067,8486,0,28.63130271790066,0.0,1
Hadapsar,Swargate,7,4,1,1749,12131,0,24.969468267581476,0.0,0
Hadapsar,Swargate,7,4,2,1752,11129,0,22.86780821917808,0.0,0
Hadapsar,Swargate,9,4,0,1156,8486,0,26.426989619377164,0.0,1
Hadapsar,Swargate,9,4,1,1720,11766,0,24.626511627906975,0.0,0
Hadapsar,Swargate,9,4,2,1344,9613,0,25.74910714285714,0.0,0
Hadapsar,Swargate,11,4,0,1248,8486,0,24.478846153846156,0.0,1
Hadapsar,Swargate,11,4,1,1872,11626,0,22.357692307692307,0.0,0
Hadapsar,Swargate,11,4,2,1422,9613,0,24.33670886075949,0.0,0
Hadapsar,Swargate,13,4,0,1296,8486,0,23.572222222222226,0.0,1
Hadapsar,Swargate,13,4,1,1929,11626,0,21.697045101088644,0.0,0
Hadapsar,Swargate,13,4,2,1465,9613,0,23.622389078498294,0.0,0
Hadapsar,Swargate,15,4,0,1332,8486,0,22.935135135135138,0.0,1
Hadapsar,Swargate,15,4,1,1968,11764,0,21.51951219512195,0.0,0
Hadapsar,Swargate,15,4,2,1496,9613,0,23.13288770053476,0.0,0
Hadapsar,Swargate,17,4,0,1400,8486,0,21.82114285714286,0.0,1
Hadapsar,Swargate,17,4,1,2022,11764,0,20.94480712166172,0.0,0
Hadapsar,Swargate,17,4,2,1560,9613,0,22.18384615384615,0.0,0
Hadapsar,Swargate,19,4,0,1374,8486,0,22.23406113537118,0.0,1
Hadapsar,Swargate,19,4,1,1949,11766,0,21.732991277578243,0.0,0
Hadapsar,Swargate,19,4,2,1541,9613,0,22.457365347177156,0.0,0
Hadapsar,Swargate,21,4,0,1149,8486,0,26.587989556135774,0.0,1
Hadapsar,Swargate,21,4,1,1335,9613,0,25.92269662921348,0.0,0
Hadapsar,Swargate,21,4,2,1828,12146,0,23.919912472647706,0.0,0
Hadapsar,Swargate,23,4,0,1034,8486,0,29.545067698259192,0.0,1
Hadapsar,Swargate,23,4,1,1690,12131,0,25.841183431952665,0.0,0
Hadapsar,Swargate,23,4,2,1718,11129,0,23.320372526193246,0.0,0
Hadapsar,Swargate,7,5,0,1139,8486,0,26.821422300263393,0.0,1
Hadapsar,Swargate,7,5,1,1323,9613,0,26.1578231292517,0.0,0
Hadapsar,Swargate,7,5,2,1805,12146,0,24.22470914127424,0.0,0
Hadapsar,Swargate,9,5,0,1476,8486,0,20.697560975609758,0.0,1
Hadapsar,Swargate,9,5,1,2021,11626,0,20.70935180603661,0.0,0
Hadapsar,Swargate,9,5,2,1860,10494,0,20.31096774193548,0.0,0
Hadapsar,Swargate,11,5,0,1607,8486,0,19.010329807093964,0.0,1
Hadapsar,Swargate,11,5,1,2156,11129,0,18.582745825602967,0.0,0
Hadapsar,Swargate,11,5,2,2289,11695,0,18.39318479685452,0.0,0
Hadapsar,Swargate,13,5,0,1503,8486,0,20.325748502994013,0.0,1
Hadapsar,Swargate,13,5,1,2176,11202,0,18.532720588235293,0.0,0
Hadapsar,Swargate,13,5,2,1649,9613,0,20.986537295330503,0.0,0
Hadapsar,Swargate,15,5,0,1417,8486,0,21.559350741002117,0.0,1
Hadapsar,Swargate,15,5,1,1582,9613,0,21.875347661188368,0.0,0
Hadapsar,Swargate,15,5,2,2133,11764,0,19.854852320675104,0.0,0
Hadapsar,Swargate,17,5,0,1645,8486,0,18.571185410334348,0.0,1
Hadapsar,Swargate,17,5,1,2284,11764,0,18.54220665499124,0.0,0
Hadapsar,Swargate,17,5,2,1784,9613,0,19.39843049327354,0.0,0
Hadapsar,Swargate,19,5,0,1684,8486,0,18.14109263657957,0.0,1
Hadapsar,Swargate,19,5,1,2296,11626,0,18.228919860627176,0.0,0
Hadapsar,Swargate,19,5,2,1929,10271,0,19.168273716951788,0.0,0
Hadapsar,Swargate,21,5,0,1193,8486,0,25.607376362112323,0.0,1
Hadapsar,Swargate,21,5,1,1376,9613,0,25.150290697674418,0.0,0
Hadapsar,Swargate,21,5,2,1884,12131,0,23.180254777070065,0.0,0
Hadapsar,Swargate,23,5,0,1034,8486,0,29.545067698259192,0.0,1
Hadapsar,Swargate,23,5,1,1690,12131,0,25.841183431952665,0.0,0
Hadapsar,Swargate,23,5,2,1718,11129,0,23.320372526193246,0.0,0
Hadapsar,Swargate,7,6,0,1151,8486,0,26.54178974804518,0.0,1
Hadapsar,Swargate,7,6,1,1334,9613,0,25.94212893553223,0.0,0
Hadapsar,Swargate,7,6,2,1831,12146,0,23.880720917531406,0.0,0
Hadapsar,Swargate,9,6,0,1516,8486,0,20.151451187335095,0.0,1
Hadapsar,Swargate,9,6,1,2020,11129,0,19.83386138613861,0.0,0
Hadapsar,Swargate,9,6,2,2164,12146,0,20.20591497227357,0.0,0
Hadapsar,Swargate,11,6,0,1669,8486,0,18.304134212103058,0.0,1
Hadapsar,Swargate,11,6,1,2201,11129,0,18.20281690140845,0.0,0
Hadapsar,Swargate,11,6,2,2362,11695,0,17.824724809483488,0.0,0
Hadapsar,Swargate,13,6,0,1542,8486,0,19.811673151750973,0.0,1
Hadapsar,Swargate,13,6,1,2205,11202,0,18.288979591836732,0.0,0
Hadapsar,Swargate,13,6,2,1696,9613,0,20.40495283018868,0.0,0
Hadapsar,Swargate,15,6,0,1480,8486,0,20.641621621621624,0.0,1
Hadapsar,Swargate,15,6,1,2135,11202,0,18.888618266978924,0.0,0
Hadapsar,Swargate,15,6,2,1651,9613,0,20.961114476075103,0.0,0
Hadapsar,Swargate,17,6,0,1729,8486,0,17.66894158473106,0.0,1
Hadapsar,Swargate,17,6,1,2238,11183,0,17.988739946380697,0.0,0
Hadapsar,Swargate,17,6,2,2542,11695,0,16.562549173878836,0.0,0
Hadapsar,Swargate,19,6,0,1714,8486,0,17.823570595099184,0.0,1
Hadapsar,Swargate,19,6,1,2317,11626,0,18.063703064307294,0.0,0
Hadapsar,Swargate,19,6,2,1960,10271,0,18.86510204081633,0.0,0
Hadapsar,Swargate,21,6,0,1195,8486,0,25.564518828451885,0.0,1
Hadapsar,Swargate,21,6,1,1380,9613,0,25.077391304347824,0.0,0
Hadapsar,Swargate,21,6,2,1876,12131,0,23.27910447761194,0.0,0
Hadapsar,Swargate,23,6,0,1035,8486,0,29.51652173913044,0.0,1
Hadapsar,Swargate,23,6,1,1691,12131,0,25.825901833234774,0.0,0
Hadapsar,Swargate,23,6,2,1719,11129,0,23.306806282722512,0.0,0
Hadapsar,Swargate,7,0,0,1129,8486,0,27.058990256864483,0.0,1
Hadapsar,Swargate,7,0,1,1321,9613,0,26.197426192278574,0.0,0
Hadapsar,Swargate,7,0,2,1825,12146,0,23.95923287671233,0.0,0
Hadapsar,Swargate,9,0,0,1459,8486,0,20.938725154215216,0.0,1
Hadapsar,Swargate,9,0,1,2005,11129,0,19.98224438902743,0.0,0
Hadapsar,Swargate,9,0,2,2137,11695,0,19.701450631726722,0.0,0
Hadapsar,Swargate,11,0,0,1604,8486,0,19.045885286783044,0.0,1
Hadapsar,Swargate,11,0,1,2163,11129,0,18.52260748959778,0.0,0
Hadapsar,Swargate,11,0,2,2338,11695,0,18.007698887938407,0.0,0
Hadapsar,Swargate,13,0,0,1518,8486,0,20.124901185770753,0.0,1
Hadapsar,Swargate,13,0,1,2176,11202,0,18.532720588235293,0.0,0
Hadapsar,Swargate,13,0,2,1664,9613,0,20.79735576923077,0.0,0
Hadapsar,Swargate,15,0,0,1443,8486,0,21.170893970893975,0.0,1
Hadapsar,Swargate,15,0,1,1791,10290,0,20.683417085427134,0.0,0
Hadapsar,Swargate,15,0,2,2161,11764,0,19.597593706617307,0.0,0
Hadapsar,Swargate,17,0,0,1692,8486,0,18.055319148936174,0.0,1
Hadapsar,Swargate,17,0,1,2238,11183,0,17.988739946380697,0.0,0
Hadapsar,Swargate,17,0,2,2513,11695,0,16.75368085953044,0.0,0
Hadapsar,Swargate,19,0,0,1713,8486,0,17.83397548161121,0.0,1
Hadapsar,Swargate,19,0,1,2302,11626,0,18.18140747176368,0.0,0
Hadapsar,Swargate,19,0,2,1933,10271,0,19.128608380755303,0.0,0
Hadapsar,Swargate,21,0,0,1202,8486,0,25.415640599001666,0.0,1
Hadapsar,Swargate,21,0,1,1384,9613,0,25.00491329479769,0.0,0
Hadapsar,Swargate,21,0,2,1880,12131,0,23.229574468085104,0.0,0
Hadapsar,Swargate,23,0,0,1034,8486,0,29.545067698259192,0.0,1
Hadapsar,Swargate,23,0,1,1690,12131,0,25.841183431952665,0.0,0
Hadapsar,Swargate,23,0,2,1718,11129,0,23.320372526193246,0.0,0
Hadapsar,Swargate,7,1,0,1124,8486,0,27.179359430604983,0.0,1
Hadapsar,Swargate,7,1,1,1312,9613,0,26.37713414634146,0.0,0
Hadapsar,Swargate,7,1,2,1802,12146,0,24.265038845726973,0.0,0
Hadapsar,Swargate,9,1,0,1441,8486,0,21.20027758501041,0.0,1
Hadapsar,Swargate,9,1,1,2023,11626,0,20.688877904102817,0.0,0
Hadapsar,Swargate,9,1,2,1588,9613,0,21.79269521410579,0.0,0
Hadapsar,Swargate,11,1,0,1606,8486,0,19.022166874221668,0.0,1
Hadapsar,Swargate,11,1,1,2167,11129,0,18.488417166589755,0.0,0
Hadapsar,Swargate,11,1,2,2298,11695,0,18.321148825065276,0.0,0
Hadapsar,Swargate,13,1,0,1510,8486,0,20.231523178807947,0.0,1
Hadapsar,Swargate,13,1,1,2214,11764,0,19.128455284552846,0.0,0
Hadapsar,Swargate,13,1,2,1668,9613,0,20.74748201438849,0.0,0
Hadapsar,Swargate,15,1,0,1439,8486,0,21.229742876997918,0.0,1
Hadapsar,Swargate,15,1,1,2128,11764,0,19.901503759398494,0.0,0
Hadapsar,Swargate,15,1,2,1614,9613,0,21.441635687732344,0.0,0
Hadapsar,Swargate,17,1,0,1646,8486,0,18.55990279465371,0.0,1
Hadapsar,Swargate,17,1,1,2274,11764,0,18.623746701846965,0.0,0
Hadapsar,Swargate,17,1,2,2009,10475,0,18.77053260328522,0.0,0
Hadapsar,Swargate,19,1,0,1639,8486,0,18.639170225747407,0.0,1
Hadapsar,Swargate,19,1,1,2279,11807,0,18.650811759543657,0.0,0
Hadapsar,Swargate,19,1,2,1904,10271,0,19.41995798319328,0.0,0
Hadapsar,Swargate,21,1,0,1194,8486,0,25.58592964824121,0.0,1
Hadapsar,Swargate,21,1,1,1381,9613,0,25.05923244026068,0.0,0
Hadapsar,Swargate,21,1,2,1875,12131,0,23.29152,0.0,0
Hadapsar,Swargate,23,1,0,1034,8486,0,29.545067698259192,0.0,1
Hadapsar,Swargate,23,1,1,1690,12131,0,25.841183431952665,0.0,0
Hadapsar,Swargate,23,1,2,1718,11129,0,23.320372526193246,0.0,0
Hadapsar,Swargate,7,2,0,1127,8486,0,27.107009760425914,0.0,1
Hadapsar,Swargate,7,2,1,1311,9613,0,26.397254004576656,0.0,0
Hadapsar,Swargate,7,2,2,1806,12146,0,24.211295681063124,0.0,0
Hadapsar,Swargate,9,2,0,1435,8486,0,21.28891986062718,0.0,1
Hadapsar,Swargate,9,2,1,2003,11626,0,20.89545681477783,0.0,0
Hadapsar,Swargate,9,2,2,1578,9613,0,21.93079847908745,0.0,0
Hadapsar,Swargate,11,2,0,1584,8486,0,19.28636363636364,0.0,1
Hadapsar,Swargate,11,2,1,2172,11764,0,19.49834254143646,0.0,0
Hadapsar,Swargate,11,2,2,1932,10475,0,19.518633540372672,0.0,0
Hadapsar,Swargate,13,2,0,1517,8486,0,20.138167435728413,0.0,1
Hadapsar,Swargate,13,2,1,2184,11764,0,19.39120879120879,0.0,0
Hadapsar,Swargate,13,2,2,1666,9613,0,20.772388955582233,0.0,0
Hadapsar,Swargate,15,2,0,1437,8486,0,21.25929018789144,0.0,1
Hadapsar,Swargate,15,2,1,2117,11764,0,20.004912612187056,0.0,0
Hadapsar,Swargate,15,2,2,1605,9613,0,21.5618691588785,0.0,0
Hadapsar,Swargate,17,2,0,1666,8486,0,18.337094837935176,0.0,1
Hadapsar,Swargate,17,2,1,2272,11764,0,18.640140845070423,0.0,0
Hadapsar,Swargate,17,2,2,2037,10475,0,18.512518409425628,0.0,0
Hadapsar,Swargate,19,2,0,1687,8486,0,18.108832246591586,0.0,1
Hadapsar,Swargate,19,2,1,2270,11626,0,18.43770925110132,0.0,0
Hadapsar,Swargate,19,2,2,2065,10475,0,18.261501210653755,0.0,0
Hadapsar,Swargate,21,2,0,1207,8486,0,25.310356255178128,0.0,1
Hadapsar,Swargate,21,2,1,1774,11766,0,23.876888387824128,0.0,0
Hadapsar,Swargate,21,2,2,1390,9613,0,24.896978417266183,0.0,0
Hadapsar,Swargate,23,2,0,1034,8486,0,29.545067698259192,0.0,1
Hadapsar,Swargate,23,2,1,1690,12131,0,25.841183431952665,0.0,0
Hadapsar,Swargate,23,2,2,1718,11129,0,23.320372526193246,0.0,0
Hadapsar,Swargate,7,3,0,1092,8486,0,27.975824175824176,0.0,1
Hadapsar,Swargate,7,3,1,1287,9613,0,26.88951048951049,0.0,0
Hadapsar,Swargate,7,3,2,1772,12131,0,24.645372460496613,0.0,0
Hadapsar,Swargate,9,3,0,1277,8486,0,23.922944400939706,0.0,1
Hadapsar,Swargate,9,3,1,1955,12146,0,22.366035805626602,0.0,0
Hadapsar,Swargate,9,3,2,1447,9613,0,23.916240497581203,0.0,0
Hadapsar,Swargate,11,3,0,1470,8486,0,20.782040816326532,0.0,1
Hadapsar,Swargate,11,3,1,2066,11764,0,20.498741529525653,0.0,0
Hadapsar,Swargate,11,3,2,1623,9613,0,21.322735674676526,0.0,0
Hadapsar,Swargate,13,3,0,1529,8486,0,19.980117724002618,0.0,1
Hadapsar,Swargate,13,3,1,2114,11764,0,20.033301797540208,0.0,0
Hadapsar,Swargate,13,3,2,1675,9613,0,20.660776119402982,0.0,0
Hadapsar,Swargate,15,3,0,1568,8486,0,19.483163265306125,0.0,1
Hadapsar,Swargate,15,3,1,2119,11764,0,19.986031146767342,0.0,0
Hadapsar,Swargate,15,3,2,2005,11064,0,19.865536159600996,0.0,0
Hadapsar,Swargate,17,3,0,1640,8486,0,18.62780487804878,0.0,1
Hadapsar,Swargate,17,3,1,2174,11764,0,19.480404783808645,0.0,0
Hadapsar,Swargate,17,3,2,2080,11064,0,19.149230769230773,0.0,0
Hadapsar,Swargate,19,3,0,1523,8486,0,20.058831254103744,0.0,1
Hadapsar,Swargate,19,3,1,2128,11764,0,19.901503759398494,0.0,0
Hadapsar,Swargate,19,3,2,1675,9613,0,20.660776119402982,0.0,0
Hadapsar,Swargate,21,3,0,1192,8486,0,25.628859060402686,0.0,1
Hadapsar,Swargate,21,3,1,1378,9613,0,25.113788098693757,0.0,0
Hadapsar,Swargate,21,3,2,1877,12131,0,23.266702184336708,0.0,0
Hadapsar,Swargate,23,3,0,1034,8486,0,29.545067698259192,0.0,1
Hadapsar,Swargate,23,3,1,1690,12131,0,25.841183431952665,0.0,0
Hadapsar,Swargate,23,3,2,1718,11129,0,23.320372526193246,0.0,0
Hadapsar,Swargate,7,4,0,1067,8486,0,28.63130271790066,0.0,1
Hadapsar,Swargate,7,4,1,1749,12131,0,24.969468267581476,0.0,0
Hadapsar,Swargate,7,4,2,1752,11129,0,22.86780821917808,0.0,0
Hadapsar,Swargate,9,4,0,1156,8486,0,26.426989619377164,0.0,1
Hadapsar,Swargate,9,4,1,1720,11766,0,24.626511627906975,0.0,0
Hadapsar,Swargate,9,4,2,1344,9613,0,25.74910714285714,0.0,0
Hadapsar,Swargate,11,4,0,1248,8486,0,24.478846153846156,0.0,1
Hadapsar,Swargate,11,4,1,1872,11626,0,22.357692307692307,0.0,0
Hadapsar,Swargate,11,4,2,1422,9613,0,24.33670886075949,0.0,0
Hadapsar,Swargate,13,4,0,1296,8486,0,23.572222222222226,0.0,1
Hadapsar,Swargate,13,4,1,1929,11626,0,21.697045101088644,0.0,0
Hadapsar,Swargate,13,4,2,1465,9613,0,23.622389078498294,0.0,0
Hadapsar,Swargate,15,4,0,1332,8486,0,22.935135135135138,0.0,1
Hadapsar,Swargate,15,4,1,1968,11764,0,21.51951219512195,0.0,0
Hadapsar,Swargate,15,4,2,1496,9613,0,23.13288770053476,0.0,0
Hadapsar,Swargate,17,4,0,1400,8486,0,21.82114285714286,0.0,1
Hadapsar,Swargate,17,4,1,2022,11764,0,20.94480712166172,0.0,0
Hadapsar,Swargate,17,4,2,1560,9613,0,22.18384615384615,0.0,0
Hadapsar,Swargate,19,4,0,1374,8486,0,22.23406113537118,0.0,1
Hadapsar,Swargate,19,4,1,1949,11766,0,21.732991277578243,0.0,0
Hadapsar,Swargate,19,4,2,1541,9613,0,22.457365347177156,0.0,0
Hadapsar,Swargate,21,4,0,1149,8486,0,26.587989556135774,0.0,1
Hadapsar,Swargate,21,4,1,1335,9613,0,25.92269662921348,0.0,0
Hadapsar,Swargate,21,4,2,1828,12146,0,23.919912472647706,0.0,0
Hadapsar,Swargate,23,4,0,1034,8486,0,29.545067698259192,0.0,1
Hadapsar,Swargate,23,4,1,1690,12131,0,25.841183431952665,0.0,0
Hadapsar,Swargate,23,4,2,1718,11129,0,23.320372526193246,0.0,0
Hadapsar,Swargate,7,5,0,1139,8486,0,26.821422300263393,0.0,1
Hadapsar,Swargate,7,5,1,1323,9613,0,26.1578231292517,0.0,0
Hadapsar,Swargate,7,5,2,1805,12146,0,24.22470914127424,0.0,0
Hadapsar,Swargate,9,5,0,1476,8486,0,20.697560975609758,0.0,1
Hadapsar,Swargate,9,5,1,2021,11626,0,20.70935180603661,0.0,0
Hadapsar,Swargate,9,5,2,1860,10494,0,20.31096774193548,0.0,0
Hadapsar,Swargate,11,5,0,1607,8486,0,19.010329807093964,0.0,1
Hadapsar,Swargate,11,5,1,2156,11129,0,18.582745825602967,0.0,0
Hadapsar,Swargate,11,5,2,2289,11695,0,18.39318479685452,0.0,0
Hadapsar,Swargate,13,5,0,1503,8486,0,20.325748502994013,0.0,1
Hadapsar,Swargate,13,5,1,2176,11202,0,18.532720588235293,0.0,0
Hadapsar,Swargate,13,5,2,1649,9613,0,20.986537295330503,0.0,0
Hadapsar,Swargate,15,5,0,1417,8486,0,21.559350741002117,0.0,1
Hadapsar,Swargate,15,5,1,1582,9613,0,21.875347661188368,0.0,0
Hadapsar,Swargate,15,5,2,2133,11764,0,19.854852320675104,0.0,0
Hadapsar,Swargate,17,5,0,1645,8486,0,18.571185410334348,0.0,1
Hadapsar,Swargate,17,5,1,2284,11764,0,18.54220665499124,0.0,0
Hadapsar,Swargate,17,5,2,1784,9613,0,19.39843049327354,0.0,0
Hadapsar,Swargate,19,5,0,1684,8486,0,18.14109263657957,0.0,1
Hadapsar,Swargate,19,5,1,2296,11626,0,18.228919860627176,0.0,0
Hadapsar,Swargate,19,5,2,1929,10271,0,19.168273716951788,0.0,0
Hadapsar,Swargate,21,5,0,1193,8486,0,25.607376362112323,0.0,1
Hadapsar,Swargate,21,5,1,1376,9613,0,25.150290697674418,0.0,0
Hadapsar,Swargate,21,5,2,1884,12131,0,23.180254777070065,0.0,0
Hadapsar,Swargate,23,5,0,1034,8486,0,29.545067698259192,0.0,1
Hadapsar,Swargate,23,5,1,1690,12131,0,25.841183431952665,0.0,0
Hadapsar,Swargate,23,5,2,1718,11129,0,23.320372526193246,0.0,0
Hadapsar,Swargate,7,6,0,1151,8486,0,26.54178974804518,0.0,1
Hadapsar,Swargate,7,6,1,1334,9613,0,25.94212893553223,0.0,0
Hadapsar,Swargate,7,6,2,1831,12146,0,23.880720917531406,0.0,0
Hadapsar,Swargate,9,6,0,1516,8486,0,20.151451187335095,0.0,1
Hadapsar,Swargate,9,6,1,2020,11129,0,19.83386138613861,0.0,0
Hadapsar,Swargate,9,6,2,2164,12146,0,20.20591497227357,0.0,0
Hadapsar,Swargate,11,6,0,1669,8486,0,18.304134212103058,0.0,1
Hadapsar,Swargate,11,6,1,2201,11129,0,18.20281690140845,0.0,0
Hadapsar,Swargate,11,6,2,2362,11695,0,17.824724809483488,0.0,0
Hadapsar,Swargate,13,6,0,1542,8486,0,19.811673151750973,0.0,1
Hadapsar,Swargate,13,6,1,2205,11202,0,18.288979591836732,0.0,0
Hadapsar,Swargate,13,6,2,1696,9613,0,20.40495283018868,0.0,0
Hadapsar,Swargate,15,6,0,1480,8486,0,20.641621621621624,0.0,1
Hadapsar,Swargate,15,6,1,2135,11202,0,18.888618266978924,0.0,0
Hadapsar,Swargate,15,6,2,1651,9613,0,20.961114476075103,0.0,0
Hadapsar,Swargate,17,6,0,1729,8486,0,17.66894158473106,0.0,1
Hadapsar,Swargate,17,6,1,2238,11183,0,17.988739946380697,0.0,0
Hadapsar,Swargate,17,6,2,2542,11695,0,16.562549173878836,0.0,0
Hadapsar,Swargate,19,6,0,1714,8486,0,17.823570595099184,0.0,1
Hadapsar,Swargate,19,6,1,2317,11626,0,18.063703064307294,0.0,0
Hadapsar,Swargate,19,6,2,1960,10271,0,18.86510204081633,0.0,0
Hadapsar,Swargate,21,6,0,1195,8486,0,25.564518828451885,0.0,1
Hadapsar,Swargate,21,6,1,1380,9613,0,25.077391304347824,0.0,0
Hadapsar,Swargate,21,6,2,1876,12131,0,23.27910447761194,0.0,0
Hadapsar,Swargate,23,6,0,1035,8486,0,29.51652173913044,0.0,1
Hadapsar,Swargate,23,6,1,1691,12131,0,25.825901833234774,0.0,0
Hadapsar,Swargate,23,6,2,1719,11129,0,23.306806282722512,0.0,0
Hadapsar,Swargate,7,0,0,1129,8486,0,27.058990256864483,0.0,1
Hadapsar,Swargate,7,0,1,1321,9613,0,26.197426192278574,0.0,0
Hadapsar,Swargate,7,0,2,1825,12146,0,23.95923287671233,0.0,0
Hadapsar,Swargate,9,0,0,1459,8486,0,20.938725154215216,0.0,1
Hadapsar,Swargate,9,0,1,2005,11129,0,19.98224438902743,0.0,0
Hadapsar,Swargate,9,0,2,2137,11695,0,19.701450631726722,0.0,0
Hadapsar,Swargate,11,0,0,1604,8486,0,19.045885286783044,0.0,1
Hadapsar,Swargate,11,0,1,2163,11129,0,18.52260748959778,0.0,0
Hadapsar,Swargate,11,0,2,2338,11695,0,18.007698887938407,0.0,0
Hadapsar,Swargate,13,0,0,1518,8486,0,20.124901185770753,0.0,1
Hadapsar,Swargate,13,0,1,2176,11202,0,18.532720588235293,0.0,0
Hadapsar,Swargate,13,0,2,1664,9613,0,20.79735576923077,0.0,0
Hadapsar,Swargate,15,0,0,1443,8486,0,21.170893970893975,0.0,1
Hadapsar,Swargate,15,0,1,1791,10290,0,20.683417085427134,0.0,0
Hadapsar,Swargate,15,0,2,2161,11764,0,19.597593706617307,0.0,0
Hadapsar,Swargate,17,0,0,1692,8486,0,18.055319148936174,0.0,1
Hadapsar,Swargate,17,0,1,2238,11183,0,17.988739946380697,0.0,0
Hadapsar,Swargate,17,0,2,2513,11695,0,16.75368085953044,0.0,0
Hadapsar,Swargate,19,0,0,1713,8486,0,17.83397548161121,0.0,1
Hadapsar,Swargate,19,0,1,2302,11626,0,18.18140747176368,0.0,0
Hadapsar,Swargate,19,0,2,1933,10271,0,19.128608380755303,0.0,0
Hadapsar,Swargate,21,0,0,1202,8486,0,25.415640599001666,0.0,1
Hadapsar,Swargate,21,0,1,1384,9613,0,25.00491329479769,0.0,0
Hadapsar,Swargate,21,0,2,1880,12131,0,23.229574468085104,0.0,0
Hadapsar,Swargate,23,0,0,1034,8486,0,29.545067698259192,0.0,1
Hadapsar,Swargate,23,0,1,1690,12131,0,25.841183431952665,0.0,0
Hadapsar,Swargate,23,0,2,1718,11129,0,23.320372526193246,0.0,0
Hadapsar,Swargate,7,1,0,1124,8486,0,27.179359430604983,0.0,1
Hadapsar,Swargate,7,1,1,1312,9613,0,26.37713414634146,0.0,0
Hadapsar,Swargate,7,1,2,1802,12146,0,24.265038845726973,0.0,0
Hadapsar,Swargate,9,1,0,1441,8486,0,21.20027758501041,0.0,1
Hadapsar,Swargate,9,1,1,2023,11626,0,20.688877904102817,0.0,0
Hadapsar,Swargate,9,1,2,1588,9613,0,21.79269521410579,0.0,0
Hadapsar,Swargate,11,1,0,1606,8486,0,19.022166874221668,0.0,1
Hadapsar,Swargate,11,1,1,2167,11129,0,18.488417166589755,0.0,0
Hadapsar,Swargate,11,1,2,2298,11695,0,18.321148825065276,0.0,0
Hadapsar,Swargate,13,1,0,1510,8486,0,20.231523178807947,0.0,1
Hadapsar,Swargate,13,1,1,2214,11764,0,19.128455284552846,0.0,0
Hadapsar,Swargate,13,1,2,1668,9613,0,20.74748201438849,0.0,0
Hadapsar,Swargate,15,1,0,1439,8486,0,21.229742876997918,0.0,1
Hadapsar,Swargate,15,1,1,2128,11764,0,19.901503759398494,0.0,0
Hadapsar,Swargate,15,1,2,1614,9613,0,21.441635687732344,0.0,0
Hadapsar,Swargate,17,1,0,1646,8486,0,18.55990279465371,0.0,1
Hadapsar,Swargate,17,1,1,2274,11764,0,18.623746701846965,0.0,0
Hadapsar,Swargate,17,1,2,2009,10475,0,18.77053260328522,0.0,0
Hadapsar,Swargate,19,1,0,1639,8486,0,18.639170225747407,0.0,1
Hadapsar,Swargate,19,1,1,2279,11807,0,18.650811759543657,0.0,0
Hadapsar,Swargate,19,1,2,1904,10271,0,19.41995798319328,0.0,0
Hadapsar,Swargate,21,1,0,1194,8486,0,25.58592964824121,0.0,1
Hadapsar,Swargate,21,1,1,1381,9613,0,25.05923244026068,0.0,0
Hadapsar,Swargate,21,1,2,1875,12131,0,23.29152,0.0,0
Hadapsar,Swargate,23,1,0,1034,8486,0,29.545067698259192,0.0,1
Hadapsar,Swargate,23,1,1,1690,12131,0,25.841183431952665,0.0,0
Hadapsar,Swargate,23,1,2,1718,11129,0,23.320372526193246,0.0,0
Hadapsar,Swargate,7,2,0,1127,8486,0,27.107009760425914,0.0,1
Hadapsar,Swargate,7,2,1,1311,9613,0,26.397254004576656,0.0,0
Hadapsar,Swargate,7,2,2,1806,12146,0,24.211295681063124,0.0,0
Hadapsar,Swargate,9,2,0,1435,8486,0,21.28891986062718,0.0,1
Hadapsar,Swargate,9,2,1,2003,11626,0,20.89545681477783,0.0,0
Hadapsar,Swargate,9,2,2,1578,9613,0,21.93079847908745,0.0,0
Hadapsar,Swargate,11,2,0,1584,8486,0,19.28636363636364,0.0,1
Hadapsar,Swargate,11,2,1,2172,11764,0,19.49834254143646,0.0,0
Hadapsar,Swargate,11,2,2,1932,10475,0,19.518633540372672,0.0,0
Hadapsar,Swargate,13,2,0,1517,8486,0,20.138167435728413,0.0,1
Hadapsar,Swargate,13,2,1,2184,11764,0,19.39120879120879,0.0,0
Hadapsar,Swargate,13,2,2,1666,9613,0,20.772388955582233,0.0,0
Hadapsar,Swargate,15,2,0,1437,8486,0,21.25929018789144,0.0,1
Hadapsar,Swargate,15,2,1,2117,11764,0,20.004912612187056,0.0,0
Hadapsar,Swargate,15,2,2,1605,9613,0,21.5618691588785,0.0,0
Hadapsar,Swargate,17,2,0,1666,8486,0,18.337094837935176,0.0,1
Hadapsar,Swargate,17,2,1,2272,11764,0,18.640140845070423,0.0,0
Hadapsar,Swargate,17,2,2,2037,10475,0,18.512518409425628,0.0,0
Hadapsar,Swargate,19,2,0,1687,8486,0,18.108832246591586,0.0,1
Hadapsar,Swargate,19,2,1,2270,11626,0,18.43770925110132,0.0,0
Hadapsar,Swargate,19,2,2,2065,10475,0,18.261501210653755,0.0,0
Hadapsar,Swargate,21,2,0,1207,8486,0,25.310356255178128,0.0,1
Hadapsar,Swargate,21,2,1,1774,11766,0,23.876888387824128,0.0,0
Hadapsar,Swargate,21,2,2,1390,9613,0,24.896978417266183,0.0,0
Hadapsar,Swargate,23,2,0,1034,8486,0,29.545067698259192,0.0,1
Hadapsar,Swargate,23,2,1,1690,12131,0,25.841183431952665,0.0,0
Hadapsar,Swargate,23,2,2,1718,11129,0,23.320372526193246,0.0,0
Hadapsar,Swargate,7,3,0,1092,8486,0,27.975824175824176,0.0,1
Hadapsar,Swargate,7,3,1,1287,9613,0,26.88951048951049,0.0,0
Hadapsar,Swargate,7,3,2,1772,12131,0,24.645372460496613,0.0,0
Hadapsar,Swargate,9,3,0,1277,8486,0,23.922944400939706,0.0,1
Hadapsar,Swargate,9,3,1,1955,12146,0,22.366035805626602,0.0,0
Hadapsar,Swargate,9,3,2,1447,9613,0,23.916240497581203,0.0,0
Hadapsar,Swargate,11,3,0,1470,8486,0,20.782040816326532,0.0,1
Hadapsar,Swargate,11,3,1,2066,11764,0,20.498741529525653,0.0,0
Hadapsar,Swargate,11,3,2,1623,9613,0,21.322735674676526,0.0,0
Hadapsar,Swargate,13,3,0,1529,8486,0,19.980117724002618,0.0,1
Hadapsar,Swargate,13,3,1,2114,11764,0,20.033301797540208,0.0,0
Hadapsar,Swargate,13,3,2,1675,9613,0,20.660776119402982,0.0,0
Hadapsar,Swargate,15,3,0,1568,8486,0,19.483163265306125,0.0,1
Hadapsar,Swargate,15,3,1,2119,11764,0,19.986031146767342,0.0,0
Hadapsar,Swargate,15,3,2,2005,11064,0,19.865536159600996,0.0,0
Hadapsar,Swargate,17,3,0,1640,8486,0,18.62780487804878,0.0,1
Hadapsar,Swargate,17,3,1,2174,11764,0,19.480404783808645,0.0,0
Hadapsar,Swargate,17,3,2,2080,11064,0,19.149230769230773,0.0,0
Hadapsar,Swargate,19,3,0,1523,8486,0,20.058831254103744,0.0,1
Hadapsar,Swargate,19,3,1,2128,11764,0,19.901503759398494,0.0,0
Hadapsar,Swargate,19,3,2,1675,9613,0,20.660776119402982,0.0,0
Hadapsar,Swargate,21,3,0,1192,8486,0,25.628859060402686,0.0,1
Hadapsar,Swargate,21,3,1,1378,9613,0,25.113788098693757,0.0,0
Hadapsar,Swargate,21,3,2,1877,12131,0,23.266702184336708,0.0,0
Hadapsar,Swargate,23,3,0,1034,8486,0,29.545067698259192,0.0,1
Hadapsar,Swargate,23,3,1,1690,12131,0,25.841183431952665,0.0,0
Hadapsar,Swargate,23,3,2,1718,11129,0,23.320372526193246,0.0,0
Hadapsar,Swargate,7,4,0,1067,8486,0,28.63130271790066,0.0,1
Hadapsar,Swargate,7,4,1,1749,12131,0,24.969468267581476,0.0,0
Hadapsar,Swargate,7,4,2,1752,11129,0,22.86780821917808,0.0,0
Hadapsar,Swargate,9,4,0,1156,8486,0,26.426989619377164,0.0,1
Hadapsar,Swargate,9,4,1,1720,11766,0,24.626511627906975,0.0,0
Hadapsar,Swargate,9,4,2,1344,9613,0,25.74910714285714,0.0,0
Hadapsar,Swargate,11,4,0,1248,8486,0,24.478846153846156,0.0,1
Hadapsar,Swargate,11,4,1,1872,11626,0,22.357692307692307,0.0,0
Hadapsar,Swargate,11,4,2,1422,9613,0,24.33670886075949,0.0,0
Hadapsar,Swargate,13,4,0,1296,8486,0,23.572222222222226,0.0,1
Hadapsar,Swargate,13,4,1,1929,11626,0,21.697045101088644,0.0,0
Hadapsar,Swargate,13,4,2,1465,9613,0,23.622389078498294,0.0,0
Hadapsar,Swargate,15,4,0,1332,8486,0,22.935135135135138,0.0,1
Hadapsar,Swargate,15,4,1,1968,11764,0,21.51951219512195,0.0,0
Hadapsar,Swargate,15,4,2,1496,9613,0,23.13288770053476,0.0,0
Hadapsar,Swargate,17,4,0,1400,8486,0,21.82114285714286,0.0,1
Hadapsar,Swargate,17,4,1,2022,11764,0,20.94480712166172,0.0,0
Hadapsar,Swargate,17,4,2,1560,9613,0,22.18384615384615,0.0,0
Hadapsar,Swargate,19,4,0,1374,8486,0,22.23406113537118,0.0,1
Hadapsar,Swargate,19,4,1,1949,11766,0,21.732991277578243,0.0,0
Hadapsar,Swargate,19,4,2,1541,9613,0,22.457365347177156,0.0,0
Hadapsar,Swargate,21,4,0,1149,8486,0,26.587989556135774,0.0,1
Hadapsar,Swargate,21,4,1,1335,9613,0,25.92269662921348,0.0,0
Hadapsar,Swargate,21,4,2,1828,12146,0,23.919912472647706,0.0,0
Hadapsar,Swargate,23,4,0,1034,8486,0,29.545067698259192,0.0,1
Hadapsar,Swargate,23,4,1,1690,12131,0,25.841183431952665,0.0,0
Hadapsar,Swargate,23,4,2,1718,11129,0,23.320372526193246,0.0,0
Hadapsar,Swargate,7,5,0,1139,8486,0,26.821422300263393,0.0,1
Hadapsar,Swargate,7,5,1,1323,9613,0,26.1578231292517,0.0,0
Hadapsar,Swargate,7,5,2,1805,12146,0,24.22470914127424,0.0,0
Hadapsar,Swargate,9,5,0,1476,8486,0,20.697560975609758,0.0,1
Hadapsar,Swargate,9,5,1,2021,11626,0,20.70935180603661,0.0,0
Hadapsar,Swargate,9,5,2,1860,10494,0,20.31096774193548,0.0,0
Hadapsar,Swargate,11,5,0,1607,8486,0,19.010329807093964,0.0,1
Hadapsar,Swargate,11,5,1,2156,11129,0,18.582745825602967,0.0,0
Hadapsar,Swargate,11,5,2,2289,11695,0,18.39318479685452,0.0,0
Hadapsar,Swargate,13,5,0,1503,8486,0,20.325748502994013,0.0,1
Hadapsar,Swargate,13,5,1,2176,11202,0,18.532720588235293,0.0,0
Hadapsar,Swargate,13,5,2,1649,9613,0,20.986537295330503,0.0,0
Hadapsar,Swargate,15,5,0,1417,8486,0,21.559350741002117,0.0,1
Hadapsar,Swargate,15,5,1,1582,9613,0,21.875347661188368,0.0,0
Hadapsar,Swargate,15,5,2,2133,11764,0,19.854852320675104,0.0,0
Hadapsar,Swargate,17,5,0,1645,8486,0,18.571185410334348,0.0,1
Hadapsar,Swargate,17,5,1,2284,11764,0,18.54220665499124,0.0,0
Hadapsar,Swargate,17,5,2,1784,9613,0,19.39843049327354,0.0,0
Hadapsar,Swargate,19,5,0,1684,8486,0,18.14109263657957,0.0,1
Hadapsar,Swargate,19,5,1,2296,11626,0,18.228919860627176,0.0,0
Hadapsar,Swargate,19,5,2,1929,10271,0,19.168273716951788,0.0,0
Hadapsar,Swargate,21,5,0,1193,8486,0,25.607376362112323,0.0,1
Hadapsar,Swargate,21,5,1,1376,9613,0,25.150290697674418,0.0,0
Hadapsar,Swargate,21,5,2,1884,12131,0,23.180254777070065,0.0,0
Hadapsar,Swargate,23,5,0,1034,8486,0,29.545067698259192,0.0,1
Hadapsar,Swargate,23,5,1,1690,12131,0,25.841183431952665,0.0,0
Hadapsar,Swargate,23,5,2,1718,11129,0,23.320372526193246,0.0,0
Hadapsar,Swargate,7,6,0,1151,8486,0,26.54178974804518,0.0,1
Hadapsar,Swargate,7,6,1,1334,9613,0,25.94212893553223,0.0,0
Hadapsar,Swargate,7,6,2,1831,12146,0,23.880720917531406,0.0,0
Hadapsar,Swargate,9,6,0,1516,8486,0,20.151451187335095,0.0,1
Hadapsar,Swargate,9,6,1,2020,11129,0,19.83386138613861,0.0,0
Hadapsar,Swargate,9,6,2,2164,12146,0,20.20591497227357,0.0,0
Hadapsar,Swargate,11,6,0,1669,8486,0,18.304134212103058,0.0,1
Hadapsar,Swargate,11,6,1,2201,11129,0,18.20281690140845,0.0,0
Hadapsar,Swargate,11,6,2,2362,11695,0,17.824724809483488,0.0,0
Hadapsar,Swargate,13,6,0,1542,8486,0,19.811673151750973,0.0,1
Hadapsar,Swargate,13,6,1,2205,11202,0,18.288979591836732,0.0,0
Hadapsar,Swargate,13,6,2,1696,9613,0,20.40495283018868,0.0,0
Hadapsar,Swargate,15,6,0,1480,8486,0,20.641621621621624,0.0,1
Hadapsar,Swargate,15,6,1,2135,11202,0,18.888618266978924,0.0,0
Hadapsar,Swargate,15,6,2,1651,9613,0,20.961114476075103,0.0,0
Hadapsar,Swargate,17,6,0,1729,8486,0,17.66894158473106,0.0,1
Hadapsar,Swargate,17,6,1,2238,11183,0,17.988739946380697,0.0,0
Hadapsar,Swargate,17,6,2,2542,11695,0,16.562549173878836,0.0,0
Hadapsar,Swargate,19,6,0,1714,8486,0,17.823570595099184,0.0,1
Hadapsar,Swargate,19,6,1,2317,11626,0,18.063703064307294,0.0,0
Hadapsar,Swargate,19,6,2,1960,10271,0,18.86510204081633,0.0,0
Hadapsar,Swargate,21,6,0,1195,8486,0,25.564518828451885,0.0,1
Hadapsar,Swargate,21,6,1,1380,9613,0,25.077391304347824,0.0,0
Hadapsar,Swargate,21,6,2,1876,12131,0,23.27910447761194,0.0,0
Hadapsar,Swargate,23,6,0,1035,8486,0,29.51652173913044,0.0,1
Hadapsar,Swargate,23,6,1,1691,12131,0,25.825901833234774,0.0,0
Hadapsar,Swargate,23,6,2,1719,11129,0,23.306806282722512,0.0,0
Hadapsar,Hinjewadi,7,0,0,3258,26025,0,28.756906077348063,0.0,1
Hadapsar,Hinjewadi,7,0,1,3538,31518,0,32.07032221594121,0.0,0
Hadapsar,Hinjewadi,7,0,2,3588,27756,0,27.848829431438126,0.0,0
Hadapsar,Hinjewadi,9,0,0,4046,27275,0,24.268413247652,0.0,1
Hadapsar,Hinjewadi,9,0,1,4402,31605,0,25.8468877782826,0.0,0
Hadapsar,Hinjewadi,9,0,2,4359,28576,0,23.600275292498278,0.0,0
Hadapsar,Hinjewadi,11,0,0,4272,26212,0,22.08876404494382,0.0,1
Hadapsar,Hinjewadi,11,0,1,4666,26410,0,20.37633947706815,0.0,0
Hadapsar,Hinjewadi,11,0,2,4714,34547,0,26.38294442087399,0.0,0
Hadapsar,Hinjewadi,13,0,0,3905,27275,0,25.144686299615877,0.0,1
Hadapsar,Hinjewadi,13,0,1,4371,31740,0,26.141386410432396,0.0,0
Hadapsar,Hinjewadi,13,0,2,4173,28180,0,24.31056793673616,0.0,0
Hadapsar,Hinjewadi,15,0,0,3862,26212,0,24.433764888658725,0.0,1
Hadapsar,Hinjewadi,15,0,1,4190,31740,0,27.270644391408112,0.0,0
Hadapsar,Hinjewadi,15,0,2,4224,26410,0,22.508522727272727,0.0,0
Hadapsar,Hinjewadi,17,0,0,4630,26212,0,20.380820734341253,0.0,1
Hadapsar,Hinjewadi,17,0,1,4904,31553,0,23.16288743882545,0.0,0
Hadapsar,Hinjewadi,17,0,2,4933,26057,0,19.015852422460977,0.0,0
Hadapsar,Hinjewadi,19,0,0,4467,25972,0,20.93109469442579,0.0,1
Hadapsar,Hinjewadi,19,0,1,4761,31605,0,23.897920604914933,0.0,0
Hadapsar,Hinjewadi,19,0,2,4592,27467,0,21.53336236933798,0.0,0
Hadapsar,Hinjewadi,21,0,0,3168,26025,0,29.573863636363633,0.0,1
Hadapsar,Hinjewadi,21,0,1,3464,31518,0,32.7554272517321,0.0,0
Hadapsar,Hinjewadi,21,0,2,3401,27020,0,28.60099970596883,0.0,0
Hadapsar,Hinjewadi,23,0,0,2865,26025,0,32.70157068062827,0.0,1
Hadapsar,Hinjewadi,23,0,1,3130,31537,0,36.27258785942492,0.0,0
Hadapsar,Hinjewadi,23,0,2,3110,27020,0,31.277170418006428,0.0,0
Hadapsar,Hinjewadi,7,1,0,3199,26025,0,29.28727727414817,0.0,1
Hadapsar,Hinjewadi,7,1,1,3505,31518,0,32.37226818830243,0.0,0
Hadapsar,Hinjewadi,7,1,2,3539,27756,0,28.234416501836677,0.0,0
Hadapsar,Hinjewadi,9,1,0,3851,27275,0,25.497273435471303,0.0,1
Hadapsar,Hinjewadi,9,1,1,4320,31740,0,26.45,0.0,0
Hadapsar,Hinjewadi,9,1,2,4096,28180,0,24.767578125,0.0,0
Hadapsar,Hinjewadi,11,1,0,4060,27275,0,24.18472906403941,0.0,1
Hadapsar,Hinjewadi,11,1,1,4313,28180,0,23.52144678877811,0.0,0
Hadapsar,Hinjewadi,11,1,2,4674,31740,0,24.44672657252888,0.0,0
Hadapsar,Hinjewadi,13,1,0,3824,27275,0,25.677301255230127,0.0,1
Hadapsar,Hinjewadi,13,1,1,4337,31740,0,26.346322342633155,0.0,0
Hadapsar,Hinjewadi,13,1,2,4069,28180,0,24.931924305726223,0.0,0
Hadapsar,Hinjewadi,15,1,0,3793,26212,0,24.878249406802006,0.0,1
Hadapsar,Hinjewadi,15,1,1,4157,31740,0,27.487130141929274,0.0,0
Hadapsar,Hinjewadi,15,1,2,4199,26225,0,22.483924743986663,0.0,0
Hadapsar,Hinjewadi,17,1,0,4470,26212,0,21.110335570469797,0.0,1
Hadapsar,Hinjewadi,17,1,1,4811,26243,0,19.637247973394306,0.0,0
Hadapsar,Hinjewadi,17,1,2,4830,31553,0,23.517763975155283,0.0,0
Hadapsar,Hinjewadi,19,1,0,4354,26212,0,21.67276067983463,0.0,1
Hadapsar,Hinjewadi,19,1,1,4558,26243,0,20.727248793330407,0.0,0
Hadapsar,Hinjewadi,19,1,2,4714,31605,0,24.136190072125583,0.0,0
Hadapsar,Hinjewadi,21,1,0,3155,26025,0,29.695721077654515,0.0,1
Hadapsar,Hinjewadi,21,1,1,3456,31518,0,32.831250000000004,0.0,0
Hadapsar,Hinjewadi,21,1,2,3378,27020,0,28.795737122557725,0.0,0
Hadapsar,Hinjewadi,23,1,0,2865,26025,0,32.70157068062827,0.0,1
Hadapsar,Hinjewadi,23,1,1,3130,31537,0,36.27258785942492,0.0,0
Hadapsar,Hinjewadi,23,1,2,3110,27020,0,31.277170418006428,0.0,0
Hadapsar,Hinjewadi,7,2,0,3179,26025,0,29.47153192827933,0.0,1
Hadapsar,Hinjewadi,7,2,1,3471,31518,0,32.68936905790839,0.0,0
Hadapsar,Hinjewadi,7,2,2,3484,27756,0,28.68013777267509,0.0,0
Hadapsar,Hinjewadi,9,2,0,3768,27275,0,26.058917197452228,0.0,1
Hadapsar,Hinjewadi,9,2,1,4259,31605,0,26.714721765672696,0.0,0
Hadapsar,Hinjewadi,9,2,2,3988,28180,0,25.438314944834502,0.0,0
Hadapsar,Hinjewadi,11,2,0,3982,26212,0,23.697438473129083,0.0,1
Hadapsar,Hinjewadi,11,2,1,4487,26410,0,21.189213282817025,0.0,0
Hadapsar,Hinjewadi,11,2,2,4242,27756,0,23.555304101838757,0.0,0
Hadapsar,Hinjewadi,13,2,0,3844,26212,0,24.54817898022893,0.0,1
Hadapsar,Hinjewadi,13,2,1,4268,26410,0,22.27647610121837,0.0,0
Hadapsar,Hinjewadi,13,2,2,4117,27756,0,24.270488219577363,0.0,0
Hadapsar,Hinjewadi,15,2,0,3825,26212,0,24.670117647058824,0.0,1
Hadapsar,Hinjewadi,15,2,1,4180,31740,0,27.335885167464113,0.0,0
Hadapsar,Hinjewadi,15,2,2,4218,26225,0,22.382645803698438,0.0,0
Hadapsar,Hinjewadi,17,2,0,4461,26212,0,21.15292535305985,0.0,1
Hadapsar,Hinjewadi,17,2,1,4827,26243,0,19.572156619018024,0.0,0
Hadapsar,Hinjewadi,17,2,2,4853,31553,0,23.40630537811663,0.0,0
Hadapsar,Hinjewadi,19,2,0,4335,26212,0,21.767750865051905,0.0,1
Hadapsar,Hinjewadi,19,2,1,4563,26057,0,20.557790927021696,0.0,0
Hadapsar,Hinjewadi,19,2,2,4774,31605,0,23.83284457478006,0.0,0
Hadapsar,Hinjewadi,21,2,0,3168,26025,0,29.573863636363633,0.0,1
Hadapsar,Hinjewadi,21,2,1,3475,31537,0,32.67142446043165,0.0,0
Hadapsar,Hinjewadi,21,2,2,3389,27020,0,28.70227205665388,0.0,0
Hadapsar,Hinjewadi,23,2,0,2865,26025,0,32.70157068062827,0.0,1
Hadapsar,Hinjewadi,23,2,1,3130,31537,0,36.27258785942492,0.0,0
Hadapsar,Hinjewadi,23,2,2,3110,27020,0,31.277170418006428,0.0,0
Hadapsar,Hinjewadi,7,3,0,3029,26025,0,30.93100033014196,0.0,1
Hadapsar,Hinjewadi,7,3,1,3368,31518,0,33.68907363420428,0.0,0
Hadapsar,Hinjewadi,7,3,2,3378,27756,0,29.580106571936057,0.0,0
Hadapsar,Hinjewadi,9,3,0,3322,26025,0,28.20288982540638,0.0,1
Hadapsar,Hinjewadi,9,3,1,3598,27756,0,27.771428571428572,0.0,0
Hadapsar,Hinjewadi,9,3,2,3965,31537,0,28.63384615384615,0.0,0
Hadapsar,Hinjewadi,11,3,0,3659,26212,0,25.789341350095658,0.0,1
Hadapsar,Hinjewadi,11,3,1,4098,26410,0,23.200585651537335,0.0,0
Hadapsar,Hinjewadi,11,3,2,3853,27756,0,25.93345445107708,0.0,0
Hadapsar,Hinjewadi,13,3,0,3762,26212,0,25.083253588516747,0.0,1
Hadapsar,Hinjewadi,13,3,1,4185,26225,0,22.559139784946236,0.0,0
Hadapsar,Hinjewadi,13,3,2,3967,27756,0,25.18820267204437,0.0,0
Hadapsar,Hinjewadi,15,3,0,3824,26358,0,24.814016736401676,0.0,1
Hadapsar,Hinjewadi,15,3,1,4242,26057,0,22.113437057991515,0.0,0
Hadapsar,Hinjewadi,15,3,2,4039,27756,0,24.73919286952216,0.0,0
Hadapsar,Hinjewadi,17,3,0,4094,26212,0,23.04914509037616,0.0,1
Hadapsar,Hinjewadi,17,3,1,4442,26057,0,21.117784781629897,0.0,0
Hadapsar,Hinjewadi,17,3,2,4806,31553,0,23.635205992509366,0.0,0
Hadapsar,Hinjewadi,19,3,0,3973,26347,0,23.87344575887239,0.0,1
Hadapsar,Hinjewadi,19,3,1,4203,26057,0,22.318629550321198,0.0,0
Hadapsar,Hinjewadi,19,3,2,4546,31518,0,24.959260888693358,0.0,0
Hadapsar,Hinjewadi,21,3,0,3144,26025,0,29.799618320610687,0.0,1
Hadapsar,Hinjewadi,21,3,1,3465,31518,0,32.74597402597403,0.0,0
Hadapsar,Hinjewadi,21,3,2,3454,27756,0,28.929241459177767,0.0,0
Hadapsar,Hinjewadi,23,3,0,2865,26025,0,32.70157068062827,0.0,1
Hadapsar,Hinjewadi,23,3,1,3130,31537,0,36.27258785942492,0.0,0
Hadapsar,Hinjewadi,23,3,2,3110,27020,0,31.277170418006428,0.0,0
Hadapsar,Hinjewadi,7,4,0,2965,26025,0,31.598650927487352,0.0,1
Hadapsar,Hinjewadi,7,4,1,3279,31518,0,34.60347666971638,0.0,0
Hadapsar,Hinjewadi,7,4,2,3217,27020,0,30.236866645943426,0.0,0
Hadapsar,Hinjewadi,9,4,0,3104,26025,0,30.183634020618555,0.0,1
Hadapsar,Hinjewadi,9,4,1,3604,31518,0,31.48301886792453,0.0,0
Hadapsar,Hinjewadi,9,4,2,3366,27020,0,28.89839572192513,0.0,0
Hadapsar,Hinjewadi,11,4,0,3310,26025,0,28.305135951661633,0.0,1
Hadapsar,Hinjewadi,11,4,1,3918,31605,0,29.039816232771823,0.0,0
Hadapsar,Hinjewadi,11,4,2,3552,27417,0,27.7875,0.0,0
Hadapsar,Hinjewadi,13,4,0,3403,26025,0,27.53158977372906,0.0,1
Hadapsar,Hinjewadi,13,4,1,4007,31605,0,28.39480908410282,0.0,0
Hadapsar,Hinjewadi,13,4,2,3722,28180,0,27.256313809779687,0.0,0
Hadapsar,Hinjewadi,15,4,0,3542,27275,0,27.721626199887066,0.0,1
Hadapsar,Hinjewadi,15,4,1,4044,31740,0,28.255192878338278,0.0,0
Hadapsar,Hinjewadi,15,4,2,3777,28180,0,26.859412231930104,0.0,0
Hadapsar,Hinjewadi,17,4,0,3725,27275,0,26.359731543624157,0.0,1
Hadapsar,Hinjewadi,17,4,1,3835,27271,0,25.59989569752282,0.0,0
Hadapsar,Hinjewadi,17,4,2,4305,31605,0,26.429268292682927,0.0,0
Hadapsar,Hinjewadi,19,4,0,3609,27275,0,27.206982543640898,0.0,1
Hadapsar,Hinjewadi,19,4,1,3778,27271,0,25.98613022763367,0.0,0
Hadapsar,Hinjewadi,19,4,2,4188,31605,0,27.167621776504298,0.0,0
Hadapsar,Hinjewadi,21,4,0,3052,26025,0,30.697903014416777,0.0,1
Hadapsar,Hinjewadi,21,4,1,3395,31518,0,33.42114874815906,0.0,0
Hadapsar,Hinjewadi,21,4,2,3290,27020,0,29.56595744680851,0.0,0
Hadapsar,Hinjewadi,23,4,0,2865,26025,0,32.70157068062827,0.0,1
Hadapsar,Hinjewadi,23,4,1,3130,31537,0,36.27258785942492,0.0,0
Hadapsar,Hinjewadi,23,4,2,3110,27020,0,31.277170418006428,0.0,0
Hadapsar,Hinjewadi,7,5,0,3206,26025,0,29.223331253898937,0.0,1
Hadapsar,Hinjewadi,7,5,1,3527,31518,0,32.17034306776297,0.0,0
Hadapsar,Hinjewadi,7,5,2,3534,27756,0,28.274363327674024,0.0,0
Hadapsar,Hinjewadi,9,5,0,3866,26212,0,24.408484221417485,0.0,1
Hadapsar,Hinjewadi,9,5,1,4267,26242,0,22.13995781579564,0.0,0
Hadapsar,Hinjewadi,9,5,2,4358,31605,0,26.10784763653052,0.0,0
Hadapsar,Hinjewadi,11,5,0,4061,26212,0,23.236444225560206,0.0,1
Hadapsar,Hinjewadi,11,5,1,4597,26410,0,20.68218403306504,0.0,0
Hadapsar,Hinjewadi,11,5,2,4326,27814,0,23.14618585298197,0.0,0
Hadapsar,Hinjewadi,13,5,0,3792,27275,0,25.893987341772153,0.0,1
Hadapsar,Hinjewadi,13,5,1,4328,31740,0,26.40110905730129,0.0,0
Hadapsar,Hinjewadi,13,5,2,4039,28180,0,25.117108195097796,0.0,0
Hadapsar,Hinjewadi,15,5,0,3760,26212,0,25.09659574468085,0.0,1
Hadapsar,Hinjewadi,15,5,1,4130,31740,0,27.666828087167072,0.0,0
Hadapsar,Hinjewadi,15,5,2,4171,26410,0,22.794533684967636,0.0,0
Hadapsar,Hinjewadi,17,5,0,4391,26212,0,21.490138920519247,0.0,1
Hadapsar,Hinjewadi,17,5,1,4779,31605,0,23.807909604519775,0.0,0
Hadapsar,Hinjewadi,17,5,2,4808,26057,0,19.510232945091513,0.0,0
Hadapsar,Hinjewadi,19,5,0,4283,26212,0,22.032033621293486,0.0,1
Hadapsar,Hinjewadi,19,5,1,4580,26243,0,20.62768558951965,0.0,0
Hadapsar,Hinjewadi,19,5,2,4703,31605,0,24.192642993833726,0.0,0
Hadapsar,Hinjewadi,21,5,0,3147,26025,0,29.77121067683508,0.0,1
Hadapsar,Hinjewadi,21,5,1,3449,31518,0,32.89788344447666,0.0,0
Hadapsar,Hinjewadi,21,5,2,3372,27020,0,28.846975088967973,0.0,0
Hadapsar,Hinjewadi,23,5,0,2865,26025,0,32.70157068062827,0.0,1
Hadapsar,Hinjewadi,23,5,1,3130,31537,0,36.27258785942492,0.0,0
Hadapsar,Hinjewadi,23,5,2,3110,27020,0,31.277170418006428,0.0,0
Hadapsar,Hinjewadi,7,6,0,3274,26025,0,28.616371411117896,0.0,1
Hadapsar,Hinjewadi,7,6,1,3570,31518,0,31.782857142857143,0.0,0
Hadapsar,Hinjewadi,7,6,2,3620,27756,0,27.602651933701658,0.0,0
Hadapsar,Hinjewadi,9,6,0,4067,26212,0,23.20216375706909,0.0,1
Hadapsar,Hinjewadi,9,6,1,4353,26243,0,21.70337698139214,0.0,0
Hadapsar,Hinjewadi,9,6,2,4487,31605,0,25.357254290171603,0.0,0
Hadapsar,Hinjewadi,11,6,0,4286,26212,0,22.01661222585161,0.0,1
Hadapsar,Hinjewadi,11,6,1,4696,26410,0,20.24616695059625,0.0,0
Hadapsar,Hinjewadi,11,6,2,4791,34547,0,25.958922980588603,0.0,0
Hadapsar,Hinjewadi,13,6,0,3936,27275,0,24.946646341463413,0.0,1
Hadapsar,Hinjewadi,13,6,1,4404,31740,0,25.94550408719346,0.0,0
Hadapsar,Hinjewadi,13,6,2,4194,28180,0,24.188841201716738,0.0,0
Hadapsar,Hinjewadi,15,6,0,3900,26212,0,24.19569230769231,0.0,1
Hadapsar,Hinjewadi,15,6,1,4231,31740,0,27.006381470101626,0.0,0
Hadapsar,Hinjewadi,15,6,2,4264,26410,0,22.29737335834897,0.0,0
Hadapsar,Hinjewadi,17,6,0,4647,26212,0,20.306262104583602,0.0,1
Hadapsar,Hinjewadi,17,6,1,4954,31553,0,22.92910779168349,0.0,0
Hadapsar,Hinjewadi,17,6,2,4988,26057,0,18.80617481956696,0.0,0
Hadapsar,Hinjewadi,19,6,0,4461,26212,0,21.15292535305985,0.0,1
Hadapsar,Hinjewadi,19,6,1,4633,26243,0,20.3917116339305,0.0,0
Hadapsar,Hinjewadi,19,6,2,4771,31605,0,23.84783064347097,0.0,0
Hadapsar,Hinjewadi,21,6,0,3163,26025,0,29.620613341764145,0.0,1
Hadapsar,Hinjewadi,21,6,1,3456,31518,0,32.831250000000004,0.0,0
Hadapsar,Hinjewadi,21,6,2,3397,27020,0,28.63467765675596,0.0,0
Hadapsar,Hinjewadi,23,6,0,2865,26025,0,32.70157068062827,0.0,1
Hadapsar,Hinjewadi,23,6,1,3130,31537,0,36.27258785942492,0.0,0
Hadapsar,Hinjewadi,23,6,2,3110,27020,0,31.277170418006428,0.0,0
Hadapsar,Hinjewadi,7,0,0,3258,26025,0,28.756906077348063,0.0,1
Hadapsar,Hinjewadi,7,0,1,3538,31518,0,32.07032221594121,0.0,0
Hadapsar,Hinjewadi,7,0,2,3588,27756,0,27.848829431438126,0.0,0
Hadapsar,Hinjewadi,9,0,0,4046,27275,0,24.268413247652,0.0,1
Hadapsar,Hinjewadi,9,0,1,4402,31605,0,25.8468877782826,0.0,0
Hadapsar,Hinjewadi,9,0,2,4359,28576,0,23.600275292498278,0.0,0
Hadapsar,Hinjewadi,11,0,0,4272,26212,0,22.08876404494382,0.0,1
Hadapsar,Hinjewadi,11,0,1,4666,26410,0,20.37633947706815,0.0,0
Hadapsar,Hinjewadi,11,0,2,4714,34547,0,26.38294442087399,0.0,0
Hadapsar,Hinjewadi,13,0,0,3905,27275,0,25.144686299615877,0.0,1
Hadapsar,Hinjewadi,13,0,1,4371,31740,0,26.141386410432396,0.0,0
Hadapsar,Hinjewadi,13,0,2,4173,28180,0,24.31056793673616,0.0,0
Hadapsar,Hinjewadi,15,0,0,3862,26212,0,24.433764888658725,0.0,1
Hadapsar,Hinjewadi,15,0,1,4190,31740,0,27.270644391408112,0.0,0
Hadapsar,Hinjewadi,15,0,2,4224,26410,0,22.508522727272727,0.0,0
Hadapsar,Hinjewadi,17,0,0,4630,26212,0,20.380820734341253,0.0,1
Hadapsar,Hinjewadi,17,0,1,4904,31553,0,23.16288743882545,0.0,0
Hadapsar,Hinjewadi,17,0,2,4933,26057,0,19.015852422460977,0.0,0
Hadapsar,Hinjewadi,19,0,0,4467,25972,0,20.93109469442579,0.0,1
Hadapsar,Hinjewadi,19,0,1,4761,31605,0,23.897920604914933,0.0,0
Hadapsar,Hinjewadi,19,0,2,4592,27467,0,21.53336236933798,0.0,0
Hadapsar,Hinjewadi,21,0,0,3168,26025,0,29.573863636363633,0.0,1
Hadapsar,Hinjewadi,21,0,1,3464,31518,0,32.7554272517321,0.0,0
Hadapsar,Hinjewadi,21,0,2,3401,27020,0,28.60099970596883,0.0,0
Hadapsar,Hinjewadi,23,0,0,2865,26025,0,32.70157068062827,0.0,1
Hadapsar,Hinjewadi,23,0,1,3130,31537,0,36.27258785942492,0.0,0
Hadapsar,Hinjewadi,23,0,2,3110,27020,0,31.277170418006428,0.0,0
Hadapsar,Hinjewadi,7,1,0,3199,26025,0,29.28727727414817,0.0,1
Hadapsar,Hinjewadi,7,1,1,3505,31518,0,32.37226818830243,0.0,0
Hadapsar,Hinjewadi,7,1,2,3539,27756,0,28.234416501836677,0.0,0
Hadapsar,Hinjewadi,9,1,0,3851,27275,0,25.497273435471303,0.0,1
Hadapsar,Hinjewadi,9,1,1,4320,31740,0,26.45,0.0,0
Hadapsar,Hinjewadi,9,1,2,4096,28180,0,24.767578125,0.0,0
Hadapsar,Hinjewadi,11,1,0,4060,27275,0,24.18472906403941,0.0,1
Hadapsar,Hinjewadi,11,1,1,4313,28180,0,23.52144678877811,0.0,0
Hadapsar,Hinjewadi,11,1,2,4674,31740,0,24.44672657252888,0.0,0
Hadapsar,Hinjewadi,13,1,0,3824,27275,0,25.677301255230127,0.0,1
Hadapsar,Hinjewadi,13,1,1,4337,31740,0,26.346322342633155,0.0,0
Hadapsar,Hinjewadi,13,1,2,4069,28180,0,24.931924305726223,0.0,0
Hadapsar,Hinjewadi,15,1,0,3793,26212,0,24.878249406802006,0.0,1
Hadapsar,Hinjewadi,15,1,1,4157,31740,0,27.487130141929274,0.0,0
Hadapsar,Hinjewadi,15,1,2,4199,26225,0,22.483924743986663,0.0,0
Hadapsar,Hinjewadi,17,1,0,4470,26212,0,21.110335570469797,0.0,1
Hadapsar,Hinjewadi,17,1,1,4811,26243,0,19.637247973394306,0.0,0
Hadapsar,Hinjewadi,17,1,2,4830,31553,0,23.517763975155283,0.0,0
Hadapsar,Hinjewadi,19,1,0,4354,26212,0,21.67276067983463,0.0,1
Hadapsar,Hinjewadi,19,1,1,4558,26243,0,20.727248793330407,0.0,0
Hadapsar,Hinjewadi,19,1,2,4714,31605,0,24.136190072125583,0.0,0
Hadapsar,Hinjewadi,21,1,0,3155,26025,0,29.695721077654515,0.0,1
Hadapsar,Hinjewadi,21,1,1,3456,31518,0,32.831250000000004,0.0,0
Hadapsar,Hinjewadi,21,1,2,3378,27020,0,28.795737122557725,0.0,0
Hadapsar,Hinjewadi,23,1,0,2865,26025,0,32.70157068062827,0.0,1
Hadapsar,Hinjewadi,23,1,1,3130,31537,0,36.27258785942492,0.0,0
Hadapsar,Hinjewadi,23,1,2,3110,27020,0,31.277170418006428,0.0,0
Hadapsar,Hinjewadi,7,2,0,3179,26025,0,29.47153192827933,0.0,1
Hadapsar,Hinjewadi,7,2,1,3471,31518,0,32.68936905790839,0.0,0
Hadapsar,Hinjewadi,7,2,2,3484,27756,0,28.68013777267509,0.0,0
Hadapsar,Hinjewadi,9,2,0,3768,27275,0,26.058917197452228,0.0,1
Hadapsar,Hinjewadi,9,2,1,4259,31605,0,26.714721765672696,0.0,0
Hadapsar,Hinjewadi,9,2,2,3988,28180,0,25.438314944834502,0.0,0
Hadapsar,Hinjewadi,11,2,0,3982,26212,0,23.697438473129083,0.0,1
Hadapsar,Hinjewadi,11,2,1,4458,26537,0,21.429609690444146,0.0,0
Hadapsar,Hinjewadi,11,2,2,4242,27756,0,23.555304101838757,0.0,0
Hadapsar,Hinjewadi,13,2,0,3844,26212,0,24.54817898022893,0.0,1
Hadapsar,Hinjewadi,13,2,1,4238,26537,0,22.542048135913166,0.0,0
Hadapsar,Hinjewadi,13,2,2,4117,27756,0,24.270488219577363,0.0,0
Hadapsar,Hinjewadi,15,2,0,3825,26212,0,24.670117647058824,0.0,1
Hadapsar,Hinjewadi,15,2,1,4180,31740,0,27.335885167464113,0.0,0
Hadapsar,Hinjewadi,15,2,2,4218,26225,0,22.382645803698438,0.0,0
Hadapsar,Hinjewadi,17,2,0,4461,26212,0,21.15292535305985,0.0,1
Hadapsar,Hinjewadi,17,2,1,4827,26243,0,19.572156619018024,0.0,0
Hadapsar,Hinjewadi,17,2,2,4853,31553,0,23.40630537811663,0.0,0
Hadapsar,Hinjewadi,19,2,0,4335,26212,0,21.767750865051905,0.0,1
Hadapsar,Hinjewadi,19,2,1,4563,26057,0,20.557790927021696,0.0,0
Hadapsar,Hinjewadi,19,2,2,4774,31605,0,23.83284457478006,0.0,0
Hadapsar,Hinjewadi,21,2,0,3168,26025,0,29.573863636363633,0.0,1
Hadapsar,Hinjewadi,21,2,1,3475,31537,0,32.67142446043165,0.0,0
Hadapsar,Hinjewadi,21,2,2,3389,27020,0,28.70227205665388,0.0,0
Hadapsar,Hinjewadi,23,2,0,2865,26025,0,32.70157068062827,0.0,1
Hadapsar,Hinjewadi,23,2,1,3130,31537,0,36.27258785942492,0.0,0
Hadapsar,Hinjewadi,23,2,2,3110,27020,0,31.277170418006428,0.0,0
Hadapsar,Hinjewadi,7,3,0,3029,26025,0,30.93100033014196,0.0,1
Hadapsar,Hinjewadi,7,3,1,3368,31518,0,33.68907363420428,0.0,0
Hadapsar,Hinjewadi,7,3,2,3378,27756,0,29.580106571936057,0.0,0
Hadapsar,Hinjewadi,9,3,0,3322,26025,0,28.20288982540638,0.0,1
Hadapsar,Hinjewadi,9,3,1,3598,27756,0,27.771428571428572,0.0,0
Hadapsar,Hinjewadi,9,3,2,3965,31537,0,28.63384615384615,0.0,0
Hadapsar,Hinjewadi,11,3,0,3659,26212,0,25.789341350095658,0.0,1
Hadapsar,Hinjewadi,11,3,1,4098,26410,0,23.200585651537335,0.0,0
Hadapsar,Hinjewadi,11,3,2,3853,27756,0,25.93345445107708,0.0,0
Hadapsar,Hinjewadi,13,3,0,3762,26212,0,25.083253588516747,0.0,1
Hadapsar,Hinjewadi,13,3,1,4185,26225,0,22.559139784946236,0.0,0
Hadapsar,Hinjewadi,13,3,2,3967,27756,0,25.18820267204437,0.0,0
Hadapsar,Hinjewadi,15,3,0,3824,26358,0,24.814016736401676,0.0,1
Hadapsar,Hinjewadi,15,3,1,4242,26057,0,22.113437057991515,0.0,0
Hadapsar,Hinjewadi,15,3,2,4039,27756,0,24.73919286952216,0.0,0
Hadapsar,Hinjewadi,17,3,0,4094,26212,0,23.04914509037616,0.0,1
Hadapsar,Hinjewadi,17,3,1,4438,26351,0,21.37530419107706,0.0,0
Hadapsar,Hinjewadi,17,3,2,4806,31553,0,23.635205992509366,0.0,0
Hadapsar,Hinjewadi,19,3,0,3973,26347,0,23.87344575887239,0.0,1
Hadapsar,Hinjewadi,19,3,1,4194,26351,0,22.61888412017167,0.0,0
Hadapsar,Hinjewadi,19,3,2,4546,31518,0,24.959260888693358,0.0,0
Hadapsar,Hinjewadi,21,3,0,3144,26025,0,29.799618320610687,0.0,1
Hadapsar,Hinjewadi,21,3,1,3465,31518,0,32.74597402597403,0.0,0
Hadapsar,Hinjewadi,21,3,2,3454,27756,0,28.929241459177767,0.0,0
Hadapsar,Hinjewadi,23,3,0,2865,26025,0,32.70157068062827,0.0,1
Hadapsar,Hinjewadi,23,3,1,3130,31537,0,36.27258785942492,0.0,0
Hadapsar,Hinjewadi,23,3,2,3110,27020,0,31.277170418006428,0.0,0
Hadapsar,Hinjewadi,7,4,0,2965,26025,0,31.598650927487352,0.0,1
Hadapsar,Hinjewadi,7,4,1,3279,31518,0,34.60347666971638,0.0,0
Hadapsar,Hinjewadi,7,4,2,3217,27020,0,30.236866645943426,0.0,0
Hadapsar,Hinjewadi,9,4,0,3104,26025,0,30.183634020618555,0.0,1
Hadapsar,Hinjewadi,9,4,1,3604,31518,0,31.48301886792453,0.0,0
Hadapsar,Hinjewadi,9,4,2,3366,27020,0,28.89839572192513,0.0,0
Hadapsar,Hinjewadi,11,4,0,3310,26025,0,28.305135951661633,0.0,1
Hadapsar,Hinjewadi,11,4,1,3918,31605,0,29.039816232771823,0.0,0
Hadapsar,Hinjewadi,11,4,2,3552,27417,0,27.7875,0.0,0
Hadapsar,Hinjewadi,13,4,0,3403,26025,0,27.53158977372906,0.0,1
Hadapsar,Hinjewadi,13,4,1,4007,31605,0,28.39480908410282,0.0,0
Hadapsar,Hinjewadi,13,4,2,3722,28180,0,27.256313809779687,0.0,0
Hadapsar,Hinjewadi,15,4,0,3542,27275,0,27.721626199887066,0.0,1
Hadapsar,Hinjewadi,15,4,1,4044,31740,0,28.255192878338278,0.0,0
Hadapsar,Hinjewadi,15,4,2,3777,28180,0,26.859412231930104,0.0,0
Hadapsar,Hinjewadi,17,4,0,3725,27275,0,26.359731543624157,0.0,1
Hadapsar,Hinjewadi,17,4,1,3835,27271,0,25.59989569752282,0.0,0
Hadapsar,Hinjewadi,17,4,2,4305,31605,0,26.429268292682927,0.0,0
Hadapsar,Hinjewadi,19,4,0,3609,27275,0,27.206982543640898,0.0,1
Hadapsar,Hinjewadi,19,4,1,3778,27271,0,25.98613022763367,0.0,0
Hadapsar,Hinjewadi,19,4,2,4188,31605,0,27.167621776504298,0.0,0
Hadapsar,Hinjewadi,21,4,0,3052,26025,0,30.697903014416777,0.0,1
Hadapsar,Hinjewadi,21,4,1,3395,31518,0,33.42114874815906,0.0,0
Hadapsar,Hinjewadi,21,4,2,3290,27020,0,29.56595744680851,0.0,0
Hadapsar,Hinjewadi,23,4,0,2865,26025,0,32.70157068062827,0.0,1
Hadapsar,Hinjewadi,23,4,1,3130,31537,0,36.27258785942492,0.0,0
Hadapsar,Hinjewadi,23,4,2,3110,27020,0,31.277170418006428,0.0,0
Hadapsar,Hinjewadi,7,5,0,3206,26025,0,29.223331253898937,0.0,1
Hadapsar,Hinjewadi,7,5,1,3527,31518,0,32.17034306776297,0.0,0
Hadapsar,Hinjewadi,7,5,2,3534,27756,0,28.274363327674024,0.0,0
Hadapsar,Hinjewadi,9,5,0,3866,26212,0,24.408484221417485,0.0,1
Hadapsar,Hinjewadi,9,5,1,4236,26536,0,22.55184135977337,0.0,0
Hadapsar,Hinjewadi,9,5,2,4358,31605,0,26.10784763653052,0.0,0
Hadapsar,Hinjewadi,11,5,0,4061,26212,0,23.236444225560206,0.0,1
Hadapsar,Hinjewadi,11,5,1,4547,26537,0,21.010160545414557,0.0,0
Hadapsar,Hinjewadi,11,5,2,4326,27814,0,23.14618585298197,0.0,0
Hadapsar,Hinjewadi,13,5,0,3792,27275,0,25.893987341772153,0.0,1
Hadapsar,Hinjewadi,13,5,1,4328,31740,0,26.40110905730129,0.0,0
Hadapsar,Hinjewadi,13,5,2,4039,28180,0,25.117108195097796,0.0,0
Hadapsar,Hinjewadi,15,5,0,3760,26212,0,25.09659574468085,0.0,1
Hadapsar,Hinjewadi,15,5,1,4130,31740,0,27.666828087167072,0.0,0
Hadapsar,Hinjewadi,15,5,2,4171,26410,0,22.794533684967636,0.0,0
Hadapsar,Hinjewadi,17,5,0,4391,26212,0,21.490138920519247,0.0,1
Hadapsar,Hinjewadi,17,5,1,4779,31605,0,23.807909604519775,0.0,0
Hadapsar,Hinjewadi,17,5,2,4808,26057,0,19.510232945091513,0.0,0
Hadapsar,Hinjewadi,19,5,0,4283,26212,0,22.032033621293486,0.0,1
Hadapsar,Hinjewadi,19,5,1,4574,26537,0,20.88613904678618,0.0,0
Hadapsar,Hinjewadi,19,5,2,4703,31605,0,24.192642993833726,0.0,0
Hadapsar,Hinjewadi,21,5,0,3147,26025,0,29.77121067683508,0.0,1
Hadapsar,Hinjewadi,21,5,1,3449,31518,0,32.89788344447666,0.0,0
Hadapsar,Hinjewadi,21,5,2,3372,27020,0,28.846975088967973,0.0,0
Hadapsar,Hinjewadi,23,5,0,2865,26025,0,32.70157068062827,0.0,1
Hadapsar,Hinjewadi,23,5,1,3130,31537,0,36.27258785942492,0.0,0
Hadapsar,Hinjewadi,23,5,2,3110,27020,0,31.277170418006428,0.0,0
Hadapsar,Hinjewadi,7,6,0,3274,26025,0,28.616371411117896,0.0,1
Hadapsar,Hinjewadi,7,6,1,3570,31518,0,31.782857142857143,0.0,0
Hadapsar,Hinjewadi,7,6,2,3620,27756,0,27.602651933701658,0.0,0
Hadapsar,Hinjewadi,9,6,0,4067,26212,0,23.20216375706909,0.0,1
Hadapsar,Hinjewadi,9,6,1,4340,26537,0,22.01225806451613,0.0,0
Hadapsar,Hinjewadi,9,6,2,4487,31605,0,25.357254290171603,0.0,0
Hadapsar,Hinjewadi,11,6,0,4286,26212,0,22.01661222585161,0.0,1
Hadapsar,Hinjewadi,11,6,1,4650,26537,0,20.544774193548385,0.0,0
Hadapsar,Hinjewadi,11,6,2,4791,34547,0,25.958922980588603,0.0,0
Hadapsar,Hinjewadi,13,6,0,3936,27275,0,24.946646341463413,0.0,1
Hadapsar,Hinjewadi,13,6,1,4404,31740,0,25.94550408719346,0.0,0
Hadapsar,Hinjewadi,13,6,2,4194,28180,0,24.188841201716738,0.0,0
Hadapsar,Hinjewadi,15,6,0,3900,26212,0,24.19569230769231,0.0,1
Hadapsar,Hinjewadi,15,6,1,4231,31740,0,27.006381470101626,0.0,0
Hadapsar,Hinjewadi,15,6,2,4264,26410,0,22.29737335834897,0.0,0
Hadapsar,Hinjewadi,17,6,0,4647,26212,0,20.306262104583602,0.0,1
Hadapsar,Hinjewadi,17,6,1,4954,31553,0,22.92910779168349,0.0,0
Hadapsar,Hinjewadi,17,6,2,4988,26057,0,18.80617481956696,0.0,0
Hadapsar,Hinjewadi,19,6,0,4461,26212,0,21.15292535305985,0.0,1
Hadapsar,Hinjewadi,19,6,1,4633,26243,0,20.3917116339305,0.0,0
Hadapsar,Hinjewadi,19,6,2,4771,31605,0,23.84783064347097,0.0,0
Hadapsar,Hinjewadi,21,6,0,3163,26025,0,29.620613341764145,0.0,1
Hadapsar,Hinjewadi,21,6,1,3456,31518,0,32.831250000000004,0.0,0
Hadapsar,Hinjewadi,21,6,2,3397,27020,0,28.63467765675596,0.0,0
Hadapsar,Hinjewadi,23,6,0,2865,26025,0,32.70157068062827,0.0,1
Hadapsar,Hinjewadi,23,6,1,3130,31537,0,36.27258785942492,0.0,0
Hadapsar,Hinjewadi,23,6,2,3110,27020,0,31.277170418006428,0.0,0
Hadapsar,Hinjewadi,7,0,0,3258,26025,0,28.756906077348063,0.0,1
Hadapsar,Hinjewadi,7,0,1,3538,31518,0,32.07032221594121,0.0,0
Hadapsar,Hinjewadi,7,0,2,3588,27756,0,27.848829431438126,0.0,0
Hadapsar,Hinjewadi,9,0,0,4046,27275,0,24.268413247652,0.0,1
Hadapsar,Hinjewadi,9,0,1,4402,31605,0,25.8468877782826,0.0,0
Hadapsar,Hinjewadi,9,0,2,4359,28576,0,23.600275292498278,0.0,0
Hadapsar,Hinjewadi,11,0,0,4272,26212,0,22.08876404494382,0.0,1
Hadapsar,Hinjewadi,11,0,1,4621,26537,0,20.673706989829043,0.0,0
Hadapsar,Hinjewadi,11,0,2,4714,34547,0,26.38294442087399,0.0,0
Hadapsar,Hinjewadi,13,0,0,3905,27275,0,25.144686299615877,0.0,1
Hadapsar,Hinjewadi,13,0,1,4371,31740,0,26.141386410432396,0.0,0
Hadapsar,Hinjewadi,13,0,2,4173,28180,0,24.31056793673616,0.0,0
Hadapsar,Hinjewadi,15,0,0,3862,26212,0,24.433764888658725,0.0,1
Hadapsar,Hinjewadi,15,0,1,4190,31740,0,27.270644391408112,0.0,0
Hadapsar,Hinjewadi,15,0,2,4224,26410,0,22.508522727272727,0.0,0
Hadapsar,Hinjewadi,17,0,0,4630,26212,0,20.380820734341253,0.0,1
Hadapsar,Hinjewadi,17,0,1,4904,31553,0,23.16288743882545,0.0,0
Hadapsar,Hinjewadi,17,0,2,4933,26057,0,19.015852422460977,0.0,0
Hadapsar,Hinjewadi,19,0,0,4467,25972,0,20.93109469442579,0.0,1
Hadapsar,Hinjewadi,19,0,1,4761,31605,0,23.897920604914933,0.0,0
Hadapsar,Hinjewadi,19,0,2,4592,27467,0,21.53336236933798,0.0,0
Hadapsar,Hinjewadi,21,0,0,3168,26025,0,29.573863636363633,0.0,1
Hadapsar,Hinjewadi,21,0,1,3464,31518,0,32.7554272517321,0.0,0
Hadapsar,Hinjewadi,21,0,2,3401,27020,0,28.60099970596883,0.0,0
Hadapsar,Hinjewadi,23,0,0,2865,26025,0,32.70157068062827,0.0,1
Hadapsar,Hinjewadi,23,0,1,3130,31537,0,36.27258785942492,0.0,0
Hadapsar,Hinjewadi,23,0,2,3110,27020,0,31.277170418006428,0.0,0
Hadapsar,Hinjewadi,7,1,0,3199,26025,0,29.28727727414817,0.0,1
Hadapsar,Hinjewadi,7,1,1,3505,31518,0,32.37226818830243,0.0,0
Hadapsar,Hinjewadi,7,1,2,3539,27756,0,28.234416501836677,0.0,0
Hadapsar,Hinjewadi,9,1,0,3851,27275,0,25.497273435471303,0.0,1
Hadapsar,Hinjewadi,9,1,1,4320,31740,0,26.45,0.0,0
Hadapsar,Hinjewadi,9,1,2,4096,28180,0,24.767578125,0.0,0
Hadapsar,Hinjewadi,11,1,0,4060,27275,0,24.18472906403941,0.0,1
Hadapsar,Hinjewadi,11,1,1,4313,28180,0,23.52144678877811,0.0,0
Hadapsar,Hinjewadi,11,1,2,4674,31740,0,24.44672657252888,0.0,0
Hadapsar,Hinjewadi,13,1,0,3824,27275,0,25.677301255230127,0.0,1
Hadapsar,Hinjewadi,13,1,1,4337,31740,0,26.346322342633155,0.0,0
Hadapsar,Hinjewadi,13,1,2,4069,28180,0,24.931924305726223,0.0,0
Hadapsar,Hinjewadi,15,1,0,3793,26212,0,24.878249406802006,0.0,1
Hadapsar,Hinjewadi,15,1,1,4157,31740,0,27.487130141929274,0.0,0
Hadapsar,Hinjewadi,15,1,2,4199,26225,0,22.483924743986663,0.0,0
Hadapsar,Hinjewadi,17,1,0,4470,26212,0,21.110335570469797,0.0,1
Hadapsar,Hinjewadi,17,1,1,4811,26243,0,19.637247973394306,0.0,0
Hadapsar,Hinjewadi,17,1,2,4830,31553,0,23.517763975155283,0.0,0
Hadapsar,Hinjewadi,19,1,0,4354,26212,0,21.67276067983463,0.0,1
Hadapsar,Hinjewadi,19,1,1,4558,26243,0,20.727248793330407,0.0,0
Hadapsar,Hinjewadi,19,1,2,4714,31605,0,24.136190072125583,0.0,0
Hadapsar,Hinjewadi,21,1,0,3155,26025,0,29.695721077654515,0.0,1
Hadapsar,Hinjewadi,21,1,1,3456,31518,0,32.831250000000004,0.0,0
Hadapsar,Hinjewadi,21,1,2,3378,27020,0,28.795737122557725,0.0,0
Hadapsar,Hinjewadi,23,1,0,2865,26025,0,32.70157068062827,0.0,1
Hadapsar,Hinjewadi,23,1,1,3130,31537,0,36.27258785942492,0.0,0
Hadapsar,Hinjewadi,23,1,2,3110,27020,0,31.277170418006428,0.0,0
Hadapsar,Hinjewadi,7,2,0,3179,26025,0,29.47153192827933,0.0,1
Hadapsar,Hinjewadi,7,2,1,3471,31518,0,32.68936905790839,0.0,0
Hadapsar,Hinjewadi,7,2,2,3484,27756,0,28.68013777267509,0.0,0
Hadapsar,Hinjewadi,9,2,0,3768,27275,0,26.058917197452228,0.0,1
Hadapsar,Hinjewadi,9,2,1,4259,31605,0,26.714721765672696,0.0,0
Hadapsar,Hinjewadi,9,2,2,3988,28180,0,25.438314944834502,0.0,0
Hadapsar,Hinjewadi,11,2,0,3982,26212,0,23.697438473129083,0.0,1
Hadapsar,Hinjewadi,11,2,1,4458,26537,0,21.429609690444146,0.0,0
Hadapsar,Hinjewadi,11,2,2,4242,27756,0,23.555304101838757,0.0,0
Hadapsar,Hinjewadi,13,2,0,3844,26212,0,24.54817898022893,0.0,1
Hadapsar,Hinjewadi,13,2,1,4238,26537,0,22.542048135913166,0.0,0
Hadapsar,Hinjewadi,13,2,2,4117,27756,0,24.270488219577363,0.0,0
Hadapsar,Hinjewadi,15,2,0,3825,26212,0,24.670117647058824,0.0,1
Hadapsar,Hinjewadi,15,2,1,4180,31740,0,27.335885167464113,0.0,0
Hadapsar,Hinjewadi,15,2,2,4218,26225,0,22.382645803698438,0.0,0
Hadapsar,Hinjewadi,17,2,0,4461,26212,0,21.15292535305985,0.0,1
Hadapsar,Hinjewadi,17,2,1,4827,26243,0,19.572156619018024,0.0,0
Hadapsar,Hinjewadi,17,2,2,4853,31553,0,23.40630537811663,0.0,0
Hadapsar,Hinjewadi,19,2,0,4335,26212,0,21.767750865051905,0.0,1
Hadapsar,Hinjewadi,19,2,1,4563,26057,0,20.557790927021696,0.0,0
Hadapsar,Hinjewadi,19,2,2,4774,31605,0,23.83284457478006,0.0,0
Hadapsar,Hinjewadi,21,2,0,3168,26025,0,29.573863636363633,0.0,1
Hadapsar,Hinjewadi,21,2,1,3475,31537,0,32.67142446043165,0.0,0
Hadapsar,Hinjewadi,21,2,2,3389,27020,0,28.70227205665388,0.0,0
Hadapsar,Hinjewadi,23,2,0,2865,26025,0,32.70157068062827,0.0,1
Hadapsar,Hinjewadi,23,2,1,3130,31537,0,36.27258785942492,0.0,0
Hadapsar,Hinjewadi,23,2,2,3110,27020,0,31.277170418006428,0.0,0
Hadapsar,Hinjewadi,7,3,0,3029,26025,0,30.93100033014196,0.0,1
Hadapsar,Hinjewadi,7,3,1,3368,31518,0,33.68907363420428,0.0,0
Hadapsar,Hinjewadi,7,3,2,3378,27756,0,29.580106571936057,0.0,0
Hadapsar,Hinjewadi,9,3,0,3322,26025,0,28.20288982540638,0.0,1
Hadapsar,Hinjewadi,9,3,1,3598,27756,0,27.771428571428572,0.0,0
Hadapsar,Hinjewadi,9,3,2,3965,31537,0,28.63384615384615,0.0,0
Hadapsar,Hinjewadi,11,3,0,3659,26212,0,25.789341350095658,0.0,1
Hadapsar,Hinjewadi,11,3,1,4098,26410,0,23.200585651537335,0.0,0
Hadapsar,Hinjewadi,11,3,2,3853,27756,0,25.93345445107708,0.0,0
Hadapsar,Hinjewadi,13,3,0,3762,26212,0,25.083253588516747,0.0,1
Hadapsar,Hinjewadi,13,3,1,4185,26225,0,22.559139784946236,0.0,0
Hadapsar,Hinjewadi,13,3,2,3967,27756,0,25.18820267204437,0.0,0
Hadapsar,Hinjewadi,15,3,0,3824,26358,0,24.814016736401676,0.0,1
Hadapsar,Hinjewadi,15,3,1,4242,26057,0,22.113437057991515,0.0,0
Hadapsar,Hinjewadi,15,3,2,4039,27756,0,24.73919286952216,0.0,0
Hadapsar,Hinjewadi,17,3,0,4094,26212,0,23.04914509037616,0.0,1
Hadapsar,Hinjewadi,17,3,1,4438,26351,0,21.37530419107706,0.0,0
Hadapsar,Hinjewadi,17,3,2,4806,31553,0,23.635205992509366,0.0,0
Hadapsar,Hinjewadi,19,3,0,3973,26347,0,23.87344575887239,0.0,1
Hadapsar,Hinjewadi,19,3,1,4194,26351,0,22.61888412017167,0.0,0
Hadapsar,Hinjewadi,19,3,2,4546,31518,0,24.959260888693358,0.0,0
Hadapsar,Hinjewadi,21,3,0,3144,26025,0,29.799618320610687,0.0,1
Hadapsar,Hinjewadi,21,3,1,3465,31518,0,32.74597402597403,0.0,0
Hadapsar,Hinjewadi,21,3,2,3454,27756,0,28.929241459177767,0.0,0
Hadapsar,Hinjewadi,23,3,0,2865,26025,0,32.70157068062827,0.0,1
Hadapsar,Hinjewadi,23,3,1,3130,31537,0,36.27258785942492,0.0,0
Hadapsar,Hinjewadi,23,3,2,3110,27020,0,31.277170418006428,0.0,0
Hadapsar,Hinjewadi,7,4,0,2965,26025,0,31.598650927487352,0.0,1
Hadapsar,Hinjewadi,7,4,1,3279,31518,0,34.60347666971638,0.0,0
Hadapsar,Hinjewadi,7,4,2,3217,27020,0,30.236866645943426,0.0,0
Hadapsar,Hinjewadi,9,4,0,3104,26025,0,30.183634020618555,0.0,1
Hadapsar,Hinjewadi,9,4,1,3604,31518,0,31.48301886792453,0.0,0
Hadapsar,Hinjewadi,9,4,2,3366,27020,0,28.89839572192513,0.0,0
Hadapsar,Hinjewadi,11,4,0,3310,26025,0,28.305135951661633,0.0,1
Hadapsar,Hinjewadi,11,4,1,3918,31605,0,29.039816232771823,0.0,0
Hadapsar,Hinjewadi,11,4,2,3552,27417,0,27.7875,0.0,0
Hadapsar,Hinjewadi,13,4,0,3403,26025,0,27.53158977372906,0.0,1
Hadapsar,Hinjewadi,13,4,1,4007,31605,0,28.39480908410282,0.0,0
Hadapsar,Hinjewadi,13,4,2,3722,28180,0,27.256313809779687,0.0,0
Hadapsar,Hinjewadi,15,4,0,3542,27275,0,27.721626199887066,0.0,1
Hadapsar,Hinjewadi,15,4,1,4044,31740,0,28.255192878338278,0.0,0
Hadapsar,Hinjewadi,15,4,2,3777,28180,0,26.859412231930104,0.0,0
Hadapsar,Hinjewadi,17,4,0,3725,27275,0,26.359731543624157,0.0,1
Hadapsar,Hinjewadi,17,4,1,3835,27271,0,25.59989569752282,0.0,0
Hadapsar,Hinjewadi,17,4,2,4305,31605,0,26.429268292682927,0.0,0
Hadapsar,Hinjewadi,19,4,0,3609,27275,0,27.206982543640898,0.0,1
Hadapsar,Hinjewadi,19,4,1,3778,27271,0,25.98613022763367,0.0,0
Hadapsar,Hinjewadi,19,4,2,4188,31605,0,27.167621776504298,0.0,0
Hadapsar,Hinjewadi,21,4,0,3052,26025,0,30.697903014416777,0.0,1
Hadapsar,Hinjewadi,21,4,1,3395,31518,0,33.42114874815906,0.0,0
Hadapsar,Hinjewadi,21,4,2,3290,27020,0,29.56595744680851,0.0,0
Hadapsar,Hinjewadi,23,4,0,2865,26025,0,32.70157068062827,0.0,1
Hadapsar,Hinjewadi,23,4,1,3130,31537,0,36.27258785942492,0.0,0
Hadapsar,Hinjewadi,23,4,2,3110,27020,0,31.277170418006428,0.0,0
Hadapsar,Hinjewadi,7,5,0,3206,26025,0,29.223331253898937,0.0,1
Hadapsar,Hinjewadi,7,5,1,3527,31518,0,32.17034306776297,0.0,0
Hadapsar,Hinjewadi,7,5,2,3534,27756,0,28.274363327674024,0.0,0
Hadapsar,Hinjewadi,9,5,0,3866,26212,0,24.408484221417485,0.0,1
Hadapsar,Hinjewadi,9,5,1,4236,26536,0,22.55184135977337,0.0,0
Hadapsar,Hinjewadi,9,5,2,4358,31605,0,26.10784763653052,0.0,0
Hadapsar,Hinjewadi,11,5,0,4061,26212,0,23.236444225560206,0.0,1
Hadapsar,Hinjewadi,11,5,1,4547,26537,0,21.010160545414557,0.0,0
Hadapsar,Hinjewadi,11,5,2,4326,27814,0,23.14618585298197,0.0,0
Hadapsar,Hinjewadi,13,5,0,3792,27275,0,25.893987341772153,0.0,1
Hadapsar,Hinjewadi,13,5,1,4328,31740,0,26.40110905730129,0.0,0
Hadapsar,Hinjewadi,13,5,2,4039,28180,0,25.117108195097796,0.0,0
Hadapsar,Hinjewadi,15,5,0,3760,26212,0,25.09659574468085,0.0,1
Hadapsar,Hinjewadi,15,5,1,4130,31740,0,27.666828087167072,0.0,0
Hadapsar,Hinjewadi,15,5,2,4171,26410,0,22.794533684967636,0.0,0
Hadapsar,Hinjewadi,17,5,0,4391,26212,0,21.490138920519247,0.0,1
Hadapsar,Hinjewadi,17,5,1,4779,31605,0,23.807909604519775,0.0,0
Hadapsar,Hinjewadi,17,5,2,4808,26057,0,19.510232945091513,0.0,0
Hadapsar,Hinjewadi,19,5,0,4283,26212,0,22.032033621293486,0.0,1
Hadapsar,Hinjewadi,19,5,1,4574,26537,0,20.88613904678618,0.0,0
Hadapsar,Hinjewadi,19,5,2,4703,31605,0,24.192642993833726,0.0,0
Hadapsar,Hinjewadi,21,5,0,3147,26025,0,29.77121067683508,0.0,1
Hadapsar,Hinjewadi,21,5,1,3449,31518,0,32.89788344447666,0.0,0
Hadapsar,Hinjewadi,21,5,2,3372,27020,0,28.846975088967973,0.0,0
Hadapsar,Hinjewadi,23,5,0,2865,26025,0,32.70157068062827,0.0,1
Hadapsar,Hinjewadi,23,5,1,3130,31537,0,36.27258785942492,0.0,0
Hadapsar,Hinjewadi,23,5,2,3110,27020,0,31.277170418006428,0.0,0
Hadapsar,Hinjewadi,7,6,0,3274,26025,0,28.616371411117896,0.0,1
Hadapsar,Hinjewadi,7,6,1,3570,31518,0,31.782857142857143,0.0,0
Hadapsar,Hinjewadi,7,6,2,3620,27756,0,27.602651933701658,0.0,0
Hadapsar,Hinjewadi,9,6,0,4067,26212,0,23.20216375706909,0.0,1
Hadapsar,Hinjewadi,9,6,1,4340,26537,0,22.01225806451613,0.0,0
Hadapsar,Hinjewadi,9,6,2,4487,31605,0,25.357254290171603,0.0,0
Hadapsar,Hinjewadi,11,6,0,4286,26212,0,22.01661222585161,0.0,1
Hadapsar,Hinjewadi,11,6,1,4650,26537,0,20.544774193548385,0.0,0
Hadapsar,Hinjewadi,11,6,2,4791,34547,0,25.958922980588603,0.0,0
Hadapsar,Hinjewadi,13,6,0,3936,27275,0,24.946646341463413,0.0,1
Hadapsar,Hinjewadi,13,6,1,4404,31740,0,25.94550408719346,0.0,0
Hadapsar,Hinjewadi,13,6,2,4194,28180,0,24.188841201716738,0.0,0
Hadapsar,Hinjewadi,15,6,0,3900,26212,0,24.19569230769231,0.0,1
Hadapsar,Hinjewadi,15,6,1,4231,31740,0,27.006381470101626,0.0,0
Hadapsar,Hinjewadi,15,6,2,4264,26410,0,22.29737335834897,0.0,0
Hadapsar,Hinjewadi,17,6,0,4647,26212,0,20.306262104583602,0.0,1
Hadapsar,Hinjewadi,17,6,1,4954,31553,0,22.92910779168349,0.0,0
Hadapsar,Hinjewadi,17,6,2,4988,26057,0,18.80617481956696,0.0,0
Hadapsar,Hinjewadi,19,6,0,4461,26212,0,21.15292535305985,0.0,1
Hadapsar,Hinjewadi,19,6,1,4633,26243,0,20.3917116339305,0.0,0
Hadapsar,Hinjewadi,19,6,2,4771,31605,0,23.84783064347097,0.0,0
Hadapsar,Hinjewadi,21,6,0,3163,26025,0,29.620613341764145,0.0,1
Hadapsar,Hinjewadi,21,6,1,3456,31518,0,32.831250000000004,0.0,0
Hadapsar,Hinjewadi,21,6,2,3397,27020,0,28.63467765675596,0.0,0
Hadapsar,Hinjewadi,23,6,0,2865,26025,0,32.70157068062827,0.0,1
Hadapsar,Hinjewadi,23,6,1,3130,31537,0,36.27258785942492,0.0,0
Hadapsar,Hinjewadi,23,6,2,3110,27020,0,31.277170418006428,0.0,0
Hadapsar,Kothrud,7,0,0,2028,15419,0,27.371005917159763,0.0,1
Hadapsar,Kothrud,7,0,1,2224,16861,0,27.292985611510794,0.0,0
Hadapsar,Kothrud,7,0,2,2349,16684,0,25.569348659003833,0.0,0
Hadapsar,Kothrud,9,0,0,2647,15506,0,21.088628636191913,0.0,1
Hadapsar,Kothrud,9,0,1,2917,18111,0,22.351594103531028,0.0,0
Hadapsar,Kothrud,9,0,2,2934,16684,0,20.471165644171784,0.0,0
Hadapsar,Kothrud,11,0,0,2929,15641,0,19.224172072379652,0.0,1
Hadapsar,Kothrud,11,0,1,3251,18111,0,20.055244540141498,0.0,0
Hadapsar,Kothrud,11,0,2,3355,16684,0,17.902354694485844,0.0,0
Hadapsar,Kothrud,13,0,0,2763,15641,0,20.37915309446254,0.0,1
Hadapsar,Kothrud,13,0,1,3065,18111,0,21.27230016313214,0.0,0
Hadapsar,Kothrud,13,0,2,3239,16684,0,18.543501080580427,0.0,0
Hadapsar,Kothrud,15,0,0,2620,15641,0,21.49145038167939,0.0,1
Hadapsar,Kothrud,15,0,1,3009,18111,0,21.668195413758724,0.0,0
Hadapsar,Kothrud,15,0,2,3211,16868,0,18.911491747119275,0.0,0
Hadapsar,Kothrud,17,0,0,3060,15454,0,18.181176470588237,0.0,1
Hadapsar,Kothrud,17,0,1,3566,16684,0,16.843073471676952,0.0,0
Hadapsar,Kothrud,17,0,2,3629,17307,0,17.168696610636538,0.0,0
Hadapsar,Kothrud,19,0,0,3015,15506,0,18.51462686567164,0.0,1
Hadapsar,Kothrud,19,0,1,3314,16684,0,18.123838261919133,0.0,0
Hadapsar,Kothrud,19,0,2,3449,16861,0,17.5991881704842,0.0,0
Hadapsar,Kothrud,21,0,0,2103,15419,0,26.394864479315267,0.0,1
Hadapsar,Kothrud,21,0,1,2277,16861,0,26.657707509881426,0.0,0
Hadapsar,Kothrud,21,0,2,2378,16684,0,25.25752733389403,0.0,0
Hadapsar,Kothrud,23,0,0,1816,15438,0,30.60396475770925,0.0,1
Hadapsar,Kothrud,23,0,1,1978,16861,0,30.687360970677457,0.0,0
Hadapsar,Kothrud,23,0,2,2124,16684,0,28.27796610169492,0.0,0
Hadapsar,Kothrud,7,1,0,2023,15419,0,27.438655462184872,0.0,1
Hadapsar,Kothrud,7,1,1,2190,16861,0,27.716712328767127,0.0,0
Hadapsar,Kothrud,7,1,2,2325,16684,0,25.833290322580645,0.0,0
Hadapsar,Kothrud,9,1,0,2626,15641,0,21.44234577303884,0.0,1
Hadapsar,Kothrud,9,1,1,2781,18111,0,23.44466019417476,0.0,0
Hadapsar,Kothrud,9,1,2,2865,16684,0,20.964188481675397,0.0,0
Hadapsar,Kothrud,11,1,0,2924,15641,0,19.25704514363885,0.0,1
Hadapsar,Kothrud,11,1,1,3096,18111,0,21.059302325581395,0.0,0
Hadapsar,Kothrud,11,1,2,3266,16684,0,18.390202082057563,0.0,0
Hadapsar,Kothrud,13,1,0,2747,15641,0,20.49785220240262,0.0,1
Hadapsar,Kothrud,13,1,1,3013,18111,0,21.639429140391634,0.0,0
Hadapsar,Kothrud,13,1,2,3187,16684,0,18.846062127392532,0.0,0
Hadapsar,Kothrud,15,1,0,2598,15641,0,21.673441108545035,0.0,1
Hadapsar,Kothrud,15,1,1,2970,18111,0,21.952727272727273,0.0,0
Hadapsar,Kothrud,15,1,2,3147,16868,0,19.296091515729266,0.0,0
Hadapsar,Kothrud,17,1,0,3011,15454,0,18.477050813683164,0.0,1
Hadapsar,Kothrud,17,1,1,3468,16684,0,17.319031141868514,0.0,0
Hadapsar,Kothrud,17,1,2,3489,18181,0,18.759415305245057,0.0,0
Hadapsar,Kothrud,19,1,0,2977,15506,0,18.750957339603627,0.0,1
Hadapsar,Kothrud,19,1,1,3259,16684,0,18.429702362687944,0.0,0
Hadapsar,Kothrud,19,1,2,3308,16861,0,18.34933494558646,0.0,0
Hadapsar,Kothrud,21,1,0,2094,15419,0,26.508309455587394,0.0,1
Hadapsar,Kothrud,21,1,1,2264,16861,0,26.81077738515901,0.0,0
Hadapsar,Kothrud,21,1,2,2374,16684,0,25.300084245998313,0.0,0
Hadapsar,Kothrud,23,1,0,1816,15438,0,30.60396475770925,0.0,1
Hadapsar,Kothrud,23,1,1,1978,16861,0,30.687360970677457,0.0,0
Hadapsar,Kothrud,23,1,2,2124,16684,0,28.27796610169492,0.0,0
Hadapsar,Kothrud,7,2,0,2020,15419,0,27.47940594059406,0.0,1
Hadapsar,Kothrud,7,2,1,2185,16861,0,27.78013729977117,0.0,0
Hadapsar,Kothrud,7,2,2,2318,16684,0,25.911302847282144,0.0,0
Hadapsar,Kothrud,9,2,0,2606,15506,0,21.420414428242516,0.0,1
Hadapsar,Kothrud,9,2,1,2727,18111,0,23.90891089108911,0.0,0
Hadapsar,Kothrud,9,2,2,2839,16684,0,21.15618175413878,0.0,0
Hadapsar,Kothrud,11,2,0,2899,15641,0,19.42311141773025,0.0,1
Hadapsar,Kothrud,11,2,1,3046,18111,0,21.404990151017728,0.0,0
Hadapsar,Kothrud,11,2,2,3258,16684,0,18.4353591160221,0.0,0
Hadapsar,Kothrud,13,2,0,2782,15641,0,20.23997124370956,0.0,1
Hadapsar,Kothrud,13,2,1,3065,18111,0,21.27230016313214,0.0,0
Hadapsar,Kothrud,13,2,2,3223,16684,0,18.635556934533046,0.0,0
Hadapsar,Kothrud,15,2,0,2616,15641,0,21.524311926605503,0.0,1
Hadapsar,Kothrud,15,2,1,3063,18111,0,21.28619000979432,0.0,0
Hadapsar,Kothrud,15,2,2,3163,16868,0,19.198482453367056,0.0,0
Hadapsar,Kothrud,17,2,0,3025,15454,0,18.391537190082644,0.0,1
Hadapsar,Kothrud,17,2,1,3466,16684,0,17.32902481246394,0.0,0
Hadapsar,Kothrud,17,2,2,3555,18181,0,18.41113924050633,0.0,0
Hadapsar,Kothrud,19,2,0,3007,15506,0,18.56388427003658,0.0,1
Hadapsar,Kothrud,19,2,1,3267,16684,0,18.384573002754824,0.0,0
Hadapsar,Kothrud,19,2,2,3363,18181,0,19.462265834076717,0.0,0
Hadapsar,Kothrud,21,2,0,2111,15438,0,26.327238275698726,0.0,1
Hadapsar,Kothrud,21,2,1,2278,16861,0,26.646005267778754,0.0,0
Hadapsar,Kothrud,21,2,2,2378,16684,0,25.25752733389403,0.0,0
Hadapsar,Kothrud,23,2,0,1816,15438,0,30.60396475770925,0.0,1
Hadapsar,Kothrud,23,2,1,1978,16861,0,30.687360970677457,0.0,0
Hadapsar,Kothrud,23,2,2,2124,16684,0,28.27796610169492,0.0,0
Hadapsar,Kothrud,7,3,0,1971,15419,0,28.16255707762557,0.0,1
Hadapsar,Kothrud,7,3,1,2105,16861,0,28.835914489311165,0.0,0
Hadapsar,Kothrud,7,3,2,2289,16684,0,26.239580602883354,0.0,0
Hadapsar,Kothrud,9,3,0,2422,15438,0,22.946655656482246,0.0,1
Hadapsar,Kothrud,9,3,1,2453,16861,0,24.74504688136975,0.0,0
Hadapsar,Kothrud,9,3,2,2639,16684,0,22.759530125047366,0.0,0
Hadapsar,Kothrud,11,3,0,2792,15641,0,20.167478510028655,0.0,1
Hadapsar,Kothrud,11,3,1,2863,18111,0,22.7731749912679,0.0,0
Hadapsar,Kothrud,11,3,2,2967,16684,0,20.243478260869566,0.0,0
Hadapsar,Kothrud,13,3,0,2844,15641,0,19.798734177215188,0.0,1
Hadapsar,Kothrud,13,3,1,3010,18111,0,21.660996677740865,0.0,0
Hadapsar,Kothrud,13,3,2,3072,16868,0,19.7671875,0.0,0
Hadapsar,Kothrud,15,3,0,2808,15641,0,20.0525641025641,0.0,1
Hadapsar,Kothrud,15,3,1,3086,18111,0,21.12754374594945,0.0,0
Hadapsar,Kothrud,15,3,2,3095,16868,0,19.620290791599352,0.0,0
Hadapsar,Kothrud,17,3,0,3024,15454,0,18.39761904761905,0.0,1
Hadapsar,Kothrud,17,3,1,3219,18111,0,20.25461323392358,0.0,0
Hadapsar,Kothrud,17,3,2,3276,16684,0,18.334065934065933,0.0,0
Hadapsar,Kothrud,19,3,0,2850,15419,0,19.47663157894737,0.0,1
Hadapsar,Kothrud,19,3,1,2980,18111,0,21.879060402684566,0.0,0
Hadapsar,Kothrud,19,3,2,3010,16684,0,19.954285714285714,0.0,0
Hadapsar,Kothrud,21,3,0,2100,15419,0,26.43257142857143,0.0,1
Hadapsar,Kothrud,21,3,1,2256,16861,0,26.905851063829786,0.0,0
Hadapsar,Kothrud,21,3,2,2360,16684,0,25.450169491525426,0.0,0
Hadapsar,Kothrud,23,3,0,1816,15438,0,30.60396475770925,0.0,1
Hadapsar,Kothrud,23,3,1,1978,16861,0,30.687360970677457,0.0,0
Hadapsar,Kothrud,23,3,2,2124,16684,0,28.27796610169492,0.0,0
Hadapsar,Kothrud,7,4,0,1915,15419,0,28.986109660574414,0.0,1
Hadapsar,Kothrud,7,4,1,2067,16861,0,29.366037735849055,0.0,0
Hadapsar,Kothrud,7,4,2,2225,16684,0,26.994337078651686,0.0,0
Hadapsar,Kothrud,9,4,0,2155,15419,0,25.757958236658933,0.0,1
Hadapsar,Kothrud,9,4,1,2244,16861,0,27.049732620320857,0.0,0
Hadapsar,Kothrud,9,4,2,2437,16684,0,24.646040213377105,0.0,0
Hadapsar,Kothrud,11,4,0,2369,15506,0,23.563360067539048,0.0,1
Hadapsar,Kothrud,11,4,1,2489,16861,0,24.387143431096824,0.0,0
Hadapsar,Kothrud,11,4,2,2717,16684,0,22.106146485093856,0.0,0
Hadapsar,Kothrud,13,4,0,2452,15506,0,22.765742251223493,0.0,1
Hadapsar,Kothrud,13,4,1,2627,16861,0,23.106052531404643,0.0,0
Hadapsar,Kothrud,13,4,2,2850,16684,0,21.074526315789477,0.0,0
Hadapsar,Kothrud,15,4,0,2466,15641,0,22.833576642335764,0.0,1
Hadapsar,Kothrud,15,4,1,2710,18111,0,24.05889298892989,0.0,0
Hadapsar,Kothrud,15,4,2,2923,16868,0,20.774820390010262,0.0,0
Hadapsar,Kothrud,17,4,0,2627,15506,0,21.24918157594214,0.0,1
Hadapsar,Kothrud,17,4,1,2832,18111,0,23.022457627118648,0.0,0
Hadapsar,Kothrud,17,4,2,3032,16684,0,19.809498680738788,0.0,0
Hadapsar,Kothrud,19,4,0,2565,15506,0,21.76280701754386,0.0,1
Hadapsar,Kothrud,19,4,1,2707,18111,0,24.085555966014038,0.0,0
Hadapsar,Kothrud,19,4,2,2858,16684,0,21.015535339398184,0.0,0
Hadapsar,Kothrud,21,4,0,2035,15419,0,27.27685503685504,0.0,1
Hadapsar,Kothrud,21,4,1,2175,16861,0,27.90786206896552,0.0,0
Hadapsar,Kothrud,21,4,2,2328,16684,0,25.800000000000004,0.0,0
Hadapsar,Kothrud,23,4,0,1816,15438,0,30.60396475770925,0.0,1
Hadapsar,Kothrud,23,4,1,1978,16861,0,30.687360970677457,0.0,0
Hadapsar,Kothrud,23,4,2,2124,16684,0,28.27796610169492,0.0,0
Hadapsar,Kothrud,7,5,0,2034,15419,0,27.290265486725666,0.0,1
Hadapsar,Kothrud,7,5,1,2191,16861,0,27.704062072113192,0.0,0
Hadapsar,Kothrud,7,5,2,2327,16684,0,25.81108723678556,0.0,0
Hadapsar,Kothrud,9,5,0,2649,15506,0,21.072706681766704,0.0,1
Hadapsar,Kothrud,9,5,1,2777,18112,0,23.479726323370542,0.0,0
Hadapsar,Kothrud,9,5,2,2865,16684,0,20.964188481675397,0.0,0
Hadapsar,Kothrud,11,5,0,2910,15641,0,19.349690721649484,0.0,1
Hadapsar,Kothrud,11,5,1,3073,18111,0,21.216921575008136,0.0,0
Hadapsar,Kothrud,11,5,2,3276,16684,0,18.334065934065933,0.0,0
Hadapsar,Kothrud,13,5,0,2729,15641,0,20.63305240014657,0.0,1
Hadapsar,Kothrud,13,5,1,2954,18111,0,22.071631685849695,0.0,0
Hadapsar,Kothrud,13,5,2,3204,16684,0,18.746067415730337,0.0,0
Hadapsar,Kothrud,15,5,0,2577,15641,0,21.850058207217696,0.0,1
Hadapsar,Kothrud,15,5,1,2911,18111,0,22.39766403297836,0.0,0
Hadapsar,Kothrud,15,5,2,3159,16868,0,19.22279202279202,0.0,0
Hadapsar,Kothrud,17,5,0,2995,15506,0,18.638263772954925,0.0,1
Hadapsar,Kothrud,17,5,1,3444,18181,0,19.00452961672474,0.0,0
Hadapsar,Kothrud,17,5,2,3578,17090,0,17.195081050866406,0.0,0
Hadapsar,Kothrud,19,5,0,2982,15506,0,18.719517102615693,0.0,1
Hadapsar,Kothrud,19,5,1,3272,16684,0,18.356479217603916,0.0,0
Hadapsar,Kothrud,19,5,2,3324,16861,0,18.26101083032491,0.0,0
Hadapsar,Kothrud,21,5,0,2087,15419,0,26.597220891231434,0.0,1
Hadapsar,Kothrud,21,5,1,2256,16861,0,26.905851063829786,0.0,0
Hadapsar,Kothrud,21,5,2,2381,16684,0,25.225703485930282,0.0,0
Hadapsar,Kothrud,23,5,0,1816,15438,0,30.60396475770925,0.0,1
Hadapsar,Kothrud,23,5,1,1978,16861,0,30.687360970677457,0.0,0
Hadapsar,Kothrud,23,5,2,2124,16684,0,28.27796610169492,0.0,0
Hadapsar,Kothrud,7,6,0,2050,15419,0,27.07726829268293,0.0,1
Hadapsar,Kothrud,7,6,1,2226,16861,0,27.26846361185984,0.0,0
Hadapsar,Kothrud,7,6,2,2358,16684,0,25.47175572519084,0.0,0
Hadapsar,Kothrud,9,6,0,2719,15506,0,20.530194924604633,0.0,1
Hadapsar,Kothrud,9,6,1,2940,16861,0,20.646122448979593,0.0,0
Hadapsar,Kothrud,9,6,2,2964,16684,0,20.26396761133603,0.0,0
Hadapsar,Kothrud,11,6,0,3015,15641,0,18.67582089552239,0.0,1
Hadapsar,Kothrud,11,6,1,3281,18111,0,19.871868332825358,0.0,0
Hadapsar,Kothrud,11,6,2,3382,16684,0,17.759432288586638,0.0,0
Hadapsar,Kothrud,13,6,0,2791,15641,0,20.174704407022574,0.0,1
Hadapsar,Kothrud,13,6,1,3092,18111,0,21.08654592496766,0.0,0
Hadapsar,Kothrud,13,6,2,3238,16684,0,18.54922791846819,0.0,0
Hadapsar,Kothrud,15,6,0,2646,15641,0,21.280272108843537,0.0,1
Hadapsar,Kothrud,15,6,1,3051,18111,0,21.369911504424778,0.0,0
Hadapsar,Kothrud,15,6,2,3193,16684,0,18.81064829314125,0.0,0
Hadapsar,Kothrud,17,6,0,3104,15454,0,17.923453608247424,0.0,1
Hadapsar,Kothrud,17,6,1,3544,16684,0,16.94762979683973,0.0,0
Hadapsar,Kothrud,17,6,2,3680,17307,0,16.930760869565216,0.0,0
Hadapsar,Kothrud,19,6,0,3041,15506,0,18.35633015455442,0.0,1
Hadapsar,Kothrud,19,6,1,3303,16684,0,18.184196185286105,0.0,0
Hadapsar,Kothrud,19,6,2,3412,16861,0,17.790035169988275,0.0,0
Hadapsar,Kothrud,21,6,0,2096,15419,0,26.483015267175574,0.0,1
Hadapsar,Kothrud,21,6,1,2273,16861,0,26.70461944566652,0.0,0
Hadapsar,Kothrud,21,6,2,2373,16684,0,25.310745891276866,0.0,0
Hadapsar,Kothrud,23,6,0,1816,15438,0,30.60396475770925,0.0,1
Hadapsar,Kothrud,23,6,1,1978,16861,0,30.687360970677457,0.0,0
Hadapsar,Kothrud,23,6,2,2124,16684,0,28.27796610169492,0.0,0
Hadapsar,Kothrud,7,0,0,2028,15419,0,27.371005917159763,0.0,1
Hadapsar,Kothrud,7,0,1,2224,16861,0,27.292985611510794,0.0,0
Hadapsar,Kothrud,7,0,2,2349,16684,0,25.569348659003833,0.0,0
Hadapsar,Kothrud,9,0,0,2647,15506,0,21.088628636191913,0.0,1
Hadapsar,Kothrud,9,0,1,2917,18111,0,22.351594103531028,0.0,0
Hadapsar,Kothrud,9,0,2,2934,16684,0,20.471165644171784,0.0,0
Hadapsar,Kothrud,11,0,0,2929,15641,0,19.224172072379652,0.0,1
Hadapsar,Kothrud,11,0,1,3251,18111,0,20.055244540141498,0.0,0
Hadapsar,Kothrud,11,0,2,3355,16684,0,17.902354694485844,0.0,0
Hadapsar,Kothrud,13,0,0,2763,15641,0,20.37915309446254,0.0,1
Hadapsar,Kothrud,13,0,1,3065,18111,0,21.27230016313214,0.0,0
Hadapsar,Kothrud,13,0,2,3239,16684,0,18.543501080580427,0.0,0
Hadapsar,Kothrud,15,0,0,2620,15641,0,21.49145038167939,0.0,1
Hadapsar,Kothrud,15,0,1,3009,18111,0,21.668195413758724,0.0,0
Hadapsar,Kothrud,15,0,2,3211,16868,0,18.911491747119275,0.0,0
Hadapsar,Kothrud,17,0,0,3060,15454,0,18.181176470588237,0.0,1
Hadapsar,Kothrud,17,0,1,3566,16684,0,16.843073471676952,0.0,0
Hadapsar,Kothrud,17,0,2,3629,17307,0,17.168696610636538,0.0,0
Hadapsar,Kothrud,19,0,0,3015,15506,0,18.51462686567164,0.0,1
Hadapsar,Kothrud,19,0,1,3314,16684,0,18.123838261919133,0.0,0
Hadapsar,Kothrud,19,0,2,3449,16861,0,17.5991881704842,0.0,0
Hadapsar,Kothrud,21,0,0,2103,15419,0,26.394864479315267,0.0,1
Hadapsar,Kothrud,21,0,1,2277,16861,0,26.657707509881426,0.0,0
Hadapsar,Kothrud,21,0,2,2378,16684,0,25.25752733389403,0.0,0
Hadapsar,Kothrud,23,0,0,1816,15438,0,30.60396475770925,0.0,1
Hadapsar,Kothrud,23,0,1,1978,16861,0,30.687360970677457,0.0,0
Hadapsar,Kothrud,23,0,2,2124,16684,0,28.27796610169492,0.0,0
Hadapsar,Kothrud,7,1,0,2023,15419,0,27.438655462184872,0.0,1
Hadapsar,Kothrud,7,1,1,2190,16861,0,27.716712328767127,0.0,0
Hadapsar,Kothrud,7,1,2,2325,16684,0,25.833290322580645,0.0,0
Hadapsar,Kothrud,9,1,0,2626,15641,0,21.44234577303884,0.0,1
Hadapsar,Kothrud,9,1,1,2781,18111,0,23.44466019417476,0.0,0
Hadapsar,Kothrud,9,1,2,2865,16684,0,20.964188481675397,0.0,0
Hadapsar,Kothrud,11,1,0,2924,15641,0,19.25704514363885,0.0,1
Hadapsar,Kothrud,11,1,1,3096,18111,0,21.059302325581395,0.0,0
Hadapsar,Kothrud,11,1,2,3266,16684,0,18.390202082057563,0.0,0
Hadapsar,Kothrud,13,1,0,2747,15641,0,20.49785220240262,0.0,1
Hadapsar,Kothrud,13,1,1,3013,18111,0,21.639429140391634,0.0,0
Hadapsar,Kothrud,13,1,2,3187,16684,0,18.846062127392532,0.0,0
Hadapsar,Kothrud,15,1,0,2598,15641,0,21.673441108545035,0.0,1
Hadapsar,Kothrud,15,1,1,2970,18111,0,21.952727272727273,0.0,0
Hadapsar,Kothrud,15,1,2,3147,16868,0,19.296091515729266,0.0,0
Hadapsar,Kothrud,17,1,0,3011,15454,0,18.477050813683164,0.0,1
Hadapsar,Kothrud,17,1,1,3468,16684,0,17.319031141868514,0.0,0
Hadapsar,Kothrud,17,1,2,3489,18181,0,18.759415305245057,0.0,0
Hadapsar,Kothrud,19,1,0,2977,15506,0,18.750957339603627,0.0,1
Hadapsar,Kothrud,19,1,1,3259,16684,0,18.429702362687944,0.0,0
Hadapsar,Kothrud,19,1,2,3308,16861,0,18.34933494558646,0.0,0
Hadapsar,Kothrud,21,1,0,2094,15419,0,26.508309455587394,0.0,1
Hadapsar,Kothrud,21,1,1,2264,16861,0,26.81077738515901,0.0,0
Hadapsar,Kothrud,21,1,2,2374,16684,0,25.300084245998313,0.0,0
Hadapsar,Kothrud,23,1,0,1816,15438,0,30.60396475770925,0.0,1
Hadapsar,Kothrud,23,1,1,1978,16861,0,30.687360970677457,0.0,0
Hadapsar,Kothrud,23,1,2,2124,16684,0,28.27796610169492,0.0,0
Hadapsar,Kothrud,7,2,0,2020,15419,0,27.47940594059406,0.0,1
Hadapsar,Kothrud,7,2,1,2185,16861,0,27.78013729977117,0.0,0
Hadapsar,Kothrud,7,2,2,2318,16684,0,25.911302847282144,0.0,0
Hadapsar,Kothrud,9,2,0,2606,15506,0,21.420414428242516,0.0,1
Hadapsar,Kothrud,9,2,1,2727,18111,0,23.90891089108911,0.0,0
Hadapsar,Kothrud,9,2,2,2839,16684,0,21.15618175413878,0.0,0
Hadapsar,Kothrud,11,2,0,2899,15641,0,19.42311141773025,0.0,1
Hadapsar,Kothrud,11,2,1,3046,18111,0,21.404990151017728,0.0,0
Hadapsar,Kothrud,11,2,2,3258,16684,0,18.4353591160221,0.0,0
Hadapsar,Kothrud,13,2,0,2782,15641,0,20.23997124370956,0.0,1
Hadapsar,Kothrud,13,2,1,3065,18111,0,21.27230016313214,0.0,0
Hadapsar,Kothrud,13,2,2,3223,16684,0,18.635556934533046,0.0,0
Hadapsar,Kothrud,15,2,0,2616,15641,0,21.524311926605503,0.0,1
Hadapsar,Kothrud,15,2,1,3063,18111,0,21.28619000979432,0.0,0
Hadapsar,Kothrud,15,2,2,3163,16868,0,19.198482453367056,0.0,0
Hadapsar,Kothrud,17,2,0,3025,15454,0,18.391537190082644,0.0,1
Hadapsar,Kothrud,17,2,1,3466,16684,0,17.32902481246394,0.0,0
Hadapsar,Kothrud,17,2,2,3555,18181,0,18.41113924050633,0.0,0
Hadapsar,Kothrud,19,2,0,3007,15506,0,18.56388427003658,0.0,1
Hadapsar,Kothrud,19,2,1,3267,16684,0,18.384573002754824,0.0,0
Hadapsar,Kothrud,19,2,2,3363,18181,0,19.462265834076717,0.0,0
Hadapsar,Kothrud,21,2,0,2111,15438,0,26.327238275698726,0.0,1
Hadapsar,Kothrud,21,2,1,2278,16861,0,26.646005267778754,0.0,0
Hadapsar,Kothrud,21,2,2,2378,16684,0,25.25752733389403,0.0,0
Hadapsar,Kothrud,23,2,0,1816,15438,0,30.60396475770925,0.0,1
Hadapsar,Kothrud,23,2,1,1978,16861,0,30.687360970677457,0.0,0
Hadapsar,Kothrud,23,2,2,2124,16684,0,28.27796610169492,0.0,0
Hadapsar,Kothrud,7,3,0,1971,15419,0,28.16255707762557,0.0,1
Hadapsar,Kothrud,7,3,1,2105,16861,0,28.835914489311165,0.0,0
Hadapsar,Kothrud,7,3,2,2289,16684,0,26.239580602883354,0.0,0
Hadapsar,Kothrud,9,3,0,2422,15438,0,22.946655656482246,0.0,1
Hadapsar,Kothrud,9,3,1,2453,16861,0,24.74504688136975,0.0,0
Hadapsar,Kothrud,9,3,2,2639,16684,0,22.759530125047366,0.0,0
Hadapsar,Kothrud,11,3,0,2792,15641,0,20.167478510028655,0.0,1
Hadapsar,Kothrud,11,3,1,2863,18111,0,22.7731749912679,0.0,0
Hadapsar,Kothrud,11,3,2,2967,16684,0,20.243478260869566,0.0,0
Hadapsar,Kothrud,13,3,0,2844,15641,0,19.798734177215188,0.0,1
Hadapsar,Kothrud,13,3,1,3010,18111,0,21.660996677740865,0.0,0
Hadapsar,Kothrud,13,3,2,3072,16868,0,19.7671875,0.0,0
Hadapsar,Kothrud,15,3,0,2808,15641,0,20.0525641025641,0.0,1
Hadapsar,Kothrud,15,3,1,3086,18111,0,21.12754374594945,0.0,0
Hadapsar,Kothrud,15,3,2,3095,16868,0,19.620290791599352,0.0,0
Hadapsar,Kothrud,17,3,0,3024,15454,0,18.39761904761905,0.0,1
Hadapsar,Kothrud,17,3,1,3219,18111,0,20.25461323392358,0.0,0
Hadapsar,Kothrud,17,3,2,3276,16684,0,18.334065934065933,0.0,0
Hadapsar,Kothrud,19,3,0,2850,15419,0,19.47663157894737,0.0,1
Hadapsar,Kothrud,19,3,1,2980,18111,0,21.879060402684566,0.0,0
Hadapsar,Kothrud,19,3,2,3010,16684,0,19.954285714285714,0.0,0
Hadapsar,Kothrud,21,3,0,2100,15419,0,26.43257142857143,0.0,1
Hadapsar,Kothrud,21,3,1,2256,16861,0,26.905851063829786,0.0,0
Hadapsar,Kothrud,21,3,2,2360,16684,0,25.450169491525426,0.0,0
Hadapsar,Kothrud,23,3,0,1816,15438,0,30.60396475770925,0.0,1
Hadapsar,Kothrud,23,3,1,1978,16861,0,30.687360970677457,0.0,0
Hadapsar,Kothrud,23,3,2,2124,16684,0,28.27796610169492,0.0,0
Hadapsar,Kothrud,7,4,0,1915,15419,0,28.986109660574414,0.0,1
Hadapsar,Kothrud,7,4,1,2067,16861,0,29.366037735849055,0.0,0
Hadapsar,Kothrud,7,4,2,2225,16684,0,26.994337078651686,0.0,0
Hadapsar,Kothrud,9,4,0,2155,15419,0,25.757958236658933,0.0,1
Hadapsar,Kothrud,9,4,1,2244,16861,0,27.049732620320857,0.0,0
Hadapsar,Kothrud,9,4,2,2437,16684,0,24.646040213377105,0.0,0
Hadapsar,Kothrud,11,4,0,2369,15506,0,23.563360067539048,0.0,1
Hadapsar,Kothrud,11,4,1,2489,16861,0,24.387143431096824,0.0,0
Hadapsar,Kothrud,11,4,2,2717,16684,0,22.106146485093856,0.0,0
Hadapsar,Kothrud,13,4,0,2452,15506,0,22.765742251223493,0.0,1
Hadapsar,Kothrud,13,4,1,2627,16861,0,23.106052531404643,0.0,0
Hadapsar,Kothrud,13,4,2,2850,16684,0,21.074526315789477,0.0,0
Hadapsar,Kothrud,15,4,0,2466,15641,0,22.833576642335764,0.0,1
Hadapsar,Kothrud,15,4,1,2710,18111,0,24.05889298892989,0.0,0
Hadapsar,Kothrud,15,4,2,2923,16868,0,20.774820390010262,0.0,0
Hadapsar,Kothrud,17,4,0,2627,15506,0,21.24918157594214,0.0,1
Hadapsar,Kothrud,17,4,1,2832,18111,0,23.022457627118648,0.0,0
Hadapsar,Kothrud,17,4,2,3032,16684,0,19.809498680738788,0.0,0
Hadapsar,Kothrud,19,4,0,2565,15506,0,21.76280701754386,0.0,1
Hadapsar,Kothrud,19,4,1,2707,18111,0,24.085555966014038,0.0,0
Hadapsar,Kothrud,19,4,2,2858,16684,0,21.015535339398184,0.0,0
Hadapsar,Kothrud,21,4,0,2035,15419,0,27.27685503685504,0.0,1
Hadapsar,Kothrud,21,4,1,2175,16861,0,27.90786206896552,0.0,0
Hadapsar,Kothrud,21,4,2,2328,16684,0,25.800000000000004,0.0,0
Hadapsar,Kothrud,23,4,0,1816,15438,0,30.60396475770925,0.0,1
Hadapsar,Kothrud,23,4,1,1978,16861,0,30.687360970677457,0.0,0
Hadapsar,Kothrud,23,4,2,2124,16684,0,28.27796610169492,0.0,0
Hadapsar,Kothrud,7,5,0,2034,15419,0,27.290265486725666,0.0,1
Hadapsar,Kothrud,7,5,1,2191,16861,0,27.704062072113192,0.0,0
Hadapsar,Kothrud,7,5,2,2327,16684,0,25.81108723678556,0.0,0
Hadapsar,Kothrud,9,5,0,2649,15506,0,21.072706681766704,0.0,1
Hadapsar,Kothrud,9,5,1,2777,18112,0,23.479726323370542,0.0,0
Hadapsar,Kothrud,9,5,2,2865,16684,0,20.964188481675397,0.0,0
Hadapsar,Kothrud,11,5,0,2910,15641,0,19.349690721649484,0.0,1
Hadapsar,Kothrud,11,5,1,3073,18111,0,21.216921575008136,0.0,0
Hadapsar,Kothrud,11,5,2,3276,16684,0,18.334065934065933,0.0,0
Hadapsar,Kothrud,13,5,0,2729,15641,0,20.63305240014657,0.0,1
Hadapsar,Kothrud,13,5,1,2954,18111,0,22.071631685849695,0.0,0
Hadapsar,Kothrud,13,5,2,3204,16684,0,18.746067415730337,0.0,0
Hadapsar,Kothrud,15,5,0,2577,15641,0,21.850058207217696,0.0,1
Hadapsar,Kothrud,15,5,1,2911,18111,0,22.39766403297836,0.0,0
Hadapsar,Kothrud,15,5,2,3159,16868,0,19.22279202279202,0.0,0
Hadapsar,Kothrud,17,5,0,2995,15506,0,18.638263772954925,0.0,1
Hadapsar,Kothrud,17,5,1,3444,18181,0,19.00452961672474,0.0,0
Hadapsar,Kothrud,17,5,2,3578,17090,0,17.195081050866406,0.0,0
Hadapsar,Kothrud,19,5,0,2982,15506,0,18.719517102615693,0.0,1
Hadapsar,Kothrud,19,5,1,3272,16684,0,18.356479217603916,0.0,0
Hadapsar,Kothrud,19,5,2,3324,16861,0,18.26101083032491,0.0,0
Hadapsar,Kothrud,21,5,0,2087,15419,0,26.597220891231434,0.0,1
Hadapsar,Kothrud,21,5,1,2256,16861,0,26.905851063829786,0.0,0
Hadapsar,Kothrud,21,5,2,2381,16684,0,25.225703485930282,0.0,0
Hadapsar,Kothrud,23,5,0,1816,15438,0,30.60396475770925,0.0,1
Hadapsar,Kothrud,23,5,1,1978,16861,0,30.687360970677457,0.0,0
Hadapsar,Kothrud,23,5,2,2124,16684,0,28.27796610169492,0.0,0
Hadapsar,Kothrud,7,6,0,2050,15419,0,27.07726829268293,0.0,1
Hadapsar,Kothrud,7,6,1,2226,16861,0,27.26846361185984,0.0,0
Hadapsar,Kothrud,7,6,2,2358,16684,0,25.47175572519084,0.0,0
Hadapsar,Kothrud,9,6,0,2719,15506,0,20.530194924604633,0.0,1
Hadapsar,Kothrud,9,6,1,2940,16861,0,20.646122448979593,0.0,0
Hadapsar,Kothrud,9,6,2,2964,16684,0,20.26396761133603,0.0,0
Hadapsar,Kothrud,11,6,0,3015,15641,0,18.67582089552239,0.0,1
Hadapsar,Kothrud,11,6,1,3281,18111,0,19.871868332825358,0.0,0
Hadapsar,Kothrud,11,6,2,3382,16684,0,17.759432288586638,0.0,0
Hadapsar,Kothrud,13,6,0,2791,15641,0,20.174704407022574,0.0,1
Hadapsar,Kothrud,13,6,1,3092,18111,0,21.08654592496766,0.0,0
Hadapsar,Kothrud,13,6,2,3238,16684,0,18.54922791846819,0.0,0
Hadapsar,Kothrud,15,6,0,2646,15641,0,21.280272108843537,0.0,1
Hadapsar,Kothrud,15,6,1,3051,18111,0,21.369911504424778,0.0,0
Hadapsar,Kothrud,15,6,2,3193,16684,0,18.81064829314125,0.0,0
Hadapsar,Kothrud,17,6,0,3104,15454,0,17.923453608247424,0.0,1
Hadapsar,Kothrud,17,6,1,3544,16684,0,16.94762979683973,0.0,0
Hadapsar,Kothrud,17,6,2,3680,17307,0,16.930760869565216,0.0,0
Hadapsar,Kothrud,19,6,0,3041,15506,0,18.35633015455442,0.0,1
Hadapsar,Kothrud,19,6,1,3303,16684,0,18.184196185286105,0.0,0
Hadapsar,Kothrud,19,6,2,3412,16861,0,17.790035169988275,0.0,0
Hadapsar,Kothrud,21,6,0,2096,15419,0,26.483015267175574,0.0,1
Hadapsar,Kothrud,21,6,1,2273,16861,0,26.70461944566652,0.0,0
Hadapsar,Kothrud,21,6,2,2373,16684,0,25.310745891276866,0.0,0
Hadapsar,Kothrud,23,6,0,1816,15438,0,30.60396475770925,0.0,1
Hadapsar,Kothrud,23,6,1,1978,16861,0,30.687360970677457,0.0,0
Hadapsar,Kothrud,23,6,2,2124,16684,0,28.27796610169492,0.0,0
Hadapsar,Kothrud,7,0,0,2028,15419,0,27.371005917159763,0.0,1
Hadapsar,Kothrud,7,0,1,2224,16861,0,27.292985611510794,0.0,0
Hadapsar,Kothrud,7,0,2,2349,16684,0,25.569348659003833,0.0,0
Hadapsar,Kothrud,9,0,0,2647,15506,0,21.088628636191913,0.0,1
Hadapsar,Kothrud,9,0,1,2917,18111,0,22.351594103531028,0.0,0
Hadapsar,Kothrud,9,0,2,2934,16684,0,20.471165644171784,0.0,0
Hadapsar,Kothrud,11,0,0,2929,15641,0,19.224172072379652,0.0,1
Hadapsar,Kothrud,11,0,1,3251,18111,0,20.055244540141498,0.0,0
Hadapsar,Kothrud,11,0,2,3355,16684,0,17.902354694485844,0.0,0
Hadapsar,Kothrud,13,0,0,2763,15641,0,20.37915309446254,0.0,1
Hadapsar,Kothrud,13,0,1,3065,18111,0,21.27230016313214,0.0,0
Hadapsar,Kothrud,13,0,2,3239,16684,0,18.543501080580427,0.0,0
Hadapsar,Kothrud,15,0,0,2620,15641,0,21.49145038167939,0.0,1
Hadapsar,Kothrud,15,0,1,3009,18111,0,21.668195413758724,0.0,0
Hadapsar,Kothrud,15,0,2,3211,16868,0,18.911491747119275,0.0,0
Hadapsar,Kothrud,17,0,0,3060,15454,0,18.181176470588237,0.0,1
Hadapsar,Kothrud,17,0,1,3566,16684,0,16.843073471676952,0.0,0
Hadapsar,Kothrud,17,0,2,3629,17307,0,17.168696610636538,0.0,0
Hadapsar,Kothrud,19,0,0,3015,15506,0,18.51462686567164,0.0,1
Hadapsar,Kothrud,19,0,1,3314,16684,0,18.123838261919133,0.0,0
Hadapsar,Kothrud,19,0,2,3449,16861,0,17.5991881704842,0.0,0
Hadapsar,Kothrud,21,0,0,2103,15419,0,26.394864479315267,0.0,1
Hadapsar,Kothrud,21,0,1,2277,16861,0,26.657707509881426,0.0,0
Hadapsar,Kothrud,21,0,2,2378,16684,0,25.25752733389403,0.0,0
Hadapsar,Kothrud,23,0,0,1816,15438,0,30.60396475770925,0.0,1
Hadapsar,Kothrud,23,0,1,1978,16861,0,30.687360970677457,0.0,0
Hadapsar,Kothrud,23,0,2,2124,16684,0,28.27796610169492,0.0,0
Hadapsar,Kothrud,7,1,0,2023,15419,0,27.438655462184872,0.0,1
Hadapsar,Kothrud,7,1,1,2190,16861,0,27.716712328767127,0.0,0
Hadapsar,Kothrud,7,1,2,2325,16684,0,25.833290322580645,0.0,0
Hadapsar,Kothrud,9,1,0,2626,15641,0,21.44234577303884,0.0,1
Hadapsar,Kothrud,9,1,1,2781,18111,0,23.44466019417476,0.0,0
Hadapsar,Kothrud,9,1,2,2865,16684,0,20.964188481675397,0.0,0
Hadapsar,Kothrud,11,1,0,2924,15641,0,19.25704514363885,0.0,1
Hadapsar,Kothrud,11,1,1,3096,18111,0,21.059302325581395,0.0,0
Hadapsar,Kothrud,11,1,2,3266,16684,0,18.390202082057563,0.0,0
Hadapsar,Kothrud,13,1,0,2747,15641,0,20.49785220240262,0.0,1
Hadapsar,Kothrud,13,1,1,3013,18111,0,21.639429140391634,0.0,0
Hadapsar,Kothrud,13,1,2,3187,16684,0,18.846062127392532,0.0,0
Hadapsar,Kothrud,15,1,0,2598,15641,0,21.673441108545035,0.0,1
Hadapsar,Kothrud,15,1,1,2970,18111,0,21.952727272727273,0.0,0
Hadapsar,Kothrud,15,1,2,3147,16868,0,19.296091515729266,0.0,0
Hadapsar,Kothrud,17,1,0,3011,15454,0,18.477050813683164,0.0,1
Hadapsar,Kothrud,17,1,1,3468,16684,0,17.319031141868514,0.0,0
Hadapsar,Kothrud,17,1,2,3489,18181,0,18.759415305245057,0.0,0
Hadapsar,Kothrud,19,1,0,2977,15506,0,18.750957339603627,0.0,1
Hadapsar,Kothrud,19,1,1,3259,16684,0,18.429702362687944,0.0,0
Hadapsar,Kothrud,19,1,2,3308,16861,0,18.34933494558646,0.0,0
Hadapsar,Kothrud,21,1,0,2094,15419,0,26.508309455587394,0.0,1
Hadapsar,Kothrud,21,1,1,2264,16861,0,26.81077738515901,0.0,0
Hadapsar,Kothrud,21,1,2,2374,16684,0,25.300084245998313,0.0,0
Hadapsar,Kothrud,23,1,0,1816,15438,0,30.60396475770925,0.0,1
Hadapsar,Kothrud,23,1,1,1978,16861,0,30.687360970677457,0.0,0
Hadapsar,Kothrud,23,1,2,2124,16684,0,28.27796610169492,0.0,0
Hadapsar,Kothrud,7,2,0,2020,15419,0,27.47940594059406,0.0,1
Hadapsar,Kothrud,7,2,1,2185,16861,0,27.78013729977117,0.0,0
Hadapsar,Kothrud,7,2,2,2318,16684,0,25.911302847282144,0.0,0
Hadapsar,Kothrud,9,2,0,2606,15506,0,21.420414428242516,0.0,1
Hadapsar,Kothrud,9,2,1,2727,18111,0,23.90891089108911,0.0,0
Hadapsar,Kothrud,9,2,2,2839,16684,0,21.15618175413878,0.0,0
Hadapsar,Kothrud,11,2,0,2899,15641,0,19.42311141773025,0.0,1
Hadapsar,Kothrud,11,2,1,3046,18111,0,21.404990151017728,0.0,0
Hadapsar,Kothrud,11,2,2,3258,16684,0,18.4353591160221,0.0,0
Hadapsar,Kothrud,13,2,0,2782,15641,0,20.23997124370956,0.0,1
Hadapsar,Kothrud,13,2,1,3065,18111,0,21.27230016313214,0.0,0
Hadapsar,Kothrud,13,2,2,3223,16684,0,18.635556934533046,0.0,0
Hadapsar,Kothrud,15,2,0,2616,15641,0,21.524311926605503,0.0,1
Hadapsar,Kothrud,15,2,1,3063,18111,0,21.28619000979432,0.0,0
Hadapsar,Kothrud,15,2,2,3163,16868,0,19.198482453367056,0.0,0
Hadapsar,Kothrud,17,2,0,3025,15454,0,18.391537190082644,0.0,1
Hadapsar,Kothrud,17,2,1,3466,16684,0,17.32902481246394,0.0,0
Hadapsar,Kothrud,17,2,2,3555,18181,0,18.41113924050633,0.0,0
Hadapsar,Kothrud,19,2,0,3007,15506,0,18.56388427003658,0.0,1
Hadapsar,Kothrud,19,2,1,3267,16684,0,18.384573002754824,0.0,0
Hadapsar,Kothrud,19,2,2,3363,18181,0,19.462265834076717,0.0,0
Hadapsar,Kothrud,21,2,0,2111,15438,0,26.327238275698726,0.0,1
Hadapsar,Kothrud,21,2,1,2278,16861,0,26.646005267778754,0.0,0
Hadapsar,Kothrud,21,2,2,2378,16684,0,25.25752733389403,0.0,0
Hadapsar,Kothrud,23,2,0,1816,15438,0,30.60396475770925,0.0,1
Hadapsar,Kothrud,23,2,1,1978,16861,0,30.687360970677457,0.0,0
Hadapsar,Kothrud,23,2,2,2124,16684,0,28.27796610169492,0.0,0
Hadapsar,Kothrud,7,3,0,1971,15419,0,28.16255707762557,0.0,1
Hadapsar,Kothrud,7,3,1,2105,16861,0,28.835914489311165,0.0,0
Hadapsar,Kothrud,7,3,2,2289,16684,0,26.239580602883354,0.0,0
Hadapsar,Kothrud,9,3,0,2422,15438,0,22.946655656482246,0.0,1
Hadapsar,Kothrud,9,3,1,2453,16861,0,24.74504688136975,0.0,0
Hadapsar,Kothrud,9,3,2,2639,16684,0,22.759530125047366,0.0,0
Hadapsar,Kothrud,11,3,0,2792,15641,0,20.167478510028655,0.0,1
Hadapsar,Kothrud,11,3,1,2863,18111,0,22.7731749912679,0.0,0
Hadapsar,Kothrud,11,3,2,2967,16684,0,20.243478260869566,0.0,0
Hadapsar,Kothrud,13,3,0,2844,15641,0,19.798734177215188,0.0,1
Hadapsar,Kothrud,13,3,1,3010,18111,0,21.660996677740865,0.0,0
Hadapsar,Kothrud,13,3,2,3072,16868,0,19.7671875,0.0,0
Hadapsar,Kothrud,15,3,0,2808,15641,0,20.0525641025641,0.0,1
Hadapsar,Kothrud,15,3,1,3086,18111,0,21.12754374594945,0.0,0
Hadapsar,Kothrud,15,3,2,3095,16868,0,19.620290791599352,0.0,0
Hadapsar,Kothrud,17,3,0,3024,15454,0,18.39761904761905,0.0,1
Hadapsar,Kothrud,17,3,1,3219,18111,0,20.25461323392358,0.0,0
Hadapsar,Kothrud,17,3,2,3276,16684,0,18.334065934065933,0.0,0
Hadapsar,Kothrud,19,3,0,2850,15419,0,19.47663157894737,0.0,1
Hadapsar,Kothrud,19,3,1,2980,18111,0,21.879060402684566,0.0,0
Hadapsar,Kothrud,19,3,2,3010,16684,0,19.954285714285714,0.0,0
Hadapsar,Kothrud,21,3,0,2100,15419,0,26.43257142857143,0.0,1
Hadapsar,Kothrud,21,3,1,2256,16861,0,26.905851063829786,0.0,0
Hadapsar,Kothrud,21,3,2,2360,16684,0,25.450169491525426,0.0,0
Hadapsar,Kothrud,23,3,0,1816,15438,0,30.60396475770925,0.0,1
Hadapsar,Kothrud,23,3,1,1978,16861,0,30.687360970677457,0.0,0
Hadapsar,Kothrud,23,3,2,2124,16684,0,28.27796610169492,0.0,0
Hadapsar,Kothrud,7,4,0,1915,15419,0,28.986109660574414,0.0,1
Hadapsar,Kothrud,7,4,1,2067,16861,0,29.366037735849055,0.0,0
Hadapsar,Kothrud,7,4,2,2225,16684,0,26.994337078651686,0.0,0
Hadapsar,Kothrud,9,4,0,2155,15419,0,25.757958236658933,0.0,1
Hadapsar,Kothrud,9,4,1,2244,16861,0,27.049732620320857,0.0,0
Hadapsar,Kothrud,9,4,2,2437,16684,0,24.646040213377105,0.0,0
Hadapsar,Kothrud,11,4,0,2369,15506,0,23.563360067539048,0.0,1
Hadapsar,Kothrud,11,4,1,2489,16861,0,24.387143431096824,0.0,0
Hadapsar,Kothrud,11,4,2,2717,16684,0,22.106146485093856,0.0,0
Hadapsar,Kothrud,13,4,0,2452,15506,0,22.765742251223493,0.0,1
Hadapsar,Kothrud,13,4,1,2627,16861,0,23.106052531404643,0.0,0
Hadapsar,Kothrud,13,4,2,2850,16684,0,21.074526315789477,0.0,0
Hadapsar,Kothrud,15,4,0,2466,15641,0,22.833576642335764,0.0,1
Hadapsar,Kothrud,15,4,1,2710,18111,0,24.05889298892989,0.0,0
Hadapsar,Kothrud,15,4,2,2923,16868,0,20.774820390010262,0.0,0
Hadapsar,Kothrud,17,4,0,2627,15506,0,21.24918157594214,0.0,1
Hadapsar,Kothrud,17,4,1,2832,18111,0,23.022457627118648,0.0,0
Hadapsar,Kothrud,17,4,2,3032,16684,0,19.809498680738788,0.0,0
Hadapsar,Kothrud,19,4,0,2565,15506,0,21.76280701754386,0.0,1
Hadapsar,Kothrud,19,4,1,2707,18111,0,24.085555966014038,0.0,0
Hadapsar,Kothrud,19,4,2,2858,16684,0,21.015535339398184,0.0,0
Hadapsar,Kothrud,21,4,0,2035,15419,0,27.27685503685504,0.0,1
Hadapsar,Kothrud,21,4,1,2175,16861,0,27.90786206896552,0.0,0
Hadapsar,Kothrud,21,4,2,2328,16684,0,25.800000000000004,0.0,0
Hadapsar,Kothrud,23,4,0,1816,15438,0,30.60396475770925,0.0,1
Hadapsar,Kothrud,23,4,1,1978,16861,0,30.687360970677457,0.0,0
Hadapsar,Kothrud,23,4,2,2124,16684,0,28.27796610169492,0.0,0
Hadapsar,Kothrud,7,5,0,2034,15419,0,27.290265486725666,0.0,1
Hadapsar,Kothrud,7,5,1,2191,16861,0,27.704062072113192,0.0,0
Hadapsar,Kothrud,7,5,2,2327,16684,0,25.81108723678556,0.0,0
Hadapsar,Kothrud,9,5,0,2649,15506,0,21.072706681766704,0.0,1
Hadapsar,Kothrud,9,5,1,2777,18112,0,23.479726323370542,0.0,0
Hadapsar,Kothrud,9,5,2,2865,16684,0,20.964188481675397,0.0,0
Hadapsar,Kothrud,11,5,0,2910,15641,0,19.349690721649484,0.0,1
Hadapsar,Kothrud,11,5,1,3073,18111,0,21.216921575008136,0.0,0
Hadapsar,Kothrud,11,5,2,3276,16684,0,18.334065934065933,0.0,0
Hadapsar,Kothrud,13,5,0,2729,15641,0,20.63305240014657,0.0,1
Hadapsar,Kothrud,13,5,1,2954,18111,0,22.071631685849695,0.0,0
Hadapsar,Kothrud,13,5,2,3204,16684,0,18.746067415730337,0.0,0
Hadapsar,Kothrud,15,5,0,2577,15641,0,21.850058207217696,0.0,1
Hadapsar,Kothrud,15,5,1,2911,18111,0,22.39766403297836,0.0,0
Hadapsar,Kothrud,15,5,2,3159,16868,0,19.22279202279202,0.0,0
Hadapsar,Kothrud,17,5,0,2995,15506,0,18.638263772954925,0.0,1
Hadapsar,Kothrud,17,5,1,3444,18181,0,19.00452961672474,0.0,0
Hadapsar,Kothrud,17,5,2,3578,17090,0,17.195081050866406,0.0,0
Hadapsar,Kothrud,19,5,0,2982,15506,0,18.719517102615693,0.0,1
Hadapsar,Kothrud,19,5,1,3272,16684,0,18.356479217603916,0.0,0
Hadapsar,Kothrud,19,5,2,3324,16861,0,18.26101083032491,0.0,0
Hadapsar,Kothrud,21,5,0,2087,15419,0,26.597220891231434,0.0,1
Hadapsar,Kothrud,21,5,1,2256,16861,0,26.905851063829786,0.0,0
Hadapsar,Kothrud,21,5,2,2381,16684,0,25.225703485930282,0.0,0
Hadapsar,Kothrud,23,5,0,1816,15438,0,30.60396475770925,0.0,1
Hadapsar,Kothrud,23,5,1,1978,16861,0,30.687360970677457,0.0,0
Hadapsar,Kothrud,23,5,2,2124,16684,0,28.27796610169492,0.0,0
Hadapsar,Kothrud,7,6,0,2050,15419,0,27.07726829268293,0.0,1
Hadapsar,Kothrud,7,6,1,2226,16861,0,27.26846361185984,0.0,0
Hadapsar,Kothrud,7,6,2,2358,16684,0,25.47175572519084,0.0,0
Hadapsar,Kothrud,9,6,0,2719,15506,0,20.530194924604633,0.0,1
Hadapsar,Kothrud,9,6,1,2940,16861,0,20.646122448979593,0.0,0
Hadapsar,Kothrud,9,6,2,2964,16684,0,20.26396761133603,0.0,0
Hadapsar,Kothrud,11,6,0,3015,15641,0,18.67582089552239,0.0,1
Hadapsar,Kothrud,11,6,1,3281,18111,0,19.871868332825358,0.0,0
Hadapsar,Kothrud,11,6,2,3382,16684,0,17.759432288586638,0.0,0
Hadapsar,Kothrud,13,6,0,2791,15641,0,20.174704407022574,0.0,1
Hadapsar,Kothrud,13,6,1,3092,18111,0,21.08654592496766,0.0,0
Hadapsar,Kothrud,13,6,2,3238,16684,0,18.54922791846819,0.0,0
Hadapsar,Kothrud,15,6,0,2646,15641,0,21.280272108843537,0.0,1
Hadapsar,Kothrud,15,6,1,3051,18111,0,21.369911504424778,0.0,0
Hadapsar,Kothrud,15,6,2,3193,16684,0,18.81064829314125,0.0,0
Hadapsar,Kothrud,17,6,0,3104,15454,0,17.923453608247424,0.0,1
Hadapsar,Kothrud,17,6,1,3544,16684,0,16.94762979683973,0.0,0
Hadapsar,Kothrud,17,6,2,3680,17307,0,16.930760869565216,0.0,0
Hadapsar,Kothrud,19,6,0,3041,15506,0,18.35633015455442,0.0,1
Hadapsar,Kothrud,19,6,1,3303,16684,0,18.184196185286105,0.0,0
Hadapsar,Kothrud,19,6,2,3412,16861,0,17.790035169988275,0.0,0
Hadapsar,Kothrud,21,6,0,2096,15419,0,26.483015267175574,0.0,1
Hadapsar,Kothrud,21,6,1,2273,16861,0,26.70461944566652,0.0,0
Hadapsar,Kothrud,21,6,2,2373,16684,0,25.310745891276866,0.0,0
Hadapsar,Kothrud,23,6,0,1816,15438,0,30.60396475770925,0.0,1
Hadapsar,Kothrud,23,6,1,1978,16861,0,30.687360970677457,0.0,0
Hadapsar,Kothrud,23,6,2,2124,16684,0,28.27796610169492,0.0,0
Hadapsar,University,7,0,0,2103,15202,0,26.023395149786023,0.0,1
Hadapsar,University,7,0,1,2195,15335,0,25.150797266514804,0.0,0
Hadapsar,University,7,0,2,2318,16449,0,25.54633304572908,0.0,0
Hadapsar,University,9,0,0,2680,15839,0,21.276268656716418,0.0,1
Hadapsar,University,9,0,1,2768,15504,0,20.164161849710982,0.0,0
Hadapsar,University,9,0,2,2794,15443,0,19.897924123120973,0.0,0
Hadapsar,University,11,0,0,2854,15839,0,19.979117028731604,0.0,1
Hadapsar,University,11,0,1,3037,15629,0,18.52630885742509,0.0,0
Hadapsar,University,11,0,2,3145,15550,0,17.799682034976154,0.0,0
Hadapsar,University,13,0,0,2698,16453,0,21.953595255744993,0.0,1
Hadapsar,University,13,0,1,2908,15545,0,19.244154057771663,0.0,0
Hadapsar,University,13,0,2,2835,16553,0,21.01968253968254,0.0,0
Hadapsar,University,15,0,0,2647,16453,0,22.37657725727238,0.0,1
Hadapsar,University,15,0,1,2851,15545,0,19.62890213960014,0.0,0
Hadapsar,University,15,0,2,2746,16553,0,21.70094683175528,0.0,0
Hadapsar,University,17,0,0,3072,15839,0,18.561328125,0.0,1
Hadapsar,University,17,0,1,3259,15504,0,17.12623504142375,0.0,0
Hadapsar,University,17,0,2,3433,17202,0,18.038799883483836,0.0,0
Hadapsar,University,19,0,0,3000,15839,0,19.0068,0.0,1
Hadapsar,University,19,0,1,3070,15504,0,18.180586319218243,0.0,0
Hadapsar,University,19,0,2,3081,15443,0,18.044401168451802,0.0,0
Hadapsar,University,21,0,0,2121,15202,0,25.802545968882605,0.0,1
Hadapsar,University,21,0,1,2222,15335,0,24.845184518451845,0.0,0
Hadapsar,University,21,0,2,2339,16449,0,25.316973065412572,0.0,0
Hadapsar,University,23,0,0,1865,15202,0,29.34434316353887,0.0,1
Hadapsar,University,23,0,1,1971,15335,0,28.009132420091326,0.0,0
Hadapsar,University,23,0,2,2087,16449,0,28.373933876377578,0.0,0
Hadapsar,University,7,1,0,2055,15202,0,26.63124087591241,0.0,1
Hadapsar,University,7,1,1,2169,15335,0,25.452282157676347,0.0,0
Hadapsar,University,7,1,2,2282,16449,0,25.949342681858024,0.0,0
Hadapsar,University,9,1,0,2569,16453,0,23.055975087582716,0.0,1
Hadapsar,University,9,1,1,2718,15504,0,20.535099337748342,0.0,0
Hadapsar,University,9,1,2,2863,16803,0,21.12846664338107,0.0,0
Hadapsar,University,11,1,0,2716,15839,0,20.99425625920471,0.0,1
Hadapsar,University,11,1,1,2999,15629,0,18.76105368456152,0.0,0
Hadapsar,University,11,1,2,3064,15550,0,18.27023498694517,0.0,0
Hadapsar,University,13,1,0,2640,16453,0,22.435909090909092,0.0,1
Hadapsar,University,13,1,1,2891,15545,0,19.357315807679004,0.0,0
Hadapsar,University,13,1,2,2742,16553,0,21.732603938730854,0.0,0
Hadapsar,University,15,1,0,2571,15839,0,22.17829638273046,0.0,1
Hadapsar,University,15,1,1,2806,15713,0,20.159230220955095,0.0,0
Hadapsar,University,15,1,2,2777,16449,0,21.323874684911775,0.0,0
Hadapsar,University,17,1,0,2910,15839,0,19.594639175257733,0.0,1
Hadapsar,University,17,1,1,3225,15504,0,17.30679069767442,0.0,0
Hadapsar,University,17,1,2,3285,17202,0,18.851506849315072,0.0,0
Hadapsar,University,19,1,0,2886,15839,0,19.757588357588357,0.0,1
Hadapsar,University,19,1,1,3029,15504,0,18.426675470452295,0.0,0
Hadapsar,University,19,1,2,3065,15443,0,18.138597063621532,0.0,0
Hadapsar,University,21,1,0,2114,15202,0,25.8879848628193,0.0,1
Hadapsar,University,21,1,1,2224,15335,0,24.82284172661871,0.0,0
Hadapsar,University,21,1,2,2320,16449,0,25.524310344827587,0.0,0
Hadapsar,University,23,1,0,1865,15202,0,29.34434316353887,0.0,1
Hadapsar,University,23,1,1,1971,15335,0,28.009132420091326,0.0,0
Hadapsar,University,23,1,2,2087,16449,0,28.373933876377578,0.0,0
Hadapsar,University,7,2,0,2062,15202,0,26.540834141610084,0.0,1
Hadapsar,University,7,2,1,2165,15335,0,25.49930715935335,0.0,0
Hadapsar,University,7,2,2,2268,16449,0,26.10952380952381,0.0,0
Hadapsar,University,9,2,0,2533,16453,0,23.383655744176867,0.0,1
Hadapsar,University,9,2,1,2708,15545,0,20.665435745937963,0.0,0
Hadapsar,University,9,2,2,2649,16553,0,22.495583238958098,0.0,0
Hadapsar,University,11,2,0,2652,15839,0,21.500904977375566,0.0,1
Hadapsar,University,11,2,1,2984,15629,0,18.855361930294904,0.0,0
Hadapsar,University,11,2,2,2876,16449,0,20.589847009735745,0.0,0
Hadapsar,University,13,2,0,2637,16453,0,22.461433447098972,0.0,1
Hadapsar,University,13,2,1,2892,15545,0,19.350622406639005,0.0,0
Hadapsar,University,13,2,2,2753,16553,0,21.645768252815113,0.0,0
Hadapsar,University,15,2,0,2617,15839,0,21.78846006878105,0.0,1
Hadapsar,University,15,2,1,2820,15713,0,20.05914893617021,0.0,0
Hadapsar,University,15,2,2,2799,16449,0,21.156270096463025,0.0,0
Hadapsar,University,17,2,0,2957,15839,0,19.28319242475482,0.0,1
Hadapsar,University,17,2,1,3245,15504,0,17.200123266563942,0.0,0
Hadapsar,University,17,2,2,3426,17005,0,17.86865148861646,0.0,0
Hadapsar,University,19,2,0,2907,15839,0,19.614860681114553,0.0,1
Hadapsar,University,19,2,1,3075,15504,0,18.151024390243904,0.0,0
Hadapsar,University,19,2,2,3182,17005,0,19.23884349465745,0.0,0
Hadapsar,University,21,2,0,2120,15202,0,25.814716981132076,0.0,1
Hadapsar,University,21,2,1,2233,15335,0,24.72279444693238,0.0,0
Hadapsar,University,21,2,2,2326,16449,0,25.458469475494415,0.0,0
Hadapsar,University,23,2,0,1865,15202,0,29.34434316353887,0.0,1
Hadapsar,University,23,2,1,1971,15335,0,28.009132420091326,0.0,0
Hadapsar,University,23,2,2,2087,16449,0,28.373933876377578,0.0,0
Hadapsar,University,7,3,0,1954,15202,0,28.007778915046057,0.0,1
Hadapsar,University,7,3,1,2105,15335,0,26.226128266033253,0.0,0
Hadapsar,University,7,3,2,2202,16449,0,26.892098092643053,0.0,0
Hadapsar,University,9,3,0,2179,15202,0,25.115741165672326,0.0,1
Hadapsar,University,9,3,1,2382,15504,0,23.431738035264484,0.0,0
Hadapsar,University,9,3,2,2346,16553,0,25.401023017902816,0.0,0
Hadapsar,University,11,3,0,2414,15839,0,23.620712510356256,0.0,1
Hadapsar,University,11,3,1,2659,15671,0,21.21684843926288,0.0,0
Hadapsar,University,11,3,2,2536,16449,0,23.350315457413252,0.0,0
Hadapsar,University,13,3,0,2507,15839,0,22.74447546868768,0.0,1
Hadapsar,University,13,3,1,2792,15671,0,20.20616045845272,0.0,0
Hadapsar,University,13,3,2,2652,16449,0,22.3289592760181,0.0,0
Hadapsar,University,15,3,0,2568,15839,0,22.204205607476634,0.0,1
Hadapsar,University,15,3,1,2919,15504,0,19.121068859198356,0.0,0
Hadapsar,University,15,3,2,2860,15443,0,19.43874125874126,0.0,0
Hadapsar,University,17,3,0,2648,15839,0,21.533383685800604,0.0,1
Hadapsar,University,17,3,1,2940,15443,0,18.909795918367347,0.0,0
Hadapsar,University,17,3,2,3036,15504,0,18.384189723320155,0.0,0
Hadapsar,University,19,3,0,2574,15839,0,22.152447552447555,0.0,1
Hadapsar,University,19,3,1,2774,15504,0,20.12054794520548,0.0,0
Hadapsar,University,19,3,2,2710,15443,0,20.514686346863467,0.0,0
Hadapsar,University,21,3,0,2097,15202,0,26.097854077253217,0.0,1
Hadapsar,University,21,3,1,2209,15335,0,24.991398822996832,0.0,0
Hadapsar,University,21,3,2,2289,16449,0,25.869986893840107,0.0,0
Hadapsar,University,23,3,0,1865,15202,0,29.34434316353887,0.0,1
Hadapsar,University,23,3,1,1971,15335,0,28.009132420091326,0.0,0
Hadapsar,University,23,3,2,2087,16449,0,28.373933876377578,0.0,0
Hadapsar,University,7,4,0,1932,15202,0,28.326708074534164,0.0,1
Hadapsar,University,7,4,1,2062,15335,0,26.773035887487875,0.0,0
Hadapsar,University,7,4,2,2153,16449,0,27.504133766836976,0.0,0
Hadapsar,University,9,4,0,2024,15202,0,27.03913043478261,0.0,1
Hadapsar,University,9,4,1,2215,15335,0,24.92370203160271,0.0,0
Hadapsar,University,9,4,2,2247,16449,0,26.353538050734315,0.0,0
Hadapsar,University,11,4,0,2176,15202,0,25.15036764705882,0.0,1
Hadapsar,University,11,4,1,2399,15335,0,23.01208837015423,0.0,0
Hadapsar,University,11,4,2,2370,16553,0,25.143797468354432,0.0,0
Hadapsar,University,13,4,0,2271,15202,0,24.098282694848084,0.0,1
Hadapsar,University,13,4,1,2489,15335,0,22.179991964644437,0.0,0
Hadapsar,University,13,4,2,2428,16553,0,24.543163097199344,0.0,0
Hadapsar,University,15,4,0,2357,16453,0,25.129741196436147,0.0,1
Hadapsar,University,15,4,1,2559,15545,0,21.868698710433765,0.0,0
Hadapsar,University,15,4,2,2475,16553,0,24.07709090909091,0.0,0
Hadapsar,University,17,4,0,2453,16453,0,24.14626987362413,0.0,1
Hadapsar,University,17,4,1,2696,15545,0,20.75741839762611,0.0,0
Hadapsar,University,17,4,2,2544,16553,0,23.424056603773586,0.0,0
Hadapsar,University,19,4,0,2389,16453,0,24.79313520301381,0.0,1
Hadapsar,University,19,4,1,2599,15504,0,21.475336667949207,0.0,0
Hadapsar,University,19,4,2,2505,16553,0,23.78874251497006,0.0,0
Hadapsar,University,21,4,0,2017,15202,0,27.13296975706495,0.0,1
Hadapsar,University,21,4,1,2162,15335,0,25.534690101757636,0.0,0
Hadapsar,University,21,4,2,2236,16449,0,26.48318425760287,0.0,0
Hadapsar,University,23,4,0,1865,15202,0,29.34434316353887,0.0,1
Hadapsar,University,23,4,1,1971,15335,0,28.009132420091326,0.0,0
Hadapsar,University,23,4,2,2087,16449,0,28.373933876377578,0.0,0
Hadapsar,University,7,5,0,2066,15202,0,26.48944820909971,0.0,1
Hadapsar,University,7,5,1,2189,15335,0,25.219735038830517,0.0,0
Hadapsar,University,7,5,2,2287,16449,0,25.892610406646263,0.0,0
Hadapsar,University,9,5,0,2552,15839,0,22.343416927899685,0.0,1
Hadapsar,University,9,5,1,2739,15629,0,20.54194961664841,0.0,0
Hadapsar,University,9,5,2,2761,15550,0,20.275262586019558,0.0,0
Hadapsar,University,11,5,0,2711,15839,0,21.032976761342677,0.0,1
Hadapsar,University,11,5,1,2999,15629,0,18.76105368456152,0.0,0
Hadapsar,University,11,5,2,3065,16141,0,18.9584339314845,0.0,0
Hadapsar,University,13,5,0,2598,16453,0,22.798614318706697,0.0,1
Hadapsar,University,13,5,1,2888,15545,0,19.377423822714682,0.0,0
Hadapsar,University,13,5,2,2715,16553,0,21.948729281767957,0.0,0
Hadapsar,University,15,5,0,2556,16453,0,23.173239436619717,0.0,1
Hadapsar,University,15,5,1,2628,16553,0,22.675342465753427,0.0,0
Hadapsar,University,15,5,2,2838,15545,0,19.718816067653275,0.0,0
Hadapsar,University,17,5,0,2862,15839,0,19.92327044025157,0.0,1
Hadapsar,University,17,5,1,3204,15504,0,17.420224719101125,0.0,0
Hadapsar,University,17,5,2,3428,17005,0,17.858226371061843,0.0,0
Hadapsar,University,19,5,0,2858,15839,0,19.95115465360392,0.0,1
Hadapsar,University,19,5,1,3028,15504,0,18.432760898282694,0.0,0
Hadapsar,University,19,5,2,3030,15443,0,18.348118811881186,0.0,0
Hadapsar,University,21,5,0,2100,15202,0,26.06057142857143,0.0,1
Hadapsar,University,21,5,1,2212,15335,0,24.95750452079566,0.0,0
Hadapsar,University,21,5,2,2312,16449,0,25.61262975778547,0.0,0
Hadapsar,University,23,5,0,1865,15202,0,29.34434316353887,0.0,1
Hadapsar,University,23,5,1,1971,15335,0,28.009132420091326,0.0,0
Hadapsar,University,23,5,2,2087,16449,0,28.373933876377578,0.0,0
Hadapsar,University,7,6,0,2101,15202,0,26.048167539267016,0.0,1
Hadapsar,University,7,6,1,2211,15335,0,24.968792401628225,0.0,0
Hadapsar,University,7,6,2,2337,16449,0,25.338639281129655,0.0,0
Hadapsar,University,9,6,0,2691,15839,0,21.189297658862877,0.0,1
Hadapsar,University,9,6,1,2828,15629,0,19.895473833097594,0.0,0
Hadapsar,University,9,6,2,2866,15550,0,19.5324494068388,0.0,0
Hadapsar,University,11,6,0,2863,15839,0,19.916311561299338,0.0,1
Hadapsar,University,11,6,1,3092,15629,0,18.196765847347994,0.0,0
Hadapsar,University,11,6,2,3164,15550,0,17.692793931731984,0.0,0
Hadapsar,University,13,6,0,2710,16453,0,21.856383763837638,0.0,1
Hadapsar,University,13,6,1,2917,15545,0,19.18477888241344,0.0,0
Hadapsar,University,13,6,2,2848,16553,0,20.92373595505618,0.0,0
Hadapsar,University,15,6,0,2657,15839,0,21.460444109898383,0.0,1
Hadapsar,University,15,6,1,2860,15713,0,19.7786013986014,0.0,0
Hadapsar,University,15,6,2,2866,16449,0,20.661688764829034,0.0,0
Hadapsar,University,17,6,0,3075,15839,0,18.543219512195122,0.0,1
Hadapsar,University,17,6,1,3351,15504,0,16.65604297224709,0.0,0
Hadapsar,University,17,6,2,3390,17202,0,18.26761061946903,0.0,0
Hadapsar,University,19,6,0,2992,15839,0,19.057620320855616,0.0,1
Hadapsar,University,19,6,1,3085,15504,0,18.09218800648298,0.0,0
Hadapsar,University,19,6,2,3114,15443,0,17.853179190751444,0.0,0
Hadapsar,University,21,6,0,2116,15202,0,25.86351606805293,0.0,1
Hadapsar,University,21,6,1,2209,15335,0,24.991398822996832,0.0,0
Hadapsar,University,21,6,2,2334,16449,0,25.371208226221082,0.0,0
Hadapsar,University,23,6,0,1865,15202,0,29.34434316353887,0.0,1
Hadapsar,University,23,6,1,1971,15335,0,28.009132420091326,0.0,0
Hadapsar,University,23,6,2,2087,16449,0,28.373933876377578,0.0,0
Hadapsar,University,7,0,0,2103,15202,0,26.023395149786023,0.0,1
Hadapsar,University,7,0,1,2195,15335,0,25.150797266514804,0.0,0
Hadapsar,University,7,0,2,2318,16449,0,25.54633304572908,0.0,0
Hadapsar,University,9,0,0,2680,15839,0,21.276268656716418,0.0,1
Hadapsar,University,9,0,1,2768,15504,0,20.164161849710982,0.0,0
Hadapsar,University,9,0,2,2794,15443,0,19.897924123120973,0.0,0
Hadapsar,University,11,0,0,2854,15839,0,19.979117028731604,0.0,1
Hadapsar,University,11,0,1,3037,15629,0,18.52630885742509,0.0,0
Hadapsar,University,11,0,2,3145,15550,0,17.799682034976154,0.0,0
Hadapsar,University,13,0,0,2698,16453,0,21.953595255744993,0.0,1
Hadapsar,University,13,0,1,2908,15545,0,19.244154057771663,0.0,0
Hadapsar,University,13,0,2,2835,16553,0,21.01968253968254,0.0,0
Hadapsar,University,15,0,0,2647,16453,0,22.37657725727238,0.0,1
Hadapsar,University,15,0,1,2851,15545,0,19.62890213960014,0.0,0
Hadapsar,University,15,0,2,2746,16553,0,21.70094683175528,0.0,0
Hadapsar,University,17,0,0,3072,15839,0,18.561328125,0.0,1
Hadapsar,University,17,0,1,3259,15504,0,17.12623504142375,0.0,0
Hadapsar,University,17,0,2,3433,17202,0,18.038799883483836,0.0,0
Hadapsar,University,19,0,0,3000,15839,0,19.0068,0.0,1
Hadapsar,University,19,0,1,3070,15504,0,18.180586319218243,0.0,0
Hadapsar,University,19,0,2,3081,15443,0,18.044401168451802,0.0,0
Hadapsar,University,21,0,0,2121,15202,0,25.802545968882605,0.0,1
Hadapsar,University,21,0,1,2222,15335,0,24.845184518451845,0.0,0
Hadapsar,University,21,0,2,2339,16449,0,25.316973065412572,0.0,0
Hadapsar,University,23,0,0,1865,15202,0,29.34434316353887,0.0,1
Hadapsar,University,23,0,1,1971,15335,0,28.009132420091326,0.0,0
Hadapsar,University,23,0,2,2087,16449,0,28.373933876377578,0.0,0
Hadapsar,University,7,1,0,2055,15202,0,26.63124087591241,0.0,1
Hadapsar,University,7,1,1,2169,15335,0,25.452282157676347,0.0,0
Hadapsar,University,7,1,2,2282,16449,0,25.949342681858024,0.0,0
Hadapsar,University,9,1,0,2569,16453,0,23.055975087582716,0.0,1
Hadapsar,University,9,1,1,2718,15504,0,20.535099337748342,0.0,0
Hadapsar,University,9,1,2,2863,16803,0,21.12846664338107,0.0,0
Hadapsar,University,11,1,0,2716,15839,0,20.99425625920471,0.0,1
Hadapsar,University,11,1,1,2999,15629,0,18.76105368456152,0.0,0
Hadapsar,University,11,1,2,3064,15550,0,18.27023498694517,0.0,0
Hadapsar,University,13,1,0,2640,16453,0,22.435909090909092,0.0,1
Hadapsar,University,13,1,1,2891,15545,0,19.357315807679004,0.0,0
Hadapsar,University,13,1,2,2742,16553,0,21.732603938730854,0.0,0
Hadapsar,University,15,1,0,2571,15839,0,22.17829638273046,0.0,1
Hadapsar,University,15,1,1,2806,15713,0,20.159230220955095,0.0,0
Hadapsar,University,15,1,2,2777,16449,0,21.323874684911775,0.0,0
Hadapsar,University,17,1,0,2910,15839,0,19.594639175257733,0.0,1
Hadapsar,University,17,1,1,3225,15504,0,17.30679069767442,0.0,0
Hadapsar,University,17,1,2,3285,17202,0,18.851506849315072,0.0,0
Hadapsar,University,19,1,0,2886,15839,0,19.757588357588357,0.0,1
Hadapsar,University,19,1,1,3029,15504,0,18.426675470452295,0.0,0
Hadapsar,University,19,1,2,3065,15443,0,18.138597063621532,0.0,0
Hadapsar,University,21,1,0,2114,15202,0,25.8879848628193,0.0,1
Hadapsar,University,21,1,1,2224,15335,0,24.82284172661871,0.0,0
Hadapsar,University,21,1,2,2320,16449,0,25.524310344827587,0.0,0
Hadapsar,University,23,1,0,1865,15202,0,29.34434316353887,0.0,1
Hadapsar,University,23,1,1,1971,15335,0,28.009132420091326,0.0,0
Hadapsar,University,23,1,2,2087,16449,0,28.373933876377578,0.0,0
Hadapsar,University,7,2,0,2062,15202,0,26.540834141610084,0.0,1
Hadapsar,University,7,2,1,2165,15335,0,25.49930715935335,0.0,0
Hadapsar,University,7,2,2,2268,16449,0,26.10952380952381,0.0,0
Hadapsar,University,9,2,0,2533,16453,0,23.383655744176867,0.0,1
Hadapsar,University,9,2,1,2708,15545,0,20.665435745937963,0.0,0
Hadapsar,University,9,2,2,2649,16553,0,22.495583238958098,0.0,0
Hadapsar,University,11,2,0,2652,15839,0,21.500904977375566,0.0,1
Hadapsar,University,11,2,1,2984,15629,0,18.855361930294904,0.0,0
Hadapsar,University,11,2,2,2876,16449,0,20.589847009735745,0.0,0
Hadapsar,University,13,2,0,2637,16453,0,22.461433447098972,0.0,1
Hadapsar,University,13,2,1,2892,15545,0,19.350622406639005,0.0,0
Hadapsar,University,13,2,2,2753,16553,0,21.645768252815113,0.0,0
Hadapsar,University,15,2,0,2617,15839,0,21.78846006878105,0.0,1
Hadapsar,University,15,2,1,2820,15713,0,20.05914893617021,0.0,0
Hadapsar,University,15,2,2,2799,16449,0,21.156270096463025,0.0,0
Hadapsar,University,17,2,0,2957,15839,0,19.28319242475482,0.0,1
Hadapsar,University,17,2,1,3245,15504,0,17.200123266563942,0.0,0
Hadapsar,University,17,2,2,3426,17005,0,17.86865148861646,0.0,0
Hadapsar,University,19,2,0,2907,15839,0,19.614860681114553,0.0,1
Hadapsar,University,19,2,1,3075,15504,0,18.151024390243904,0.0,0
Hadapsar,University,19,2,2,3182,17005,0,19.23884349465745,0.0,0
Hadapsar,University,21,2,0,2120,15202,0,25.814716981132076,0.0,1
Hadapsar,University,21,2,1,2233,15335,0,24.72279444693238,0.0,0
Hadapsar,University,21,2,2,2326,16449,0,25.458469475494415,0.0,0
Hadapsar,University,23,2,0,1865,15202,0,29.34434316353887,0.0,1
Hadapsar,University,23,2,1,1971,15335,0,28.009132420091326,0.0,0
Hadapsar,University,23,2,2,2087,16449,0,28.373933876377578,0.0,0
Hadapsar,University,7,3,0,1954,15202,0,28.007778915046057,0.0,1
Hadapsar,University,7,3,1,2105,15335,0,26.226128266033253,0.0,0
Hadapsar,University,7,3,2,2202,16449,0,26.892098092643053,0.0,0
Hadapsar,University,9,3,0,2179,15202,0,25.115741165672326,0.0,1
Hadapsar,University,9,3,1,2382,15504,0,23.431738035264484,0.0,0
Hadapsar,University,9,3,2,2346,16553,0,25.401023017902816,0.0,0
Hadapsar,University,11,3,0,2414,15839,0,23.620712510356256,0.0,1
Hadapsar,University,11,3,1,2659,15671,0,21.21684843926288,0.0,0
Hadapsar,University,11,3,2,2536,16449,0,23.350315457413252,0.0,0
Hadapsar,University,13,3,0,2507,15839,0,22.74447546868768,0.0,1
Hadapsar,University,13,3,1,2792,15671,0,20.20616045845272,0.0,0
Hadapsar,University,13,3,2,2652,16449,0,22.3289592760181,0.0,0
Hadapsar,University,15,3,0,2568,15839,0,22.204205607476634,0.0,1
Hadapsar,University,15,3,1,2919,15504,0,19.121068859198356,0.0,0
Hadapsar,University,15,3,2,2860,15443,0,19.43874125874126,0.0,0
Hadapsar,University,17,3,0,2648,15839,0,21.533383685800604,0.0,1
Hadapsar,University,17,3,1,2940,15443,0,18.909795918367347,0.0,0
Hadapsar,University,17,3,2,3036,15504,0,18.384189723320155,0.0,0
Hadapsar,University,19,3,0,2574,15839,0,22.152447552447555,0.0,1
Hadapsar,University,19,3,1,2774,15504,0,20.12054794520548,0.0,0
Hadapsar,University,19,3,2,2710,15443,0,20.514686346863467,0.0,0
Hadapsar,University,21,3,0,2097,15202,0,26.097854077253217,0.0,1
Hadapsar,University,21,3,1,2209,15335,0,24.991398822996832,0.0,0
Hadapsar,University,21,3,2,2289,16449,0,25.869986893840107,0.0,0
Hadapsar,University,23,3,0,1865,15202,0,29.34434316353887,0.0,1
Hadapsar,University,23,3,1,1971,15335,0,28.009132420091326,0.0,0
Hadapsar,University,23,3,2,2087,16449,0,28.373933876377578,0.0,0
Hadapsar,University,7,4,0,1932,15202,0,28.326708074534164,0.0,1
Hadapsar,University,7,4,1,2062,15335,0,26.773035887487875,0.0,0
Hadapsar,University,7,4,2,2153,16449,0,27.504133766836976,0.0,0
Hadapsar,University,9,4,0,2024,15202,0,27.03913043478261,0.0,1
Hadapsar,University,9,4,1,2215,15335,0,24.92370203160271,0.0,0
Hadapsar,University,9,4,2,2247,16449,0,26.353538050734315,0.0,0
Hadapsar,University,11,4,0,2176,15202,0,25.15036764705882,0.0,1
Hadapsar,University,11,4,1,2399,15335,0,23.01208837015423,0.0,0
Hadapsar,University,11,4,2,2370,16553,0,25.143797468354432,0.0,0
Hadapsar,University,13,4,0,2271,15202,0,24.098282694848084,0.0,1
Hadapsar,University,13,4,1,2489,15335,0,22.179991964644437,0.0,0
Hadapsar,University,13,4,2,2428,16553,0,24.543163097199344,0.0,0
Hadapsar,University,15,4,0,2357,16453,0,25.129741196436147,0.0,1
Hadapsar,University,15,4,1,2559,15545,0,21.868698710433765,0.0,0
Hadapsar,University,15,4,2,2475,16553,0,24.07709090909091,0.0,0
Hadapsar,University,17,4,0,2453,16453,0,24.14626987362413,0.0,1
Hadapsar,University,17,4,1,2696,15545,0,20.75741839762611,0.0,0
Hadapsar,University,17,4,2,2544,16553,0,23.424056603773586,0.0,0
Hadapsar,University,19,4,0,2389,16453,0,24.79313520301381,0.0,1
Hadapsar,University,19,4,1,2599,15504,0,21.475336667949207,0.0,0
Hadapsar,University,19,4,2,2505,16553,0,23.78874251497006,0.0,0
Hadapsar,University,21,4,0,2017,15202,0,27.13296975706495,0.0,1
Hadapsar,University,21,4,1,2162,15335,0,25.534690101757636,0.0,0
Hadapsar,University,21,4,2,2236,16449,0,26.48318425760287,0.0,0
Hadapsar,University,23,4,0,1865,15202,0,29.34434316353887,0.0,1
Hadapsar,University,23,4,1,1971,15335,0,28.009132420091326,0.0,0
Hadapsar,University,23,4,2,2087,16449,0,28.373933876377578,0.0,0
Hadapsar,University,7,5,0,2066,15202,0,26.48944820909971,0.0,1
Hadapsar,University,7,5,1,2189,15335,0,25.219735038830517,0.0,0
Hadapsar,University,7,5,2,2287,16449,0,25.892610406646263,0.0,0
Hadapsar,University,9,5,0,2552,15839,0,22.343416927899685,0.0,1
Hadapsar,University,9,5,1,2739,15629,0,20.54194961664841,0.0,0
Hadapsar,University,9,5,2,2761,15550,0,20.275262586019558,0.0,0
Hadapsar,University,11,5,0,2711,15839,0,21.032976761342677,0.0,1
Hadapsar,University,11,5,1,3019,15671,0,18.686849950314674,0.0,0
Hadapsar,University,11,5,2,3082,16236,0,18.964828033744322,0.0,0
Hadapsar,University,13,5,0,2598,16453,0,22.798614318706697,0.0,1
Hadapsar,University,13,5,1,2888,15545,0,19.377423822714682,0.0,0
Hadapsar,University,13,5,2,2715,16553,0,21.948729281767957,0.0,0
Hadapsar,University,15,5,0,2556,16453,0,23.173239436619717,0.0,1
Hadapsar,University,15,5,1,2628,16553,0,22.675342465753427,0.0,0
Hadapsar,University,15,5,2,2838,15545,0,19.718816067653275,0.0,0
Hadapsar,University,17,5,0,2862,15839,0,19.92327044025157,0.0,1
Hadapsar,University,17,5,1,3204,15504,0,17.420224719101125,0.0,0
Hadapsar,University,17,5,2,3428,17005,0,17.858226371061843,0.0,0
Hadapsar,University,19,5,0,2858,15839,0,19.95115465360392,0.0,1
Hadapsar,University,19,5,1,3028,15504,0,18.432760898282694,0.0,0
Hadapsar,University,19,5,2,3030,15443,0,18.348118811881186,0.0,0
Hadapsar,University,21,5,0,2100,15202,0,26.06057142857143,0.0,1
Hadapsar,University,21,5,1,2212,15335,0,24.95750452079566,0.0,0
Hadapsar,University,21,5,2,2312,16449,0,25.61262975778547,0.0,0
Hadapsar,University,23,5,0,1865,15202,0,29.34434316353887,0.0,1
Hadapsar,University,23,5,1,1971,15335,0,28.009132420091326,0.0,0
Hadapsar,University,23,5,2,2087,16449,0,28.373933876377578,0.0,0
Hadapsar,University,7,6,0,2101,15202,0,26.048167539267016,0.0,1
Hadapsar,University,7,6,1,2211,15335,0,24.968792401628225,0.0,0
Hadapsar,University,7,6,2,2337,16449,0,25.338639281129655,0.0,0
Hadapsar,University,9,6,0,2691,15839,0,21.189297658862877,0.0,1
Hadapsar,University,9,6,1,2835,15504,0,19.687619047619048,0.0,0
Hadapsar,University,9,6,2,2823,15443,0,19.693517534537726,0.0,0
Hadapsar,University,11,6,0,2863,15839,0,19.916311561299338,0.0,1
Hadapsar,University,11,6,1,3098,15671,0,18.210329244673982,0.0,0
Hadapsar,University,11,6,2,3179,16171,0,18.312551116703364,0.0,0
Hadapsar,University,13,6,0,2710,16453,0,21.856383763837638,0.0,1
Hadapsar,University,13,6,1,2917,15545,0,19.18477888241344,0.0,0
Hadapsar,University,13,6,2,2848,16553,0,20.92373595505618,0.0,0
Hadapsar,University,15,6,0,2657,15839,0,21.460444109898383,0.0,1
Hadapsar,University,15,6,1,2860,15713,0,19.7786013986014,0.0,0
Hadapsar,University,15,6,2,2866,16449,0,20.661688764829034,0.0,0
Hadapsar,University,17,6,0,3075,15839,0,18.543219512195122,0.0,1
Hadapsar,University,17,6,1,3351,15504,0,16.65604297224709,0.0,0
Hadapsar,University,17,6,2,3390,17202,0,18.26761061946903,0.0,0
Hadapsar,University,19,6,0,2992,15839,0,19.057620320855616,0.0,1
Hadapsar,University,19,6,1,3085,15504,0,18.09218800648298,0.0,0
Hadapsar,University,19,6,2,3114,15443,0,17.853179190751444,0.0,0
Hadapsar,University,21,6,0,2116,15202,0,25.86351606805293,0.0,1
Hadapsar,University,21,6,1,2209,15335,0,24.991398822996832,0.0,0
Hadapsar,University,21,6,2,2334,16449,0,25.371208226221082,0.0,0
Hadapsar,University,23,6,0,1865,15202,0,29.34434316353887,0.0,1
Hadapsar,University,23,6,1,1971,15335,0,28.009132420091326,0.0,0
Hadapsar,University,23,6,2,2087,16449,0,28.373933876377578,0.0,0
Hadapsar,University,7,0,0,2103,15202,0,26.023395149786023,0.0,1
Hadapsar,University,7,0,1,2195,15335,0,25.150797266514804,0.0,0
Hadapsar,University,7,0,2,2318,16449,0,25.54633304572908,0.0,0
Hadapsar,University,9,0,0,2680,15839,0,21.276268656716418,0.0,1
Hadapsar,University,9,0,1,2768,15504,0,20.164161849710982,0.0,0
Hadapsar,University,9,0,2,2794,15443,0,19.897924123120973,0.0,0
Hadapsar,University,11,0,0,2854,15839,0,19.979117028731604,0.0,1
Hadapsar,University,11,0,1,3054,15671,0,18.472691552062866,0.0,0
Hadapsar,University,11,0,2,3175,16171,0,18.335622047244094,0.0,0
Hadapsar,University,13,0,0,2698,16453,0,21.953595255744993,0.0,1
Hadapsar,University,13,0,1,2908,15545,0,19.244154057771663,0.0,0
Hadapsar,University,13,0,2,2835,16553,0,21.01968253968254,0.0,0
Hadapsar,University,15,0,0,2647,16453,0,22.37657725727238,0.0,1
Hadapsar,University,15,0,1,2851,15545,0,19.62890213960014,0.0,0
Hadapsar,University,15,0,2,2746,16553,0,21.70094683175528,0.0,0
Hadapsar,University,17,0,0,3072,15839,0,18.561328125,0.0,1
Hadapsar,University,17,0,1,3259,15504,0,17.12623504142375,0.0,0
Hadapsar,University,17,0,2,3433,17202,0,18.038799883483836,0.0,0
Hadapsar,University,19,0,0,3000,15839,0,19.0068,0.0,1
Hadapsar,University,19,0,1,3070,15504,0,18.180586319218243,0.0,0
Hadapsar,University,19,0,2,3081,15443,0,18.044401168451802,0.0,0
Hadapsar,University,21,0,0,2121,15202,0,25.802545968882605,0.0,1
Hadapsar,University,21,0,1,2222,15335,0,24.845184518451845,0.0,0
Hadapsar,University,21,0,2,2339,16449,0,25.316973065412572,0.0,0
Hadapsar,University,23,0,0,1865,15202,0,29.34434316353887,0.0,1
Hadapsar,University,23,0,1,1971,15335,0,28.009132420091326,0.0,0
Hadapsar,University,23,0,2,2087,16449,0,28.373933876377578,0.0,0
Hadapsar,University,7,1,0,2055,15202,0,26.63124087591241,0.0,1
Hadapsar,University,7,1,1,2169,15335,0,25.452282157676347,0.0,0
Hadapsar,University,7,1,2,2282,16449,0,25.949342681858024,0.0,0
Hadapsar,University,9,1,0,2569,16453,0,23.055975087582716,0.0,1
Hadapsar,University,9,1,1,2718,15504,0,20.535099337748342,0.0,0
Hadapsar,University,9,1,2,2715,16553,0,21.948729281767957,0.0,0
Hadapsar,University,11,1,0,2716,15839,0,20.99425625920471,0.0,1
Hadapsar,University,11,1,1,3008,15671,0,18.755186170212763,0.0,0
Hadapsar,University,11,1,2,3106,16171,0,18.742949130714745,0.0,0
Hadapsar,University,13,1,0,2640,16453,0,22.435909090909092,0.0,1
Hadapsar,University,13,1,1,2891,15545,0,19.357315807679004,0.0,0
Hadapsar,University,13,1,2,2742,16553,0,21.732603938730854,0.0,0
Hadapsar,University,15,1,0,2571,15839,0,22.17829638273046,0.0,1
Hadapsar,University,15,1,1,2806,15713,0,20.159230220955095,0.0,0
Hadapsar,University,15,1,2,2777,16449,0,21.323874684911775,0.0,0
Hadapsar,University,17,1,0,2910,15839,0,19.594639175257733,0.0,1
Hadapsar,University,17,1,1,3225,15504,0,17.30679069767442,0.0,0
Hadapsar,University,17,1,2,3285,17202,0,18.851506849315072,0.0,0
Hadapsar,University,19,1,0,2886,15839,0,19.757588357588357,0.0,1
Hadapsar,University,19,1,1,3029,15504,0,18.426675470452295,0.0,0
Hadapsar,University,19,1,2,3065,15443,0,18.138597063621532,0.0,0
Hadapsar,University,21,1,0,2114,15202,0,25.8879848628193,0.0,1
Hadapsar,University,21,1,1,2224,15335,0,24.82284172661871,0.0,0
Hadapsar,University,21,1,2,2320,16449,0,25.524310344827587,0.0,0
Hadapsar,University,23,1,0,1865,15202,0,29.34434316353887,0.0,1
Hadapsar,University,23,1,1,1971,15335,0,28.009132420091326,0.0,0
Hadapsar,University,23,1,2,2087,16449,0,28.373933876377578,0.0,0
Hadapsar,University,7,2,0,2062,15202,0,26.540834141610084,0.0,1
Hadapsar,University,7,2,1,2165,15335,0,25.49930715935335,0.0,0
Hadapsar,University,7,2,2,2268,16449,0,26.10952380952381,0.0,0
Hadapsar,University,9,2,0,2533,16453,0,23.383655744176867,0.0,1
Hadapsar,University,9,2,1,2708,15545,0,20.665435745937963,0.0,0
Hadapsar,University,9,2,2,2649,16553,0,22.495583238958098,0.0,0
Hadapsar,University,11,2,0,2652,15839,0,21.500904977375566,0.0,1
Hadapsar,University,11,2,1,2993,15898,0,19.12221850985633,0.0,0
Hadapsar,University,11,2,2,2876,16449,0,20.589847009735745,0.0,0
Hadapsar,University,13,2,0,2637,16453,0,22.461433447098972,0.0,1
Hadapsar,University,13,2,1,2892,15545,0,19.350622406639005,0.0,0
Hadapsar,University,13,2,2,2753,16553,0,21.645768252815113,0.0,0
Hadapsar,University,15,2,0,2617,15839,0,21.78846006878105,0.0,1
Hadapsar,University,15,2,1,2820,15713,0,20.05914893617021,0.0,0
Hadapsar,University,15,2,2,2799,16449,0,21.156270096463025,0.0,0
Hadapsar,University,17,2,0,2957,15839,0,19.28319242475482,0.0,1
Hadapsar,University,17,2,1,3245,15504,0,17.200123266563942,0.0,0
Hadapsar,University,17,2,2,3426,17005,0,17.86865148861646,0.0,0
Hadapsar,University,19,2,0,2907,15839,0,19.614860681114553,0.0,1
Hadapsar,University,19,2,1,3075,15504,0,18.151024390243904,0.0,0
Hadapsar,University,19,2,2,3182,17005,0,19.23884349465745,0.0,0
Hadapsar,University,21,2,0,2120,15202,0,25.814716981132076,0.0,1
Hadapsar,University,21,2,1,2233,15335,0,24.72279444693238,0.0,0
Hadapsar,University,21,2,2,2326,16449,0,25.458469475494415,0.0,0
Hadapsar,University,23,2,0,1865,15202,0,29.34434316353887,0.0,1
Hadapsar,University,23,2,1,1971,15335,0,28.009132420091326,0.0,0
Hadapsar,University,23,2,2,2087,16449,0,28.373933876377578,0.0,0
Hadapsar,University,7,3,0,1954,15202,0,28.007778915046057,0.0,1
Hadapsar,University,7,3,1,2105,15335,0,26.226128266033253,0.0,0
Hadapsar,University,7,3,2,2202,16449,0,26.892098092643053,0.0,0
Hadapsar,University,9,3,0,2179,15202,0,25.115741165672326,0.0,1
Hadapsar,University,9,3,1,2382,15504,0,23.431738035264484,0.0,0
Hadapsar,University,9,3,2,2346,16553,0,25.401023017902816,0.0,0
Hadapsar,University,11,3,0,2414,15839,0,23.620712510356256,0.0,1
Hadapsar,University,11,3,1,2659,15671,0,21.21684843926288,0.0,0
Hadapsar,University,11,3,2,2536,16449,0,23.350315457413252,0.0,0
Hadapsar,University,13,3,0,2507,15839,0,22.74447546868768,0.0,1
Hadapsar,University,13,3,1,2792,15671,0,20.20616045845272,0.0,0
Hadapsar,University,13,3,2,2652,16449,0,22.3289592760181,0.0,0
Hadapsar,University,15,3,0,2568,15839,0,22.204205607476634,0.0,1
Hadapsar,University,15,3,1,2919,15504,0,19.121068859198356,0.0,0
Hadapsar,University,15,3,2,2860,15443,0,19.43874125874126,0.0,0
Hadapsar,University,17,3,0,2648,15839,0,21.533383685800604,0.0,1
Hadapsar,University,17,3,1,2945,15149,0,18.51830220713073,0.0,0
Hadapsar,University,17,3,2,3093,16160,0,18.808923375363726,0.0,0
Hadapsar,University,19,3,0,2574,15839,0,22.152447552447555,0.0,1
Hadapsar,University,19,3,1,2774,15504,0,20.12054794520548,0.0,0
Hadapsar,University,19,3,2,2710,15443,0,20.514686346863467,0.0,0
Hadapsar,University,21,3,0,2097,15202,0,26.097854077253217,0.0,1
Hadapsar,University,21,3,1,2209,15335,0,24.991398822996832,0.0,0
Hadapsar,University,21,3,2,2289,16449,0,25.869986893840107,0.0,0
Hadapsar,University,23,3,0,1865,15202,0,29.34434316353887,0.0,1
Hadapsar,University,23,3,1,1971,15335,0,28.009132420091326,0.0,0
Hadapsar,University,23,3,2,2087,16449,0,28.373933876377578,0.0,0
Hadapsar,University,7,4,0,1932,15202,0,28.326708074534164,0.0,1
Hadapsar,University,7,4,1,2062,15335,0,26.773035887487875,0.0,0
Hadapsar,University,7,4,2,2153,16449,0,27.504133766836976,0.0,0
Hadapsar,University,9,4,0,2024,15202,0,27.03913043478261,0.0,1
Hadapsar,University,9,4,1,2215,15335,0,24.92370203160271,0.0,0
Hadapsar,University,9,4,2,2247,16449,0,26.353538050734315,0.0,0
Hadapsar,University,11,4,0,2176,15202,0,25.15036764705882,0.0,1
Hadapsar,University,11,4,1,2399,15335,0,23.01208837015423,0.0,0
Hadapsar,University,11,4,2,2370,16553,0,25.143797468354432,0.0,0
Hadapsar,University,13,4,0,2271,15202,0,24.098282694848084,0.0,1
Hadapsar,University,13,4,1,2489,15335,0,22.179991964644437,0.0,0
Hadapsar,University,13,4,2,2428,16553,0,24.543163097199344,0.0,0
Hadapsar,University,15,4,0,2357,16453,0,25.129741196436147,0.0,1
Hadapsar,University,15,4,1,2559,15545,0,21.868698710433765,0.0,0
Hadapsar,University,15,4,2,2475,16553,0,24.07709090909091,0.0,0
Hadapsar,University,17,4,0,2453,16453,0,24.14626987362413,0.0,1
Hadapsar,University,17,4,1,2696,15545,0,20.75741839762611,0.0,0
Hadapsar,University,17,4,2,2544,16553,0,23.424056603773586,0.0,0
Hadapsar,University,19,4,0,2389,16453,0,24.79313520301381,0.0,1
Hadapsar,University,19,4,1,2599,15504,0,21.475336667949207,0.0,0
Hadapsar,University,19,4,2,2505,16553,0,23.78874251497006,0.0,0
Hadapsar,University,21,4,0,2017,15202,0,27.13296975706495,0.0,1
Hadapsar,University,21,4,1,2162,15335,0,25.534690101757636,0.0,0
Hadapsar,University,21,4,2,2236,16449,0,26.48318425760287,0.0,0
Hadapsar,University,23,4,0,1865,15202,0,29.34434316353887,0.0,1
Hadapsar,University,23,4,1,1971,15335,0,28.009132420091326,0.0,0
Hadapsar,University,23,4,2,2087,16449,0,28.373933876377578,0.0,0
Hadapsar,University,7,5,0,2066,15202,0,26.48944820909971,0.0,1
Hadapsar,University,7,5,1,2189,15335,0,25.219735038830517,0.0,0
Hadapsar,University,7,5,2,2287,16449,0,25.892610406646263,0.0,0
Hadapsar,University,9,5,0,2552,15839,0,22.343416927899685,0.0,1
Hadapsar,University,9,5,1,2751,15504,0,20.28876772082879,0.0,0
Hadapsar,University,9,5,2,2711,15443,0,20.50711914422722,0.0,0
Hadapsar,University,11,5,0,2711,15839,0,21.032976761342677,0.0,1
Hadapsar,University,11,5,1,3019,15671,0,18.686849950314674,0.0,0
Hadapsar,University,11,5,2,3082,16236,0,18.964828033744322,0.0,0
Hadapsar,University,13,5,0,2598,16453,0,22.798614318706697,0.0,1
Hadapsar,University,13,5,1,2888,15545,0,19.377423822714682,0.0,0
Hadapsar,University,13,5,2,2715,16553,0,21.948729281767957,0.0,0
Hadapsar,University,15,5,0,2556,16453,0,23.173239436619717,0.0,1
Hadapsar,University,15,5,1,2628,16553,0,22.675342465753427,0.0,0
Hadapsar,University,15,5,2,2838,15545,0,19.718816067653275,0.0,0
Hadapsar,University,17,5,0,2862,15839,0,19.92327044025157,0.0,1
Hadapsar,University,17,5,1,3204,15504,0,17.420224719101125,0.0,0
Hadapsar,University,17,5,2,3428,17005,0,17.858226371061843,0.0,0
Hadapsar,University,19,5,0,2858,15839,0,19.95115465360392,0.0,1
Hadapsar,University,19,5,1,3028,15504,0,18.432760898282694,0.0,0
Hadapsar,University,19,5,2,3030,15443,0,18.348118811881186,0.0,0
Hadapsar,University,21,5,0,2100,15202,0,26.06057142857143,0.0,1
Hadapsar,University,21,5,1,2212,15335,0,24.95750452079566,0.0,0
Hadapsar,University,21,5,2,2312,16449,0,25.61262975778547,0.0,0
Hadapsar,University,23,5,0,1865,15202,0,29.34434316353887,0.0,1
Hadapsar,University,23,5,1,1971,15335,0,28.009132420091326,0.0,0
Hadapsar,University,23,5,2,2087,16449,0,28.373933876377578,0.0,0
Hadapsar,University,7,6,0,2101,15202,0,26.048167539267016,0.0,1
Hadapsar,University,7,6,1,2211,15335,0,24.968792401628225,0.0,0
Hadapsar,University,7,6,2,2337,16449,0,25.338639281129655,0.0,0
Hadapsar,University,9,6,0,2691,15839,0,21.189297658862877,0.0,1
Hadapsar,University,9,6,1,2835,15504,0,19.687619047619048,0.0,0
Hadapsar,University,9,6,2,2823,15443,0,19.693517534537726,0.0,0
Hadapsar,University,11,6,0,2863,15839,0,19.916311561299338,0.0,1
Hadapsar,University,11,6,1,3098,15671,0,18.210329244673982,0.0,0
Hadapsar,University,11,6,2,3179,16171,0,18.312551116703364,0.0,0
Hadapsar,University,13,6,0,2710,16453,0,21.856383763837638,0.0,1
Hadapsar,University,13,6,1,2917,15545,0,19.18477888241344,0.0,0
Hadapsar,University,13,6,2,2848,16553,0,20.92373595505618,0.0,0
Hadapsar,University,15,6,0,2657,15839,0,21.460444109898383,0.0,1
Hadapsar,University,15,6,1,2860,15713,0,19.7786013986014,0.0,0
Hadapsar,University,15,6,2,2866,16449,0,20.661688764829034,0.0,0
Hadapsar,University,17,6,0,3075,15839,0,18.543219512195122,0.0,1
Hadapsar,University,17,6,1,3351,15504,0,16.65604297224709,0.0,0
Hadapsar,University,17,6,2,3390,17202,0,18.26761061946903,0.0,0
Hadapsar,University,19,6,0,2992,15839,0,19.057620320855616,0.0,1
Hadapsar,University,19,6,1,3085,15504,0,18.09218800648298,0.0,0
Hadapsar,University,19,6,2,3114,15443,0,17.853179190751444,0.0,0
Hadapsar,University,21,6,0,2116,15202,0,25.86351606805293,0.0,1
Hadapsar,University,21,6,1,2209,15335,0,24.991398822996832,0.0,0
Hadapsar,University,21,6,2,2334,16449,0,25.371208226221082,0.0,0
Hadapsar,University,23,6,0,1865,15202,0,29.34434316353887,0.0,1
Hadapsar,University,23,6,1,1971,15335,0,28.009132420091326,0.0,0
Hadapsar,University,23,6,2,2087,16449,0,28.373933876377578,0.0,0
