origin,destination,hour,day_of_week,route_id,travel_time,distance,traffic_delay,avg_speed,delay_ratio,is_best_route
Swargate,Hinjewadi,0,0,0,2123,19469,0,33.01384832783796,0.0,1
Swargate,Hinjewadi,0,0,1,2217,23562,0,38.26035182679296,0.0,0
Swargate,Hinjewadi,0,0,2,2401,19870,0,29.79258642232403,0.0,0
Swargate,Hinjewadi,6,0,0,2183,19469,0,32.10645900137426,0.0,1
Swargate,Hinjewadi,6,0,1,2281,23562,0,37.18684787373959,0.0,0
Swargate,Hinjewadi,6,0,2,2500,19870,0,28.612800000000004,0.0,0
Swargate,Hinjewadi,8,0,0,2631,19447,0,26.60935005701254,0.0,1
Swargate,Hinjewadi,8,0,1,2828,23562,0,29.9940594059406,0.0,0
Swargate,Hinjewadi,8,0,2,2813,19532,0,24.99651617490224,0.0,0
Swargate,Hinjewadi,10,0,0,2939,19469,0,23.847703300442326,0.0,1
Swargate,Hinjewadi,10,0,1,3161,23766,0,27.066624485922173,0.0,0
Swargate,Hinjewadi,10,0,2,3157,19555,0,22.299018055115617,0.0,0
Swargate,Hinjewadi,12,0,0,3060,19469,0,22.904705882352943,0.0,1
Swargate,Hinjewadi,12,0,1,3228,26572,0,29.634200743494425,0.0,0
Swargate,Hinjewadi,12,0,2,3298,19555,0,21.3456640388114,0.0,0
Swargate,Hinjewadi,14,0,0,2853,19469,0,24.566561514195584,0.0,1
Swargate,Hinjewadi,14,0,1,2907,23766,0,29.43157894736842,0.0,0
Swargate,Hinjewadi,14,0,2,3251,19556,0,21.6553675792064,0.0,0
Swargate,Hinjewadi,16,0,0,3027,23766,0,28.26481665014866,0.0,1
Swargate,Hinjewadi,16,0,1,3084,19469,0,22.72645914396887,0.0,0
Swargate,Hinjewadi,16,0,2,3237,19555,0,21.747914735866544,0.0,0
Swargate,Hinjewadi,18,0,0,3430,23630,0,24.801166180758017,0.0,1
Swargate,Hinjewadi,18,0,1,3543,19447,0,19.759864521591872,0.0,0
Swargate,Hinjewadi,18,0,2,3614,19532,0,19.45633646928611,0.0,0
Swargate,Hinjewadi,20,0,0,2795,19447,0,25.048014311270123,0.0,1
Swargate,Hinjewadi,20,0,1,2970,23630,0,28.642424242424244,0.0,0
Swargate,Hinjewadi,20,0,2,2954,19532,0,23.803385240352064,0.0,0
Swargate,Hinjewadi,22,0,0,2123,19469,0,33.01384832783796,0.0,1
Swargate,Hinjewadi,22,0,1,2217,23562,0,38.26035182679296,0.0,0
Swargate,Hinjewadi,22,0,2,2401,19870,0,29.79258642232403,0.0,0
Swargate,Hinjewadi,0,1,0,2123,19469,0,33.01384832783796,0.0,1
Swargate,Hinjewadi,0,1,1,2217,23562,0,38.26035182679296,0.0,0
Swargate,Hinjewadi,0,1,2,2401,19870,0,29.79258642232403,0.0,0
Swargate,Hinjewadi,6,1,0,2182,19469,0,32.1211732355637,0.0,1
Swargate,Hinjewadi,6,1,1,2279,23562,0,37.21948222904783,0.0,0
Swargate,Hinjewadi,6,1,2,2490,19870,0,28.727710843373497,0.0,0
Swargate,Hinjewadi,8,1,0,2586,19447,0,27.07238979118329,0.0,1
Swargate,Hinjewadi,8,1,1,2779,23544,0,30.49960417416337,0.0,0
Swargate,Hinjewadi,8,1,2,2775,19532,0,25.33881081081081,0.0,0
Swargate,Hinjewadi,10,1,0,2874,19469,0,24.38705636743215,0.0,1
Swargate,Hinjewadi,10,1,1,3103,23766,0,27.57254270061231,0.0,0
Swargate,Hinjewadi,10,1,2,3076,19555,0,22.88621586475943,0.0,0
Swargate,Hinjewadi,12,1,0,3015,19469,0,23.246567164179105,0.0,1
Swargate,Hinjewadi,12,1,1,3227,23766,0,26.51304617291602,0.0,0
Swargate,Hinjewadi,12,1,2,3221,19555,0,21.85594535858429,0.0,0
Swargate,Hinjewadi,14,1,0,2861,19469,0,24.49786787836421,0.0,1
Swargate,Hinjewadi,14,1,1,2893,23766,0,29.574006221914964,0.0,0
Swargate,Hinjewadi,14,1,2,3197,19556,0,22.02114482327182,0.0,0
Swargate,Hinjewadi,16,1,0,3009,23766,0,28.433898305084742,0.0,1
Swargate,Hinjewadi,16,1,1,3089,19469,0,22.689673033344125,0.0,0
Swargate,Hinjewadi,16,1,2,3431,19556,0,20.51926552025649,0.0,0
Swargate,Hinjewadi,18,1,0,3431,23578,0,24.739376275138444,0.0,1
Swargate,Hinjewadi,18,1,1,3558,19447,0,19.67655986509275,0.0,0
Swargate,Hinjewadi,18,1,2,3565,19532,0,19.7237587657784,0.0,0
Swargate,Hinjewadi,20,1,0,2792,19447,0,25.074928366762176,0.0,1
Swargate,Hinjewadi,20,1,1,2988,23630,0,28.46987951807229,0.0,0
Swargate,Hinjewadi,20,1,2,2929,19532,0,24.00655513827245,0.0,0
Swargate,Hinjewadi,22,1,0,2123,19469,0,33.01384832783796,0.0,1
Swargate,Hinjewadi,22,1,1,2217,23562,0,38.26035182679296,0.0,0
Swargate,Hinjewadi,22,1,2,2401,19870,0,29.79258642232403,0.0,0
Swargate,Hinjewadi,0,2,0,2123,19469,0,33.01384832783796,0.0,1
Swargate,Hinjewadi,0,2,1,2217,23562,0,38.26035182679296,0.0,0
Swargate,Hinjewadi,0,2,2,2401,19870,0,29.79258642232403,0.0,0
Swargate,Hinjewadi,6,2,0,2173,19447,0,32.21776346065347,0.0,1
Swargate,Hinjewadi,6,2,1,2271,23562,0,37.35059445178336,0.0,0
Swargate,Hinjewadi,6,2,2,2481,19870,0,28.83192261185006,0.0,0
Swargate,Hinjewadi,8,2,0,2558,19447,0,27.368725566849097,0.0,1
Swargate,Hinjewadi,8,2,1,2721,23544,0,31.14972436604189,0.0,0
Swargate,Hinjewadi,8,2,2,2735,19532,0,25.709396709323585,0.0,0
Swargate,Hinjewadi,10,2,0,2850,19469,0,24.592421052631583,0.0,1
Swargate,Hinjewadi,10,2,1,3056,23766,0,27.99659685863874,0.0,0
Swargate,Hinjewadi,10,2,2,3018,19555,0,23.32604373757455,0.0,0
Swargate,Hinjewadi,12,2,0,3044,19469,0,23.02509855453351,0.0,1
Swargate,Hinjewadi,12,2,1,3241,23766,0,26.398518975624807,0.0,0
Swargate,Hinjewadi,12,2,2,3231,19555,0,21.7883008356546,0.0,0
Swargate,Hinjewadi,14,2,0,2893,19469,0,24.226892499135847,0.0,1
Swargate,Hinjewadi,14,2,1,2932,23766,0,29.1806275579809,0.0,0
Swargate,Hinjewadi,14,2,2,3255,19556,0,21.628755760368666,0.0,0
Swargate,Hinjewadi,16,2,0,3033,23766,0,28.208902077151333,0.0,1
Swargate,Hinjewadi,16,2,1,3116,19447,0,22.46765083440308,0.0,0
Swargate,Hinjewadi,16,2,2,3566,19917,0,20.106898485698263,0.0,0
Swargate,Hinjewadi,18,2,0,3431,23578,0,24.739376275138444,0.0,1
Swargate,Hinjewadi,18,2,1,3579,19447,0,19.56110645431685,0.0,0
Swargate,Hinjewadi,18,2,2,3587,19532,0,19.60278784499582,0.0,0
Swargate,Hinjewadi,20,2,0,2835,19469,0,24.722539682539686,0.0,1
Swargate,Hinjewadi,20,2,1,3016,23630,0,28.20557029177719,0.0,0
Swargate,Hinjewadi,20,2,2,2972,19555,0,23.68707940780619,0.0,0
Swargate,Hinjewadi,22,2,0,2123,19469,0,33.01384832783796,0.0,1
Swargate,Hinjewadi,22,2,1,2217,23562,0,38.26035182679296,0.0,0
Swargate,Hinjewadi,22,2,2,2401,19870,0,29.79258642232403,0.0,0
Swargate,Hinjewadi,0,3,0,2123,19469,0,33.01384832783796,0.0,1
Swargate,Hinjewadi,0,3,1,2217,23562,0,38.26035182679296,0.0,0
Swargate,Hinjewadi,0,3,2,2400,19870,0,29.805000000000003,0.0,0
Swargate,Hinjewadi,6,3,0,2169,19469,0,32.31369294605809,0.0,1
Swargate,Hinjewadi,6,3,1,2271,23562,0,37.35059445178336,0.0,0
Swargate,Hinjewadi,6,3,2,2465,19870,0,29.019066937119675,0.0,0
Swargate,Hinjewadi,8,3,0,2417,19447,0,28.96532892014894,0.0,1
Swargate,Hinjewadi,8,3,1,2590,23562,0,32.75027027027027,0.0,0
Swargate,Hinjewadi,8,3,2,2584,19532,0,27.21176470588236,0.0,0
Swargate,Hinjewadi,10,3,0,2630,19469,0,26.649581749049432,0.0,1
Swargate,Hinjewadi,10,3,1,2931,23766,0,29.19058341862845,0.0,0
Swargate,Hinjewadi,10,3,2,2808,19555,0,25.070512820512818,0.0,0
Swargate,Hinjewadi,12,3,0,2966,19469,0,23.630613621038435,0.0,1
Swargate,Hinjewadi,12,3,1,3215,26572,0,29.75402799377916,0.0,0
Swargate,Hinjewadi,12,3,2,3179,19555,0,22.14469959106637,0.0,0
Swargate,Hinjewadi,14,3,0,3075,19469,0,22.7929756097561,0.0,1
Swargate,Hinjewadi,14,3,1,3118,23766,0,27.43989737010904,0.0,0
Swargate,Hinjewadi,14,3,2,3502,19556,0,20.103255282695603,0.0,0
Swargate,Hinjewadi,16,3,0,3166,23766,0,27.02387871130764,0.0,1
Swargate,Hinjewadi,16,3,1,3356,19469,0,20.88450536352801,0.0,0
Swargate,Hinjewadi,16,3,2,3209,26572,0,29.80966033032097,0.0,0
Swargate,Hinjewadi,18,3,0,3348,23578,0,25.35268817204301,0.0,1
Swargate,Hinjewadi,18,3,1,3463,19850,0,20.635287323130235,0.0,0
Swargate,Hinjewadi,18,3,2,3646,19556,0,19.309270433351617,0.0,0
Swargate,Hinjewadi,20,3,0,2765,19447,0,25.319783001808315,0.0,1
Swargate,Hinjewadi,20,3,1,2973,23562,0,28.53118062563068,0.0,0
Swargate,Hinjewadi,20,3,2,2916,19532,0,24.11358024691358,0.0,0
Swargate,Hinjewadi,22,3,0,2123,19469,0,33.01384832783796,0.0,1
Swargate,Hinjewadi,22,3,1,2217,23562,0,38.26035182679296,0.0,0
Swargate,Hinjewadi,22,3,2,2400,19870,0,29.805000000000003,0.0,0
Swargate,Hinjewadi,0,4,0,2123,19469,0,33.01384832783796,0.0,1
Swargate,Hinjewadi,0,4,1,2217,23562,0,38.26035182679296,0.0,0
Swargate,Hinjewadi,0,4,2,2400,19870,0,29.805000000000003,0.0,0
Swargate,Hinjewadi,6,4,0,2160,19447,0,32.41166666666667,0.0,1
Swargate,Hinjewadi,6,4,1,2260,23562,0,37.53238938053098,0.0,0
Swargate,Hinjewadi,6,4,2,2446,19870,0,29.24448078495503,0.0,0
Swargate,Hinjewadi,8,4,0,2292,19447,0,30.545026178010467,0.0,1
Swargate,Hinjewadi,8,4,1,2453,23562,0,34.57937219730942,0.0,0
Swargate,Hinjewadi,8,4,2,2483,19532,0,28.31864679822795,0.0,0
Swargate,Hinjewadi,10,4,0,2433,19447,0,28.774845869297163,0.0,1
Swargate,Hinjewadi,10,4,1,2655,23630,0,32.04067796610169,0.0,0
Swargate,Hinjewadi,10,4,2,2810,19917,0,25.516441281138796,0.0,0
Swargate,Hinjewadi,12,4,0,2659,19447,0,26.32914629559985,0.0,1
Swargate,Hinjewadi,12,4,1,2856,23630,0,29.785714285714285,0.0,0
Swargate,Hinjewadi,12,4,2,3046,19917,0,23.53946158896914,0.0,0
Swargate,Hinjewadi,14,4,0,2749,19447,0,25.46715169152419,0.0,1
Swargate,Hinjewadi,14,4,1,2837,23630,0,29.98519562918576,0.0,0
Swargate,Hinjewadi,14,4,2,3077,19870,0,23.247318817029573,0.0,0
Swargate,Hinjewadi,16,4,0,2903,23630,0,29.30347915949018,0.0,1
Swargate,Hinjewadi,16,4,1,2978,19608,0,23.703425117528543,0.0,0
Swargate,Hinjewadi,16,4,2,3182,20365,0,23.04022627278441,0.0,0
Swargate,Hinjewadi,18,4,0,3045,19447,0,22.99152709359606,0.0,1
Swargate,Hinjewadi,18,4,1,3075,23630,0,27.66439024390244,0.0,0
Swargate,Hinjewadi,18,4,2,3354,20365,0,21.858676207513412,0.0,0
Swargate,Hinjewadi,20,4,0,2585,19447,0,27.08286266924565,0.0,1
Swargate,Hinjewadi,20,4,1,2820,23630,0,30.16595744680851,0.0,0
Swargate,Hinjewadi,20,4,2,3007,19899,0,23.823212504156967,0.0,0
Swargate,Hinjewadi,22,4,0,2123,19469,0,33.01384832783796,0.0,1
Swargate,Hinjewadi,22,4,1,2217,23562,0,38.26035182679296,0.0,0
Swargate,Hinjewadi,22,4,2,2400,19870,0,29.805000000000003,0.0,0
Swargate,Hinjewadi,0,5,0,2123,19469,0,33.01384832783796,0.0,1
Swargate,Hinjewadi,0,5,1,2217,23562,0,38.26035182679296,0.0,0
Swargate,Hinjewadi,0,5,2,2401,19870,0,29.79258642232403,0.0,0
Swargate,Hinjewadi,6,5,0,2178,19469,0,32.1801652892562,0.0,1
Swargate,Hinjewadi,6,5,1,2282,23562,0,37.17055214723927,0.0,0
Swargate,Hinjewadi,6,5,2,2483,19870,0,28.80869915424889,0.0,0
Swargate,Hinjewadi,8,5,0,2608,19447,0,26.84401840490797,0.0,1
Swargate,Hinjewadi,8,5,1,2782,23562,0,30.49000718907261,0.0,0
Swargate,Hinjewadi,8,5,2,2787,19532,0,25.229709364908505,0.0,0
Swargate,Hinjewadi,10,5,0,2850,19469,0,24.592421052631583,0.0,1
Swargate,Hinjewadi,10,5,1,3103,23766,0,27.57254270061231,0.0,0
Swargate,Hinjewadi,10,5,2,3082,19555,0,22.841661258922777,0.0,0
Swargate,Hinjewadi,12,5,0,2964,19469,0,23.64655870445344,0.0,1
Swargate,Hinjewadi,12,5,1,3218,23766,0,26.587197016780607,0.0,0
Swargate,Hinjewadi,12,5,2,3195,19555,0,22.03380281690141,0.0,0
Swargate,Hinjewadi,14,5,0,2794,19469,0,25.085325697924127,0.0,1
Swargate,Hinjewadi,14,5,1,2892,23766,0,29.584232365145223,0.0,0
Swargate,Hinjewadi,14,5,2,2945,19555,0,23.904244482173176,0.0,0
Swargate,Hinjewadi,16,5,0,3032,19469,0,23.116226912928763,0.0,0
Swargate,Hinjewadi,16,5,1,2993,23766,0,28.585900434346808,0.0,1
Swargate,Hinjewadi,16,5,2,3149,19555,0,22.35566846617974,0.0,0
Swargate,Hinjewadi,18,5,0,3366,23630,0,25.27272727272727,0.0,1
Swargate,Hinjewadi,18,5,1,3514,19447,0,19.92293682413204,0.0,0
Swargate,Hinjewadi,18,5,2,3517,19532,0,19.992948535683823,0.0,0
Swargate,Hinjewadi,20,5,0,2772,19447,0,25.255844155844155,0.0,1
Swargate,Hinjewadi,20,5,1,2956,23562,0,28.695263870094724,0.0,0
Swargate,Hinjewadi,20,5,2,2919,19532,0,24.08879753340185,0.0,0
Swargate,Hinjewadi,22,5,0,2123,19469,0,33.01384832783796,0.0,1
Swargate,Hinjewadi,22,5,1,2217,23562,0,38.26035182679296,0.0,0
Swargate,Hinjewadi,22,5,2,2401,19870,0,29.79258642232403,0.0,0
Swargate,Hinjewadi,0,6,0,2123,19469,0,33.01384832783796,0.0,1
Swargate,Hinjewadi,0,6,1,2217,23562,0,38.26035182679296,0.0,0
Swargate,Hinjewadi,0,6,2,2401,19870,0,29.79258642232403,0.0,0
Swargate,Hinjewadi,6,6,0,2188,19447,0,31.99689213893967,0.0,1
Swargate,Hinjewadi,6,6,1,2286,23562,0,37.105511811023625,0.0,0
Swargate,Hinjewadi,6,6,2,2484,19870,0,28.797101449275367,0.0,0
Swargate,Hinjewadi,8,6,0,2654,19447,0,26.37874905802562,0.0,1
Swargate,Hinjewadi,8,6,1,2833,23544,0,29.91824920578892,0.0,0
Swargate,Hinjewadi,8,6,2,2808,19532,0,25.04102564102564,0.0,0
Swargate,Hinjewadi,10,6,0,2975,19469,0,23.55912605042017,0.0,1
Swargate,Hinjewadi,10,6,1,3205,23766,0,26.695039001560065,0.0,0
Swargate,Hinjewadi,10,6,2,3165,19555,0,22.242654028436014,0.0,0
Swargate,Hinjewadi,12,6,0,3108,19469,0,22.55096525096525,0.0,1
Swargate,Hinjewadi,12,6,1,3252,26572,0,29.41549815498155,0.0,0
Swargate,Hinjewadi,12,6,2,3314,19555,0,21.24260712130356,0.0,0
Swargate,Hinjewadi,14,6,0,2910,19447,0,24.058144329896905,0.0,1
Swargate,Hinjewadi,14,6,1,2924,23766,0,29.260465116279068,0.0,0
Swargate,Hinjewadi,14,6,2,3251,19556,0,21.6553675792064,0.0,0
Swargate,Hinjewadi,16,6,0,3040,23766,0,28.14394736842105,0.0,1
Swargate,Hinjewadi,16,6,1,3136,19447,0,22.32436224489796,0.0,0
Swargate,Hinjewadi,16,6,2,3503,19556,0,20.097516414501857,0.0,0
Swargate,Hinjewadi,18,6,0,3444,23578,0,24.645993031358884,0.0,1
Swargate,Hinjewadi,18,6,1,3632,19447,0,19.27566079295154,0.0,0
Swargate,Hinjewadi,18,6,2,3548,26572,0,26.96144306651635,0.0,0
Swargate,Hinjewadi,20,6,0,2797,19447,0,25.03010368251698,0.0,1
Swargate,Hinjewadi,20,6,1,2982,23630,0,28.5271629778672,0.0,0
Swargate,Hinjewadi,20,6,2,2938,19532,0,23.93301565690946,0.0,0
Swargate,Hinjewadi,22,6,0,2123,19469,0,33.01384832783796,0.0,1
Swargate,Hinjewadi,22,6,1,2217,23562,0,38.26035182679296,0.0,0
Swargate,Hinjewadi,22,6,2,2401,19870,0,29.79258642232403,0.0,0
Swargate,Hinjewadi,0,0,0,2123,19469,0,33.01384832783796,0.0,1
Swargate,Hinjewadi,0,0,1,2217,23562,0,38.26035182679296,0.0,0
Swargate,Hinjewadi,0,0,2,2401,19870,0,29.79258642232403,0.0,0
Swargate,Hinjewadi,6,0,0,2183,19469,0,32.10645900137426,0.0,1
Swargate,Hinjewadi,6,0,1,2281,23562,0,37.18684787373959,0.0,0
Swargate,Hinjewadi,6,0,2,2500,19870,0,28.612800000000004,0.0,0
Swargate,Hinjewadi,8,0,0,2631,19447,0,26.60935005701254,0.0,1
Swargate,Hinjewadi,8,0,1,2828,23562,0,29.9940594059406,0.0,0
Swargate,Hinjewadi,8,0,2,2813,19532,0,24.99651617490224,0.0,0
Swargate,Hinjewadi,10,0,0,2939,19469,0,23.847703300442326,0.0,1
Swargate,Hinjewadi,10,0,1,3161,23766,0,27.066624485922173,0.0,0
Swargate,Hinjewadi,10,0,2,3157,19555,0,22.299018055115617,0.0,0
Swargate,Hinjewadi,12,0,0,3060,19469,0,22.904705882352943,0.0,1
Swargate,Hinjewadi,12,0,1,3228,26572,0,29.634200743494425,0.0,0
Swargate,Hinjewadi,12,0,2,3298,19555,0,21.3456640388114,0.0,0
Swargate,Hinjewadi,14,0,0,2853,19469,0,24.566561514195584,0.0,1
Swargate,Hinjewadi,14,0,1,2907,23766,0,29.43157894736842,0.0,0
Swargate,Hinjewadi,14,0,2,3251,19556,0,21.6553675792064,0.0,0
Swargate,Hinjewadi,16,0,0,3027,23766,0,28.26481665014866,0.0,1
Swargate,Hinjewadi,16,0,1,3084,19469,0,22.72645914396887,0.0,0
Swargate,Hinjewadi,16,0,2,3237,19555,0,21.747914735866544,0.0,0
Swargate,Hinjewadi,18,0,0,3430,23630,0,24.801166180758017,0.0,1
Swargate,Hinjewadi,18,0,1,3543,19447,0,19.759864521591872,0.0,0
Swargate,Hinjewadi,18,0,2,3614,19532,0,19.45633646928611,0.0,0
Swargate,Hinjewadi,20,0,0,2795,19447,0,25.048014311270123,0.0,1
Swargate,Hinjewadi,20,0,1,2970,23630,0,28.642424242424244,0.0,0
Swargate,Hinjewadi,20,0,2,2954,19532,0,23.803385240352064,0.0,0
Swargate,Hinjewadi,22,0,0,2123,19469,0,33.01384832783796,0.0,1
Swargate,Hinjewadi,22,0,1,2217,23562,0,38.26035182679296,0.0,0
Swargate,Hinjewadi,22,0,2,2401,19870,0,29.79258642232403,0.0,0
Swargate,Hinjewadi,0,1,0,2123,19469,0,33.01384832783796,0.0,1
Swargate,Hinjewadi,0,1,1,2217,23562,0,38.26035182679296,0.0,0
Swargate,Hinjewadi,0,1,2,2401,19870,0,29.79258642232403,0.0,0
Swargate,Hinjewadi,6,1,0,2182,19469,0,32.1211732355637,0.0,1
Swargate,Hinjewadi,6,1,1,2279,23562,0,37.21948222904783,0.0,0
Swargate,Hinjewadi,6,1,2,2490,19870,0,28.727710843373497,0.0,0
Swargate,Hinjewadi,8,1,0,2586,19447,0,27.07238979118329,0.0,1
Swargate,Hinjewadi,8,1,1,2779,23544,0,30.49960417416337,0.0,0
Swargate,Hinjewadi,8,1,2,2775,19532,0,25.33881081081081,0.0,0
Swargate,Hinjewadi,10,1,0,2874,19469,0,24.38705636743215,0.0,1
Swargate,Hinjewadi,10,1,1,3103,23766,0,27.57254270061231,0.0,0
Swargate,Hinjewadi,10,1,2,3076,19555,0,22.88621586475943,0.0,0
Swargate,Hinjewadi,12,1,0,3015,19469,0,23.246567164179105,0.0,1
Swargate,Hinjewadi,12,1,1,3227,23766,0,26.51304617291602,0.0,0
Swargate,Hinjewadi,12,1,2,3221,19555,0,21.85594535858429,0.0,0
Swargate,Hinjewadi,14,1,0,2861,19469,0,24.49786787836421,0.0,1
Swargate,Hinjewadi,14,1,1,2893,23766,0,29.574006221914964,0.0,0
Swargate,Hinjewadi,14,1,2,3197,19556,0,22.02114482327182,0.0,0
Swargate,Hinjewadi,16,1,0,3009,23766,0,28.433898305084742,0.0,1
Swargate,Hinjewadi,16,1,1,3089,19469,0,22.689673033344125,0.0,0
Swargate,Hinjewadi,16,1,2,3431,19556,0,20.51926552025649,0.0,0
Swargate,Hinjewadi,18,1,0,3431,23578,0,24.739376275138444,0.0,1
Swargate,Hinjewadi,18,1,1,3558,19447,0,19.67655986509275,0.0,0
Swargate,Hinjewadi,18,1,2,3565,19532,0,19.7237587657784,0.0,0
Swargate,Hinjewadi,20,1,0,2792,19447,0,25.074928366762176,0.0,1
Swargate,Hinjewadi,20,1,1,2988,23630,0,28.46987951807229,0.0,0
Swargate,Hinjewadi,20,1,2,3180,19917,0,22.547547169811324,0.0,0
Swargate,Hinjewadi,22,1,0,2123,19469,0,33.01384832783796,0.0,1
Swargate,Hinjewadi,22,1,1,2217,23562,0,38.26035182679296,0.0,0
Swargate,Hinjewadi,22,1,2,2401,19870,0,29.79258642232403,0.0,0
Swargate,Hinjewadi,0,2,0,2123,19469,0,33.01384832783796,0.0,1
Swargate,Hinjewadi,0,2,1,2217,23562,0,38.26035182679296,0.0,0
Swargate,Hinjewadi,0,2,2,2401,19870,0,29.79258642232403,0.0,0
Swargate,Hinjewadi,6,2,0,2173,19447,0,32.21776346065347,0.0,1
Swargate,Hinjewadi,6,2,1,2271,23562,0,37.35059445178336,0.0,0
Swargate,Hinjewadi,6,2,2,2481,19870,0,28.83192261185006,0.0,0
Swargate,Hinjewadi,8,2,0,2558,19447,0,27.368725566849097,0.0,1
Swargate,Hinjewadi,8,2,1,2721,23544,0,31.14972436604189,0.0,0
Swargate,Hinjewadi,8,2,2,2735,19532,0,25.709396709323585,0.0,0
Swargate,Hinjewadi,10,2,0,2850,19469,0,24.592421052631583,0.0,1
Swargate,Hinjewadi,10,2,1,3056,23766,0,27.99659685863874,0.0,0
Swargate,Hinjewadi,10,2,2,3018,19555,0,23.32604373757455,0.0,0
Swargate,Hinjewadi,12,2,0,3044,19469,0,23.02509855453351,0.0,1
Swargate,Hinjewadi,12,2,1,3241,23766,0,26.398518975624807,0.0,0
Swargate,Hinjewadi,12,2,2,3231,19555,0,21.7883008356546,0.0,0
Swargate,Hinjewadi,14,2,0,2893,19469,0,24.226892499135847,0.0,1
Swargate,Hinjewadi,14,2,1,2932,23766,0,29.1806275579809,0.0,0
Swargate,Hinjewadi,14,2,2,3255,19556,0,21.628755760368666,0.0,0
Swargate,Hinjewadi,16,2,0,3033,23766,0,28.208902077151333,0.0,1
Swargate,Hinjewadi,16,2,1,3116,19447,0,22.46765083440308,0.0,0
Swargate,Hinjewadi,16,2,2,3566,19917,0,20.106898485698263,0.0,0
Swargate,Hinjewadi,18,2,0,3431,23578,0,24.739376275138444,0.0,1
Swargate,Hinjewadi,18,2,1,3579,19447,0,19.56110645431685,0.0,0
Swargate,Hinjewadi,18,2,2,3587,19532,0,19.60278784499582,0.0,0
Swargate,Hinjewadi,20,2,0,2835,19469,0,24.722539682539686,0.0,1
Swargate,Hinjewadi,20,2,1,3016,23630,0,28.20557029177719,0.0,0
Swargate,Hinjewadi,20,2,2,2972,19555,0,23.68707940780619,0.0,0
Swargate,Hinjewadi,22,2,0,2123,19469,0,33.01384832783796,0.0,1
Swargate,Hinjewadi,22,2,1,2217,23562,0,38.26035182679296,0.0,0
Swargate,Hinjewadi,22,2,2,2401,19870,0,29.79258642232403,0.0,0
Swargate,Hinjewadi,0,3,0,2123,19469,0,33.01384832783796,0.0,1
Swargate,Hinjewadi,0,3,1,2217,23562,0,38.26035182679296,0.0,0
Swargate,Hinjewadi,0,3,2,2400,19870,0,29.805000000000003,0.0,0
Swargate,Hinjewadi,6,3,0,2169,19469,0,32.31369294605809,0.0,1
Swargate,Hinjewadi,6,3,1,2271,23562,0,37.35059445178336,0.0,0
Swargate,Hinjewadi,6,3,2,2465,19870,0,29.019066937119675,0.0,0
Swargate,Hinjewadi,8,3,0,2417,19447,0,28.96532892014894,0.0,1
Swargate,Hinjewadi,8,3,1,2590,23562,0,32.75027027027027,0.0,0
Swargate,Hinjewadi,8,3,2,2584,19532,0,27.21176470588236,0.0,0
Swargate,Hinjewadi,10,3,0,2630,19469,0,26.649581749049432,0.0,1
Swargate,Hinjewadi,10,3,1,2931,23766,0,29.19058341862845,0.0,0
Swargate,Hinjewadi,10,3,2,2808,19555,0,25.070512820512818,0.0,0
Swargate,Hinjewadi,12,3,0,2966,19469,0,23.630613621038435,0.0,1
Swargate,Hinjewadi,12,3,1,3215,26572,0,29.75402799377916,0.0,0
Swargate,Hinjewadi,12,3,2,3179,19555,0,22.14469959106637,0.0,0
Swargate,Hinjewadi,14,3,0,3075,19469,0,22.7929756097561,0.0,1
Swargate,Hinjewadi,14,3,1,3118,23766,0,27.43989737010904,0.0,0
Swargate,Hinjewadi,14,3,2,3502,19556,0,20.103255282695603,0.0,0
Swargate,Hinjewadi,16,3,0,3166,23766,0,27.02387871130764,0.0,1
Swargate,Hinjewadi,16,3,1,3356,19469,0,20.88450536352801,0.0,0
Swargate,Hinjewadi,16,3,2,3209,26572,0,29.80966033032097,0.0,0
Swargate,Hinjewadi,18,3,0,3348,23578,0,25.35268817204301,0.0,1
Swargate,Hinjewadi,18,3,1,3463,19850,0,20.635287323130235,0.0,0
Swargate,Hinjewadi,18,3,2,3646,19556,0,19.309270433351617,0.0,0
Swargate,Hinjewadi,20,3,0,2765,19447,0,25.319783001808315,0.0,1
Swargate,Hinjewadi,20,3,1,2973,23562,0,28.53118062563068,0.0,0
Swargate,Hinjewadi,20,3,2,2916,19532,0,24.11358024691358,0.0,0
Swargate,Hinjewadi,22,3,0,2123,19469,0,33.01384832783796,0.0,1
Swargate,Hinjewadi,22,3,1,2217,23562,0,38.26035182679296,0.0,0
Swargate,Hinjewadi,22,3,2,2400,19870,0,29.805000000000003,0.0,0
Swargate,Hinjewadi,0,4,0,2123,19469,0,33.01384832783796,0.0,1
Swargate,Hinjewadi,0,4,1,2217,23562,0,38.26035182679296,0.0,0
Swargate,Hinjewadi,0,4,2,2400,19870,0,29.805000000000003,0.0,0
Swargate,Hinjewadi,6,4,0,2160,19447,0,32.41166666666667,0.0,1
Swargate,Hinjewadi,6,4,1,2260,23562,0,37.53238938053098,0.0,0
Swargate,Hinjewadi,6,4,2,2446,19870,0,29.24448078495503,0.0,0
Swargate,Hinjewadi,8,4,0,2292,19447,0,30.545026178010467,0.0,1
Swargate,Hinjewadi,8,4,1,2453,23562,0,34.57937219730942,0.0,0
Swargate,Hinjewadi,8,4,2,2483,19532,0,28.31864679822795,0.0,0
Swargate,Hinjewadi,10,4,0,2433,19447,0,28.774845869297163,0.0,1
Swargate,Hinjewadi,10,4,1,2655,23630,0,32.04067796610169,0.0,0
Swargate,Hinjewadi,10,4,2,2810,19917,0,25.516441281138796,0.0,0
Swargate,Hinjewadi,12,4,0,2659,19447,0,26.32914629559985,0.0,1
Swargate,Hinjewadi,12,4,1,2856,23630,0,29.785714285714285,0.0,0
Swargate,Hinjewadi,12,4,2,3046,19917,0,23.53946158896914,0.0,0
Swargate,Hinjewadi,14,4,0,2749,19447,0,25.46715169152419,0.0,1
Swargate,Hinjewadi,14,4,1,2837,23630,0,29.98519562918576,0.0,0
Swargate,Hinjewadi,14,4,2,3077,19870,0,23.247318817029573,0.0,0
Swargate,Hinjewadi,16,4,0,2903,23630,0,29.30347915949018,0.0,1
Swargate,Hinjewadi,16,4,1,2978,19608,0,23.703425117528543,0.0,0
Swargate,Hinjewadi,16,4,2,3182,20365,0,23.04022627278441,0.0,0
Swargate,Hinjewadi,18,4,0,3045,19447,0,22.99152709359606,0.0,1
Swargate,Hinjewadi,18,4,1,3075,23630,0,27.66439024390244,0.0,0
Swargate,Hinjewadi,18,4,2,3354,20365,0,21.858676207513412,0.0,0
Swargate,Hinjewadi,20,4,0,2585,19447,0,27.08286266924565,0.0,1
Swargate,Hinjewadi,20,4,1,2820,23630,0,30.16595744680851,0.0,0
Swargate,Hinjewadi,20,4,2,3007,19899,0,23.823212504156967,0.0,0
Swargate,Hinjewadi,22,4,0,2123,19469,0,33.01384832783796,0.0,1
Swargate,Hinjewadi,22,4,1,2217,23562,0,38.26035182679296,0.0,0
Swargate,Hinjewadi,22,4,2,2400,19870,0,29.805000000000003,0.0,0
Swargate,Hinjewadi,0,5,0,2123,19469,0,33.01384832783796,0.0,1
Swargate,Hinjewadi,0,5,1,2217,23562,0,38.26035182679296,0.0,0
Swargate,Hinjewadi,0,5,2,2401,19870,0,29.79258642232403,0.0,0
Swargate,Hinjewadi,6,5,0,2178,19469,0,32.1801652892562,0.0,1
Swargate,Hinjewadi,6,5,1,2282,23562,0,37.17055214723927,0.0,0
Swargate,Hinjewadi,6,5,2,2483,19870,0,28.80869915424889,0.0,0
Swargate,Hinjewadi,8,5,0,2608,19447,0,26.84401840490797,0.0,1
Swargate,Hinjewadi,8,5,1,2782,23562,0,30.49000718907261,0.0,0
Swargate,Hinjewadi,8,5,2,2787,19532,0,25.229709364908505,0.0,0
Swargate,Hinjewadi,10,5,0,2850,19469,0,24.592421052631583,0.0,1
Swargate,Hinjewadi,10,5,1,3103,23766,0,27.57254270061231,0.0,0
Swargate,Hinjewadi,10,5,2,3082,19555,0,22.841661258922777,0.0,0
Swargate,Hinjewadi,12,5,0,2964,19469,0,23.64655870445344,0.0,1
Swargate,Hinjewadi,12,5,1,3218,23766,0,26.587197016780607,0.0,0
Swargate,Hinjewadi,12,5,2,3195,19555,0,22.03380281690141,0.0,0
Swargate,Hinjewadi,14,5,0,2794,19469,0,25.085325697924127,0.0,1
Swargate,Hinjewadi,14,5,1,2892,23766,0,29.584232365145223,0.0,0
Swargate,Hinjewadi,14,5,2,2945,19555,0,23.904244482173176,0.0,0
Swargate,Hinjewadi,16,5,0,3032,19469,0,23.116226912928763,0.0,0
Swargate,Hinjewadi,16,5,1,2993,23766,0,28.585900434346808,0.0,1
Swargate,Hinjewadi,16,5,2,3149,19555,0,22.35566846617974,0.0,0
Swargate,Hinjewadi,18,5,0,3366,23630,0,25.27272727272727,0.0,1
Swargate,Hinjewadi,18,5,1,3514,19447,0,19.92293682413204,0.0,0
Swargate,Hinjewadi,18,5,2,3517,19532,0,19.992948535683823,0.0,0
Swargate,Hinjewadi,20,5,0,2772,19447,0,25.255844155844155,0.0,1
Swargate,Hinjewadi,20,5,1,2956,23562,0,28.695263870094724,0.0,0
Swargate,Hinjewadi,20,5,2,2919,19532,0,24.08879753340185,0.0,0
Swargate,Hinjewadi,22,5,0,2123,19469,0,33.01384832783796,0.0,1
Swargate,Hinjewadi,22,5,1,2217,23562,0,38.26035182679296,0.0,0
Swargate,Hinjewadi,22,5,2,2401,19870,0,29.79258642232403,0.0,0
Swargate,Hinjewadi,0,6,0,2123,19469,0,33.01384832783796,0.0,1
Swargate,Hinjewadi,0,6,1,2217,23562,0,38.26035182679296,0.0,0
Swargate,Hinjewadi,0,6,2,2401,19870,0,29.79258642232403,0.0,0
Swargate,Hinjewadi,6,6,0,2188,19447,0,31.99689213893967,0.0,1
Swargate,Hinjewadi,6,6,1,2286,23562,0,37.105511811023625,0.0,0
Swargate,Hinjewadi,6,6,2,2484,19870,0,28.797101449275367,0.0,0
Swargate,Hinjewadi,8,6,0,2654,19447,0,26.37874905802562,0.0,1
Swargate,Hinjewadi,8,6,1,2833,23544,0,29.91824920578892,0.0,0
Swargate,Hinjewadi,8,6,2,2808,19532,0,25.04102564102564,0.0,0
Swargate,Hinjewadi,10,6,0,2975,19469,0,23.55912605042017,0.0,1
Swargate,Hinjewadi,10,6,1,3205,23766,0,26.695039001560065,0.0,0
Swargate,Hinjewadi,10,6,2,3165,19555,0,22.242654028436014,0.0,0
Swargate,Hinjewadi,12,6,0,3108,19469,0,22.55096525096525,0.0,1
Swargate,Hinjewadi,12,6,1,3252,26572,0,29.41549815498155,0.0,0
Swargate,Hinjewadi,12,6,2,3314,19555,0,21.24260712130356,0.0,0
Swargate,Hinjewadi,14,6,0,2910,19447,0,24.058144329896905,0.0,1
Swargate,Hinjewadi,14,6,1,2924,23766,0,29.260465116279068,0.0,0
Swargate,Hinjewadi,14,6,2,3251,19556,0,21.6553675792064,0.0,0
Swargate,Hinjewadi,16,6,0,3040,23766,0,28.14394736842105,0.0,1
Swargate,Hinjewadi,16,6,1,3136,19447,0,22.32436224489796,0.0,0
Swargate,Hinjewadi,16,6,2,3503,19556,0,20.097516414501857,0.0,0
Swargate,Hinjewadi,18,6,0,3444,23578,0,24.645993031358884,0.0,1
Swargate,Hinjewadi,18,6,1,3632,19447,0,19.27566079295154,0.0,0
Swargate,Hinjewadi,18,6,2,3548,26572,0,26.96144306651635,0.0,0
Swargate,Hinjewadi,20,6,0,2797,19447,0,25.03010368251698,0.0,1
Swargate,Hinjewadi,20,6,1,2982,23630,0,28.5271629778672,0.0,0
Swargate,Hinjewadi,20,6,2,2938,19532,0,23.93301565690946,0.0,0
Swargate,Hinjewadi,22,6,0,2123,19469,0,33.01384832783796,0.0,1
Swargate,Hinjewadi,22,6,1,2217,23562,0,38.26035182679296,0.0,0
Swargate,Hinjewadi,22,6,2,2401,19870,0,29.79258642232403,0.0,0
Swargate,Hinjewadi,0,0,0,2123,19469,0,33.01384832783796,0.0,1
Swargate,Hinjewadi,0,0,1,2217,23562,0,38.26035182679296,0.0,0
Swargate,Hinjewadi,0,0,2,2401,19870,0,29.79258642232403,0.0,0
Swargate,Hinjewadi,6,0,0,2183,19469,0,32.10645900137426,0.0,1
Swargate,Hinjewadi,6,0,1,2281,23562,0,37.18684787373959,0.0,0
Swargate,Hinjewadi,6,0,2,2500,19870,0,28.612800000000004,0.0,0
Swargate,Hinjewadi,8,0,0,2631,19447,0,26.60935005701254,0.0,1
Swargate,Hinjewadi,8,0,1,2828,23562,0,29.9940594059406,0.0,0
Swargate,Hinjewadi,8,0,2,2813,19532,0,24.99651617490224,0.0,0
Swargate,Hinjewadi,10,0,0,2939,19469,0,23.847703300442326,0.0,1
Swargate,Hinjewadi,10,0,1,3161,23766,0,27.066624485922173,0.0,0
Swargate,Hinjewadi,10,0,2,3157,19555,0,22.299018055115617,0.0,0
Swargate,Hinjewadi,12,0,0,3060,19469,0,22.904705882352943,0.0,1
Swargate,Hinjewadi,12,0,1,3228,26572,0,29.634200743494425,0.0,0
Swargate,Hinjewadi,12,0,2,3298,19555,0,21.3456640388114,0.0,0
Swargate,Hinjewadi,14,0,0,2853,19469,0,24.566561514195584,0.0,1
Swargate,Hinjewadi,14,0,1,2907,23766,0,29.43157894736842,0.0,0
Swargate,Hinjewadi,14,0,2,3251,19556,0,21.6553675792064,0.0,0
Swargate,Hinjewadi,16,0,0,3027,23766,0,28.26481665014866,0.0,1
Swargate,Hinjewadi,16,0,1,3084,19469,0,22.72645914396887,0.0,0
Swargate,Hinjewadi,16,0,2,3237,19555,0,21.747914735866544,0.0,0
Swargate,Hinjewadi,18,0,0,3430,23630,0,24.801166180758017,0.0,1
Swargate,Hinjewadi,18,0,1,3543,19447,0,19.759864521591872,0.0,0
Swargate,Hinjewadi,18,0,2,3614,19532,0,19.45633646928611,0.0,0
Swargate,Hinjewadi,20,0,0,2795,19447,0,25.048014311270123,0.0,1
Swargate,Hinjewadi,20,0,1,2970,23630,0,28.642424242424244,0.0,0
Swargate,Hinjewadi,20,0,2,2954,19532,0,23.803385240352064,0.0,0
Swargate,Hinjewadi,22,0,0,2123,19469,0,33.01384832783796,0.0,1
Swargate,Hinjewadi,22,0,1,2217,23562,0,38.26035182679296,0.0,0
Swargate,Hinjewadi,22,0,2,2401,19870,0,29.79258642232403,0.0,0
Swargate,Hinjewadi,0,1,0,2123,19469,0,33.01384832783796,0.0,1
Swargate,Hinjewadi,0,1,1,2217,23562,0,38.26035182679296,0.0,0
Swargate,Hinjewadi,0,1,2,2401,19870,0,29.79258642232403,0.0,0
Swargate,Hinjewadi,6,1,0,2182,19469,0,32.1211732355637,0.0,1
Swargate,Hinjewadi,6,1,1,2279,23562,0,37.21948222904783,0.0,0
Swargate,Hinjewadi,6,1,2,2490,19870,0,28.727710843373497,0.0,0
Swargate,Hinjewadi,8,1,0,2586,19447,0,27.07238979118329,0.0,1
Swargate,Hinjewadi,8,1,1,2779,23544,0,30.49960417416337,0.0,0
Swargate,Hinjewadi,8,1,2,2775,19532,0,25.33881081081081,0.0,0
Swargate,Hinjewadi,10,1,0,2874,19469,0,24.38705636743215,0.0,1
Swargate,Hinjewadi,10,1,1,3103,23766,0,27.57254270061231,0.0,0
Swargate,Hinjewadi,10,1,2,3076,19555,0,22.88621586475943,0.0,0
Swargate,Hinjewadi,12,1,0,3015,19469,0,23.246567164179105,0.0,1
Swargate,Hinjewadi,12,1,1,3227,23766,0,26.51304617291602,0.0,0
Swargate,Hinjewadi,12,1,2,3221,19555,0,21.85594535858429,0.0,0
Swargate,Hinjewadi,14,1,0,2861,19469,0,24.49786787836421,0.0,1
Swargate,Hinjewadi,14,1,1,2893,23766,0,29.574006221914964,0.0,0
Swargate,Hinjewadi,14,1,2,3197,19556,0,22.02114482327182,0.0,0
Swargate,Hinjewadi,16,1,0,3009,23766,0,28.433898305084742,0.0,1
Swargate,Hinjewadi,16,1,1,3089,19469,0,22.689673033344125,0.0,0
Swargate,Hinjewadi,16,1,2,3431,19556,0,20.51926552025649,0.0,0
Swargate,Hinjewadi,18,1,0,3431,23578,0,24.739376275138444,0.0,1
Swargate,Hinjewadi,18,1,1,3558,19447,0,19.67655986509275,0.0,0
Swargate,Hinjewadi,18,1,2,3565,19532,0,19.7237587657784,0.0,0
Swargate,Hinjewadi,20,1,0,2792,19447,0,25.074928366762176,0.0,1
Swargate,Hinjewadi,20,1,1,2988,23630,0,28.46987951807229,0.0,0
Swargate,Hinjewadi,20,1,2,2929,19532,0,24.00655513827245,0.0,0
Swargate,Hinjewadi,22,1,0,2123,19469,0,33.01384832783796,0.0,1
Swargate,Hinjewadi,22,1,1,2217,23562,0,38.26035182679296,0.0,0
Swargate,Hinjewadi,22,1,2,2401,19870,0,29.79258642232403,0.0,0
Swargate,Hinjewadi,0,2,0,2123,19469,0,33.01384832783796,0.0,1
Swargate,Hinjewadi,0,2,1,2217,23562,0,38.26035182679296,0.0,0
Swargate,Hinjewadi,0,2,2,2401,19870,0,29.79258642232403,0.0,0
Swargate,Hinjewadi,6,2,0,2173,19447,0,32.21776346065347,0.0,1
Swargate,Hinjewadi,6,2,1,2271,23562,0,37.35059445178336,0.0,0
Swargate,Hinjewadi,6,2,2,2481,19870,0,28.83192261185006,0.0,0
Swargate,Hinjewadi,8,2,0,2558,19447,0,27.368725566849097,0.0,1
Swargate,Hinjewadi,8,2,1,2721,23544,0,31.14972436604189,0.0,0
Swargate,Hinjewadi,8,2,2,2735,19532,0,25.709396709323585,0.0,0
Swargate,Hinjewadi,10,2,0,2850,19469,0,24.592421052631583,0.0,1
Swargate,Hinjewadi,10,2,1,3056,23766,0,27.99659685863874,0.0,0
Swargate,Hinjewadi,10,2,2,3018,19555,0,23.32604373757455,0.0,0
Swargate,Hinjewadi,12,2,0,3044,19469,0,23.02509855453351,0.0,1
Swargate,Hinjewadi,12,2,1,3241,23766,0,26.398518975624807,0.0,0
Swargate,Hinjewadi,12,2,2,3231,19555,0,21.7883008356546,0.0,0
Swargate,Hinjewadi,14,2,0,2893,19469,0,24.226892499135847,0.0,1
Swargate,Hinjewadi,14,2,1,2932,23766,0,29.1806275579809,0.0,0
Swargate,Hinjewadi,14,2,2,3255,19556,0,21.628755760368666,0.0,0
Swargate,Hinjewadi,16,2,0,3033,23766,0,28.208902077151333,0.0,1
Swargate,Hinjewadi,16,2,1,3116,19447,0,22.46765083440308,0.0,0
Swargate,Hinjewadi,16,2,2,3566,19917,0,20.106898485698263,0.0,0
Swargate,Hinjewadi,18,2,0,3431,23578,0,24.739376275138444,0.0,1
Swargate,Hinjewadi,18,2,1,3579,19447,0,19.56110645431685,0.0,0
Swargate,Hinjewadi,18,2,2,3587,19532,0,19.60278784499582,0.0,0
Swargate,Hinjewadi,20,2,0,2835,19469,0,24.722539682539686,0.0,1
Swargate,Hinjewadi,20,2,1,3016,23630,0,28.20557029177719,0.0,0
Swargate,Hinjewadi,20,2,2,2972,19555,0,23.68707940780619,0.0,0
Swargate,Hinjewadi,22,2,0,2123,19469,0,33.01384832783796,0.0,1
Swargate,Hinjewadi,22,2,1,2217,23562,0,38.26035182679296,0.0,0
Swargate,Hinjewadi,22,2,2,2401,19870,0,29.79258642232403,0.0,0
Swargate,Hinjewadi,0,3,0,2123,19469,0,33.01384832783796,0.0,1
Swargate,Hinjewadi,0,3,1,2217,23562,0,38.26035182679296,0.0,0
Swargate,Hinjewadi,0,3,2,2400,19870,0,29.805000000000003,0.0,0
Swargate,Hinjewadi,6,3,0,2169,19469,0,32.31369294605809,0.0,1
Swargate,Hinjewadi,6,3,1,2271,23562,0,37.35059445178336,0.0,0
Swargate,Hinjewadi,6,3,2,2465,19870,0,29.019066937119675,0.0,0
Swargate,Hinjewadi,8,3,0,2417,19447,0,28.96532892014894,0.0,1
Swargate,Hinjewadi,8,3,1,2590,23562,0,32.75027027027027,0.0,0
Swargate,Hinjewadi,8,3,2,2584,19532,0,27.21176470588236,0.0,0
Swargate,Hinjewadi,10,3,0,2630,19469,0,26.649581749049432,0.0,1
Swargate,Hinjewadi,10,3,1,2931,23766,0,29.19058341862845,0.0,0
Swargate,Hinjewadi,10,3,2,2808,19555,0,25.070512820512818,0.0,0
Swargate,Hinjewadi,12,3,0,2966,19469,0,23.630613621038435,0.0,1
Swargate,Hinjewadi,12,3,1,3215,26572,0,29.75402799377916,0.0,0
Swargate,Hinjewadi,12,3,2,3179,19555,0,22.14469959106637,0.0,0
Swargate,Hinjewadi,14,3,0,3075,19469,0,22.7929756097561,0.0,1
Swargate,Hinjewadi,14,3,1,3118,23766,0,27.43989737010904,0.0,0
Swargate,Hinjewadi,14,3,2,3502,19556,0,20.103255282695603,0.0,0
Swargate,Hinjewadi,16,3,0,3166,23766,0,27.02387871130764,0.0,1
Swargate,Hinjewadi,16,3,1,3356,19469,0,20.88450536352801,0.0,0
Swargate,Hinjewadi,16,3,2,3209,26572,0,29.80966033032097,0.0,0
Swargate,Hinjewadi,18,3,0,3348,23578,0,25.35268817204301,0.0,1
Swargate,Hinjewadi,18,3,1,3463,19850,0,20.635287323130235,0.0,0
Swargate,Hinjewadi,18,3,2,3646,19556,0,19.309270433351617,0.0,0
Swargate,Hinjewadi,20,3,0,2765,19447,0,25.319783001808315,0.0,1
Swargate,Hinjewadi,20,3,1,2973,23562,0,28.53118062563068,0.0,0
Swargate,Hinjewadi,20,3,2,2916,19532,0,24.11358024691358,0.0,0
Swargate,Hinjewadi,22,3,0,2123,19469,0,33.01384832783796,0.0,1
Swargate,Hinjewadi,22,3,1,2217,23562,0,38.26035182679296,0.0,0
Swargate,Hinjewadi,22,3,2,2400,19870,0,29.805000000000003,0.0,0
Swargate,Hinjewadi,0,4,0,2123,19469,0,33.01384832783796,0.0,1
Swargate,Hinjewadi,0,4,1,2217,23562,0,38.26035182679296,0.0,0
Swargate,Hinjewadi,0,4,2,2400,19870,0,29.805000000000003,0.0,0
Swargate,Hinjewadi,6,4,0,2160,19447,0,32.41166666666667,0.0,1
Swargate,Hinjewadi,6,4,1,2260,23562,0,37.53238938053098,0.0,0
Swargate,Hinjewadi,6,4,2,2446,19870,0,29.24448078495503,0.0,0
Swargate,Hinjewadi,8,4,0,2292,19447,0,30.545026178010467,0.0,1
Swargate,Hinjewadi,8,4,1,2453,23562,0,34.57937219730942,0.0,0
Swargate,Hinjewadi,8,4,2,2483,19532,0,28.31864679822795,0.0,0
Swargate,Hinjewadi,10,4,0,2433,19447,0,28.774845869297163,0.0,1
Swargate,Hinjewadi,10,4,1,2655,23630,0,32.04067796610169,0.0,0
Swargate,Hinjewadi,10,4,2,2810,19917,0,25.516441281138796,0.0,0
Swargate,Hinjewadi,12,4,0,2659,19447,0,26.32914629559985,0.0,1
Swargate,Hinjewadi,12,4,1,2856,23630,0,29.785714285714285,0.0,0
Swargate,Hinjewadi,12,4,2,3046,19917,0,23.53946158896914,0.0,0
Swargate,Hinjewadi,14,4,0,2749,19447,0,25.46715169152419,0.0,1
Swargate,Hinjewadi,14,4,1,2837,23630,0,29.98519562918576,0.0,0
Swargate,Hinjewadi,14,4,2,3077,19870,0,23.247318817029573,0.0,0
Swargate,Hinjewadi,16,4,0,2903,23630,0,29.30347915949018,0.0,1
Swargate,Hinjewadi,16,4,1,2978,19608,0,23.703425117528543,0.0,0
Swargate,Hinjewadi,16,4,2,3182,20365,0,23.04022627278441,0.0,0
Swargate,Hinjewadi,18,4,0,3045,19447,0,22.99152709359606,0.0,1
Swargate,Hinjewadi,18,4,1,3075,23630,0,27.66439024390244,0.0,0
Swargate,Hinjewadi,18,4,2,3354,20365,0,21.858676207513412,0.0,0
Swargate,Hinjewadi,20,4,0,2585,19447,0,27.08286266924565,0.0,1
Swargate,Hinjewadi,20,4,1,2820,23630,0,30.16595744680851,0.0,0
Swargate,Hinjewadi,20,4,2,3007,19899,0,23.823212504156967,0.0,0
Swargate,Hinjewadi,22,4,0,2123,19469,0,33.01384832783796,0.0,1
Swargate,Hinjewadi,22,4,1,2217,23562,0,38.26035182679296,0.0,0
Swargate,Hinjewadi,22,4,2,2400,19870,0,29.805000000000003,0.0,0
Swargate,Hinjewadi,0,5,0,2123,19469,0,33.01384832783796,0.0,1
Swargate,Hinjewadi,0,5,1,2217,23562,0,38.26035182679296,0.0,0
Swargate,Hinjewadi,0,5,2,2401,19870,0,29.79258642232403,0.0,0
Swargate,Hinjewadi,6,5,0,2178,19469,0,32.1801652892562,0.0,1
Swargate,Hinjewadi,6,5,1,2282,23562,0,37.17055214723927,0.0,0
Swargate,Hinjewadi,6,5,2,2483,19870,0,28.80869915424889,0.0,0
Swargate,Hinjewadi,8,5,0,2608,19447,0,26.84401840490797,0.0,1
Swargate,Hinjewadi,8,5,1,2782,23562,0,30.49000718907261,0.0,0
Swargate,Hinjewadi,8,5,2,2787,19532,0,25.229709364908505,0.0,0
Swargate,Hinjewadi,10,5,0,2850,19469,0,24.592421052631583,0.0,1
Swargate,Hinjewadi,10,5,1,3103,23766,0,27.57254270061231,0.0,0
Swargate,Hinjewadi,10,5,2,3082,19555,0,22.841661258922777,0.0,0
Swargate,Hinjewadi,12,5,0,2964,19469,0,23.64655870445344,0.0,1
Swargate,Hinjewadi,12,5,1,3218,23766,0,26.587197016780607,0.0,0
Swargate,Hinjewadi,12,5,2,3195,19555,0,22.03380281690141,0.0,0
Swargate,Hinjewadi,14,5,0,2794,19469,0,25.085325697924127,0.0,1
Swargate,Hinjewadi,14,5,1,2892,23766,0,29.584232365145223,0.0,0
Swargate,Hinjewadi,14,5,2,2945,19555,0,23.904244482173176,0.0,0
Swargate,Hinjewadi,16,5,0,3032,19469,0,23.116226912928763,0.0,0
Swargate,Hinjewadi,16,5,1,2993,23766,0,28.585900434346808,0.0,1
Swargate,Hinjewadi,16,5,2,3149,19555,0,22.35566846617974,0.0,0
Swargate,Hinjewadi,18,5,0,3366,23630,0,25.27272727272727,0.0,1
Swargate,Hinjewadi,18,5,1,3514,19447,0,19.92293682413204,0.0,0
Swargate,Hinjewadi,18,5,2,3517,19532,0,19.992948535683823,0.0,0
Swargate,Hinjewadi,20,5,0,2772,19447,0,25.255844155844155,0.0,1
Swargate,Hinjewadi,20,5,1,2956,23562,0,28.695263870094724,0.0,0
Swargate,Hinjewadi,20,5,2,2919,19532,0,24.08879753340185,0.0,0
Swargate,Hinjewadi,22,5,0,2123,19469,0,33.01384832783796,0.0,1
Swargate,Hinjewadi,22,5,1,2217,23562,0,38.26035182679296,0.0,0
Swargate,Hinjewadi,22,5,2,2401,19870,0,29.79258642232403,0.0,0
Swargate,Hinjewadi,0,6,0,2123,19469,0,33.01384832783796,0.0,1
Swargate,Hinjewadi,0,6,1,2217,23562,0,38.26035182679296,0.0,0
Swargate,Hinjewadi,0,6,2,2401,19870,0,29.79258642232403,0.0,0
Swargate,Hinjewadi,6,6,0,2188,19447,0,31.99689213893967,0.0,1
Swargate,Hinjewadi,6,6,1,2286,23562,0,37.105511811023625,0.0,0
Swargate,Hinjewadi,6,6,2,2484,19870,0,28.797101449275367,0.0,0
Swargate,Hinjewadi,8,6,0,2654,19447,0,26.37874905802562,0.0,1
Swargate,Hinjewadi,8,6,1,2833,23544,0,29.91824920578892,0.0,0
Swargate,Hinjewadi,8,6,2,2808,19532,0,25.04102564102564,0.0,0
Swargate,Hinjewadi,10,6,0,2975,19469,0,23.55912605042017,0.0,1
Swargate,Hinjewadi,10,6,1,3205,23766,0,26.695039001560065,0.0,0
Swargate,Hinjewadi,10,6,2,3165,19555,0,22.242654028436014,0.0,0
Swargate,Hinjewadi,12,6,0,3108,19469,0,22.55096525096525,0.0,1
Swargate,Hinjewadi,12,6,1,3252,26572,0,29.41549815498155,0.0,0
Swargate,Hinjewadi,12,6,2,3314,19555,0,21.24260712130356,0.0,0
Swargate,Hinjewadi,14,6,0,2910,19447,0,24.058144329896905,0.0,1
Swargate,Hinjewadi,14,6,1,2924,23766,0,29.260465116279068,0.0,0
Swargate,Hinjewadi,14,6,2,3251,19556,0,21.6553675792064,0.0,0
Swargate,Hinjewadi,16,6,0,3040,23766,0,28.14394736842105,0.0,1
Swargate,Hinjewadi,16,6,1,3136,19447,0,22.32436224489796,0.0,0
Swargate,Hinjewadi,16,6,2,3503,19556,0,20.097516414501857,0.0,0
Swargate,Hinjewadi,18,6,0,3444,23578,0,24.645993031358884,0.0,1
Swargate,Hinjewadi,18,6,1,3632,19447,0,19.27566079295154,0.0,0
Swargate,Hinjewadi,18,6,2,3548,26572,0,26.96144306651635,0.0,0
Swargate,Hinjewadi,20,6,0,2797,19447,0,25.03010368251698,0.0,1
Swargate,Hinjewadi,20,6,1,2982,23630,0,28.5271629778672,0.0,0
Swargate,Hinjewadi,20,6,2,2938,19532,0,23.93301565690946,0.0,0
Swargate,Hinjewadi,22,6,0,2123,19469,0,33.01384832783796,0.0,1
Swargate,Hinjewadi,22,6,1,2217,23562,0,38.26035182679296,0.0,0
Swargate,Hinjewadi,22,6,2,2401,19870,0,29.79258642232403,0.0,0
Swargate,Kothrud,0,0,0,903,7463,0,29.75282392026578,0.0,1
Swargate,Kothrud,0,0,1,971,7383,0,27.37260556127704,0.0,0
Swargate,Kothrud,0,0,2,1024,7479,0,26.293359375,0.0,0
Swargate,Kothrud,6,0,0,931,7463,0,28.858002148227712,0.0,1
Swargate,Kothrud,6,0,1,997,7383,0,26.65877632898696,0.0,0
Swargate,Kothrud,6,0,2,1048,7479,0,25.691221374045803,0.0,0
Swargate,Kothrud,8,0,0,1172,7445,0,22.868600682593858,0.0,1
Swargate,Kothrud,8,0,1,1232,7247,0,21.176298701298705,0.0,0
Swargate,Kothrud,8,0,2,1541,8790,0,20.534717715768977,0.0,0
Swargate,Kothrud,10,0,0,1368,7667,0,20.176315789473684,0.0,1
Swargate,Kothrud,10,0,1,1418,7173,0,18.210719322990126,0.0,0
Swargate,Kothrud,10,0,2,1654,8826,0,19.210157194679567,0.0,0
Swargate,Kothrud,12,0,0,1489,7667,0,18.5367360644728,0.0,1
Swargate,Kothrud,12,0,1,1749,8826,0,18.16672384219554,0.0,0
Swargate,Kothrud,12,0,2,1557,7173,0,16.584971098265896,0.0,0
Swargate,Kothrud,14,0,0,1350,7667,0,20.44533333333333,0.0,1
Swargate,Kothrud,14,0,1,1408,7173,0,18.340056818181814,0.0,0
Swargate,Kothrud,14,0,2,1651,8790,0,19.166565717746817,0.0,0
Swargate,Kothrud,16,0,0,1382,7667,0,19.97192474674385,0.0,1
Swargate,Kothrud,16,0,1,1439,7173,0,17.944961779013205,0.0,0
Swargate,Kothrud,16,0,2,1668,8790,0,18.97122302158273,0.0,0
Swargate,Kothrud,18,0,0,1554,7531,0,17.446332046332046,0.0,1
Swargate,Kothrud,18,0,1,1778,8125,0,16.451068616422948,0.0,0
Swargate,Kothrud,18,0,2,1663,7445,0,16.11665664461816,0.0,0
Swargate,Kothrud,20,0,0,1344,7531,0,20.172321428571426,0.0,1
Swargate,Kothrud,20,0,1,1431,7309,0,18.3874213836478,0.0,0
Swargate,Kothrud,20,0,2,1428,7448,0,18.77647058823529,0.0,0
Swargate,Kothrud,22,0,0,903,7463,0,29.75282392026578,0.0,1
Swargate,Kothrud,22,0,1,971,7383,0,27.37260556127704,0.0,0
Swargate,Kothrud,22,0,2,1024,7479,0,26.293359375,0.0,0
Swargate,Kothrud,0,1,0,903,7463,0,29.75282392026578,0.0,1
Swargate,Kothrud,0,1,1,971,7383,0,27.37260556127704,0.0,0
Swargate,Kothrud,0,1,2,1024,7479,0,26.293359375,0.0,0
Swargate,Kothrud,6,1,0,933,7463,0,28.79614147909968,0.0,1
Swargate,Kothrud,6,1,1,999,7383,0,26.605405405405403,0.0,0
Swargate,Kothrud,6,1,2,1050,7479,0,25.642285714285716,0.0,0
Swargate,Kothrud,8,1,0,1176,7445,0,22.790816326530614,0.0,1
Swargate,Kothrud,8,1,1,1254,7383,0,21.195215311004784,0.0,0
Swargate,Kothrud,8,1,2,1277,7614,0,21.464682850430695,0.0,0
Swargate,Kothrud,10,1,0,1373,7667,0,20.10284049526584,0.0,1
Swargate,Kothrud,10,1,1,1421,7173,0,18.172273047149897,0.0,0
Swargate,Kothrud,10,1,2,1669,8790,0,18.959856201318157,0.0,0
Swargate,Kothrud,12,1,0,1497,7667,0,18.4376753507014,0.0,1
Swargate,Kothrud,12,1,1,1546,7173,0,16.702975420439845,0.0,0
Swargate,Kothrud,12,1,2,1770,8826,0,17.95118644067797,0.0,0
Swargate,Kothrud,14,1,0,1349,7667,0,20.460489251297258,0.0,1
Swargate,Kothrud,14,1,1,1387,7173,0,18.61773612112473,0.0,0
Swargate,Kothrud,14,1,2,1666,8826,0,19.0717887154862,0.0,0
Swargate,Kothrud,16,1,0,1376,7667,0,20.059011627906976,0.0,1
Swargate,Kothrud,16,1,1,1425,7173,0,18.121263157894735,0.0,0
Swargate,Kothrud,16,1,2,1689,8826,0,18.81207815275311,0.0,0
Swargate,Kothrud,18,1,0,1575,7479,0,17.094857142857144,0.0,1
Swargate,Kothrud,18,1,1,1681,7309,0,15.652825698988698,0.0,0
Swargate,Kothrud,18,1,2,1997,8826,0,15.910665998998498,0.0,0
Swargate,Kothrud,20,1,0,1369,7531,0,19.803944485025564,0.0,1
Swargate,Kothrud,20,1,1,1440,7309,0,18.2725,0.0,0
Swargate,Kothrud,20,1,2,1371,7445,0,19.549234135667398,0.0,0
Swargate,Kothrud,22,1,0,903,7463,0,29.75282392026578,0.0,1
Swargate,Kothrud,22,1,1,971,7383,0,27.37260556127704,0.0,0
Swargate,Kothrud,22,1,2,1024,7479,0,26.293359375,0.0,0
Swargate,Kothrud,0,2,0,903,7463,0,29.75282392026578,0.0,1
Swargate,Kothrud,0,2,1,971,7383,0,27.37260556127704,0.0,0
Swargate,Kothrud,0,2,2,1024,7479,0,26.293359375,0.0,0
Swargate,Kothrud,6,2,0,928,7445,0,28.88146551724138,0.0,1
Swargate,Kothrud,6,2,1,994,7383,0,26.73923541247485,0.0,0
Swargate,Kothrud,6,2,2,1045,7479,0,25.764976076555023,0.0,0
Swargate,Kothrud,8,2,0,1156,7445,0,23.18512110726644,0.0,1
Swargate,Kothrud,8,2,1,1235,7247,0,21.12485829959514,0.0,0
Swargate,Kothrud,8,2,2,1560,8790,0,20.284615384615385,0.0,0
Swargate,Kothrud,10,2,0,1364,7667,0,20.23548387096774,0.0,1
Swargate,Kothrud,10,2,1,1409,7463,0,19.067991483321503,0.0,0
Swargate,Kothrud,10,2,2,1689,8826,0,18.81207815275311,0.0,0
Swargate,Kothrud,12,2,0,1503,7667,0,18.364071856287424,0.0,1
Swargate,Kothrud,12,2,1,1580,7173,0,16.34354430379747,0.0,0
Swargate,Kothrud,12,2,2,1795,8826,0,17.70116991643454,0.0,0
Swargate,Kothrud,14,2,0,1375,7667,0,20.073600000000003,0.0,1
Swargate,Kothrud,14,2,1,1436,7173,0,17.982451253481894,0.0,0
Swargate,Kothrud,14,2,2,1686,8790,0,18.768683274021356,0.0,0
Swargate,Kothrud,16,2,0,1395,7667,0,19.785806451612903,0.0,1
Swargate,Kothrud,16,2,1,1473,7173,0,17.530753564154786,0.0,0
Swargate,Kothrud,16,2,2,1709,8790,0,18.51609128145114,0.0,0
Swargate,Kothrud,18,2,0,1559,7479,0,17.27030147530468,0.0,1
Swargate,Kothrud,18,2,1,1727,7309,0,15.235900405327158,0.0,0
Swargate,Kothrud,18,2,2,2018,8826,0,15.745094152626365,0.0,0
Swargate,Kothrud,20,2,0,1368,7531,0,19.818421052631574,0.0,1
Swargate,Kothrud,20,2,1,1454,7309,0,18.09656121045392,0.0,0
Swargate,Kothrud,20,2,2,1429,6938,0,17.47851644506648,0.0,0
Swargate,Kothrud,22,2,0,903,7463,0,29.75282392026578,0.0,1
Swargate,Kothrud,22,2,1,971,7383,0,27.37260556127704,0.0,0
Swargate,Kothrud,22,2,2,1024,7479,0,26.293359375,0.0,0
Swargate,Kothrud,0,3,0,903,7463,0,29.75282392026578,0.0,1
Swargate,Kothrud,0,3,1,971,7383,0,27.37260556127704,0.0,0
Swargate,Kothrud,0,3,2,1024,7479,0,26.293359375,0.0,0
Swargate,Kothrud,6,3,0,931,7463,0,28.858002148227712,0.0,1
Swargate,Kothrud,6,3,1,997,7383,0,26.65877632898696,0.0,0
Swargate,Kothrud,6,3,2,1048,7479,0,25.691221374045803,0.0,0
Swargate,Kothrud,8,3,0,1126,7445,0,23.802841918294853,0.0,1
Swargate,Kothrud,8,3,1,1182,7247,0,22.072081218274118,0.0,0
Swargate,Kothrud,8,3,2,1540,8790,0,20.548051948051945,0.0,0
Swargate,Kothrud,10,3,0,1346,7667,0,20.506092124814263,0.0,1
Swargate,Kothrud,10,3,1,1375,7463,0,19.53949090909091,0.0,0
Swargate,Kothrud,10,3,2,1685,8790,0,18.77982195845697,0.0,0
Swargate,Kothrud,12,3,0,1528,7667,0,18.063612565445027,0.0,1
Swargate,Kothrud,12,3,1,1571,7173,0,16.43717377466582,0.0,0
Swargate,Kothrud,12,3,2,1833,8826,0,17.334206219312605,0.0,0
Swargate,Kothrud,14,3,0,1438,7667,0,19.194158553546597,0.0,1
Swargate,Kothrud,14,3,1,1521,7173,0,16.97751479289941,0.0,0
Swargate,Kothrud,14,3,2,1757,8826,0,18.08400682982356,0.0,0
Swargate,Kothrud,16,3,0,1445,7667,0,19.10117647058824,0.0,1
Swargate,Kothrud,16,3,1,1641,8181,0,17.947349177330896,0.0,0
Swargate,Kothrud,16,3,2,1771,8826,0,17.94105025409373,0.0,0
Swargate,Kothrud,18,3,0,1562,7479,0,17.237131882202306,0.0,1
Swargate,Kothrud,18,3,1,1724,7309,0,15.262412993039444,0.0,0
Swargate,Kothrud,18,3,2,1657,7445,0,16.175015087507543,0.0,0
Swargate,Kothrud,20,3,0,1357,7445,0,19.75092114959469,0.0,1
Swargate,Kothrud,20,3,1,1414,7173,0,18.26223479490806,0.0,0
Swargate,Kothrud,20,3,2,1809,8790,0,17.492537313432837,0.0,0
Swargate,Kothrud,22,3,0,903,7463,0,29.75282392026578,0.0,1
Swargate,Kothrud,22,3,1,971,7383,0,27.37260556127704,0.0,0
Swargate,Kothrud,22,3,2,1024,7479,0,26.293359375,0.0,0
Swargate,Kothrud,0,4,0,903,7463,0,29.75282392026578,0.0,1
Swargate,Kothrud,0,4,1,971,7383,0,27.37260556127704,0.0,0
Swargate,Kothrud,0,4,2,1024,7479,0,26.293359375,0.0,0
Swargate,Kothrud,6,4,0,924,7463,0,29.076623376623377,0.0,1
Swargate,Kothrud,6,4,1,991,7383,0,26.82018163471241,0.0,0
Swargate,Kothrud,6,4,2,1043,7479,0,25.8143815915628,0.0,0
Swargate,Kothrud,8,4,0,1052,7445,0,25.477186311787072,0.0,1
Swargate,Kothrud,8,4,1,1094,7247,0,23.847531992687387,0.0,0
Swargate,Kothrud,8,4,2,1476,8790,0,21.4390243902439,0.0,0
Swargate,Kothrud,10,4,0,1173,7531,0,23.11304347826087,0.0,1
Swargate,Kothrud,10,4,1,1205,7383,0,22.057095435684648,0.0,0
Swargate,Kothrud,10,4,2,1174,7445,0,22.829642248722315,0.0,0
Swargate,Kothrud,12,4,0,1295,7531,0,20.935598455598456,0.0,1
Swargate,Kothrud,12,4,1,1456,8199,0,20.272252747252747,0.0,0
Swargate,Kothrud,12,4,2,1362,7445,0,19.6784140969163,0.0,0
Swargate,Kothrud,14,4,0,1281,7531,0,21.16440281030445,0.0,1
Swargate,Kothrud,14,4,1,1329,7309,0,19.79864559819413,0.0,0
Swargate,Kothrud,14,4,2,1639,8826,0,19.38596705308115,0.0,0
Swargate,Kothrud,16,4,0,1294,7531,0,20.95177743431221,0.0,1
Swargate,Kothrud,16,4,1,1334,7309,0,19.724437781109444,0.0,0
Swargate,Kothrud,16,4,2,1674,8826,0,18.98064516129032,0.0,0
Swargate,Kothrud,18,4,0,1386,7531,0,19.56103896103896,0.0,1
Swargate,Kothrud,18,4,1,1552,8125,0,18.846649484536083,0.0,0
Swargate,Kothrud,18,4,2,1665,8243,0,17.822702702702703,0.0,0
Swargate,Kothrud,20,4,0,1266,7445,0,21.170616113744074,0.0,1
Swargate,Kothrud,20,4,1,1291,7247,0,20.208520526723472,0.0,0
Swargate,Kothrud,20,4,2,1715,8790,0,18.451311953352768,0.0,0
Swargate,Kothrud,22,4,0,903,7463,0,29.75282392026578,0.0,1
Swargate,Kothrud,22,4,1,971,7383,0,27.37260556127704,0.0,0
Swargate,Kothrud,22,4,2,1024,7479,0,26.293359375,0.0,0
Swargate,Kothrud,0,5,0,903,7463,0,29.75282392026578,0.0,1
Swargate,Kothrud,0,5,1,971,7383,0,27.37260556127704,0.0,0
Swargate,Kothrud,0,5,2,1024,7479,0,26.293359375,0.0,0
Swargate,Kothrud,6,5,0,930,7463,0,28.889032258064518,0.0,1
Swargate,Kothrud,6,5,1,996,7383,0,26.685542168674697,0.0,0
Swargate,Kothrud,6,5,2,1047,7479,0,25.71575931232092,0.0,0
Swargate,Kothrud,8,5,0,1158,7445,0,23.14507772020725,0.0,1
Swargate,Kothrud,8,5,1,1233,7173,0,20.94306569343065,0.0,0
Swargate,Kothrud,8,5,2,1545,8790,0,20.481553398058253,0.0,0
Swargate,Kothrud,10,5,0,1363,7667,0,20.2503301540719,0.0,1
Swargate,Kothrud,10,5,1,1582,8089,0,18.40733249051833,0.0,0
Swargate,Kothrud,10,5,2,1666,8826,0,19.0717887154862,0.0,0
Swargate,Kothrud,12,5,0,1480,7667,0,18.64945945945946,0.0,1
Swargate,Kothrud,12,5,1,1543,7173,0,16.73545042125729,0.0,0
Swargate,Kothrud,12,5,2,1763,8826,0,18.022461712989223,0.0,0
Swargate,Kothrud,14,5,0,1343,7667,0,20.55189873417721,0.0,1
Swargate,Kothrud,14,5,1,1400,7173,0,18.444857142857146,0.0,0
Swargate,Kothrud,14,5,2,1661,8826,0,19.12919927754365,0.0,0
Swargate,Kothrud,16,5,0,1374,7667,0,20.0882096069869,0.0,1
Swargate,Kothrud,16,5,1,1428,7173,0,18.08319327731093,0.0,0
Swargate,Kothrud,16,5,2,1670,8790,0,18.94850299401197,0.0,0
Swargate,Kothrud,18,5,0,1546,7531,0,17.5366106080207,0.0,1
Swargate,Kothrud,18,5,1,1780,8125,0,16.43258426966292,0.0,0
Swargate,Kothrud,18,5,2,1618,7445,0,16.564894932014834,0.0,0
Swargate,Kothrud,20,5,0,1337,7445,0,20.04637247569185,0.0,1
Swargate,Kothrud,20,5,1,1403,7173,0,18.405416963649323,0.0,0
Swargate,Kothrud,20,5,2,1813,8826,0,17.52542746828461,0.0,0
Swargate,Kothrud,22,5,0,903,7463,0,29.75282392026578,0.0,1
Swargate,Kothrud,22,5,1,971,7383,0,27.37260556127704,0.0,0
Swargate,Kothrud,22,5,2,1024,7479,0,26.293359375,0.0,0
Swargate,Kothrud,0,6,0,903,7463,0,29.75282392026578,0.0,1
Swargate,Kothrud,0,6,1,971,7383,0,27.37260556127704,0.0,0
Swargate,Kothrud,0,6,2,1024,7479,0,26.293359375,0.0,0
Swargate,Kothrud,6,6,0,935,7463,0,28.73454545454545,0.0,1
Swargate,Kothrud,6,6,1,1001,7383,0,26.55224775224775,0.0,0
Swargate,Kothrud,6,6,2,1052,7479,0,25.593536121673004,0.0,0
Swargate,Kothrud,8,6,0,1172,7445,0,22.868600682593858,0.0,1
Swargate,Kothrud,8,6,1,1241,7247,0,21.022723609991942,0.0,0
Swargate,Kothrud,8,6,2,1548,8790,0,20.44186046511628,0.0,0
Swargate,Kothrud,10,6,0,1399,7667,0,19.729235167977127,0.0,1
Swargate,Kothrud,10,6,1,1630,8089,0,17.865276073619633,0.0,0
Swargate,Kothrud,10,6,2,1675,8826,0,18.969313432835825,0.0,0
Swargate,Kothrud,12,6,0,1522,7667,0,18.134822601839684,0.0,1
Swargate,Kothrud,12,6,1,1774,8826,0,17.910710259301016,0.0,0
Swargate,Kothrud,12,6,2,1597,7173,0,16.169567939887287,0.0,0
Swargate,Kothrud,14,6,0,1357,7667,0,20.339867354458363,0.0,1
Swargate,Kothrud,14,6,1,1427,7173,0,18.095865451997195,0.0,0
Swargate,Kothrud,14,6,2,1666,8790,0,18.993997599039613,0.0,0
Swargate,Kothrud,16,6,0,1383,7667,0,19.95748373101952,0.0,1
Swargate,Kothrud,16,6,1,1460,7173,0,17.686849315068493,0.0,0
Swargate,Kothrud,16,6,2,1678,8790,0,18.858164481525623,0.0,0
Swargate,Kothrud,18,6,0,1572,7479,0,17.127480916030535,0.0,1
Swargate,Kothrud,18,6,1,1696,7309,0,15.51438679245283,0.0,0
Swargate,Kothrud,18,6,2,1984,8826,0,16.01491935483871,0.0,0
Swargate,Kothrud,20,6,0,1369,7531,0,19.803944485025564,0.0,1
Swargate,Kothrud,20,6,1,1439,7309,0,18.28519805420431,0.0,0
Swargate,Kothrud,20,6,2,1377,7445,0,19.4640522875817,0.0,0
Swargate,Kothrud,22,6,0,903,7463,0,29.75282392026578,0.0,1
Swargate,Kothrud,22,6,1,971,7383,0,27.37260556127704,0.0,0
Swargate,Kothrud,22,6,2,1024,7479,0,26.293359375,0.0,0
Swargate,Kothrud,0,0,0,903,7463,0,29.75282392026578,0.0,1
Swargate,Kothrud,0,0,1,971,7383,0,27.37260556127704,0.0,0
Swargate,Kothrud,0,0,2,1024,7479,0,26.293359375,0.0,0
Swargate,Kothrud,6,0,0,931,7463,0,28.858002148227712,0.0,1
Swargate,Kothrud,6,0,1,997,7383,0,26.65877632898696,0.0,0
Swargate,Kothrud,6,0,2,1048,7479,0,25.691221374045803,0.0,0
Swargate,Kothrud,8,0,0,1172,7445,0,22.868600682593858,0.0,1
Swargate,Kothrud,8,0,1,1232,7247,0,21.176298701298705,0.0,0
Swargate,Kothrud,8,0,2,1541,8790,0,20.534717715768977,0.0,0
Swargate,Kothrud,10,0,0,1368,7667,0,20.176315789473684,0.0,1
Swargate,Kothrud,10,0,1,1418,7173,0,18.210719322990126,0.0,0
Swargate,Kothrud,10,0,2,1654,8826,0,19.210157194679567,0.0,0
Swargate,Kothrud,12,0,0,1489,7667,0,18.5367360644728,0.0,1
Swargate,Kothrud,12,0,1,1749,8826,0,18.16672384219554,0.0,0
Swargate,Kothrud,12,0,2,1557,7173,0,16.584971098265896,0.0,0
Swargate,Kothrud,14,0,0,1350,7667,0,20.44533333333333,0.0,1
Swargate,Kothrud,14,0,1,1408,7173,0,18.340056818181814,0.0,0
Swargate,Kothrud,14,0,2,1651,8790,0,19.166565717746817,0.0,0
Swargate,Kothrud,16,0,0,1382,7667,0,19.97192474674385,0.0,1
Swargate,Kothrud,16,0,1,1439,7173,0,17.944961779013205,0.0,0
Swargate,Kothrud,16,0,2,1668,8790,0,18.97122302158273,0.0,0
Swargate,Kothrud,18,0,0,1554,7531,0,17.446332046332046,0.0,1
Swargate,Kothrud,18,0,1,1778,8125,0,16.451068616422948,0.0,0
Swargate,Kothrud,18,0,2,1663,7445,0,16.11665664461816,0.0,0
Swargate,Kothrud,20,0,0,1344,7531,0,20.172321428571426,0.0,1
Swargate,Kothrud,20,0,1,1431,7309,0,18.3874213836478,0.0,0
Swargate,Kothrud,20,0,2,1428,7448,0,18.77647058823529,0.0,0
Swargate,Kothrud,22,0,0,903,7463,0,29.75282392026578,0.0,1
Swargate,Kothrud,22,0,1,971,7383,0,27.37260556127704,0.0,0
Swargate,Kothrud,22,0,2,1024,7479,0,26.293359375,0.0,0
Swargate,Kothrud,0,1,0,903,7463,0,29.75282392026578,0.0,1
Swargate,Kothrud,0,1,1,971,7383,0,27.37260556127704,0.0,0
Swargate,Kothrud,0,1,2,1024,7479,0,26.293359375,0.0,0
Swargate,Kothrud,6,1,0,933,7463,0,28.79614147909968,0.0,1
Swargate,Kothrud,6,1,1,999,7383,0,26.605405405405403,0.0,0
Swargate,Kothrud,6,1,2,1050,7479,0,25.642285714285716,0.0,0
Swargate,Kothrud,8,1,0,1176,7445,0,22.790816326530614,0.0,1
Swargate,Kothrud,8,1,1,1254,7383,0,21.195215311004784,0.0,0
Swargate,Kothrud,8,1,2,1277,7614,0,21.464682850430695,0.0,0
Swargate,Kothrud,10,1,0,1373,7667,0,20.10284049526584,0.0,1
Swargate,Kothrud,10,1,1,1421,7173,0,18.172273047149897,0.0,0
Swargate,Kothrud,10,1,2,1669,8790,0,18.959856201318157,0.0,0
Swargate,Kothrud,12,1,0,1497,7667,0,18.4376753507014,0.0,1
Swargate,Kothrud,12,1,1,1546,7173,0,16.702975420439845,0.0,0
Swargate,Kothrud,12,1,2,1770,8826,0,17.95118644067797,0.0,0
Swargate,Kothrud,14,1,0,1349,7667,0,20.460489251297258,0.0,1
Swargate,Kothrud,14,1,1,1387,7173,0,18.61773612112473,0.0,0
Swargate,Kothrud,14,1,2,1666,8826,0,19.0717887154862,0.0,0
Swargate,Kothrud,16,1,0,1376,7667,0,20.059011627906976,0.0,1
Swargate,Kothrud,16,1,1,1425,7173,0,18.121263157894735,0.0,0
Swargate,Kothrud,16,1,2,1689,8826,0,18.81207815275311,0.0,0
Swargate,Kothrud,18,1,0,1575,7479,0,17.094857142857144,0.0,1
Swargate,Kothrud,18,1,1,1681,7309,0,15.652825698988698,0.0,0
Swargate,Kothrud,18,1,2,1997,8826,0,15.910665998998498,0.0,0
Swargate,Kothrud,20,1,0,1369,7531,0,19.803944485025564,0.0,1
Swargate,Kothrud,20,1,1,1440,7309,0,18.2725,0.0,0
Swargate,Kothrud,20,1,2,1371,7445,0,19.549234135667398,0.0,0
Swargate,Kothrud,22,1,0,903,7463,0,29.75282392026578,0.0,1
Swargate,Kothrud,22,1,1,971,7383,0,27.37260556127704,0.0,0
Swargate,Kothrud,22,1,2,1024,7479,0,26.293359375,0.0,0
Swargate,Kothrud,0,2,0,903,7463,0,29.75282392026578,0.0,1
Swargate,Kothrud,0,2,1,971,7383,0,27.37260556127704,0.0,0
Swargate,Kothrud,0,2,2,1024,7479,0,26.293359375,0.0,0
Swargate,Kothrud,6,2,0,928,7445,0,28.88146551724138,0.0,1
Swargate,Kothrud,6,2,1,994,7383,0,26.73923541247485,0.0,0
Swargate,Kothrud,6,2,2,1045,7479,0,25.764976076555023,0.0,0
Swargate,Kothrud,8,2,0,1156,7445,0,23.18512110726644,0.0,1
Swargate,Kothrud,8,2,1,1235,7247,0,21.12485829959514,0.0,0
Swargate,Kothrud,8,2,2,1560,8790,0,20.284615384615385,0.0,0
Swargate,Kothrud,10,2,0,1364,7667,0,20.23548387096774,0.0,1
Swargate,Kothrud,10,2,1,1409,7463,0,19.067991483321503,0.0,0
Swargate,Kothrud,10,2,2,1689,8826,0,18.81207815275311,0.0,0
Swargate,Kothrud,12,2,0,1503,7667,0,18.364071856287424,0.0,1
Swargate,Kothrud,12,2,1,1580,7173,0,16.34354430379747,0.0,0
Swargate,Kothrud,12,2,2,1795,8826,0,17.70116991643454,0.0,0
Swargate,Kothrud,14,2,0,1375,7667,0,20.073600000000003,0.0,1
Swargate,Kothrud,14,2,1,1436,7173,0,17.982451253481894,0.0,0
Swargate,Kothrud,14,2,2,1686,8790,0,18.768683274021356,0.0,0
Swargate,Kothrud,16,2,0,1395,7667,0,19.785806451612903,0.0,1
Swargate,Kothrud,16,2,1,1473,7173,0,17.530753564154786,0.0,0
Swargate,Kothrud,16,2,2,1709,8790,0,18.51609128145114,0.0,0
Swargate,Kothrud,18,2,0,1559,7479,0,17.27030147530468,0.0,1
Swargate,Kothrud,18,2,1,1727,7309,0,15.235900405327158,0.0,0
Swargate,Kothrud,18,2,2,2018,8826,0,15.745094152626365,0.0,0
Swargate,Kothrud,20,2,0,1368,7531,0,19.818421052631574,0.0,1
Swargate,Kothrud,20,2,1,1454,7309,0,18.09656121045392,0.0,0
Swargate,Kothrud,20,2,2,1429,6938,0,17.47851644506648,0.0,0
Swargate,Kothrud,22,2,0,903,7463,0,29.75282392026578,0.0,1
Swargate,Kothrud,22,2,1,971,7383,0,27.37260556127704,0.0,0
Swargate,Kothrud,22,2,2,1024,7479,0,26.293359375,0.0,0
Swargate,Kothrud,0,3,0,903,7463,0,29.75282392026578,0.0,1
Swargate,Kothrud,0,3,1,971,7383,0,27.37260556127704,0.0,0
Swargate,Kothrud,0,3,2,1024,7479,0,26.293359375,0.0,0
Swargate,Kothrud,6,3,0,931,7463,0,28.858002148227712,0.0,1
Swargate,Kothrud,6,3,1,997,7383,0,26.65877632898696,0.0,0
Swargate,Kothrud,6,3,2,1048,7479,0,25.691221374045803,0.0,0
Swargate,Kothrud,8,3,0,1126,7445,0,23.802841918294853,0.0,1
Swargate,Kothrud,8,3,1,1182,7247,0,22.072081218274118,0.0,0
Swargate,Kothrud,8,3,2,1540,8790,0,20.548051948051945,0.0,0
Swargate,Kothrud,10,3,0,1346,7667,0,20.506092124814263,0.0,1
Swargate,Kothrud,10,3,1,1375,7463,0,19.53949090909091,0.0,0
Swargate,Kothrud,10,3,2,1685,8790,0,18.77982195845697,0.0,0
Swargate,Kothrud,12,3,0,1528,7667,0,18.063612565445027,0.0,1
Swargate,Kothrud,12,3,1,1571,7173,0,16.43717377466582,0.0,0
Swargate,Kothrud,12,3,2,1833,8826,0,17.334206219312605,0.0,0
Swargate,Kothrud,14,3,0,1438,7667,0,19.194158553546597,0.0,1
Swargate,Kothrud,14,3,1,1521,7173,0,16.97751479289941,0.0,0
Swargate,Kothrud,14,3,2,1757,8826,0,18.08400682982356,0.0,0
Swargate,Kothrud,16,3,0,1445,7667,0,19.10117647058824,0.0,1
Swargate,Kothrud,16,3,1,1641,8181,0,17.947349177330896,0.0,0
Swargate,Kothrud,16,3,2,1771,8826,0,17.94105025409373,0.0,0
Swargate,Kothrud,18,3,0,1562,7479,0,17.237131882202306,0.0,1
Swargate,Kothrud,18,3,1,1724,7309,0,15.262412993039444,0.0,0
Swargate,Kothrud,18,3,2,1657,7445,0,16.175015087507543,0.0,0
Swargate,Kothrud,20,3,0,1357,7445,0,19.75092114959469,0.0,1
Swargate,Kothrud,20,3,1,1414,7173,0,18.26223479490806,0.0,0
Swargate,Kothrud,20,3,2,1809,8790,0,17.492537313432837,0.0,0
Swargate,Kothrud,22,3,0,903,7463,0,29.75282392026578,0.0,1
Swargate,Kothrud,22,3,1,971,7383,0,27.37260556127704,0.0,0
Swargate,Kothrud,22,3,2,1024,7479,0,26.293359375,0.0,0
Swargate,Kothrud,0,4,0,903,7463,0,29.75282392026578,0.0,1
Swargate,Kothrud,0,4,1,971,7383,0,27.37260556127704,0.0,0
Swargate,Kothrud,0,4,2,1024,7479,0,26.293359375,0.0,0
Swargate,Kothrud,6,4,0,924,7463,0,29.076623376623377,0.0,1
Swargate,Kothrud,6,4,1,991,7383,0,26.82018163471241,0.0,0
Swargate,Kothrud,6,4,2,1043,7479,0,25.8143815915628,0.0,0
Swargate,Kothrud,8,4,0,1052,7445,0,25.477186311787072,0.0,1
Swargate,Kothrud,8,4,1,1094,7247,0,23.847531992687387,0.0,0
Swargate,Kothrud,8,4,2,1476,8790,0,21.4390243902439,0.0,0
Swargate,Kothrud,10,4,0,1173,7531,0,23.11304347826087,0.0,1
Swargate,Kothrud,10,4,1,1205,7383,0,22.057095435684648,0.0,0
Swargate,Kothrud,10,4,2,1174,7445,0,22.829642248722315,0.0,0
Swargate,Kothrud,12,4,0,1295,7531,0,20.935598455598456,0.0,1
Swargate,Kothrud,12,4,1,1456,8199,0,20.272252747252747,0.0,0
Swargate,Kothrud,12,4,2,1362,7445,0,19.6784140969163,0.0,0
Swargate,Kothrud,14,4,0,1281,7531,0,21.16440281030445,0.0,1
Swargate,Kothrud,14,4,1,1329,7309,0,19.79864559819413,0.0,0
Swargate,Kothrud,14,4,2,1639,8826,0,19.38596705308115,0.0,0
Swargate,Kothrud,16,4,0,1294,7531,0,20.95177743431221,0.0,1
Swargate,Kothrud,16,4,1,1334,7309,0,19.724437781109444,0.0,0
Swargate,Kothrud,16,4,2,1674,8826,0,18.98064516129032,0.0,0
Swargate,Kothrud,18,4,0,1386,7531,0,19.56103896103896,0.0,1
Swargate,Kothrud,18,4,1,1552,8125,0,18.846649484536083,0.0,0
Swargate,Kothrud,18,4,2,1665,8243,0,17.822702702702703,0.0,0
Swargate,Kothrud,20,4,0,1266,7445,0,21.170616113744074,0.0,1
Swargate,Kothrud,20,4,1,1291,7247,0,20.208520526723472,0.0,0
Swargate,Kothrud,20,4,2,1715,8790,0,18.451311953352768,0.0,0
Swargate,Kothrud,22,4,0,903,7463,0,29.75282392026578,0.0,1
Swargate,Kothrud,22,4,1,971,7383,0,27.37260556127704,0.0,0
Swargate,Kothrud,22,4,2,1024,7479,0,26.293359375,0.0,0
Swargate,Kothrud,0,5,0,903,7463,0,29.75282392026578,0.0,1
Swargate,Kothrud,0,5,1,971,7383,0,27.37260556127704,0.0,0
Swargate,Kothrud,0,5,2,1024,7479,0,26.293359375,0.0,0
Swargate,Kothrud,6,5,0,930,7463,0,28.889032258064518,0.0,1
Swargate,Kothrud,6,5,1,996,7383,0,26.685542168674697,0.0,0
Swargate,Kothrud,6,5,2,1047,7479,0,25.71575931232092,0.0,0
Swargate,Kothrud,8,5,0,1158,7445,0,23.14507772020725,0.0,1
Swargate,Kothrud,8,5,1,1233,7173,0,20.94306569343065,0.0,0
Swargate,Kothrud,8,5,2,1545,8790,0,20.481553398058253,0.0,0
Swargate,Kothrud,10,5,0,1363,7667,0,20.2503301540719,0.0,1
Swargate,Kothrud,10,5,1,1582,8089,0,18.40733249051833,0.0,0
Swargate,Kothrud,10,5,2,1666,8826,0,19.0717887154862,0.0,0
Swargate,Kothrud,12,5,0,1480,7667,0,18.64945945945946,0.0,1
Swargate,Kothrud,12,5,1,1543,7173,0,16.73545042125729,0.0,0
Swargate,Kothrud,12,5,2,1763,8826,0,18.022461712989223,0.0,0
Swargate,Kothrud,14,5,0,1343,7667,0,20.55189873417721,0.0,1
Swargate,Kothrud,14,5,1,1400,7173,0,18.444857142857146,0.0,0
Swargate,Kothrud,14,5,2,1661,8826,0,19.12919927754365,0.0,0
Swargate,Kothrud,16,5,0,1374,7667,0,20.0882096069869,0.0,1
Swargate,Kothrud,16,5,1,1428,7173,0,18.08319327731093,0.0,0
Swargate,Kothrud,16,5,2,1670,8790,0,18.94850299401197,0.0,0
Swargate,Kothrud,18,5,0,1546,7531,0,17.5366106080207,0.0,1
Swargate,Kothrud,18,5,1,1780,8125,0,16.43258426966292,0.0,0
Swargate,Kothrud,18,5,2,1618,7445,0,16.564894932014834,0.0,0
Swargate,Kothrud,20,5,0,1337,7445,0,20.04637247569185,0.0,1
Swargate,Kothrud,20,5,1,1403,7173,0,18.405416963649323,0.0,0
Swargate,Kothrud,20,5,2,1813,8826,0,17.52542746828461,0.0,0
Swargate,Kothrud,22,5,0,903,7463,0,29.75282392026578,0.0,1
Swargate,Kothrud,22,5,1,971,7383,0,27.37260556127704,0.0,0
Swargate,Kothrud,22,5,2,1024,7479,0,26.293359375,0.0,0
Swargate,Kothrud,0,6,0,903,7463,0,29.75282392026578,0.0,1
Swargate,Kothrud,0,6,1,971,7383,0,27.37260556127704,0.0,0
Swargate,Kothrud,0,6,2,1024,7479,0,26.293359375,0.0,0
Swargate,Kothrud,6,6,0,935,7463,0,28.73454545454545,0.0,1
Swargate,Kothrud,6,6,1,1001,7383,0,26.55224775224775,0.0,0
Swargate,Kothrud,6,6,2,1052,7479,0,25.593536121673004,0.0,0
Swargate,Kothrud,8,6,0,1172,7445,0,22.868600682593858,0.0,1
Swargate,Kothrud,8,6,1,1241,7247,0,21.022723609991942,0.0,0
Swargate,Kothrud,8,6,2,1548,8790,0,20.44186046511628,0.0,0
Swargate,Kothrud,10,6,0,1399,7667,0,19.729235167977127,0.0,1
Swargate,Kothrud,10,6,1,1630,8089,0,17.865276073619633,0.0,0
Swargate,Kothrud,10,6,2,1675,8826,0,18.969313432835825,0.0,0
Swargate,Kothrud,12,6,0,1522,7667,0,18.134822601839684,0.0,1
Swargate,Kothrud,12,6,1,1774,8826,0,17.910710259301016,0.0,0
Swargate,Kothrud,12,6,2,1597,7173,0,16.169567939887287,0.0,0
Swargate,Kothrud,14,6,0,1357,7667,0,20.339867354458363,0.0,1
Swargate,Kothrud,14,6,1,1427,7173,0,18.095865451997195,0.0,0
Swargate,Kothrud,14,6,2,1666,8790,0,18.993997599039613,0.0,0
Swargate,Kothrud,16,6,0,1383,7667,0,19.95748373101952,0.0,1
Swargate,Kothrud,16,6,1,1460,7173,0,17.686849315068493,0.0,0
Swargate,Kothrud,16,6,2,1678,8790,0,18.858164481525623,0.0,0
Swargate,Kothrud,18,6,0,1572,7479,0,17.127480916030535,0.0,1
Swargate,Kothrud,18,6,1,1696,7309,0,15.51438679245283,0.0,0
Swargate,Kothrud,18,6,2,1984,8826,0,16.01491935483871,0.0,0
Swargate,Kothrud,20,6,0,1369,7531,0,19.803944485025564,0.0,1
Swargate,Kothrud,20,6,1,1439,7309,0,18.28519805420431,0.0,0
Swargate,Kothrud,20,6,2,1377,7445,0,19.4640522875817,0.0,0
Swargate,Kothrud,22,6,0,903,7463,0,29.75282392026578,0.0,1
Swargate,Kothrud,22,6,1,971,7383,0,27.37260556127704,0.0,0
Swargate,Kothrud,22,6,2,1024,7479,0,26.293359375,0.0,0
Swargate,Kothrud,0,0,0,903,7463,0,29.75282392026578,0.0,1
Swargate,Kothrud,0,0,1,971,7383,0,27.37260556127704,0.0,0
Swargate,Kothrud,0,0,2,1024,7479,0,26.293359375,0.0,0
Swargate,Kothrud,6,0,0,931,7463,0,28.858002148227712,0.0,1
Swargate,Kothrud,6,0,1,997,7383,0,26.65877632898696,0.0,0
Swargate,Kothrud,6,0,2,1048,7479,0,25.691221374045803,0.0,0
Swargate,Kothrud,8,0,0,1172,7445,0,22.868600682593858,0.0,1
Swargate,Kothrud,8,0,1,1232,7247,0,21.176298701298705,0.0,0
Swargate,Kothrud,8,0,2,1541,8790,0,20.534717715768977,0.0,0
Swargate,Kothrud,10,0,0,1368,7667,0,20.176315789473684,0.0,1
Swargate,Kothrud,10,0,1,1418,7173,0,18.210719322990126,0.0,0
Swargate,Kothrud,10,0,2,1654,8826,0,19.210157194679567,0.0,0
Swargate,Kothrud,12,0,0,1489,7667,0,18.5367360644728,0.0,1
Swargate,Kothrud,12,0,1,1749,8826,0,18.16672384219554,0.0,0
Swargate,Kothrud,12,0,2,1557,7173,0,16.584971098265896,0.0,0
Swargate,Kothrud,14,0,0,1350,7667,0,20.44533333333333,0.0,1
Swargate,Kothrud,14,0,1,1408,7173,0,18.340056818181814,0.0,0
Swargate,Kothrud,14,0,2,1651,8790,0,19.166565717746817,0.0,0
Swargate,Kothrud,16,0,0,1382,7667,0,19.97192474674385,0.0,1
Swargate,Kothrud,16,0,1,1439,7173,0,17.944961779013205,0.0,0
Swargate,Kothrud,16,0,2,1668,8790,0,18.97122302158273,0.0,0
Swargate,Kothrud,18,0,0,1554,7531,0,17.446332046332046,0.0,1
Swargate,Kothrud,18,0,1,1778,8125,0,16.451068616422948,0.0,0
Swargate,Kothrud,18,0,2,1663,7445,0,16.11665664461816,0.0,0
Swargate,Kothrud,20,0,0,1344,7531,0,20.172321428571426,0.0,1
Swargate,Kothrud,20,0,1,1431,7309,0,18.3874213836478,0.0,0
Swargate,Kothrud,20,0,2,1428,7448,0,18.77647058823529,0.0,0
Swargate,Kothrud,22,0,0,903,7463,0,29.75282392026578,0.0,1
Swargate,Kothrud,22,0,1,971,7383,0,27.37260556127704,0.0,0
Swargate,Kothrud,22,0,2,1024,7479,0,26.293359375,0.0,0
Swargate,Kothrud,0,1,0,903,7463,0,29.75282392026578,0.0,1
Swargate,Kothrud,0,1,1,971,7383,0,27.37260556127704,0.0,0
Swargate,Kothrud,0,1,2,1024,7479,0,26.293359375,0.0,0
Swargate,Kothrud,6,1,0,933,7463,0,28.79614147909968,0.0,1
Swargate,Kothrud,6,1,1,999,7383,0,26.605405405405403,0.0,0
Swargate,Kothrud,6,1,2,1050,7479,0,25.642285714285716,0.0,0
Swargate,Kothrud,8,1,0,1176,7445,0,22.790816326530614,0.0,1
Swargate,Kothrud,8,1,1,1254,7383,0,21.195215311004784,0.0,0
Swargate,Kothrud,8,1,2,1277,7614,0,21.464682850430695,0.0,0
Swargate,Kothrud,10,1,0,1373,7667,0,20.10284049526584,0.0,1
Swargate,Kothrud,10,1,1,1421,7173,0,18.172273047149897,0.0,0
Swargate,Kothrud,10,1,2,1669,8790,0,18.959856201318157,0.0,0
Swargate,Kothrud,12,1,0,1497,7667,0,18.4376753507014,0.0,1
Swargate,Kothrud,12,1,1,1546,7173,0,16.702975420439845,0.0,0
Swargate,Kothrud,12,1,2,1770,8826,0,17.95118644067797,0.0,0
Swargate,Kothrud,14,1,0,1349,7667,0,20.460489251297258,0.0,1
Swargate,Kothrud,14,1,1,1387,7173,0,18.61773612112473,0.0,0
Swargate,Kothrud,14,1,2,1666,8826,0,19.0717887154862,0.0,0
Swargate,Kothrud,16,1,0,1376,7667,0,20.059011627906976,0.0,1
Swargate,Kothrud,16,1,1,1425,7173,0,18.121263157894735,0.0,0
Swargate,Kothrud,16,1,2,1689,8826,0,18.81207815275311,0.0,0
Swargate,Kothrud,18,1,0,1575,7479,0,17.094857142857144,0.0,1
Swargate,Kothrud,18,1,1,1681,7309,0,15.652825698988698,0.0,0
Swargate,Kothrud,18,1,2,1997,8826,0,15.910665998998498,0.0,0
Swargate,Kothrud,20,1,0,1369,7531,0,19.803944485025564,0.0,1
Swargate,Kothrud,20,1,1,1440,7309,0,18.2725,0.0,0
Swargate,Kothrud,20,1,2,1371,7445,0,19.549234135667398,0.0,0
Swargate,Kothrud,22,1,0,903,7463,0,29.75282392026578,0.0,1
Swargate,Kothrud,22,1,1,971,7383,0,27.37260556127704,0.0,0
Swargate,Kothrud,22,1,2,1024,7479,0,26.293359375,0.0,0
Swargate,Kothrud,0,2,0,903,7463,0,29.75282392026578,0.0,1
Swargate,Kothrud,0,2,1,971,7383,0,27.37260556127704,0.0,0
Swargate,Kothrud,0,2,2,1024,7479,0,26.293359375,0.0,0
Swargate,Kothrud,6,2,0,928,7445,0,28.88146551724138,0.0,1
Swargate,Kothrud,6,2,1,994,7383,0,26.73923541247485,0.0,0
Swargate,Kothrud,6,2,2,1045,7479,0,25.764976076555023,0.0,0
Swargate,Kothrud,8,2,0,1156,7445,0,23.18512110726644,0.0,1
Swargate,Kothrud,8,2,1,1235,7247,0,21.12485829959514,0.0,0
Swargate,Kothrud,8,2,2,1560,8790,0,20.284615384615385,0.0,0
Swargate,Kothrud,10,2,0,1364,7667,0,20.23548387096774,0.0,1
Swargate,Kothrud,10,2,1,1409,7463,0,19.067991483321503,0.0,0
Swargate,Kothrud,10,2,2,1689,8826,0,18.81207815275311,0.0,0
Swargate,Kothrud,12,2,0,1503,7667,0,18.364071856287424,0.0,1
Swargate,Kothrud,12,2,1,1580,7173,0,16.34354430379747,0.0,0
Swargate,Kothrud,12,2,2,1795,8826,0,17.70116991643454,0.0,0
Swargate,Kothrud,14,2,0,1375,7667,0,20.073600000000003,0.0,1
Swargate,Kothrud,14,2,1,1436,7173,0,17.982451253481894,0.0,0
Swargate,Kothrud,14,2,2,1686,8790,0,18.768683274021356,0.0,0
Swargate,Kothrud,16,2,0,1395,7667,0,19.785806451612903,0.0,1
Swargate,Kothrud,16,2,1,1473,7173,0,17.530753564154786,0.0,0
Swargate,Kothrud,16,2,2,1709,8790,0,18.51609128145114,0.0,0
Swargate,Kothrud,18,2,0,1559,7479,0,17.27030147530468,0.0,1
Swargate,Kothrud,18,2,1,1727,7309,0,15.235900405327158,0.0,0
Swargate,Kothrud,18,2,2,2018,8826,0,15.745094152626365,0.0,0
Swargate,Kothrud,20,2,0,1368,7531,0,19.818421052631574,0.0,1
Swargate,Kothrud,20,2,1,1454,7309,0,18.09656121045392,0.0,0
Swargate,Kothrud,20,2,2,1429,6938,0,17.47851644506648,0.0,0
Swargate,Kothrud,22,2,0,903,7463,0,29.75282392026578,0.0,1
Swargate,Kothrud,22,2,1,971,7383,0,27.37260556127704,0.0,0
Swargate,Kothrud,22,2,2,1024,7479,0,26.293359375,0.0,0
Swargate,Kothrud,0,3,0,903,7463,0,29.75282392026578,0.0,1
Swargate,Kothrud,0,3,1,971,7383,0,27.37260556127704,0.0,0
Swargate,Kothrud,0,3,2,1024,7479,0,26.293359375,0.0,0
Swargate,Kothrud,6,3,0,931,7463,0,28.858002148227712,0.0,1
Swargate,Kothrud,6,3,1,997,7383,0,26.65877632898696,0.0,0
Swargate,Kothrud,6,3,2,1048,7479,0,25.691221374045803,0.0,0
Swargate,Kothrud,8,3,0,1126,7445,0,23.802841918294853,0.0,1
Swargate,Kothrud,8,3,1,1182,7247,0,22.072081218274118,0.0,0
Swargate,Kothrud,8,3,2,1540,8790,0,20.548051948051945,0.0,0
Swargate,Kothrud,10,3,0,1346,7667,0,20.506092124814263,0.0,1
Swargate,Kothrud,10,3,1,1375,7463,0,19.53949090909091,0.0,0
Swargate,Kothrud,10,3,2,1685,8790,0,18.77982195845697,0.0,0
Swargate,Kothrud,12,3,0,1528,7667,0,18.063612565445027,0.0,1
Swargate,Kothrud,12,3,1,1571,7173,0,16.43717377466582,0.0,0
Swargate,Kothrud,12,3,2,1833,8826,0,17.334206219312605,0.0,0
Swargate,Kothrud,14,3,0,1438,7667,0,19.194158553546597,0.0,1
Swargate,Kothrud,14,3,1,1521,7173,0,16.97751479289941,0.0,0
Swargate,Kothrud,14,3,2,1757,8826,0,18.08400682982356,0.0,0
Swargate,Kothrud,16,3,0,1445,7667,0,19.10117647058824,0.0,1
Swargate,Kothrud,16,3,1,1641,8181,0,17.947349177330896,0.0,0
Swargate,Kothrud,16,3,2,1771,8826,0,17.94105025409373,0.0,0
Swargate,Kothrud,18,3,0,1562,7479,0,17.237131882202306,0.0,1
Swargate,Kothrud,18,3,1,1724,7309,0,15.262412993039444,0.0,0
Swargate,Kothrud,18,3,2,1657,7445,0,16.175015087507543,0.0,0
Swargate,Kothrud,20,3,0,1357,7445,0,19.75092114959469,0.0,1
Swargate,Kothrud,20,3,1,1414,7173,0,18.26223479490806,0.0,0
Swargate,Kothrud,20,3,2,1809,8790,0,17.492537313432837,0.0,0
Swargate,Kothrud,22,3,0,903,7463,0,29.75282392026578,0.0,1
Swargate,Kothrud,22,3,1,971,7383,0,27.37260556127704,0.0,0
Swargate,Kothrud,22,3,2,1024,7479,0,26.293359375,0.0,0
Swargate,Kothrud,0,4,0,903,7463,0,29.75282392026578,0.0,1
Swargate,Kothrud,0,4,1,971,7383,0,27.37260556127704,0.0,0
Swargate,Kothrud,0,4,2,1024,7479,0,26.293359375,0.0,0
Swargate,Kothrud,6,4,0,924,7463,0,29.076623376623377,0.0,1
Swargate,Kothrud,6,4,1,991,7383,0,26.82018163471241,0.0,0
Swargate,Kothrud,6,4,2,1043,7479,0,25.8143815915628,0.0,0
Swargate,Kothrud,8,4,0,1052,7445,0,25.477186311787072,0.0,1
Swargate,Kothrud,8,4,1,1094,7247,0,23.847531992687387,0.0,0
Swargate,Kothrud,8,4,2,1476,8790,0,21.4390243902439,0.0,0
Swargate,Kothrud,10,4,0,1173,7531,0,23.11304347826087,0.0,1
Swargate,Kothrud,10,4,1,1205,7383,0,22.057095435684648,0.0,0
Swargate,Kothrud,10,4,2,1174,7445,0,22.829642248722315,0.0,0
Swargate,Kothrud,12,4,0,1295,7531,0,20.935598455598456,0.0,1
Swargate,Kothrud,12,4,1,1456,8199,0,20.272252747252747,0.0,0
Swargate,Kothrud,12,4,2,1362,7445,0,19.6784140969163,0.0,0
Swargate,Kothrud,14,4,0,1281,7531,0,21.16440281030445,0.0,1
Swargate,Kothrud,14,4,1,1329,7309,0,19.79864559819413,0.0,0
Swargate,Kothrud,14,4,2,1639,8826,0,19.38596705308115,0.0,0
Swargate,Kothrud,16,4,0,1294,7531,0,20.95177743431221,0.0,1
Swargate,Kothrud,16,4,1,1334,7309,0,19.724437781109444,0.0,0
Swargate,Kothrud,16,4,2,1674,8826,0,18.98064516129032,0.0,0
Swargate,Kothrud,18,4,0,1386,7531,0,19.56103896103896,0.0,1
Swargate,Kothrud,18,4,1,1552,8125,0,18.846649484536083,0.0,0
Swargate,Kothrud,18,4,2,1665,8243,0,17.822702702702703,0.0,0
Swargate,Kothrud,20,4,0,1266,7445,0,21.170616113744074,0.0,1
Swargate,Kothrud,20,4,1,1291,7247,0,20.208520526723472,0.0,0
Swargate,Kothrud,20,4,2,1715,8790,0,18.451311953352768,0.0,0
Swargate,Kothrud,22,4,0,903,7463,0,29.75282392026578,0.0,1
Swargate,Kothrud,22,4,1,971,7383,0,27.37260556127704,0.0,0
Swargate,Kothrud,22,4,2,1024,7479,0,26.293359375,0.0,0
Swargate,Kothrud,0,5,0,903,7463,0,29.75282392026578,0.0,1
Swargate,Kothrud,0,5,1,971,7383,0,27.37260556127704,0.0,0
Swargate,Kothrud,0,5,2,1024,7479,0,26.293359375,0.0,0
Swargate,Kothrud,6,5,0,930,7463,0,28.889032258064518,0.0,1
Swargate,Kothrud,6,5,1,996,7383,0,26.685542168674697,0.0,0
Swargate,Kothrud,6,5,2,1047,7479,0,25.71575931232092,0.0,0
Swargate,Kothrud,8,5,0,1158,7445,0,23.14507772020725,0.0,1
Swargate,Kothrud,8,5,1,1233,7173,0,20.94306569343065,0.0,0
Swargate,Kothrud,8,5,2,1545,8790,0,20.481553398058253,0.0,0
Swargate,Kothrud,10,5,0,1363,7667,0,20.2503301540719,0.0,1
Swargate,Kothrud,10,5,1,1582,8089,0,18.40733249051833,0.0,0
Swargate,Kothrud,10,5,2,1666,8826,0,19.0717887154862,0.0,0
Swargate,Kothrud,12,5,0,1480,7667,0,18.64945945945946,0.0,1
Swargate,Kothrud,12,5,1,1543,7173,0,16.73545042125729,0.0,0
Swargate,Kothrud,12,5,2,1763,8826,0,18.022461712989223,0.0,0
Swargate,Kothrud,14,5,0,1343,7667,0,20.55189873417721,0.0,1
Swargate,Kothrud,14,5,1,1400,7173,0,18.444857142857146,0.0,0
Swargate,Kothrud,14,5,2,1661,8826,0,19.12919927754365,0.0,0
Swargate,Kothrud,16,5,0,1374,7667,0,20.0882096069869,0.0,1
Swargate,Kothrud,16,5,1,1428,7173,0,18.08319327731093,0.0,0
Swargate,Kothrud,16,5,2,1670,8790,0,18.94850299401197,0.0,0
Swargate,Kothrud,18,5,0,1546,7531,0,17.5366106080207,0.0,1
Swargate,Kothrud,18,5,1,1780,8125,0,16.43258426966292,0.0,0
Swargate,Kothrud,18,5,2,1618,7445,0,16.564894932014834,0.0,0
Swargate,Kothrud,20,5,0,1337,7445,0,20.04637247569185,0.0,1
Swargate,Kothrud,20,5,1,1403,7173,0,18.405416963649323,0.0,0
Swargate,Kothrud,20,5,2,1813,8826,0,17.52542746828461,0.0,0
Swargate,Kothrud,22,5,0,903,7463,0,29.75282392026578,0.0,1
Swargate,Kothrud,22,5,1,971,7383,0,27.37260556127704,0.0,0
Swargate,Kothrud,22,5,2,1024,7479,0,26.293359375,0.0,0
Swargate,Kothrud,0,6,0,903,7463,0,29.75282392026578,0.0,1
Swargate,Kothrud,0,6,1,971,7383,0,27.37260556127704,0.0,0
Swargate,Kothrud,0,6,2,1024,7479,0,26.293359375,0.0,0
Swargate,Kothrud,6,6,0,935,7463,0,28.73454545454545,0.0,1
Swargate,Kothrud,6,6,1,1001,7383,0,26.55224775224775,0.0,0
Swargate,Kothrud,6,6,2,1052,7479,0,25.593536121673004,0.0,0
Swargate,Kothrud,8,6,0,1172,7445,0,22.868600682593858,0.0,1
Swargate,Kothrud,8,6,1,1241,7247,0,21.022723609991942,0.0,0
Swargate,Kothrud,8,6,2,1548,8790,0,20.44186046511628,0.0,0
Swargate,Kothrud,10,6,0,1399,7667,0,19.729235167977127,0.0,1
Swargate,Kothrud,10,6,1,1630,8089,0,17.865276073619633,0.0,0
Swargate,Kothrud,10,6,2,1675,8826,0,18.969313432835825,0.0,0
Swargate,Kothrud,12,6,0,1522,7667,0,18.134822601839684,0.0,1
Swargate,Kothrud,12,6,1,1774,8826,0,17.910710259301016,0.0,0
Swargate,Kothrud,12,6,2,1597,7173,0,16.169567939887287,0.0,0
Swargate,Kothrud,14,6,0,1357,7667,0,20.339867354458363,0.0,1
Swargate,Kothrud,14,6,1,1427,7173,0,18.095865451997195,0.0,0
Swargate,Kothrud,14,6,2,1666,8790,0,18.993997599039613,0.0,0
Swargate,Kothrud,16,6,0,1383,7667,0,19.95748373101952,0.0,1
Swargate,Kothrud,16,6,1,1460,7173,0,17.686849315068493,0.0,0
Swargate,Kothrud,16,6,2,1678,8790,0,18.858164481525623,0.0,0
Swargate,Kothrud,18,6,0,1572,7479,0,17.127480916030535,0.0,1
Swargate,Kothrud,18,6,1,1696,7309,0,15.51438679245283,0.0,0
Swargate,Kothrud,18,6,2,1984,8826,0,16.01491935483871,0.0,0
Swargate,Kothrud,20,6,0,1369,7531,0,19.803944485025564,0.0,1
Swargate,Kothrud,20,6,1,1439,7309,0,18.28519805420431,0.0,0
Swargate,Kothrud,20,6,2,1377,7445,0,19.4640522875817,0.0,0
Swargate,Kothrud,22,6,0,903,7463,0,29.75282392026578,0.0,1
Swargate,Kothrud,22,6,1,971,7383,0,27.37260556127704,0.0,0
Swargate,Kothrud,22,6,2,1024,7479,0,26.293359375,0.0,0
Swargate,Hadapsar,0,0,0,1116,8745,0,28.20967741935484,0.0,1
Swargate,Hadapsar,0,0,1,1602,11398,0,25.613483146067416,0.0,0
Swargate,Hadapsar,0,0,2,1851,14315,0,27.841166936790923,0.0,0
Swargate,Hadapsar,6,0,0,1139,8745,0,27.64003511852502,0.0,1
Swargate,Hadapsar,6,0,1,1635,11398,0,25.09651376146789,0.0,0
Swargate,Hadapsar,6,0,2,1907,14315,0,27.023597273203983,0.0,0
Swargate,Hadapsar,8,0,0,1334,8745,0,23.599700149925035,0.0,1
Swargate,Hadapsar,8,0,1,1853,11398,0,22.143982730706963,0.0,0
Swargate,Hadapsar,8,0,2,1461,9733,0,23.98275154004107,0.0,0
Swargate,Hadapsar,10,0,0,1431,8326,0,20.94591194968553,0.0,1
Swargate,Hadapsar,10,0,1,1584,9733,0,22.120454545454542,0.0,0
Swargate,Hadapsar,10,0,2,2236,11988,0,19.300894454382828,0.0,0
Swargate,Hadapsar,12,0,0,1555,8326,0,19.275627009646303,0.0,1
Swargate,Hadapsar,12,0,1,2131,11477,0,19.38864382918817,0.0,0
Swargate,Hadapsar,12,0,2,1701,9733,0,20.5989417989418,0.0,0
Swargate,Hadapsar,14,0,0,1463,8326,0,20.48776486671224,0.0,1
Swargate,Hadapsar,14,0,1,2038,11477,0,20.27340529931305,0.0,0
Swargate,Hadapsar,14,0,2,1640,9733,0,21.365121951219518,0.0,0
Swargate,Hadapsar,16,0,0,1464,8326,0,20.47377049180328,0.0,1
Swargate,Hadapsar,16,0,1,1648,9733,0,21.26140776699029,0.0,0
Swargate,Hadapsar,16,0,2,2489,11988,0,17.339011651265565,0.0,0
Swargate,Hadapsar,18,0,0,1688,8326,0,17.756872037914693,0.0,1
Swargate,Hadapsar,18,0,1,2247,11477,0,18.38771695594125,0.0,0
Swargate,Hadapsar,18,0,2,1800,9733,0,19.466,0.0,0
Swargate,Hadapsar,20,0,0,1519,8326,0,19.73245556287031,0.0,1
Swargate,Hadapsar,20,0,1,1971,11477,0,20.96255707762557,0.0,0
Swargate,Hadapsar,20,0,2,1642,9733,0,21.339098660170524,0.0,0
Swargate,Hadapsar,22,0,0,1116,8745,0,28.20967741935484,0.0,1
Swargate,Hadapsar,22,0,1,1602,11398,0,25.613483146067416,0.0,0
Swargate,Hadapsar,22,0,2,1851,14315,0,27.841166936790923,0.0,0
Swargate,Hadapsar,0,1,0,1116,8745,0,28.20967741935484,0.0,1
Swargate,Hadapsar,0,1,1,1602,11398,0,25.613483146067416,0.0,0
Swargate,Hadapsar,0,1,2,1851,14315,0,27.841166936790923,0.0,0
Swargate,Hadapsar,6,1,0,1141,8745,0,27.591586327782647,0.0,1
Swargate,Hadapsar,6,1,1,1636,11398,0,25.08117359413203,0.0,0
Swargate,Hadapsar,6,1,2,1907,14315,0,27.023597273203983,0.0,0
Swargate,Hadapsar,8,1,0,1303,8326,0,23.00353031465848,0.0,1
Swargate,Hadapsar,8,1,1,1826,11398,0,22.47141292442497,0.0,0
Swargate,Hadapsar,8,1,2,1469,9733,0,23.85214431586113,0.0,0
Swargate,Hadapsar,10,1,0,1431,8326,0,20.94591194968553,0.0,1
Swargate,Hadapsar,10,1,1,1577,9733,0,22.218642993024734,0.0,0
Swargate,Hadapsar,10,1,2,2215,11988,0,19.483882618510155,0.0,0
Swargate,Hadapsar,12,1,0,1555,8326,0,19.275627009646303,0.0,1
Swargate,Hadapsar,12,1,1,2118,11477,0,19.507648725212466,0.0,0
Swargate,Hadapsar,12,1,2,1692,9733,0,20.708510638297877,0.0,0
Swargate,Hadapsar,14,1,0,1452,8326,0,20.64297520661157,0.0,1
Swargate,Hadapsar,14,1,1,1996,11477,0,20.700000000000003,0.0,0
Swargate,Hadapsar,14,1,2,1626,9733,0,21.54907749077491,0.0,0
Swargate,Hadapsar,16,1,0,1447,8326,0,20.71430545957153,0.0,1
Swargate,Hadapsar,16,1,1,2040,11477,0,20.253529411764703,0.0,0
Swargate,Hadapsar,16,1,2,1636,9733,0,21.41735941320293,0.0,0
Swargate,Hadapsar,18,1,0,1675,8326,0,17.89468656716418,0.0,1
Swargate,Hadapsar,18,1,1,2228,11477,0,18.54452423698384,0.0,0
Swargate,Hadapsar,18,1,2,1808,9733,0,19.37986725663717,0.0,0
Swargate,Hadapsar,20,1,0,1531,8326,0,19.577792292619204,0.0,1
Swargate,Hadapsar,20,1,1,2017,11477,0,20.484481903817557,0.0,0
Swargate,Hadapsar,20,1,2,1656,9733,0,21.158695652173915,0.0,0
Swargate,Hadapsar,22,1,0,1116,8745,0,28.20967741935484,0.0,1
Swargate,Hadapsar,22,1,1,1602,11398,0,25.613483146067416,0.0,0
Swargate,Hadapsar,22,1,2,1851,14315,0,27.841166936790923,0.0,0
Swargate,Hadapsar,0,2,0,1116,8745,0,28.20967741935484,0.0,1
Swargate,Hadapsar,0,2,1,1602,11398,0,25.613483146067416,0.0,0
Swargate,Hadapsar,0,2,2,1851,14315,0,27.841166936790923,0.0,0
Swargate,Hadapsar,6,2,0,1137,8745,0,27.688654353562,0.0,1
Swargate,Hadapsar,6,2,1,1633,11398,0,25.1272504592774,0.0,0
Swargate,Hadapsar,6,2,2,1906,14315,0,27.03777544596012,0.0,0
Swargate,Hadapsar,8,2,0,1346,8745,0,23.38930163447251,0.0,1
Swargate,Hadapsar,8,2,1,1827,11398,0,22.45911330049261,0.0,0
Swargate,Hadapsar,8,2,2,1470,9733,0,23.83591836734694,0.0,0
Swargate,Hadapsar,10,2,0,1419,8326,0,21.123044397463005,0.0,1
Swargate,Hadapsar,10,2,1,1973,11398,0,20.79716168271668,0.0,0
Swargate,Hadapsar,10,2,2,1572,9733,0,22.28931297709924,0.0,0
Swargate,Hadapsar,12,2,0,1540,8326,0,19.463376623376625,0.0,1
Swargate,Hadapsar,12,2,1,2112,11477,0,19.56306818181818,0.0,0
Swargate,Hadapsar,12,2,2,1688,9733,0,20.757582938388627,0.0,0
Swargate,Hadapsar,14,2,0,1448,8326,0,20.700000000000003,0.0,1
Swargate,Hadapsar,14,2,1,2015,11477,0,20.50481389578164,0.0,0
Swargate,Hadapsar,14,2,2,1625,9733,0,21.562338461538463,0.0,0
Swargate,Hadapsar,16,2,0,1471,8326,0,20.376342624065263,0.0,1
Swargate,Hadapsar,16,2,1,1649,9733,0,21.24851425106125,0.0,0
Swargate,Hadapsar,16,2,2,2073,11477,0,19.93111432706223,0.0,0
Swargate,Hadapsar,18,2,0,1728,8326,0,17.345833333333335,0.0,1
Swargate,Hadapsar,18,2,1,2246,11477,0,18.395903829029383,0.0,0
Swargate,Hadapsar,18,2,2,1832,9733,0,19.12598253275109,0.0,0
Swargate,Hadapsar,20,2,0,1537,8326,0,19.50136629798309,0.0,1
Swargate,Hadapsar,20,2,1,2017,11477,0,20.484481903817557,0.0,0
Swargate,Hadapsar,20,2,2,1656,9733,0,21.158695652173915,0.0,0
Swargate,Hadapsar,22,2,0,1116,8745,0,28.20967741935484,0.0,1
Swargate,Hadapsar,22,2,1,1602,11398,0,25.613483146067416,0.0,0
Swargate,Hadapsar,22,2,2,1851,14315,0,27.841166936790923,0.0,0
Swargate,Hadapsar,0,3,0,1116,8745,0,28.20967741935484,0.0,1
Swargate,Hadapsar,0,3,1,1602,11398,0,25.613483146067416,0.0,0
Swargate,Hadapsar,0,3,2,1851,14315,0,27.841166936790923,0.0,0
Swargate,Hadapsar,6,3,0,1136,8745,0,27.713028169014084,0.0,1
Swargate,Hadapsar,6,3,1,1624,11398,0,25.266502463054184,0.0,0
Swargate,Hadapsar,6,3,2,1889,14315,0,27.28110111169931,0.0,0
Swargate,Hadapsar,8,3,0,1285,8745,0,24.499610894941632,0.0,1
Swargate,Hadapsar,8,3,1,1719,11398,0,23.870157068062827,0.0,0
Swargate,Hadapsar,8,3,2,1405,9733,0,24.93864768683274,0.0,0
Swargate,Hadapsar,10,3,0,1366,8326,0,21.942606149341145,0.0,1
Swargate,Hadapsar,10,3,1,1854,11398,0,22.13203883495145,0.0,0
Swargate,Hadapsar,10,3,2,1514,9733,0,23.14319682959049,0.0,0
Swargate,Hadapsar,12,3,0,1536,8326,0,19.5140625,0.0,1
Swargate,Hadapsar,12,3,1,2039,11477,0,20.26346248160863,0.0,0
Swargate,Hadapsar,12,3,2,1684,9733,0,20.80688836104513,0.0,0
Swargate,Hadapsar,14,3,0,1548,8326,0,19.36279069767442,0.0,1
Swargate,Hadapsar,14,3,1,2046,11477,0,20.194134897360705,0.0,0
Swargate,Hadapsar,14,3,2,2183,11883,0,19.596335318369217,0.0,0
Swargate,Hadapsar,16,3,0,1603,8326,0,18.698440424204616,0.0,1
Swargate,Hadapsar,16,3,1,2094,11477,0,19.731232091690543,0.0,0
Swargate,Hadapsar,16,3,2,2242,11883,0,19.08064228367529,0.0,0
Swargate,Hadapsar,18,3,0,1725,8326,0,17.376,0.0,1
Swargate,Hadapsar,18,3,1,2178,11477,0,18.9702479338843,0.0,0
Swargate,Hadapsar,18,3,2,2395,11883,0,17.86171189979123,0.0,0
Swargate,Hadapsar,20,3,0,1491,8326,0,20.103018108651916,0.0,1
Swargate,Hadapsar,20,3,1,1981,11477,0,20.85673902069662,0.0,0
Swargate,Hadapsar,20,3,2,1623,9733,0,21.588909426987065,0.0,0
Swargate,Hadapsar,22,3,0,1116,8745,0,28.20967741935484,0.0,1
Swargate,Hadapsar,22,3,1,1602,11398,0,25.613483146067416,0.0,0
Swargate,Hadapsar,22,3,2,1851,14315,0,27.841166936790923,0.0,0
Swargate,Hadapsar,0,4,0,1116,8745,0,28.20967741935484,0.0,1
Swargate,Hadapsar,0,4,1,1602,11398,0,25.613483146067416,0.0,0
Swargate,Hadapsar,0,4,2,1851,14315,0,27.841166936790923,0.0,0
Swargate,Hadapsar,6,4,0,1134,8745,0,27.76190476190476,0.0,1
Swargate,Hadapsar,6,4,1,1621,11398,0,25.31326341764343,0.0,0
Swargate,Hadapsar,6,4,2,1880,14315,0,27.411702127659574,0.0,0
Swargate,Hadapsar,8,4,0,1194,8736,0,26.339698492462315,0.0,1
Swargate,Hadapsar,8,4,1,1671,11390,0,24.53859964093357,0.0,0
Swargate,Hadapsar,8,4,2,1369,10143,0,26.67260774287801,0.0,0
Swargate,Hadapsar,10,4,0,1312,8745,0,23.99542682926829,0.0,1
Swargate,Hadapsar,10,4,1,1736,11398,0,23.636405529953915,0.0,0
Swargate,Hadapsar,10,4,2,1460,10151,0,25.02986301369863,0.0,0
Swargate,Hadapsar,12,4,0,1388,8326,0,21.594812680115275,0.0,1
Swargate,Hadapsar,12,4,1,1841,11398,0,22.28832156436719,0.0,0
Swargate,Hadapsar,12,4,2,1528,9733,0,22.93115183246073,0.0,0
Swargate,Hadapsar,14,4,0,1401,8326,0,21.39443254817987,0.0,1
Swargate,Hadapsar,14,4,1,1874,11398,0,21.895837780149414,0.0,0
Swargate,Hadapsar,14,4,2,1553,9733,0,22.562009014810048,0.0,0
Swargate,Hadapsar,16,4,0,1428,8326,0,20.989915966386555,0.0,1
Swargate,Hadapsar,16,4,1,1924,11398,0,21.326819126819125,0.0,0
Swargate,Hadapsar,16,4,2,1937,11883,0,22.08508002065049,0.0,0
Swargate,Hadapsar,18,4,0,1438,8326,0,20.84394993045897,0.0,1
Swargate,Hadapsar,18,4,1,1966,11477,0,21.01586978636826,0.0,0
Swargate,Hadapsar,18,4,2,2017,11883,0,21.209122459097667,0.0,0
Swargate,Hadapsar,20,4,0,1357,8745,0,23.19970523212969,0.0,1
Swargate,Hadapsar,20,4,1,1842,11398,0,22.27622149837133,0.0,0
Swargate,Hadapsar,20,4,2,1504,9733,0,23.297074468085107,0.0,0
Swargate,Hadapsar,22,4,0,1116,8745,0,28.20967741935484,0.0,1
Swargate,Hadapsar,22,4,1,1602,11398,0,25.613483146067416,0.0,0
Swargate,Hadapsar,22,4,2,1851,14315,0,27.841166936790923,0.0,0
Swargate,Hadapsar,0,5,0,1116,8745,0,28.20967741935484,0.0,1
Swargate,Hadapsar,0,5,1,1602,11398,0,25.613483146067416,0.0,0
Swargate,Hadapsar,0,5,2,1851,14315,0,27.841166936790923,0.0,0
Swargate,Hadapsar,6,5,0,1135,8745,0,27.737444933920703,0.0,1
Swargate,Hadapsar,6,5,1,1633,11398,0,25.1272504592774,0.0,0
Swargate,Hadapsar,6,5,2,1901,14315,0,27.108890057864283,0.0,0
Swargate,Hadapsar,8,5,0,1338,8745,0,23.529147982062774,0.0,1
Swargate,Hadapsar,8,5,1,1827,11398,0,22.45911330049261,0.0,0
Swargate,Hadapsar,8,5,2,1462,9733,0,23.96634746922025,0.0,0
Swargate,Hadapsar,10,5,0,1432,8326,0,20.93128491620112,0.0,1
Swargate,Hadapsar,10,5,1,1983,11398,0,20.692284417549168,0.0,0
Swargate,Hadapsar,10,5,2,1580,9733,0,22.17645569620253,0.0,0
Swargate,Hadapsar,12,5,0,1566,8326,0,19.140229885057472,0.0,1
Swargate,Hadapsar,12,5,1,2123,11477,0,19.461705134243992,0.0,0
Swargate,Hadapsar,12,5,2,1706,9733,0,20.538569753810084,0.0,0
Swargate,Hadapsar,14,5,0,1461,8326,0,20.51581108829569,0.0,1
Swargate,Hadapsar,14,5,1,2020,11477,0,20.454059405940598,0.0,0
Swargate,Hadapsar,14,5,2,1634,9733,0,21.44357405140759,0.0,0
Swargate,Hadapsar,16,5,0,1461,8326,0,20.51581108829569,0.0,1
Swargate,Hadapsar,16,5,1,1645,9733,0,21.30018237082067,0.0,0
Swargate,Hadapsar,16,5,2,2072,11477,0,19.94073359073359,0.0,0
Swargate,Hadapsar,18,5,0,1696,8326,0,17.67311320754717,0.0,1
Swargate,Hadapsar,18,5,1,2238,11477,0,18.46166219839142,0.0,0
Swargate,Hadapsar,18,5,2,1812,9733,0,19.33708609271524,0.0,0
Swargate,Hadapsar,20,5,0,1531,8326,0,19.577792292619204,0.0,1
Swargate,Hadapsar,20,5,1,2002,11477,0,20.63796203796204,0.0,0
Swargate,Hadapsar,20,5,2,1650,9733,0,21.235636363636367,0.0,0
Swargate,Hadapsar,22,5,0,1116,8745,0,28.20967741935484,0.0,1
Swargate,Hadapsar,22,5,1,1602,11398,0,25.613483146067416,0.0,0
Swargate,Hadapsar,22,5,2,1851,14315,0,27.841166936790923,0.0,0
Swargate,Hadapsar,0,6,0,1116,8745,0,28.20967741935484,0.0,1
Swargate,Hadapsar,0,6,1,1602,11398,0,25.613483146067416,0.0,0
Swargate,Hadapsar,0,6,2,1851,14315,0,27.841166936790923,0.0,0
Swargate,Hadapsar,6,6,0,1144,8745,0,27.519230769230766,0.0,1
Swargate,Hadapsar,6,6,1,1638,11398,0,25.05054945054945,0.0,0
Swargate,Hadapsar,6,6,2,1911,14315,0,26.967032967032964,0.0,0
Swargate,Hadapsar,8,6,0,1342,8326,0,22.335022354694487,0.0,1
Swargate,Hadapsar,8,6,1,1466,9733,0,23.90095497953616,0.0,0
Swargate,Hadapsar,8,6,2,2029,11988,0,21.26998521439133,0.0,0
Swargate,Hadapsar,10,6,0,1480,8326,0,20.252432432432435,0.0,1
Swargate,Hadapsar,10,6,1,2042,11398,0,20.09441723800196,0.0,0
Swargate,Hadapsar,10,6,2,1617,9733,0,21.669016697588127,0.0,0
Swargate,Hadapsar,12,6,0,1604,8326,0,18.686783042394016,0.0,1
Swargate,Hadapsar,12,6,1,2163,11477,0,19.101803051317614,0.0,0
Swargate,Hadapsar,12,6,2,1757,9733,0,19.942401821286285,0.0,0
Swargate,Hadapsar,14,6,0,1486,8326,0,20.17065948855989,0.0,1
Swargate,Hadapsar,14,6,1,2048,11477,0,20.1744140625,0.0,0
Swargate,Hadapsar,14,6,2,1659,9733,0,21.120433996383365,0.0,0
Swargate,Hadapsar,16,6,0,1503,8326,0,19.94251497005988,0.0,1
Swargate,Hadapsar,16,6,1,1663,9733,0,21.069633193024657,0.0,0
Swargate,Hadapsar,16,6,2,2508,11988,0,17.207655502392345,0.0,0
Swargate,Hadapsar,18,6,0,1722,8326,0,17.406271777003486,0.0,1
Swargate,Hadapsar,18,6,1,2258,11477,0,18.298139946855624,0.0,0
Swargate,Hadapsar,18,6,2,1831,9733,0,19.136428181321683,0.0,0
Swargate,Hadapsar,20,6,0,1532,8326,0,19.56501305483029,0.0,1
Swargate,Hadapsar,20,6,1,1985,11477,0,20.81471032745592,0.0,0
Swargate,Hadapsar,20,6,2,1664,9733,0,21.05697115384616,0.0,0
Swargate,Hadapsar,22,6,0,1116,8745,0,28.20967741935484,0.0,1
Swargate,Hadapsar,22,6,1,1602,11398,0,25.613483146067416,0.0,0
Swargate,Hadapsar,22,6,2,1851,14315,0,27.841166936790923,0.0,0
Swargate,Hadapsar,0,0,0,1116,8745,0,28.20967741935484,0.0,1
Swargate,Hadapsar,0,0,1,1602,11398,0,25.613483146067416,0.0,0
Swargate,Hadapsar,0,0,2,1851,14315,0,27.841166936790923,0.0,0
Swargate,Hadapsar,6,0,0,1139,8745,0,27.64003511852502,0.0,1
Swargate,Hadapsar,6,0,1,1635,11398,0,25.09651376146789,0.0,0
Swargate,Hadapsar,6,0,2,1907,14315,0,27.023597273203983,0.0,0
Swargate,Hadapsar,8,0,0,1334,8745,0,23.599700149925035,0.0,1
Swargate,Hadapsar,8,0,1,1853,11398,0,22.143982730706963,0.0,0
Swargate,Hadapsar,8,0,2,1461,9733,0,23.98275154004107,0.0,0
Swargate,Hadapsar,10,0,0,1431,8326,0,20.94591194968553,0.0,1
Swargate,Hadapsar,10,0,1,1584,9733,0,22.120454545454542,0.0,0
Swargate,Hadapsar,10,0,2,2236,11988,0,19.300894454382828,0.0,0
Swargate,Hadapsar,12,0,0,1555,8326,0,19.275627009646303,0.0,1
Swargate,Hadapsar,12,0,1,2131,11477,0,19.38864382918817,0.0,0
Swargate,Hadapsar,12,0,2,1701,9733,0,20.5989417989418,0.0,0
Swargate,Hadapsar,14,0,0,1463,8326,0,20.48776486671224,0.0,1
Swargate,Hadapsar,14,0,1,2038,11477,0,20.27340529931305,0.0,0
Swargate,Hadapsar,14,0,2,1640,9733,0,21.365121951219518,0.0,0
Swargate,Hadapsar,16,0,0,1464,8326,0,20.47377049180328,0.0,1
Swargate,Hadapsar,16,0,1,1648,9733,0,21.26140776699029,0.0,0
Swargate,Hadapsar,16,0,2,2489,11988,0,17.339011651265565,0.0,0
Swargate,Hadapsar,18,0,0,1688,8326,0,17.756872037914693,0.0,1
Swargate,Hadapsar,18,0,1,2247,11477,0,18.38771695594125,0.0,0
Swargate,Hadapsar,18,0,2,1800,9733,0,19.466,0.0,0
Swargate,Hadapsar,20,0,0,1519,8326,0,19.73245556287031,0.0,1
Swargate,Hadapsar,20,0,1,1971,11477,0,20.96255707762557,0.0,0
Swargate,Hadapsar,20,0,2,1642,9733,0,21.339098660170524,0.0,0
Swargate,Hadapsar,22,0,0,1116,8745,0,28.20967741935484,0.0,1
Swargate,Hadapsar,22,0,1,1602,11398,0,25.613483146067416,0.0,0
Swargate,Hadapsar,22,0,2,1851,14315,0,27.841166936790923,0.0,0
Swargate,Hadapsar,0,1,0,1116,8745,0,28.20967741935484,0.0,1
Swargate,Hadapsar,0,1,1,1602,11398,0,25.613483146067416,0.0,0
Swargate,Hadapsar,0,1,2,1851,14315,0,27.841166936790923,0.0,0
Swargate,Hadapsar,6,1,0,1141,8745,0,27.591586327782647,0.0,1
Swargate,Hadapsar,6,1,1,1636,11398,0,25.08117359413203,0.0,0
Swargate,Hadapsar,6,1,2,1907,14315,0,27.023597273203983,0.0,0
Swargate,Hadapsar,8,1,0,1303,8326,0,23.00353031465848,0.0,1
Swargate,Hadapsar,8,1,1,1826,11398,0,22.47141292442497,0.0,0
Swargate,Hadapsar,8,1,2,1469,9733,0,23.85214431586113,0.0,0
Swargate,Hadapsar,10,1,0,1431,8326,0,20.94591194968553,0.0,1
Swargate,Hadapsar,10,1,1,1577,9733,0,22.218642993024734,0.0,0
Swargate,Hadapsar,10,1,2,2215,11988,0,19.483882618510155,0.0,0
Swargate,Hadapsar,12,1,0,1555,8326,0,19.275627009646303,0.0,1
Swargate,Hadapsar,12,1,1,2118,11477,0,19.507648725212466,0.0,0
Swargate,Hadapsar,12,1,2,1692,9733,0,20.708510638297877,0.0,0
Swargate,Hadapsar,14,1,0,1452,8326,0,20.64297520661157,0.0,1
Swargate,Hadapsar,14,1,1,1996,11477,0,20.700000000000003,0.0,0
Swargate,Hadapsar,14,1,2,1626,9733,0,21.54907749077491,0.0,0
Swargate,Hadapsar,16,1,0,1447,8326,0,20.71430545957153,0.0,1
Swargate,Hadapsar,16,1,1,2040,11477,0,20.253529411764703,0.0,0
Swargate,Hadapsar,16,1,2,1636,9733,0,21.41735941320293,0.0,0
Swargate,Hadapsar,18,1,0,1675,8326,0,17.89468656716418,0.0,1
Swargate,Hadapsar,18,1,1,2228,11477,0,18.54452423698384,0.0,0
Swargate,Hadapsar,18,1,2,1808,9733,0,19.37986725663717,0.0,0
Swargate,Hadapsar,20,1,0,1531,8326,0,19.577792292619204,0.0,1
Swargate,Hadapsar,20,1,1,2017,11477,0,20.484481903817557,0.0,0
Swargate,Hadapsar,20,1,2,1656,9733,0,21.158695652173915,0.0,0
Swargate,Hadapsar,22,1,0,1116,8745,0,28.20967741935484,0.0,1
Swargate,Hadapsar,22,1,1,1602,11398,0,25.613483146067416,0.0,0
Swargate,Hadapsar,22,1,2,1851,14315,0,27.841166936790923,0.0,0
Swargate,Hadapsar,0,2,0,1116,8745,0,28.20967741935484,0.0,1
Swargate,Hadapsar,0,2,1,1602,11398,0,25.613483146067416,0.0,0
Swargate,Hadapsar,0,2,2,1851,14315,0,27.841166936790923,0.0,0
Swargate,Hadapsar,6,2,0,1137,8745,0,27.688654353562,0.0,1
Swargate,Hadapsar,6,2,1,1633,11398,0,25.1272504592774,0.0,0
Swargate,Hadapsar,6,2,2,1906,14315,0,27.03777544596012,0.0,0
Swargate,Hadapsar,8,2,0,1346,8745,0,23.38930163447251,0.0,1
Swargate,Hadapsar,8,2,1,1827,11398,0,22.45911330049261,0.0,0
Swargate,Hadapsar,8,2,2,1470,9733,0,23.83591836734694,0.0,0
Swargate,Hadapsar,10,2,0,1419,8326,0,21.123044397463005,0.0,1
Swargate,Hadapsar,10,2,1,1973,11398,0,20.79716168271668,0.0,0
Swargate,Hadapsar,10,2,2,1572,9733,0,22.28931297709924,0.0,0
Swargate,Hadapsar,12,2,0,1540,8326,0,19.463376623376625,0.0,1
Swargate,Hadapsar,12,2,1,2112,11477,0,19.56306818181818,0.0,0
Swargate,Hadapsar,12,2,2,1688,9733,0,20.757582938388627,0.0,0
Swargate,Hadapsar,14,2,0,1448,8326,0,20.700000000000003,0.0,1
Swargate,Hadapsar,14,2,1,2015,11477,0,20.50481389578164,0.0,0
Swargate,Hadapsar,14,2,2,1625,9733,0,21.562338461538463,0.0,0
Swargate,Hadapsar,16,2,0,1471,8326,0,20.376342624065263,0.0,1
Swargate,Hadapsar,16,2,1,1649,9733,0,21.24851425106125,0.0,0
Swargate,Hadapsar,16,2,2,2073,11477,0,19.93111432706223,0.0,0
Swargate,Hadapsar,18,2,0,1728,8326,0,17.345833333333335,0.0,1
Swargate,Hadapsar,18,2,1,2246,11477,0,18.395903829029383,0.0,0
Swargate,Hadapsar,18,2,2,1832,9733,0,19.12598253275109,0.0,0
Swargate,Hadapsar,20,2,0,1537,8326,0,19.50136629798309,0.0,1
Swargate,Hadapsar,20,2,1,2017,11477,0,20.484481903817557,0.0,0
Swargate,Hadapsar,20,2,2,1656,9733,0,21.158695652173915,0.0,0
Swargate,Hadapsar,22,2,0,1116,8745,0,28.20967741935484,0.0,1
Swargate,Hadapsar,22,2,1,1602,11398,0,25.613483146067416,0.0,0
Swargate,Hadapsar,22,2,2,1851,14315,0,27.841166936790923,0.0,0
Swargate,Hadapsar,0,3,0,1116,8745,0,28.20967741935484,0.0,1
Swargate,Hadapsar,0,3,1,1602,11398,0,25.613483146067416,0.0,0
Swargate,Hadapsar,0,3,2,1851,14315,0,27.841166936790923,0.0,0
Swargate,Hadapsar,6,3,0,1136,8745,0,27.713028169014084,0.0,1
Swargate,Hadapsar,6,3,1,1624,11398,0,25.266502463054184,0.0,0
Swargate,Hadapsar,6,3,2,1889,14315,0,27.28110111169931,0.0,0
Swargate,Hadapsar,8,3,0,1285,8745,0,24.499610894941632,0.0,1
Swargate,Hadapsar,8,3,1,1719,11398,0,23.870157068062827,0.0,0
Swargate,Hadapsar,8,3,2,1405,9733,0,24.93864768683274,0.0,0
Swargate,Hadapsar,10,3,0,1366,8326,0,21.942606149341145,0.0,1
Swargate,Hadapsar,10,3,1,1854,11398,0,22.13203883495145,0.0,0
Swargate,Hadapsar,10,3,2,1514,9733,0,23.14319682959049,0.0,0
Swargate,Hadapsar,12,3,0,1536,8326,0,19.5140625,0.0,1
Swargate,Hadapsar,12,3,1,2039,11477,0,20.26346248160863,0.0,0
Swargate,Hadapsar,12,3,2,1684,9733,0,20.80688836104513,0.0,0
Swargate,Hadapsar,14,3,0,1548,8326,0,19.36279069767442,0.0,1
Swargate,Hadapsar,14,3,1,2046,11477,0,20.194134897360705,0.0,0
Swargate,Hadapsar,14,3,2,2183,11883,0,19.596335318369217,0.0,0
Swargate,Hadapsar,16,3,0,1603,8326,0,18.698440424204616,0.0,1
Swargate,Hadapsar,16,3,1,2094,11477,0,19.731232091690543,0.0,0
Swargate,Hadapsar,16,3,2,2242,11883,0,19.08064228367529,0.0,0
Swargate,Hadapsar,18,3,0,1725,8326,0,17.376,0.0,1
Swargate,Hadapsar,18,3,1,2178,11477,0,18.9702479338843,0.0,0
Swargate,Hadapsar,18,3,2,2395,11883,0,17.86171189979123,0.0,0
Swargate,Hadapsar,20,3,0,1491,8326,0,20.103018108651916,0.0,1
Swargate,Hadapsar,20,3,1,1981,11477,0,20.85673902069662,0.0,0
Swargate,Hadapsar,20,3,2,1623,9733,0,21.588909426987065,0.0,0
Swargate,Hadapsar,22,3,0,1116,8745,0,28.20967741935484,0.0,1
Swargate,Hadapsar,22,3,1,1602,11398,0,25.613483146067416,0.0,0
Swargate,Hadapsar,22,3,2,1851,14315,0,27.841166936790923,0.0,0
Swargate,Hadapsar,0,4,0,1116,8745,0,28.20967741935484,0.0,1
Swargate,Hadapsar,0,4,1,1602,11398,0,25.613483146067416,0.0,0
Swargate,Hadapsar,0,4,2,1851,14315,0,27.841166936790923,0.0,0
Swargate,Hadapsar,6,4,0,1134,8745,0,27.76190476190476,0.0,1
Swargate,Hadapsar,6,4,1,1621,11398,0,25.31326341764343,0.0,0
Swargate,Hadapsar,6,4,2,1880,14315,0,27.411702127659574,0.0,0
Swargate,Hadapsar,8,4,0,1194,8736,0,26.339698492462315,0.0,1
Swargate,Hadapsar,8,4,1,1671,11390,0,24.53859964093357,0.0,0
Swargate,Hadapsar,8,4,2,1369,10143,0,26.67260774287801,0.0,0
Swargate,Hadapsar,10,4,0,1312,8745,0,23.99542682926829,0.0,1
Swargate,Hadapsar,10,4,1,1736,11398,0,23.636405529953915,0.0,0
Swargate,Hadapsar,10,4,2,1460,10151,0,25.02986301369863,0.0,0
Swargate,Hadapsar,12,4,0,1388,8326,0,21.594812680115275,0.0,1
Swargate,Hadapsar,12,4,1,1841,11398,0,22.28832156436719,0.0,0
Swargate,Hadapsar,12,4,2,1528,9733,0,22.93115183246073,0.0,0
Swargate,Hadapsar,14,4,0,1401,8326,0,21.39443254817987,0.0,1
Swargate,Hadapsar,14,4,1,1874,11398,0,21.895837780149414,0.0,0
Swargate,Hadapsar,14,4,2,1553,9733,0,22.562009014810048,0.0,0
Swargate,Hadapsar,16,4,0,1428,8326,0,20.989915966386555,0.0,1
Swargate,Hadapsar,16,4,1,1924,11398,0,21.326819126819125,0.0,0
Swargate,Hadapsar,16,4,2,1937,11883,0,22.08508002065049,0.0,0
Swargate,Hadapsar,18,4,0,1438,8326,0,20.84394993045897,0.0,1
Swargate,Hadapsar,18,4,1,1966,11477,0,21.01586978636826,0.0,0
Swargate,Hadapsar,18,4,2,2017,11883,0,21.209122459097667,0.0,0
Swargate,Hadapsar,20,4,0,1357,8745,0,23.19970523212969,0.0,1
Swargate,Hadapsar,20,4,1,1842,11398,0,22.27622149837133,0.0,0
Swargate,Hadapsar,20,4,2,1504,9733,0,23.297074468085107,0.0,0
Swargate,Hadapsar,22,4,0,1116,8745,0,28.20967741935484,0.0,1
Swargate,Hadapsar,22,4,1,1602,11398,0,25.613483146067416,0.0,0
Swargate,Hadapsar,22,4,2,1851,14315,0,27.841166936790923,0.0,0
Swargate,Hadapsar,0,5,0,1116,8745,0,28.20967741935484,0.0,1
Swargate,Hadapsar,0,5,1,1602,11398,0,25.613483146067416,0.0,0
Swargate,Hadapsar,0,5,2,1851,14315,0,27.841166936790923,0.0,0
Swargate,Hadapsar,6,5,0,1135,8745,0,27.737444933920703,0.0,1
Swargate,Hadapsar,6,5,1,1633,11398,0,25.1272504592774,0.0,0
Swargate,Hadapsar,6,5,2,1901,14315,0,27.108890057864283,0.0,0
Swargate,Hadapsar,8,5,0,1338,8745,0,23.529147982062774,0.0,1
Swargate,Hadapsar,8,5,1,1827,11398,0,22.45911330049261,0.0,0
Swargate,Hadapsar,8,5,2,1462,9733,0,23.96634746922025,0.0,0
Swargate,Hadapsar,10,5,0,1432,8326,0,20.93128491620112,0.0,1
Swargate,Hadapsar,10,5,1,1983,11398,0,20.692284417549168,0.0,0
Swargate,Hadapsar,10,5,2,1580,9733,0,22.17645569620253,0.0,0
Swargate,Hadapsar,12,5,0,1566,8326,0,19.140229885057472,0.0,1
Swargate,Hadapsar,12,5,1,2123,11477,0,19.461705134243992,0.0,0
Swargate,Hadapsar,12,5,2,1706,9733,0,20.538569753810084,0.0,0
Swargate,Hadapsar,14,5,0,1461,8326,0,20.51581108829569,0.0,1
Swargate,Hadapsar,14,5,1,2020,11477,0,20.454059405940598,0.0,0
Swargate,Hadapsar,14,5,2,1634,9733,0,21.44357405140759,0.0,0
Swargate,Hadapsar,16,5,0,1461,8326,0,20.51581108829569,0.0,1
Swargate,Hadapsar,16,5,1,1645,9733,0,21.30018237082067,0.0,0
Swargate,Hadapsar,16,5,2,2072,11477,0,19.94073359073359,0.0,0
Swargate,Hadapsar,18,5,0,1696,8326,0,17.67311320754717,0.0,1
Swargate,Hadapsar,18,5,1,2238,11477,0,18.46166219839142,0.0,0
Swargate,Hadapsar,18,5,2,1812,9733,0,19.33708609271524,0.0,0
Swargate,Hadapsar,20,5,0,1531,8326,0,19.577792292619204,0.0,1
Swargate,Hadapsar,20,5,1,2002,11477,0,20.63796203796204,0.0,0
Swargate,Hadapsar,20,5,2,1650,9733,0,21.235636363636367,0.0,0
Swargate,Hadapsar,22,5,0,1116,8745,0,28.20967741935484,0.0,1
Swargate,Hadapsar,22,5,1,1602,11398,0,25.613483146067416,0.0,0
Swargate,Hadapsar,22,5,2,1851,14315,0,27.841166936790923,0.0,0
Swargate,Hadapsar,0,6,0,1116,8745,0,28.20967741935484,0.0,1
Swargate,Hadapsar,0,6,1,1602,11398,0,25.613483146067416,0.0,0
Swargate,Hadapsar,0,6,2,1851,14315,0,27.841166936790923,0.0,0
Swargate,Hadapsar,6,6,0,1144,8745,0,27.519230769230766,0.0,1
Swargate,Hadapsar,6,6,1,1638,11398,0,25.05054945054945,0.0,0
Swargate,Hadapsar,6,6,2,1911,14315,0,26.967032967032964,0.0,0
Swargate,Hadapsar,8,6,0,1342,8326,0,22.335022354694487,0.0,1
Swargate,Hadapsar,8,6,1,1466,9733,0,23.90095497953616,0.0,0
Swargate,Hadapsar,8,6,2,2029,11988,0,21.26998521439133,0.0,0
Swargate,Hadapsar,10,6,0,1480,8326,0,20.252432432432435,0.0,1
Swargate,Hadapsar,10,6,1,2042,11398,0,20.09441723800196,0.0,0
Swargate,Hadapsar,10,6,2,1617,9733,0,21.669016697588127,0.0,0
Swargate,Hadapsar,12,6,0,1604,8326,0,18.686783042394016,0.0,1
Swargate,Hadapsar,12,6,1,2163,11477,0,19.101803051317614,0.0,0
Swargate,Hadapsar,12,6,2,1757,9733,0,19.942401821286285,0.0,0
Swargate,Hadapsar,14,6,0,1486,8326,0,20.17065948855989,0.0,1
Swargate,Hadapsar,14,6,1,2048,11477,0,20.1744140625,0.0,0
Swargate,Hadapsar,14,6,2,1659,9733,0,21.120433996383365,0.0,0
Swargate,Hadapsar,16,6,0,1503,8326,0,19.94251497005988,0.0,1
Swargate,Hadapsar,16,6,1,1663,9733,0,21.069633193024657,0.0,0
Swargate,Hadapsar,16,6,2,2508,11988,0,17.207655502392345,0.0,0
Swargate,Hadapsar,18,6,0,1722,8326,0,17.406271777003486,0.0,1
Swargate,Hadapsar,18,6,1,2258,11477,0,18.298139946855624,0.0,0
Swargate,Hadapsar,18,6,2,1831,9733,0,19.136428181321683,0.0,0
Swargate,Hadapsar,20,6,0,1532,8326,0,19.56501305483029,0.0,1
Swargate,Hadapsar,20,6,1,1985,11477,0,20.81471032745592,0.0,0
Swargate,Hadapsar,20,6,2,1664,9733,0,21.05697115384616,0.0,0
Swargate,Hadapsar,22,6,0,1116,8745,0,28.20967741935484,0.0,1
Swargate,Hadapsar,22,6,1,1602,11398,0,25.613483146067416,0.0,0
Swargate,Hadapsar,22,6,2,1851,14315,0,27.841166936790923,0.0,0
Swargate,Hadapsar,0,0,0,1116,8745,0,28.20967741935484,0.0,1
Swargate,Hadapsar,0,0,1,1602,11398,0,25.613483146067416,0.0,0
Swargate,Hadapsar,0,0,2,1851,14315,0,27.841166936790923,0.0,0
Swargate,Hadapsar,6,0,0,1139,8745,0,27.64003511852502,0.0,1
Swargate,Hadapsar,6,0,1,1635,11398,0,25.09651376146789,0.0,0
Swargate,Hadapsar,6,0,2,1907,14315,0,27.023597273203983,0.0,0
Swargate,Hadapsar,8,0,0,1334,8745,0,23.599700149925035,0.0,1
Swargate,Hadapsar,8,0,1,1853,11398,0,22.143982730706963,0.0,0
Swargate,Hadapsar,8,0,2,1461,9733,0,23.98275154004107,0.0,0
Swargate,Hadapsar,10,0,0,1431,8326,0,20.94591194968553,0.0,1
Swargate,Hadapsar,10,0,1,1584,9733,0,22.120454545454542,0.0,0
Swargate,Hadapsar,10,0,2,2236,11988,0,19.300894454382828,0.0,0
Swargate,Hadapsar,12,0,0,1555,8326,0,19.275627009646303,0.0,1
Swargate,Hadapsar,12,0,1,2131,11477,0,19.38864382918817,0.0,0
Swargate,Hadapsar,12,0,2,1701,9733,0,20.5989417989418,0.0,0
Swargate,Hadapsar,14,0,0,1463,8326,0,20.48776486671224,0.0,1
Swargate,Hadapsar,14,0,1,2038,11477,0,20.27340529931305,0.0,0
Swargate,Hadapsar,14,0,2,1640,9733,0,21.365121951219518,0.0,0
Swargate,Hadapsar,16,0,0,1464,8326,0,20.47377049180328,0.0,1
Swargate,Hadapsar,16,0,1,1648,9733,0,21.26140776699029,0.0,0
Swargate,Hadapsar,16,0,2,2489,11988,0,17.339011651265565,0.0,0
Swargate,Hadapsar,18,0,0,1688,8326,0,17.756872037914693,0.0,1
Swargate,Hadapsar,18,0,1,2247,11477,0,18.38771695594125,0.0,0
Swargate,Hadapsar,18,0,2,1800,9733,0,19.466,0.0,0
Swargate,Hadapsar,20,0,0,1519,8326,0,19.73245556287031,0.0,1
Swargate,Hadapsar,20,0,1,1971,11477,0,20.96255707762557,0.0,0
Swargate,Hadapsar,20,0,2,1642,9733,0,21.339098660170524,0.0,0
Swargate,Hadapsar,22,0,0,1116,8745,0,28.20967741935484,0.0,1
Swargate,Hadapsar,22,0,1,1602,11398,0,25.613483146067416,0.0,0
Swargate,Hadapsar,22,0,2,1851,14315,0,27.841166936790923,0.0,0
Swargate,Hadapsar,0,1,0,1116,8745,0,28.20967741935484,0.0,1
Swargate,Hadapsar,0,1,1,1602,11398,0,25.613483146067416,0.0,0
Swargate,Hadapsar,0,1,2,1851,14315,0,27.841166936790923,0.0,0
Swargate,Hadapsar,6,1,0,1141,8745,0,27.591586327782647,0.0,1
Swargate,Hadapsar,6,1,1,1636,11398,0,25.08117359413203,0.0,0
Swargate,Hadapsar,6,1,2,1907,14315,0,27.023597273203983,0.0,0
Swargate,Hadapsar,8,1,0,1303,8326,0,23.00353031465848,0.0,1
Swargate,Hadapsar,8,1,1,1826,11398,0,22.47141292442497,0.0,0
Swargate,Hadapsar,8,1,2,1469,9733,0,23.85214431586113,0.0,0
Swargate,Hadapsar,10,1,0,1431,8326,0,20.94591194968553,0.0,1
Swargate,Hadapsar,10,1,1,1577,9733,0,22.218642993024734,0.0,0
Swargate,Hadapsar,10,1,2,2215,11988,0,19.483882618510155,0.0,0
Swargate,Hadapsar,12,1,0,1555,8326,0,19.275627009646303,0.0,1
Swargate,Hadapsar,12,1,1,2118,11477,0,19.507648725212466,0.0,0
Swargate,Hadapsar,12,1,2,1692,9733,0,20.708510638297877,0.0,0
Swargate,Hadapsar,14,1,0,1452,8326,0,20.64297520661157,0.0,1
Swargate,Hadapsar,14,1,1,1996,11477,0,20.700000000000003,0.0,0
Swargate,Hadapsar,14,1,2,1626,9733,0,21.54907749077491,0.0,0
Swargate,Hadapsar,16,1,0,1447,8326,0,20.71430545957153,0.0,1
Swargate,Hadapsar,16,1,1,2040,11477,0,20.253529411764703,0.0,0
Swargate,Hadapsar,16,1,2,1636,9733,0,21.41735941320293,0.0,0
Swargate,Hadapsar,18,1,0,1675,8326,0,17.89468656716418,0.0,1
Swargate,Hadapsar,18,1,1,2228,11477,0,18.54452423698384,0.0,0
Swargate,Hadapsar,18,1,2,1808,9733,0,19.37986725663717,0.0,0
Swargate,Hadapsar,20,1,0,1531,8326,0,19.577792292619204,0.0,1
Swargate,Hadapsar,20,1,1,2017,11477,0,20.484481903817557,0.0,0
Swargate,Hadapsar,20,1,2,1656,9733,0,21.158695652173915,0.0,0
Swargate,Hadapsar,22,1,0,1116,8745,0,28.20967741935484,0.0,1
Swargate,Hadapsar,22,1,1,1602,11398,0,25.613483146067416,0.0,0
Swargate,Hadapsar,22,1,2,1851,14315,0,27.841166936790923,0.0,0
Swargate,Hadapsar,0,2,0,1116,8745,0,28.20967741935484,0.0,1
Swargate,Hadapsar,0,2,1,1602,11398,0,25.613483146067416,0.0,0
Swargate,Hadapsar,0,2,2,1851,14315,0,27.841166936790923,0.0,0
Swargate,Hadapsar,6,2,0,1137,8745,0,27.688654353562,0.0,1
Swargate,Hadapsar,6,2,1,1633,11398,0,25.1272504592774,0.0,0
Swargate,Hadapsar,6,2,2,1906,14315,0,27.03777544596012,0.0,0
Swargate,Hadapsar,8,2,0,1346,8745,0,23.38930163447251,0.0,1
Swargate,Hadapsar,8,2,1,1827,11398,0,22.45911330049261,0.0,0
Swargate,Hadapsar,8,2,2,1470,9733,0,23.83591836734694,0.0,0
Swargate,Hadapsar,10,2,0,1419,8326,0,21.123044397463005,0.0,1
Swargate,Hadapsar,10,2,1,1973,11398,0,20.79716168271668,0.0,0
Swargate,Hadapsar,10,2,2,1572,9733,0,22.28931297709924,0.0,0
Swargate,Hadapsar,12,2,0,1540,8326,0,19.463376623376625,0.0,1
Swargate,Hadapsar,12,2,1,2112,11477,0,19.56306818181818,0.0,0
Swargate,Hadapsar,12,2,2,1688,9733,0,20.757582938388627,0.0,0
Swargate,Hadapsar,14,2,0,1448,8326,0,20.700000000000003,0.0,1
Swargate,Hadapsar,14,2,1,2015,11477,0,20.50481389578164,0.0,0
Swargate,Hadapsar,14,2,2,1625,9733,0,21.562338461538463,0.0,0
Swargate,Hadapsar,16,2,0,1471,8326,0,20.376342624065263,0.0,1
Swargate,Hadapsar,16,2,1,1649,9733,0,21.24851425106125,0.0,0
Swargate,Hadapsar,16,2,2,2073,11477,0,19.93111432706223,0.0,0
Swargate,Hadapsar,18,2,0,1728,8326,0,17.345833333333335,0.0,1
Swargate,Hadapsar,18,2,1,2246,11477,0,18.395903829029383,0.0,0
Swargate,Hadapsar,18,2,2,1832,9733,0,19.12598253275109,0.0,0
Swargate,Hadapsar,20,2,0,1537,8326,0,19.50136629798309,0.0,1
Swargate,Hadapsar,20,2,1,2017,11477,0,20.484481903817557,0.0,0
Swargate,Hadapsar,20,2,2,1656,9733,0,21.158695652173915,0.0,0
Swargate,Hadapsar,22,2,0,1116,8745,0,28.20967741935484,0.0,1
Swargate,Hadapsar,22,2,1,1602,11398,0,25.613483146067416,0.0,0
Swargate,Hadapsar,22,2,2,1851,14315,0,27.841166936790923,0.0,0
Swargate,Hadapsar,0,3,0,1116,8745,0,28.20967741935484,0.0,1
Swargate,Hadapsar,0,3,1,1602,11398,0,25.613483146067416,0.0,0
Swargate,Hadapsar,0,3,2,1851,14315,0,27.841166936790923,0.0,0
Swargate,Hadapsar,6,3,0,1136,8745,0,27.713028169014084,0.0,1
Swargate,Hadapsar,6,3,1,1624,11398,0,25.266502463054184,0.0,0
Swargate,Hadapsar,6,3,2,1889,14315,0,27.28110111169931,0.0,0
Swargate,Hadapsar,8,3,0,1285,8745,0,24.499610894941632,0.0,1
Swargate,Hadapsar,8,3,1,1719,11398,0,23.870157068062827,0.0,0
Swargate,Hadapsar,8,3,2,1405,9733,0,24.93864768683274,0.0,0
Swargate,Hadapsar,10,3,0,1366,8326,0,21.942606149341145,0.0,1
Swargate,Hadapsar,10,3,1,1854,11398,0,22.13203883495145,0.0,0
Swargate,Hadapsar,10,3,2,1514,9733,0,23.14319682959049,0.0,0
Swargate,Hadapsar,12,3,0,1536,8326,0,19.5140625,0.0,1
Swargate,Hadapsar,12,3,1,2039,11477,0,20.26346248160863,0.0,0
Swargate,Hadapsar,12,3,2,1684,9733,0,20.80688836104513,0.0,0
Swargate,Hadapsar,14,3,0,1548,8326,0,19.36279069767442,0.0,1
Swargate,Hadapsar,14,3,1,2046,11477,0,20.194134897360705,0.0,0
Swargate,Hadapsar,14,3,2,2183,11883,0,19.596335318369217,0.0,0
Swargate,Hadapsar,16,3,0,1603,8326,0,18.698440424204616,0.0,1
Swargate,Hadapsar,16,3,1,2094,11477,0,19.731232091690543,0.0,0
Swargate,Hadapsar,16,3,2,2242,11883,0,19.08064228367529,0.0,0
Swargate,Hadapsar,18,3,0,1725,8326,0,17.376,0.0,1
Swargate,Hadapsar,18,3,1,2178,11477,0,18.9702479338843,0.0,0
Swargate,Hadapsar,18,3,2,2395,11883,0,17.86171189979123,0.0,0
Swargate,Hadapsar,20,3,0,1491,8326,0,20.103018108651916,0.0,1
Swargate,Hadapsar,20,3,1,1981,11477,0,20.85673902069662,0.0,0
Swargate,Hadapsar,20,3,2,1623,9733,0,21.588909426987065,0.0,0
Swargate,Hadapsar,22,3,0,1116,8745,0,28.20967741935484,0.0,1
Swargate,Hadapsar,22,3,1,1602,11398,0,25.613483146067416,0.0,0
Swargate,Hadapsar,22,3,2,1851,14315,0,27.841166936790923,0.0,0
Swargate,Hadapsar,0,4,0,1116,8745,0,28.20967741935484,0.0,1
Swargate,Hadapsar,0,4,1,1290,10151,0,28.32837209302325,0.0,0
Swargate,Hadapsar,0,4,2,1851,14315,0,27.841166936790923,0.0,0
Swargate,Hadapsar,6,4,0,1134,8745,0,27.76190476190476,0.0,1
Swargate,Hadapsar,6,4,1,1329,10151,0,27.49706546275395,0.0,0
Swargate,Hadapsar,6,4,2,1880,14315,0,27.411702127659574,0.0,0
Swargate,Hadapsar,8,4,0,1194,8736,0,26.339698492462315,0.0,1
Swargate,Hadapsar,8,4,1,1369,10143,0,26.67260774287801,0.0,0
Swargate,Hadapsar,8,4,2,2015,14315,0,25.57518610421836,0.0,0
Swargate,Hadapsar,10,4,0,1312,8745,0,23.99542682926829,0.0,1
Swargate,Hadapsar,10,4,1,1605,10893,0,24.43289719626168,0.0,0
Swargate,Hadapsar,10,4,2,2165,14315,0,23.80323325635104,0.0,0
Swargate,Hadapsar,12,4,0,1388,8326,0,21.594812680115275,0.0,1
Swargate,Hadapsar,12,4,1,1528,9733,0,22.93115183246073,0.0,0
Swargate,Hadapsar,12,4,2,2375,14315,0,21.698526315789472,0.0,0
Swargate,Hadapsar,14,4,0,1401,8326,0,21.39443254817987,0.0,1
Swargate,Hadapsar,14,4,1,1553,9733,0,22.562009014810048,0.0,0
Swargate,Hadapsar,14,4,2,2431,14233,0,21.077252159605106,0.0,0
Swargate,Hadapsar,16,4,0,1428,8326,0,20.989915966386555,0.0,1
Swargate,Hadapsar,16,4,1,1595,9733,0,21.96789968652038,0.0,0
Swargate,Hadapsar,16,4,2,2120,13043,0,22.148490566037733,0.0,0
Swargate,Hadapsar,18,4,0,1438,8326,0,20.84394993045897,0.0,1
Swargate,Hadapsar,18,4,1,1627,9733,0,21.53583282114321,0.0,0
Swargate,Hadapsar,18,4,2,2220,13043,0,21.150810810810807,0.0,0
Swargate,Hadapsar,20,4,0,1357,8745,0,23.19970523212969,0.0,1
Swargate,Hadapsar,20,4,1,1504,9733,0,23.297074468085107,0.0,0
Swargate,Hadapsar,20,4,2,2286,14591,0,22.97795275590551,0.0,0
Swargate,Hadapsar,22,4,0,1116,8745,0,28.20967741935484,0.0,1
Swargate,Hadapsar,22,4,1,1290,10151,0,28.32837209302325,0.0,0
Swargate,Hadapsar,22,4,2,1851,14315,0,27.841166936790923,0.0,0
Swargate,Hadapsar,0,5,0,1116,8745,0,28.20967741935484,0.0,1
Swargate,Hadapsar,0,5,1,1290,10151,0,28.32837209302325,0.0,0
Swargate,Hadapsar,0,5,2,1851,14315,0,27.841166936790923,0.0,0
Swargate,Hadapsar,6,5,0,1135,8745,0,27.737444933920703,0.0,1
Swargate,Hadapsar,6,5,1,1316,10151,0,27.76869300911854,0.0,0
Swargate,Hadapsar,6,5,2,1901,14315,0,27.108890057864283,0.0,0
Swargate,Hadapsar,8,5,0,1338,8745,0,23.529147982062774,0.0,1
Swargate,Hadapsar,8,5,1,1462,9733,0,23.96634746922025,0.0,0
Swargate,Hadapsar,8,5,2,2350,14315,0,21.929361702127657,0.0,0
Swargate,Hadapsar,10,5,0,1432,8326,0,20.93128491620112,0.0,1
Swargate,Hadapsar,10,5,1,1580,9733,0,22.17645569620253,0.0,0
Swargate,Hadapsar,10,5,2,1958,11220,0,20.62921348314607,0.0,0
Swargate,Hadapsar,12,5,0,1566,8326,0,19.140229885057472,0.0,1
Swargate,Hadapsar,12,5,1,1706,9733,0,20.538569753810084,0.0,0
Swargate,Hadapsar,12,5,2,2086,11220,0,19.363374880153405,0.0,0
Swargate,Hadapsar,14,5,0,1461,8326,0,20.51581108829569,0.0,1
Swargate,Hadapsar,14,5,1,1634,9733,0,21.44357405140759,0.0,0
Swargate,Hadapsar,14,5,2,1971,11220,0,20.493150684931507,0.0,0
Swargate,Hadapsar,16,5,0,1461,8326,0,20.51581108829569,0.0,1
Swargate,Hadapsar,16,5,1,1645,9733,0,21.30018237082067,0.0,0
Swargate,Hadapsar,16,5,2,1980,11220,0,20.4,0.0,0
Swargate,Hadapsar,18,5,0,1696,8326,0,17.67311320754717,0.0,1
Swargate,Hadapsar,18,5,1,1812,9733,0,19.33708609271524,0.0,0
Swargate,Hadapsar,18,5,2,2188,11220,0,18.460694698354665,0.0,0
Swargate,Hadapsar,20,5,0,1531,8326,0,19.577792292619204,0.0,1
Swargate,Hadapsar,20,5,1,1650,9733,0,21.235636363636367,0.0,0
Swargate,Hadapsar,20,5,2,2576,14315,0,20.005434782608692,0.0,0
Swargate,Hadapsar,22,5,0,1116,8745,0,28.20967741935484,0.0,1
Swargate,Hadapsar,22,5,1,1290,10151,0,28.32837209302325,0.0,0
Swargate,Hadapsar,22,5,2,1851,14315,0,27.841166936790923,0.0,0
Swargate,Hadapsar,0,6,0,1116,8745,0,28.20967741935484,0.0,1
Swargate,Hadapsar,0,6,1,1290,10151,0,28.32837209302325,0.0,0
Swargate,Hadapsar,0,6,2,1851,14315,0,27.841166936790923,0.0,0
Swargate,Hadapsar,6,6,0,1144,8745,0,27.519230769230766,0.0,1
Swargate,Hadapsar,6,6,1,1323,10151,0,27.621768707482996,0.0,0
Swargate,Hadapsar,6,6,2,1911,14315,0,26.967032967032964,0.0,0
Swargate,Hadapsar,8,6,0,1342,8326,0,22.335022354694487,0.0,1
Swargate,Hadapsar,8,6,1,1466,9733,0,23.90095497953616,0.0,0
Swargate,Hadapsar,8,6,2,1824,11220,0,22.144736842105264,0.0,0
Swargate,Hadapsar,10,6,0,1480,8326,0,20.252432432432435,0.0,1
Swargate,Hadapsar,10,6,1,1617,9733,0,21.669016697588127,0.0,0
Swargate,Hadapsar,10,6,2,1993,11220,0,20.266934269944805,0.0,0
Swargate,Hadapsar,12,6,0,1604,8326,0,18.686783042394016,0.0,1
Swargate,Hadapsar,12,6,1,1757,9733,0,19.942401821286285,0.0,0
Swargate,Hadapsar,12,6,2,2537,13043,0,18.50800157666535,0.0,0
Swargate,Hadapsar,14,6,0,1486,8326,0,20.17065948855989,0.0,1
Swargate,Hadapsar,14,6,1,1659,9733,0,21.120433996383365,0.0,0
Swargate,Hadapsar,14,6,2,2016,11220,0,20.035714285714285,0.0,0
Swargate,Hadapsar,16,6,0,1503,8326,0,19.94251497005988,0.0,1
Swargate,Hadapsar,16,6,1,1663,9733,0,21.069633193024657,0.0,0
Swargate,Hadapsar,16,6,2,2017,11220,0,20.02578086266733,0.0,0
Swargate,Hadapsar,18,6,0,1722,8326,0,17.406271777003486,0.0,1
Swargate,Hadapsar,18,6,1,1831,9733,0,19.136428181321683,0.0,0
Swargate,Hadapsar,18,6,2,2233,11220,0,18.088669950738915,0.0,0
Swargate,Hadapsar,20,6,0,1532,8326,0,19.56501305483029,0.0,1
Swargate,Hadapsar,20,6,1,1664,9733,0,21.05697115384616,0.0,0
Swargate,Hadapsar,20,6,2,2623,14315,0,19.64696911932901,0.0,0
Swargate,Hadapsar,22,6,0,1116,8745,0,28.20967741935484,0.0,1
Swargate,Hadapsar,22,6,1,1290,10151,0,28.32837209302325,0.0,0
Swargate,Hadapsar,22,6,2,1851,14315,0,27.841166936790923,0.0,0
Swargate,University,0,0,0,1122,8647,0,27.74438502673797,0.0,1
Swargate,University,0,0,1,1266,8962,0,25.484360189573454,0.0,0
Swargate,University,0,0,2,1600,11573,0,26.039250000000003,0.0,0
Swargate,University,6,0,0,1158,8647,0,26.881865284974094,0.0,1
Swargate,University,6,0,1,1309,8962,0,24.64721161191749,0.0,0
Swargate,University,6,0,2,1636,11573,0,25.46625916870416,0.0,0
Swargate,University,8,0,0,1369,8624,0,22.678159240321403,0.0,1
Swargate,University,8,0,1,1577,8634,0,19.70982878883957,0.0,0
Swargate,University,8,0,2,1680,9429,0,20.205,0.0,0
Swargate,University,10,0,0,1585,8647,0,19.6398738170347,0.0,1
Swargate,University,10,0,1,1826,8634,0,17.02212486308872,0.0,0
Swargate,University,10,0,2,1961,9612,0,17.64569097399286,0.0,0
Swargate,University,12,0,0,1743,8647,0,17.859552495697073,0.0,1
Swargate,University,12,0,1,2070,9778,0,17.00521739130435,0.0,0
Swargate,University,12,0,2,2046,8634,0,15.191788856304983,0.0,0
Swargate,University,14,0,0,1669,8647,0,18.65140802875974,0.0,1
Swargate,University,14,0,1,1908,9778,0,18.449056603773585,0.0,0
Swargate,University,14,0,2,1954,8634,0,15.907062436028658,0.0,0
Swargate,University,16,0,0,1758,8647,0,17.707167235494882,0.0,1
Swargate,University,16,0,1,1982,9689,0,17.59858728557013,0.0,0
Swargate,University,16,0,2,2023,8634,0,15.36450815620366,0.0,0
Swargate,University,18,0,0,1916,8624,0,16.20375782881002,0.0,1
Swargate,University,18,0,1,2119,9494,0,16.129495044832467,0.0,0
Swargate,University,18,0,2,2321,11371,0,17.637052994398967,0.0,0
Swargate,University,20,0,0,1517,8624,0,20.465655899802243,0.0,1
Swargate,University,20,0,1,1746,9010,0,18.577319587628867,0.0,0
Swargate,University,20,0,2,2035,11371,0,20.11577395577396,0.0,0
Swargate,University,22,0,0,1122,8647,0,27.74438502673797,0.0,1
Swargate,University,22,0,1,1266,8962,0,25.484360189573454,0.0,0
Swargate,University,22,0,2,1600,11573,0,26.039250000000003,0.0,0
Swargate,University,0,1,0,1122,8647,0,27.74438502673797,0.0,1
Swargate,University,0,1,1,1266,8962,0,25.484360189573454,0.0,0
Swargate,University,0,1,2,1600,11573,0,26.039250000000003,0.0,0
Swargate,University,6,1,0,1155,8647,0,26.95168831168831,0.0,1
Swargate,University,6,1,1,1307,8962,0,24.684927314460595,0.0,0
Swargate,University,6,1,2,1638,11573,0,25.435164835164837,0.0,0
Swargate,University,8,1,0,1350,8624,0,22.997333333333334,0.0,1
Swargate,University,8,1,1,1593,8634,0,19.51186440677966,0.0,0
Swargate,University,8,1,2,1699,9633,0,20.41130076515597,0.0,0
Swargate,University,10,1,0,1568,8647,0,19.852806122448985,0.0,1
Swargate,University,10,1,1,1856,8634,0,16.74698275862069,0.0,0
Swargate,University,10,1,2,1968,9612,0,17.582926829268295,0.0,0
Swargate,University,12,1,0,1743,8647,0,17.859552495697073,0.0,1
Swargate,University,12,1,1,2063,9573,0,16.70518662142511,0.0,0
Swargate,University,12,1,2,2068,8634,0,15.030174081237911,0.0,0
Swargate,University,14,1,0,1690,8647,0,18.4196449704142,0.0,1
Swargate,University,14,1,1,1903,9778,0,18.49753021544929,0.0,0
Swargate,University,14,1,2,1952,8634,0,15.923360655737705,0.0,0
Swargate,University,16,1,0,1792,8647,0,17.37120535714286,0.0,1
Swargate,University,16,1,1,1979,9577,0,17.421526023244063,0.0,0
Swargate,University,16,1,2,2039,8615,0,15.210397253555664,0.0,0
Swargate,University,18,1,0,1980,8624,0,15.68,0.0,1
Swargate,University,18,1,1,2197,9406,0,15.41265361857078,0.0,0
Swargate,University,18,1,2,2329,11371,0,17.576470588235296,0.0,0
Swargate,University,20,1,0,1545,8624,0,20.0947572815534,0.0,1
Swargate,University,20,1,1,1781,9010,0,18.21224031443009,0.0,0
Swargate,University,20,1,2,2026,11371,0,20.20513326752221,0.0,0
Swargate,University,22,1,0,1122,8647,0,27.74438502673797,0.0,1
Swargate,University,22,1,1,1266,8962,0,25.484360189573454,0.0,0
Swargate,University,22,1,2,1600,11573,0,26.039250000000003,0.0,0
Swargate,University,0,2,0,1122,8647,0,27.74438502673797,0.0,1
Swargate,University,0,2,1,1266,8962,0,25.484360189573454,0.0,0
Swargate,University,0,2,2,1600,11573,0,26.039250000000003,0.0,0
Swargate,University,6,2,0,1150,8624,0,26.996869565217395,0.0,1
Swargate,University,6,2,1,1301,8962,0,24.798770176787087,0.0,0
Swargate,University,6,2,2,1635,11573,0,25.481834862385323,0.0,0
Swargate,University,8,2,0,1360,8624,0,22.82823529411765,0.0,1
Swargate,University,8,2,1,1610,8962,0,20.03925465838509,0.0,0
Swargate,University,8,2,2,1878,11371,0,21.79744408945687,0.0,0
Swargate,University,10,2,0,1588,8647,0,19.602770780856424,0.0,1
Swargate,University,10,2,1,1855,8634,0,16.75601078167116,0.0,0
Swargate,University,10,2,2,1962,9612,0,17.636697247706422,0.0,0
Swargate,University,12,2,0,1765,8647,0,17.636940509915014,0.0,1
Swargate,University,12,2,1,2090,9721,0,16.74430622009569,0.0,0
Swargate,University,12,2,2,2077,8613,0,14.92864708714492,0.0,0
Swargate,University,14,2,0,1702,8647,0,18.289776733254996,0.0,1
Swargate,University,14,2,1,1918,9778,0,18.35286757038582,0.0,0
Swargate,University,14,2,2,1972,8634,0,15.76186612576065,0.0,0
Swargate,University,16,2,0,1816,8624,0,17.09603524229075,0.0,1
Swargate,University,16,2,1,2008,9484,0,17.003187250996014,0.0,0
Swargate,University,16,2,2,2073,8634,0,14.993921852387844,0.0,0
Swargate,University,18,2,0,1979,8604,0,15.65154118241536,0.0,1
Swargate,University,18,2,1,2148,9385,0,15.729050279329607,0.0,0
Swargate,University,18,2,2,2353,11371,0,17.397195070123246,0.0,0
Swargate,University,20,2,0,1550,8647,0,20.08335483870968,0.0,1
Swargate,University,20,2,1,1778,9010,0,18.2429696287964,0.0,0
Swargate,University,20,2,2,2040,11371,0,20.06647058823529,0.0,0
Swargate,University,22,2,0,1122,8647,0,27.74438502673797,0.0,1
Swargate,University,22,2,1,1266,8962,0,25.484360189573454,0.0,0
Swargate,University,22,2,2,1600,11573,0,26.039250000000003,0.0,0
Swargate,University,0,3,0,1122,8647,0,27.74438502673797,0.0,1
Swargate,University,0,3,1,1266,8962,0,25.484360189573454,0.0,0
Swargate,University,0,3,2,1600,11573,0,26.039250000000003,0.0,0
Swargate,University,6,3,0,1151,8647,0,27.04535186794092,0.0,1
Swargate,University,6,3,1,1304,8962,0,24.74171779141104,0.0,0
Swargate,University,6,3,2,1634,11573,0,25.49742962056304,0.0,0
Swargate,University,8,3,0,1287,8624,0,24.12307692307693,0.0,1
Swargate,University,8,3,1,1500,8962,0,21.5088,0.0,0
Swargate,University,8,3,2,1800,11573,0,23.146,0.0,0
Swargate,University,10,3,0,1467,8647,0,21.219631901840494,0.0,1
Swargate,University,10,3,1,1802,9517,0,19.01287458379578,0.0,0
Swargate,University,10,3,2,1813,8108,0,16.099724214009928,0.0,0
Swargate,University,12,3,0,1739,8647,0,17.90063254744106,0.0,1
Swargate,University,12,3,1,2024,9573,0,17.02707509881423,0.0,0
Swargate,University,12,3,2,2179,11371,0,18.786415787058285,0.0,0
Swargate,University,14,3,0,1860,8647,0,16.736129032258063,0.0,1
Swargate,University,14,3,1,2065,9689,0,16.89123486682809,0.0,0
Swargate,University,14,3,2,2252,11371,0,18.17744227353464,0.0,0
Swargate,University,16,3,0,2062,8647,0,15.096605237633364,0.0,1
Swargate,University,16,3,1,2149,9689,0,16.230991158678453,0.0,0
Swargate,University,16,3,2,2344,11371,0,17.463993174061436,0.0,0
Swargate,University,18,3,0,1994,8624,0,15.569909729187565,0.0,1
Swargate,University,18,3,1,2128,9484,0,16.044360902255637,0.0,0
Swargate,University,18,3,2,2320,11371,0,17.644655172413792,0.0,0
Swargate,University,20,3,0,1507,8624,0,20.6014598540146,0.0,1
Swargate,University,20,3,1,1745,8962,0,18.48893982808023,0.0,0
Swargate,University,20,3,2,2016,11371,0,20.30535714285714,0.0,0
Swargate,University,22,3,0,1122,8647,0,27.74438502673797,0.0,1
Swargate,University,22,3,1,1266,8962,0,25.484360189573454,0.0,0
Swargate,University,22,3,2,1600,11573,0,26.039250000000003,0.0,0
Swargate,University,0,4,0,1122,8647,0,27.74438502673797,0.0,1
Swargate,University,0,4,1,1266,8962,0,25.484360189573454,0.0,0
Swargate,University,0,4,2,1600,11573,0,26.039250000000003,0.0,0
Swargate,University,6,4,0,1144,8624,0,27.13846153846154,0.0,1
Swargate,University,6,4,1,1292,8962,0,24.97151702786378,0.0,0
Swargate,University,6,4,2,1625,11573,0,25.638646153846157,0.0,0
Swargate,University,8,4,0,1236,8624,0,25.11844660194175,0.0,1
Swargate,University,8,4,1,1439,8962,0,22.420569840166785,0.0,0
Swargate,University,8,4,2,1723,11573,0,24.18038305281486,0.0,0
Swargate,University,10,4,0,1331,8624,0,23.325619834710743,0.0,1
Swargate,University,10,4,1,1562,9010,0,20.765685019206146,0.0,0
Swargate,University,10,4,2,1838,11573,0,22.66746463547334,0.0,0
Swargate,University,12,4,0,1520,8624,0,20.425263157894737,0.0,1
Swargate,University,12,4,1,1718,9517,0,19.942491268917344,0.0,0
Swargate,University,12,4,2,1744,8634,0,17.822477064220184,0.0,0
Swargate,University,14,4,0,1602,8624,0,19.37977528089888,0.0,1
Swargate,University,14,4,1,1719,9517,0,19.93089005235602,0.0,0
Swargate,University,14,4,2,1802,8634,0,17.2488346281909,0.0,0
Swargate,University,16,4,0,1752,9517,0,19.555479452054797,0.0,1
Swargate,University,16,4,1,1763,8786,0,17.940782756664774,0.0,0
Swargate,University,16,4,2,1889,8788,0,16.747908946532558,0.0,0
Swargate,University,18,4,0,1762,8624,0,17.619977298524404,0.0,1
Swargate,University,18,4,1,1839,9517,0,18.630342577487763,0.0,0
Swargate,University,18,4,2,2102,11371,0,19.474595623215983,0.0,0
Swargate,University,20,4,0,1428,8624,0,21.74117647058824,0.0,1
Swargate,University,20,4,1,1686,9010,0,19.23843416370107,0.0,0
Swargate,University,20,4,2,1934,11371,0,21.166287487073426,0.0,0
Swargate,University,22,4,0,1122,8647,0,27.74438502673797,0.0,1
Swargate,University,22,4,1,1266,8962,0,25.484360189573454,0.0,0
Swargate,University,22,4,2,1600,11573,0,26.039250000000003,0.0,0
Swargate,University,0,5,0,1122,8647,0,27.74438502673797,0.0,1
Swargate,University,0,5,1,1266,8962,0,25.484360189573454,0.0,0
Swargate,University,0,5,2,1600,11573,0,26.039250000000003,0.0,0
Swargate,University,6,5,0,1156,8647,0,26.928373702422142,0.0,1
Swargate,University,6,5,1,1308,8962,0,24.66605504587156,0.0,0
Swargate,University,6,5,2,1637,11573,0,25.45070250458155,0.0,0
Swargate,University,8,5,0,1369,8624,0,22.678159240321403,0.0,1
Swargate,University,8,5,1,1568,8634,0,19.822959183673472,0.0,0
Swargate,University,8,5,2,1666,9429,0,20.374789915966385,0.0,0
Swargate,University,10,5,0,1540,8647,0,20.21376623376624,0.0,1
Swargate,University,10,5,1,1812,8634,0,17.15364238410596,0.0,0
Swargate,University,10,5,2,1948,9612,0,17.763449691991788,0.0,0
Swargate,University,12,5,0,1679,8647,0,18.540321620011916,0.0,1
Swargate,University,12,5,1,2056,9721,0,17.021206225680935,0.0,0
Swargate,University,12,5,2,2003,8634,0,15.517923115327008,0.0,0
Swargate,University,14,5,0,1618,8647,0,19.239307787391844,0.0,1
Swargate,University,14,5,1,1897,9778,0,18.55603584607275,0.0,0
Swargate,University,14,5,2,1904,8634,0,16.324789915966388,0.0,0
Swargate,University,16,5,0,1723,8647,0,18.066860127684272,0.0,1
Swargate,University,16,5,1,1981,9778,0,17.76920747097426,0.0,0
Swargate,University,16,5,2,1986,8634,0,15.650755287009066,0.0,0
Swargate,University,18,5,0,1894,8624,0,16.391974656810984,0.0,1
Swargate,University,18,5,1,2129,8932,0,15.103428839830908,0.0,0
Swargate,University,18,5,2,2341,11371,0,17.486373344724477,0.0,0
Swargate,University,20,5,0,1500,8624,0,20.6976,0.0,1
Swargate,University,20,5,1,1728,9010,0,18.77083333333333,0.0,0
Swargate,University,20,5,2,2016,11371,0,20.30535714285714,0.0,0
Swargate,University,22,5,0,1122,8647,0,27.74438502673797,0.0,1
Swargate,University,22,5,1,1266,8962,0,25.484360189573454,0.0,0
Swargate,University,22,5,2,1600,11573,0,26.039250000000003,0.0,0
Swargate,University,0,6,0,1122,8647,0,27.74438502673797,0.0,1
Swargate,University,0,6,1,1266,8962,0,25.484360189573454,0.0,0
Swargate,University,0,6,2,1600,11573,0,26.039250000000003,0.0,0
Swargate,University,6,6,0,1158,8624,0,26.81036269430052,0.0,1
Swargate,University,6,6,1,1311,8962,0,24.609610983981693,0.0,0
Swargate,University,6,6,2,1638,11573,0,25.435164835164837,0.0,0
Swargate,University,8,6,0,1374,8624,0,22.59563318777293,0.0,1
Swargate,University,8,6,1,1590,8634,0,19.54867924528302,0.0,0
Swargate,University,8,6,2,1681,9429,0,20.19298036882808,0.0,0
Swargate,University,10,6,0,1615,8647,0,19.275046439628483,0.0,1
Swargate,University,10,6,1,1888,8634,0,16.46313559322034,0.0,0
Swargate,University,10,6,2,2005,9612,0,17.25845386533666,0.0,0
Swargate,University,12,6,0,1785,8647,0,17.439327731092437,0.0,1
Swargate,University,12,6,1,2111,9721,0,16.577735670298438,0.0,0
Swargate,University,12,6,2,2102,8613,0,14.751094196003804,0.0,0
Swargate,University,14,6,0,1708,8624,0,18.17704918032787,0.0,1
Swargate,University,14,6,1,1934,9778,0,18.201034126163396,0.0,0
Swargate,University,14,6,2,1968,8634,0,15.793902439024391,0.0,0
Swargate,University,16,6,0,1812,8624,0,17.133774834437087,0.0,1
Swargate,University,16,6,1,2018,9689,0,17.28463825569871,0.0,0
Swargate,University,16,6,2,2052,8634,0,15.147368421052631,0.0,0
Swargate,University,18,6,0,2017,8624,0,15.392364898363908,0.0,1
Swargate,University,18,6,1,2170,9494,0,15.75041474654378,0.0,0
Swargate,University,18,6,2,2331,11371,0,17.561389961389963,0.0,0
Swargate,University,20,6,0,1519,8624,0,20.43870967741936,0.0,1
Swargate,University,20,6,1,1751,9010,0,18.524271844660195,0.0,0
Swargate,University,20,6,2,2026,11371,0,20.20513326752221,0.0,0
Swargate,University,22,6,0,1122,8647,0,27.74438502673797,0.0,1
Swargate,University,22,6,1,1266,8962,0,25.484360189573454,0.0,0
Swargate,University,22,6,2,1600,11573,0,26.039250000000003,0.0,0
Swargate,University,0,0,0,1122,8647,0,27.74438502673797,0.0,1
Swargate,University,0,0,1,1266,8962,0,25.484360189573454,0.0,0
Swargate,University,0,0,2,1600,11573,0,26.039250000000003,0.0,0
Swargate,University,6,0,0,1158,8647,0,26.881865284974094,0.0,1
Swargate,University,6,0,1,1309,8962,0,24.64721161191749,0.0,0
Swargate,University,6,0,2,1636,11573,0,25.46625916870416,0.0,0
Swargate,University,8,0,0,1369,8624,0,22.678159240321403,0.0,1
Swargate,University,8,0,1,1577,8634,0,19.70982878883957,0.0,0
Swargate,University,8,0,2,1680,9429,0,20.205,0.0,0
Swargate,University,10,0,0,1585,8647,0,19.6398738170347,0.0,1
Swargate,University,10,0,1,1826,8634,0,17.02212486308872,0.0,0
Swargate,University,10,0,2,1961,9612,0,17.64569097399286,0.0,0
Swargate,University,12,0,0,1743,8647,0,17.859552495697073,0.0,1
Swargate,University,12,0,1,2070,9778,0,17.00521739130435,0.0,0
Swargate,University,12,0,2,2046,8634,0,15.191788856304983,0.0,0
Swargate,University,14,0,0,1669,8647,0,18.65140802875974,0.0,1
Swargate,University,14,0,1,1908,9778,0,18.449056603773585,0.0,0
Swargate,University,14,0,2,1954,8634,0,15.907062436028658,0.0,0
Swargate,University,16,0,0,1758,8647,0,17.707167235494882,0.0,1
Swargate,University,16,0,1,1982,9689,0,17.59858728557013,0.0,0
Swargate,University,16,0,2,2023,8634,0,15.36450815620366,0.0,0
Swargate,University,18,0,0,1916,8624,0,16.20375782881002,0.0,1
Swargate,University,18,0,1,2119,9494,0,16.129495044832467,0.0,0
Swargate,University,18,0,2,2321,11371,0,17.637052994398967,0.0,0
Swargate,University,20,0,0,1517,8624,0,20.465655899802243,0.0,1
Swargate,University,20,0,1,1746,9010,0,18.577319587628867,0.0,0
Swargate,University,20,0,2,2035,11371,0,20.11577395577396,0.0,0
Swargate,University,22,0,0,1122,8647,0,27.74438502673797,0.0,1
Swargate,University,22,0,1,1266,8962,0,25.484360189573454,0.0,0
Swargate,University,22,0,2,1600,11573,0,26.039250000000003,0.0,0
Swargate,University,0,1,0,1122,8647,0,27.74438502673797,0.0,1
Swargate,University,0,1,1,1266,8962,0,25.484360189573454,0.0,0
Swargate,University,0,1,2,1600,11573,0,26.039250000000003,0.0,0
Swargate,University,6,1,0,1155,8647,0,26.95168831168831,0.0,1
Swargate,University,6,1,1,1307,8962,0,24.684927314460595,0.0,0
Swargate,University,6,1,2,1638,11573,0,25.435164835164837,0.0,0
Swargate,University,8,1,0,1350,8624,0,22.997333333333334,0.0,1
Swargate,University,8,1,1,1593,8634,0,19.51186440677966,0.0,0
Swargate,University,8,1,2,1699,9633,0,20.41130076515597,0.0,0
Swargate,University,10,1,0,1568,8647,0,19.852806122448985,0.0,1
Swargate,University,10,1,1,1856,8634,0,16.74698275862069,0.0,0
Swargate,University,10,1,2,1968,9612,0,17.582926829268295,0.0,0
Swargate,University,12,1,0,1743,8647,0,17.859552495697073,0.0,1
Swargate,University,12,1,1,2063,9573,0,16.70518662142511,0.0,0
Swargate,University,12,1,2,2068,8634,0,15.030174081237911,0.0,0
Swargate,University,14,1,0,1690,8647,0,18.4196449704142,0.0,1
Swargate,University,14,1,1,1903,9778,0,18.49753021544929,0.0,0
Swargate,University,14,1,2,1952,8634,0,15.923360655737705,0.0,0
Swargate,University,16,1,0,1792,8647,0,17.37120535714286,0.0,1
Swargate,University,16,1,1,1979,9577,0,17.421526023244063,0.0,0
Swargate,University,16,1,2,2039,8615,0,15.210397253555664,0.0,0
Swargate,University,18,1,0,1980,8624,0,15.68,0.0,1
Swargate,University,18,1,1,2197,9406,0,15.41265361857078,0.0,0
Swargate,University,18,1,2,2329,11371,0,17.576470588235296,0.0,0
Swargate,University,20,1,0,1545,8624,0,20.0947572815534,0.0,1
Swargate,University,20,1,1,1781,9010,0,18.21224031443009,0.0,0
Swargate,University,20,1,2,2026,11371,0,20.20513326752221,0.0,0
Swargate,University,22,1,0,1122,8647,0,27.74438502673797,0.0,1
Swargate,University,22,1,1,1266,8962,0,25.484360189573454,0.0,0
Swargate,University,22,1,2,1600,11573,0,26.039250000000003,0.0,0
Swargate,University,0,2,0,1122,8647,0,27.74438502673797,0.0,1
Swargate,University,0,2,1,1266,8962,0,25.484360189573454,0.0,0
Swargate,University,0,2,2,1600,11573,0,26.039250000000003,0.0,0
Swargate,University,6,2,0,1150,8624,0,26.996869565217395,0.0,1
Swargate,University,6,2,1,1301,8962,0,24.798770176787087,0.0,0
Swargate,University,6,2,2,1635,11573,0,25.481834862385323,0.0,0
Swargate,University,8,2,0,1360,8624,0,22.82823529411765,0.0,1
Swargate,University,8,2,1,1610,8962,0,20.03925465838509,0.0,0
Swargate,University,8,2,2,1878,11371,0,21.79744408945687,0.0,0
Swargate,University,10,2,0,1588,8647,0,19.602770780856424,0.0,1
Swargate,University,10,2,1,1855,8634,0,16.75601078167116,0.0,0
Swargate,University,10,2,2,1962,9612,0,17.636697247706422,0.0,0
Swargate,University,12,2,0,1765,8647,0,17.636940509915014,0.0,1
Swargate,University,12,2,1,2090,9721,0,16.74430622009569,0.0,0
Swargate,University,12,2,2,2077,8613,0,14.92864708714492,0.0,0
Swargate,University,14,2,0,1702,8647,0,18.289776733254996,0.0,1
Swargate,University,14,2,1,1918,9778,0,18.35286757038582,0.0,0
Swargate,University,14,2,2,1972,8634,0,15.76186612576065,0.0,0
Swargate,University,16,2,0,1816,8624,0,17.09603524229075,0.0,1
Swargate,University,16,2,1,2008,9484,0,17.003187250996014,0.0,0
Swargate,University,16,2,2,2073,8634,0,14.993921852387844,0.0,0
Swargate,University,18,2,0,1979,8604,0,15.65154118241536,0.0,1
Swargate,University,18,2,1,2148,9385,0,15.729050279329607,0.0,0
Swargate,University,18,2,2,2353,11371,0,17.397195070123246,0.0,0
Swargate,University,20,2,0,1550,8647,0,20.08335483870968,0.0,1
Swargate,University,20,2,1,1778,9010,0,18.2429696287964,0.0,0
Swargate,University,20,2,2,2040,11371,0,20.06647058823529,0.0,0
Swargate,University,22,2,0,1122,8647,0,27.74438502673797,0.0,1
Swargate,University,22,2,1,1266,8962,0,25.484360189573454,0.0,0
Swargate,University,22,2,2,1600,11573,0,26.039250000000003,0.0,0
Swargate,University,0,3,0,1122,8647,0,27.74438502673797,0.0,1
Swargate,University,0,3,1,1266,8962,0,25.484360189573454,0.0,0
Swargate,University,0,3,2,1600,11573,0,26.039250000000003,0.0,0
Swargate,University,6,3,0,1151,8647,0,27.04535186794092,0.0,1
Swargate,University,6,3,1,1304,8962,0,24.74171779141104,0.0,0
Swargate,University,6,3,2,1634,11573,0,25.49742962056304,0.0,0
Swargate,University,8,3,0,1287,8624,0,24.12307692307693,0.0,1
Swargate,University,8,3,1,1500,8962,0,21.5088,0.0,0
Swargate,University,8,3,2,1800,11573,0,23.146,0.0,0
Swargate,University,10,3,0,1467,8647,0,21.219631901840494,0.0,1
Swargate,University,10,3,1,1802,9517,0,19.01287458379578,0.0,0
Swargate,University,10,3,2,1813,8108,0,16.099724214009928,0.0,0
Swargate,University,12,3,0,1739,8647,0,17.90063254744106,0.0,1
Swargate,University,12,3,1,2024,9573,0,17.02707509881423,0.0,0
Swargate,University,12,3,2,2179,11371,0,18.786415787058285,0.0,0
Swargate,University,14,3,0,1860,8647,0,16.736129032258063,0.0,1
Swargate,University,14,3,1,2065,9689,0,16.89123486682809,0.0,0
Swargate,University,14,3,2,2252,11371,0,18.17744227353464,0.0,0
Swargate,University,16,3,0,2062,8647,0,15.096605237633364,0.0,1
Swargate,University,16,3,1,2149,9689,0,16.230991158678453,0.0,0
Swargate,University,16,3,2,2344,11371,0,17.463993174061436,0.0,0
Swargate,University,18,3,0,1994,8624,0,15.569909729187565,0.0,1
Swargate,University,18,3,1,2128,9484,0,16.044360902255637,0.0,0
Swargate,University,18,3,2,2320,11371,0,17.644655172413792,0.0,0
Swargate,University,20,3,0,1507,8624,0,20.6014598540146,0.0,1
Swargate,University,20,3,1,1745,8962,0,18.48893982808023,0.0,0
Swargate,University,20,3,2,2016,11371,0,20.30535714285714,0.0,0
Swargate,University,22,3,0,1122,8647,0,27.74438502673797,0.0,1
Swargate,University,22,3,1,1266,8962,0,25.484360189573454,0.0,0
Swargate,University,22,3,2,1600,11573,0,26.039250000000003,0.0,0
Swargate,University,0,4,0,1122,8647,0,27.74438502673797,0.0,1
Swargate,University,0,4,1,1266,8962,0,25.484360189573454,0.0,0
Swargate,University,0,4,2,1600,11573,0,26.039250000000003,0.0,0
Swargate,University,6,4,0,1144,8624,0,27.13846153846154,0.0,1
Swargate,University,6,4,1,1292,8962,0,24.97151702786378,0.0,0
Swargate,University,6,4,2,1625,11573,0,25.638646153846157,0.0,0
Swargate,University,8,4,0,1236,8624,0,25.11844660194175,0.0,1
Swargate,University,8,4,1,1439,8962,0,22.420569840166785,0.0,0
Swargate,University,8,4,2,1723,11573,0,24.18038305281486,0.0,0
Swargate,University,10,4,0,1331,8624,0,23.325619834710743,0.0,1
Swargate,University,10,4,1,1562,9010,0,20.765685019206146,0.0,0
Swargate,University,10,4,2,1838,11573,0,22.66746463547334,0.0,0
Swargate,University,12,4,0,1520,8624,0,20.425263157894737,0.0,1
Swargate,University,12,4,1,1718,9517,0,19.942491268917344,0.0,0
Swargate,University,12,4,2,1744,8634,0,17.822477064220184,0.0,0
Swargate,University,14,4,0,1602,8624,0,19.37977528089888,0.0,1
Swargate,University,14,4,1,1719,9517,0,19.93089005235602,0.0,0
Swargate,University,14,4,2,1802,8634,0,17.2488346281909,0.0,0
Swargate,University,16,4,0,1752,9517,0,19.555479452054797,0.0,1
Swargate,University,16,4,1,1763,8786,0,17.940782756664774,0.0,0
Swargate,University,16,4,2,1889,8788,0,16.747908946532558,0.0,0
Swargate,University,18,4,0,1762,8624,0,17.619977298524404,0.0,1
Swargate,University,18,4,1,1839,9517,0,18.630342577487763,0.0,0
Swargate,University,18,4,2,2102,11371,0,19.474595623215983,0.0,0
Swargate,University,20,4,0,1428,8624,0,21.74117647058824,0.0,1
Swargate,University,20,4,1,1686,9010,0,19.23843416370107,0.0,0
Swargate,University,20,4,2,1934,11371,0,21.166287487073426,0.0,0
Swargate,University,22,4,0,1122,8647,0,27.74438502673797,0.0,1
Swargate,University,22,4,1,1266,8962,0,25.484360189573454,0.0,0
Swargate,University,22,4,2,1600,11573,0,26.039250000000003,0.0,0
Swargate,University,0,5,0,1122,8647,0,27.74438502673797,0.0,1
Swargate,University,0,5,1,1266,8962,0,25.484360189573454,0.0,0
Swargate,University,0,5,2,1600,11573,0,26.039250000000003,0.0,0
Swargate,University,6,5,0,1156,8647,0,26.928373702422142,0.0,1
Swargate,University,6,5,1,1308,8962,0,24.66605504587156,0.0,0
Swargate,University,6,5,2,1637,11573,0,25.45070250458155,0.0,0
Swargate,University,8,5,0,1369,8624,0,22.678159240321403,0.0,1
Swargate,University,8,5,1,1568,8634,0,19.822959183673472,0.0,0
Swargate,University,8,5,2,1666,9429,0,20.374789915966385,0.0,0
Swargate,University,10,5,0,1540,8647,0,20.21376623376624,0.0,1
Swargate,University,10,5,1,1812,8634,0,17.15364238410596,0.0,0
Swargate,University,10,5,2,1948,9612,0,17.763449691991788,0.0,0
Swargate,University,12,5,0,1679,8647,0,18.540321620011916,0.0,1
Swargate,University,12,5,1,2056,9721,0,17.021206225680935,0.0,0
Swargate,University,12,5,2,2003,8634,0,15.517923115327008,0.0,0
Swargate,University,14,5,0,1618,8647,0,19.239307787391844,0.0,1
Swargate,University,14,5,1,1897,9778,0,18.55603584607275,0.0,0
Swargate,University,14,5,2,1904,8634,0,16.324789915966388,0.0,0
Swargate,University,16,5,0,1723,8647,0,18.066860127684272,0.0,1
Swargate,University,16,5,1,1981,9778,0,17.76920747097426,0.0,0
Swargate,University,16,5,2,1986,8634,0,15.650755287009066,0.0,0
Swargate,University,18,5,0,1894,8624,0,16.391974656810984,0.0,1
Swargate,University,18,5,1,2129,8932,0,15.103428839830908,0.0,0
Swargate,University,18,5,2,2341,11371,0,17.486373344724477,0.0,0
Swargate,University,20,5,0,1500,8624,0,20.6976,0.0,1
Swargate,University,20,5,1,1728,9010,0,18.77083333333333,0.0,0
Swargate,University,20,5,2,2016,11371,0,20.30535714285714,0.0,0
Swargate,University,22,5,0,1122,8647,0,27.74438502673797,0.0,1
Swargate,University,22,5,1,1266,8962,0,25.484360189573454,0.0,0
Swargate,University,22,5,2,1600,11573,0,26.039250000000003,0.0,0
Swargate,University,0,6,0,1122,8647,0,27.74438502673797,0.0,1
Swargate,University,0,6,1,1266,8962,0,25.484360189573454,0.0,0
Swargate,University,0,6,2,1600,11573,0,26.039250000000003,0.0,0
Swargate,University,6,6,0,1158,8624,0,26.81036269430052,0.0,1
Swargate,University,6,6,1,1311,8962,0,24.609610983981693,0.0,0
Swargate,University,6,6,2,1638,11573,0,25.435164835164837,0.0,0
Swargate,University,8,6,0,1374,8624,0,22.59563318777293,0.0,1
Swargate,University,8,6,1,1590,8634,0,19.54867924528302,0.0,0
Swargate,University,8,6,2,1681,9429,0,20.19298036882808,0.0,0
Swargate,University,10,6,0,1615,8647,0,19.275046439628483,0.0,1
Swargate,University,10,6,1,1888,8634,0,16.46313559322034,0.0,0
Swargate,University,10,6,2,2005,9612,0,17.25845386533666,0.0,0
Swargate,University,12,6,0,1785,8647,0,17.439327731092437,0.0,1
Swargate,University,12,6,1,2111,9721,0,16.577735670298438,0.0,0
Swargate,University,12,6,2,2102,8613,0,14.751094196003804,0.0,0
Swargate,University,14,6,0,1708,8624,0,18.17704918032787,0.0,1
Swargate,University,14,6,1,1934,9778,0,18.201034126163396,0.0,0
Swargate,University,14,6,2,1968,8634,0,15.793902439024391,0.0,0
Swargate,University,16,6,0,1812,8624,0,17.133774834437087,0.0,1
Swargate,University,16,6,1,2018,9689,0,17.28463825569871,0.0,0
Swargate,University,16,6,2,2052,8634,0,15.147368421052631,0.0,0
Swargate,University,18,6,0,2017,8624,0,15.392364898363908,0.0,1
Swargate,University,18,6,1,2170,9494,0,15.75041474654378,0.0,0
Swargate,University,18,6,2,2331,11371,0,17.561389961389963,0.0,0
Swargate,University,20,6,0,1519,8624,0,20.43870967741936,0.0,1
Swargate,University,20,6,1,1751,9010,0,18.524271844660195,0.0,0
Swargate,University,20,6,2,2026,11371,0,20.20513326752221,0.0,0
Swargate,University,22,6,0,1122,8647,0,27.74438502673797,0.0,1
Swargate,University,22,6,1,1266,8962,0,25.484360189573454,0.0,0
Swargate,University,22,6,2,1600,11573,0,26.039250000000003,0.0,0
Swargate,University,0,0,0,1122,8647,0,27.74438502673797,0.0,1
Swargate,University,0,0,1,1266,8962,0,25.484360189573454,0.0,0
Swargate,University,0,0,2,1600,11573,0,26.039250000000003,0.0,0
Swargate,University,6,0,0,1158,8647,0,26.881865284974094,0.0,1
Swargate,University,6,0,1,1309,8962,0,24.64721161191749,0.0,0
Swargate,University,6,0,2,1636,11573,0,25.46625916870416,0.0,0
Swargate,University,8,0,0,1369,8624,0,22.678159240321403,0.0,1
Swargate,University,8,0,1,1577,8634,0,19.70982878883957,0.0,0
Swargate,University,8,0,2,1680,9429,0,20.205,0.0,0
Swargate,University,10,0,0,1585,8647,0,19.6398738170347,0.0,1
Swargate,University,10,0,1,1826,8634,0,17.02212486308872,0.0,0
Swargate,University,10,0,2,1961,9612,0,17.64569097399286,0.0,0
Swargate,University,12,0,0,1743,8647,0,17.859552495697073,0.0,1
Swargate,University,12,0,1,2070,9778,0,17.00521739130435,0.0,0
Swargate,University,12,0,2,2046,8634,0,15.191788856304983,0.0,0
Swargate,University,14,0,0,1669,8647,0,18.65140802875974,0.0,1
Swargate,University,14,0,1,1908,9778,0,18.449056603773585,0.0,0
Swargate,University,14,0,2,1954,8634,0,15.907062436028658,0.0,0
Swargate,University,16,0,0,1758,8647,0,17.707167235494882,0.0,1
Swargate,University,16,0,1,1982,9689,0,17.59858728557013,0.0,0
Swargate,University,16,0,2,2023,8634,0,15.36450815620366,0.0,0
Swargate,University,18,0,0,1916,8624,0,16.20375782881002,0.0,1
Swargate,University,18,0,1,2119,9494,0,16.129495044832467,0.0,0
Swargate,University,18,0,2,2321,11371,0,17.637052994398967,0.0,0
Swargate,University,20,0,0,1517,8624,0,20.465655899802243,0.0,1
Swargate,University,20,0,1,1746,9010,0,18.577319587628867,0.0,0
Swargate,University,20,0,2,2035,11371,0,20.11577395577396,0.0,0
Swargate,University,22,0,0,1122,8647,0,27.74438502673797,0.0,1
Swargate,University,22,0,1,1266,8962,0,25.484360189573454,0.0,0
Swargate,University,22,0,2,1600,11573,0,26.039250000000003,0.0,0
Swargate,University,0,1,0,1122,8647,0,27.74438502673797,0.0,1
Swargate,University,0,1,1,1266,8962,0,25.484360189573454,0.0,0
Swargate,University,0,1,2,1600,11573,0,26.039250000000003,0.0,0
Swargate,University,6,1,0,1155,8647,0,26.95168831168831,0.0,1
Swargate,University,6,1,1,1307,8962,0,24.684927314460595,0.0,0
Swargate,University,6,1,2,1638,11573,0,25.435164835164837,0.0,0
Swargate,University,8,1,0,1350,8624,0,22.997333333333334,0.0,1
Swargate,University,8,1,1,1593,8634,0,19.51186440677966,0.0,0
Swargate,University,8,1,2,1699,9633,0,20.41130076515597,0.0,0
Swargate,University,10,1,0,1568,8647,0,19.852806122448985,0.0,1
Swargate,University,10,1,1,1856,8634,0,16.74698275862069,0.0,0
Swargate,University,10,1,2,1968,9612,0,17.582926829268295,0.0,0
Swargate,University,12,1,0,1743,8647,0,17.859552495697073,0.0,1
Swargate,University,12,1,1,2063,9573,0,16.70518662142511,0.0,0
Swargate,University,12,1,2,2068,8634,0,15.030174081237911,0.0,0
Swargate,University,14,1,0,1690,8647,0,18.4196449704142,0.0,1
Swargate,University,14,1,1,1903,9778,0,18.49753021544929,0.0,0
Swargate,University,14,1,2,1952,8634,0,15.923360655737705,0.0,0
Swargate,University,16,1,0,1792,8647,0,17.37120535714286,0.0,1
Swargate,University,16,1,1,1979,9577,0,17.421526023244063,0.0,0
Swargate,University,16,1,2,2039,8615,0,15.210397253555664,0.0,0
Swargate,University,18,1,0,1980,8624,0,15.68,0.0,1
Swargate,University,18,1,1,2197,9406,0,15.41265361857078,0.0,0
Swargate,University,18,1,2,2329,11371,0,17.576470588235296,0.0,0
Swargate,University,20,1,0,1545,8624,0,20.0947572815534,0.0,1
Swargate,University,20,1,1,1781,9010,0,18.21224031443009,0.0,0
Swargate,University,20,1,2,2026,11371,0,20.20513326752221,0.0,0
Swargate,University,22,1,0,1122,8647,0,27.74438502673797,0.0,1
Swargate,University,22,1,1,1266,8962,0,25.484360189573454,0.0,0
Swargate,University,22,1,2,1600,11573,0,26.039250000000003,0.0,0
Swargate,University,0,2,0,1122,8647,0,27.74438502673797,0.0,1
Swargate,University,0,2,1,1266,8962,0,25.484360189573454,0.0,0
Swargate,University,0,2,2,1600,11573,0,26.039250000000003,0.0,0
Swargate,University,6,2,0,1150,8624,0,26.996869565217395,0.0,1
Swargate,University,6,2,1,1301,8962,0,24.798770176787087,0.0,0
Swargate,University,6,2,2,1635,11573,0,25.481834862385323,0.0,0
Swargate,University,8,2,0,1360,8624,0,22.82823529411765,0.0,1
Swargate,University,8,2,1,1610,8962,0,20.03925465838509,0.0,0
Swargate,University,8,2,2,1878,11371,0,21.79744408945687,0.0,0
Swargate,University,10,2,0,1588,8647,0,19.602770780856424,0.0,1
Swargate,University,10,2,1,1855,8634,0,16.75601078167116,0.0,0
Swargate,University,10,2,2,1962,9612,0,17.636697247706422,0.0,0
Swargate,University,12,2,0,1765,8647,0,17.636940509915014,0.0,1
Swargate,University,12,2,1,2090,9721,0,16.74430622009569,0.0,0
Swargate,University,12,2,2,2077,8613,0,14.92864708714492,0.0,0
Swargate,University,14,2,0,1702,8647,0,18.289776733254996,0.0,1
Swargate,University,14,2,1,1918,9778,0,18.35286757038582,0.0,0
Swargate,University,14,2,2,1972,8634,0,15.76186612576065,0.0,0
Swargate,University,16,2,0,1816,8624,0,17.09603524229075,0.0,1
Swargate,University,16,2,1,2008,9484,0,17.003187250996014,0.0,0
Swargate,University,16,2,2,2073,8634,0,14.993921852387844,0.0,0
Swargate,University,18,2,0,1979,8604,0,15.65154118241536,0.0,1
Swargate,University,18,2,1,2148,9385,0,15.729050279329607,0.0,0
Swargate,University,18,2,2,2353,11371,0,17.397195070123246,0.0,0
Swargate,University,20,2,0,1550,8647,0,20.08335483870968,0.0,1
Swargate,University,20,2,1,1778,9010,0,18.2429696287964,0.0,0
Swargate,University,20,2,2,2040,11371,0,20.06647058823529,0.0,0
Swargate,University,22,2,0,1122,8647,0,27.74438502673797,0.0,1
Swargate,University,22,2,1,1266,8962,0,25.484360189573454,0.0,0
Swargate,University,22,2,2,1600,11573,0,26.039250000000003,0.0,0
Swargate,University,0,3,0,1122,8647,0,27.74438502673797,0.0,1
Swargate,University,0,3,1,1266,8962,0,25.484360189573454,0.0,0
Swargate,University,0,3,2,1600,11573,0,26.039250000000003,0.0,0
Swargate,University,6,3,0,1151,8647,0,27.04535186794092,0.0,1
Swargate,University,6,3,1,1304,8962,0,24.74171779141104,0.0,0
Swargate,University,6,3,2,1634,11573,0,25.49742962056304,0.0,0
Swargate,University,8,3,0,1287,8624,0,24.12307692307693,0.0,1
Swargate,University,8,3,1,1500,8962,0,21.5088,0.0,0
Swargate,University,8,3,2,1800,11573,0,23.146,0.0,0
Swargate,University,10,3,0,1467,8647,0,21.219631901840494,0.0,1
Swargate,University,10,3,1,1802,9517,0,19.01287458379578,0.0,0
Swargate,University,10,3,2,1813,8108,0,16.099724214009928,0.0,0
Swargate,University,12,3,0,1739,8647,0,17.90063254744106,0.0,1
Swargate,University,12,3,1,2024,9573,0,17.02707509881423,0.0,0
Swargate,University,12,3,2,2179,11371,0,18.786415787058285,0.0,0
Swargate,University,14,3,0,1860,8647,0,16.736129032258063,0.0,1
Swargate,University,14,3,1,2065,9689,0,16.89123486682809,0.0,0
Swargate,University,14,3,2,2252,11371,0,18.17744227353464,0.0,0
Swargate,University,16,3,0,2062,8647,0,15.096605237633364,0.0,1
Swargate,University,16,3,1,2149,9689,0,16.230991158678453,0.0,0
Swargate,University,16,3,2,2344,11371,0,17.463993174061436,0.0,0
Swargate,University,18,3,0,1994,8624,0,15.569909729187565,0.0,1
Swargate,University,18,3,1,2128,9484,0,16.044360902255637,0.0,0
Swargate,University,18,3,2,2320,11371,0,17.644655172413792,0.0,0
Swargate,University,20,3,0,1507,8624,0,20.6014598540146,0.0,1
Swargate,University,20,3,1,1745,8962,0,18.48893982808023,0.0,0
Swargate,University,20,3,2,2016,11371,0,20.30535714285714,0.0,0
Swargate,University,22,3,0,1122,8647,0,27.74438502673797,0.0,1
Swargate,University,22,3,1,1266,8962,0,25.484360189573454,0.0,0
Swargate,University,22,3,2,1600,11573,0,26.039250000000003,0.0,0
Swargate,University,0,4,0,1122,8647,0,27.74438502673797,0.0,1
Swargate,University,0,4,1,1266,8962,0,25.484360189573454,0.0,0
Swargate,University,0,4,2,1600,11573,0,26.039250000000003,0.0,0
Swargate,University,6,4,0,1144,8624,0,27.13846153846154,0.0,1
Swargate,University,6,4,1,1292,8962,0,24.97151702786378,0.0,0
Swargate,University,6,4,2,1625,11573,0,25.638646153846157,0.0,0
Swargate,University,8,4,0,1236,8624,0,25.11844660194175,0.0,1
Swargate,University,8,4,1,1439,8962,0,22.420569840166785,0.0,0
Swargate,University,8,4,2,1723,11573,0,24.18038305281486,0.0,0
Swargate,University,10,4,0,1331,8624,0,23.325619834710743,0.0,1
Swargate,University,10,4,1,1562,9010,0,20.765685019206146,0.0,0
Swargate,University,10,4,2,1838,11573,0,22.66746463547334,0.0,0
Swargate,University,12,4,0,1520,8624,0,20.425263157894737,0.0,1
Swargate,University,12,4,1,1718,9517,0,19.942491268917344,0.0,0
Swargate,University,12,4,2,1744,8634,0,17.822477064220184,0.0,0
Swargate,University,14,4,0,1602,8624,0,19.37977528089888,0.0,1
Swargate,University,14,4,1,1719,9517,0,19.93089005235602,0.0,0
Swargate,University,14,4,2,1802,8634,0,17.2488346281909,0.0,0
Swargate,University,16,4,0,1752,9517,0,19.555479452054797,0.0,1
Swargate,University,16,4,1,1763,8786,0,17.940782756664774,0.0,0
Swargate,University,16,4,2,1889,8788,0,16.747908946532558,0.0,0
Swargate,University,18,4,0,1762,8624,0,17.619977298524404,0.0,1
Swargate,University,18,4,1,1839,9517,0,18.630342577487763,0.0,0
Swargate,University,18,4,2,2102,11371,0,19.474595623215983,0.0,0
Swargate,University,20,4,0,1428,8624,0,21.74117647058824,0.0,1
Swargate,University,20,4,1,1686,9010,0,19.23843416370107,0.0,0
Swargate,University,20,4,2,1934,11371,0,21.166287487073426,0.0,0
Swargate,University,22,4,0,1122,8647,0,27.74438502673797,0.0,1
Swargate,University,22,4,1,1266,8962,0,25.484360189573454,0.0,0
Swargate,University,22,4,2,1600,11573,0,26.039250000000003,0.0,0
Swargate,University,0,5,0,1122,8647,0,27.74438502673797,0.0,1
Swargate,University,0,5,1,1266,8962,0,25.484360189573454,0.0,0
Swargate,University,0,5,2,1600,11573,0,26.039250000000003,0.0,0
Swargate,University,6,5,0,1156,8647,0,26.928373702422142,0.0,1
Swargate,University,6,5,1,1308,8962,0,24.66605504587156,0.0,0
Swargate,University,6,5,2,1637,11573,0,25.45070250458155,0.0,0
Swargate,University,8,5,0,1369,8624,0,22.678159240321403,0.0,1
Swargate,University,8,5,1,1568,8634,0,19.822959183673472,0.0,0
Swargate,University,8,5,2,1666,9429,0,20.374789915966385,0.0,0
Swargate,University,10,5,0,1540,8647,0,20.21376623376624,0.0,1
Swargate,University,10,5,1,1812,8634,0,17.15364238410596,0.0,0
Swargate,University,10,5,2,1948,9612,0,17.763449691991788,0.0,0
Swargate,University,12,5,0,1679,8647,0,18.540321620011916,0.0,1
Swargate,University,12,5,1,2056,9721,0,17.021206225680935,0.0,0
Swargate,University,12,5,2,2003,8634,0,15.517923115327008,0.0,0
Swargate,University,14,5,0,1618,8647,0,19.239307787391844,0.0,1
Swargate,University,14,5,1,1897,9778,0,18.55603584607275,0.0,0
Swargate,University,14,5,2,1904,8634,0,16.324789915966388,0.0,0
Swargate,University,16,5,0,1723,8647,0,18.066860127684272,0.0,1
Swargate,University,16,5,1,1981,9778,0,17.76920747097426,0.0,0
Swargate,University,16,5,2,1986,8634,0,15.650755287009066,0.0,0
Swargate,University,18,5,0,1894,8624,0,16.391974656810984,0.0,1
Swargate,University,18,5,1,2129,8932,0,15.103428839830908,0.0,0
Swargate,University,18,5,2,2341,11371,0,17.486373344724477,0.0,0
Swargate,University,20,5,0,1500,8624,0,20.6976,0.0,1
Swargate,University,20,5,1,1728,9010,0,18.77083333333333,0.0,0
Swargate,University,20,5,2,2016,11371,0,20.30535714285714,0.0,0
Swargate,University,22,5,0,1122,8647,0,27.74438502673797,0.0,1
Swargate,University,22,5,1,1266,8962,0,25.484360189573454,0.0,0
Swargate,University,22,5,2,1600,11573,0,26.039250000000003,0.0,0
Swargate,University,0,6,0,1122,8647,0,27.74438502673797,0.0,1
Swargate,University,0,6,1,1266,8962,0,25.484360189573454,0.0,0
Swargate,University,0,6,2,1600,11573,0,26.039250000000003,0.0,0
Swargate,University,6,6,0,1158,8624,0,26.81036269430052,0.0,1
Swargate,University,6,6,1,1311,8962,0,24.609610983981693,0.0,0
Swargate,University,6,6,2,1638,11573,0,25.435164835164837,0.0,0
Swargate,University,8,6,0,1374,8624,0,22.59563318777293,0.0,1
Swargate,University,8,6,1,1590,8634,0,19.54867924528302,0.0,0
Swargate,University,8,6,2,1681,9429,0,20.19298036882808,0.0,0
Swargate,University,10,6,0,1615,8647,0,19.275046439628483,0.0,1
Swargate,University,10,6,1,1888,8634,0,16.46313559322034,0.0,0
Swargate,University,10,6,2,2005,9612,0,17.25845386533666,0.0,0
Swargate,University,12,6,0,1785,8647,0,17.439327731092437,0.0,1
Swargate,University,12,6,1,2111,9721,0,16.577735670298438,0.0,0
Swargate,University,12,6,2,2102,8613,0,14.751094196003804,0.0,0
Swargate,University,14,6,0,1708,8624,0,18.17704918032787,0.0,1
Swargate,University,14,6,1,1934,9778,0,18.201034126163396,0.0,0
Swargate,University,14,6,2,1968,8634,0,15.793902439024391,0.0,0
Swargate,University,16,6,0,1812,8624,0,17.133774834437087,0.0,1
Swargate,University,16,6,1,2018,9689,0,17.28463825569871,0.0,0
Swargate,University,16,6,2,2052,8634,0,15.147368421052631,0.0,0
Swargate,University,18,6,0,2017,8624,0,15.392364898363908,0.0,1
Swargate,University,18,6,1,2170,9494,0,15.75041474654378,0.0,0
Swargate,University,18,6,2,2331,11371,0,17.561389961389963,0.0,0
Swargate,University,20,6,0,1519,8624,0,20.43870967741936,0.0,1
Swargate,University,20,6,1,1751,9010,0,18.524271844660195,0.0,0
Swargate,University,20,6,2,2026,11371,0,20.20513326752221,0.0,0
Swargate,University,22,6,0,1122,8647,0,27.74438502673797,0.0,1
Swargate,University,22,6,1,1266,8962,0,25.484360189573454,0.0,0
Swargate,University,22,6,2,1600,11573,0,26.039250000000003,0.0,0
Hinjewadi,Swargate,0,0,0,2142,18638,0,31.32436974789917,0.0,1
Hinjewadi,Swargate,0,0,1,2617,25230,0,34.70691631639282,0.0,0
Hinjewadi,Swargate,0,0,2,2691,20400,0,27.290969899665548,0.0,0
Hinjewadi,Swargate,6,0,0,2179,18638,0,30.79247361174851,0.0,1
Hinjewadi,Swargate,6,0,1,2683,25230,0,33.85314945956019,0.0,0
Hinjewadi,Swargate,6,0,2,2739,20400,0,26.81270536692223,0.0,0
Hinjewadi,Swargate,8,0,0,2543,18638,0,26.38489972473457,0.0,1
Hinjewadi,Swargate,8,0,1,3217,25227,0,28.230400994715573,0.0,0
Hinjewadi,Swargate,8,0,2,3300,24922,0,27.187636363636365,0.0,0
Hinjewadi,Swargate,10,0,0,2820,18638,0,23.793191489361703,0.0,1
Hinjewadi,Swargate,10,0,1,3596,25767,0,25.795661846496102,0.0,0
Hinjewadi,Swargate,10,0,2,3606,24922,0,24.88053244592346,0.0,0
Hinjewadi,Swargate,12,0,0,3019,18638,0,22.22484266313349,0.0,1
Hinjewadi,Swargate,12,0,1,3731,25788,0,24.88255159474672,0.0,0
Hinjewadi,Swargate,12,0,2,3955,25288,0,23.018154235145385,0.0,0
Hinjewadi,Swargate,14,0,0,2885,18638,0,23.257123050259967,0.0,1
Hinjewadi,Swargate,14,0,1,3365,25523,0,27.305438335809807,0.0,0
Hinjewadi,Swargate,14,0,2,3635,21072,0,20.86910591471802,0.0,0
Hinjewadi,Swargate,16,0,0,3062,18638,0,21.912736773350755,0.0,1
Hinjewadi,Swargate,16,0,1,3530,25474,0,25.97915014164306,0.0,0
Hinjewadi,Swargate,16,0,2,4006,25438,0,22.8599101347978,0.0,0
Hinjewadi,Swargate,18,0,0,3514,18638,0,19.094137734775185,0.0,1
Hinjewadi,Swargate,18,0,1,4125,25469,0,22.22749090909091,0.0,0
Hinjewadi,Swargate,18,0,2,4426,24554,0,19.971622232263897,0.0,0
Hinjewadi,Swargate,20,0,0,2903,18638,0,23.11291767137444,0.0,1
Hinjewadi,Swargate,20,0,1,3461,25227,0,26.240161802947128,0.0,0
Hinjewadi,Swargate,20,0,2,3737,26494,0,25.522718758362323,0.0,0
Hinjewadi,Swargate,22,0,0,2142,18638,0,31.32436974789917,0.0,1
Hinjewadi,Swargate,22,0,1,2617,25230,0,34.70691631639282,0.0,0
Hinjewadi,Swargate,22,0,2,2691,20400,0,27.290969899665548,0.0,0
Hinjewadi,Swargate,0,1,0,2142,18638,0,31.32436974789917,0.0,1
Hinjewadi,Swargate,0,1,1,2617,25230,0,34.70691631639282,0.0,0
Hinjewadi,Swargate,0,1,2,2691,20400,0,27.290969899665548,0.0,0
Hinjewadi,Swargate,6,1,0,2181,18638,0,30.76423658872077,0.0,1
Hinjewadi,Swargate,6,1,1,2681,25230,0,33.87840358075346,0.0,0
Hinjewadi,Swargate,6,1,2,2741,20400,0,26.79314118934695,0.0,0
Hinjewadi,Swargate,8,1,0,2525,18638,0,26.572990099009907,0.0,1
Hinjewadi,Swargate,8,1,1,3182,25227,0,28.540917661847896,0.0,0
Hinjewadi,Swargate,8,1,2,3279,24885,0,27.32113449222324,0.0,0
Hinjewadi,Swargate,10,1,0,2800,18638,0,23.96314285714286,0.0,1
Hinjewadi,Swargate,10,1,1,3569,25793,0,26.01703558419725,0.0,0
Hinjewadi,Swargate,10,1,2,3574,24885,0,25.066032456631227,0.0,0
Hinjewadi,Swargate,12,1,0,3026,18638,0,22.1734302709848,0.0,1
Hinjewadi,Swargate,12,1,1,3717,25793,0,24.981113801452786,0.0,0
Hinjewadi,Swargate,12,1,2,3943,25438,0,23.225158508749683,0.0,0
Hinjewadi,Swargate,14,1,0,2950,18638,0,22.744677966101698,0.0,1
Hinjewadi,Swargate,14,1,1,3365,25853,0,27.65848439821694,0.0,0
Hinjewadi,Swargate,14,1,2,3629,21072,0,20.903609809864975,0.0,0
Hinjewadi,Swargate,16,1,0,3108,19160,0,22.193050193050198,0.0,1
Hinjewadi,Swargate,16,1,1,3501,25474,0,26.19434447300771,0.0,0
Hinjewadi,Swargate,16,1,2,3971,24922,0,22.59360362629061,0.0,0
Hinjewadi,Swargate,18,1,0,3432,18638,0,19.55034965034965,0.0,1
Hinjewadi,Swargate,18,1,1,4047,25469,0,22.655893254262416,0.0,0
Hinjewadi,Swargate,18,1,2,4228,23557,0,20.05799432355724,0.0,0
Hinjewadi,Swargate,20,1,0,2834,18638,0,23.675652787579395,0.0,1
Hinjewadi,Swargate,20,1,1,3452,25227,0,26.30857473928157,0.0,0
Hinjewadi,Swargate,20,1,2,3751,26306,0,25.247027459344174,0.0,0
Hinjewadi,Swargate,22,1,0,2142,18638,0,31.32436974789917,0.0,1
Hinjewadi,Swargate,22,1,1,2617,25230,0,34.70691631639282,0.0,0
Hinjewadi,Swargate,22,1,2,2691,20400,0,27.290969899665548,0.0,0
Hinjewadi,Swargate,0,2,0,2142,18638,0,31.32436974789917,0.0,1
Hinjewadi,Swargate,0,2,1,2617,25230,0,34.70691631639282,0.0,0
Hinjewadi,Swargate,0,2,2,2691,20400,0,27.290969899665548,0.0,0
Hinjewadi,Swargate,6,2,0,2177,18638,0,30.82076251722554,0.0,1
Hinjewadi,Swargate,6,2,1,2681,25230,0,33.87840358075346,0.0,0
Hinjewadi,Swargate,6,2,2,2737,20400,0,26.83229813664596,0.0,0
Hinjewadi,Swargate,8,2,0,2491,18638,0,26.93568847852268,0.0,1
Hinjewadi,Swargate,8,2,1,3197,25227,0,28.407006568658115,0.0,0
Hinjewadi,Swargate,8,2,2,3091,20400,0,23.75930119702361,0.0,0
Hinjewadi,Swargate,10,2,0,2754,18638,0,24.36339869281046,0.0,1
Hinjewadi,Swargate,10,2,1,3562,25776,0,26.05098259404829,0.0,0
Hinjewadi,Swargate,10,2,2,3374,20400,0,21.76644931831654,0.0,0
Hinjewadi,Swargate,12,2,0,3007,18638,0,22.31353508480213,0.0,1
Hinjewadi,Swargate,12,2,1,3734,25788,0,24.862560257096945,0.0,0
Hinjewadi,Swargate,12,2,2,3960,25288,0,22.98909090909091,0.0,0
Hinjewadi,Swargate,14,2,0,2913,18638,0,23.033573635427395,0.0,1
Hinjewadi,Swargate,14,2,1,3427,25850,0,27.154946016924423,0.0,0
Hinjewadi,Swargate,14,2,2,3763,22571,0,21.593303215519533,0.0,0
Hinjewadi,Swargate,16,2,0,3083,18638,0,21.76347713266299,0.0,1
Hinjewadi,Swargate,16,2,1,3588,25746,0,25.832107023411368,0.0,0
Hinjewadi,Swargate,16,2,2,3784,20922,0,19.9046511627907,0.0,0
Hinjewadi,Swargate,18,2,0,3505,18638,0,19.14316690442225,0.0,1
Hinjewadi,Swargate,18,2,1,4167,25469,0,22.00345572354212,0.0,0
Hinjewadi,Swargate,18,2,2,4317,24575,0,20.493398193189712,0.0,0
Hinjewadi,Swargate,20,2,0,2903,18638,0,23.11291767137444,0.0,1
Hinjewadi,Swargate,20,2,1,3477,25227,0,26.11941328731665,0.0,0
Hinjewadi,Swargate,20,2,2,3735,26457,0,25.500722891566262,0.0,0
Hinjewadi,Swargate,22,2,0,2142,18638,0,31.32436974789917,0.0,1
Hinjewadi,Swargate,22,2,1,2617,25230,0,34.70691631639282,0.0,0
Hinjewadi,Swargate,22,2,2,2691,20400,0,27.290969899665548,0.0,0
Hinjewadi,Swargate,0,3,0,2142,18638,0,31.32436974789917,0.0,1
Hinjewadi,Swargate,0,3,1,2617,25230,0,34.70691631639282,0.0,0
Hinjewadi,Swargate,0,3,2,2690,20400,0,27.301115241635685,0.0,0
Hinjewadi,Swargate,6,3,0,2182,18638,0,30.75013748854262,0.0,1
Hinjewadi,Swargate,6,3,1,2678,25230,0,33.916355489171025,0.0,0
Hinjewadi,Swargate,6,3,2,2735,20400,0,26.851919561243143,0.0,0
Hinjewadi,Swargate,8,3,0,2414,18638,0,27.79486329743165,0.0,1
Hinjewadi,Swargate,8,3,1,3090,25230,0,29.394174757281554,0.0,0
Hinjewadi,Swargate,8,3,2,3007,20400,0,24.42301296973728,0.0,0
Hinjewadi,Swargate,10,3,0,2741,18638,0,24.47894928858081,0.0,1
Hinjewadi,Swargate,10,3,1,3482,25523,0,26.38793796668581,0.0,0
Hinjewadi,Swargate,10,3,2,3654,26306,0,25.917241379310347,0.0,0
Hinjewadi,Swargate,12,3,0,3147,18638,0,21.320877025738803,0.0,1
Hinjewadi,Swargate,12,3,1,3814,25784,0,24.337283691662297,0.0,0
Hinjewadi,Swargate,12,3,2,3673,22443,0,21.99695072148108,0.0,0
Hinjewadi,Swargate,14,3,0,3200,19310,0,21.72375,0.0,1
Hinjewadi,Swargate,14,3,1,3679,25789,0,25.23522696384887,0.0,0
Hinjewadi,Swargate,14,3,2,3665,20608,0,20.242510231923603,0.0,0
Hinjewadi,Swargate,16,3,0,3266,19160,0,21.119412124923453,0.0,1
Hinjewadi,Swargate,16,3,1,3809,25784,0,24.369230769230768,0.0,0
Hinjewadi,Swargate,16,3,2,3809,20608,0,19.47723812024153,0.0,0
Hinjewadi,Swargate,18,3,0,3355,19160,0,20.559165424739195,0.0,1
Hinjewadi,Swargate,18,3,1,4197,25741,0,22.0794853466762,0.0,0
Hinjewadi,Swargate,18,3,2,3883,21927,0,20.32892093741952,0.0,0
Hinjewadi,Swargate,20,3,0,2794,18638,0,24.01460272011453,0.0,1
Hinjewadi,Swargate,20,3,1,3531,25227,0,25.71996601529312,0.0,0
Hinjewadi,Swargate,20,3,2,3708,26306,0,25.53980582524272,0.0,0
Hinjewadi,Swargate,22,3,0,2142,18638,0,31.32436974789917,0.0,1
Hinjewadi,Swargate,22,3,1,2617,25230,0,34.70691631639282,0.0,0
Hinjewadi,Swargate,22,3,2,2690,20400,0,27.301115241635685,0.0,0
Hinjewadi,Swargate,0,4,0,2142,18638,0,31.32436974789917,0.0,1
Hinjewadi,Swargate,0,4,1,2617,25230,0,34.70691631639282,0.0,0
Hinjewadi,Swargate,0,4,2,2690,20400,0,27.301115241635685,0.0,0
Hinjewadi,Swargate,6,4,0,2174,18638,0,30.863293468261272,0.0,1
Hinjewadi,Swargate,6,4,1,2668,25230,0,34.04347826086956,0.0,0
Hinjewadi,Swargate,6,4,2,2730,20400,0,26.9010989010989,0.0,0
Hinjewadi,Swargate,8,4,0,2336,18638,0,28.72294520547945,0.0,1
Hinjewadi,Swargate,8,4,1,2910,25230,0,31.212371134020614,0.0,0
Hinjewadi,Swargate,8,4,2,3142,26306,0,30.14054742202419,0.0,0
Hinjewadi,Swargate,10,4,0,2549,18638,0,26.32279325225579,0.0,1
Hinjewadi,Swargate,10,4,1,3107,25480,0,29.523012552301257,0.0,0
Hinjewadi,Swargate,10,4,2,3247,22351,0,24.78090545118571,0.0,0
Hinjewadi,Swargate,12,4,0,2747,19160,0,25.109574080815435,0.0,1
Hinjewadi,Swargate,12,4,1,3289,25476,0,27.88494983277592,0.0,0
Hinjewadi,Swargate,12,4,2,3118,21992,0,25.391661321359845,0.0,0
Hinjewadi,Swargate,14,4,0,2741,19310,0,25.361546880700477,0.0,1
Hinjewadi,Swargate,14,4,1,3216,25811,0,28.8929104477612,0.0,0
Hinjewadi,Swargate,14,4,2,3133,21992,0,25.27009256303862,0.0,0
Hinjewadi,Swargate,16,4,0,2806,19160,0,24.581610833927297,0.0,1
Hinjewadi,Swargate,16,4,1,3289,25750,0,28.184858619641226,0.0,0
Hinjewadi,Swargate,16,4,2,3233,21992,0,24.4884627281163,0.0,0
Hinjewadi,Swargate,18,4,0,2943,19160,0,23.43730886850153,0.0,1
Hinjewadi,Swargate,18,4,1,3533,25749,0,26.237305406170396,0.0,0
Hinjewadi,Swargate,18,4,2,3428,23311,0,24.480630105017504,0.0,0
Hinjewadi,Swargate,20,4,0,2602,18638,0,25.786625672559573,0.0,1
Hinjewadi,Swargate,20,4,1,3221,25227,0,28.19534306116113,0.0,0
Hinjewadi,Swargate,20,4,2,3082,21992,0,25.68825438027255,0.0,0
Hinjewadi,Swargate,22,4,0,2142,18638,0,31.32436974789917,0.0,1
Hinjewadi,Swargate,22,4,1,2617,25230,0,34.70691631639282,0.0,0
Hinjewadi,Swargate,22,4,2,2690,20400,0,27.301115241635685,0.0,0
Hinjewadi,Swargate,0,5,0,2142,18638,0,31.32436974789917,0.0,1
Hinjewadi,Swargate,0,5,1,2617,25230,0,34.70691631639282,0.0,0
Hinjewadi,Swargate,0,5,2,2691,20400,0,27.290969899665548,0.0,0
Hinjewadi,Swargate,6,5,0,2179,18638,0,30.79247361174851,0.0,1
Hinjewadi,Swargate,6,5,1,2683,25230,0,33.85314945956019,0.0,0
Hinjewadi,Swargate,6,5,2,2739,20400,0,26.81270536692223,0.0,0
Hinjewadi,Swargate,8,5,0,2509,18638,0,26.742447190115584,0.0,1
Hinjewadi,Swargate,8,5,1,3188,25227,0,28.487202007528232,0.0,0
Hinjewadi,Swargate,8,5,2,3260,24922,0,27.52122699386503,0.0,0
Hinjewadi,Swargate,10,5,0,2773,18638,0,24.196465921384785,0.0,1
Hinjewadi,Swargate,10,5,1,3549,25445,0,25.810650887573964,0.0,0
Hinjewadi,Swargate,10,5,2,3558,24885,0,25.178752107925803,0.0,0
Hinjewadi,Swargate,12,5,0,2946,18638,0,22.775560081466395,0.0,1
Hinjewadi,Swargate,12,5,1,3680,25788,0,25.22739130434783,0.0,0
Hinjewadi,Swargate,12,5,2,3909,25288,0,23.28902532617037,0.0,0
Hinjewadi,Swargate,14,5,0,2818,18638,0,23.81007806955288,0.0,1
Hinjewadi,Swargate,14,5,1,3354,25795,0,27.68694096601073,0.0,0
Hinjewadi,Swargate,14,5,2,3588,21072,0,21.14247491638796,0.0,0
Hinjewadi,Swargate,16,5,0,2970,18638,0,22.591515151515157,0.0,1
Hinjewadi,Swargate,16,5,1,3496,25746,0,26.511899313501143,0.0,0
Hinjewadi,Swargate,16,5,2,3918,25438,0,23.37335375191424,0.0,0
Hinjewadi,Swargate,18,5,0,3314,18638,0,20.24646952323476,0.0,1
Hinjewadi,Swargate,18,5,1,4020,25469,0,22.80805970149254,0.0,0
Hinjewadi,Swargate,18,5,2,4122,21434,0,18.719650655021837,0.0,0
Hinjewadi,Swargate,20,5,0,2793,18638,0,24.023200859291087,0.0,1
Hinjewadi,Swargate,20,5,1,3381,25230,0,26.8642413487134,0.0,0
Hinjewadi,Swargate,20,5,2,3374,20911,0,22.311677534084176,0.0,0
Hinjewadi,Swargate,22,5,0,2142,18638,0,31.32436974789917,0.0,1
Hinjewadi,Swargate,22,5,1,2617,25230,0,34.70691631639282,0.0,0
Hinjewadi,Swargate,22,5,2,2691,20400,0,27.290969899665548,0.0,0
Hinjewadi,Swargate,0,6,0,2142,18638,0,31.32436974789917,0.0,1
Hinjewadi,Swargate,0,6,1,2617,25230,0,34.70691631639282,0.0,0
Hinjewadi,Swargate,0,6,2,2691,20400,0,27.290969899665548,0.0,0
Hinjewadi,Swargate,6,6,0,2181,18638,0,30.76423658872077,0.0,1
Hinjewadi,Swargate,6,6,1,2686,25230,0,33.81533879374535,0.0,0
Hinjewadi,Swargate,6,6,2,2742,20400,0,26.78336980306345,0.0,0
Hinjewadi,Swargate,8,6,0,2555,18638,0,26.26097847358121,0.0,1
Hinjewadi,Swargate,8,6,1,3238,25227,0,28.0473131562693,0.0,0
Hinjewadi,Swargate,8,6,2,3302,24922,0,27.17116898849182,0.0,0
Hinjewadi,Swargate,10,6,0,2860,18638,0,23.460419580419583,0.0,1
Hinjewadi,Swargate,10,6,1,3646,25793,0,25.467580910586943,0.0,0
Hinjewadi,Swargate,10,6,2,3628,24922,0,24.72965821389195,0.0,0
Hinjewadi,Swargate,12,6,0,3044,18638,0,22.042312746386337,0.0,1
Hinjewadi,Swargate,12,6,1,3759,25788,0,24.697206703910613,0.0,0
Hinjewadi,Swargate,12,6,2,4016,25438,0,22.80298804780876,0.0,0
Hinjewadi,Swargate,14,6,0,2904,18638,0,23.104958677685957,0.0,1
Hinjewadi,Swargate,14,6,1,3380,25523,0,27.184260355029583,0.0,0
Hinjewadi,Swargate,14,6,2,3647,21072,0,20.800438716753494,0.0,0
Hinjewadi,Swargate,16,6,0,3083,18638,0,21.76347713266299,0.0,1
Hinjewadi,Swargate,16,6,1,3536,25448,0,25.908597285067877,0.0,0
Hinjewadi,Swargate,16,6,2,4001,25438,0,22.888477880529862,0.0,0
Hinjewadi,Swargate,18,6,0,3464,18638,0,19.369745958429565,0.0,1
Hinjewadi,Swargate,18,6,1,4115,25469,0,22.28150668286756,0.0,0
Hinjewadi,Swargate,18,6,2,4113,23191,0,20.29846827133479,0.0,0
Hinjewadi,Swargate,20,6,0,2853,18638,0,23.51798107255521,0.0,1
Hinjewadi,Swargate,20,6,1,3445,25230,0,26.365166908563133,0.0,0
Hinjewadi,Swargate,20,6,2,3862,27879,0,25.987674779906783,0.0,0
Hinjewadi,Swargate,22,6,0,2142,18638,0,31.32436974789917,0.0,1
Hinjewadi,Swargate,22,6,1,2617,25230,0,34.70691631639282,0.0,0
Hinjewadi,Swargate,22,6,2,2691,20400,0,27.290969899665548,0.0,0
Hinjewadi,Swargate,0,0,0,2142,18638,0,31.32436974789917,0.0,1
Hinjewadi,Swargate,0,0,1,2617,25230,0,34.70691631639282,0.0,0
Hinjewadi,Swargate,0,0,2,2691,20400,0,27.290969899665548,0.0,0
Hinjewadi,Swargate,6,0,0,2179,18638,0,30.79247361174851,0.0,1
Hinjewadi,Swargate,6,0,1,2683,25230,0,33.85314945956019,0.0,0
Hinjewadi,Swargate,6,0,2,2739,20400,0,26.81270536692223,0.0,0
Hinjewadi,Swargate,8,0,0,2543,18638,0,26.38489972473457,0.0,1
Hinjewadi,Swargate,8,0,1,3217,25227,0,28.230400994715573,0.0,0
Hinjewadi,Swargate,8,0,2,3300,24922,0,27.187636363636365,0.0,0
Hinjewadi,Swargate,10,0,0,2820,18638,0,23.793191489361703,0.0,1
Hinjewadi,Swargate,10,0,1,3596,25767,0,25.795661846496102,0.0,0
Hinjewadi,Swargate,10,0,2,3606,24922,0,24.88053244592346,0.0,0
Hinjewadi,Swargate,12,0,0,3019,18638,0,22.22484266313349,0.0,1
Hinjewadi,Swargate,12,0,1,3731,25788,0,24.88255159474672,0.0,0
Hinjewadi,Swargate,12,0,2,3955,25288,0,23.018154235145385,0.0,0
Hinjewadi,Swargate,14,0,0,2885,18638,0,23.257123050259967,0.0,1
Hinjewadi,Swargate,14,0,1,3365,25523,0,27.305438335809807,0.0,0
Hinjewadi,Swargate,14,0,2,3635,21072,0,20.86910591471802,0.0,0
Hinjewadi,Swargate,16,0,0,3062,18638,0,21.912736773350755,0.0,1
Hinjewadi,Swargate,16,0,1,3530,25474,0,25.97915014164306,0.0,0
Hinjewadi,Swargate,16,0,2,4006,25438,0,22.8599101347978,0.0,0
Hinjewadi,Swargate,18,0,0,3514,18638,0,19.094137734775185,0.0,1
Hinjewadi,Swargate,18,0,1,4125,25469,0,22.22749090909091,0.0,0
Hinjewadi,Swargate,18,0,2,4426,24554,0,19.971622232263897,0.0,0
Hinjewadi,Swargate,20,0,0,2903,18638,0,23.11291767137444,0.0,1
Hinjewadi,Swargate,20,0,1,3461,25227,0,26.240161802947128,0.0,0
Hinjewadi,Swargate,20,0,2,3737,26494,0,25.522718758362323,0.0,0
Hinjewadi,Swargate,22,0,0,2142,18638,0,31.32436974789917,0.0,1
Hinjewadi,Swargate,22,0,1,2617,25230,0,34.70691631639282,0.0,0
Hinjewadi,Swargate,22,0,2,2691,20400,0,27.290969899665548,0.0,0
Hinjewadi,Swargate,0,1,0,2142,18638,0,31.32436974789917,0.0,1
Hinjewadi,Swargate,0,1,1,2617,25230,0,34.70691631639282,0.0,0
Hinjewadi,Swargate,0,1,2,2691,20400,0,27.290969899665548,0.0,0
Hinjewadi,Swargate,6,1,0,2181,18638,0,30.76423658872077,0.0,1
Hinjewadi,Swargate,6,1,1,2681,25230,0,33.87840358075346,0.0,0
Hinjewadi,Swargate,6,1,2,2741,20400,0,26.79314118934695,0.0,0
Hinjewadi,Swargate,8,1,0,2525,18638,0,26.572990099009907,0.0,1
Hinjewadi,Swargate,8,1,1,3182,25227,0,28.540917661847896,0.0,0
Hinjewadi,Swargate,8,1,2,3279,24885,0,27.32113449222324,0.0,0
Hinjewadi,Swargate,10,1,0,2800,18638,0,23.96314285714286,0.0,1
Hinjewadi,Swargate,10,1,1,3569,25793,0,26.01703558419725,0.0,0
Hinjewadi,Swargate,10,1,2,3574,24885,0,25.066032456631227,0.0,0
Hinjewadi,Swargate,12,1,0,3026,18638,0,22.1734302709848,0.0,1
Hinjewadi,Swargate,12,1,1,3717,25793,0,24.981113801452786,0.0,0
Hinjewadi,Swargate,12,1,2,3943,25438,0,23.225158508749683,0.0,0
Hinjewadi,Swargate,14,1,0,2950,18638,0,22.744677966101698,0.0,1
Hinjewadi,Swargate,14,1,1,3365,25853,0,27.65848439821694,0.0,0
Hinjewadi,Swargate,14,1,2,3629,21072,0,20.903609809864975,0.0,0
Hinjewadi,Swargate,16,1,0,3108,19160,0,22.193050193050198,0.0,1
Hinjewadi,Swargate,16,1,1,3501,25474,0,26.19434447300771,0.0,0
Hinjewadi,Swargate,16,1,2,3971,24922,0,22.59360362629061,0.0,0
Hinjewadi,Swargate,18,1,0,3432,18638,0,19.55034965034965,0.0,1
Hinjewadi,Swargate,18,1,1,4047,25469,0,22.655893254262416,0.0,0
Hinjewadi,Swargate,18,1,2,4228,23557,0,20.05799432355724,0.0,0
Hinjewadi,Swargate,20,1,0,2834,18638,0,23.675652787579395,0.0,1
Hinjewadi,Swargate,20,1,1,3452,25227,0,26.30857473928157,0.0,0
Hinjewadi,Swargate,20,1,2,3751,26306,0,25.247027459344174,0.0,0
Hinjewadi,Swargate,22,1,0,2142,18638,0,31.32436974789917,0.0,1
Hinjewadi,Swargate,22,1,1,2617,25230,0,34.70691631639282,0.0,0
Hinjewadi,Swargate,22,1,2,2691,20400,0,27.290969899665548,0.0,0
Hinjewadi,Swargate,0,2,0,2142,18638,0,31.32436974789917,0.0,1
Hinjewadi,Swargate,0,2,1,2617,25230,0,34.70691631639282,0.0,0
Hinjewadi,Swargate,0,2,2,2691,20400,0,27.290969899665548,0.0,0
Hinjewadi,Swargate,6,2,0,2177,18638,0,30.82076251722554,0.0,1
Hinjewadi,Swargate,6,2,1,2681,25230,0,33.87840358075346,0.0,0
Hinjewadi,Swargate,6,2,2,2737,20400,0,26.83229813664596,0.0,0
Hinjewadi,Swargate,8,2,0,2491,18638,0,26.93568847852268,0.0,1
Hinjewadi,Swargate,8,2,1,3197,25227,0,28.407006568658115,0.0,0
Hinjewadi,Swargate,8,2,2,3091,20400,0,23.75930119702361,0.0,0
Hinjewadi,Swargate,10,2,0,2754,18638,0,24.36339869281046,0.0,1
Hinjewadi,Swargate,10,2,1,3562,25776,0,26.05098259404829,0.0,0
Hinjewadi,Swargate,10,2,2,3374,20400,0,21.76644931831654,0.0,0
Hinjewadi,Swargate,12,2,0,3007,18638,0,22.31353508480213,0.0,1
Hinjewadi,Swargate,12,2,1,3734,25788,0,24.862560257096945,0.0,0
Hinjewadi,Swargate,12,2,2,3960,25288,0,22.98909090909091,0.0,0
Hinjewadi,Swargate,14,2,0,2913,18638,0,23.033573635427395,0.0,1
Hinjewadi,Swargate,14,2,1,3427,25850,0,27.154946016924423,0.0,0
Hinjewadi,Swargate,14,2,2,3763,22571,0,21.593303215519533,0.0,0
Hinjewadi,Swargate,16,2,0,3083,18638,0,21.76347713266299,0.0,1
Hinjewadi,Swargate,16,2,1,3588,25746,0,25.832107023411368,0.0,0
Hinjewadi,Swargate,16,2,2,3784,20922,0,19.9046511627907,0.0,0
Hinjewadi,Swargate,18,2,0,3505,18638,0,19.14316690442225,0.0,1
Hinjewadi,Swargate,18,2,1,4167,25469,0,22.00345572354212,0.0,0
Hinjewadi,Swargate,18,2,2,4317,24575,0,20.493398193189712,0.0,0
Hinjewadi,Swargate,20,2,0,2903,18638,0,23.11291767137444,0.0,1
Hinjewadi,Swargate,20,2,1,3477,25227,0,26.11941328731665,0.0,0
Hinjewadi,Swargate,20,2,2,3873,27879,0,25.9138652207591,0.0,0
Hinjewadi,Swargate,22,2,0,2142,18638,0,31.32436974789917,0.0,1
Hinjewadi,Swargate,22,2,1,2617,25230,0,34.70691631639282,0.0,0
Hinjewadi,Swargate,22,2,2,2691,20400,0,27.290969899665548,0.0,0
Hinjewadi,Swargate,0,3,0,2142,18638,0,31.32436974789917,0.0,1
Hinjewadi,Swargate,0,3,1,2617,25230,0,34.70691631639282,0.0,0
Hinjewadi,Swargate,0,3,2,2690,20400,0,27.301115241635685,0.0,0
Hinjewadi,Swargate,6,3,0,2182,18638,0,30.75013748854262,0.0,1
Hinjewadi,Swargate,6,3,1,2678,25230,0,33.916355489171025,0.0,0
Hinjewadi,Swargate,6,3,2,2735,20400,0,26.851919561243143,0.0,0
Hinjewadi,Swargate,8,3,0,2414,18638,0,27.79486329743165,0.0,1
Hinjewadi,Swargate,8,3,1,3090,25230,0,29.394174757281554,0.0,0
Hinjewadi,Swargate,8,3,2,3007,20400,0,24.42301296973728,0.0,0
Hinjewadi,Swargate,10,3,0,2741,18638,0,24.47894928858081,0.0,1
Hinjewadi,Swargate,10,3,1,3482,25523,0,26.38793796668581,0.0,0
Hinjewadi,Swargate,10,3,2,3654,26306,0,25.917241379310347,0.0,0
Hinjewadi,Swargate,12,3,0,3147,18638,0,21.320877025738803,0.0,1
Hinjewadi,Swargate,12,3,1,3814,25784,0,24.337283691662297,0.0,0
Hinjewadi,Swargate,12,3,2,3673,22443,0,21.99695072148108,0.0,0
Hinjewadi,Swargate,14,3,0,3200,19310,0,21.72375,0.0,1
Hinjewadi,Swargate,14,3,1,3679,25789,0,25.23522696384887,0.0,0
Hinjewadi,Swargate,14,3,2,3665,20608,0,20.242510231923603,0.0,0
Hinjewadi,Swargate,16,3,0,3266,19160,0,21.119412124923453,0.0,1
Hinjewadi,Swargate,16,3,1,3809,25784,0,24.369230769230768,0.0,0
Hinjewadi,Swargate,16,3,2,3809,20608,0,19.47723812024153,0.0,0
Hinjewadi,Swargate,18,3,0,3355,19160,0,20.559165424739195,0.0,1
Hinjewadi,Swargate,18,3,1,4197,25741,0,22.0794853466762,0.0,0
Hinjewadi,Swargate,18,3,2,3883,21927,0,20.32892093741952,0.0,0
Hinjewadi,Swargate,20,3,0,2794,18638,0,24.01460272011453,0.0,1
Hinjewadi,Swargate,20,3,1,3531,25227,0,25.71996601529312,0.0,0
Hinjewadi,Swargate,20,3,2,3708,26306,0,25.53980582524272,0.0,0
Hinjewadi,Swargate,22,3,0,2142,18638,0,31.32436974789917,0.0,1
Hinjewadi,Swargate,22,3,1,2617,25230,0,34.70691631639282,0.0,0
Hinjewadi,Swargate,22,3,2,2690,20400,0,27.301115241635685,0.0,0
Hinjewadi,Swargate,0,4,0,2142,18638,0,31.32436974789917,0.0,1
Hinjewadi,Swargate,0,4,1,2617,25230,0,34.70691631639282,0.0,0
Hinjewadi,Swargate,0,4,2,2690,20400,0,27.301115241635685,0.0,0
Hinjewadi,Swargate,6,4,0,2174,18638,0,30.863293468261272,0.0,1
Hinjewadi,Swargate,6,4,1,2668,25230,0,34.04347826086956,0.0,0
Hinjewadi,Swargate,6,4,2,2730,20400,0,26.9010989010989,0.0,0
Hinjewadi,Swargate,8,4,0,2336,18638,0,28.72294520547945,0.0,1
Hinjewadi,Swargate,8,4,1,2910,25230,0,31.212371134020614,0.0,0
Hinjewadi,Swargate,8,4,2,3142,26306,0,30.14054742202419,0.0,0
Hinjewadi,Swargate,10,4,0,2549,18638,0,26.32279325225579,0.0,1
Hinjewadi,Swargate,10,4,1,3107,25480,0,29.523012552301257,0.0,0
Hinjewadi,Swargate,10,4,2,3247,22351,0,24.78090545118571,0.0,0
Hinjewadi,Swargate,12,4,0,2747,19160,0,25.109574080815435,0.0,1
Hinjewadi,Swargate,12,4,1,3289,25476,0,27.88494983277592,0.0,0
Hinjewadi,Swargate,12,4,2,3118,21992,0,25.391661321359845,0.0,0
Hinjewadi,Swargate,14,4,0,2741,19310,0,25.361546880700477,0.0,1
Hinjewadi,Swargate,14,4,1,3216,25811,0,28.8929104477612,0.0,0
Hinjewadi,Swargate,14,4,2,3133,21992,0,25.27009256303862,0.0,0
Hinjewadi,Swargate,16,4,0,2806,19160,0,24.581610833927297,0.0,1
Hinjewadi,Swargate,16,4,1,3289,25750,0,28.184858619641226,0.0,0
Hinjewadi,Swargate,16,4,2,3233,21992,0,24.4884627281163,0.0,0
Hinjewadi,Swargate,18,4,0,2943,19160,0,23.43730886850153,0.0,1
Hinjewadi,Swargate,18,4,1,3533,25749,0,26.237305406170396,0.0,0
Hinjewadi,Swargate,18,4,2,3428,23311,0,24.480630105017504,0.0,0
Hinjewadi,Swargate,20,4,0,2602,18638,0,25.786625672559573,0.0,1
Hinjewadi,Swargate,20,4,1,3221,25227,0,28.19534306116113,0.0,0
Hinjewadi,Swargate,20,4,2,3082,21992,0,25.68825438027255,0.0,0
Hinjewadi,Swargate,22,4,0,2142,18638,0,31.32436974789917,0.0,1
Hinjewadi,Swargate,22,4,1,2617,25230,0,34.70691631639282,0.0,0
Hinjewadi,Swargate,22,4,2,2690,20400,0,27.301115241635685,0.0,0
Hinjewadi,Swargate,0,5,0,2142,18638,0,31.32436974789917,0.0,1
Hinjewadi,Swargate,0,5,1,2617,25230,0,34.70691631639282,0.0,0
Hinjewadi,Swargate,0,5,2,2691,20400,0,27.290969899665548,0.0,0
Hinjewadi,Swargate,6,5,0,2179,18638,0,30.79247361174851,0.0,1
Hinjewadi,Swargate,6,5,1,2683,25230,0,33.85314945956019,0.0,0
Hinjewadi,Swargate,6,5,2,2739,20400,0,26.81270536692223,0.0,0
Hinjewadi,Swargate,8,5,0,2509,18638,0,26.742447190115584,0.0,1
Hinjewadi,Swargate,8,5,1,3188,25227,0,28.487202007528232,0.0,0
Hinjewadi,Swargate,8,5,2,3260,24922,0,27.52122699386503,0.0,0
Hinjewadi,Swargate,10,5,0,2773,18638,0,24.196465921384785,0.0,1
Hinjewadi,Swargate,10,5,1,3549,25445,0,25.810650887573964,0.0,0
Hinjewadi,Swargate,10,5,2,3558,24885,0,25.178752107925803,0.0,0
Hinjewadi,Swargate,12,5,0,2946,18638,0,22.775560081466395,0.0,1
Hinjewadi,Swargate,12,5,1,3680,25788,0,25.22739130434783,0.0,0
Hinjewadi,Swargate,12,5,2,3909,25288,0,23.28902532617037,0.0,0
Hinjewadi,Swargate,14,5,0,2818,18638,0,23.81007806955288,0.0,1
Hinjewadi,Swargate,14,5,1,3354,25795,0,27.68694096601073,0.0,0
Hinjewadi,Swargate,14,5,2,3588,21072,0,21.14247491638796,0.0,0
Hinjewadi,Swargate,16,5,0,2970,18638,0,22.591515151515157,0.0,1
Hinjewadi,Swargate,16,5,1,3496,25746,0,26.511899313501143,0.0,0
Hinjewadi,Swargate,16,5,2,3918,25438,0,23.37335375191424,0.0,0
Hinjewadi,Swargate,18,5,0,3314,18638,0,20.24646952323476,0.0,1
Hinjewadi,Swargate,18,5,1,4020,25469,0,22.80805970149254,0.0,0
Hinjewadi,Swargate,18,5,2,4122,21434,0,18.719650655021837,0.0,0
Hinjewadi,Swargate,20,5,0,2793,18638,0,24.023200859291087,0.0,1
Hinjewadi,Swargate,20,5,1,3381,25230,0,26.8642413487134,0.0,0
Hinjewadi,Swargate,20,5,2,3374,20911,0,22.311677534084176,0.0,0
Hinjewadi,Swargate,22,5,0,2142,18638,0,31.32436974789917,0.0,1
Hinjewadi,Swargate,22,5,1,2617,25230,0,34.70691631639282,0.0,0
Hinjewadi,Swargate,22,5,2,2691,20400,0,27.290969899665548,0.0,0
Hinjewadi,Swargate,0,6,0,2142,18638,0,31.32436974789917,0.0,1
Hinjewadi,Swargate,0,6,1,2617,25230,0,34.70691631639282,0.0,0
Hinjewadi,Swargate,0,6,2,2691,20400,0,27.290969899665548,0.0,0
Hinjewadi,Swargate,6,6,0,2181,18638,0,30.76423658872077,0.0,1
Hinjewadi,Swargate,6,6,1,2686,25230,0,33.81533879374535,0.0,0
Hinjewadi,Swargate,6,6,2,2742,20400,0,26.78336980306345,0.0,0
Hinjewadi,Swargate,8,6,0,2555,18638,0,26.26097847358121,0.0,1
Hinjewadi,Swargate,8,6,1,3238,25227,0,28.0473131562693,0.0,0
Hinjewadi,Swargate,8,6,2,3302,24922,0,27.17116898849182,0.0,0
Hinjewadi,Swargate,10,6,0,2860,18638,0,23.460419580419583,0.0,1
Hinjewadi,Swargate,10,6,1,3646,25793,0,25.467580910586943,0.0,0
Hinjewadi,Swargate,10,6,2,3628,24922,0,24.72965821389195,0.0,0
Hinjewadi,Swargate,12,6,0,3044,18638,0,22.042312746386337,0.0,1
Hinjewadi,Swargate,12,6,1,3759,25788,0,24.697206703910613,0.0,0
Hinjewadi,Swargate,12,6,2,4016,25438,0,22.80298804780876,0.0,0
Hinjewadi,Swargate,14,6,0,2904,18638,0,23.104958677685957,0.0,1
Hinjewadi,Swargate,14,6,1,3380,25523,0,27.184260355029583,0.0,0
Hinjewadi,Swargate,14,6,2,3647,21072,0,20.800438716753494,0.0,0
Hinjewadi,Swargate,16,6,0,3083,18638,0,21.76347713266299,0.0,1
Hinjewadi,Swargate,16,6,1,3536,25448,0,25.908597285067877,0.0,0
Hinjewadi,Swargate,16,6,2,4001,25438,0,22.888477880529862,0.0,0
Hinjewadi,Swargate,18,6,0,3464,18638,0,19.369745958429565,0.0,1
Hinjewadi,Swargate,18,6,1,4115,25469,0,22.28150668286756,0.0,0
Hinjewadi,Swargate,18,6,2,4113,23191,0,20.29846827133479,0.0,0
Hinjewadi,Swargate,20,6,0,2853,18638,0,23.51798107255521,0.0,1
Hinjewadi,Swargate,20,6,1,3445,25230,0,26.365166908563133,0.0,0
Hinjewadi,Swargate,20,6,2,3862,27879,0,25.987674779906783,0.0,0
Hinjewadi,Swargate,22,6,0,2142,18638,0,31.32436974789917,0.0,1
Hinjewadi,Swargate,22,6,1,2617,25230,0,34.70691631639282,0.0,0
Hinjewadi,Swargate,22,6,2,2691,20400,0,27.290969899665548,0.0,0
Hinjewadi,Swargate,0,0,0,2142,18638,0,31.32436974789917,0.0,1
Hinjewadi,Swargate,0,0,1,2617,25230,0,34.70691631639282,0.0,0
Hinjewadi,Swargate,0,0,2,2691,20400,0,27.290969899665548,0.0,0
Hinjewadi,Swargate,6,0,0,2179,18638,0,30.79247361174851,0.0,1
Hinjewadi,Swargate,6,0,1,2683,25230,0,33.85314945956019,0.0,0
Hinjewadi,Swargate,6,0,2,2739,20400,0,26.81270536692223,0.0,0
Hinjewadi,Swargate,8,0,0,2543,18638,0,26.38489972473457,0.0,1
Hinjewadi,Swargate,8,0,1,3217,25227,0,28.230400994715573,0.0,0
Hinjewadi,Swargate,8,0,2,3300,24922,0,27.187636363636365,0.0,0
Hinjewadi,Swargate,10,0,0,2820,18638,0,23.793191489361703,0.0,1
Hinjewadi,Swargate,10,0,1,3596,25767,0,25.795661846496102,0.0,0
Hinjewadi,Swargate,10,0,2,3606,24922,0,24.88053244592346,0.0,0
Hinjewadi,Swargate,12,0,0,3019,18638,0,22.22484266313349,0.0,1
Hinjewadi,Swargate,12,0,1,3731,25788,0,24.88255159474672,0.0,0
Hinjewadi,Swargate,12,0,2,3955,25288,0,23.018154235145385,0.0,0
Hinjewadi,Swargate,14,0,0,2885,18638,0,23.257123050259967,0.0,1
Hinjewadi,Swargate,14,0,1,3365,25523,0,27.305438335809807,0.0,0
Hinjewadi,Swargate,14,0,2,3635,21072,0,20.86910591471802,0.0,0
Hinjewadi,Swargate,16,0,0,3062,18638,0,21.912736773350755,0.0,1
Hinjewadi,Swargate,16,0,1,3530,25474,0,25.97915014164306,0.0,0
Hinjewadi,Swargate,16,0,2,4006,25438,0,22.8599101347978,0.0,0
Hinjewadi,Swargate,18,0,0,3514,18638,0,19.094137734775185,0.0,1
Hinjewadi,Swargate,18,0,1,4125,25469,0,22.22749090909091,0.0,0
Hinjewadi,Swargate,18,0,2,4426,24554,0,19.971622232263897,0.0,0
Hinjewadi,Swargate,20,0,0,2903,18638,0,23.11291767137444,0.0,1
Hinjewadi,Swargate,20,0,1,3461,25227,0,26.240161802947128,0.0,0
Hinjewadi,Swargate,20,0,2,3737,26494,0,25.522718758362323,0.0,0
Hinjewadi,Swargate,22,0,0,2142,18638,0,31.32436974789917,0.0,1
Hinjewadi,Swargate,22,0,1,2617,25230,0,34.70691631639282,0.0,0
Hinjewadi,Swargate,22,0,2,2691,20400,0,27.290969899665548,0.0,0
Hinjewadi,Swargate,0,1,0,2142,18638,0,31.32436974789917,0.0,1
Hinjewadi,Swargate,0,1,1,2617,25230,0,34.70691631639282,0.0,0
Hinjewadi,Swargate,0,1,2,2691,20400,0,27.290969899665548,0.0,0
Hinjewadi,Swargate,6,1,0,2181,18638,0,30.76423658872077,0.0,1
Hinjewadi,Swargate,6,1,1,2681,25230,0,33.87840358075346,0.0,0
Hinjewadi,Swargate,6,1,2,2741,20400,0,26.79314118934695,0.0,0
Hinjewadi,Swargate,8,1,0,2525,18638,0,26.572990099009907,0.0,1
Hinjewadi,Swargate,8,1,1,3182,25227,0,28.540917661847896,0.0,0
Hinjewadi,Swargate,8,1,2,3279,24885,0,27.32113449222324,0.0,0
Hinjewadi,Swargate,10,1,0,2800,18638,0,23.96314285714286,0.0,1
Hinjewadi,Swargate,10,1,1,3569,25793,0,26.01703558419725,0.0,0
Hinjewadi,Swargate,10,1,2,3574,24885,0,25.066032456631227,0.0,0
Hinjewadi,Swargate,12,1,0,3026,18638,0,22.1734302709848,0.0,1
Hinjewadi,Swargate,12,1,1,3717,25793,0,24.981113801452786,0.0,0
Hinjewadi,Swargate,12,1,2,3943,25438,0,23.225158508749683,0.0,0
Hinjewadi,Swargate,14,1,0,2950,18638,0,22.744677966101698,0.0,1
Hinjewadi,Swargate,14,1,1,3365,25853,0,27.65848439821694,0.0,0
Hinjewadi,Swargate,14,1,2,3629,21072,0,20.903609809864975,0.0,0
Hinjewadi,Swargate,16,1,0,3108,19160,0,22.193050193050198,0.0,1
Hinjewadi,Swargate,16,1,1,3501,25474,0,26.19434447300771,0.0,0
Hinjewadi,Swargate,16,1,2,3971,24922,0,22.59360362629061,0.0,0
Hinjewadi,Swargate,18,1,0,3432,18638,0,19.55034965034965,0.0,1
Hinjewadi,Swargate,18,1,1,4047,25469,0,22.655893254262416,0.0,0
Hinjewadi,Swargate,18,1,2,4228,23557,0,20.05799432355724,0.0,0
Hinjewadi,Swargate,20,1,0,2834,18638,0,23.675652787579395,0.0,1
Hinjewadi,Swargate,20,1,1,3452,25227,0,26.30857473928157,0.0,0
Hinjewadi,Swargate,20,1,2,3751,26306,0,25.247027459344174,0.0,0
Hinjewadi,Swargate,22,1,0,2142,18638,0,31.32436974789917,0.0,1
Hinjewadi,Swargate,22,1,1,2617,25230,0,34.70691631639282,0.0,0
Hinjewadi,Swargate,22,1,2,2691,20400,0,27.290969899665548,0.0,0
Hinjewadi,Swargate,0,2,0,2142,18638,0,31.32436974789917,0.0,1
Hinjewadi,Swargate,0,2,1,2617,25230,0,34.70691631639282,0.0,0
Hinjewadi,Swargate,0,2,2,2691,20400,0,27.290969899665548,0.0,0
Hinjewadi,Swargate,6,2,0,2177,18638,0,30.82076251722554,0.0,1
Hinjewadi,Swargate,6,2,1,2681,25230,0,33.87840358075346,0.0,0
Hinjewadi,Swargate,6,2,2,2737,20400,0,26.83229813664596,0.0,0
Hinjewadi,Swargate,8,2,0,2491,18638,0,26.93568847852268,0.0,1
Hinjewadi,Swargate,8,2,1,3197,25227,0,28.407006568658115,0.0,0
Hinjewadi,Swargate,8,2,2,3091,20400,0,23.75930119702361,0.0,0
Hinjewadi,Swargate,10,2,0,2754,18638,0,24.36339869281046,0.0,1
Hinjewadi,Swargate,10,2,1,3562,25776,0,26.05098259404829,0.0,0
Hinjewadi,Swargate,10,2,2,3374,20400,0,21.76644931831654,0.0,0
Hinjewadi,Swargate,12,2,0,3007,18638,0,22.31353508480213,0.0,1
Hinjewadi,Swargate,12,2,1,3734,25788,0,24.862560257096945,0.0,0
Hinjewadi,Swargate,12,2,2,3960,25288,0,22.98909090909091,0.0,0
Hinjewadi,Swargate,14,2,0,2913,18638,0,23.033573635427395,0.0,1
Hinjewadi,Swargate,14,2,1,3427,25850,0,27.154946016924423,0.0,0
Hinjewadi,Swargate,14,2,2,3763,22571,0,21.593303215519533,0.0,0
Hinjewadi,Swargate,16,2,0,3083,18638,0,21.76347713266299,0.0,1
Hinjewadi,Swargate,16,2,1,3588,25746,0,25.832107023411368,0.0,0
Hinjewadi,Swargate,16,2,2,3784,20922,0,19.9046511627907,0.0,0
Hinjewadi,Swargate,18,2,0,3505,18638,0,19.14316690442225,0.0,1
Hinjewadi,Swargate,18,2,1,4167,25469,0,22.00345572354212,0.0,0
Hinjewadi,Swargate,18,2,2,4317,24575,0,20.493398193189712,0.0,0
Hinjewadi,Swargate,20,2,0,2903,18638,0,23.11291767137444,0.0,1
Hinjewadi,Swargate,20,2,1,3477,25227,0,26.11941328731665,0.0,0
Hinjewadi,Swargate,20,2,2,3873,27879,0,25.9138652207591,0.0,0
Hinjewadi,Swargate,22,2,0,2142,18638,0,31.32436974789917,0.0,1
Hinjewadi,Swargate,22,2,1,2617,25230,0,34.70691631639282,0.0,0
Hinjewadi,Swargate,22,2,2,2691,20400,0,27.290969899665548,0.0,0
Hinjewadi,Swargate,0,3,0,2142,18638,0,31.32436974789917,0.0,1
Hinjewadi,Swargate,0,3,1,2617,25230,0,34.70691631639282,0.0,0
Hinjewadi,Swargate,0,3,2,2690,20400,0,27.301115241635685,0.0,0
Hinjewadi,Swargate,6,3,0,2182,18638,0,30.75013748854262,0.0,1
Hinjewadi,Swargate,6,3,1,2678,25230,0,33.916355489171025,0.0,0
Hinjewadi,Swargate,6,3,2,2735,20400,0,26.851919561243143,0.0,0
Hinjewadi,Swargate,8,3,0,2414,18638,0,27.79486329743165,0.0,1
Hinjewadi,Swargate,8,3,1,3090,25230,0,29.394174757281554,0.0,0
Hinjewadi,Swargate,8,3,2,3007,20400,0,24.42301296973728,0.0,0
Hinjewadi,Swargate,10,3,0,2741,18638,0,24.47894928858081,0.0,1
Hinjewadi,Swargate,10,3,1,3482,25523,0,26.38793796668581,0.0,0
Hinjewadi,Swargate,10,3,2,3654,26306,0,25.917241379310347,0.0,0
Hinjewadi,Swargate,12,3,0,3147,18638,0,21.320877025738803,0.0,1
Hinjewadi,Swargate,12,3,1,3814,25784,0,24.337283691662297,0.0,0
Hinjewadi,Swargate,12,3,2,3673,22443,0,21.99695072148108,0.0,0
Hinjewadi,Swargate,14,3,0,3200,19310,0,21.72375,0.0,1
Hinjewadi,Swargate,14,3,1,3679,25789,0,25.23522696384887,0.0,0
Hinjewadi,Swargate,14,3,2,3665,20608,0,20.242510231923603,0.0,0
Hinjewadi,Swargate,16,3,0,3266,19160,0,21.119412124923453,0.0,1
Hinjewadi,Swargate,16,3,1,3809,25784,0,24.369230769230768,0.0,0
Hinjewadi,Swargate,16,3,2,3809,20608,0,19.47723812024153,0.0,0
Hinjewadi,Swargate,18,3,0,3355,19160,0,20.559165424739195,0.0,1
Hinjewadi,Swargate,18,3,1,4197,25741,0,22.0794853466762,0.0,0
Hinjewadi,Swargate,18,3,2,3883,21927,0,20.32892093741952,0.0,0
Hinjewadi,Swargate,20,3,0,2794,18638,0,24.01460272011453,0.0,1
Hinjewadi,Swargate,20,3,1,3531,25227,0,25.71996601529312,0.0,0
Hinjewadi,Swargate,20,3,2,3708,26306,0,25.53980582524272,0.0,0
Hinjewadi,Swargate,22,3,0,2142,18638,0,31.32436974789917,0.0,1
Hinjewadi,Swargate,22,3,1,2617,25230,0,34.70691631639282,0.0,0
Hinjewadi,Swargate,22,3,2,2690,20400,0,27.301115241635685,0.0,0
Hinjewadi,Swargate,0,4,0,2142,18638,0,31.32436974789917,0.0,1
Hinjewadi,Swargate,0,4,1,2617,25230,0,34.70691631639282,0.0,0
Hinjewadi,Swargate,0,4,2,2690,20400,0,27.301115241635685,0.0,0
Hinjewadi,Swargate,6,4,0,2174,18638,0,30.863293468261272,0.0,1
Hinjewadi,Swargate,6,4,1,2668,25230,0,34.04347826086956,0.0,0
Hinjewadi,Swargate,6,4,2,2730,20400,0,26.9010989010989,0.0,0
Hinjewadi,Swargate,8,4,0,2336,18638,0,28.72294520547945,0.0,1
Hinjewadi,Swargate,8,4,1,2910,25230,0,31.212371134020614,0.0,0
Hinjewadi,Swargate,8,4,2,3142,26306,0,30.14054742202419,0.0,0
Hinjewadi,Swargate,10,4,0,2549,18638,0,26.32279325225579,0.0,1
Hinjewadi,Swargate,10,4,1,3107,25480,0,29.523012552301257,0.0,0
Hinjewadi,Swargate,10,4,2,3247,22351,0,24.78090545118571,0.0,0
Hinjewadi,Swargate,12,4,0,2747,19160,0,25.109574080815435,0.0,1
Hinjewadi,Swargate,12,4,1,3289,25476,0,27.88494983277592,0.0,0
Hinjewadi,Swargate,12,4,2,3118,21992,0,25.391661321359845,0.0,0
Hinjewadi,Swargate,14,4,0,2741,19310,0,25.361546880700477,0.0,1
Hinjewadi,Swargate,14,4,1,3216,25811,0,28.8929104477612,0.0,0
Hinjewadi,Swargate,14,4,2,3133,21992,0,25.27009256303862,0.0,0
Hinjewadi,Swargate,16,4,0,2806,19160,0,24.581610833927297,0.0,1
Hinjewadi,Swargate,16,4,1,3289,25750,0,28.184858619641226,0.0,0
Hinjewadi,Swargate,16,4,2,3233,21992,0,24.4884627281163,0.0,0
Hinjewadi,Swargate,18,4,0,2943,19160,0,23.43730886850153,0.0,1
Hinjewadi,Swargate,18,4,1,3533,25749,0,26.237305406170396,0.0,0
Hinjewadi,Swargate,18,4,2,3428,23311,0,24.480630105017504,0.0,0
Hinjewadi,Swargate,20,4,0,2602,18638,0,25.786625672559573,0.0,1
Hinjewadi,Swargate,20,4,1,3221,25227,0,28.19534306116113,0.0,0
Hinjewadi,Swargate,20,4,2,3082,21992,0,25.68825438027255,0.0,0
Hinjewadi,Swargate,22,4,0,2142,18638,0,31.32436974789917,0.0,1
Hinjewadi,Swargate,22,4,1,2617,25230,0,34.70691631639282,0.0,0
Hinjewadi,Swargate,22,4,2,2690,20400,0,27.301115241635685,0.0,0
Hinjewadi,Swargate,0,5,0,2142,18638,0,31.32436974789917,0.0,1
Hinjewadi,Swargate,0,5,1,2617,25230,0,34.70691631639282,0.0,0
Hinjewadi,Swargate,0,5,2,2691,20400,0,27.290969899665548,0.0,0
Hinjewadi,Swargate,6,5,0,2179,18638,0,30.79247361174851,0.0,1
Hinjewadi,Swargate,6,5,1,2683,25230,0,33.85314945956019,0.0,0
Hinjewadi,Swargate,6,5,2,2739,20400,0,26.81270536692223,0.0,0
Hinjewadi,Swargate,8,5,0,2509,18638,0,26.742447190115584,0.0,1
Hinjewadi,Swargate,8,5,1,3188,25227,0,28.487202007528232,0.0,0
Hinjewadi,Swargate,8,5,2,3260,24922,0,27.52122699386503,0.0,0
Hinjewadi,Swargate,10,5,0,2773,18638,0,24.196465921384785,0.0,1
Hinjewadi,Swargate,10,5,1,3549,25445,0,25.810650887573964,0.0,0
Hinjewadi,Swargate,10,5,2,3558,24885,0,25.178752107925803,0.0,0
Hinjewadi,Swargate,12,5,0,2946,18638,0,22.775560081466395,0.0,1
Hinjewadi,Swargate,12,5,1,3680,25788,0,25.22739130434783,0.0,0
Hinjewadi,Swargate,12,5,2,3909,25288,0,23.28902532617037,0.0,0
Hinjewadi,Swargate,14,5,0,2818,18638,0,23.81007806955288,0.0,1
Hinjewadi,Swargate,14,5,1,3354,25795,0,27.68694096601073,0.0,0
Hinjewadi,Swargate,14,5,2,3588,21072,0,21.14247491638796,0.0,0
Hinjewadi,Swargate,16,5,0,2970,18638,0,22.591515151515157,0.0,1
Hinjewadi,Swargate,16,5,1,3496,25746,0,26.511899313501143,0.0,0
Hinjewadi,Swargate,16,5,2,3918,25438,0,23.37335375191424,0.0,0
Hinjewadi,Swargate,18,5,0,3314,18638,0,20.24646952323476,0.0,1
Hinjewadi,Swargate,18,5,1,4020,25469,0,22.80805970149254,0.0,0
Hinjewadi,Swargate,18,5,2,4122,21434,0,18.719650655021837,0.0,0
Hinjewadi,Swargate,20,5,0,2793,18638,0,24.023200859291087,0.0,1
Hinjewadi,Swargate,20,5,1,3381,25230,0,26.8642413487134,0.0,0
Hinjewadi,Swargate,20,5,2,3374,20911,0,22.311677534084176,0.0,0
Hinjewadi,Swargate,22,5,0,2142,18638,0,31.32436974789917,0.0,1
Hinjewadi,Swargate,22,5,1,2617,25230,0,34.70691631639282,0.0,0
Hinjewadi,Swargate,22,5,2,2691,20400,0,27.290969899665548,0.0,0
Hinjewadi,Swargate,0,6,0,2142,18638,0,31.32436974789917,0.0,1
Hinjewadi,Swargate,0,6,1,2617,25230,0,34.70691631639282,0.0,0
Hinjewadi,Swargate,0,6,2,2691,20400,0,27.290969899665548,0.0,0
Hinjewadi,Swargate,6,6,0,2181,18638,0,30.76423658872077,0.0,1
Hinjewadi,Swargate,6,6,1,2686,25230,0,33.81533879374535,0.0,0
Hinjewadi,Swargate,6,6,2,2742,20400,0,26.78336980306345,0.0,0
Hinjewadi,Swargate,8,6,0,2555,18638,0,26.26097847358121,0.0,1
Hinjewadi,Swargate,8,6,1,3238,25227,0,28.0473131562693,0.0,0
Hinjewadi,Swargate,8,6,2,3302,24922,0,27.17116898849182,0.0,0
Hinjewadi,Swargate,10,6,0,2860,18638,0,23.460419580419583,0.0,1
Hinjewadi,Swargate,10,6,1,3646,25793,0,25.467580910586943,0.0,0
Hinjewadi,Swargate,10,6,2,3628,24922,0,24.72965821389195,0.0,0
Hinjewadi,Swargate,12,6,0,3044,18638,0,22.042312746386337,0.0,1
Hinjewadi,Swargate,12,6,1,3759,25788,0,24.697206703910613,0.0,0
Hinjewadi,Swargate,12,6,2,4016,25438,0,22.80298804780876,0.0,0
Hinjewadi,Swargate,14,6,0,2904,18638,0,23.104958677685957,0.0,1
Hinjewadi,Swargate,14,6,1,3380,25523,0,27.184260355029583,0.0,0
Hinjewadi,Swargate,14,6,2,3647,21072,0,20.800438716753494,0.0,0
Hinjewadi,Swargate,16,6,0,3083,18638,0,21.76347713266299,0.0,1
Hinjewadi,Swargate,16,6,1,3536,25448,0,25.908597285067877,0.0,0
Hinjewadi,Swargate,16,6,2,4001,25438,0,22.888477880529862,0.0,0
Hinjewadi,Swargate,18,6,0,3464,18638,0,19.369745958429565,0.0,1
Hinjewadi,Swargate,18,6,1,4115,25469,0,22.28150668286756,0.0,0
Hinjewadi,Swargate,18,6,2,4113,23191,0,20.29846827133479,0.0,0
Hinjewadi,Swargate,20,6,0,2853,18638,0,23.51798107255521,0.0,1
Hinjewadi,Swargate,20,6,1,3445,25230,0,26.365166908563133,0.0,0
Hinjewadi,Swargate,20,6,2,3862,27879,0,25.987674779906783,0.0,0
Hinjewadi,Swargate,22,6,0,2142,18638,0,31.32436974789917,0.0,1
Hinjewadi,Swargate,22,6,1,2617,25230,0,34.70691631639282,0.0,0
Hinjewadi,Swargate,22,6,2,2691,20400,0,27.290969899665548,0.0,0
Hinjewadi,Kothrud,0,0,0,1753,18631,0,38.26103822019395,0.0,1
Hinjewadi,Kothrud,0,0,1,2100,19501,0,33.43028571428572,0.0,0
Hinjewadi,Kothrud,0,0,2,2017,17729,0,31.643232523549827,0.0,0
Hinjewadi,Kothrud,6,0,0,1783,18631,0,37.617274256870445,0.0,1
Hinjewadi,Kothrud,6,0,1,2140,19501,0,32.80542056074766,0.0,0
Hinjewadi,Kothrud,6,0,2,2050,17729,0,31.133853658536584,0.0,0
Hinjewadi,Kothrud,8,0,0,2039,18627,0,32.8872976949485,0.0,1
Hinjewadi,Kothrud,8,0,1,2563,19501,0,27.39118220834959,0.0,0
Hinjewadi,Kothrud,8,0,2,2355,17729,0,27.101656050955413,0.0,0
Hinjewadi,Kothrud,10,0,0,2219,18903,0,30.66732762505633,0.0,1
Hinjewadi,Kothrud,10,0,1,2765,19501,0,25.3900904159132,0.0,0
Hinjewadi,Kothrud,10,0,2,2359,17995,0,27.461636286562104,0.0,0
Hinjewadi,Kothrud,12,0,0,2313,18903,0,29.42101167315175,0.0,1
Hinjewadi,Kothrud,12,0,1,2892,19501,0,24.275103734439835,0.0,0
Hinjewadi,Kothrud,12,0,2,2454,17995,0,26.398533007334965,0.0,0
Hinjewadi,Kothrud,14,0,0,2070,18631,0,32.401739130434784,0.0,1
Hinjewadi,Kothrud,14,0,1,2647,19501,0,26.521949376652817,0.0,0
Hinjewadi,Kothrud,14,0,2,2376,17729,0,26.86212121212121,0.0,0
Hinjewadi,Kothrud,16,0,0,2157,18627,0,31.08817802503477,0.0,1
Hinjewadi,Kothrud,16,0,1,2830,19501,0,24.806925795053004,0.0,0
Hinjewadi,Kothrud,16,0,2,2491,17729,0,25.62199919710959,0.0,0
Hinjewadi,Kothrud,18,0,0,2681,18627,0,25.01201044386423,0.0,1
Hinjewadi,Kothrud,18,0,1,3502,19501,0,20.04671616219304,0.0,0
Hinjewadi,Kothrud,18,0,2,3070,17729,0,20.78970684039088,0.0,0
Hinjewadi,Kothrud,20,0,0,2299,18627,0,29.16798608090474,0.0,1
Hinjewadi,Kothrud,20,0,1,2882,19501,0,24.35933379597502,0.0,0
Hinjewadi,Kothrud,20,0,2,2449,17723,0,26.05259289505921,0.0,0
Hinjewadi,Kothrud,22,0,0,1753,18631,0,38.26103822019395,0.0,1
Hinjewadi,Kothrud,22,0,1,2100,19501,0,33.43028571428572,0.0,0
Hinjewadi,Kothrud,22,0,2,2017,17729,0,31.643232523549827,0.0,0
Hinjewadi,Kothrud,0,1,0,1753,18631,0,38.26103822019395,0.0,1
Hinjewadi,Kothrud,0,1,1,2100,19501,0,33.43028571428572,0.0,0
Hinjewadi,Kothrud,0,1,2,2017,17729,0,31.643232523549827,0.0,0
Hinjewadi,Kothrud,6,1,0,1782,18631,0,37.63838383838384,0.0,1
Hinjewadi,Kothrud,6,1,1,2140,19501,0,32.80542056074766,0.0,0
Hinjewadi,Kothrud,6,1,2,2048,17729,0,31.1642578125,0.0,0
Hinjewadi,Kothrud,8,1,0,2024,18627,0,33.13102766798419,0.0,1
Hinjewadi,Kothrud,8,1,1,2541,19501,0,27.628335301062577,0.0,0
Hinjewadi,Kothrud,8,1,2,2329,17729,0,27.404207814512667,0.0,0
Hinjewadi,Kothrud,10,1,0,2200,18903,0,30.93218181818181,0.0,1
Hinjewadi,Kothrud,10,1,1,2758,19501,0,25.454532269760698,0.0,0
Hinjewadi,Kothrud,10,1,2,2543,18002,0,25.484545812033037,0.0,0
Hinjewadi,Kothrud,12,1,0,2293,18903,0,29.67762756214566,0.0,1
Hinjewadi,Kothrud,12,1,1,2882,19501,0,24.35933379597502,0.0,0
Hinjewadi,Kothrud,12,1,2,2431,17995,0,26.648292883587004,0.0,0
Hinjewadi,Kothrud,14,1,0,2060,18903,0,33.03436893203884,0.0,1
Hinjewadi,Kothrud,14,1,1,2631,19501,0,26.68323831242873,0.0,0
Hinjewadi,Kothrud,14,1,2,2369,18002,0,27.356352891515407,0.0,0
Hinjewadi,Kothrud,16,1,0,2134,18627,0,31.4232427366448,0.0,1
Hinjewadi,Kothrud,16,1,1,2794,19501,0,25.12655690765927,0.0,0
Hinjewadi,Kothrud,16,1,2,2449,17729,0,26.06141282155982,0.0,0
Hinjewadi,Kothrud,18,1,0,2608,18627,0,25.712116564417176,0.0,1
Hinjewadi,Kothrud,18,1,1,3368,19501,0,20.844299287410927,0.0,0
Hinjewadi,Kothrud,18,1,2,2959,17729,0,21.569584319026696,0.0,0
Hinjewadi,Kothrud,20,1,0,2296,18627,0,29.206097560975607,0.0,1
Hinjewadi,Kothrud,20,1,1,2811,19501,0,24.97459978655283,0.0,0
Hinjewadi,Kothrud,20,1,2,2650,17729,0,24.084679245283017,0.0,0
Hinjewadi,Kothrud,22,1,0,1753,18631,0,38.26103822019395,0.0,1
Hinjewadi,Kothrud,22,1,1,2100,19501,0,33.43028571428572,0.0,0
Hinjewadi,Kothrud,22,1,2,2017,17729,0,31.643232523549827,0.0,0
Hinjewadi,Kothrud,0,2,0,1753,18631,0,38.26103822019395,0.0,1
Hinjewadi,Kothrud,0,2,1,2100,19501,0,33.43028571428572,0.0,0
Hinjewadi,Kothrud,0,2,2,2017,17729,0,31.643232523549827,0.0,0
Hinjewadi,Kothrud,6,2,0,1781,18631,0,37.65951712521056,0.0,1
Hinjewadi,Kothrud,6,2,1,2138,19501,0,32.83610851262863,0.0,0
Hinjewadi,Kothrud,6,2,2,2050,17729,0,31.133853658536584,0.0,0
Hinjewadi,Kothrud,8,2,0,2047,18627,0,32.75876893014167,0.0,1
Hinjewadi,Kothrud,8,2,1,2516,19501,0,27.902861685214628,0.0,0
Hinjewadi,Kothrud,8,2,2,2353,17729,0,27.12469188270293,0.0,0
Hinjewadi,Kothrud,10,2,0,2200,18903,0,30.93218181818181,0.0,1
Hinjewadi,Kothrud,10,2,1,2717,19501,0,25.83864556496136,0.0,0
Hinjewadi,Kothrud,10,2,2,2537,18002,0,25.544816712652736,0.0,0
Hinjewadi,Kothrud,12,2,0,2312,18903,0,29.43373702422145,0.0,1
Hinjewadi,Kothrud,12,2,1,2892,19501,0,24.275103734439835,0.0,0
Hinjewadi,Kothrud,12,2,2,2451,17995,0,26.430844553243578,0.0,0
Hinjewadi,Kothrud,14,2,0,2113,18900,0,32.20066256507335,0.0,1
Hinjewadi,Kothrud,14,2,1,2648,19501,0,26.511933534743207,0.0,0
Hinjewadi,Kothrud,14,2,2,2421,18002,0,26.768773234200744,0.0,0
Hinjewadi,Kothrud,16,2,0,2207,18900,0,30.829179882193017,0.0,1
Hinjewadi,Kothrud,16,2,1,2808,19501,0,25.00128205128205,0.0,0
Hinjewadi,Kothrud,16,2,2,2512,18002,0,25.799044585987257,0.0,0
Hinjewadi,Kothrud,18,2,0,2727,18627,0,24.59009900990099,0.0,1
Hinjewadi,Kothrud,18,2,1,3521,19501,0,19.938540187446748,0.0,0
Hinjewadi,Kothrud,18,2,2,3080,17729,0,20.722207792207797,0.0,0
Hinjewadi,Kothrud,20,2,0,2324,18627,0,28.85421686746988,0.0,1
Hinjewadi,Kothrud,20,2,1,2905,19501,0,24.166471600688467,0.0,0
Hinjewadi,Kothrud,20,2,2,2670,17729,0,23.904269662921347,0.0,0
Hinjewadi,Kothrud,22,2,0,1753,18631,0,38.26103822019395,0.0,1
Hinjewadi,Kothrud,22,2,1,2100,19501,0,33.43028571428572,0.0,0
Hinjewadi,Kothrud,22,2,2,2017,17729,0,31.643232523549827,0.0,0
Hinjewadi,Kothrud,0,3,0,1753,18631,0,38.26103822019395,0.0,1
Hinjewadi,Kothrud,0,3,1,2100,19501,0,33.43028571428572,0.0,0
Hinjewadi,Kothrud,0,3,2,2017,17729,0,31.643232523549827,0.0,0
Hinjewadi,Kothrud,6,3,0,1776,18631,0,37.76554054054054,0.0,1
Hinjewadi,Kothrud,6,3,1,2140,19501,0,32.80542056074766,0.0,0
Hinjewadi,Kothrud,6,3,2,2044,17729,0,31.225244618395298,0.0,0
Hinjewadi,Kothrud,8,3,0,1973,18631,0,33.99472883933097,0.0,1
Hinjewadi,Kothrud,8,3,1,2405,19501,0,29.190686070686077,0.0,0
Hinjewadi,Kothrud,8,3,2,2264,17729,0,28.190989399293283,0.0,0
Hinjewadi,Kothrud,10,3,0,2144,18631,0,31.283395522388066,0.0,1
Hinjewadi,Kothrud,10,3,1,2633,19501,0,26.66296999620205,0.0,0
Hinjewadi,Kothrud,10,3,2,2463,17729,0,25.913276492082822,0.0,0
Hinjewadi,Kothrud,12,3,0,2356,18900,0,28.87945670628183,0.0,1
Hinjewadi,Kothrud,12,3,1,2893,19501,0,24.26671275492568,0.0,0
Hinjewadi,Kothrud,12,3,2,2704,18002,0,23.96715976331361,0.0,0
Hinjewadi,Kothrud,14,3,0,2284,18900,0,29.789842381786336,0.0,1
Hinjewadi,Kothrud,14,3,1,2842,19501,0,24.70218156228009,0.0,0
Hinjewadi,Kothrud,14,3,2,2401,17995,0,26.98125780924615,0.0,0
Hinjewadi,Kothrud,16,3,0,2388,18900,0,28.492462311557787,0.0,1
Hinjewadi,Kothrud,16,3,1,2947,19501,0,23.822056328469632,0.0,0
Hinjewadi,Kothrud,16,3,2,2736,18002,0,23.68684210526316,0.0,0
Hinjewadi,Kothrud,18,3,0,2764,18900,0,24.616497829232998,0.0,1
Hinjewadi,Kothrud,18,3,1,3156,19501,0,22.244486692015208,0.0,0
Hinjewadi,Kothrud,18,3,2,3118,18002,0,20.784862091084022,0.0,0
Hinjewadi,Kothrud,20,3,0,2372,18627,0,28.270320404721755,0.0,1
Hinjewadi,Kothrud,20,3,1,2731,19501,0,25.70618820944709,0.0,0
Hinjewadi,Kothrud,20,3,2,2689,17729,0,23.73536630717739,0.0,0
Hinjewadi,Kothrud,22,3,0,1753,18631,0,38.26103822019395,0.0,1
Hinjewadi,Kothrud,22,3,1,2100,19501,0,33.43028571428572,0.0,0
Hinjewadi,Kothrud,22,3,2,2017,17729,0,31.643232523549827,0.0,0
Hinjewadi,Kothrud,0,4,0,1753,18631,0,38.26103822019395,0.0,1
Hinjewadi,Kothrud,0,4,1,2100,19501,0,33.43028571428572,0.0,0
Hinjewadi,Kothrud,0,4,2,2017,17729,0,31.643232523549827,0.0,0
Hinjewadi,Kothrud,6,4,0,1774,18631,0,37.808117249154456,0.0,1
Hinjewadi,Kothrud,6,4,1,2128,19501,0,32.990413533834584,0.0,0
Hinjewadi,Kothrud,6,4,2,2038,17729,0,31.31717369970559,0.0,0
Hinjewadi,Kothrud,8,4,0,1896,18631,0,35.37531645569621,0.0,1
Hinjewadi,Kothrud,8,4,1,2256,19501,0,31.118617021276595,0.0,0
Hinjewadi,Kothrud,8,4,2,2163,17729,0,29.50735090152566,0.0,0
Hinjewadi,Kothrud,10,4,0,1973,18631,0,33.99472883933097,0.0,1
Hinjewadi,Kothrud,10,4,1,2380,19501,0,29.49731092436975,0.0,0
Hinjewadi,Kothrud,10,4,2,2243,17729,0,28.454926437806503,0.0,0
Hinjewadi,Kothrud,12,4,0,2069,18627,0,32.4104398260029,0.0,1
Hinjewadi,Kothrud,12,4,1,2534,19501,0,27.70465666929756,0.0,0
Hinjewadi,Kothrud,12,4,2,2340,17729,0,27.275384615384613,0.0,0
Hinjewadi,Kothrud,14,4,0,2005,18903,0,33.94054862842892,0.0,1
Hinjewadi,Kothrud,14,4,1,2527,19501,0,27.781400870597547,0.0,0
Hinjewadi,Kothrud,14,4,2,2273,18002,0,28.51174659040915,0.0,0
Hinjewadi,Kothrud,16,4,0,2056,18903,0,33.09863813229572,0.0,1
Hinjewadi,Kothrud,16,4,1,2599,19501,0,27.01177375913813,0.0,0
Hinjewadi,Kothrud,16,4,2,2329,18002,0,27.82619149849721,0.0,0
Hinjewadi,Kothrud,18,4,0,2255,18900,0,30.17294900221729,0.0,1
Hinjewadi,Kothrud,18,4,1,2741,19501,0,25.612404232032105,0.0,0
Hinjewadi,Kothrud,18,4,2,2534,18002,0,25.575059194948697,0.0,0
Hinjewadi,Kothrud,20,4,0,2125,18627,0,31.556329411764704,0.0,1
Hinjewadi,Kothrud,20,4,1,2530,19501,0,27.74845849802372,0.0,0
Hinjewadi,Kothrud,20,4,2,2400,17729,0,26.5935,0.0,0
Hinjewadi,Kothrud,22,4,0,1753,18631,0,38.26103822019395,0.0,1
Hinjewadi,Kothrud,22,4,1,2100,19501,0,33.43028571428572,0.0,0
Hinjewadi,Kothrud,22,4,2,2017,17729,0,31.643232523549827,0.0,0
Hinjewadi,Kothrud,0,5,0,1753,18631,0,38.26103822019395,0.0,1
Hinjewadi,Kothrud,0,5,1,2100,19501,0,33.43028571428572,0.0,0
Hinjewadi,Kothrud,0,5,2,2017,17729,0,31.643232523549827,0.0,0
Hinjewadi,Kothrud,6,5,0,1782,18631,0,37.63838383838384,0.0,1
Hinjewadi,Kothrud,6,5,1,2139,19501,0,32.82075736325386,0.0,0
Hinjewadi,Kothrud,6,5,2,2050,17729,0,31.133853658536584,0.0,0
Hinjewadi,Kothrud,8,5,0,2022,18627,0,33.16379821958457,0.0,1
Hinjewadi,Kothrud,8,5,1,2540,19501,0,27.6392125984252,0.0,0
Hinjewadi,Kothrud,8,5,2,2330,17729,0,27.392446351931326,0.0,0
Hinjewadi,Kothrud,10,5,0,2166,18631,0,30.965650969529086,0.0,1
Hinjewadi,Kothrud,10,5,1,2732,19501,0,25.69677891654466,0.0,0
Hinjewadi,Kothrud,10,5,2,2308,17723,0,27.64419410745234,0.0,0
Hinjewadi,Kothrud,12,5,0,2256,18903,0,30.164361702127657,0.0,1
Hinjewadi,Kothrud,12,5,1,2855,19501,0,24.58970227670753,0.0,0
Hinjewadi,Kothrud,12,5,2,2398,17995,0,27.01501251042536,0.0,0
Hinjewadi,Kothrud,14,5,0,2047,18903,0,33.24416218856864,0.0,1
Hinjewadi,Kothrud,14,5,1,2618,19501,0,26.8157372039725,0.0,0
Hinjewadi,Kothrud,14,5,2,2327,18002,0,27.850107434464974,0.0,0
Hinjewadi,Kothrud,16,5,0,2121,18900,0,32.07920792079208,0.0,1
Hinjewadi,Kothrud,16,5,1,2773,19501,0,25.31684096646232,0.0,0
Hinjewadi,Kothrud,16,5,2,2442,18002,0,26.538574938574936,0.0,0
Hinjewadi,Kothrud,18,5,0,2582,18627,0,25.9710302091402,0.0,1
Hinjewadi,Kothrud,18,5,1,3341,19501,0,21.012750673451063,0.0,0
Hinjewadi,Kothrud,18,5,2,2948,17729,0,21.650067842605157,0.0,0
Hinjewadi,Kothrud,20,5,0,2243,18631,0,29.90263040570664,0.0,1
Hinjewadi,Kothrud,20,5,1,2806,19501,0,25.01910192444761,0.0,0
Hinjewadi,Kothrud,20,5,2,2396,17723,0,26.62888146911519,0.0,0
Hinjewadi,Kothrud,22,5,0,1753,18631,0,38.26103822019395,0.0,1
Hinjewadi,Kothrud,22,5,1,2100,19501,0,33.43028571428572,0.0,0
Hinjewadi,Kothrud,22,5,2,2017,17729,0,31.643232523549827,0.0,0
Hinjewadi,Kothrud,0,6,0,1753,18631,0,38.26103822019395,0.0,1
Hinjewadi,Kothrud,0,6,1,2100,19501,0,33.43028571428572,0.0,0
Hinjewadi,Kothrud,0,6,2,2017,17729,0,31.643232523549827,0.0,0
Hinjewadi,Kothrud,6,6,0,1783,18631,0,37.617274256870445,0.0,1
Hinjewadi,Kothrud,6,6,1,2141,19501,0,32.790098085007,0.0,0
Hinjewadi,Kothrud,6,6,2,2051,17729,0,31.118673817649924,0.0,0
Hinjewadi,Kothrud,8,6,0,2048,18627,0,32.7427734375,0.0,1
Hinjewadi,Kothrud,8,6,1,2586,19501,0,27.147563805104408,0.0,0
Hinjewadi,Kothrud,8,6,2,2368,17729,0,26.952871621621615,0.0,0
Hinjewadi,Kothrud,10,6,0,2230,18903,0,30.51605381165919,0.0,1
Hinjewadi,Kothrud,10,6,1,2809,19501,0,24.99238163047348,0.0,0
Hinjewadi,Kothrud,10,6,2,2373,17995,0,27.299620733249053,0.0,0
Hinjewadi,Kothrud,12,6,0,2319,18903,0,29.34489003880983,0.0,1
Hinjewadi,Kothrud,12,6,1,2924,19501,0,24.00943912448701,0.0,0
Hinjewadi,Kothrud,12,6,2,2463,17995,0,26.302070645554203,0.0,0
Hinjewadi,Kothrud,14,6,0,2067,18631,0,32.44876632801161,0.0,1
Hinjewadi,Kothrud,14,6,1,2644,19501,0,26.552042360060515,0.0,0
Hinjewadi,Kothrud,14,6,2,2381,17729,0,26.80571188576228,0.0,0
Hinjewadi,Kothrud,16,6,0,2150,18627,0,31.18939534883721,0.0,1
Hinjewadi,Kothrud,16,6,1,2843,19501,0,24.693492789307072,0.0,0
Hinjewadi,Kothrud,16,6,2,2483,17729,0,25.704550946435763,0.0,0
Hinjewadi,Kothrud,18,6,0,2658,18627,0,25.22844243792325,0.0,1
Hinjewadi,Kothrud,18,6,1,3497,19501,0,20.075378896196742,0.0,0
Hinjewadi,Kothrud,18,6,2,3047,17729,0,20.9466360354447,0.0,0
Hinjewadi,Kothrud,20,6,0,2284,18631,0,29.36584938704028,0.0,1
Hinjewadi,Kothrud,20,6,1,2865,19501,0,24.50387434554974,0.0,0
Hinjewadi,Kothrud,20,6,2,2439,17723,0,26.15940959409594,0.0,0
Hinjewadi,Kothrud,22,6,0,1753,18631,0,38.26103822019395,0.0,1
Hinjewadi,Kothrud,22,6,1,2100,19501,0,33.43028571428572,0.0,0
Hinjewadi,Kothrud,22,6,2,2017,17729,0,31.643232523549827,0.0,0
Hinjewadi,Kothrud,0,0,0,1753,18631,0,38.26103822019395,0.0,1
Hinjewadi,Kothrud,0,0,1,2100,19501,0,33.43028571428572,0.0,0
Hinjewadi,Kothrud,0,0,2,2017,17729,0,31.643232523549827,0.0,0
Hinjewadi,Kothrud,6,0,0,1783,18631,0,37.617274256870445,0.0,1
Hinjewadi,Kothrud,6,0,1,2140,19501,0,32.80542056074766,0.0,0
Hinjewadi,Kothrud,6,0,2,2050,17729,0,31.133853658536584,0.0,0
Hinjewadi,Kothrud,8,0,0,2039,18627,0,32.8872976949485,0.0,1
Hinjewadi,Kothrud,8,0,1,2563,19501,0,27.39118220834959,0.0,0
Hinjewadi,Kothrud,8,0,2,2355,17729,0,27.101656050955413,0.0,0
Hinjewadi,Kothrud,10,0,0,2219,18903,0,30.66732762505633,0.0,1
Hinjewadi,Kothrud,10,0,1,2765,19501,0,25.3900904159132,0.0,0
Hinjewadi,Kothrud,10,0,2,2359,17995,0,27.461636286562104,0.0,0
Hinjewadi,Kothrud,12,0,0,2313,18903,0,29.42101167315175,0.0,1
Hinjewadi,Kothrud,12,0,1,2892,19501,0,24.275103734439835,0.0,0
Hinjewadi,Kothrud,12,0,2,2454,17995,0,26.398533007334965,0.0,0
Hinjewadi,Kothrud,14,0,0,2070,18631,0,32.401739130434784,0.0,1
Hinjewadi,Kothrud,14,0,1,2647,19501,0,26.521949376652817,0.0,0
Hinjewadi,Kothrud,14,0,2,2376,17729,0,26.86212121212121,0.0,0
Hinjewadi,Kothrud,16,0,0,2157,18627,0,31.08817802503477,0.0,1
Hinjewadi,Kothrud,16,0,1,2830,19501,0,24.806925795053004,0.0,0
Hinjewadi,Kothrud,16,0,2,2491,17729,0,25.62199919710959,0.0,0
Hinjewadi,Kothrud,18,0,0,2681,18627,0,25.01201044386423,0.0,1
Hinjewadi,Kothrud,18,0,1,3502,19501,0,20.04671616219304,0.0,0
Hinjewadi,Kothrud,18,0,2,3070,17729,0,20.78970684039088,0.0,0
Hinjewadi,Kothrud,20,0,0,2299,18627,0,29.16798608090474,0.0,1
Hinjewadi,Kothrud,20,0,1,2882,19501,0,24.35933379597502,0.0,0
Hinjewadi,Kothrud,20,0,2,2449,17723,0,26.05259289505921,0.0,0
Hinjewadi,Kothrud,22,0,0,1753,18631,0,38.26103822019395,0.0,1
Hinjewadi,Kothrud,22,0,1,2100,19501,0,33.43028571428572,0.0,0
Hinjewadi,Kothrud,22,0,2,2017,17729,0,31.643232523549827,0.0,0
Hinjewadi,Kothrud,0,1,0,1753,18631,0,38.26103822019395,0.0,1
Hinjewadi,Kothrud,0,1,1,2100,19501,0,33.43028571428572,0.0,0
Hinjewadi,Kothrud,0,1,2,2017,17729,0,31.643232523549827,0.0,0
Hinjewadi,Kothrud,6,1,0,1782,18631,0,37.63838383838384,0.0,1
Hinjewadi,Kothrud,6,1,1,2140,19501,0,32.80542056074766,0.0,0
Hinjewadi,Kothrud,6,1,2,2048,17729,0,31.1642578125,0.0,0
Hinjewadi,Kothrud,8,1,0,2024,18627,0,33.13102766798419,0.0,1
Hinjewadi,Kothrud,8,1,1,2541,19501,0,27.628335301062577,0.0,0
Hinjewadi,Kothrud,8,1,2,2329,17729,0,27.404207814512667,0.0,0
Hinjewadi,Kothrud,10,1,0,2200,18903,0,30.93218181818181,0.0,1
Hinjewadi,Kothrud,10,1,1,2758,19501,0,25.454532269760698,0.0,0
Hinjewadi,Kothrud,10,1,2,2543,18002,0,25.484545812033037,0.0,0
Hinjewadi,Kothrud,12,1,0,2293,18903,0,29.67762756214566,0.0,1
Hinjewadi,Kothrud,12,1,1,2882,19501,0,24.35933379597502,0.0,0
Hinjewadi,Kothrud,12,1,2,2431,17995,0,26.648292883587004,0.0,0
Hinjewadi,Kothrud,14,1,0,2060,18903,0,33.03436893203884,0.0,1
Hinjewadi,Kothrud,14,1,1,2631,19501,0,26.68323831242873,0.0,0
Hinjewadi,Kothrud,14,1,2,2369,18002,0,27.356352891515407,0.0,0
Hinjewadi,Kothrud,16,1,0,2134,18627,0,31.4232427366448,0.0,1
Hinjewadi,Kothrud,16,1,1,2794,19501,0,25.12655690765927,0.0,0
Hinjewadi,Kothrud,16,1,2,2449,17729,0,26.06141282155982,0.0,0
Hinjewadi,Kothrud,18,1,0,2608,18627,0,25.712116564417176,0.0,1
Hinjewadi,Kothrud,18,1,1,3368,19501,0,20.844299287410927,0.0,0
Hinjewadi,Kothrud,18,1,2,2959,17729,0,21.569584319026696,0.0,0
Hinjewadi,Kothrud,20,1,0,2296,18627,0,29.206097560975607,0.0,1
Hinjewadi,Kothrud,20,1,1,2811,19501,0,24.97459978655283,0.0,0
Hinjewadi,Kothrud,20,1,2,2650,17729,0,24.084679245283017,0.0,0
Hinjewadi,Kothrud,22,1,0,1753,18631,0,38.26103822019395,0.0,1
Hinjewadi,Kothrud,22,1,1,2100,19501,0,33.43028571428572,0.0,0
Hinjewadi,Kothrud,22,1,2,2017,17729,0,31.643232523549827,0.0,0
Hinjewadi,Kothrud,0,2,0,1753,18631,0,38.26103822019395,0.0,1
Hinjewadi,Kothrud,0,2,1,2100,19501,0,33.43028571428572,0.0,0
Hinjewadi,Kothrud,0,2,2,2017,17729,0,31.643232523549827,0.0,0
Hinjewadi,Kothrud,6,2,0,1781,18631,0,37.65951712521056,0.0,1
Hinjewadi,Kothrud,6,2,1,2138,19501,0,32.83610851262863,0.0,0
Hinjewadi,Kothrud,6,2,2,2050,17729,0,31.133853658536584,0.0,0
Hinjewadi,Kothrud,8,2,0,2047,18627,0,32.75876893014167,0.0,1
Hinjewadi,Kothrud,8,2,1,2516,19501,0,27.902861685214628,0.0,0
Hinjewadi,Kothrud,8,2,2,2353,17729,0,27.12469188270293,0.0,0
Hinjewadi,Kothrud,10,2,0,2200,18903,0,30.93218181818181,0.0,1
Hinjewadi,Kothrud,10,2,1,2717,19501,0,25.83864556496136,0.0,0
Hinjewadi,Kothrud,10,2,2,2537,18002,0,25.544816712652736,0.0,0
Hinjewadi,Kothrud,12,2,0,2312,18903,0,29.43373702422145,0.0,1
Hinjewadi,Kothrud,12,2,1,2892,19501,0,24.275103734439835,0.0,0
Hinjewadi,Kothrud,12,2,2,2451,17995,0,26.430844553243578,0.0,0
Hinjewadi,Kothrud,14,2,0,2113,18900,0,32.20066256507335,0.0,1
Hinjewadi,Kothrud,14,2,1,2648,19501,0,26.511933534743207,0.0,0
Hinjewadi,Kothrud,14,2,2,2421,18002,0,26.768773234200744,0.0,0
Hinjewadi,Kothrud,16,2,0,2207,18900,0,30.829179882193017,0.0,1
Hinjewadi,Kothrud,16,2,1,2808,19501,0,25.00128205128205,0.0,0
Hinjewadi,Kothrud,16,2,2,2512,18002,0,25.799044585987257,0.0,0
Hinjewadi,Kothrud,18,2,0,2727,18627,0,24.59009900990099,0.0,1
Hinjewadi,Kothrud,18,2,1,3521,19501,0,19.938540187446748,0.0,0
Hinjewadi,Kothrud,18,2,2,3080,17729,0,20.722207792207797,0.0,0
Hinjewadi,Kothrud,20,2,0,2324,18627,0,28.85421686746988,0.0,1
Hinjewadi,Kothrud,20,2,1,2905,19501,0,24.166471600688467,0.0,0
Hinjewadi,Kothrud,20,2,2,2670,17729,0,23.904269662921347,0.0,0
Hinjewadi,Kothrud,22,2,0,1753,18631,0,38.26103822019395,0.0,1
Hinjewadi,Kothrud,22,2,1,2100,19501,0,33.43028571428572,0.0,0
Hinjewadi,Kothrud,22,2,2,2017,17729,0,31.643232523549827,0.0,0
Hinjewadi,Kothrud,0,3,0,1753,18631,0,38.26103822019395,0.0,1
Hinjewadi,Kothrud,0,3,1,2100,19501,0,33.43028571428572,0.0,0
Hinjewadi,Kothrud,0,3,2,2017,17729,0,31.643232523549827,0.0,0
Hinjewadi,Kothrud,6,3,0,1776,18631,0,37.76554054054054,0.0,1
Hinjewadi,Kothrud,6,3,1,2140,19501,0,32.80542056074766,0.0,0
Hinjewadi,Kothrud,6,3,2,2044,17729,0,31.225244618395298,0.0,0
Hinjewadi,Kothrud,8,3,0,1973,18631,0,33.99472883933097,0.0,1
Hinjewadi,Kothrud,8,3,1,2405,19501,0,29.190686070686077,0.0,0
Hinjewadi,Kothrud,8,3,2,2264,17729,0,28.190989399293283,0.0,0
Hinjewadi,Kothrud,10,3,0,2144,18631,0,31.283395522388066,0.0,1
Hinjewadi,Kothrud,10,3,1,2633,19501,0,26.66296999620205,0.0,0
Hinjewadi,Kothrud,10,3,2,2463,17729,0,25.913276492082822,0.0,0
Hinjewadi,Kothrud,12,3,0,2356,18900,0,28.87945670628183,0.0,1
Hinjewadi,Kothrud,12,3,1,2893,19501,0,24.26671275492568,0.0,0
Hinjewadi,Kothrud,12,3,2,2704,18002,0,23.96715976331361,0.0,0
Hinjewadi,Kothrud,14,3,0,2284,18900,0,29.789842381786336,0.0,1
Hinjewadi,Kothrud,14,3,1,2842,19501,0,24.70218156228009,0.0,0
Hinjewadi,Kothrud,14,3,2,2401,17995,0,26.98125780924615,0.0,0
Hinjewadi,Kothrud,16,3,0,2388,18900,0,28.492462311557787,0.0,1
Hinjewadi,Kothrud,16,3,1,2947,19501,0,23.822056328469632,0.0,0
Hinjewadi,Kothrud,16,3,2,2736,18002,0,23.68684210526316,0.0,0
Hinjewadi,Kothrud,18,3,0,2764,18900,0,24.616497829232998,0.0,1
Hinjewadi,Kothrud,18,3,1,3156,19501,0,22.244486692015208,0.0,0
Hinjewadi,Kothrud,18,3,2,3118,18002,0,20.784862091084022,0.0,0
Hinjewadi,Kothrud,20,3,0,2372,18627,0,28.270320404721755,0.0,1
Hinjewadi,Kothrud,20,3,1,2731,19501,0,25.70618820944709,0.0,0
Hinjewadi,Kothrud,20,3,2,2689,17729,0,23.73536630717739,0.0,0
Hinjewadi,Kothrud,22,3,0,1753,18631,0,38.26103822019395,0.0,1
Hinjewadi,Kothrud,22,3,1,2100,19501,0,33.43028571428572,0.0,0
Hinjewadi,Kothrud,22,3,2,2017,17729,0,31.643232523549827,0.0,0
Hinjewadi,Kothrud,0,4,0,1753,18631,0,38.26103822019395,0.0,1
Hinjewadi,Kothrud,0,4,1,2100,19501,0,33.43028571428572,0.0,0
Hinjewadi,Kothrud,0,4,2,2017,17729,0,31.643232523549827,0.0,0
Hinjewadi,Kothrud,6,4,0,1774,18631,0,37.808117249154456,0.0,1
Hinjewadi,Kothrud,6,4,1,2128,19501,0,32.990413533834584,0.0,0
Hinjewadi,Kothrud,6,4,2,2038,17729,0,31.31717369970559,0.0,0
Hinjewadi,Kothrud,8,4,0,1896,18631,0,35.37531645569621,0.0,1
Hinjewadi,Kothrud,8,4,1,2256,19501,0,31.118617021276595,0.0,0
Hinjewadi,Kothrud,8,4,2,2163,17729,0,29.50735090152566,0.0,0
Hinjewadi,Kothrud,10,4,0,1973,18631,0,33.99472883933097,0.0,1
Hinjewadi,Kothrud,10,4,1,2380,19501,0,29.49731092436975,0.0,0
Hinjewadi,Kothrud,10,4,2,2243,17729,0,28.454926437806503,0.0,0
Hinjewadi,Kothrud,12,4,0,2069,18627,0,32.4104398260029,0.0,1
Hinjewadi,Kothrud,12,4,1,2534,19501,0,27.70465666929756,0.0,0
Hinjewadi,Kothrud,12,4,2,2340,17729,0,27.275384615384613,0.0,0
Hinjewadi,Kothrud,14,4,0,2005,18903,0,33.94054862842892,0.0,1
Hinjewadi,Kothrud,14,4,1,2527,19501,0,27.781400870597547,0.0,0
Hinjewadi,Kothrud,14,4,2,2273,18002,0,28.51174659040915,0.0,0
Hinjewadi,Kothrud,16,4,0,2056,18903,0,33.09863813229572,0.0,1
Hinjewadi,Kothrud,16,4,1,2599,19501,0,27.01177375913813,0.0,0
Hinjewadi,Kothrud,16,4,2,2329,18002,0,27.82619149849721,0.0,0
Hinjewadi,Kothrud,18,4,0,2255,18900,0,30.17294900221729,0.0,1
Hinjewadi,Kothrud,18,4,1,2741,19501,0,25.612404232032105,0.0,0
Hinjewadi,Kothrud,18,4,2,2534,18002,0,25.575059194948697,0.0,0
Hinjewadi,Kothrud,20,4,0,2125,18627,0,31.556329411764704,0.0,1
Hinjewadi,Kothrud,20,4,1,2530,19501,0,27.74845849802372,0.0,0
Hinjewadi,Kothrud,20,4,2,2400,17729,0,26.5935,0.0,0
Hinjewadi,Kothrud,22,4,0,1753,18631,0,38.26103822019395,0.0,1
Hinjewadi,Kothrud,22,4,1,2100,19501,0,33.43028571428572,0.0,0
Hinjewadi,Kothrud,22,4,2,2017,17729,0,31.643232523549827,0.0,0
Hinjewadi,Kothrud,0,5,0,1753,18631,0,38.26103822019395,0.0,1
Hinjewadi,Kothrud,0,5,1,2100,19501,0,33.43028571428572,0.0,0
Hinjewadi,Kothrud,0,5,2,2017,17729,0,31.643232523549827,0.0,0
Hinjewadi,Kothrud,6,5,0,1782,18631,0,37.63838383838384,0.0,1
Hinjewadi,Kothrud,6,5,1,2139,19501,0,32.82075736325386,0.0,0
Hinjewadi,Kothrud,6,5,2,2050,17729,0,31.133853658536584,0.0,0
Hinjewadi,Kothrud,8,5,0,2022,18627,0,33.16379821958457,0.0,1
Hinjewadi,Kothrud,8,5,1,2540,19501,0,27.6392125984252,0.0,0
Hinjewadi,Kothrud,8,5,2,2330,17729,0,27.392446351931326,0.0,0
Hinjewadi,Kothrud,10,5,0,2166,18631,0,30.965650969529086,0.0,1
Hinjewadi,Kothrud,10,5,1,2732,19501,0,25.69677891654466,0.0,0
Hinjewadi,Kothrud,10,5,2,2308,17723,0,27.64419410745234,0.0,0
Hinjewadi,Kothrud,12,5,0,2256,18903,0,30.164361702127657,0.0,1
Hinjewadi,Kothrud,12,5,1,2855,19501,0,24.58970227670753,0.0,0
Hinjewadi,Kothrud,12,5,2,2398,17995,0,27.01501251042536,0.0,0
Hinjewadi,Kothrud,14,5,0,2047,18903,0,33.24416218856864,0.0,1
Hinjewadi,Kothrud,14,5,1,2618,19501,0,26.8157372039725,0.0,0
Hinjewadi,Kothrud,14,5,2,2327,18002,0,27.850107434464974,0.0,0
Hinjewadi,Kothrud,16,5,0,2121,18900,0,32.07920792079208,0.0,1
Hinjewadi,Kothrud,16,5,1,2773,19501,0,25.31684096646232,0.0,0
Hinjewadi,Kothrud,16,5,2,2442,18002,0,26.538574938574936,0.0,0
Hinjewadi,Kothrud,18,5,0,2582,18627,0,25.9710302091402,0.0,1
Hinjewadi,Kothrud,18,5,1,3341,19501,0,21.012750673451063,0.0,0
Hinjewadi,Kothrud,18,5,2,2948,17729,0,21.650067842605157,0.0,0
Hinjewadi,Kothrud,20,5,0,2243,18631,0,29.90263040570664,0.0,1
Hinjewadi,Kothrud,20,5,1,2806,19501,0,25.01910192444761,0.0,0
Hinjewadi,Kothrud,20,5,2,2396,17723,0,26.62888146911519,0.0,0
Hinjewadi,Kothrud,22,5,0,1753,18631,0,38.26103822019395,0.0,1
Hinjewadi,Kothrud,22,5,1,2100,19501,0,33.43028571428572,0.0,0
Hinjewadi,Kothrud,22,5,2,2017,17729,0,31.643232523549827,0.0,0
Hinjewadi,Kothrud,0,6,0,1753,18631,0,38.26103822019395,0.0,1
Hinjewadi,Kothrud,0,6,1,2100,19501,0,33.43028571428572,0.0,0
Hinjewadi,Kothrud,0,6,2,2017,17729,0,31.643232523549827,0.0,0
Hinjewadi,Kothrud,6,6,0,1783,18631,0,37.617274256870445,0.0,1
Hinjewadi,Kothrud,6,6,1,2141,19501,0,32.790098085007,0.0,0
Hinjewadi,Kothrud,6,6,2,2051,17729,0,31.118673817649924,0.0,0
Hinjewadi,Kothrud,8,6,0,2048,18627,0,32.7427734375,0.0,1
Hinjewadi,Kothrud,8,6,1,2586,19501,0,27.147563805104408,0.0,0
Hinjewadi,Kothrud,8,6,2,2368,17729,0,26.952871621621615,0.0,0
Hinjewadi,Kothrud,10,6,0,2230,18903,0,30.51605381165919,0.0,1
Hinjewadi,Kothrud,10,6,1,2809,19501,0,24.99238163047348,0.0,0
Hinjewadi,Kothrud,10,6,2,2373,17995,0,27.299620733249053,0.0,0
Hinjewadi,Kothrud,12,6,0,2319,18903,0,29.34489003880983,0.0,1
Hinjewadi,Kothrud,12,6,1,2924,19501,0,24.00943912448701,0.0,0
Hinjewadi,Kothrud,12,6,2,2463,17995,0,26.302070645554203,0.0,0
Hinjewadi,Kothrud,14,6,0,2067,18631,0,32.44876632801161,0.0,1
Hinjewadi,Kothrud,14,6,1,2644,19501,0,26.552042360060515,0.0,0
Hinjewadi,Kothrud,14,6,2,2381,17729,0,26.80571188576228,0.0,0
Hinjewadi,Kothrud,16,6,0,2150,18627,0,31.18939534883721,0.0,1
Hinjewadi,Kothrud,16,6,1,2843,19501,0,24.693492789307072,0.0,0
Hinjewadi,Kothrud,16,6,2,2483,17729,0,25.704550946435763,0.0,0
Hinjewadi,Kothrud,18,6,0,2658,18627,0,25.22844243792325,0.0,1
Hinjewadi,Kothrud,18,6,1,3497,19501,0,20.075378896196742,0.0,0
Hinjewadi,Kothrud,18,6,2,3047,17729,0,20.9466360354447,0.0,0
Hinjewadi,Kothrud,20,6,0,2284,18631,0,29.36584938704028,0.0,1
Hinjewadi,Kothrud,20,6,1,2865,19501,0,24.50387434554974,0.0,0
Hinjewadi,Kothrud,20,6,2,2439,17723,0,26.15940959409594,0.0,0
Hinjewadi,Kothrud,22,6,0,1753,18631,0,38.26103822019395,0.0,1
Hinjewadi,Kothrud,22,6,1,2100,19501,0,33.43028571428572,0.0,0
Hinjewadi,Kothrud,22,6,2,2017,17729,0,31.643232523549827,0.0,0
Hinjewadi,Kothrud,0,0,0,1753,18631,0,38.26103822019395,0.0,1
Hinjewadi,Kothrud,0,0,1,2100,19501,0,33.43028571428572,0.0,0
Hinjewadi,Kothrud,0,0,2,2017,17729,0,31.643232523549827,0.0,0
Hinjewadi,Kothrud,6,0,0,1783,18631,0,37.617274256870445,0.0,1
Hinjewadi,Kothrud,6,0,1,2140,19501,0,32.80542056074766,0.0,0
Hinjewadi,Kothrud,6,0,2,2050,17729,0,31.133853658536584,0.0,0
Hinjewadi,Kothrud,8,0,0,2039,18627,0,32.8872976949485,0.0,1
Hinjewadi,Kothrud,8,0,1,2563,19501,0,27.39118220834959,0.0,0
Hinjewadi,Kothrud,8,0,2,2355,17729,0,27.101656050955413,0.0,0
Hinjewadi,Kothrud,10,0,0,2219,18903,0,30.66732762505633,0.0,1
Hinjewadi,Kothrud,10,0,1,2765,19501,0,25.3900904159132,0.0,0
Hinjewadi,Kothrud,10,0,2,2359,17995,0,27.461636286562104,0.0,0
Hinjewadi,Kothrud,12,0,0,2313,18903,0,29.42101167315175,0.0,1
Hinjewadi,Kothrud,12,0,1,2892,19501,0,24.275103734439835,0.0,0
Hinjewadi,Kothrud,12,0,2,2454,17995,0,26.398533007334965,0.0,0
Hinjewadi,Kothrud,14,0,0,2070,18631,0,32.401739130434784,0.0,1
Hinjewadi,Kothrud,14,0,1,2647,19501,0,26.521949376652817,0.0,0
Hinjewadi,Kothrud,14,0,2,2376,17729,0,26.86212121212121,0.0,0
Hinjewadi,Kothrud,16,0,0,2157,18627,0,31.08817802503477,0.0,1
Hinjewadi,Kothrud,16,0,1,2830,19501,0,24.806925795053004,0.0,0
Hinjewadi,Kothrud,16,0,2,2491,17729,0,25.62199919710959,0.0,0
Hinjewadi,Kothrud,18,0,0,2681,18627,0,25.01201044386423,0.0,1
Hinjewadi,Kothrud,18,0,1,3502,19501,0,20.04671616219304,0.0,0
Hinjewadi,Kothrud,18,0,2,3070,17729,0,20.78970684039088,0.0,0
Hinjewadi,Kothrud,20,0,0,2299,18627,0,29.16798608090474,0.0,1
Hinjewadi,Kothrud,20,0,1,2882,19501,0,24.35933379597502,0.0,0
Hinjewadi,Kothrud,20,0,2,2449,17723,0,26.05259289505921,0.0,0
Hinjewadi,Kothrud,22,0,0,1753,18631,0,38.26103822019395,0.0,1
Hinjewadi,Kothrud,22,0,1,2100,19501,0,33.43028571428572,0.0,0
Hinjewadi,Kothrud,22,0,2,2017,17729,0,31.643232523549827,0.0,0
Hinjewadi,Kothrud,0,1,0,1753,18631,0,38.26103822019395,0.0,1
Hinjewadi,Kothrud,0,1,1,2100,19501,0,33.43028571428572,0.0,0
Hinjewadi,Kothrud,0,1,2,2017,17729,0,31.643232523549827,0.0,0
Hinjewadi,Kothrud,6,1,0,1782,18631,0,37.63838383838384,0.0,1
Hinjewadi,Kothrud,6,1,1,2140,19501,0,32.80542056074766,0.0,0
Hinjewadi,Kothrud,6,1,2,2048,17729,0,31.1642578125,0.0,0
Hinjewadi,Kothrud,8,1,0,2024,18627,0,33.13102766798419,0.0,1
Hinjewadi,Kothrud,8,1,1,2541,19501,0,27.628335301062577,0.0,0
Hinjewadi,Kothrud,8,1,2,2329,17729,0,27.404207814512667,0.0,0
Hinjewadi,Kothrud,10,1,0,2200,18903,0,30.93218181818181,0.0,1
Hinjewadi,Kothrud,10,1,1,2758,19501,0,25.454532269760698,0.0,0
Hinjewadi,Kothrud,10,1,2,2543,18002,0,25.484545812033037,0.0,0
Hinjewadi,Kothrud,12,1,0,2293,18903,0,29.67762756214566,0.0,1
Hinjewadi,Kothrud,12,1,1,2882,19501,0,24.35933379597502,0.0,0
Hinjewadi,Kothrud,12,1,2,2431,17995,0,26.648292883587004,0.0,0
Hinjewadi,Kothrud,14,1,0,2060,18903,0,33.03436893203884,0.0,1
Hinjewadi,Kothrud,14,1,1,2631,19501,0,26.68323831242873,0.0,0
Hinjewadi,Kothrud,14,1,2,2369,18002,0,27.356352891515407,0.0,0
Hinjewadi,Kothrud,16,1,0,2134,18627,0,31.4232427366448,0.0,1
Hinjewadi,Kothrud,16,1,1,2794,19501,0,25.12655690765927,0.0,0
Hinjewadi,Kothrud,16,1,2,2449,17729,0,26.06141282155982,0.0,0
Hinjewadi,Kothrud,18,1,0,2608,18627,0,25.712116564417176,0.0,1
Hinjewadi,Kothrud,18,1,1,3368,19501,0,20.844299287410927,0.0,0
Hinjewadi,Kothrud,18,1,2,2959,17729,0,21.569584319026696,0.0,0
Hinjewadi,Kothrud,20,1,0,2296,18627,0,29.206097560975607,0.0,1
Hinjewadi,Kothrud,20,1,1,2811,19501,0,24.97459978655283,0.0,0
Hinjewadi,Kothrud,20,1,2,2650,17729,0,24.084679245283017,0.0,0
Hinjewadi,Kothrud,22,1,0,1753,18631,0,38.26103822019395,0.0,1
Hinjewadi,Kothrud,22,1,1,2100,19501,0,33.43028571428572,0.0,0
Hinjewadi,Kothrud,22,1,2,2017,17729,0,31.643232523549827,0.0,0
Hinjewadi,Kothrud,0,2,0,1753,18631,0,38.26103822019395,0.0,1
Hinjewadi,Kothrud,0,2,1,2100,19501,0,33.43028571428572,0.0,0
Hinjewadi,Kothrud,0,2,2,2017,17729,0,31.643232523549827,0.0,0
Hinjewadi,Kothrud,6,2,0,1781,18631,0,37.65951712521056,0.0,1
Hinjewadi,Kothrud,6,2,1,2138,19501,0,32.83610851262863,0.0,0
Hinjewadi,Kothrud,6,2,2,2050,17729,0,31.133853658536584,0.0,0
Hinjewadi,Kothrud,8,2,0,2047,18627,0,32.75876893014167,0.0,1
Hinjewadi,Kothrud,8,2,1,2516,19501,0,27.902861685214628,0.0,0
Hinjewadi,Kothrud,8,2,2,2353,17729,0,27.12469188270293,0.0,0
Hinjewadi,Kothrud,10,2,0,2200,18903,0,30.93218181818181,0.0,1
Hinjewadi,Kothrud,10,2,1,2717,19501,0,25.83864556496136,0.0,0
Hinjewadi,Kothrud,10,2,2,2537,18002,0,25.544816712652736,0.0,0
Hinjewadi,Kothrud,12,2,0,2312,18903,0,29.43373702422145,0.0,1
Hinjewadi,Kothrud,12,2,1,2892,19501,0,24.275103734439835,0.0,0
Hinjewadi,Kothrud,12,2,2,2451,17995,0,26.430844553243578,0.0,0
Hinjewadi,Kothrud,14,2,0,2113,18900,0,32.20066256507335,0.0,1
Hinjewadi,Kothrud,14,2,1,2648,19501,0,26.511933534743207,0.0,0
Hinjewadi,Kothrud,14,2,2,2421,18002,0,26.768773234200744,0.0,0
Hinjewadi,Kothrud,16,2,0,2207,18900,0,30.829179882193017,0.0,1
Hinjewadi,Kothrud,16,2,1,2808,19501,0,25.00128205128205,0.0,0
Hinjewadi,Kothrud,16,2,2,2512,18002,0,25.799044585987257,0.0,0
Hinjewadi,Kothrud,18,2,0,2727,18627,0,24.59009900990099,0.0,1
Hinjewadi,Kothrud,18,2,1,3521,19501,0,19.938540187446748,0.0,0
Hinjewadi,Kothrud,18,2,2,3080,17729,0,20.722207792207797,0.0,0
Hinjewadi,Kothrud,20,2,0,2324,18627,0,28.85421686746988,0.0,1
Hinjewadi,Kothrud,20,2,1,2905,19501,0,24.166471600688467,0.0,0
Hinjewadi,Kothrud,20,2,2,2670,17729,0,23.904269662921347,0.0,0
Hinjewadi,Kothrud,22,2,0,1753,18631,0,38.26103822019395,0.0,1
Hinjewadi,Kothrud,22,2,1,2100,19501,0,33.43028571428572,0.0,0
Hinjewadi,Kothrud,22,2,2,2017,17729,0,31.643232523549827,0.0,0
Hinjewadi,Kothrud,0,3,0,1753,18631,0,38.26103822019395,0.0,1
Hinjewadi,Kothrud,0,3,1,2100,19501,0,33.43028571428572,0.0,0
Hinjewadi,Kothrud,0,3,2,2017,17729,0,31.643232523549827,0.0,0
Hinjewadi,Kothrud,6,3,0,1776,18631,0,37.76554054054054,0.0,1
Hinjewadi,Kothrud,6,3,1,2140,19501,0,32.80542056074766,0.0,0
Hinjewadi,Kothrud,6,3,2,2044,17729,0,31.225244618395298,0.0,0
Hinjewadi,Kothrud,8,3,0,1973,18631,0,33.99472883933097,0.0,1
Hinjewadi,Kothrud,8,3,1,2405,19501,0,29.190686070686077,0.0,0
Hinjewadi,Kothrud,8,3,2,2264,17729,0,28.190989399293283,0.0,0
Hinjewadi,Kothrud,10,3,0,2144,18631,0,31.283395522388066,0.0,1
Hinjewadi,Kothrud,10,3,1,2633,19501,0,26.66296999620205,0.0,0
Hinjewadi,Kothrud,10,3,2,2463,17729,0,25.913276492082822,0.0,0
Hinjewadi,Kothrud,12,3,0,2356,18900,0,28.87945670628183,0.0,1
Hinjewadi,Kothrud,12,3,1,2893,19501,0,24.26671275492568,0.0,0
Hinjewadi,Kothrud,12,3,2,2704,18002,0,23.96715976331361,0.0,0
Hinjewadi,Kothrud,14,3,0,2284,18900,0,29.789842381786336,0.0,1
Hinjewadi,Kothrud,14,3,1,2842,19501,0,24.70218156228009,0.0,0
Hinjewadi,Kothrud,14,3,2,2401,17995,0,26.98125780924615,0.0,0
Hinjewadi,Kothrud,16,3,0,2388,18900,0,28.492462311557787,0.0,1
Hinjewadi,Kothrud,16,3,1,2947,19501,0,23.822056328469632,0.0,0
Hinjewadi,Kothrud,16,3,2,2736,18002,0,23.68684210526316,0.0,0
Hinjewadi,Kothrud,18,3,0,2764,18900,0,24.616497829232998,0.0,1
Hinjewadi,Kothrud,18,3,1,3156,19501,0,22.244486692015208,0.0,0
Hinjewadi,Kothrud,18,3,2,3118,18002,0,20.784862091084022,0.0,0
Hinjewadi,Kothrud,20,3,0,2372,18627,0,28.270320404721755,0.0,1
Hinjewadi,Kothrud,20,3,1,2731,19501,0,25.70618820944709,0.0,0
Hinjewadi,Kothrud,20,3,2,2689,17729,0,23.73536630717739,0.0,0
Hinjewadi,Kothrud,22,3,0,1753,18631,0,38.26103822019395,0.0,1
Hinjewadi,Kothrud,22,3,1,2100,19501,0,33.43028571428572,0.0,0
Hinjewadi,Kothrud,22,3,2,2017,17729,0,31.643232523549827,0.0,0
Hinjewadi,Kothrud,0,4,0,1753,18631,0,38.26103822019395,0.0,1
Hinjewadi,Kothrud,0,4,1,2100,19501,0,33.43028571428572,0.0,0
Hinjewadi,Kothrud,0,4,2,2017,17729,0,31.643232523549827,0.0,0
Hinjewadi,Kothrud,6,4,0,1774,18631,0,37.808117249154456,0.0,1
Hinjewadi,Kothrud,6,4,1,2128,19501,0,32.990413533834584,0.0,0
Hinjewadi,Kothrud,6,4,2,2038,17729,0,31.31717369970559,0.0,0
Hinjewadi,Kothrud,8,4,0,1896,18631,0,35.37531645569621,0.0,1
Hinjewadi,Kothrud,8,4,1,2256,19501,0,31.118617021276595,0.0,0
Hinjewadi,Kothrud,8,4,2,2163,17729,0,29.50735090152566,0.0,0
Hinjewadi,Kothrud,10,4,0,1973,18631,0,33.99472883933097,0.0,1
Hinjewadi,Kothrud,10,4,1,2380,19501,0,29.49731092436975,0.0,0
Hinjewadi,Kothrud,10,4,2,2243,17729,0,28.454926437806503,0.0,0
Hinjewadi,Kothrud,12,4,0,2069,18627,0,32.4104398260029,0.0,1
Hinjewadi,Kothrud,12,4,1,2534,19501,0,27.70465666929756,0.0,0
Hinjewadi,Kothrud,12,4,2,2340,17729,0,27.275384615384613,0.0,0
Hinjewadi,Kothrud,14,4,0,2005,18903,0,33.94054862842892,0.0,1
Hinjewadi,Kothrud,14,4,1,2527,19501,0,27.781400870597547,0.0,0
Hinjewadi,Kothrud,14,4,2,2273,18002,0,28.51174659040915,0.0,0
Hinjewadi,Kothrud,16,4,0,2056,18903,0,33.09863813229572,0.0,1
Hinjewadi,Kothrud,16,4,1,2599,19501,0,27.01177375913813,0.0,0
Hinjewadi,Kothrud,16,4,2,2329,18002,0,27.82619149849721,0.0,0
Hinjewadi,Kothrud,18,4,0,2255,18900,0,30.17294900221729,0.0,1
Hinjewadi,Kothrud,18,4,1,2741,19501,0,25.612404232032105,0.0,0
Hinjewadi,Kothrud,18,4,2,2534,18002,0,25.575059194948697,0.0,0
Hinjewadi,Kothrud,20,4,0,2125,18627,0,31.556329411764704,0.0,1
Hinjewadi,Kothrud,20,4,1,2530,19501,0,27.74845849802372,0.0,0
Hinjewadi,Kothrud,20,4,2,2400,17729,0,26.5935,0.0,0
Hinjewadi,Kothrud,22,4,0,1753,18631,0,38.26103822019395,0.0,1
Hinjewadi,Kothrud,22,4,1,2100,19501,0,33.43028571428572,0.0,0
Hinjewadi,Kothrud,22,4,2,2017,17729,0,31.643232523549827,0.0,0
Hinjewadi,Kothrud,0,5,0,1753,18631,0,38.26103822019395,0.0,1
Hinjewadi,Kothrud,0,5,1,2100,19501,0,33.43028571428572,0.0,0
Hinjewadi,Kothrud,0,5,2,2017,17729,0,31.643232523549827,0.0,0
Hinjewadi,Kothrud,6,5,0,1782,18631,0,37.63838383838384,0.0,1
Hinjewadi,Kothrud,6,5,1,2139,19501,0,32.82075736325386,0.0,0
Hinjewadi,Kothrud,6,5,2,2050,17729,0,31.133853658536584,0.0,0
Hinjewadi,Kothrud,8,5,0,2022,18627,0,33.16379821958457,0.0,1
Hinjewadi,Kothrud,8,5,1,2540,19501,0,27.6392125984252,0.0,0
Hinjewadi,Kothrud,8,5,2,2330,17729,0,27.392446351931326,0.0,0
Hinjewadi,Kothrud,10,5,0,2166,18631,0,30.965650969529086,0.0,1
Hinjewadi,Kothrud,10,5,1,2732,19501,0,25.69677891654466,0.0,0
Hinjewadi,Kothrud,10,5,2,2308,17723,0,27.64419410745234,0.0,0
Hinjewadi,Kothrud,12,5,0,2256,18903,0,30.164361702127657,0.0,1
Hinjewadi,Kothrud,12,5,1,2855,19501,0,24.58970227670753,0.0,0
Hinjewadi,Kothrud,12,5,2,2398,17995,0,27.01501251042536,0.0,0
Hinjewadi,Kothrud,14,5,0,2047,18903,0,33.24416218856864,0.0,1
Hinjewadi,Kothrud,14,5,1,2618,19501,0,26.8157372039725,0.0,0
Hinjewadi,Kothrud,14,5,2,2327,18002,0,27.850107434464974,0.0,0
Hinjewadi,Kothrud,16,5,0,2121,18900,0,32.07920792079208,0.0,1
Hinjewadi,Kothrud,16,5,1,2773,19501,0,25.31684096646232,0.0,0
Hinjewadi,Kothrud,16,5,2,2442,18002,0,26.538574938574936,0.0,0
Hinjewadi,Kothrud,18,5,0,2582,18627,0,25.9710302091402,0.0,1
Hinjewadi,Kothrud,18,5,1,3341,19501,0,21.012750673451063,0.0,0
Hinjewadi,Kothrud,18,5,2,2948,17729,0,21.650067842605157,0.0,0
Hinjewadi,Kothrud,20,5,0,2243,18631,0,29.90263040570664,0.0,1
Hinjewadi,Kothrud,20,5,1,2806,19501,0,25.01910192444761,0.0,0
Hinjewadi,Kothrud,20,5,2,2396,17723,0,26.62888146911519,0.0,0
Hinjewadi,Kothrud,22,5,0,1753,18631,0,38.26103822019395,0.0,1
Hinjewadi,Kothrud,22,5,1,2100,19501,0,33.43028571428572,0.0,0
Hinjewadi,Kothrud,22,5,2,2017,17729,0,31.643232523549827,0.0,0
Hinjewadi,Kothrud,0,6,0,1753,18631,0,38.26103822019395,0.0,1
Hinjewadi,Kothrud,0,6,1,2100,19501,0,33.43028571428572,0.0,0
Hinjewadi,Kothrud,0,6,2,2017,17729,0,31.643232523549827,0.0,0
Hinjewadi,Kothrud,6,6,0,1783,18631,0,37.617274256870445,0.0,1
Hinjewadi,Kothrud,6,6,1,2141,19501,0,32.790098085007,0.0,0
Hinjewadi,Kothrud,6,6,2,2051,17729,0,31.118673817649924,0.0,0
Hinjewadi,Kothrud,8,6,0,2048,18627,0,32.7427734375,0.0,1
Hinjewadi,Kothrud,8,6,1,2586,19501,0,27.147563805104408,0.0,0
Hinjewadi,Kothrud,8,6,2,2368,17729,0,26.952871621621615,0.0,0
Hinjewadi,Kothrud,10,6,0,2230,18903,0,30.51605381165919,0.0,1
Hinjewadi,Kothrud,10,6,1,2809,19501,0,24.99238163047348,0.0,0
Hinjewadi,Kothrud,10,6,2,2373,17995,0,27.299620733249053,0.0,0
Hinjewadi,Kothrud,12,6,0,2319,18903,0,29.34489003880983,0.0,1
Hinjewadi,Kothrud,12,6,1,2924,19501,0,24.00943912448701,0.0,0
Hinjewadi,Kothrud,12,6,2,2463,17995,0,26.302070645554203,0.0,0
Hinjewadi,Kothrud,14,6,0,2067,18631,0,32.44876632801161,0.0,1
Hinjewadi,Kothrud,14,6,1,2644,19501,0,26.552042360060515,0.0,0
Hinjewadi,Kothrud,14,6,2,2381,17729,0,26.80571188576228,0.0,0
Hinjewadi,Kothrud,16,6,0,2150,18627,0,31.18939534883721,0.0,1
Hinjewadi,Kothrud,16,6,1,2843,19501,0,24.693492789307072,0.0,0
Hinjewadi,Kothrud,16,6,2,2483,17729,0,25.704550946435763,0.0,0
Hinjewadi,Kothrud,18,6,0,2658,18627,0,25.22844243792325,0.0,1
Hinjewadi,Kothrud,18,6,1,3497,19501,0,20.075378896196742,0.0,0
Hinjewadi,Kothrud,18,6,2,3047,17729,0,20.9466360354447,0.0,0
Hinjewadi,Kothrud,20,6,0,2284,18631,0,29.36584938704028,0.0,1
Hinjewadi,Kothrud,20,6,1,2865,19501,0,24.50387434554974,0.0,0
Hinjewadi,Kothrud,20,6,2,2439,17723,0,26.15940959409594,0.0,0
Hinjewadi,Kothrud,22,6,0,1753,18631,0,38.26103822019395,0.0,1
Hinjewadi,Kothrud,22,6,1,2100,19501,0,33.43028571428572,0.0,0
Hinjewadi,Kothrud,22,6,2,2017,17729,0,31.643232523549827,0.0,0
Hinjewadi,Hadapsar,0,0,0,2855,25719,0,32.43026269702277,0.0,1
Hinjewadi,Hadapsar,0,0,1,2926,25475,0,31.34313055365687,0.0,0
Hinjewadi,Hadapsar,0,0,2,3643,33874,0,33.47416964040626,0.0,0
Hinjewadi,Hadapsar,6,0,0,2929,25719,0,31.61092523045408,0.0,1
Hinjewadi,Hadapsar,6,0,1,3013,25475,0,30.438101559907068,0.0,0
Hinjewadi,Hadapsar,6,0,2,3757,33866,0,32.450785200958215,0.0,0
Hinjewadi,Hadapsar,8,0,0,3539,25301,0,25.737100875953654,0.0,1
Hinjewadi,Hadapsar,8,0,1,3683,25475,0,24.90089600868857,0.0,0
Hinjewadi,Hadapsar,8,0,2,4535,33452,0,26.55506063947078,0.0,0
Hinjewadi,Hadapsar,10,0,0,3792,25301,0,24.01993670886076,0.0,1
Hinjewadi,Hadapsar,10,0,1,3934,25476,0,23.313065582104727,0.0,0
Hinjewadi,Hadapsar,10,0,2,4592,31257,0,24.50461672473868,0.0,0
Hinjewadi,Hadapsar,12,0,0,3933,26786,0,24.518077803203663,0.0,1
Hinjewadi,Hadapsar,12,0,1,4248,26914,0,22.808474576271188,0.0,0
Hinjewadi,Hadapsar,12,0,2,4486,30911,0,24.80597414177441,0.0,0
Hinjewadi,Hadapsar,14,0,0,3607,26786,0,26.734017188799555,0.0,1
Hinjewadi,Hadapsar,14,0,1,3780,26535,0,25.27142857142857,0.0,0
Hinjewadi,Hadapsar,14,0,2,4258,31229,0,26.40310004697041,0.0,0
Hinjewadi,Hadapsar,16,0,0,3931,25585,0,23.43067921648436,0.0,1
Hinjewadi,Hadapsar,16,0,1,4091,25476,0,22.418381813737472,0.0,0
Hinjewadi,Hadapsar,16,0,2,5072,33702,0,23.920977917981077,0.0,0
Hinjewadi,Hadapsar,18,0,0,4587,25301,0,19.856899934597774,0.0,1
Hinjewadi,Hadapsar,18,0,1,5026,28059,0,20.09797055312376,0.0,0
Hinjewadi,Hadapsar,18,0,2,5790,33452,0,20.799170984455955,0.0,0
Hinjewadi,Hadapsar,20,0,0,3780,25719,0,24.494285714285716,0.0,1
Hinjewadi,Hadapsar,20,0,1,3853,25476,0,23.803166363872304,0.0,0
Hinjewadi,Hadapsar,20,0,2,4471,32830,0,26.434354730485342,0.0,0
Hinjewadi,Hadapsar,22,0,0,2855,25719,0,32.43026269702277,0.0,1
Hinjewadi,Hadapsar,22,0,1,2926,25475,0,31.34313055365687,0.0,0
Hinjewadi,Hadapsar,22,0,2,3643,33874,0,33.47416964040626,0.0,0
Hinjewadi,Hadapsar,0,1,0,2855,25719,0,32.43026269702277,0.0,1
Hinjewadi,Hadapsar,0,1,1,2926,25475,0,31.34313055365687,0.0,0
Hinjewadi,Hadapsar,0,1,2,3643,33874,0,33.47416964040626,0.0,0
Hinjewadi,Hadapsar,6,1,0,2932,25719,0,31.578581173260577,0.0,1
Hinjewadi,Hadapsar,6,1,1,3002,25475,0,30.549633577614923,0.0,0
Hinjewadi,Hadapsar,6,1,2,3755,33874,0,32.47573901464714,0.0,0
Hinjewadi,Hadapsar,8,1,0,3454,25301,0,26.370469021424437,0.0,1
Hinjewadi,Hadapsar,8,1,1,3565,25475,0,25.72510518934081,0.0,0
Hinjewadi,Hadapsar,8,1,2,4504,33452,0,26.737833037300177,0.0,0
Hinjewadi,Hadapsar,10,1,0,3742,25301,0,24.34088722608231,0.0,1
Hinjewadi,Hadapsar,10,1,1,3864,25476,0,23.735403726708075,0.0,0
Hinjewadi,Hadapsar,10,1,2,4441,31257,0,25.337806800270208,0.0,0
Hinjewadi,Hadapsar,12,1,0,3875,26786,0,24.88505806451613,0.0,1
Hinjewadi,Hadapsar,12,1,1,4087,26535,0,23.37313432835821,0.0,0
Hinjewadi,Hadapsar,12,1,2,4538,31229,0,24.773997355663287,0.0,0
Hinjewadi,Hadapsar,14,1,0,3548,26786,0,27.17857948139797,0.0,1
Hinjewadi,Hadapsar,14,1,1,3698,26535,0,25.83180097349919,0.0,0
Hinjewadi,Hadapsar,14,1,2,4256,31229,0,26.41550751879699,0.0,0
Hinjewadi,Hadapsar,16,1,0,3897,25549,0,23.601847575057736,0.0,0
Hinjewadi,Hadapsar,16,1,1,3852,25585,0,23.911214953271028,0.0,1
Hinjewadi,Hadapsar,16,1,2,4546,31257,0,24.752573691157064,0.0,0
Hinjewadi,Hadapsar,18,1,0,4355,25301,0,20.914718714121697,0.0,1
Hinjewadi,Hadapsar,18,1,1,4610,25476,0,19.89449023861172,0.0,0
Hinjewadi,Hadapsar,18,1,2,5356,32830,0,22.06646751306945,0.0,0
Hinjewadi,Hadapsar,20,1,0,3702,26786,0,26.04797406807132,0.0,1
Hinjewadi,Hadapsar,20,1,1,3887,26535,0,24.575765371751995,0.0,0
Hinjewadi,Hadapsar,20,1,2,4469,32936,0,26.53157305884985,0.0,0
Hinjewadi,Hadapsar,22,1,0,2855,25719,0,32.43026269702277,0.0,1
Hinjewadi,Hadapsar,22,1,1,2926,25475,0,31.34313055365687,0.0,0
Hinjewadi,Hadapsar,22,1,2,3643,33874,0,33.47416964040626,0.0,0
Hinjewadi,Hadapsar,0,2,0,2855,25719,0,32.43026269702277,0.0,1
Hinjewadi,Hadapsar,0,2,1,2926,25475,0,31.34313055365687,0.0,0
Hinjewadi,Hadapsar,0,2,2,3643,33874,0,33.47416964040626,0.0,0
Hinjewadi,Hadapsar,6,2,0,2928,25719,0,31.62172131147541,0.0,1
Hinjewadi,Hadapsar,6,2,1,3001,25475,0,30.559813395534825,0.0,0
Hinjewadi,Hadapsar,6,2,2,3753,33874,0,32.49304556354917,0.0,0
Hinjewadi,Hadapsar,8,2,0,3434,25637,0,26.876295864880607,0.0,1
Hinjewadi,Hadapsar,8,2,1,3515,25475,0,26.091038406827884,0.0,0
Hinjewadi,Hadapsar,8,2,2,4101,30662,0,26.91616678858815,0.0,0
Hinjewadi,Hadapsar,10,2,0,3668,25301,0,24.8319520174482,0.0,1
Hinjewadi,Hadapsar,10,2,1,3790,25476,0,24.198839050131923,0.0,0
Hinjewadi,Hadapsar,10,2,2,4337,31257,0,25.945400046114827,0.0,0
Hinjewadi,Hadapsar,12,2,0,3864,26786,0,24.955900621118012,0.0,1
Hinjewadi,Hadapsar,12,2,1,4038,26535,0,23.656760772659734,0.0,0
Hinjewadi,Hadapsar,12,2,2,4517,31229,0,24.88917423068408,0.0,0
Hinjewadi,Hadapsar,14,2,0,3580,25585,0,25.727932960893856,0.0,1
Hinjewadi,Hadapsar,14,2,1,3678,25475,0,24.9347471451876,0.0,0
Hinjewadi,Hadapsar,14,2,2,4232,31257,0,26.58913043478261,0.0,0
Hinjewadi,Hadapsar,16,2,0,3894,25585,0,23.653312788906007,0.0,1
Hinjewadi,Hadapsar,16,2,1,3969,25475,0,23.10657596371882,0.0,0
Hinjewadi,Hadapsar,16,2,2,4599,31257,0,24.467318982387475,0.0,0
Hinjewadi,Hadapsar,18,2,0,4526,25301,0,20.12452496685815,0.0,1
Hinjewadi,Hadapsar,18,2,1,4915,28059,0,20.55186164801628,0.0,0
Hinjewadi,Hadapsar,18,2,2,5124,28660,0,20.13583138173302,0.0,0
Hinjewadi,Hadapsar,20,2,0,3780,26786,0,25.51047619047619,0.0,1
Hinjewadi,Hadapsar,20,2,1,4094,27049,0,23.78514899853444,0.0,0
Hinjewadi,Hadapsar,20,2,2,4350,31888,0,26.390068965517244,0.0,0
Hinjewadi,Hadapsar,22,2,0,2855,25719,0,32.43026269702277,0.0,1
Hinjewadi,Hadapsar,22,2,1,2926,25475,0,31.34313055365687,0.0,0
Hinjewadi,Hadapsar,22,2,2,3643,33874,0,33.47416964040626,0.0,0
Hinjewadi,Hadapsar,0,3,0,2855,25719,0,32.43026269702277,0.0,1
Hinjewadi,Hadapsar,0,3,1,2926,25475,0,31.34313055365687,0.0,0
Hinjewadi,Hadapsar,0,3,2,3643,33874,0,33.47416964040626,0.0,0
Hinjewadi,Hadapsar,6,3,0,2921,25719,0,31.69750085587128,0.0,1
Hinjewadi,Hadapsar,6,3,1,2978,25475,0,30.79583613163197,0.0,0
Hinjewadi,Hadapsar,6,3,2,3744,33874,0,32.57115384615385,0.0,0
Hinjewadi,Hadapsar,8,3,0,3161,26786,0,30.50604239164821,0.0,1
Hinjewadi,Hadapsar,8,3,1,3329,26535,0,28.695103634725143,0.0,0
Hinjewadi,Hadapsar,8,3,2,4071,32936,0,29.12542372881356,0.0,0
Hinjewadi,Hadapsar,10,3,0,3404,26786,0,28.3283196239718,0.0,1
Hinjewadi,Hadapsar,10,3,1,3542,26535,0,26.96950875211745,0.0,0
Hinjewadi,Hadapsar,10,3,2,4318,32518,0,27.11088466882816,0.0,0
Hinjewadi,Hadapsar,12,3,0,3688,25475,0,24.86713665943601,0.0,1
Hinjewadi,Hadapsar,12,3,1,3758,25586,0,24.5102714209686,0.0,0
Hinjewadi,Hadapsar,12,3,2,4335,32756,0,27.202214532871974,0.0,0
Hinjewadi,Hadapsar,14,3,0,3712,25475,0,24.70635775862069,0.0,1
Hinjewadi,Hadapsar,14,3,1,3802,25585,0,24.225670699631777,0.0,0
Hinjewadi,Hadapsar,14,3,2,4317,31257,0,26.06560111188325,0.0,0
Hinjewadi,Hadapsar,16,3,0,3860,25475,0,23.759067357512954,0.0,1
Hinjewadi,Hadapsar,16,3,1,4037,25585,0,22.81545702254149,0.0,0
Hinjewadi,Hadapsar,16,3,2,4484,31257,0,25.09482604817128,0.0,0
Hinjewadi,Hadapsar,18,3,0,4104,25549,0,22.411403508771933,0.0,1
Hinjewadi,Hadapsar,18,3,1,4263,26210,0,22.133708655876145,0.0,0
Hinjewadi,Hadapsar,18,3,2,4959,33102,0,24.030490018148814,0.0,0
Hinjewadi,Hadapsar,20,3,0,3550,26786,0,27.1632676056338,0.0,1
Hinjewadi,Hadapsar,20,3,1,3730,26535,0,25.61018766756032,0.0,0
Hinjewadi,Hadapsar,20,3,2,4402,32936,0,26.935393003180373,0.0,0
Hinjewadi,Hadapsar,22,3,0,2855,25719,0,32.43026269702277,0.0,1
Hinjewadi,Hadapsar,22,3,1,2926,25475,0,31.34313055365687,0.0,0
Hinjewadi,Hadapsar,22,3,2,3643,33874,0,33.47416964040626,0.0,0
Hinjewadi,Hadapsar,0,4,0,2855,25719,0,32.43026269702277,0.0,1
Hinjewadi,Hadapsar,0,4,1,2926,25475,0,31.34313055365687,0.0,0
Hinjewadi,Hadapsar,0,4,2,3643,33874,0,33.47416964040626,0.0,0
Hinjewadi,Hadapsar,6,4,0,2903,25719,0,31.894040647605923,0.0,1
Hinjewadi,Hadapsar,6,4,1,2967,25475,0,30.910010111223457,0.0,0
Hinjewadi,Hadapsar,6,4,2,3719,33874,0,32.7901048668997,0.0,0
Hinjewadi,Hadapsar,8,4,0,3035,26786,0,31.772520593080728,0.0,1
Hinjewadi,Hadapsar,8,4,1,3213,26535,0,29.73109243697479,0.0,0
Hinjewadi,Hadapsar,8,4,2,3895,30151,0,27.86741976893453,0.0,0
Hinjewadi,Hadapsar,10,4,0,3167,26786,0,30.44824755288917,0.0,1
Hinjewadi,Hadapsar,10,4,1,3353,26535,0,28.489710706829705,0.0,0
Hinjewadi,Hadapsar,10,4,2,4061,30151,0,26.72829352376262,0.0,0
Hinjewadi,Hadapsar,12,4,0,3322,26786,0,29.02757375075256,0.0,1
Hinjewadi,Hadapsar,12,4,1,3514,26535,0,27.184405236198064,0.0,0
Hinjewadi,Hadapsar,12,4,2,4235,30151,0,25.63012987012987,0.0,0
Hinjewadi,Hadapsar,14,4,0,3359,26786,0,28.70782971122358,0.0,1
Hinjewadi,Hadapsar,14,4,1,3527,26535,0,27.08420754182024,0.0,0
Hinjewadi,Hadapsar,14,4,2,4244,30005,0,25.45193213949105,0.0,0
Hinjewadi,Hadapsar,16,4,0,3500,26786,0,27.551314285714287,0.0,1
Hinjewadi,Hadapsar,16,4,1,3646,26535,0,26.20021941854087,0.0,0
Hinjewadi,Hadapsar,16,4,2,4391,30005,0,24.59986335686632,0.0,0
Hinjewadi,Hadapsar,18,4,0,3603,25301,0,25.279933388842636,0.0,1
Hinjewadi,Hadapsar,18,4,1,3751,25476,0,24.45043988269795,0.0,0
Hinjewadi,Hadapsar,18,4,2,4403,30620,0,25.03565750624574,0.0,0
Hinjewadi,Hadapsar,20,4,0,3325,26786,0,29.001383458646615,0.0,1
Hinjewadi,Hadapsar,20,4,1,3501,26535,0,27.2853470437018,0.0,0
Hinjewadi,Hadapsar,20,4,2,4187,30151,0,25.923955099116316,0.0,0
Hinjewadi,Hadapsar,22,4,0,2855,25719,0,32.43026269702277,0.0,1
Hinjewadi,Hadapsar,22,4,1,2926,25475,0,31.34313055365687,0.0,0
Hinjewadi,Hadapsar,22,4,2,3643,33874,0,33.47416964040626,0.0,0
Hinjewadi,Hadapsar,0,5,0,2855,25719,0,32.43026269702277,0.0,1
Hinjewadi,Hadapsar,0,5,1,2926,25475,0,31.34313055365687,0.0,0
Hinjewadi,Hadapsar,0,5,2,3643,33874,0,33.47416964040626,0.0,0
Hinjewadi,Hadapsar,6,5,0,2931,25719,0,31.58935516888434,0.0,1
Hinjewadi,Hadapsar,6,5,1,3001,25475,0,30.559813395534825,0.0,0
Hinjewadi,Hadapsar,6,5,2,3754,33874,0,32.48438998401705,0.0,0
Hinjewadi,Hadapsar,8,5,0,3451,25301,0,26.393393219356707,0.0,1
Hinjewadi,Hadapsar,8,5,1,3592,25475,0,25.53173719376392,0.0,0
Hinjewadi,Hadapsar,8,5,2,4513,33452,0,26.684511411477956,0.0,0
Hinjewadi,Hadapsar,10,5,0,3762,26786,0,25.632535885167467,0.0,1
Hinjewadi,Hadapsar,10,5,1,3962,26535,0,24.110550227158,0.0,0
Hinjewadi,Hadapsar,10,5,2,4423,30945,0,25.18697716482026,0.0,0
Hinjewadi,Hadapsar,12,5,0,3802,26786,0,25.362861651762238,0.0,1
Hinjewadi,Hadapsar,12,5,1,4006,26535,0,23.84573140289565,0.0,0
Hinjewadi,Hadapsar,12,5,2,4546,31229,0,24.73040035195777,0.0,0
Hinjewadi,Hadapsar,14,5,0,3474,26786,0,27.75751295336788,0.0,1
Hinjewadi,Hadapsar,14,5,1,3638,26535,0,26.257833974711374,0.0,0
Hinjewadi,Hadapsar,14,5,2,4492,30289,0,24.274354407836157,0.0,0
Hinjewadi,Hadapsar,16,5,0,3889,25549,0,23.650398560041143,0.0,0
Hinjewadi,Hadapsar,16,5,1,3876,25586,0,23.7640866873065,0.0,1
Hinjewadi,Hadapsar,16,5,2,4523,31257,0,24.878443510944063,0.0,0
Hinjewadi,Hadapsar,18,5,0,4376,25301,0,20.81435100548446,0.0,1
Hinjewadi,Hadapsar,18,5,1,4652,25476,0,19.71487532244196,0.0,0
Hinjewadi,Hadapsar,18,5,2,5196,30523,0,21.14757505773672,0.0,0
Hinjewadi,Hadapsar,20,5,0,3668,26786,0,26.289422028353325,0.0,1
Hinjewadi,Hadapsar,20,5,1,3876,26535,0,24.645510835913317,0.0,0
Hinjewadi,Hadapsar,20,5,2,4448,32936,0,26.656834532374106,0.0,0
Hinjewadi,Hadapsar,22,5,0,2855,25719,0,32.43026269702277,0.0,1
Hinjewadi,Hadapsar,22,5,1,2926,25475,0,31.34313055365687,0.0,0
Hinjewadi,Hadapsar,22,5,2,3643,33874,0,33.47416964040626,0.0,0
Hinjewadi,Hadapsar,0,6,0,2855,25719,0,32.43026269702277,0.0,1
Hinjewadi,Hadapsar,0,6,1,2926,25475,0,31.34313055365687,0.0,0
Hinjewadi,Hadapsar,0,6,2,3643,33874,0,33.47416964040626,0.0,0
Hinjewadi,Hadapsar,6,6,0,2928,25719,0,31.62172131147541,0.0,1
Hinjewadi,Hadapsar,6,6,1,3013,25475,0,30.438101559907068,0.0,0
Hinjewadi,Hadapsar,6,6,2,3775,33866,0,32.29605298013245,0.0,0
Hinjewadi,Hadapsar,8,6,0,3544,25637,0,26.042099322799096,0.0,1
Hinjewadi,Hadapsar,8,6,1,3701,25475,0,24.779789246149694,0.0,0
Hinjewadi,Hadapsar,8,6,2,4599,33452,0,26.18551859099804,0.0,0
Hinjewadi,Hadapsar,10,6,0,3856,25637,0,23.934958506224067,0.0,1
Hinjewadi,Hadapsar,10,6,1,3988,25476,0,22.997392176529587,0.0,0
Hinjewadi,Hadapsar,10,6,2,4628,31257,0,24.31400172860847,0.0,0
Hinjewadi,Hadapsar,12,6,0,3952,26786,0,24.4002024291498,0.0,1
Hinjewadi,Hadapsar,12,6,1,4256,26914,0,22.7656015037594,0.0,0
Hinjewadi,Hadapsar,12,6,2,4481,30911,0,24.833653202410176,0.0,0
Hinjewadi,Hadapsar,14,6,0,3536,25585,0,26.048076923076923,0.0,1
Hinjewadi,Hadapsar,14,6,1,3617,25475,0,25.355266795687037,0.0,0
Hinjewadi,Hadapsar,14,6,2,4131,31528,0,27.47538126361656,0.0,0
Hinjewadi,Hadapsar,16,6,0,3909,25585,0,23.56254796623177,0.0,1
Hinjewadi,Hadapsar,16,6,1,4015,25475,0,22.841843088418432,0.0,0
Hinjewadi,Hadapsar,16,6,2,5109,33702,0,23.747739283617143,0.0,0
Hinjewadi,Hadapsar,18,6,0,4550,25790,0,20.40527472527473,0.0,1
Hinjewadi,Hadapsar,18,6,1,4966,28059,0,20.34079742247281,0.0,0
Hinjewadi,Hadapsar,18,6,2,5473,31716,0,20.861976977891462,0.0,0
Hinjewadi,Hadapsar,20,6,0,3734,26786,0,25.824745581146225,0.0,1
Hinjewadi,Hadapsar,20,6,1,3928,26535,0,24.31924643584521,0.0,0
Hinjewadi,Hadapsar,20,6,2,4472,32936,0,26.51377459749553,0.0,0
Hinjewadi,Hadapsar,22,6,0,2855,25719,0,32.43026269702277,0.0,1
Hinjewadi,Hadapsar,22,6,1,2926,25475,0,31.34313055365687,0.0,0
Hinjewadi,Hadapsar,22,6,2,3643,33874,0,33.47416964040626,0.0,0
Hinjewadi,Hadapsar,0,0,0,2855,25719,0,32.43026269702277,0.0,1
Hinjewadi,Hadapsar,0,0,1,2926,25475,0,31.34313055365687,0.0,0
Hinjewadi,Hadapsar,0,0,2,3643,33874,0,33.47416964040626,0.0,0
Hinjewadi,Hadapsar,6,0,0,2929,25719,0,31.61092523045408,0.0,1
Hinjewadi,Hadapsar,6,0,1,3013,25475,0,30.438101559907068,0.0,0
Hinjewadi,Hadapsar,6,0,2,3757,33866,0,32.450785200958215,0.0,0
Hinjewadi,Hadapsar,8,0,0,3539,25301,0,25.737100875953654,0.0,1
Hinjewadi,Hadapsar,8,0,1,3683,25475,0,24.90089600868857,0.0,0
Hinjewadi,Hadapsar,8,0,2,4535,33452,0,26.55506063947078,0.0,0
Hinjewadi,Hadapsar,10,0,0,3792,25301,0,24.01993670886076,0.0,1
Hinjewadi,Hadapsar,10,0,1,3934,25476,0,23.313065582104727,0.0,0
Hinjewadi,Hadapsar,10,0,2,4592,31257,0,24.50461672473868,0.0,0
Hinjewadi,Hadapsar,12,0,0,3933,26786,0,24.518077803203663,0.0,1
Hinjewadi,Hadapsar,12,0,1,4248,26914,0,22.808474576271188,0.0,0
Hinjewadi,Hadapsar,12,0,2,4486,30911,0,24.80597414177441,0.0,0
Hinjewadi,Hadapsar,14,0,0,3607,26786,0,26.734017188799555,0.0,1
Hinjewadi,Hadapsar,14,0,1,3780,26535,0,25.27142857142857,0.0,0
Hinjewadi,Hadapsar,14,0,2,4258,31229,0,26.40310004697041,0.0,0
Hinjewadi,Hadapsar,16,0,0,3931,25585,0,23.43067921648436,0.0,1
Hinjewadi,Hadapsar,16,0,1,4091,25476,0,22.418381813737472,0.0,0
Hinjewadi,Hadapsar,16,0,2,5072,33702,0,23.920977917981077,0.0,0
Hinjewadi,Hadapsar,18,0,0,4587,25301,0,19.856899934597774,0.0,1
Hinjewadi,Hadapsar,18,0,1,5026,28059,0,20.09797055312376,0.0,0
Hinjewadi,Hadapsar,18,0,2,5790,33452,0,20.799170984455955,0.0,0
Hinjewadi,Hadapsar,20,0,0,3780,25719,0,24.494285714285716,0.0,1
Hinjewadi,Hadapsar,20,0,1,3853,25476,0,23.803166363872304,0.0,0
Hinjewadi,Hadapsar,20,0,2,4471,32830,0,26.434354730485342,0.0,0
Hinjewadi,Hadapsar,22,0,0,2855,25719,0,32.43026269702277,0.0,1
Hinjewadi,Hadapsar,22,0,1,2926,25475,0,31.34313055365687,0.0,0
Hinjewadi,Hadapsar,22,0,2,3643,33874,0,33.47416964040626,0.0,0
Hinjewadi,Hadapsar,0,1,0,2855,25719,0,32.43026269702277,0.0,1
Hinjewadi,Hadapsar,0,1,1,2926,25475,0,31.34313055365687,0.0,0
Hinjewadi,Hadapsar,0,1,2,3643,33874,0,33.47416964040626,0.0,0
Hinjewadi,Hadapsar,6,1,0,2932,25719,0,31.578581173260577,0.0,1
Hinjewadi,Hadapsar,6,1,1,3002,25475,0,30.549633577614923,0.0,0
Hinjewadi,Hadapsar,6,1,2,3755,33874,0,32.47573901464714,0.0,0
Hinjewadi,Hadapsar,8,1,0,3454,25301,0,26.370469021424437,0.0,1
Hinjewadi,Hadapsar,8,1,1,3565,25475,0,25.72510518934081,0.0,0
Hinjewadi,Hadapsar,8,1,2,4504,33452,0,26.737833037300177,0.0,0
Hinjewadi,Hadapsar,10,1,0,3742,25301,0,24.34088722608231,0.0,1
Hinjewadi,Hadapsar,10,1,1,3864,25476,0,23.735403726708075,0.0,0
Hinjewadi,Hadapsar,10,1,2,4441,31257,0,25.337806800270208,0.0,0
Hinjewadi,Hadapsar,12,1,0,3875,26786,0,24.88505806451613,0.0,1
Hinjewadi,Hadapsar,12,1,1,4087,26535,0,23.37313432835821,0.0,0
Hinjewadi,Hadapsar,12,1,2,4538,31229,0,24.773997355663287,0.0,0
Hinjewadi,Hadapsar,14,1,0,3548,26786,0,27.17857948139797,0.0,1
Hinjewadi,Hadapsar,14,1,1,3698,26535,0,25.83180097349919,0.0,0
Hinjewadi,Hadapsar,14,1,2,4256,31229,0,26.41550751879699,0.0,0
Hinjewadi,Hadapsar,16,1,0,3897,25549,0,23.601847575057736,0.0,0
Hinjewadi,Hadapsar,16,1,1,3852,25585,0,23.911214953271028,0.0,1
Hinjewadi,Hadapsar,16,1,2,4546,31257,0,24.752573691157064,0.0,0
Hinjewadi,Hadapsar,18,1,0,4355,25301,0,20.914718714121697,0.0,1
Hinjewadi,Hadapsar,18,1,1,4610,25476,0,19.89449023861172,0.0,0
Hinjewadi,Hadapsar,18,1,2,5356,32830,0,22.06646751306945,0.0,0
Hinjewadi,Hadapsar,20,1,0,3702,26786,0,26.04797406807132,0.0,1
Hinjewadi,Hadapsar,20,1,1,3887,26535,0,24.575765371751995,0.0,0
Hinjewadi,Hadapsar,20,1,2,4469,32936,0,26.53157305884985,0.0,0
Hinjewadi,Hadapsar,22,1,0,2855,25719,0,32.43026269702277,0.0,1
Hinjewadi,Hadapsar,22,1,1,2926,25475,0,31.34313055365687,0.0,0
Hinjewadi,Hadapsar,22,1,2,3643,33874,0,33.47416964040626,0.0,0
Hinjewadi,Hadapsar,0,2,0,2855,25719,0,32.43026269702277,0.0,1
Hinjewadi,Hadapsar,0,2,1,2926,25475,0,31.34313055365687,0.0,0
Hinjewadi,Hadapsar,0,2,2,3643,33874,0,33.47416964040626,0.0,0
Hinjewadi,Hadapsar,6,2,0,2928,25719,0,31.62172131147541,0.0,1
Hinjewadi,Hadapsar,6,2,1,3001,25475,0,30.559813395534825,0.0,0
Hinjewadi,Hadapsar,6,2,2,3753,33874,0,32.49304556354917,0.0,0
Hinjewadi,Hadapsar,8,2,0,3434,25637,0,26.876295864880607,0.0,1
Hinjewadi,Hadapsar,8,2,1,3515,25475,0,26.091038406827884,0.0,0
Hinjewadi,Hadapsar,8,2,2,4101,30662,0,26.91616678858815,0.0,0
Hinjewadi,Hadapsar,10,2,0,3668,25301,0,24.8319520174482,0.0,1
Hinjewadi,Hadapsar,10,2,1,3790,25476,0,24.198839050131923,0.0,0
Hinjewadi,Hadapsar,10,2,2,4337,31257,0,25.945400046114827,0.0,0
Hinjewadi,Hadapsar,12,2,0,3864,26786,0,24.955900621118012,0.0,1
Hinjewadi,Hadapsar,12,2,1,4038,26535,0,23.656760772659734,0.0,0
Hinjewadi,Hadapsar,12,2,2,4517,31229,0,24.88917423068408,0.0,0
Hinjewadi,Hadapsar,14,2,0,3580,25585,0,25.727932960893856,0.0,1
Hinjewadi,Hadapsar,14,2,1,3678,25475,0,24.9347471451876,0.0,0
Hinjewadi,Hadapsar,14,2,2,4232,31257,0,26.58913043478261,0.0,0
Hinjewadi,Hadapsar,16,2,0,3894,25585,0,23.653312788906007,0.0,1
Hinjewadi,Hadapsar,16,2,1,3969,25475,0,23.10657596371882,0.0,0
Hinjewadi,Hadapsar,16,2,2,4599,31257,0,24.467318982387475,0.0,0
Hinjewadi,Hadapsar,18,2,0,4526,25301,0,20.12452496685815,0.0,1
Hinjewadi,Hadapsar,18,2,1,4915,28059,0,20.55186164801628,0.0,0
Hinjewadi,Hadapsar,18,2,2,5124,28660,0,20.13583138173302,0.0,0
Hinjewadi,Hadapsar,20,2,0,3780,26786,0,25.51047619047619,0.0,1
Hinjewadi,Hadapsar,20,2,1,4094,27049,0,23.78514899853444,0.0,0
Hinjewadi,Hadapsar,20,2,2,4350,31888,0,26.390068965517244,0.0,0
Hinjewadi,Hadapsar,22,2,0,2855,25719,0,32.43026269702277,0.0,1
Hinjewadi,Hadapsar,22,2,1,2926,25475,0,31.34313055365687,0.0,0
Hinjewadi,Hadapsar,22,2,2,3643,33874,0,33.47416964040626,0.0,0
Hinjewadi,Hadapsar,0,3,0,2855,25719,0,32.43026269702277,0.0,1
Hinjewadi,Hadapsar,0,3,1,2926,25475,0,31.34313055365687,0.0,0
Hinjewadi,Hadapsar,0,3,2,3643,33874,0,33.47416964040626,0.0,0
Hinjewadi,Hadapsar,6,3,0,2921,25719,0,31.69750085587128,0.0,1
Hinjewadi,Hadapsar,6,3,1,2978,25475,0,30.79583613163197,0.0,0
Hinjewadi,Hadapsar,6,3,2,3744,33874,0,32.57115384615385,0.0,0
Hinjewadi,Hadapsar,8,3,0,3161,26786,0,30.50604239164821,0.0,1
Hinjewadi,Hadapsar,8,3,1,3329,26535,0,28.695103634725143,0.0,0
Hinjewadi,Hadapsar,8,3,2,4071,32936,0,29.12542372881356,0.0,0
Hinjewadi,Hadapsar,10,3,0,3404,26786,0,28.3283196239718,0.0,1
Hinjewadi,Hadapsar,10,3,1,3542,26535,0,26.96950875211745,0.0,0
Hinjewadi,Hadapsar,10,3,2,4318,32518,0,27.11088466882816,0.0,0
Hinjewadi,Hadapsar,12,3,0,3688,25475,0,24.86713665943601,0.0,1
Hinjewadi,Hadapsar,12,3,1,3758,25586,0,24.5102714209686,0.0,0
Hinjewadi,Hadapsar,12,3,2,4335,32756,0,27.202214532871974,0.0,0
Hinjewadi,Hadapsar,14,3,0,3712,25475,0,24.70635775862069,0.0,1
Hinjewadi,Hadapsar,14,3,1,3802,25585,0,24.225670699631777,0.0,0
Hinjewadi,Hadapsar,14,3,2,4317,31257,0,26.06560111188325,0.0,0
Hinjewadi,Hadapsar,16,3,0,3860,25475,0,23.759067357512954,0.0,1
Hinjewadi,Hadapsar,16,3,1,4037,25585,0,22.81545702254149,0.0,0
Hinjewadi,Hadapsar,16,3,2,4484,31257,0,25.09482604817128,0.0,0
Hinjewadi,Hadapsar,18,3,0,4104,25549,0,22.411403508771933,0.0,1
Hinjewadi,Hadapsar,18,3,1,4263,26210,0,22.133708655876145,0.0,0
Hinjewadi,Hadapsar,18,3,2,4959,33102,0,24.030490018148814,0.0,0
Hinjewadi,Hadapsar,20,3,0,3550,26786,0,27.1632676056338,0.0,1
Hinjewadi,Hadapsar,20,3,1,3730,26535,0,25.61018766756032,0.0,0
Hinjewadi,Hadapsar,20,3,2,4402,32936,0,26.935393003180373,0.0,0
Hinjewadi,Hadapsar,22,3,0,2855,25719,0,32.43026269702277,0.0,1
Hinjewadi,Hadapsar,22,3,1,2926,25475,0,31.34313055365687,0.0,0
Hinjewadi,Hadapsar,22,3,2,3643,33874,0,33.47416964040626,0.0,0
Hinjewadi,Hadapsar,0,4,0,2855,25719,0,32.43026269702277,0.0,1
Hinjewadi,Hadapsar,0,4,1,2926,25475,0,31.34313055365687,0.0,0
Hinjewadi,Hadapsar,0,4,2,3643,33874,0,33.47416964040626,0.0,0
Hinjewadi,Hadapsar,6,4,0,2903,25719,0,31.894040647605923,0.0,1
Hinjewadi,Hadapsar,6,4,1,2967,25475,0,30.910010111223457,0.0,0
Hinjewadi,Hadapsar,6,4,2,3719,33874,0,32.7901048668997,0.0,0
Hinjewadi,Hadapsar,8,4,0,3035,26786,0,31.772520593080728,0.0,1
Hinjewadi,Hadapsar,8,4,1,3213,26535,0,29.73109243697479,0.0,0
Hinjewadi,Hadapsar,8,4,2,3895,30151,0,27.86741976893453,0.0,0
Hinjewadi,Hadapsar,10,4,0,3167,26786,0,30.44824755288917,0.0,1
Hinjewadi,Hadapsar,10,4,1,3353,26535,0,28.489710706829705,0.0,0
Hinjewadi,Hadapsar,10,4,2,4061,30151,0,26.72829352376262,0.0,0
Hinjewadi,Hadapsar,12,4,0,3322,26786,0,29.02757375075256,0.0,1
Hinjewadi,Hadapsar,12,4,1,3514,26535,0,27.184405236198064,0.0,0
Hinjewadi,Hadapsar,12,4,2,4235,30151,0,25.63012987012987,0.0,0
Hinjewadi,Hadapsar,14,4,0,3359,26786,0,28.70782971122358,0.0,1
Hinjewadi,Hadapsar,14,4,1,3527,26535,0,27.08420754182024,0.0,0
Hinjewadi,Hadapsar,14,4,2,4244,30005,0,25.45193213949105,0.0,0
Hinjewadi,Hadapsar,16,4,0,3500,26786,0,27.551314285714287,0.0,1
Hinjewadi,Hadapsar,16,4,1,3646,26535,0,26.20021941854087,0.0,0
Hinjewadi,Hadapsar,16,4,2,4391,30005,0,24.59986335686632,0.0,0
Hinjewadi,Hadapsar,18,4,0,3603,25301,0,25.279933388842636,0.0,1
Hinjewadi,Hadapsar,18,4,1,3751,25476,0,24.45043988269795,0.0,0
Hinjewadi,Hadapsar,18,4,2,4403,30620,0,25.03565750624574,0.0,0
Hinjewadi,Hadapsar,20,4,0,3325,26786,0,29.001383458646615,0.0,1
Hinjewadi,Hadapsar,20,4,1,3501,26535,0,27.2853470437018,0.0,0
Hinjewadi,Hadapsar,20,4,2,4187,30151,0,25.923955099116316,0.0,0
Hinjewadi,Hadapsar,22,4,0,2855,25719,0,32.43026269702277,0.0,1
Hinjewadi,Hadapsar,22,4,1,2926,25475,0,31.34313055365687,0.0,0
Hinjewadi,Hadapsar,22,4,2,3643,33874,0,33.47416964040626,0.0,0
Hinjewadi,Hadapsar,0,5,0,2855,25719,0,32.43026269702277,0.0,1
Hinjewadi,Hadapsar,0,5,1,2926,25475,0,31.34313055365687,0.0,0
Hinjewadi,Hadapsar,0,5,2,3643,33874,0,33.47416964040626,0.0,0
Hinjewadi,Hadapsar,6,5,0,2931,25719,0,31.58935516888434,0.0,1
Hinjewadi,Hadapsar,6,5,1,3001,25475,0,30.559813395534825,0.0,0
Hinjewadi,Hadapsar,6,5,2,3754,33874,0,32.48438998401705,0.0,0
Hinjewadi,Hadapsar,8,5,0,3451,25301,0,26.393393219356707,0.0,1
Hinjewadi,Hadapsar,8,5,1,3592,25475,0,25.53173719376392,0.0,0
Hinjewadi,Hadapsar,8,5,2,4513,33452,0,26.684511411477956,0.0,0
Hinjewadi,Hadapsar,10,5,0,3762,26786,0,25.632535885167467,0.0,1
Hinjewadi,Hadapsar,10,5,1,3962,26535,0,24.110550227158,0.0,0
Hinjewadi,Hadapsar,10,5,2,4423,30945,0,25.18697716482026,0.0,0
Hinjewadi,Hadapsar,12,5,0,3802,26786,0,25.362861651762238,0.0,1
Hinjewadi,Hadapsar,12,5,1,4006,26535,0,23.84573140289565,0.0,0
Hinjewadi,Hadapsar,12,5,2,4546,31229,0,24.73040035195777,0.0,0
Hinjewadi,Hadapsar,14,5,0,3474,26786,0,27.75751295336788,0.0,1
Hinjewadi,Hadapsar,14,5,1,3638,26535,0,26.257833974711374,0.0,0
Hinjewadi,Hadapsar,14,5,2,4492,30289,0,24.274354407836157,0.0,0
Hinjewadi,Hadapsar,16,5,0,3889,25549,0,23.650398560041143,0.0,0
Hinjewadi,Hadapsar,16,5,1,3876,25586,0,23.7640866873065,0.0,1
Hinjewadi,Hadapsar,16,5,2,4523,31257,0,24.878443510944063,0.0,0
Hinjewadi,Hadapsar,18,5,0,4376,25301,0,20.81435100548446,0.0,1
Hinjewadi,Hadapsar,18,5,1,4652,25476,0,19.71487532244196,0.0,0
Hinjewadi,Hadapsar,18,5,2,5196,30523,0,21.14757505773672,0.0,0
Hinjewadi,Hadapsar,20,5,0,3668,26786,0,26.289422028353325,0.0,1
Hinjewadi,Hadapsar,20,5,1,3876,26535,0,24.645510835913317,0.0,0
Hinjewadi,Hadapsar,20,5,2,4448,32936,0,26.656834532374106,0.0,0
Hinjewadi,Hadapsar,22,5,0,2855,25719,0,32.43026269702277,0.0,1
Hinjewadi,Hadapsar,22,5,1,2926,25475,0,31.34313055365687,0.0,0
Hinjewadi,Hadapsar,22,5,2,3643,33874,0,33.47416964040626,0.0,0
Hinjewadi,Hadapsar,0,6,0,2855,25719,0,32.43026269702277,0.0,1
Hinjewadi,Hadapsar,0,6,1,2926,25475,0,31.34313055365687,0.0,0
Hinjewadi,Hadapsar,0,6,2,3643,33874,0,33.47416964040626,0.0,0
Hinjewadi,Hadapsar,6,6,0,2928,25719,0,31.62172131147541,0.0,1
Hinjewadi,Hadapsar,6,6,1,3013,25475,0,30.438101559907068,0.0,0
Hinjewadi,Hadapsar,6,6,2,3775,33866,0,32.29605298013245,0.0,0
Hinjewadi,Hadapsar,8,6,0,3544,25637,0,26.042099322799096,0.0,1
Hinjewadi,Hadapsar,8,6,1,3701,25475,0,24.779789246149694,0.0,0
Hinjewadi,Hadapsar,8,6,2,4599,33452,0,26.18551859099804,0.0,0
Hinjewadi,Hadapsar,10,6,0,3856,25637,0,23.934958506224067,0.0,1
Hinjewadi,Hadapsar,10,6,1,3988,25476,0,22.997392176529587,0.0,0
Hinjewadi,Hadapsar,10,6,2,4628,31257,0,24.31400172860847,0.0,0
Hinjewadi,Hadapsar,12,6,0,3952,26786,0,24.4002024291498,0.0,1
Hinjewadi,Hadapsar,12,6,1,4256,26914,0,22.7656015037594,0.0,0
Hinjewadi,Hadapsar,12,6,2,4481,30911,0,24.833653202410176,0.0,0
Hinjewadi,Hadapsar,14,6,0,3536,25585,0,26.048076923076923,0.0,1
Hinjewadi,Hadapsar,14,6,1,3617,25475,0,25.355266795687037,0.0,0
Hinjewadi,Hadapsar,14,6,2,4131,31528,0,27.47538126361656,0.0,0
Hinjewadi,Hadapsar,16,6,0,3909,25585,0,23.56254796623177,0.0,1
Hinjewadi,Hadapsar,16,6,1,4015,25475,0,22.841843088418432,0.0,0
Hinjewadi,Hadapsar,16,6,2,5109,33702,0,23.747739283617143,0.0,0
Hinjewadi,Hadapsar,18,6,0,4550,25790,0,20.40527472527473,0.0,1
Hinjewadi,Hadapsar,18,6,1,4966,28059,0,20.34079742247281,0.0,0
Hinjewadi,Hadapsar,18,6,2,5473,31716,0,20.861976977891462,0.0,0
Hinjewadi,Hadapsar,20,6,0,3734,26786,0,25.824745581146225,0.0,1
Hinjewadi,Hadapsar,20,6,1,3928,26535,0,24.31924643584521,0.0,0
Hinjewadi,Hadapsar,20,6,2,4472,32936,0,26.51377459749553,0.0,0
Hinjewadi,Hadapsar,22,6,0,2855,25719,0,32.43026269702277,0.0,1
Hinjewadi,Hadapsar,22,6,1,2926,25475,0,31.34313055365687,0.0,0
Hinjewadi,Hadapsar,22,6,2,3643,33874,0,33.47416964040626,0.0,0
Hinjewadi,Hadapsar,0,0,0,2855,25719,0,32.43026269702277,0.0,1
Hinjewadi,Hadapsar,0,0,1,2926,25475,0,31.34313055365687,0.0,0
Hinjewadi,Hadapsar,0,0,2,3643,33874,0,33.47416964040626,0.0,0
Hinjewadi,Hadapsar,6,0,0,2929,25719,0,31.61092523045408,0.0,1
Hinjewadi,Hadapsar,6,0,1,3013,25475,0,30.438101559907068,0.0,0
Hinjewadi,Hadapsar,6,0,2,3757,33866,0,32.450785200958215,0.0,0
Hinjewadi,Hadapsar,8,0,0,3539,25301,0,25.737100875953654,0.0,1
Hinjewadi,Hadapsar,8,0,1,3683,25475,0,24.90089600868857,0.0,0
Hinjewadi,Hadapsar,8,0,2,4535,33452,0,26.55506063947078,0.0,0
Hinjewadi,Hadapsar,10,0,0,3792,25301,0,24.01993670886076,0.0,1
Hinjewadi,Hadapsar,10,0,1,3934,25476,0,23.313065582104727,0.0,0
Hinjewadi,Hadapsar,10,0,2,4592,31257,0,24.50461672473868,0.0,0
Hinjewadi,Hadapsar,12,0,0,3933,26786,0,24.518077803203663,0.0,1
Hinjewadi,Hadapsar,12,0,1,4248,26914,0,22.808474576271188,0.0,0
Hinjewadi,Hadapsar,12,0,2,4486,30911,0,24.80597414177441,0.0,0
Hinjewadi,Hadapsar,14,0,0,3607,26786,0,26.734017188799555,0.0,1
Hinjewadi,Hadapsar,14,0,1,3780,26535,0,25.27142857142857,0.0,0
Hinjewadi,Hadapsar,14,0,2,4258,31229,0,26.40310004697041,0.0,0
Hinjewadi,Hadapsar,16,0,0,3931,25585,0,23.43067921648436,0.0,1
Hinjewadi,Hadapsar,16,0,1,4091,25476,0,22.418381813737472,0.0,0
Hinjewadi,Hadapsar,16,0,2,5072,33702,0,23.920977917981077,0.0,0
Hinjewadi,Hadapsar,18,0,0,4587,25301,0,19.856899934597774,0.0,1
Hinjewadi,Hadapsar,18,0,1,5026,28059,0,20.09797055312376,0.0,0
Hinjewadi,Hadapsar,18,0,2,5790,33452,0,20.799170984455955,0.0,0
Hinjewadi,Hadapsar,20,0,0,3780,25719,0,24.494285714285716,0.0,1
Hinjewadi,Hadapsar,20,0,1,3853,25476,0,23.803166363872304,0.0,0
Hinjewadi,Hadapsar,20,0,2,4471,32830,0,26.434354730485342,0.0,0
Hinjewadi,Hadapsar,22,0,0,2855,25719,0,32.43026269702277,0.0,1
Hinjewadi,Hadapsar,22,0,1,2926,25475,0,31.34313055365687,0.0,0
Hinjewadi,Hadapsar,22,0,2,3643,33874,0,33.47416964040626,0.0,0
Hinjewadi,Hadapsar,0,1,0,2855,25719,0,32.43026269702277,0.0,1
Hinjewadi,Hadapsar,0,1,1,2926,25475,0,31.34313055365687,0.0,0
Hinjewadi,Hadapsar,0,1,2,3643,33874,0,33.47416964040626,0.0,0
Hinjewadi,Hadapsar,6,1,0,2932,25719,0,31.578581173260577,0.0,1
Hinjewadi,Hadapsar,6,1,1,3002,25475,0,30.549633577614923,0.0,0
Hinjewadi,Hadapsar,6,1,2,3755,33874,0,32.47573901464714,0.0,0
Hinjewadi,Hadapsar,8,1,0,3454,25301,0,26.370469021424437,0.0,1
Hinjewadi,Hadapsar,8,1,1,3565,25475,0,25.72510518934081,0.0,0
Hinjewadi,Hadapsar,8,1,2,4504,33452,0,26.737833037300177,0.0,0
Hinjewadi,Hadapsar,10,1,0,3742,25301,0,24.34088722608231,0.0,1
Hinjewadi,Hadapsar,10,1,1,3864,25476,0,23.735403726708075,0.0,0
Hinjewadi,Hadapsar,10,1,2,4441,31257,0,25.337806800270208,0.0,0
Hinjewadi,Hadapsar,12,1,0,3875,26786,0,24.88505806451613,0.0,1
Hinjewadi,Hadapsar,12,1,1,4087,26535,0,23.37313432835821,0.0,0
Hinjewadi,Hadapsar,12,1,2,4538,31229,0,24.773997355663287,0.0,0
Hinjewadi,Hadapsar,14,1,0,3548,26786,0,27.17857948139797,0.0,1
Hinjewadi,Hadapsar,14,1,1,3698,26535,0,25.83180097349919,0.0,0
Hinjewadi,Hadapsar,14,1,2,4256,31229,0,26.41550751879699,0.0,0
Hinjewadi,Hadapsar,16,1,0,3897,25549,0,23.601847575057736,0.0,0
Hinjewadi,Hadapsar,16,1,1,3852,25585,0,23.911214953271028,0.0,1
Hinjewadi,Hadapsar,16,1,2,4546,31257,0,24.752573691157064,0.0,0
Hinjewadi,Hadapsar,18,1,0,4355,25301,0,20.914718714121697,0.0,1
Hinjewadi,Hadapsar,18,1,1,4610,25476,0,19.89449023861172,0.0,0
Hinjewadi,Hadapsar,18,1,2,5356,32830,0,22.06646751306945,0.0,0
Hinjewadi,Hadapsar,20,1,0,3702,26786,0,26.04797406807132,0.0,1
Hinjewadi,Hadapsar,20,1,1,3887,26535,0,24.575765371751995,0.0,0
Hinjewadi,Hadapsar,20,1,2,4469,32936,0,26.53157305884985,0.0,0
Hinjewadi,Hadapsar,22,1,0,2855,25719,0,32.43026269702277,0.0,1
Hinjewadi,Hadapsar,22,1,1,2926,25475,0,31.34313055365687,0.0,0
Hinjewadi,Hadapsar,22,1,2,3643,33874,0,33.47416964040626,0.0,0
Hinjewadi,Hadapsar,0,2,0,2855,25719,0,32.43026269702277,0.0,1
Hinjewadi,Hadapsar,0,2,1,2926,25475,0,31.34313055365687,0.0,0
Hinjewadi,Hadapsar,0,2,2,3643,33874,0,33.47416964040626,0.0,0
Hinjewadi,Hadapsar,6,2,0,2928,25719,0,31.62172131147541,0.0,1
Hinjewadi,Hadapsar,6,2,1,3001,25475,0,30.559813395534825,0.0,0
Hinjewadi,Hadapsar,6,2,2,3753,33874,0,32.49304556354917,0.0,0
Hinjewadi,Hadapsar,8,2,0,3434,25637,0,26.876295864880607,0.0,1
Hinjewadi,Hadapsar,8,2,1,3515,25475,0,26.091038406827884,0.0,0
Hinjewadi,Hadapsar,8,2,2,4101,30662,0,26.91616678858815,0.0,0
Hinjewadi,Hadapsar,10,2,0,3668,25301,0,24.8319520174482,0.0,1
Hinjewadi,Hadapsar,10,2,1,3790,25476,0,24.198839050131923,0.0,0
Hinjewadi,Hadapsar,10,2,2,4337,31257,0,25.945400046114827,0.0,0
Hinjewadi,Hadapsar,12,2,0,3864,26786,0,24.955900621118012,0.0,1
Hinjewadi,Hadapsar,12,2,1,4038,26535,0,23.656760772659734,0.0,0
Hinjewadi,Hadapsar,12,2,2,4517,31229,0,24.88917423068408,0.0,0
Hinjewadi,Hadapsar,14,2,0,3580,25585,0,25.727932960893856,0.0,1
Hinjewadi,Hadapsar,14,2,1,3678,25475,0,24.9347471451876,0.0,0
Hinjewadi,Hadapsar,14,2,2,4232,31257,0,26.58913043478261,0.0,0
Hinjewadi,Hadapsar,16,2,0,3894,25585,0,23.653312788906007,0.0,1
Hinjewadi,Hadapsar,16,2,1,3969,25475,0,23.10657596371882,0.0,0
Hinjewadi,Hadapsar,16,2,2,4599,31257,0,24.467318982387475,0.0,0
Hinjewadi,Hadapsar,18,2,0,4526,25301,0,20.12452496685815,0.0,1
Hinjewadi,Hadapsar,18,2,1,4915,28059,0,20.55186164801628,0.0,0
Hinjewadi,Hadapsar,18,2,2,5124,28660,0,20.13583138173302,0.0,0
Hinjewadi,Hadapsar,20,2,0,3780,26786,0,25.51047619047619,0.0,1
Hinjewadi,Hadapsar,20,2,1,4094,27049,0,23.78514899853444,0.0,0
Hinjewadi,Hadapsar,20,2,2,4350,31888,0,26.390068965517244,0.0,0
Hinjewadi,Hadapsar,22,2,0,2855,25719,0,32.43026269702277,0.0,1
Hinjewadi,Hadapsar,22,2,1,2926,25475,0,31.34313055365687,0.0,0
Hinjewadi,Hadapsar,22,2,2,3643,33874,0,33.47416964040626,0.0,0
Hinjewadi,Hadapsar,0,3,0,2855,25719,0,32.43026269702277,0.0,1
Hinjewadi,Hadapsar,0,3,1,2926,25475,0,31.34313055365687,0.0,0
Hinjewadi,Hadapsar,0,3,2,3643,33874,0,33.47416964040626,0.0,0
Hinjewadi,Hadapsar,6,3,0,2921,25719,0,31.69750085587128,0.0,1
Hinjewadi,Hadapsar,6,3,1,2978,25475,0,30.79583613163197,0.0,0
Hinjewadi,Hadapsar,6,3,2,3744,33874,0,32.57115384615385,0.0,0
Hinjewadi,Hadapsar,8,3,0,3161,26786,0,30.50604239164821,0.0,1
Hinjewadi,Hadapsar,8,3,1,3329,26535,0,28.695103634725143,0.0,0
Hinjewadi,Hadapsar,8,3,2,4071,32936,0,29.12542372881356,0.0,0
Hinjewadi,Hadapsar,10,3,0,3404,26786,0,28.3283196239718,0.0,1
Hinjewadi,Hadapsar,10,3,1,3542,26535,0,26.96950875211745,0.0,0
Hinjewadi,Hadapsar,10,3,2,4318,32518,0,27.11088466882816,0.0,0
Hinjewadi,Hadapsar,12,3,0,3688,25475,0,24.86713665943601,0.0,1
Hinjewadi,Hadapsar,12,3,1,3758,25586,0,24.5102714209686,0.0,0
Hinjewadi,Hadapsar,12,3,2,4335,32756,0,27.202214532871974,0.0,0
Hinjewadi,Hadapsar,14,3,0,3712,25475,0,24.70635775862069,0.0,1
Hinjewadi,Hadapsar,14,3,1,3802,25585,0,24.225670699631777,0.0,0
Hinjewadi,Hadapsar,14,3,2,4317,31257,0,26.06560111188325,0.0,0
Hinjewadi,Hadapsar,16,3,0,3860,25475,0,23.759067357512954,0.0,1
Hinjewadi,Hadapsar,16,3,1,4037,25585,0,22.81545702254149,0.0,0
Hinjewadi,Hadapsar,16,3,2,4484,31257,0,25.09482604817128,0.0,0
Hinjewadi,Hadapsar,18,3,0,4104,25549,0,22.411403508771933,0.0,1
Hinjewadi,Hadapsar,18,3,1,4263,26210,0,22.133708655876145,0.0,0
Hinjewadi,Hadapsar,18,3,2,4959,33102,0,24.030490018148814,0.0,0
Hinjewadi,Hadapsar,20,3,0,3550,26786,0,27.1632676056338,0.0,1
Hinjewadi,Hadapsar,20,3,1,3730,26535,0,25.61018766756032,0.0,0
Hinjewadi,Hadapsar,20,3,2,4402,32936,0,26.935393003180373,0.0,0
Hinjewadi,Hadapsar,22,3,0,2855,25719,0,32.43026269702277,0.0,1
Hinjewadi,Hadapsar,22,3,1,2926,25475,0,31.34313055365687,0.0,0
Hinjewadi,Hadapsar,22,3,2,3643,33874,0,33.47416964040626,0.0,0
Hinjewadi,Hadapsar,0,4,0,2855,25719,0,32.43026269702277,0.0,1
Hinjewadi,Hadapsar,0,4,1,2926,25475,0,31.34313055365687,0.0,0
Hinjewadi,Hadapsar,0,4,2,3643,33874,0,33.47416964040626,0.0,0
Hinjewadi,Hadapsar,6,4,0,2903,25719,0,31.894040647605923,0.0,1
Hinjewadi,Hadapsar,6,4,1,2967,25475,0,30.910010111223457,0.0,0
Hinjewadi,Hadapsar,6,4,2,3719,33874,0,32.7901048668997,0.0,0
Hinjewadi,Hadapsar,8,4,0,3035,26786,0,31.772520593080728,0.0,1
Hinjewadi,Hadapsar,8,4,1,3213,26535,0,29.73109243697479,0.0,0
Hinjewadi,Hadapsar,8,4,2,3895,30151,0,27.86741976893453,0.0,0
Hinjewadi,Hadapsar,10,4,0,3167,26786,0,30.44824755288917,0.0,1
Hinjewadi,Hadapsar,10,4,1,3353,26535,0,28.489710706829705,0.0,0
Hinjewadi,Hadapsar,10,4,2,4061,30151,0,26.72829352376262,0.0,0
Hinjewadi,Hadapsar,12,4,0,3322,26786,0,29.02757375075256,0.0,1
Hinjewadi,Hadapsar,12,4,1,3514,26535,0,27.184405236198064,0.0,0
Hinjewadi,Hadapsar,12,4,2,4235,30151,0,25.63012987012987,0.0,0
Hinjewadi,Hadapsar,14,4,0,3359,26786,0,28.70782971122358,0.0,1
Hinjewadi,Hadapsar,14,4,1,3527,26535,0,27.08420754182024,0.0,0
Hinjewadi,Hadapsar,14,4,2,4244,30005,0,25.45193213949105,0.0,0
Hinjewadi,Hadapsar,16,4,0,3500,26786,0,27.551314285714287,0.0,1
Hinjewadi,Hadapsar,16,4,1,3646,26535,0,26.20021941854087,0.0,0
Hinjewadi,Hadapsar,16,4,2,4391,30005,0,24.59986335686632,0.0,0
Hinjewadi,Hadapsar,18,4,0,3603,25301,0,25.279933388842636,0.0,1
Hinjewadi,Hadapsar,18,4,1,3751,25476,0,24.45043988269795,0.0,0
Hinjewadi,Hadapsar,18,4,2,4403,30620,0,25.03565750624574,0.0,0
Hinjewadi,Hadapsar,20,4,0,3325,26786,0,29.001383458646615,0.0,1
Hinjewadi,Hadapsar,20,4,1,3501,26535,0,27.2853470437018,0.0,0
Hinjewadi,Hadapsar,20,4,2,4187,30151,0,25.923955099116316,0.0,0
Hinjewadi,Hadapsar,22,4,0,2855,25719,0,32.43026269702277,0.0,1
Hinjewadi,Hadapsar,22,4,1,2926,25475,0,31.34313055365687,0.0,0
Hinjewadi,Hadapsar,22,4,2,3643,33874,0,33.47416964040626,0.0,0
Hinjewadi,Hadapsar,0,5,0,2855,25719,0,32.43026269702277,0.0,1
Hinjewadi,Hadapsar,0,5,1,2926,25475,0,31.34313055365687,0.0,0
Hinjewadi,Hadapsar,0,5,2,3643,33874,0,33.47416964040626,0.0,0
Hinjewadi,Hadapsar,6,5,0,2931,25719,0,31.58935516888434,0.0,1
Hinjewadi,Hadapsar,6,5,1,3001,25475,0,30.559813395534825,0.0,0
Hinjewadi,Hadapsar,6,5,2,3754,33874,0,32.48438998401705,0.0,0
Hinjewadi,Hadapsar,8,5,0,3451,25301,0,26.393393219356707,0.0,1
Hinjewadi,Hadapsar,8,5,1,3592,25475,0,25.53173719376392,0.0,0
Hinjewadi,Hadapsar,8,5,2,4513,33452,0,26.684511411477956,0.0,0
Hinjewadi,Hadapsar,10,5,0,3762,26786,0,25.632535885167467,0.0,1
Hinjewadi,Hadapsar,10,5,1,3962,26535,0,24.110550227158,0.0,0
Hinjewadi,Hadapsar,10,5,2,4423,30945,0,25.18697716482026,0.0,0
Hinjewadi,Hadapsar,12,5,0,3802,26786,0,25.362861651762238,0.0,1
Hinjewadi,Hadapsar,12,5,1,4006,26535,0,23.84573140289565,0.0,0
Hinjewadi,Hadapsar,12,5,2,4546,31229,0,24.73040035195777,0.0,0
Hinjewadi,Hadapsar,14,5,0,3474,26786,0,27.75751295336788,0.0,1
Hinjewadi,Hadapsar,14,5,1,3638,26535,0,26.257833974711374,0.0,0
Hinjewadi,Hadapsar,14,5,2,4492,30289,0,24.274354407836157,0.0,0
Hinjewadi,Hadapsar,16,5,0,3889,25549,0,23.650398560041143,0.0,0
Hinjewadi,Hadapsar,16,5,1,3876,25586,0,23.7640866873065,0.0,1
Hinjewadi,Hadapsar,16,5,2,4523,31257,0,24.878443510944063,0.0,0
Hinjewadi,Hadapsar,18,5,0,4376,25301,0,20.81435100548446,0.0,1
Hinjewadi,Hadapsar,18,5,1,4652,25476,0,19.71487532244196,0.0,0
Hinjewadi,Hadapsar,18,5,2,5196,30523,0,21.14757505773672,0.0,0
Hinjewadi,Hadapsar,20,5,0,3668,26786,0,26.289422028353325,0.0,1
Hinjewadi,Hadapsar,20,5,1,3876,26535,0,24.645510835913317,0.0,0
Hinjewadi,Hadapsar,20,5,2,4448,32936,0,26.656834532374106,0.0,0
Hinjewadi,Hadapsar,22,5,0,2855,25719,0,32.43026269702277,0.0,1
Hinjewadi,Hadapsar,22,5,1,2926,25475,0,31.34313055365687,0.0,0
Hinjewadi,Hadapsar,22,5,2,3643,33874,0,33.47416964040626,0.0,0
Hinjewadi,Hadapsar,0,6,0,2855,25719,0,32.43026269702277,0.0,1
Hinjewadi,Hadapsar,0,6,1,2926,25475,0,31.34313055365687,0.0,0
Hinjewadi,Hadapsar,0,6,2,3643,33874,0,33.47416964040626,0.0,0
Hinjewadi,Hadapsar,6,6,0,2928,25719,0,31.62172131147541,0.0,1
Hinjewadi,Hadapsar,6,6,1,3013,25475,0,30.438101559907068,0.0,0
Hinjewadi,Hadapsar,6,6,2,3775,33866,0,32.29605298013245,0.0,0
Hinjewadi,Hadapsar,8,6,0,3544,25637,0,26.042099322799096,0.0,1
Hinjewadi,Hadapsar,8,6,1,3701,25475,0,24.779789246149694,0.0,0
Hinjewadi,Hadapsar,8,6,2,4599,33452,0,26.18551859099804,0.0,0
Hinjewadi,Hadapsar,10,6,0,3856,25637,0,23.934958506224067,0.0,1
Hinjewadi,Hadapsar,10,6,1,3988,25476,0,22.997392176529587,0.0,0
Hinjewadi,Hadapsar,10,6,2,4628,31257,0,24.31400172860847,0.0,0
Hinjewadi,Hadapsar,12,6,0,3952,26786,0,24.4002024291498,0.0,1
Hinjewadi,Hadapsar,12,6,1,4256,26914,0,22.7656015037594,0.0,0
Hinjewadi,Hadapsar,12,6,2,4481,30911,0,24.833653202410176,0.0,0
Hinjewadi,Hadapsar,14,6,0,3536,25585,0,26.048076923076923,0.0,1
Hinjewadi,Hadapsar,14,6,1,3617,25475,0,25.355266795687037,0.0,0
Hinjewadi,Hadapsar,14,6,2,4131,31528,0,27.47538126361656,0.0,0
Hinjewadi,Hadapsar,16,6,0,3909,25585,0,23.56254796623177,0.0,1
Hinjewadi,Hadapsar,16,6,1,4015,25475,0,22.841843088418432,0.0,0
Hinjewadi,Hadapsar,16,6,2,5109,33702,0,23.747739283617143,0.0,0
Hinjewadi,Hadapsar,18,6,0,4550,25790,0,20.40527472527473,0.0,1
Hinjewadi,Hadapsar,18,6,1,4966,28059,0,20.34079742247281,0.0,0
Hinjewadi,Hadapsar,18,6,2,5322,31229,0,21.12446448703495,0.0,0
Hinjewadi,Hadapsar,20,6,0,3734,26786,0,25.824745581146225,0.0,1
Hinjewadi,Hadapsar,20,6,1,3928,26535,0,24.31924643584521,0.0,0
Hinjewadi,Hadapsar,20,6,2,4472,32936,0,26.51377459749553,0.0,0
Hinjewadi,Hadapsar,22,6,0,2855,25719,0,32.43026269702277,0.0,1
Hinjewadi,Hadapsar,22,6,1,2926,25475,0,31.34313055365687,0.0,0
Hinjewadi,Hadapsar,22,6,2,3643,33874,0,33.47416964040626,0.0,0
Hinjewadi,University,0,0,0,1356,12455,0,33.06637168141593,0.0,1
Hinjewadi,University,0,0,1,1945,15662,0,28.988791773778924,0.0,0
Hinjewadi,University,0,0,2,1590,14073,0,31.863396226415095,0.0,0
Hinjewadi,University,6,0,0,1385,12455,0,32.374007220216605,0.0,1
Hinjewadi,University,6,0,1,1986,15662,0,28.39033232628399,0.0,0
Hinjewadi,University,6,0,2,1629,14073,0,31.100552486187844,0.0,0
Hinjewadi,University,8,0,0,1631,12455,0,27.49110974862048,0.0,1
Hinjewadi,University,8,0,1,2323,15641,0,24.23917348256565,0.0,0
Hinjewadi,University,8,0,2,1912,13735,0,25.860878661087867,0.0,0
Hinjewadi,University,10,0,0,1726,12455,0,25.97798377752028,0.0,1
Hinjewadi,University,10,0,1,1966,13736,0,25.15239064089522,0.0,0
Hinjewadi,University,10,0,2,2471,18347,0,26.72974504249292,0.0,0
Hinjewadi,University,12,0,0,1753,12455,0,25.577866514546493,0.0,1
Hinjewadi,University,12,0,1,1992,13736,0,24.82409638554217,0.0,0
Hinjewadi,University,12,0,2,2518,18347,0,26.230818109610805,0.0,0
Hinjewadi,University,14,0,0,1626,12455,0,27.575645756457565,0.0,1
Hinjewadi,University,14,0,1,1853,14074,0,27.34290339989207,0.0,0
Hinjewadi,University,14,0,2,2349,15662,0,24.003065134099614,0.0,0
Hinjewadi,University,16,0,0,1721,12455,0,26.053457292271933,0.0,1
Hinjewadi,University,16,0,1,2064,14695,0,25.63081395348837,0.0,0
Hinjewadi,University,16,0,2,2407,18074,0,27.032156211051102,0.0,0
Hinjewadi,University,18,0,0,2130,12455,0,21.050704225352117,0.0,1
Hinjewadi,University,18,0,1,2327,14695,0,22.733992264718523,0.0,0
Hinjewadi,University,18,0,2,2761,18074,0,23.566244114451287,0.0,0
Hinjewadi,University,20,0,0,1847,12455,0,24.276123443421763,0.0,1
Hinjewadi,University,20,0,1,2069,15039,0,26.167423876268728,0.0,0
Hinjewadi,University,20,0,2,2545,15641,0,22.124793713163065,0.0,0
Hinjewadi,University,22,0,0,1356,12455,0,33.06637168141593,0.0,1
Hinjewadi,University,22,0,1,1945,15662,0,28.988791773778924,0.0,0
Hinjewadi,University,22,0,2,1590,14073,0,31.863396226415095,0.0,0
Hinjewadi,University,0,1,0,1356,12455,0,33.06637168141593,0.0,1
Hinjewadi,University,0,1,1,1945,15662,0,28.988791773778924,0.0,0
Hinjewadi,University,0,1,2,1590,14073,0,31.863396226415095,0.0,0
Hinjewadi,University,6,1,0,1379,12455,0,32.514865844815084,0.0,1
Hinjewadi,University,6,1,1,1978,15662,0,28.505156723963605,0.0,0
Hinjewadi,University,6,1,2,1622,14073,0,31.234771886559805,0.0,0
Hinjewadi,University,8,1,0,1603,12455,0,27.97130380536494,0.0,1
Hinjewadi,University,8,1,1,2288,15641,0,24.60996503496504,0.0,0
Hinjewadi,University,8,1,2,1878,13736,0,26.330990415335467,0.0,0
Hinjewadi,University,10,1,0,1716,12455,0,26.12937062937063,0.0,1
Hinjewadi,University,10,1,1,1934,13736,0,25.568562564632884,0.0,0
Hinjewadi,University,10,1,2,2428,18347,0,27.203130148270183,0.0,0
Hinjewadi,University,12,1,0,1749,12455,0,25.63636363636364,0.0,1
Hinjewadi,University,12,1,1,1976,13730,0,25.01417004048583,0.0,0
Hinjewadi,University,12,1,2,2482,18347,0,26.611281224818697,0.0,0
Hinjewadi,University,14,1,0,1608,12455,0,27.88432835820896,0.0,1
Hinjewadi,University,14,1,1,1839,14074,0,27.551060358890695,0.0,0
Hinjewadi,University,14,1,2,2325,15934,0,24.672,0.0,0
Hinjewadi,University,16,1,0,1706,12455,0,26.28253223915592,0.0,1
Hinjewadi,University,16,1,1,2042,14695,0,25.90695396669932,0.0,0
Hinjewadi,University,16,1,2,2406,18074,0,27.04339152119701,0.0,0
Hinjewadi,University,18,1,0,2054,12455,0,21.829600778967865,0.0,1
Hinjewadi,University,18,1,1,2291,14695,0,23.09122653862942,0.0,0
Hinjewadi,University,18,1,2,2750,18074,0,23.66050909090909,0.0,0
Hinjewadi,University,20,1,0,1799,12455,0,24.92384658143413,0.0,1
Hinjewadi,University,20,1,1,2080,15039,0,26.029038461538462,0.0,0
Hinjewadi,University,20,1,2,2535,15641,0,22.21207100591716,0.0,0
Hinjewadi,University,22,1,0,1356,12455,0,33.06637168141593,0.0,1
Hinjewadi,University,22,1,1,1945,15662,0,28.988791773778924,0.0,0
Hinjewadi,University,22,1,2,1590,14073,0,31.863396226415095,0.0,0
Hinjewadi,University,0,2,0,1356,12455,0,33.06637168141593,0.0,1
Hinjewadi,University,0,2,1,1945,15662,0,28.988791773778924,0.0,0
Hinjewadi,University,0,2,2,1590,14073,0,31.863396226415095,0.0,0
Hinjewadi,University,6,2,0,1377,12455,0,32.56209150326797,0.0,1
Hinjewadi,University,6,2,1,1977,15662,0,28.5195751138088,0.0,0
Hinjewadi,University,6,2,2,1617,14073,0,31.33135435992579,0.0,0
Hinjewadi,University,8,2,0,1579,12455,0,28.39645345155161,0.0,1
Hinjewadi,University,8,2,1,2279,15641,0,24.707152259763053,0.0,0
Hinjewadi,University,8,2,2,1881,13736,0,26.288995215311008,0.0,0
Hinjewadi,University,10,2,0,1691,12455,0,26.515671200473093,0.0,1
Hinjewadi,University,10,2,1,1935,13736,0,25.555348837209305,0.0,0
Hinjewadi,University,10,2,2,2441,15913,0,23.468578451454324,0.0,0
Hinjewadi,University,12,2,0,1764,12455,0,25.418367346938776,0.0,1
Hinjewadi,University,12,2,1,1984,13736,0,24.924193548387095,0.0,0
Hinjewadi,University,12,2,2,2489,18347,0,26.536440337484933,0.0,0
Hinjewadi,University,14,2,0,1624,12455,0,27.60960591133005,0.0,1
Hinjewadi,University,14,2,1,1849,14074,0,27.402055164954028,0.0,0
Hinjewadi,University,14,2,2,2363,15913,0,24.243250105797717,0.0,0
Hinjewadi,University,16,2,0,1704,12455,0,26.31338028169014,0.0,1
Hinjewadi,University,16,2,1,1983,13730,0,24.92586989409985,0.0,0
Hinjewadi,University,16,2,2,2458,15913,0,23.306265256305934,0.0,0
Hinjewadi,University,18,2,0,2116,12455,0,21.18998109640832,0.0,1
Hinjewadi,University,18,2,1,2303,14695,0,22.970907511940947,0.0,0
Hinjewadi,University,18,2,2,2866,18074,0,22.702861130495467,0.0,0
Hinjewadi,University,20,2,0,1866,12455,0,24.02893890675241,0.0,1
Hinjewadi,University,20,2,1,2089,15039,0,25.91689803733844,0.0,0
Hinjewadi,University,20,2,2,2568,15641,0,21.92663551401869,0.0,0
Hinjewadi,University,22,2,0,1356,12455,0,33.06637168141593,0.0,1
Hinjewadi,University,22,2,1,1945,15662,0,28.988791773778924,0.0,0
Hinjewadi,University,22,2,2,1590,14073,0,31.863396226415095,0.0,0
Hinjewadi,University,0,3,0,1356,12455,0,33.06637168141593,0.0,1
Hinjewadi,University,0,3,1,1944,15662,0,29.003703703703703,0.0,0
Hinjewadi,University,0,3,2,1590,14073,0,31.863396226415095,0.0,0
Hinjewadi,University,6,3,0,1382,12455,0,32.444283646888564,0.0,1
Hinjewadi,University,6,3,1,1973,15662,0,28.57739483020781,0.0,0
Hinjewadi,University,6,3,2,1621,14073,0,31.25404071560765,0.0,0
Hinjewadi,University,8,3,0,1506,12455,0,29.772908366533866,0.0,1
Hinjewadi,University,8,3,1,2141,15662,0,26.33498365249883,0.0,0
Hinjewadi,University,8,3,2,1759,14073,0,28.80204661739625,0.0,0
Hinjewadi,University,10,3,0,1625,12455,0,27.592615384615385,0.0,1
Hinjewadi,University,10,3,1,2322,15662,0,24.282170542635654,0.0,0
Hinjewadi,University,10,3,2,1908,13736,0,25.91698113207547,0.0,0
Hinjewadi,University,12,3,0,1746,12455,0,25.68041237113402,0.0,1
Hinjewadi,University,12,3,1,2002,13736,0,24.7000999000999,0.0,0
Hinjewadi,University,12,3,2,2479,18347,0,26.6434852763211,0.0,0
Hinjewadi,University,14,3,0,1742,12455,0,25.739380022962116,0.0,1
Hinjewadi,University,14,3,1,1980,13736,0,24.974545454545453,0.0,0
Hinjewadi,University,14,3,2,2521,18347,0,26.199603332011108,0.0,0
Hinjewadi,University,16,3,0,1791,12455,0,25.035175879396984,0.0,1
Hinjewadi,University,16,3,1,2006,13736,0,24.650847457627123,0.0,0
Hinjewadi,University,16,3,2,2611,18347,0,25.29651474530831,0.0,0
Hinjewadi,University,18,3,0,1915,12455,0,23.414099216710184,0.0,1
Hinjewadi,University,18,3,1,2186,13736,0,22.621043000914916,0.0,0
Hinjewadi,University,18,3,2,2856,18347,0,23.126470588235296,0.0,0
Hinjewadi,University,20,3,0,1733,12455,0,25.8730525100981,0.0,1
Hinjewadi,University,20,3,1,2089,15039,0,25.91689803733844,0.0,0
Hinjewadi,University,20,3,2,2349,14431,0,22.11647509578544,0.0,0
Hinjewadi,University,22,3,0,1356,12455,0,33.06637168141593,0.0,1
Hinjewadi,University,22,3,1,1944,15662,0,29.003703703703703,0.0,0
Hinjewadi,University,22,3,2,1590,14073,0,31.863396226415095,0.0,0
Hinjewadi,University,0,4,0,1356,12455,0,33.06637168141593,0.0,1
Hinjewadi,University,0,4,1,1944,15662,0,29.003703703703703,0.0,0
Hinjewadi,University,0,4,2,1590,14073,0,31.863396226415095,0.0,0
Hinjewadi,University,6,4,0,1373,12455,0,32.65695557174072,0.0,1
Hinjewadi,University,6,4,1,1967,15662,0,28.664565327910523,0.0,0
Hinjewadi,University,6,4,2,1610,14073,0,31.467577639751557,0.0,0
Hinjewadi,University,8,4,0,1449,12455,0,30.944099378881987,0.0,1
Hinjewadi,University,8,4,1,2062,15662,0,27.34393792434529,0.0,0
Hinjewadi,University,8,4,2,1693,14073,0,29.9248670998228,0.0,0
Hinjewadi,University,10,4,0,1513,12455,0,29.63516192994052,0.0,1
Hinjewadi,University,10,4,1,2133,15662,0,26.433755274261603,0.0,0
Hinjewadi,University,10,4,2,1749,14073,0,28.96672384219554,0.0,0
Hinjewadi,University,12,4,0,1595,12455,0,28.111598746081505,0.0,1
Hinjewadi,University,12,4,1,2227,15662,0,25.31800628648406,0.0,0
Hinjewadi,University,12,4,2,1873,13735,0,26.39935931660438,0.0,0
Hinjewadi,University,14,4,0,1574,12455,0,28.486658195679794,0.0,1
Hinjewadi,University,14,4,1,2221,15934,0,25.82728500675372,0.0,0
Hinjewadi,University,14,4,2,1803,14073,0,28.099168053244597,0.0,0
Hinjewadi,University,16,4,0,1620,12455,0,27.677777777777777,0.0,1
Hinjewadi,University,16,4,1,2293,15934,0,25.016310510248584,0.0,0
Hinjewadi,University,16,4,2,1897,13730,0,26.05587770163416,0.0,0
Hinjewadi,University,18,4,0,1729,12455,0,25.93290919606709,0.0,1
Hinjewadi,University,18,4,1,1991,13730,0,24.825715720743347,0.0,0
Hinjewadi,University,18,4,2,2449,15934,0,23.422784810126583,0.0,0
Hinjewadi,University,20,4,0,1620,12455,0,27.677777777777777,0.0,1
Hinjewadi,University,20,4,1,2308,15662,0,24.429462738301563,0.0,0
Hinjewadi,University,20,4,2,1869,14074,0,27.108828250401285,0.0,0
Hinjewadi,University,22,4,0,1356,12455,0,33.06637168141593,0.0,1
Hinjewadi,University,22,4,1,1944,15662,0,29.003703703703703,0.0,0
Hinjewadi,University,22,4,2,1590,14073,0,31.863396226415095,0.0,0
Hinjewadi,University,0,5,0,1356,12455,0,33.06637168141593,0.0,1
Hinjewadi,University,0,5,1,1945,15662,0,28.988791773778924,0.0,0
Hinjewadi,University,0,5,2,1590,14073,0,31.863396226415095,0.0,0
Hinjewadi,University,6,5,0,1383,12455,0,32.420824295010846,0.0,1
Hinjewadi,University,6,5,1,1984,15662,0,28.41895161290323,0.0,0
Hinjewadi,University,6,5,2,1622,14073,0,31.234771886559805,0.0,0
Hinjewadi,University,8,5,0,1605,12455,0,27.93644859813084,0.0,1
Hinjewadi,University,8,5,1,2294,15641,0,24.54559721011334,0.0,0
Hinjewadi,University,8,5,2,1874,13736,0,26.3871931696905,0.0,0
Hinjewadi,University,10,5,0,1695,12455,0,26.453097345132743,0.0,1
Hinjewadi,University,10,5,1,1919,13736,0,25.76842105263158,0.0,0
Hinjewadi,University,10,5,2,2417,18074,0,26.92031443938767,0.0,0
Hinjewadi,University,12,5,0,1720,12455,0,26.06860465116279,0.0,1
Hinjewadi,University,12,5,1,1950,13736,0,25.358769230769237,0.0,0
Hinjewadi,University,12,5,2,2454,18347,0,26.91491442542788,0.0,0
Hinjewadi,University,14,5,0,1599,12455,0,28.04127579737336,0.0,1
Hinjewadi,University,14,5,1,2288,15934,0,25.07097902097902,0.0,0
Hinjewadi,University,14,5,2,1825,14074,0,27.76241095890411,0.0,0
Hinjewadi,University,16,5,0,1685,12455,0,26.610089020771515,0.0,1
Hinjewadi,University,16,5,1,1967,13730,0,25.128622267412304,0.0,0
Hinjewadi,University,16,5,2,2389,18347,0,27.647216408539137,0.0,0
Hinjewadi,University,18,5,0,1991,12455,0,22.520341536916124,0.0,1
Hinjewadi,University,18,5,1,2297,14695,0,23.030909882455376,0.0,0
Hinjewadi,University,18,5,2,2688,18074,0,24.20625,0.0,0
Hinjewadi,University,20,5,0,1766,12455,0,25.389580973952437,0.0,1
Hinjewadi,University,20,5,1,2046,15039,0,26.46158357771261,0.0,0
Hinjewadi,University,20,5,2,2469,15641,0,22.805832320777643,0.0,0
Hinjewadi,University,22,5,0,1356,12455,0,33.06637168141593,0.0,1
Hinjewadi,University,22,5,1,1945,15662,0,28.988791773778924,0.0,0
Hinjewadi,University,22,5,2,1590,14073,0,31.863396226415095,0.0,0
Hinjewadi,University,0,6,0,1356,12455,0,33.06637168141593,0.0,1
Hinjewadi,University,0,6,1,1945,15662,0,28.988791773778924,0.0,0
Hinjewadi,University,0,6,2,1590,14073,0,31.863396226415095,0.0,0
Hinjewadi,University,6,6,0,1381,12455,0,32.46777697320782,0.0,1
Hinjewadi,University,6,6,1,1981,15662,0,28.461988894497733,0.0,0
Hinjewadi,University,6,6,2,1625,14073,0,31.177107692307693,0.0,0
Hinjewadi,University,8,6,0,1641,12455,0,27.323583180987203,0.0,1
Hinjewadi,University,8,6,1,2336,15641,0,24.10428082191781,0.0,0
Hinjewadi,University,8,6,2,1924,13736,0,25.7014553014553,0.0,0
Hinjewadi,University,10,6,0,1754,12455,0,25.563283922462944,0.0,1
Hinjewadi,University,10,6,1,1983,13736,0,24.93676248108926,0.0,0
Hinjewadi,University,10,6,2,2494,18347,0,26.483239775461108,0.0,0
Hinjewadi,University,12,6,0,1770,12455,0,25.33220338983051,0.0,1
Hinjewadi,University,12,6,1,2012,13736,0,24.57733598409543,0.0,0
Hinjewadi,University,12,6,2,2528,18347,0,26.12705696202532,0.0,0
Hinjewadi,University,14,6,0,1614,12455,0,27.780669144981413,0.0,1
Hinjewadi,University,14,6,1,2336,15662,0,24.13664383561644,0.0,0
Hinjewadi,University,14,6,2,1862,14074,0,27.210741138560685,0.0,0
Hinjewadi,University,16,6,0,1745,12455,0,25.69512893982808,0.0,1
Hinjewadi,University,16,6,1,2074,14695,0,25.507232401157182,0.0,0
Hinjewadi,University,16,6,2,2422,18074,0,26.864739884393064,0.0,0
Hinjewadi,University,18,6,0,2149,12455,0,20.86458818054909,0.0,1
Hinjewadi,University,18,6,1,2328,14695,0,22.724226804123717,0.0,0
Hinjewadi,University,18,6,2,2800,18074,0,23.238000000000003,0.0,0
Hinjewadi,University,20,6,0,1826,12455,0,24.5553121577218,0.0,1
Hinjewadi,University,20,6,1,2071,15039,0,26.14215354901014,0.0,0
Hinjewadi,University,20,6,2,2528,15641,0,22.27357594936709,0.0,0
Hinjewadi,University,22,6,0,1356,12455,0,33.06637168141593,0.0,1
Hinjewadi,University,22,6,1,1945,15662,0,28.988791773778924,0.0,0
Hinjewadi,University,22,6,2,1590,14073,0,31.863396226415095,0.0,0
Hinjewadi,University,0,0,0,1356,12455,0,33.06637168141593,0.0,1
Hinjewadi,University,0,0,1,1945,15662,0,28.988791773778924,0.0,0
Hinjewadi,University,0,0,2,1590,14073,0,31.863396226415095,0.0,0
Hinjewadi,University,6,0,0,1385,12455,0,32.374007220216605,0.0,1
Hinjewadi,University,6,0,1,1986,15662,0,28.39033232628399,0.0,0
Hinjewadi,University,6,0,2,1629,14073,0,31.100552486187844,0.0,0
Hinjewadi,University,8,0,0,1631,12455,0,27.49110974862048,0.0,1
Hinjewadi,University,8,0,1,2323,15641,0,24.23917348256565,0.0,0
Hinjewadi,University,8,0,2,1912,13735,0,25.860878661087867,0.0,0
Hinjewadi,University,10,0,0,1726,12455,0,25.97798377752028,0.0,1
Hinjewadi,University,10,0,1,1966,13736,0,25.15239064089522,0.0,0
Hinjewadi,University,10,0,2,2471,18347,0,26.72974504249292,0.0,0
Hinjewadi,University,12,0,0,1753,12455,0,25.577866514546493,0.0,1
Hinjewadi,University,12,0,1,1992,13736,0,24.82409638554217,0.0,0
Hinjewadi,University,12,0,2,2518,18347,0,26.230818109610805,0.0,0
Hinjewadi,University,14,0,0,1626,12455,0,27.575645756457565,0.0,1
Hinjewadi,University,14,0,1,1853,14074,0,27.34290339989207,0.0,0
Hinjewadi,University,14,0,2,2349,15662,0,24.003065134099614,0.0,0
Hinjewadi,University,16,0,0,1721,12455,0,26.053457292271933,0.0,1
Hinjewadi,University,16,0,1,2064,14695,0,25.63081395348837,0.0,0
Hinjewadi,University,16,0,2,2407,18074,0,27.032156211051102,0.0,0
Hinjewadi,University,18,0,0,2130,12455,0,21.050704225352117,0.0,1
Hinjewadi,University,18,0,1,2327,14695,0,22.733992264718523,0.0,0
Hinjewadi,University,18,0,2,2761,18074,0,23.566244114451287,0.0,0
Hinjewadi,University,20,0,0,1847,12455,0,24.276123443421763,0.0,1
Hinjewadi,University,20,0,1,2069,15039,0,26.167423876268728,0.0,0
Hinjewadi,University,20,0,2,2545,15641,0,22.124793713163065,0.0,0
Hinjewadi,University,22,0,0,1356,12455,0,33.06637168141593,0.0,1
Hinjewadi,University,22,0,1,1945,15662,0,28.988791773778924,0.0,0
Hinjewadi,University,22,0,2,1590,14073,0,31.863396226415095,0.0,0
Hinjewadi,University,0,1,0,1356,12455,0,33.06637168141593,0.0,1
Hinjewadi,University,0,1,1,1945,15662,0,28.988791773778924,0.0,0
Hinjewadi,University,0,1,2,1590,14073,0,31.863396226415095,0.0,0
Hinjewadi,University,6,1,0,1379,12455,0,32.514865844815084,0.0,1
Hinjewadi,University,6,1,1,1978,15662,0,28.505156723963605,0.0,0
Hinjewadi,University,6,1,2,1622,14073,0,31.234771886559805,0.0,0
Hinjewadi,University,8,1,0,1603,12455,0,27.97130380536494,0.0,1
Hinjewadi,University,8,1,1,2288,15641,0,24.60996503496504,0.0,0
Hinjewadi,University,8,1,2,1878,13736,0,26.330990415335467,0.0,0
Hinjewadi,University,10,1,0,1716,12455,0,26.12937062937063,0.0,1
Hinjewadi,University,10,1,1,1934,13736,0,25.568562564632884,0.0,0
Hinjewadi,University,10,1,2,2428,18347,0,27.203130148270183,0.0,0
Hinjewadi,University,12,1,0,1749,12455,0,25.63636363636364,0.0,1
Hinjewadi,University,12,1,1,1976,13730,0,25.01417004048583,0.0,0
Hinjewadi,University,12,1,2,2482,18347,0,26.611281224818697,0.0,0
Hinjewadi,University,14,1,0,1608,12455,0,27.88432835820896,0.0,1
Hinjewadi,University,14,1,1,1839,14074,0,27.551060358890695,0.0,0
Hinjewadi,University,14,1,2,2325,15934,0,24.672,0.0,0
Hinjewadi,University,16,1,0,1706,12455,0,26.28253223915592,0.0,1
Hinjewadi,University,16,1,1,2042,14695,0,25.90695396669932,0.0,0
Hinjewadi,University,16,1,2,2406,18074,0,27.04339152119701,0.0,0
Hinjewadi,University,18,1,0,2054,12455,0,21.829600778967865,0.0,1
Hinjewadi,University,18,1,1,2291,14695,0,23.09122653862942,0.0,0
Hinjewadi,University,18,1,2,2750,18074,0,23.66050909090909,0.0,0
Hinjewadi,University,20,1,0,1799,12455,0,24.92384658143413,0.0,1
Hinjewadi,University,20,1,1,2080,15039,0,26.029038461538462,0.0,0
Hinjewadi,University,20,1,2,2535,15641,0,22.21207100591716,0.0,0
Hinjewadi,University,22,1,0,1356,12455,0,33.06637168141593,0.0,1
Hinjewadi,University,22,1,1,1945,15662,0,28.988791773778924,0.0,0
Hinjewadi,University,22,1,2,1590,14073,0,31.863396226415095,0.0,0
Hinjewadi,University,0,2,0,1356,12455,0,33.06637168141593,0.0,1
Hinjewadi,University,0,2,1,1945,15662,0,28.988791773778924,0.0,0
Hinjewadi,University,0,2,2,1590,14073,0,31.863396226415095,0.0,0
Hinjewadi,University,6,2,0,1377,12455,0,32.56209150326797,0.0,1
Hinjewadi,University,6,2,1,1977,15662,0,28.5195751138088,0.0,0
Hinjewadi,University,6,2,2,1617,14073,0,31.33135435992579,0.0,0
Hinjewadi,University,8,2,0,1579,12455,0,28.39645345155161,0.0,1
Hinjewadi,University,8,2,1,2279,15641,0,24.707152259763053,0.0,0
Hinjewadi,University,8,2,2,1881,13736,0,26.288995215311008,0.0,0
Hinjewadi,University,10,2,0,1691,12455,0,26.515671200473093,0.0,1
Hinjewadi,University,10,2,1,1935,13736,0,25.555348837209305,0.0,0
Hinjewadi,University,10,2,2,2441,15913,0,23.468578451454324,0.0,0
Hinjewadi,University,12,2,0,1764,12455,0,25.418367346938776,0.0,1
Hinjewadi,University,12,2,1,1984,13736,0,24.924193548387095,0.0,0
Hinjewadi,University,12,2,2,2489,18347,0,26.536440337484933,0.0,0
Hinjewadi,University,14,2,0,1624,12455,0,27.60960591133005,0.0,1
Hinjewadi,University,14,2,1,1849,14074,0,27.402055164954028,0.0,0
Hinjewadi,University,14,2,2,2363,15913,0,24.243250105797717,0.0,0
Hinjewadi,University,16,2,0,1704,12455,0,26.31338028169014,0.0,1
Hinjewadi,University,16,2,1,1983,13730,0,24.92586989409985,0.0,0
Hinjewadi,University,16,2,2,2458,15913,0,23.306265256305934,0.0,0
Hinjewadi,University,18,2,0,2116,12455,0,21.18998109640832,0.0,1
Hinjewadi,University,18,2,1,2303,14695,0,22.970907511940947,0.0,0
Hinjewadi,University,18,2,2,2866,18074,0,22.702861130495467,0.0,0
Hinjewadi,University,20,2,0,1866,12455,0,24.02893890675241,0.0,1
Hinjewadi,University,20,2,1,2089,15039,0,25.91689803733844,0.0,0
Hinjewadi,University,20,2,2,2568,15641,0,21.92663551401869,0.0,0
Hinjewadi,University,22,2,0,1356,12455,0,33.06637168141593,0.0,1
Hinjewadi,University,22,2,1,1945,15662,0,28.988791773778924,0.0,0
Hinjewadi,University,22,2,2,1590,14073,0,31.863396226415095,0.0,0
Hinjewadi,University,0,3,0,1356,12455,0,33.06637168141593,0.0,1
Hinjewadi,University,0,3,1,1944,15662,0,29.003703703703703,0.0,0
Hinjewadi,University,0,3,2,1590,14073,0,31.863396226415095,0.0,0
Hinjewadi,University,6,3,0,1382,12455,0,32.444283646888564,0.0,1
Hinjewadi,University,6,3,1,1973,15662,0,28.57739483020781,0.0,0
Hinjewadi,University,6,3,2,1621,14073,0,31.25404071560765,0.0,0
Hinjewadi,University,8,3,0,1506,12455,0,29.772908366533866,0.0,1
Hinjewadi,University,8,3,1,2141,15662,0,26.33498365249883,0.0,0
Hinjewadi,University,8,3,2,1759,14073,0,28.80204661739625,0.0,0
Hinjewadi,University,10,3,0,1625,12455,0,27.592615384615385,0.0,1
Hinjewadi,University,10,3,1,2322,15662,0,24.282170542635654,0.0,0
Hinjewadi,University,10,3,2,1908,13736,0,25.91698113207547,0.0,0
Hinjewadi,University,12,3,0,1746,12455,0,25.68041237113402,0.0,1
Hinjewadi,University,12,3,1,2002,13736,0,24.7000999000999,0.0,0
Hinjewadi,University,12,3,2,2479,18347,0,26.6434852763211,0.0,0
Hinjewadi,University,14,3,0,1742,12455,0,25.739380022962116,0.0,1
Hinjewadi,University,14,3,1,1980,13736,0,24.974545454545453,0.0,0
Hinjewadi,University,14,3,2,2521,18347,0,26.199603332011108,0.0,0
Hinjewadi,University,16,3,0,1791,12455,0,25.035175879396984,0.0,1
Hinjewadi,University,16,3,1,2006,13736,0,24.650847457627123,0.0,0
Hinjewadi,University,16,3,2,2611,18347,0,25.29651474530831,0.0,0
Hinjewadi,University,18,3,0,1915,12455,0,23.414099216710184,0.0,1
Hinjewadi,University,18,3,1,2186,13736,0,22.621043000914916,0.0,0
Hinjewadi,University,18,3,2,2856,18347,0,23.126470588235296,0.0,0
Hinjewadi,University,20,3,0,1733,12455,0,25.8730525100981,0.0,1
Hinjewadi,University,20,3,1,2089,15039,0,25.91689803733844,0.0,0
Hinjewadi,University,20,3,2,2349,14431,0,22.11647509578544,0.0,0
Hinjewadi,University,22,3,0,1356,12455,0,33.06637168141593,0.0,1
Hinjewadi,University,22,3,1,1944,15662,0,29.003703703703703,0.0,0
Hinjewadi,University,22,3,2,1590,14073,0,31.863396226415095,0.0,0
Hinjewadi,University,0,4,0,1356,12455,0,33.06637168141593,0.0,1
Hinjewadi,University,0,4,1,1944,15662,0,29.003703703703703,0.0,0
Hinjewadi,University,0,4,2,1590,14073,0,31.863396226415095,0.0,0
Hinjewadi,University,6,4,0,1373,12455,0,32.65695557174072,0.0,1
Hinjewadi,University,6,4,1,1967,15662,0,28.664565327910523,0.0,0
Hinjewadi,University,6,4,2,1610,14073,0,31.467577639751557,0.0,0
Hinjewadi,University,8,4,0,1449,12455,0,30.944099378881987,0.0,1
Hinjewadi,University,8,4,1,2062,15662,0,27.34393792434529,0.0,0
Hinjewadi,University,8,4,2,1693,14073,0,29.9248670998228,0.0,0
Hinjewadi,University,10,4,0,1513,12455,0,29.63516192994052,0.0,1
Hinjewadi,University,10,4,1,2133,15662,0,26.433755274261603,0.0,0
Hinjewadi,University,10,4,2,1749,14073,0,28.96672384219554,0.0,0
Hinjewadi,University,12,4,0,1595,12455,0,28.111598746081505,0.0,1
Hinjewadi,University,12,4,1,2227,15662,0,25.31800628648406,0.0,0
Hinjewadi,University,12,4,2,1873,13735,0,26.39935931660438,0.0,0
Hinjewadi,University,14,4,0,1574,12455,0,28.486658195679794,0.0,1
Hinjewadi,University,14,4,1,2221,15934,0,25.82728500675372,0.0,0
Hinjewadi,University,14,4,2,1803,14073,0,28.099168053244597,0.0,0
Hinjewadi,University,16,4,0,1620,12455,0,27.677777777777777,0.0,1
Hinjewadi,University,16,4,1,2293,15934,0,25.016310510248584,0.0,0
Hinjewadi,University,16,4,2,1897,13730,0,26.05587770163416,0.0,0
Hinjewadi,University,18,4,0,1729,12455,0,25.93290919606709,0.0,1
Hinjewadi,University,18,4,1,1991,13730,0,24.825715720743347,0.0,0
Hinjewadi,University,18,4,2,2449,15934,0,23.422784810126583,0.0,0
Hinjewadi,University,20,4,0,1620,12455,0,27.677777777777777,0.0,1
Hinjewadi,University,20,4,1,2308,15662,0,24.429462738301563,0.0,0
Hinjewadi,University,20,4,2,1869,14074,0,27.108828250401285,0.0,0
Hinjewadi,University,22,4,0,1356,12455,0,33.06637168141593,0.0,1
Hinjewadi,University,22,4,1,1944,15662,0,29.003703703703703,0.0,0
Hinjewadi,University,22,4,2,1590,14073,0,31.863396226415095,0.0,0
Hinjewadi,University,0,5,0,1356,12455,0,33.06637168141593,0.0,1
Hinjewadi,University,0,5,1,1945,15662,0,28.988791773778924,0.0,0
Hinjewadi,University,0,5,2,1590,14073,0,31.863396226415095,0.0,0
Hinjewadi,University,6,5,0,1383,12455,0,32.420824295010846,0.0,1
Hinjewadi,University,6,5,1,1984,15662,0,28.41895161290323,0.0,0
Hinjewadi,University,6,5,2,1622,14073,0,31.234771886559805,0.0,0
Hinjewadi,University,8,5,0,1605,12455,0,27.93644859813084,0.0,1
Hinjewadi,University,8,5,1,2294,15641,0,24.54559721011334,0.0,0
Hinjewadi,University,8,5,2,1874,13736,0,26.3871931696905,0.0,0
Hinjewadi,University,10,5,0,1695,12455,0,26.453097345132743,0.0,1
Hinjewadi,University,10,5,1,1919,13736,0,25.76842105263158,0.0,0
Hinjewadi,University,10,5,2,2417,18074,0,26.92031443938767,0.0,0
Hinjewadi,University,12,5,0,1720,12455,0,26.06860465116279,0.0,1
Hinjewadi,University,12,5,1,1950,13736,0,25.358769230769237,0.0,0
Hinjewadi,University,12,5,2,2454,18347,0,26.91491442542788,0.0,0
Hinjewadi,University,14,5,0,1599,12455,0,28.04127579737336,0.0,1
Hinjewadi,University,14,5,1,2288,15934,0,25.07097902097902,0.0,0
Hinjewadi,University,14,5,2,1825,14074,0,27.76241095890411,0.0,0
Hinjewadi,University,16,5,0,1685,12455,0,26.610089020771515,0.0,1
Hinjewadi,University,16,5,1,1967,13730,0,25.128622267412304,0.0,0
Hinjewadi,University,16,5,2,2389,18347,0,27.647216408539137,0.0,0
Hinjewadi,University,18,5,0,1991,12455,0,22.520341536916124,0.0,1
Hinjewadi,University,18,5,1,2297,14695,0,23.030909882455376,0.0,0
Hinjewadi,University,18,5,2,2688,18074,0,24.20625,0.0,0
Hinjewadi,University,20,5,0,1766,12455,0,25.389580973952437,0.0,1
Hinjewadi,University,20,5,1,2046,15039,0,26.46158357771261,0.0,0
Hinjewadi,University,20,5,2,2469,15641,0,22.805832320777643,0.0,0
Hinjewadi,University,22,5,0,1356,12455,0,33.06637168141593,0.0,1
Hinjewadi,University,22,5,1,1945,15662,0,28.988791773778924,0.0,0
Hinjewadi,University,22,5,2,1590,14073,0,31.863396226415095,0.0,0
Hinjewadi,University,0,6,0,1356,12455,0,33.06637168141593,0.0,1
Hinjewadi,University,0,6,1,1945,15662,0,28.988791773778924,0.0,0
Hinjewadi,University,0,6,2,1590,14073,0,31.863396226415095,0.0,0
Hinjewadi,University,6,6,0,1381,12455,0,32.46777697320782,0.0,1
Hinjewadi,University,6,6,1,1981,15662,0,28.461988894497733,0.0,0
Hinjewadi,University,6,6,2,1625,14073,0,31.177107692307693,0.0,0
Hinjewadi,University,8,6,0,1641,12455,0,27.323583180987203,0.0,1
Hinjewadi,University,8,6,1,2336,15641,0,24.10428082191781,0.0,0
Hinjewadi,University,8,6,2,1924,13736,0,25.7014553014553,0.0,0
Hinjewadi,University,10,6,0,1754,12455,0,25.563283922462944,0.0,1
Hinjewadi,University,10,6,1,1983,13736,0,24.93676248108926,0.0,0
Hinjewadi,University,10,6,2,2494,18347,0,26.483239775461108,0.0,0
Hinjewadi,University,12,6,0,1770,12455,0,25.33220338983051,0.0,1
Hinjewadi,University,12,6,1,2012,13736,0,24.57733598409543,0.0,0
Hinjewadi,University,12,6,2,2528,18347,0,26.12705696202532,0.0,0
Hinjewadi,University,14,6,0,1614,12455,0,27.780669144981413,0.0,1
Hinjewadi,University,14,6,1,2336,15662,0,24.13664383561644,0.0,0
Hinjewadi,University,14,6,2,1862,14074,0,27.210741138560685,0.0,0
Hinjewadi,University,16,6,0,1745,12455,0,25.69512893982808,0.0,1
Hinjewadi,University,16,6,1,2074,14695,0,25.507232401157182,0.0,0
Hinjewadi,University,16,6,2,2422,18074,0,26.864739884393064,0.0,0
Hinjewadi,University,18,6,0,2149,12455,0,20.86458818054909,0.0,1
Hinjewadi,University,18,6,1,2328,14695,0,22.724226804123717,0.0,0
Hinjewadi,University,18,6,2,2800,18074,0,23.238000000000003,0.0,0
Hinjewadi,University,20,6,0,1826,12455,0,24.5553121577218,0.0,1
Hinjewadi,University,20,6,1,2071,15039,0,26.14215354901014,0.0,0
Hinjewadi,University,20,6,2,2528,15641,0,22.27357594936709,0.0,0
Hinjewadi,University,22,6,0,1356,12455,0,33.06637168141593,0.0,1
Hinjewadi,University,22,6,1,1945,15662,0,28.988791773778924,0.0,0
Hinjewadi,University,22,6,2,1590,14073,0,31.863396226415095,0.0,0
Hinjewadi,University,0,0,0,1356,12455,0,33.06637168141593,0.0,1
Hinjewadi,University,0,0,1,1945,15662,0,28.988791773778924,0.0,0
Hinjewadi,University,0,0,2,1590,14073,0,31.863396226415095,0.0,0
Hinjewadi,University,6,0,0,1385,12455,0,32.374007220216605,0.0,1
Hinjewadi,University,6,0,1,1986,15662,0,28.39033232628399,0.0,0
Hinjewadi,University,6,0,2,1629,14073,0,31.100552486187844,0.0,0
Hinjewadi,University,8,0,0,1631,12455,0,27.49110974862048,0.0,1
Hinjewadi,University,8,0,1,2323,15641,0,24.23917348256565,0.0,0
Hinjewadi,University,8,0,2,1912,13735,0,25.860878661087867,0.0,0
Hinjewadi,University,10,0,0,1726,12455,0,25.97798377752028,0.0,1
Hinjewadi,University,10,0,1,1966,13736,0,25.15239064089522,0.0,0
Hinjewadi,University,10,0,2,2471,18347,0,26.72974504249292,0.0,0
Hinjewadi,University,12,0,0,1753,12455,0,25.577866514546493,0.0,1
Hinjewadi,University,12,0,1,1992,13736,0,24.82409638554217,0.0,0
Hinjewadi,University,12,0,2,2518,18347,0,26.230818109610805,0.0,0
Hinjewadi,University,14,0,0,1626,12455,0,27.575645756457565,0.0,1
Hinjewadi,University,14,0,1,1853,14074,0,27.34290339989207,0.0,0
Hinjewadi,University,14,0,2,2349,15662,0,24.003065134099614,0.0,0
Hinjewadi,University,16,0,0,1721,12455,0,26.053457292271933,0.0,1
Hinjewadi,University,16,0,1,2064,14695,0,25.63081395348837,0.0,0
Hinjewadi,University,16,0,2,2407,18074,0,27.032156211051102,0.0,0
Hinjewadi,University,18,0,0,2130,12455,0,21.050704225352117,0.0,1
Hinjewadi,University,18,0,1,2327,14695,0,22.733992264718523,0.0,0
Hinjewadi,University,18,0,2,2761,18074,0,23.566244114451287,0.0,0
Hinjewadi,University,20,0,0,1847,12455,0,24.276123443421763,0.0,1
Hinjewadi,University,20,0,1,2069,15039,0,26.167423876268728,0.0,0
Hinjewadi,University,20,0,2,2545,15641,0,22.124793713163065,0.0,0
Hinjewadi,University,22,0,0,1356,12455,0,33.06637168141593,0.0,1
Hinjewadi,University,22,0,1,1945,15662,0,28.988791773778924,0.0,0
Hinjewadi,University,22,0,2,1590,14073,0,31.863396226415095,0.0,0
Hinjewadi,University,0,1,0,1356,12455,0,33.06637168141593,0.0,1
Hinjewadi,University,0,1,1,1945,15662,0,28.988791773778924,0.0,0
Hinjewadi,University,0,1,2,1590,14073,0,31.863396226415095,0.0,0
Hinjewadi,University,6,1,0,1379,12455,0,32.514865844815084,0.0,1
Hinjewadi,University,6,1,1,1978,15662,0,28.505156723963605,0.0,0
Hinjewadi,University,6,1,2,1622,14073,0,31.234771886559805,0.0,0
Hinjewadi,University,8,1,0,1603,12455,0,27.97130380536494,0.0,1
Hinjewadi,University,8,1,1,2288,15641,0,24.60996503496504,0.0,0
Hinjewadi,University,8,1,2,1878,13736,0,26.330990415335467,0.0,0
Hinjewadi,University,10,1,0,1716,12455,0,26.12937062937063,0.0,1
Hinjewadi,University,10,1,1,1934,13736,0,25.568562564632884,0.0,0
Hinjewadi,University,10,1,2,2428,18347,0,27.203130148270183,0.0,0
Hinjewadi,University,12,1,0,1749,12455,0,25.63636363636364,0.0,1
Hinjewadi,University,12,1,1,1976,13730,0,25.01417004048583,0.0,0
Hinjewadi,University,12,1,2,2482,18347,0,26.611281224818697,0.0,0
Hinjewadi,University,14,1,0,1608,12455,0,27.88432835820896,0.0,1
Hinjewadi,University,14,1,1,1839,14074,0,27.551060358890695,0.0,0
Hinjewadi,University,14,1,2,2325,15934,0,24.672,0.0,0
Hinjewadi,University,16,1,0,1706,12455,0,26.28253223915592,0.0,1
Hinjewadi,University,16,1,1,2042,14695,0,25.90695396669932,0.0,0
Hinjewadi,University,16,1,2,2406,18074,0,27.04339152119701,0.0,0
Hinjewadi,University,18,1,0,2054,12455,0,21.829600778967865,0.0,1
Hinjewadi,University,18,1,1,2291,14695,0,23.09122653862942,0.0,0
Hinjewadi,University,18,1,2,2750,18074,0,23.66050909090909,0.0,0
Hinjewadi,University,20,1,0,1799,12455,0,24.92384658143413,0.0,1
Hinjewadi,University,20,1,1,2080,15039,0,26.029038461538462,0.0,0
Hinjewadi,University,20,1,2,2535,15641,0,22.21207100591716,0.0,0
Hinjewadi,University,22,1,0,1356,12455,0,33.06637168141593,0.0,1
Hinjewadi,University,22,1,1,1945,15662,0,28.988791773778924,0.0,0
Hinjewadi,University,22,1,2,1590,14073,0,31.863396226415095,0.0,0
Hinjewadi,University,0,2,0,1356,12455,0,33.06637168141593,0.0,1
Hinjewadi,University,0,2,1,1945,15662,0,28.988791773778924,0.0,0
Hinjewadi,University,0,2,2,1590,14073,0,31.863396226415095,0.0,0
Hinjewadi,University,6,2,0,1377,12455,0,32.56209150326797,0.0,1
Hinjewadi,University,6,2,1,1977,15662,0,28.5195751138088,0.0,0
Hinjewadi,University,6,2,2,1617,14073,0,31.33135435992579,0.0,0
Hinjewadi,University,8,2,0,1579,12455,0,28.39645345155161,0.0,1
Hinjewadi,University,8,2,1,2279,15641,0,24.707152259763053,0.0,0
Hinjewadi,University,8,2,2,1881,13736,0,26.288995215311008,0.0,0
Hinjewadi,University,10,2,0,1691,12455,0,26.515671200473093,0.0,1
Hinjewadi,University,10,2,1,1935,13736,0,25.555348837209305,0.0,0
Hinjewadi,University,10,2,2,2441,15913,0,23.468578451454324,0.0,0
Hinjewadi,University,12,2,0,1764,12455,0,25.418367346938776,0.0,1
Hinjewadi,University,12,2,1,1984,13736,0,24.924193548387095,0.0,0
Hinjewadi,University,12,2,2,2489,18347,0,26.536440337484933,0.0,0
Hinjewadi,University,14,2,0,1624,12455,0,27.60960591133005,0.0,1
Hinjewadi,University,14,2,1,1849,14074,0,27.402055164954028,0.0,0
Hinjewadi,University,14,2,2,2363,15913,0,24.243250105797717,0.0,0
Hinjewadi,University,16,2,0,1704,12455,0,26.31338028169014,0.0,1
Hinjewadi,University,16,2,1,1983,13730,0,24.92586989409985,0.0,0
Hinjewadi,University,16,2,2,2458,15913,0,23.306265256305934,0.0,0
Hinjewadi,University,18,2,0,2116,12455,0,21.18998109640832,0.0,1
Hinjewadi,University,18,2,1,2303,14695,0,22.970907511940947,0.0,0
Hinjewadi,University,18,2,2,2866,18074,0,22.702861130495467,0.0,0
Hinjewadi,University,20,2,0,1866,12455,0,24.02893890675241,0.0,1
Hinjewadi,University,20,2,1,2089,15039,0,25.91689803733844,0.0,0
Hinjewadi,University,20,2,2,2568,15641,0,21.92663551401869,0.0,0
Hinjewadi,University,22,2,0,1356,12455,0,33.06637168141593,0.0,1
Hinjewadi,University,22,2,1,1945,15662,0,28.988791773778924,0.0,0
Hinjewadi,University,22,2,2,1590,14073,0,31.863396226415095,0.0,0
Hinjewadi,University,0,3,0,1356,12455,0,33.06637168141593,0.0,1
Hinjewadi,University,0,3,1,1944,15662,0,29.003703703703703,0.0,0
Hinjewadi,University,0,3,2,1590,14073,0,31.863396226415095,0.0,0
Hinjewadi,University,6,3,0,1382,12455,0,32.444283646888564,0.0,1
Hinjewadi,University,6,3,1,1973,15662,0,28.57739483020781,0.0,0
Hinjewadi,University,6,3,2,1621,14073,0,31.25404071560765,0.0,0
Hinjewadi,University,8,3,0,1506,12455,0,29.772908366533866,0.0,1
Hinjewadi,University,8,3,1,2141,15662,0,26.33498365249883,0.0,0
Hinjewadi,University,8,3,2,1759,14073,0,28.80204661739625,0.0,0
Hinjewadi,University,10,3,0,1625,12455,0,27.592615384615385,0.0,1
Hinjewadi,University,10,3,1,2322,15662,0,24.282170542635654,0.0,0
Hinjewadi,University,10,3,2,1908,13736,0,25.91698113207547,0.0,0
Hinjewadi,University,12,3,0,1746,12455,0,25.68041237113402,0.0,1
Hinjewadi,University,12,3,1,2002,13736,0,24.7000999000999,0.0,0
Hinjewadi,University,12,3,2,2479,18347,0,26.6434852763211,0.0,0
Hinjewadi,University,14,3,0,1742,12455,0,25.739380022962116,0.0,1
Hinjewadi,University,14,3,1,1980,13736,0,24.974545454545453,0.0,0
Hinjewadi,University,14,3,2,2521,18347,0,26.199603332011108,0.0,0
Hinjewadi,University,16,3,0,1791,12455,0,25.035175879396984,0.0,1
Hinjewadi,University,16,3,1,2006,13736,0,24.650847457627123,0.0,0
Hinjewadi,University,16,3,2,2611,18347,0,25.29651474530831,0.0,0
Hinjewadi,University,18,3,0,1915,12455,0,23.414099216710184,0.0,1
Hinjewadi,University,18,3,1,2186,13736,0,22.621043000914916,0.0,0
Hinjewadi,University,18,3,2,2856,18347,0,23.126470588235296,0.0,0
Hinjewadi,University,20,3,0,1733,12455,0,25.8730525100981,0.0,1
Hinjewadi,University,20,3,1,2089,15039,0,25.91689803733844,0.0,0
Hinjewadi,University,20,3,2,2349,14431,0,22.11647509578544,0.0,0
Hinjewadi,University,22,3,0,1356,12455,0,33.06637168141593,0.0,1
Hinjewadi,University,22,3,1,1944,15662,0,29.003703703703703,0.0,0
Hinjewadi,University,22,3,2,1590,14073,0,31.863396226415095,0.0,0
Hinjewadi,University,0,4,0,1356,12455,0,33.06637168141593,0.0,1
Hinjewadi,University,0,4,1,1944,15662,0,29.003703703703703,0.0,0
Hinjewadi,University,0,4,2,1590,14073,0,31.863396226415095,0.0,0
Hinjewadi,University,6,4,0,1373,12455,0,32.65695557174072,0.0,1
Hinjewadi,University,6,4,1,1967,15662,0,28.664565327910523,0.0,0
Hinjewadi,University,6,4,2,1610,14073,0,31.467577639751557,0.0,0
Hinjewadi,University,8,4,0,1449,12455,0,30.944099378881987,0.0,1
Hinjewadi,University,8,4,1,2062,15662,0,27.34393792434529,0.0,0
Hinjewadi,University,8,4,2,1693,14073,0,29.9248670998228,0.0,0
Hinjewadi,University,10,4,0,1513,12455,0,29.63516192994052,0.0,1
Hinjewadi,University,10,4,1,2133,15662,0,26.433755274261603,0.0,0
Hinjewadi,University,10,4,2,1749,14073,0,28.96672384219554,0.0,0
Hinjewadi,University,12,4,0,1595,12455,0,28.111598746081505,0.0,1
Hinjewadi,University,12,4,1,2227,15662,0,25.31800628648406,0.0,0
Hinjewadi,University,12,4,2,1873,13735,0,26.39935931660438,0.0,0
Hinjewadi,University,14,4,0,1574,12455,0,28.486658195679794,0.0,1
Hinjewadi,University,14,4,1,2221,15934,0,25.82728500675372,0.0,0
Hinjewadi,University,14,4,2,1803,14073,0,28.099168053244597,0.0,0
Hinjewadi,University,16,4,0,1620,12455,0,27.677777777777777,0.0,1
Hinjewadi,University,16,4,1,2293,15934,0,25.016310510248584,0.0,0
Hinjewadi,University,16,4,2,1897,13730,0,26.05587770163416,0.0,0
Hinjewadi,University,18,4,0,1729,12455,0,25.93290919606709,0.0,1
Hinjewadi,University,18,4,1,1991,13730,0,24.825715720743347,0.0,0
Hinjewadi,University,18,4,2,2449,15934,0,23.422784810126583,0.0,0
Hinjewadi,University,20,4,0,1620,12455,0,27.677777777777777,0.0,1
Hinjewadi,University,20,4,1,2308,15662,0,24.429462738301563,0.0,0
Hinjewadi,University,20,4,2,1869,14074,0,27.108828250401285,0.0,0
Hinjewadi,University,22,4,0,1356,12455,0,33.06637168141593,0.0,1
Hinjewadi,University,22,4,1,1944,15662,0,29.003703703703703,0.0,0
Hinjewadi,University,22,4,2,1590,14073,0,31.863396226415095,0.0,0
Hinjewadi,University,0,5,0,1356,12455,0,33.06637168141593,0.0,1
Hinjewadi,University,0,5,1,1945,15662,0,28.988791773778924,0.0,0
Hinjewadi,University,0,5,2,1590,14073,0,31.863396226415095,0.0,0
Hinjewadi,University,6,5,0,1383,12455,0,32.420824295010846,0.0,1
Hinjewadi,University,6,5,1,1984,15662,0,28.41895161290323,0.0,0
Hinjewadi,University,6,5,2,1622,14073,0,31.234771886559805,0.0,0
Hinjewadi,University,8,5,0,1605,12455,0,27.93644859813084,0.0,1
Hinjewadi,University,8,5,1,2294,15641,0,24.54559721011334,0.0,0
Hinjewadi,University,8,5,2,1874,13736,0,26.3871931696905,0.0,0
Hinjewadi,University,10,5,0,1695,12455,0,26.453097345132743,0.0,1
Hinjewadi,University,10,5,1,1919,13736,0,25.76842105263158,0.0,0
Hinjewadi,University,10,5,2,2417,18074,0,26.92031443938767,0.0,0
Hinjewadi,University,12,5,0,1720,12455,0,26.06860465116279,0.0,1
Hinjewadi,University,12,5,1,1950,13736,0,25.358769230769237,0.0,0
Hinjewadi,University,12,5,2,2454,18347,0,26.91491442542788,0.0,0
Hinjewadi,University,14,5,0,1599,12455,0,28.04127579737336,0.0,1
Hinjewadi,University,14,5,1,2288,15934,0,25.07097902097902,0.0,0
Hinjewadi,University,14,5,2,1825,14074,0,27.76241095890411,0.0,0
Hinjewadi,University,16,5,0,1685,12455,0,26.610089020771515,0.0,1
Hinjewadi,University,16,5,1,1967,13730,0,25.128622267412304,0.0,0
Hinjewadi,University,16,5,2,2389,18347,0,27.647216408539137,0.0,0
Hinjewadi,University,18,5,0,1991,12455,0,22.520341536916124,0.0,1
Hinjewadi,University,18,5,1,2297,14695,0,23.030909882455376,0.0,0
Hinjewadi,University,18,5,2,2688,18074,0,24.20625,0.0,0
Hinjewadi,University,20,5,0,1766,12455,0,25.389580973952437,0.0,1
Hinjewadi,University,20,5,1,2046,15039,0,26.46158357771261,0.0,0
Hinjewadi,University,20,5,2,2469,15641,0,22.805832320777643,0.0,0
Hinjewadi,University,22,5,0,1356,12455,0,33.06637168141593,0.0,1
Hinjewadi,University,22,5,1,1945,15662,0,28.988791773778924,0.0,0
Hinjewadi,University,22,5,2,1590,14073,0,31.863396226415095,0.0,0
Hinjewadi,University,0,6,0,1356,12455,0,33.06637168141593,0.0,1
Hinjewadi,University,0,6,1,1945,15662,0,28.988791773778924,0.0,0
Hinjewadi,University,0,6,2,1590,14073,0,31.863396226415095,0.0,0
Hinjewadi,University,6,6,0,1381,12455,0,32.46777697320782,0.0,1
Hinjewadi,University,6,6,1,1981,15662,0,28.461988894497733,0.0,0
Hinjewadi,University,6,6,2,1625,14073,0,31.177107692307693,0.0,0
Hinjewadi,University,8,6,0,1641,12455,0,27.323583180987203,0.0,1
Hinjewadi,University,8,6,1,2336,15641,0,24.10428082191781,0.0,0
Hinjewadi,University,8,6,2,1924,13736,0,25.7014553014553,0.0,0
Hinjewadi,University,10,6,0,1754,12455,0,25.563283922462944,0.0,1
Hinjewadi,University,10,6,1,1983,13736,0,24.93676248108926,0.0,0
Hinjewadi,University,10,6,2,2494,18347,0,26.483239775461108,0.0,0
Hinjewadi,University,12,6,0,1770,12455,0,25.33220338983051,0.0,1
Hinjewadi,University,12,6,1,2012,13736,0,24.57733598409543,0.0,0
Hinjewadi,University,12,6,2,2528,18347,0,26.12705696202532,0.0,0
Hinjewadi,University,14,6,0,1614,12455,0,27.780669144981413,0.0,1
Hinjewadi,University,14,6,1,2336,15662,0,24.13664383561644,0.0,0
Hinjewadi,University,14,6,2,1862,14074,0,27.210741138560685,0.0,0
Hinjewadi,University,16,6,0,1745,12455,0,25.69512893982808,0.0,1
Hinjewadi,University,16,6,1,2074,14695,0,25.507232401157182,0.0,0
Hinjewadi,University,16,6,2,2422,18074,0,26.864739884393064,0.0,0
Hinjewadi,University,18,6,0,2149,12455,0,20.86458818054909,0.0,1
Hinjewadi,University,18,6,1,2328,14695,0,22.724226804123717,0.0,0
Hinjewadi,University,18,6,2,2800,18074,0,23.238000000000003,0.0,0
Hinjewadi,University,20,6,0,1826,12455,0,24.5553121577218,0.0,1
Hinjewadi,University,20,6,1,2071,15039,0,26.14215354901014,0.0,0
Hinjewadi,University,20,6,2,2528,15641,0,22.27357594936709,0.0,0
Hinjewadi,University,22,6,0,1356,12455,0,33.06637168141593,0.0,1
Hinjewadi,University,22,6,1,1945,15662,0,28.988791773778924,0.0,0
Hinjewadi,University,22,6,2,1590,14073,0,31.863396226415095,0.0,0
Kothrud,Swargate,0,0,0,987,6976,0,25.44437689969605,0.0,1
Kothrud,Swargate,0,0,1,1130,7152,0,22.785132743362837,0.0,0
Kothrud,Swargate,0,0,2,1080,7301,0,24.33666666666667,0.0,0
Kothrud,Swargate,6,0,0,1009,6976,0,24.889593657086223,0.0,1
Kothrud,Swargate,6,0,1,1149,7152,0,22.40835509138381,0.0,0
Kothrud,Swargate,6,0,2,1101,7327,0,23.957493188010897,0.0,0
Kothrud,Swargate,8,0,0,1234,6976,0,20.351377633711508,0.0,1
Kothrud,Swargate,8,0,1,1402,7243,0,18.598288159771755,0.0,0
Kothrud,Swargate,8,0,2,1395,7325,0,18.90322580645161,0.0,0
Kothrud,Swargate,10,0,0,1479,7268,0,17.690872210953348,0.0,1
Kothrud,Swargate,10,0,1,1598,7277,0,16.393742177722153,0.0,0
Kothrud,Swargate,10,0,2,1589,7427,0,16.826431718061674,0.0,0
Kothrud,Swargate,12,0,0,1593,7261,0,16.409039548022598,0.0,1
Kothrud,Swargate,12,0,1,1733,7361,0,15.291171379111368,0.0,0
Kothrud,Swargate,12,0,2,1812,7427,0,14.755629139072848,0.0,0
Kothrud,Swargate,14,0,0,1476,7327,0,17.870731707317074,0.0,1
Kothrud,Swargate,14,0,1,1666,7416,0,16.0249699879952,0.0,0
Kothrud,Swargate,14,0,2,1739,7427,0,15.375043128234616,0.0,0
Kothrud,Swargate,16,0,0,1460,7226,0,17.81753424657534,0.0,1
Kothrud,Swargate,16,0,1,1632,7373,0,16.263970588235296,0.0,0
Kothrud,Swargate,16,0,2,1745,7427,0,15.3221776504298,0.0,0
Kothrud,Swargate,18,0,0,1613,7218,0,16.109609423434595,0.0,1
Kothrud,Swargate,18,0,1,1820,7285,0,14.40989010989011,0.0,0
Kothrud,Swargate,18,0,2,1825,7427,0,14.650520547945206,0.0,0
Kothrud,Swargate,20,0,0,1454,6976,0,17.272077028885832,0.0,1
Kothrud,Swargate,20,0,1,1695,7177,0,15.243185840707964,0.0,0
Kothrud,Swargate,20,0,2,1604,7404,0,16.617456359102246,0.0,0
Kothrud,Swargate,22,0,0,987,6976,0,25.44437689969605,0.0,1
Kothrud,Swargate,22,0,1,1130,7152,0,22.785132743362837,0.0,0
Kothrud,Swargate,22,0,2,1080,7301,0,24.33666666666667,0.0,0
Kothrud,Swargate,0,1,0,987,6976,0,25.44437689969605,0.0,1
Kothrud,Swargate,0,1,1,1130,7152,0,22.785132743362837,0.0,0
Kothrud,Swargate,0,1,2,1080,7301,0,24.33666666666667,0.0,0
Kothrud,Swargate,6,1,0,1009,6976,0,24.889593657086223,0.0,1
Kothrud,Swargate,6,1,1,1149,7152,0,22.40835509138381,0.0,0
Kothrud,Swargate,6,1,2,1098,7301,0,23.93770491803279,0.0,0
Kothrud,Swargate,8,1,0,1216,6976,0,20.652631578947368,0.0,1
Kothrud,Swargate,8,1,1,1402,7384,0,18.96034236804565,0.0,0
Kothrud,Swargate,8,1,2,1385,7333,0,19.060505415162453,0.0,0
Kothrud,Swargate,10,1,0,1472,7268,0,17.775,0.0,1
Kothrud,Swargate,10,1,1,1599,7277,0,16.38348968105066,0.0,0
Kothrud,Swargate,10,1,2,1593,7427,0,16.784180790960452,0.0,0
Kothrud,Swargate,12,1,0,1597,7266,0,16.379211020663742,0.0,1
Kothrud,Swargate,12,1,1,1736,7361,0,15.264746543778802,0.0,0
Kothrud,Swargate,12,1,2,1831,7427,0,14.602512288367013,0.0,0
Kothrud,Swargate,14,1,0,1484,7327,0,17.774393530997305,0.0,1
Kothrud,Swargate,14,1,1,1566,7195,0,16.54022988505747,0.0,0
Kothrud,Swargate,14,1,2,1968,10140,0,18.54878048780488,0.0,0
Kothrud,Swargate,16,1,0,1458,7226,0,17.841975308641974,0.0,1
Kothrud,Swargate,16,1,1,1643,7373,0,16.155082166768107,0.0,0
Kothrud,Swargate,16,1,2,1735,7427,0,15.410489913544668,0.0,0
Kothrud,Swargate,18,1,0,1605,7218,0,16.189906542056075,0.0,1
Kothrud,Swargate,18,1,1,1814,7318,0,14.523042998897465,0.0,0
Kothrud,Swargate,18,1,2,1823,7427,0,14.666593527153044,0.0,0
Kothrud,Swargate,20,1,0,1443,6976,0,17.403742203742205,0.0,1
Kothrud,Swargate,20,1,1,1672,7177,0,15.452870813397128,0.0,0
Kothrud,Swargate,20,1,2,1602,7408,0,16.647191011235957,0.0,0
Kothrud,Swargate,22,1,0,987,6976,0,25.44437689969605,0.0,1
Kothrud,Swargate,22,1,1,1130,7152,0,22.785132743362837,0.0,0
Kothrud,Swargate,22,1,2,1080,7301,0,24.33666666666667,0.0,0
Kothrud,Swargate,0,2,0,987,6976,0,25.44437689969605,0.0,1
Kothrud,Swargate,0,2,1,1130,7152,0,22.785132743362837,0.0,0
Kothrud,Swargate,0,2,2,1080,7301,0,24.33666666666667,0.0,0
Kothrud,Swargate,6,2,0,1009,6976,0,24.889593657086223,0.0,1
Kothrud,Swargate,6,2,1,1149,7152,0,22.40835509138381,0.0,0
Kothrud,Swargate,6,2,2,1098,7301,0,23.93770491803279,0.0,0
Kothrud,Swargate,8,2,0,1213,6976,0,20.70370981038747,0.0,1
Kothrud,Swargate,8,2,1,1410,7243,0,18.49276595744681,0.0,0
Kothrud,Swargate,8,2,2,1386,7350,0,19.09090909090909,0.0,0
Kothrud,Swargate,10,2,0,1459,6817,0,16.82056202878684,0.0,1
Kothrud,Swargate,10,2,1,1605,7361,0,16.510654205607477,0.0,0
Kothrud,Swargate,10,2,2,1751,7958,0,16.361393489434608,0.0,0
Kothrud,Swargate,12,2,0,1594,7261,0,16.398745294855708,0.0,1
Kothrud,Swargate,12,2,1,1754,7361,0,15.108095781071835,0.0,0
Kothrud,Swargate,12,2,2,1819,7427,0,14.698845519516215,0.0,0
Kothrud,Swargate,14,2,0,1490,7327,0,17.70281879194631,0.0,1
Kothrud,Swargate,14,2,1,1577,7195,0,16.424857324032974,0.0,0
Kothrud,Swargate,14,2,2,1992,10140,0,18.32530120481928,0.0,0
Kothrud,Swargate,16,2,0,1476,7226,0,17.62439024390244,0.0,1
Kothrud,Swargate,16,2,1,1656,7373,0,16.028260869565216,0.0,0
Kothrud,Swargate,16,2,2,1774,7427,0,15.071702367531003,0.0,0
Kothrud,Swargate,18,2,0,1611,7218,0,16.129608938547484,0.0,1
Kothrud,Swargate,18,2,1,1838,7285,0,14.268770402611535,0.0,0
Kothrud,Swargate,18,2,2,1844,7427,0,14.499566160520606,0.0,0
Kothrud,Swargate,20,2,0,1440,6976,0,17.439999999999998,0.0,1
Kothrud,Swargate,20,2,1,1694,7177,0,15.252184179456906,0.0,0
Kothrud,Swargate,20,2,2,1604,7404,0,16.617456359102246,0.0,0
Kothrud,Swargate,22,2,0,987,6976,0,25.44437689969605,0.0,1
Kothrud,Swargate,22,2,1,1130,7152,0,22.785132743362837,0.0,0
Kothrud,Swargate,22,2,2,1080,7301,0,24.33666666666667,0.0,0
Kothrud,Swargate,0,3,0,987,6976,0,25.44437689969605,0.0,1
Kothrud,Swargate,0,3,1,1130,7152,0,22.785132743362837,0.0,0
Kothrud,Swargate,0,3,2,1080,7301,0,24.33666666666667,0.0,0
Kothrud,Swargate,6,3,0,1009,6976,0,24.889593657086223,0.0,1
Kothrud,Swargate,6,3,1,1151,7152,0,22.36941789748045,0.0,0
Kothrud,Swargate,6,3,2,1097,7301,0,23.959525979945305,0.0,0
Kothrud,Swargate,8,3,0,1195,6976,0,21.015564853556487,0.0,1
Kothrud,Swargate,8,3,1,1376,7243,0,18.94970930232558,0.0,0
Kothrud,Swargate,8,3,2,1335,7325,0,19.752808988764045,0.0,0
Kothrud,Swargate,10,3,0,1428,6999,0,17.64453781512605,0.0,1
Kothrud,Swargate,10,3,1,1593,7219,0,16.314124293785312,0.0,0
Kothrud,Swargate,10,3,2,1751,7961,0,16.367561393489435,0.0,0
Kothrud,Swargate,12,3,0,1624,7261,0,16.095812807881774,0.0,1
Kothrud,Swargate,12,3,1,1782,7328,0,14.804040404040403,0.0,0
Kothrud,Swargate,12,3,2,1855,7427,0,14.41358490566038,0.0,0
Kothrud,Swargate,14,3,0,1573,7327,0,16.768722186904004,0.0,1
Kothrud,Swargate,14,3,1,1778,7317,0,14.815073115860518,0.0,0
Kothrud,Swargate,14,3,2,1937,7703,0,14.316365513680951,0.0,0
Kothrud,Swargate,16,3,0,1540,7261,0,16.973766233766234,0.0,1
Kothrud,Swargate,16,3,1,1764,7349,0,14.997959183673473,0.0,0
Kothrud,Swargate,16,3,2,1954,7703,0,14.19181166837257,0.0,0
Kothrud,Swargate,18,3,0,1618,7218,0,16.059826946847963,0.0,1
Kothrud,Swargate,18,3,1,1866,7274,0,14.033440514469454,0.0,0
Kothrud,Swargate,18,3,2,1915,7427,0,13.961984334203654,0.0,0
Kothrud,Swargate,20,3,0,1453,6976,0,17.283964211975224,0.0,1
Kothrud,Swargate,20,3,1,1568,7086,0,16.26887755102041,0.0,0
Kothrud,Swargate,20,3,2,1479,7310,0,17.79310344827586,0.0,0
Kothrud,Swargate,22,3,0,987,6976,0,25.44437689969605,0.0,1
Kothrud,Swargate,22,3,1,1130,7152,0,22.785132743362837,0.0,0
Kothrud,Swargate,22,3,2,1080,7301,0,24.33666666666667,0.0,0
Kothrud,Swargate,0,4,0,987,6976,0,25.44437689969605,0.0,1
Kothrud,Swargate,0,4,1,1130,7152,0,22.785132743362837,0.0,0
Kothrud,Swargate,0,4,2,1080,7301,0,24.33666666666667,0.0,0
Kothrud,Swargate,6,4,0,1005,6976,0,24.98865671641791,0.0,1
Kothrud,Swargate,6,4,1,1145,7152,0,22.486637554585155,0.0,0
Kothrud,Swargate,6,4,2,1096,7301,0,23.98138686131387,0.0,0
Kothrud,Swargate,8,4,0,1119,6976,0,22.442895442359248,0.0,1
Kothrud,Swargate,8,4,1,1312,7243,0,19.87408536585366,0.0,0
Kothrud,Swargate,8,4,2,1267,7512,0,21.344277821625887,0.0,0
Kothrud,Swargate,10,4,0,1238,6976,0,20.28562197092084,0.0,1
Kothrud,Swargate,10,4,1,1421,7243,0,18.34961294862773,0.0,0
Kothrud,Swargate,10,4,2,1350,7512,0,20.032,0.0,0
Kothrud,Swargate,12,4,0,1362,7226,0,19.09955947136564,0.0,1
Kothrud,Swargate,12,4,1,1548,7177,0,16.690697674418605,0.0,0
Kothrud,Swargate,12,4,2,1524,7427,0,17.544094488188975,0.0,0
Kothrud,Swargate,14,4,0,1369,7284,0,19.15441928414901,0.0,1
Kothrud,Swargate,14,4,1,1515,7177,0,17.054257425742573,0.0,0
Kothrud,Swargate,14,4,2,1573,7427,0,16.99758423394787,0.0,0
Kothrud,Swargate,16,4,0,1366,7284,0,19.196486090775988,0.0,1
Kothrud,Swargate,16,4,1,1509,7177,0,17.122067594433396,0.0,0
Kothrud,Swargate,16,4,2,1631,7703,0,17.002329858982222,0.0,0
Kothrud,Swargate,18,4,0,1435,7223,0,18.120418118466898,0.0,1
Kothrud,Swargate,18,4,1,1609,7177,0,16.057924176507147,0.0,0
Kothrud,Swargate,18,4,2,1641,7427,0,16.293235831809874,0.0,0
Kothrud,Swargate,20,4,0,1321,6976,0,19.011052233156697,0.0,1
Kothrud,Swargate,20,4,1,1554,7177,0,16.626254826254826,0.0,0
Kothrud,Swargate,20,4,2,1438,7325,0,18.33796940194715,0.0,0
Kothrud,Swargate,22,4,0,987,6976,0,25.44437689969605,0.0,1
Kothrud,Swargate,22,4,1,1130,7152,0,22.785132743362837,0.0,0
Kothrud,Swargate,22,4,2,1080,7301,0,24.33666666666667,0.0,0
Kothrud,Swargate,0,5,0,987,6976,0,25.44437689969605,0.0,1
Kothrud,Swargate,0,5,1,1130,7152,0,22.785132743362837,0.0,0
Kothrud,Swargate,0,5,2,1080,7301,0,24.33666666666667,0.0,0
Kothrud,Swargate,6,5,0,1009,6976,0,24.889593657086223,0.0,1
Kothrud,Swargate,6,5,1,1150,7152,0,22.388869565217394,0.0,0
Kothrud,Swargate,6,5,2,1099,7301,0,23.915923566878984,0.0,0
Kothrud,Swargate,8,5,0,1231,6976,0,20.400974817221773,0.0,1
Kothrud,Swargate,8,5,1,1397,7243,0,18.66485325697924,0.0,0
Kothrud,Swargate,8,5,2,1391,7325,0,18.957584471603163,0.0,0
Kothrud,Swargate,10,5,0,1464,6976,0,17.154098360655738,0.0,1
Kothrud,Swargate,10,5,1,1592,7219,0,16.324371859296484,0.0,0
Kothrud,Swargate,10,5,2,1580,7367,0,16.785569620253163,0.0,0
Kothrud,Swargate,12,5,0,1601,7261,0,16.327045596502185,0.0,1
Kothrud,Swargate,12,5,1,1732,7361,0,15.3,0.0,0
Kothrud,Swargate,12,5,2,1789,7427,0,14.945332588038008,0.0,0
Kothrud,Swargate,14,5,0,1484,7327,0,17.774393530997305,0.0,1
Kothrud,Swargate,14,5,1,1588,7183,0,16.28387909319899,0.0,0
Kothrud,Swargate,14,5,2,1963,10140,0,18.596026490066222,0.0,0
Kothrud,Swargate,16,5,0,1464,7226,0,17.768852459016394,0.0,1
Kothrud,Swargate,16,5,1,1640,7373,0,16.184634146341462,0.0,0
Kothrud,Swargate,16,5,2,1749,7427,0,15.28713550600343,0.0,0
Kothrud,Swargate,18,5,0,1607,7218,0,16.169757311761046,0.0,1
Kothrud,Swargate,18,5,1,1814,7285,0,14.45755237045204,0.0,0
Kothrud,Swargate,18,5,2,1810,7427,0,14.771933701657458,0.0,0
Kothrud,Swargate,20,5,0,1415,6976,0,17.748127208480565,0.0,1
Kothrud,Swargate,20,5,1,1658,7177,0,15.58335343787696,0.0,0
Kothrud,Swargate,20,5,2,1595,7404,0,16.711222570532914,0.0,0
Kothrud,Swargate,22,5,0,987,6976,0,25.44437689969605,0.0,1
Kothrud,Swargate,22,5,1,1130,7152,0,22.785132743362837,0.0,0
Kothrud,Swargate,22,5,2,1080,7301,0,24.33666666666667,0.0,0
Kothrud,Swargate,0,6,0,987,6976,0,25.44437689969605,0.0,1
Kothrud,Swargate,0,6,1,1130,7152,0,22.785132743362837,0.0,0
Kothrud,Swargate,0,6,2,1080,7301,0,24.33666666666667,0.0,0
Kothrud,Swargate,6,6,0,1010,6976,0,24.864950495049506,0.0,1
Kothrud,Swargate,6,6,1,1150,7152,0,22.388869565217394,0.0,0
Kothrud,Swargate,6,6,2,1100,7301,0,23.894181818181817,0.0,0
Kothrud,Swargate,8,6,0,1242,6976,0,20.220289855072465,0.0,1
Kothrud,Swargate,8,6,1,1410,7384,0,18.85276595744681,0.0,0
Kothrud,Swargate,8,6,2,1398,7333,0,18.88326180257511,0.0,0
Kothrud,Swargate,10,6,0,1511,7182,0,17.111317008603574,0.0,1
Kothrud,Swargate,10,6,1,1620,7361,0,16.357777777777777,0.0,0
Kothrud,Swargate,10,6,2,1604,7427,0,16.66907730673317,0.0,0
Kothrud,Swargate,12,6,0,1625,7261,0,16.085907692307693,0.0,1
Kothrud,Swargate,12,6,1,1765,7361,0,15.013937677053825,0.0,0
Kothrud,Swargate,12,6,2,1838,7427,0,14.54689880304679,0.0,0
Kothrud,Swargate,14,6,0,1490,7327,0,17.70281879194631,0.0,1
Kothrud,Swargate,14,6,1,1582,7111,0,16.181795195954486,0.0,0
Kothrud,Swargate,14,6,2,1972,10140,0,18.511156186612578,0.0,0
Kothrud,Swargate,16,6,0,1473,7226,0,17.660285132382892,0.0,1
Kothrud,Swargate,16,6,1,1639,7301,0,16.036363636363635,0.0,0
Kothrud,Swargate,16,6,2,1756,7427,0,15.22619589977221,0.0,0
Kothrud,Swargate,18,6,0,1627,7218,0,15.970989551321452,0.0,1
Kothrud,Swargate,18,6,1,1830,7177,0,14.118688524590164,0.0,0
Kothrud,Swargate,18,6,2,1816,7427,0,14.723127753303965,0.0,0
Kothrud,Swargate,20,6,0,1452,6976,0,17.29586776859504,0.0,1
Kothrud,Swargate,20,6,1,1677,7177,0,15.40679785330948,0.0,0
Kothrud,Swargate,20,6,2,1607,7404,0,16.586434349719976,0.0,0
Kothrud,Swargate,22,6,0,987,6976,0,25.44437689969605,0.0,1
Kothrud,Swargate,22,6,1,1130,7152,0,22.785132743362837,0.0,0
Kothrud,Swargate,22,6,2,1080,7301,0,24.33666666666667,0.0,0
Kothrud,Swargate,0,0,0,987,6976,0,25.44437689969605,0.0,1
Kothrud,Swargate,0,0,1,1130,7152,0,22.785132743362837,0.0,0
Kothrud,Swargate,0,0,2,1080,7301,0,24.33666666666667,0.0,0
Kothrud,Swargate,6,0,0,1009,6976,0,24.889593657086223,0.0,1
Kothrud,Swargate,6,0,1,1149,7152,0,22.40835509138381,0.0,0
Kothrud,Swargate,6,0,2,1101,7327,0,23.957493188010897,0.0,0
Kothrud,Swargate,8,0,0,1234,6976,0,20.351377633711508,0.0,1
Kothrud,Swargate,8,0,1,1402,7243,0,18.598288159771755,0.0,0
Kothrud,Swargate,8,0,2,1395,7325,0,18.90322580645161,0.0,0
Kothrud,Swargate,10,0,0,1479,7268,0,17.690872210953348,0.0,1
Kothrud,Swargate,10,0,1,1598,7277,0,16.393742177722153,0.0,0
Kothrud,Swargate,10,0,2,1589,7427,0,16.826431718061674,0.0,0
Kothrud,Swargate,12,0,0,1593,7261,0,16.409039548022598,0.0,1
Kothrud,Swargate,12,0,1,1733,7361,0,15.291171379111368,0.0,0
Kothrud,Swargate,12,0,2,1812,7427,0,14.755629139072848,0.0,0
Kothrud,Swargate,14,0,0,1476,7327,0,17.870731707317074,0.0,1
Kothrud,Swargate,14,0,1,1666,7416,0,16.0249699879952,0.0,0
Kothrud,Swargate,14,0,2,1739,7427,0,15.375043128234616,0.0,0
Kothrud,Swargate,16,0,0,1460,7226,0,17.81753424657534,0.0,1
Kothrud,Swargate,16,0,1,1632,7373,0,16.263970588235296,0.0,0
Kothrud,Swargate,16,0,2,1745,7427,0,15.3221776504298,0.0,0
Kothrud,Swargate,18,0,0,1613,7218,0,16.109609423434595,0.0,1
Kothrud,Swargate,18,0,1,1820,7285,0,14.40989010989011,0.0,0
Kothrud,Swargate,18,0,2,1825,7427,0,14.650520547945206,0.0,0
Kothrud,Swargate,20,0,0,1454,6976,0,17.272077028885832,0.0,1
Kothrud,Swargate,20,0,1,1695,7177,0,15.243185840707964,0.0,0
Kothrud,Swargate,20,0,2,1604,7404,0,16.617456359102246,0.0,0
Kothrud,Swargate,22,0,0,987,6976,0,25.44437689969605,0.0,1
Kothrud,Swargate,22,0,1,1130,7152,0,22.785132743362837,0.0,0
Kothrud,Swargate,22,0,2,1080,7301,0,24.33666666666667,0.0,0
Kothrud,Swargate,0,1,0,987,6976,0,25.44437689969605,0.0,1
Kothrud,Swargate,0,1,1,1130,7152,0,22.785132743362837,0.0,0
Kothrud,Swargate,0,1,2,1080,7301,0,24.33666666666667,0.0,0
Kothrud,Swargate,6,1,0,1009,6976,0,24.889593657086223,0.0,1
Kothrud,Swargate,6,1,1,1149,7152,0,22.40835509138381,0.0,0
Kothrud,Swargate,6,1,2,1098,7301,0,23.93770491803279,0.0,0
Kothrud,Swargate,8,1,0,1216,6976,0,20.652631578947368,0.0,1
Kothrud,Swargate,8,1,1,1402,7384,0,18.96034236804565,0.0,0
Kothrud,Swargate,8,1,2,1385,7333,0,19.060505415162453,0.0,0
Kothrud,Swargate,10,1,0,1472,7268,0,17.775,0.0,1
Kothrud,Swargate,10,1,1,1599,7277,0,16.38348968105066,0.0,0
Kothrud,Swargate,10,1,2,1593,7427,0,16.784180790960452,0.0,0
Kothrud,Swargate,12,1,0,1597,7266,0,16.379211020663742,0.0,1
Kothrud,Swargate,12,1,1,1736,7361,0,15.264746543778802,0.0,0
Kothrud,Swargate,12,1,2,1831,7427,0,14.602512288367013,0.0,0
Kothrud,Swargate,14,1,0,1484,7327,0,17.774393530997305,0.0,1
Kothrud,Swargate,14,1,1,1566,7195,0,16.54022988505747,0.0,0
Kothrud,Swargate,14,1,2,1968,10140,0,18.54878048780488,0.0,0
Kothrud,Swargate,16,1,0,1458,7226,0,17.841975308641974,0.0,1
Kothrud,Swargate,16,1,1,1643,7373,0,16.155082166768107,0.0,0
Kothrud,Swargate,16,1,2,1735,7427,0,15.410489913544668,0.0,0
Kothrud,Swargate,18,1,0,1605,7218,0,16.189906542056075,0.0,1
Kothrud,Swargate,18,1,1,1814,7318,0,14.523042998897465,0.0,0
Kothrud,Swargate,18,1,2,1823,7427,0,14.666593527153044,0.0,0
Kothrud,Swargate,20,1,0,1443,6976,0,17.403742203742205,0.0,1
Kothrud,Swargate,20,1,1,1672,7177,0,15.452870813397128,0.0,0
Kothrud,Swargate,20,1,2,1602,7408,0,16.647191011235957,0.0,0
Kothrud,Swargate,22,1,0,987,6976,0,25.44437689969605,0.0,1
Kothrud,Swargate,22,1,1,1130,7152,0,22.785132743362837,0.0,0
Kothrud,Swargate,22,1,2,1080,7301,0,24.33666666666667,0.0,0
Kothrud,Swargate,0,2,0,987,6976,0,25.44437689969605,0.0,1
Kothrud,Swargate,0,2,1,1130,7152,0,22.785132743362837,0.0,0
Kothrud,Swargate,0,2,2,1080,7301,0,24.33666666666667,0.0,0
Kothrud,Swargate,6,2,0,1009,6976,0,24.889593657086223,0.0,1
Kothrud,Swargate,6,2,1,1149,7152,0,22.40835509138381,0.0,0
Kothrud,Swargate,6,2,2,1098,7301,0,23.93770491803279,0.0,0
Kothrud,Swargate,8,2,0,1213,6976,0,20.70370981038747,0.0,1
Kothrud,Swargate,8,2,1,1410,7243,0,18.49276595744681,0.0,0
Kothrud,Swargate,8,2,2,1386,7350,0,19.09090909090909,0.0,0
Kothrud,Swargate,10,2,0,1459,6817,0,16.82056202878684,0.0,1
Kothrud,Swargate,10,2,1,1605,7361,0,16.510654205607477,0.0,0
Kothrud,Swargate,10,2,2,1751,7958,0,16.361393489434608,0.0,0
Kothrud,Swargate,12,2,0,1594,7261,0,16.398745294855708,0.0,1
Kothrud,Swargate,12,2,1,1754,7361,0,15.108095781071835,0.0,0
Kothrud,Swargate,12,2,2,1819,7427,0,14.698845519516215,0.0,0
Kothrud,Swargate,14,2,0,1490,7327,0,17.70281879194631,0.0,1
Kothrud,Swargate,14,2,1,1577,7195,0,16.424857324032974,0.0,0
Kothrud,Swargate,14,2,2,1992,10140,0,18.32530120481928,0.0,0
Kothrud,Swargate,16,2,0,1476,7226,0,17.62439024390244,0.0,1
Kothrud,Swargate,16,2,1,1656,7373,0,16.028260869565216,0.0,0
Kothrud,Swargate,16,2,2,1774,7427,0,15.071702367531003,0.0,0
Kothrud,Swargate,18,2,0,1611,7218,0,16.129608938547484,0.0,1
Kothrud,Swargate,18,2,1,1838,7285,0,14.268770402611535,0.0,0
Kothrud,Swargate,18,2,2,1844,7427,0,14.499566160520606,0.0,0
Kothrud,Swargate,20,2,0,1440,6976,0,17.439999999999998,0.0,1
Kothrud,Swargate,20,2,1,1694,7177,0,15.252184179456906,0.0,0
Kothrud,Swargate,20,2,2,1604,7404,0,16.617456359102246,0.0,0
Kothrud,Swargate,22,2,0,987,6976,0,25.44437689969605,0.0,1
Kothrud,Swargate,22,2,1,1130,7152,0,22.785132743362837,0.0,0
Kothrud,Swargate,22,2,2,1080,7301,0,24.33666666666667,0.0,0
Kothrud,Swargate,0,3,0,987,6976,0,25.44437689969605,0.0,1
Kothrud,Swargate,0,3,1,1130,7152,0,22.785132743362837,0.0,0
Kothrud,Swargate,0,3,2,1080,7301,0,24.33666666666667,0.0,0
Kothrud,Swargate,6,3,0,1009,6976,0,24.889593657086223,0.0,1
Kothrud,Swargate,6,3,1,1151,7152,0,22.36941789748045,0.0,0
Kothrud,Swargate,6,3,2,1097,7301,0,23.959525979945305,0.0,0
Kothrud,Swargate,8,3,0,1195,6976,0,21.015564853556487,0.0,1
Kothrud,Swargate,8,3,1,1376,7243,0,18.94970930232558,0.0,0
Kothrud,Swargate,8,3,2,1335,7325,0,19.752808988764045,0.0,0
Kothrud,Swargate,10,3,0,1428,6999,0,17.64453781512605,0.0,1
Kothrud,Swargate,10,3,1,1593,7219,0,16.314124293785312,0.0,0
Kothrud,Swargate,10,3,2,1751,7961,0,16.367561393489435,0.0,0
Kothrud,Swargate,12,3,0,1624,7261,0,16.095812807881774,0.0,1
Kothrud,Swargate,12,3,1,1782,7328,0,14.804040404040403,0.0,0
Kothrud,Swargate,12,3,2,1855,7427,0,14.41358490566038,0.0,0
Kothrud,Swargate,14,3,0,1573,7327,0,16.768722186904004,0.0,1
Kothrud,Swargate,14,3,1,1778,7317,0,14.815073115860518,0.0,0
Kothrud,Swargate,14,3,2,1937,7703,0,14.316365513680951,0.0,0
Kothrud,Swargate,16,3,0,1540,7261,0,16.973766233766234,0.0,1
Kothrud,Swargate,16,3,1,1764,7349,0,14.997959183673473,0.0,0
Kothrud,Swargate,16,3,2,1954,7703,0,14.19181166837257,0.0,0
Kothrud,Swargate,18,3,0,1618,7218,0,16.059826946847963,0.0,1
Kothrud,Swargate,18,3,1,1866,7274,0,14.033440514469454,0.0,0
Kothrud,Swargate,18,3,2,1915,7427,0,13.961984334203654,0.0,0
Kothrud,Swargate,20,3,0,1453,6976,0,17.283964211975224,0.0,1
Kothrud,Swargate,20,3,1,1568,7086,0,16.26887755102041,0.0,0
Kothrud,Swargate,20,3,2,1479,7310,0,17.79310344827586,0.0,0
Kothrud,Swargate,22,3,0,987,6976,0,25.44437689969605,0.0,1
Kothrud,Swargate,22,3,1,1130,7152,0,22.785132743362837,0.0,0
Kothrud,Swargate,22,3,2,1080,7301,0,24.33666666666667,0.0,0
Kothrud,Swargate,0,4,0,987,6976,0,25.44437689969605,0.0,1
Kothrud,Swargate,0,4,1,1130,7152,0,22.785132743362837,0.0,0
Kothrud,Swargate,0,4,2,1080,7301,0,24.33666666666667,0.0,0
Kothrud,Swargate,6,4,0,1005,6976,0,24.98865671641791,0.0,1
Kothrud,Swargate,6,4,1,1145,7152,0,22.486637554585155,0.0,0
Kothrud,Swargate,6,4,2,1096,7301,0,23.98138686131387,0.0,0
Kothrud,Swargate,8,4,0,1119,6976,0,22.442895442359248,0.0,1
Kothrud,Swargate,8,4,1,1312,7243,0,19.87408536585366,0.0,0
Kothrud,Swargate,8,4,2,1267,7512,0,21.344277821625887,0.0,0
Kothrud,Swargate,10,4,0,1238,6976,0,20.28562197092084,0.0,1
Kothrud,Swargate,10,4,1,1421,7243,0,18.34961294862773,0.0,0
Kothrud,Swargate,10,4,2,1350,7512,0,20.032,0.0,0
Kothrud,Swargate,12,4,0,1362,7226,0,19.09955947136564,0.0,1
Kothrud,Swargate,12,4,1,1548,7177,0,16.690697674418605,0.0,0
Kothrud,Swargate,12,4,2,1524,7427,0,17.544094488188975,0.0,0
Kothrud,Swargate,14,4,0,1369,7284,0,19.15441928414901,0.0,1
Kothrud,Swargate,14,4,1,1515,7177,0,17.054257425742573,0.0,0
Kothrud,Swargate,14,4,2,1573,7427,0,16.99758423394787,0.0,0
Kothrud,Swargate,16,4,0,1366,7284,0,19.196486090775988,0.0,1
Kothrud,Swargate,16,4,1,1509,7177,0,17.122067594433396,0.0,0
Kothrud,Swargate,16,4,2,1631,7703,0,17.002329858982222,0.0,0
Kothrud,Swargate,18,4,0,1435,7223,0,18.120418118466898,0.0,1
Kothrud,Swargate,18,4,1,1609,7177,0,16.057924176507147,0.0,0
Kothrud,Swargate,18,4,2,1641,7427,0,16.293235831809874,0.0,0
Kothrud,Swargate,20,4,0,1321,6976,0,19.011052233156697,0.0,1
Kothrud,Swargate,20,4,1,1554,7177,0,16.626254826254826,0.0,0
Kothrud,Swargate,20,4,2,1438,7325,0,18.33796940194715,0.0,0
Kothrud,Swargate,22,4,0,987,6976,0,25.44437689969605,0.0,1
Kothrud,Swargate,22,4,1,1130,7152,0,22.785132743362837,0.0,0
Kothrud,Swargate,22,4,2,1080,7301,0,24.33666666666667,0.0,0
Kothrud,Swargate,0,5,0,987,6976,0,25.44437689969605,0.0,1
Kothrud,Swargate,0,5,1,1130,7152,0,22.785132743362837,0.0,0
Kothrud,Swargate,0,5,2,1080,7301,0,24.33666666666667,0.0,0
Kothrud,Swargate,6,5,0,1009,6976,0,24.889593657086223,0.0,1
Kothrud,Swargate,6,5,1,1150,7152,0,22.388869565217394,0.0,0
Kothrud,Swargate,6,5,2,1099,7301,0,23.915923566878984,0.0,0
Kothrud,Swargate,8,5,0,1231,6976,0,20.400974817221773,0.0,1
Kothrud,Swargate,8,5,1,1397,7243,0,18.66485325697924,0.0,0
Kothrud,Swargate,8,5,2,1391,7325,0,18.957584471603163,0.0,0
Kothrud,Swargate,10,5,0,1464,6976,0,17.154098360655738,0.0,1
Kothrud,Swargate,10,5,1,1592,7219,0,16.324371859296484,0.0,0
Kothrud,Swargate,10,5,2,1580,7367,0,16.785569620253163,0.0,0
Kothrud,Swargate,12,5,0,1601,7261,0,16.327045596502185,0.0,1
Kothrud,Swargate,12,5,1,1732,7361,0,15.3,0.0,0
Kothrud,Swargate,12,5,2,1789,7427,0,14.945332588038008,0.0,0
Kothrud,Swargate,14,5,0,1484,7327,0,17.774393530997305,0.0,1
Kothrud,Swargate,14,5,1,1588,7183,0,16.28387909319899,0.0,0
Kothrud,Swargate,14,5,2,1963,10140,0,18.596026490066222,0.0,0
Kothrud,Swargate,16,5,0,1464,7226,0,17.768852459016394,0.0,1
Kothrud,Swargate,16,5,1,1640,7373,0,16.184634146341462,0.0,0
Kothrud,Swargate,16,5,2,1749,7427,0,15.28713550600343,0.0,0
Kothrud,Swargate,18,5,0,1607,7218,0,16.169757311761046,0.0,1
Kothrud,Swargate,18,5,1,1814,7285,0,14.45755237045204,0.0,0
Kothrud,Swargate,18,5,2,1810,7427,0,14.771933701657458,0.0,0
Kothrud,Swargate,20,5,0,1415,6976,0,17.748127208480565,0.0,1
Kothrud,Swargate,20,5,1,1658,7177,0,15.58335343787696,0.0,0
Kothrud,Swargate,20,5,2,1595,7404,0,16.711222570532914,0.0,0
Kothrud,Swargate,22,5,0,987,6976,0,25.44437689969605,0.0,1
Kothrud,Swargate,22,5,1,1130,7152,0,22.785132743362837,0.0,0
Kothrud,Swargate,22,5,2,1080,7301,0,24.33666666666667,0.0,0
Kothrud,Swargate,0,6,0,987,6976,0,25.44437689969605,0.0,1
Kothrud,Swargate,0,6,1,1130,7152,0,22.785132743362837,0.0,0
Kothrud,Swargate,0,6,2,1080,7301,0,24.33666666666667,0.0,0
Kothrud,Swargate,6,6,0,1010,6976,0,24.864950495049506,0.0,1
Kothrud,Swargate,6,6,1,1150,7152,0,22.388869565217394,0.0,0
Kothrud,Swargate,6,6,2,1100,7301,0,23.894181818181817,0.0,0
Kothrud,Swargate,8,6,0,1242,6976,0,20.220289855072465,0.0,1
Kothrud,Swargate,8,6,1,1410,7384,0,18.85276595744681,0.0,0
Kothrud,Swargate,8,6,2,1398,7333,0,18.88326180257511,0.0,0
Kothrud,Swargate,10,6,0,1511,7182,0,17.111317008603574,0.0,1
Kothrud,Swargate,10,6,1,1620,7361,0,16.357777777777777,0.0,0
Kothrud,Swargate,10,6,2,1604,7427,0,16.66907730673317,0.0,0
Kothrud,Swargate,12,6,0,1625,7261,0,16.085907692307693,0.0,1
Kothrud,Swargate,12,6,1,1765,7361,0,15.013937677053825,0.0,0
Kothrud,Swargate,12,6,2,1838,7427,0,14.54689880304679,0.0,0
Kothrud,Swargate,14,6,0,1490,7327,0,17.70281879194631,0.0,1
Kothrud,Swargate,14,6,1,1582,7111,0,16.181795195954486,0.0,0
Kothrud,Swargate,14,6,2,1972,10140,0,18.511156186612578,0.0,0
Kothrud,Swargate,16,6,0,1473,7226,0,17.660285132382892,0.0,1
Kothrud,Swargate,16,6,1,1639,7301,0,16.036363636363635,0.0,0
Kothrud,Swargate,16,6,2,1756,7427,0,15.22619589977221,0.0,0
Kothrud,Swargate,18,6,0,1627,7218,0,15.970989551321452,0.0,1
Kothrud,Swargate,18,6,1,1830,7177,0,14.118688524590164,0.0,0
Kothrud,Swargate,18,6,2,1816,7427,0,14.723127753303965,0.0,0
Kothrud,Swargate,20,6,0,1452,6976,0,17.29586776859504,0.0,1
Kothrud,Swargate,20,6,1,1677,7177,0,15.40679785330948,0.0,0
Kothrud,Swargate,20,6,2,1607,7404,0,16.586434349719976,0.0,0
Kothrud,Swargate,22,6,0,987,6976,0,25.44437689969605,0.0,1
Kothrud,Swargate,22,6,1,1130,7152,0,22.785132743362837,0.0,0
Kothrud,Swargate,22,6,2,1080,7301,0,24.33666666666667,0.0,0
Kothrud,Swargate,0,0,0,987,6976,0,25.44437689969605,0.0,1
Kothrud,Swargate,0,0,1,1130,7152,0,22.785132743362837,0.0,0
Kothrud,Swargate,0,0,2,1080,7301,0,24.33666666666667,0.0,0
Kothrud,Swargate,6,0,0,1009,6976,0,24.889593657086223,0.0,1
Kothrud,Swargate,6,0,1,1149,7152,0,22.40835509138381,0.0,0
Kothrud,Swargate,6,0,2,1101,7327,0,23.957493188010897,0.0,0
Kothrud,Swargate,8,0,0,1234,6976,0,20.351377633711508,0.0,1
Kothrud,Swargate,8,0,1,1402,7243,0,18.598288159771755,0.0,0
Kothrud,Swargate,8,0,2,1395,7325,0,18.90322580645161,0.0,0
Kothrud,Swargate,10,0,0,1479,7268,0,17.690872210953348,0.0,1
Kothrud,Swargate,10,0,1,1598,7277,0,16.393742177722153,0.0,0
Kothrud,Swargate,10,0,2,1589,7427,0,16.826431718061674,0.0,0
Kothrud,Swargate,12,0,0,1593,7261,0,16.409039548022598,0.0,1
Kothrud,Swargate,12,0,1,1733,7361,0,15.291171379111368,0.0,0
Kothrud,Swargate,12,0,2,1812,7427,0,14.755629139072848,0.0,0
Kothrud,Swargate,14,0,0,1476,7327,0,17.870731707317074,0.0,1
Kothrud,Swargate,14,0,1,1666,7416,0,16.0249699879952,0.0,0
Kothrud,Swargate,14,0,2,1739,7427,0,15.375043128234616,0.0,0
Kothrud,Swargate,16,0,0,1460,7226,0,17.81753424657534,0.0,1
Kothrud,Swargate,16,0,1,1632,7373,0,16.263970588235296,0.0,0
Kothrud,Swargate,16,0,2,1745,7427,0,15.3221776504298,0.0,0
Kothrud,Swargate,18,0,0,1613,7218,0,16.109609423434595,0.0,1
Kothrud,Swargate,18,0,1,1820,7285,0,14.40989010989011,0.0,0
Kothrud,Swargate,18,0,2,1825,7427,0,14.650520547945206,0.0,0
Kothrud,Swargate,20,0,0,1454,6976,0,17.272077028885832,0.0,1
Kothrud,Swargate,20,0,1,1695,7177,0,15.243185840707964,0.0,0
Kothrud,Swargate,20,0,2,1604,7404,0,16.617456359102246,0.0,0
Kothrud,Swargate,22,0,0,987,6976,0,25.44437689969605,0.0,1
Kothrud,Swargate,22,0,1,1130,7152,0,22.785132743362837,0.0,0
Kothrud,Swargate,22,0,2,1080,7301,0,24.33666666666667,0.0,0
Kothrud,Swargate,0,1,0,987,6976,0,25.44437689969605,0.0,1
Kothrud,Swargate,0,1,1,1130,7152,0,22.785132743362837,0.0,0
Kothrud,Swargate,0,1,2,1080,7301,0,24.33666666666667,0.0,0
Kothrud,Swargate,6,1,0,1009,6976,0,24.889593657086223,0.0,1
Kothrud,Swargate,6,1,1,1149,7152,0,22.40835509138381,0.0,0
Kothrud,Swargate,6,1,2,1098,7301,0,23.93770491803279,0.0,0
Kothrud,Swargate,8,1,0,1216,6976,0,20.652631578947368,0.0,1
Kothrud,Swargate,8,1,1,1402,7384,0,18.96034236804565,0.0,0
Kothrud,Swargate,8,1,2,1385,7333,0,19.060505415162453,0.0,0
Kothrud,Swargate,10,1,0,1472,7268,0,17.775,0.0,1
Kothrud,Swargate,10,1,1,1599,7277,0,16.38348968105066,0.0,0
Kothrud,Swargate,10,1,2,1593,7427,0,16.784180790960452,0.0,0
Kothrud,Swargate,12,1,0,1597,7266,0,16.379211020663742,0.0,1
Kothrud,Swargate,12,1,1,1736,7361,0,15.264746543778802,0.0,0
Kothrud,Swargate,12,1,2,1831,7427,0,14.602512288367013,0.0,0
Kothrud,Swargate,14,1,0,1484,7327,0,17.774393530997305,0.0,1
Kothrud,Swargate,14,1,1,1566,7195,0,16.54022988505747,0.0,0
Kothrud,Swargate,14,1,2,1968,10140,0,18.54878048780488,0.0,0
Kothrud,Swargate,16,1,0,1458,7226,0,17.841975308641974,0.0,1
Kothrud,Swargate,16,1,1,1643,7373,0,16.155082166768107,0.0,0
Kothrud,Swargate,16,1,2,1735,7427,0,15.410489913544668,0.0,0
Kothrud,Swargate,18,1,0,1605,7218,0,16.189906542056075,0.0,1
Kothrud,Swargate,18,1,1,1814,7318,0,14.523042998897465,0.0,0
Kothrud,Swargate,18,1,2,1823,7427,0,14.666593527153044,0.0,0
Kothrud,Swargate,20,1,0,1443,6976,0,17.403742203742205,0.0,1
Kothrud,Swargate,20,1,1,1672,7177,0,15.452870813397128,0.0,0
Kothrud,Swargate,20,1,2,1602,7408,0,16.647191011235957,0.0,0
Kothrud,Swargate,22,1,0,987,6976,0,25.44437689969605,0.0,1
Kothrud,Swargate,22,1,1,1130,7152,0,22.785132743362837,0.0,0
Kothrud,Swargate,22,1,2,1080,7301,0,24.33666666666667,0.0,0
Kothrud,Swargate,0,2,0,987,6976,0,25.44437689969605,0.0,1
Kothrud,Swargate,0,2,1,1130,7152,0,22.785132743362837,0.0,0
Kothrud,Swargate,0,2,2,1080,7301,0,24.33666666666667,0.0,0
Kothrud,Swargate,6,2,0,1009,6976,0,24.889593657086223,0.0,1
Kothrud,Swargate,6,2,1,1149,7152,0,22.40835509138381,0.0,0
Kothrud,Swargate,6,2,2,1098,7301,0,23.93770491803279,0.0,0
Kothrud,Swargate,8,2,0,1213,6976,0,20.70370981038747,0.0,1
Kothrud,Swargate,8,2,1,1410,7243,0,18.49276595744681,0.0,0
Kothrud,Swargate,8,2,2,1386,7350,0,19.09090909090909,0.0,0
Kothrud,Swargate,10,2,0,1459,6817,0,16.82056202878684,0.0,1
Kothrud,Swargate,10,2,1,1605,7361,0,16.510654205607477,0.0,0
Kothrud,Swargate,10,2,2,1751,7958,0,16.361393489434608,0.0,0
Kothrud,Swargate,12,2,0,1594,7261,0,16.398745294855708,0.0,1
Kothrud,Swargate,12,2,1,1754,7361,0,15.108095781071835,0.0,0
Kothrud,Swargate,12,2,2,1819,7427,0,14.698845519516215,0.0,0
Kothrud,Swargate,14,2,0,1490,7327,0,17.70281879194631,0.0,1
Kothrud,Swargate,14,2,1,1577,7195,0,16.424857324032974,0.0,0
Kothrud,Swargate,14,2,2,1992,10140,0,18.32530120481928,0.0,0
Kothrud,Swargate,16,2,0,1476,7226,0,17.62439024390244,0.0,1
Kothrud,Swargate,16,2,1,1656,7373,0,16.028260869565216,0.0,0
Kothrud,Swargate,16,2,2,1774,7427,0,15.071702367531003,0.0,0
Kothrud,Swargate,18,2,0,1611,7218,0,16.129608938547484,0.0,1
Kothrud,Swargate,18,2,1,1838,7285,0,14.268770402611535,0.0,0
Kothrud,Swargate,18,2,2,1844,7427,0,14.499566160520606,0.0,0
Kothrud,Swargate,20,2,0,1440,6976,0,17.439999999999998,0.0,1
Kothrud,Swargate,20,2,1,1694,7177,0,15.252184179456906,0.0,0
Kothrud,Swargate,20,2,2,1604,7404,0,16.617456359102246,0.0,0
Kothrud,Swargate,22,2,0,987,6976,0,25.44437689969605,0.0,1
Kothrud,Swargate,22,2,1,1130,7152,0,22.785132743362837,0.0,0
Kothrud,Swargate,22,2,2,1080,7301,0,24.33666666666667,0.0,0
Kothrud,Swargate,0,3,0,987,6976,0,25.44437689969605,0.0,1
Kothrud,Swargate,0,3,1,1130,7152,0,22.785132743362837,0.0,0
Kothrud,Swargate,0,3,2,1080,7301,0,24.33666666666667,0.0,0
Kothrud,Swargate,6,3,0,1009,6976,0,24.889593657086223,0.0,1
Kothrud,Swargate,6,3,1,1151,7152,0,22.36941789748045,0.0,0
Kothrud,Swargate,6,3,2,1097,7301,0,23.959525979945305,0.0,0
Kothrud,Swargate,8,3,0,1195,6976,0,21.015564853556487,0.0,1
Kothrud,Swargate,8,3,1,1376,7243,0,18.94970930232558,0.0,0
Kothrud,Swargate,8,3,2,1335,7325,0,19.752808988764045,0.0,0
Kothrud,Swargate,10,3,0,1428,6999,0,17.64453781512605,0.0,1
Kothrud,Swargate,10,3,1,1593,7219,0,16.314124293785312,0.0,0
Kothrud,Swargate,10,3,2,1751,7961,0,16.367561393489435,0.0,0
Kothrud,Swargate,12,3,0,1624,7261,0,16.095812807881774,0.0,1
Kothrud,Swargate,12,3,1,1782,7328,0,14.804040404040403,0.0,0
Kothrud,Swargate,12,3,2,1855,7427,0,14.41358490566038,0.0,0
Kothrud,Swargate,14,3,0,1573,7327,0,16.768722186904004,0.0,1
Kothrud,Swargate,14,3,1,1778,7317,0,14.815073115860518,0.0,0
Kothrud,Swargate,14,3,2,1937,7703,0,14.316365513680951,0.0,0
Kothrud,Swargate,16,3,0,1540,7261,0,16.973766233766234,0.0,1
Kothrud,Swargate,16,3,1,1764,7349,0,14.997959183673473,0.0,0
Kothrud,Swargate,16,3,2,1954,7703,0,14.19181166837257,0.0,0
Kothrud,Swargate,18,3,0,1618,7218,0,16.059826946847963,0.0,1
Kothrud,Swargate,18,3,1,1866,7274,0,14.033440514469454,0.0,0
Kothrud,Swargate,18,3,2,1915,7427,0,13.961984334203654,0.0,0
Kothrud,Swargate,20,3,0,1453,6976,0,17.283964211975224,0.0,1
Kothrud,Swargate,20,3,1,1568,7086,0,16.26887755102041,0.0,0
Kothrud,Swargate,20,3,2,1479,7310,0,17.79310344827586,0.0,0
Kothrud,Swargate,22,3,0,987,6976,0,25.44437689969605,0.0,1
Kothrud,Swargate,22,3,1,1130,7152,0,22.785132743362837,0.0,0
Kothrud,Swargate,22,3,2,1080,7301,0,24.33666666666667,0.0,0
Kothrud,Swargate,0,4,0,987,6976,0,25.44437689969605,0.0,1
Kothrud,Swargate,0,4,1,1130,7152,0,22.785132743362837,0.0,0
Kothrud,Swargate,0,4,2,1080,7301,0,24.33666666666667,0.0,0
Kothrud,Swargate,6,4,0,1005,6976,0,24.98865671641791,0.0,1
Kothrud,Swargate,6,4,1,1145,7152,0,22.486637554585155,0.0,0
Kothrud,Swargate,6,4,2,1096,7301,0,23.98138686131387,0.0,0
Kothrud,Swargate,8,4,0,1119,6976,0,22.442895442359248,0.0,1
Kothrud,Swargate,8,4,1,1312,7243,0,19.87408536585366,0.0,0
Kothrud,Swargate,8,4,2,1267,7512,0,21.344277821625887,0.0,0
Kothrud,Swargate,10,4,0,1238,6976,0,20.28562197092084,0.0,1
Kothrud,Swargate,10,4,1,1421,7243,0,18.34961294862773,0.0,0
Kothrud,Swargate,10,4,2,1350,7512,0,20.032,0.0,0
Kothrud,Swargate,12,4,0,1362,7226,0,19.09955947136564,0.0,1
Kothrud,Swargate,12,4,1,1548,7177,0,16.690697674418605,0.0,0
Kothrud,Swargate,12,4,2,1524,7427,0,17.544094488188975,0.0,0
Kothrud,Swargate,14,4,0,1369,7284,0,19.15441928414901,0.0,1
Kothrud,Swargate,14,4,1,1515,7177,0,17.054257425742573,0.0,0
Kothrud,Swargate,14,4,2,1573,7427,0,16.99758423394787,0.0,0
Kothrud,Swargate,16,4,0,1366,7284,0,19.196486090775988,0.0,1
Kothrud,Swargate,16,4,1,1509,7177,0,17.122067594433396,0.0,0
Kothrud,Swargate,16,4,2,1631,7703,0,17.002329858982222,0.0,0
Kothrud,Swargate,18,4,0,1435,7223,0,18.120418118466898,0.0,1
Kothrud,Swargate,18,4,1,1609,7177,0,16.057924176507147,0.0,0
Kothrud,Swargate,18,4,2,1641,7427,0,16.293235831809874,0.0,0
Kothrud,Swargate,20,4,0,1321,6976,0,19.011052233156697,0.0,1
Kothrud,Swargate,20,4,1,1554,7177,0,16.626254826254826,0.0,0
Kothrud,Swargate,20,4,2,1438,7325,0,18.33796940194715,0.0,0
Kothrud,Swargate,22,4,0,987,6976,0,25.44437689969605,0.0,1
Kothrud,Swargate,22,4,1,1130,7152,0,22.785132743362837,0.0,0
Kothrud,Swargate,22,4,2,1080,7301,0,24.33666666666667,0.0,0
Kothrud,Swargate,0,5,0,987,6976,0,25.44437689969605,0.0,1
Kothrud,Swargate,0,5,1,1130,7152,0,22.785132743362837,0.0,0
Kothrud,Swargate,0,5,2,1080,7301,0,24.33666666666667,0.0,0
Kothrud,Swargate,6,5,0,1009,6976,0,24.889593657086223,0.0,1
Kothrud,Swargate,6,5,1,1150,7152,0,22.388869565217394,0.0,0
Kothrud,Swargate,6,5,2,1099,7301,0,23.915923566878984,0.0,0
Kothrud,Swargate,8,5,0,1231,6976,0,20.400974817221773,0.0,1
Kothrud,Swargate,8,5,1,1397,7243,0,18.66485325697924,0.0,0
Kothrud,Swargate,8,5,2,1391,7325,0,18.957584471603163,0.0,0
Kothrud,Swargate,10,5,0,1464,6976,0,17.154098360655738,0.0,1
Kothrud,Swargate,10,5,1,1592,7219,0,16.324371859296484,0.0,0
Kothrud,Swargate,10,5,2,1580,7367,0,16.785569620253163,0.0,0
Kothrud,Swargate,12,5,0,1601,7261,0,16.327045596502185,0.0,1
Kothrud,Swargate,12,5,1,1732,7361,0,15.3,0.0,0
Kothrud,Swargate,12,5,2,1789,7427,0,14.945332588038008,0.0,0
Kothrud,Swargate,14,5,0,1484,7327,0,17.774393530997305,0.0,1
Kothrud,Swargate,14,5,1,1588,7183,0,16.28387909319899,0.0,0
Kothrud,Swargate,14,5,2,1963,10140,0,18.596026490066222,0.0,0
Kothrud,Swargate,16,5,0,1464,7226,0,17.768852459016394,0.0,1
Kothrud,Swargate,16,5,1,1640,7373,0,16.184634146341462,0.0,0
Kothrud,Swargate,16,5,2,1749,7427,0,15.28713550600343,0.0,0
Kothrud,Swargate,18,5,0,1607,7218,0,16.169757311761046,0.0,1
Kothrud,Swargate,18,5,1,1814,7285,0,14.45755237045204,0.0,0
Kothrud,Swargate,18,5,2,1810,7427,0,14.771933701657458,0.0,0
Kothrud,Swargate,20,5,0,1415,6976,0,17.748127208480565,0.0,1
Kothrud,Swargate,20,5,1,1658,7177,0,15.58335343787696,0.0,0
Kothrud,Swargate,20,5,2,1595,7404,0,16.711222570532914,0.0,0
Kothrud,Swargate,22,5,0,987,6976,0,25.44437689969605,0.0,1
Kothrud,Swargate,22,5,1,1130,7152,0,22.785132743362837,0.0,0
Kothrud,Swargate,22,5,2,1080,7301,0,24.33666666666667,0.0,0
Kothrud,Swargate,0,6,0,987,6976,0,25.44437689969605,0.0,1
Kothrud,Swargate,0,6,1,1130,7152,0,22.785132743362837,0.0,0
Kothrud,Swargate,0,6,2,1080,7301,0,24.33666666666667,0.0,0
Kothrud,Swargate,6,6,0,1010,6976,0,24.864950495049506,0.0,1
Kothrud,Swargate,6,6,1,1150,7152,0,22.388869565217394,0.0,0
Kothrud,Swargate,6,6,2,1100,7301,0,23.894181818181817,0.0,0
Kothrud,Swargate,8,6,0,1242,6976,0,20.220289855072465,0.0,1
Kothrud,Swargate,8,6,1,1410,7384,0,18.85276595744681,0.0,0
Kothrud,Swargate,8,6,2,1398,7333,0,18.88326180257511,0.0,0
Kothrud,Swargate,10,6,0,1511,7182,0,17.111317008603574,0.0,1
Kothrud,Swargate,10,6,1,1620,7361,0,16.357777777777777,0.0,0
Kothrud,Swargate,10,6,2,1604,7427,0,16.66907730673317,0.0,0
Kothrud,Swargate,12,6,0,1625,7261,0,16.085907692307693,0.0,1
Kothrud,Swargate,12,6,1,1765,7361,0,15.013937677053825,0.0,0
Kothrud,Swargate,12,6,2,1838,7427,0,14.54689880304679,0.0,0
Kothrud,Swargate,14,6,0,1490,7327,0,17.70281879194631,0.0,1
Kothrud,Swargate,14,6,1,1582,7111,0,16.181795195954486,0.0,0
Kothrud,Swargate,14,6,2,1972,10140,0,18.511156186612578,0.0,0
Kothrud,Swargate,16,6,0,1473,7226,0,17.660285132382892,0.0,1
Kothrud,Swargate,16,6,1,1639,7301,0,16.036363636363635,0.0,0
Kothrud,Swargate,16,6,2,1756,7427,0,15.22619589977221,0.0,0
Kothrud,Swargate,18,6,0,1627,7218,0,15.970989551321452,0.0,1
Kothrud,Swargate,18,6,1,1830,7177,0,14.118688524590164,0.0,0
Kothrud,Swargate,18,6,2,1816,7427,0,14.723127753303965,0.0,0
Kothrud,Swargate,20,6,0,1452,6976,0,17.29586776859504,0.0,1
Kothrud,Swargate,20,6,1,1677,7177,0,15.40679785330948,0.0,0
Kothrud,Swargate,20,6,2,1607,7404,0,16.586434349719976,0.0,0
Kothrud,Swargate,22,6,0,987,6976,0,25.44437689969605,0.0,1
Kothrud,Swargate,22,6,1,1130,7152,0,22.785132743362837,0.0,0
Kothrud,Swargate,22,6,2,1080,7301,0,24.33666666666667,0.0,0
Kothrud,Hinjewadi,0,0,0,1314,16099,0,44.106849315068494,0.0,1
Kothrud,Hinjewadi,0,0,1,2067,18880,0,32.882438316400574,0.0,0
Kothrud,Hinjewadi,0,0,2,1819,15637,0,30.947333699835077,0.0,0
Kothrud,Hinjewadi,6,0,0,1341,16099,0,43.21879194630873,0.0,1
Kothrud,Hinjewadi,6,0,1,2114,18880,0,32.15137180700095,0.0,0
Kothrud,Hinjewadi,6,0,2,1854,15637,0,30.363106796116504,0.0,0
Kothrud,Hinjewadi,8,0,0,1594,16099,0,36.35909661229611,0.0,1
Kothrud,Hinjewadi,8,0,1,2586,18880,0,26.2830626450116,0.0,0
Kothrud,Hinjewadi,8,0,2,2303,17371,0,27.15397307859314,0.0,0
Kothrud,Hinjewadi,10,0,0,1769,16099,0,32.76223855285472,0.0,1
Kothrud,Hinjewadi,10,0,1,2856,18880,0,23.79831932773109,0.0,0
Kothrud,Hinjewadi,10,0,2,2469,17371,0,25.32831105710814,0.0,0
Kothrud,Hinjewadi,12,0,0,1797,16099,0,32.251752921535896,0.0,1
Kothrud,Hinjewadi,12,0,1,2908,18880,0,23.372764786795045,0.0,0
Kothrud,Hinjewadi,12,0,2,2376,15641,0,23.69848484848485,0.0,0
Kothrud,Hinjewadi,14,0,0,1586,16099,0,36.54249684741488,0.0,1
Kothrud,Hinjewadi,14,0,1,2626,18880,0,25.88271134805788,0.0,0
Kothrud,Hinjewadi,14,0,2,2157,15641,0,26.10458970792768,0.0,0
Kothrud,Hinjewadi,16,0,0,1599,16099,0,36.2454033771107,0.0,1
Kothrud,Hinjewadi,16,0,1,2784,18880,0,24.413793103448278,0.0,0
Kothrud,Hinjewadi,16,0,2,2198,15641,0,25.617652411282982,0.0,0
Kothrud,Hinjewadi,18,0,0,1856,16099,0,31.226508620689657,0.0,1
Kothrud,Hinjewadi,18,0,1,3319,18880,0,20.478457366676707,0.0,0
Kothrud,Hinjewadi,18,0,2,2532,15637,0,22.232701421800947,0.0,0
Kothrud,Hinjewadi,20,0,0,1708,16099,0,33.93231850117096,0.0,1
Kothrud,Hinjewadi,20,0,1,2739,18880,0,24.814895947426063,0.0,0
Kothrud,Hinjewadi,20,0,2,2344,15641,0,24.02201365187713,0.0,0
Kothrud,Hinjewadi,22,0,0,1314,16099,0,44.106849315068494,0.0,1
Kothrud,Hinjewadi,22,0,1,2067,18880,0,32.882438316400574,0.0,0
Kothrud,Hinjewadi,22,0,2,1819,15637,0,30.947333699835077,0.0,0
Kothrud,Hinjewadi,0,1,0,1314,16099,0,44.106849315068494,0.0,1
Kothrud,Hinjewadi,0,1,1,2067,18880,0,32.882438316400574,0.0,0
Kothrud,Hinjewadi,0,1,2,1819,15637,0,30.947333699835077,0.0,0
Kothrud,Hinjewadi,6,1,0,1339,16099,0,43.28334578043316,0.0,1
Kothrud,Hinjewadi,6,1,1,2110,18880,0,32.212322274881515,0.0,0
Kothrud,Hinjewadi,6,1,2,1852,15637,0,30.39589632829373,0.0,0
Kothrud,Hinjewadi,8,1,0,1556,16099,0,37.24704370179949,0.0,1
Kothrud,Hinjewadi,8,1,1,2542,18880,0,26.73800157356412,0.0,0
Kothrud,Hinjewadi,8,1,2,2112,15641,0,26.66079545454545,0.0,0
Kothrud,Hinjewadi,10,1,0,1707,16099,0,33.95219683655536,0.0,1
Kothrud,Hinjewadi,10,1,1,2803,18880,0,24.248305387085264,0.0,0
Kothrud,Hinjewadi,10,1,2,2427,17371,0,25.766625463535227,0.0,0
Kothrud,Hinjewadi,12,1,0,1744,16099,0,33.231880733944955,0.0,1
Kothrud,Hinjewadi,12,1,1,2872,18880,0,23.665738161559887,0.0,0
Kothrud,Hinjewadi,12,1,2,2324,15641,0,24.228743545611017,0.0,0
Kothrud,Hinjewadi,14,1,0,1571,16099,0,36.89140674729472,0.0,1
Kothrud,Hinjewadi,14,1,1,2611,18880,0,26.031405591727307,0.0,0
Kothrud,Hinjewadi,14,1,2,2145,15641,0,26.250629370629373,0.0,0
Kothrud,Hinjewadi,16,1,0,1587,16099,0,36.519470699432894,0.0,1
Kothrud,Hinjewadi,16,1,1,2753,18880,0,24.688703232836904,0.0,0
Kothrud,Hinjewadi,16,1,2,2184,15641,0,25.78186813186813,0.0,0
Kothrud,Hinjewadi,18,1,0,1834,16099,0,31.601090512540893,0.0,1
Kothrud,Hinjewadi,18,1,1,3292,18880,0,20.64641555285541,0.0,0
Kothrud,Hinjewadi,18,1,2,2499,15641,0,22.53205282112845,0.0,0
Kothrud,Hinjewadi,20,1,0,1698,16099,0,34.1321554770318,0.0,1
Kothrud,Hinjewadi,20,1,1,2730,18880,0,24.896703296703297,0.0,0
Kothrud,Hinjewadi,20,1,2,2295,15637,0,24.528627450980395,0.0,0
Kothrud,Hinjewadi,22,1,0,1314,16099,0,44.106849315068494,0.0,1
Kothrud,Hinjewadi,22,1,1,2067,18880,0,32.882438316400574,0.0,0
Kothrud,Hinjewadi,22,1,2,1819,15637,0,30.947333699835077,0.0,0
Kothrud,Hinjewadi,0,2,0,1314,16099,0,44.106849315068494,0.0,1
Kothrud,Hinjewadi,0,2,1,2067,18880,0,32.882438316400574,0.0,0
Kothrud,Hinjewadi,0,2,2,1819,15637,0,30.947333699835077,0.0,0
Kothrud,Hinjewadi,6,2,0,1336,16099,0,43.38053892215569,0.0,1
Kothrud,Hinjewadi,6,2,1,2108,18880,0,32.242884250474376,0.0,0
Kothrud,Hinjewadi,6,2,2,1850,15637,0,30.42875675675676,0.0,0
Kothrud,Hinjewadi,8,2,0,1518,16099,0,38.1794466403162,0.0,1
Kothrud,Hinjewadi,8,2,1,2499,18880,0,27.198079231692677,0.0,0
Kothrud,Hinjewadi,8,2,2,2084,15641,0,27.0190019193858,0.0,0
Kothrud,Hinjewadi,10,2,0,1668,16099,0,34.746043165467626,0.0,1
Kothrud,Hinjewadi,10,2,1,2742,18880,0,24.787746170678336,0.0,0
Kothrud,Hinjewadi,10,2,2,2228,15641,0,25.27271095152603,0.0,0
Kothrud,Hinjewadi,12,2,0,1742,16099,0,33.270034443168775,0.0,1
Kothrud,Hinjewadi,12,2,1,2864,18880,0,23.731843575418992,0.0,0
Kothrud,Hinjewadi,12,2,2,2329,15641,0,24.176728209531987,0.0,0
Kothrud,Hinjewadi,14,2,0,1588,16099,0,36.49647355163728,0.0,1
Kothrud,Hinjewadi,14,2,1,2650,18880,0,25.64830188679245,0.0,0
Kothrud,Hinjewadi,14,2,2,2170,15641,0,25.94820276497696,0.0,0
Kothrud,Hinjewadi,16,2,0,1590,16099,0,36.450566037735854,0.0,1
Kothrud,Hinjewadi,16,2,1,2790,18880,0,24.361290322580643,0.0,0
Kothrud,Hinjewadi,16,2,2,2195,15641,0,25.65266514806378,0.0,0
Kothrud,Hinjewadi,18,2,0,1844,16099,0,31.429718004338397,0.0,1
Kothrud,Hinjewadi,18,2,1,3286,18880,0,20.68411442483262,0.0,0
Kothrud,Hinjewadi,18,2,2,2521,15641,0,22.33542245140817,0.0,0
Kothrud,Hinjewadi,20,2,0,1729,16099,0,33.52018507807981,0.0,1
Kothrud,Hinjewadi,20,2,1,2754,18880,0,24.6797385620915,0.0,0
Kothrud,Hinjewadi,20,2,2,2336,15637,0,24.09811643835617,0.0,0
Kothrud,Hinjewadi,22,2,0,1314,16099,0,44.106849315068494,0.0,1
Kothrud,Hinjewadi,22,2,1,2067,18880,0,32.882438316400574,0.0,0
Kothrud,Hinjewadi,22,2,2,1819,15637,0,30.947333699835077,0.0,0
Kothrud,Hinjewadi,0,3,0,1314,16099,0,44.106849315068494,0.0,1
Kothrud,Hinjewadi,0,3,1,2067,18880,0,32.882438316400574,0.0,0
Kothrud,Hinjewadi,0,3,2,1819,15637,0,30.947333699835077,0.0,0
Kothrud,Hinjewadi,6,3,0,1336,16099,0,43.38053892215569,0.0,1
Kothrud,Hinjewadi,6,3,1,2101,18880,0,32.35030937648739,0.0,0
Kothrud,Hinjewadi,6,3,2,1847,15637,0,30.478180833784517,0.0,0
Kothrud,Hinjewadi,8,3,0,1436,16099,0,40.35961002785516,0.0,1
Kothrud,Hinjewadi,8,3,1,2330,18880,0,29.17081545064377,0.0,0
Kothrud,Hinjewadi,8,3,2,1977,15641,0,28.48133535660091,0.0,0
Kothrud,Hinjewadi,10,3,0,1560,16099,0,37.15153846153846,0.0,1
Kothrud,Hinjewadi,10,3,1,2527,18880,0,26.896715472892755,0.0,0
Kothrud,Hinjewadi,10,3,2,2116,15641,0,26.61039697542533,0.0,0
Kothrud,Hinjewadi,12,3,0,1699,16099,0,34.112065921130075,0.0,1
Kothrud,Hinjewadi,12,3,1,2774,18880,0,24.501802451333813,0.0,0
Kothrud,Hinjewadi,12,3,2,2272,15641,0,24.783274647887325,0.0,0
Kothrud,Hinjewadi,14,3,0,1687,16099,0,34.3547125074096,0.0,1
Kothrud,Hinjewadi,14,3,1,2772,18880,0,24.51948051948052,0.0,0
Kothrud,Hinjewadi,14,3,2,2249,15641,0,25.036727434415297,0.0,0
Kothrud,Hinjewadi,16,3,0,1704,16099,0,34.011971830985914,0.0,1
Kothrud,Hinjewadi,16,3,1,2878,18880,0,23.61640027797081,0.0,0
Kothrud,Hinjewadi,16,3,2,2269,15641,0,24.816042309387395,0.0,0
Kothrud,Hinjewadi,18,3,0,1784,16099,0,32.48677130044843,0.0,1
Kothrud,Hinjewadi,18,3,1,3124,19283,0,22.221126760563383,0.0,0
Kothrud,Hinjewadi,18,3,2,2409,15641,0,23.37384806973848,0.0,0
Kothrud,Hinjewadi,20,3,0,1664,16099,0,34.82956730769231,0.0,1
Kothrud,Hinjewadi,20,3,1,2700,18880,0,25.17333333333333,0.0,0
Kothrud,Hinjewadi,20,3,2,2299,15641,0,24.492214006089604,0.0,0
Kothrud,Hinjewadi,22,3,0,1314,16099,0,44.106849315068494,0.0,1
Kothrud,Hinjewadi,22,3,1,2067,18880,0,32.882438316400574,0.0,0
Kothrud,Hinjewadi,22,3,2,1819,15637,0,30.947333699835077,0.0,0
Kothrud,Hinjewadi,0,4,0,1314,16099,0,44.106849315068494,0.0,1
Kothrud,Hinjewadi,0,4,1,2067,18880,0,32.882438316400574,0.0,0
Kothrud,Hinjewadi,0,4,2,1819,15637,0,30.947333699835077,0.0,0
Kothrud,Hinjewadi,6,4,0,1333,16099,0,43.4781695423856,0.0,1
Kothrud,Hinjewadi,6,4,1,2096,18880,0,32.42748091603053,0.0,0
Kothrud,Hinjewadi,6,4,2,1857,15641,0,30.32180936995153,0.0,0
Kothrud,Hinjewadi,8,4,0,1385,16099,0,41.8457761732852,0.0,1
Kothrud,Hinjewadi,8,4,1,2214,18880,0,30.69918699186992,0.0,0
Kothrud,Hinjewadi,8,4,2,1915,15641,0,29.40344647519582,0.0,0
Kothrud,Hinjewadi,10,4,0,1463,16099,0,39.61476418318524,0.0,1
Kothrud,Hinjewadi,10,4,1,2340,18880,0,29.04615384615384,0.0,0
Kothrud,Hinjewadi,10,4,2,1997,15641,0,28.196094141211816,0.0,0
Kothrud,Hinjewadi,12,4,0,1558,16099,0,37.19922978177151,0.0,1
Kothrud,Hinjewadi,12,4,1,2483,18880,0,27.373338703181638,0.0,0
Kothrud,Hinjewadi,12,4,2,2087,15641,0,26.98016291327264,0.0,0
Kothrud,Hinjewadi,14,4,0,1557,16099,0,37.22312138728324,0.0,1
Kothrud,Hinjewadi,14,4,1,2496,18880,0,27.23076923076923,0.0,0
Kothrud,Hinjewadi,14,4,2,2081,15641,0,27.057952907256126,0.0,0
Kothrud,Hinjewadi,16,4,0,1590,16099,0,36.450566037735854,0.0,1
Kothrud,Hinjewadi,16,4,1,2587,18880,0,26.272902976420564,0.0,0
Kothrud,Hinjewadi,16,4,2,2107,15641,0,26.72406264831514,0.0,0
Kothrud,Hinjewadi,18,4,0,1684,16099,0,34.41591448931116,0.0,1
Kothrud,Hinjewadi,18,4,1,2734,18880,0,24.860277980980246,0.0,0
Kothrud,Hinjewadi,18,4,2,2198,15641,0,25.617652411282982,0.0,0
Kothrud,Hinjewadi,20,4,0,1595,16099,0,36.33630094043888,0.0,1
Kothrud,Hinjewadi,20,4,1,2500,18880,0,27.1872,0.0,0
Kothrud,Hinjewadi,20,4,2,2120,15641,0,26.56018867924528,0.0,0
Kothrud,Hinjewadi,22,4,0,1314,16099,0,44.106849315068494,0.0,1
Kothrud,Hinjewadi,22,4,1,2067,18880,0,32.882438316400574,0.0,0
Kothrud,Hinjewadi,22,4,2,1819,15637,0,30.947333699835077,0.0,0
Kothrud,Hinjewadi,0,5,0,1314,16099,0,44.106849315068494,0.0,1
Kothrud,Hinjewadi,0,5,1,2067,18880,0,32.882438316400574,0.0,0
Kothrud,Hinjewadi,0,5,2,1819,15637,0,30.947333699835077,0.0,0
Kothrud,Hinjewadi,6,5,0,1345,16099,0,43.090260223048325,0.0,1
Kothrud,Hinjewadi,6,5,1,2111,18880,0,32.19706300331597,0.0,0
Kothrud,Hinjewadi,6,5,2,1855,15637,0,30.3467385444744,0.0,0
Kothrud,Hinjewadi,8,5,0,1569,16099,0,36.93843212237093,0.0,1
Kothrud,Hinjewadi,8,5,1,2550,18880,0,26.654117647058825,0.0,0
Kothrud,Hinjewadi,8,5,2,2106,15641,0,26.736752136752138,0.0,0
Kothrud,Hinjewadi,10,5,0,1720,16099,0,33.69558139534884,0.0,1
Kothrud,Hinjewadi,10,5,1,2800,18880,0,24.274285714285718,0.0,0
Kothrud,Hinjewadi,10,5,2,2272,15641,0,24.783274647887325,0.0,0
Kothrud,Hinjewadi,12,5,0,1753,16099,0,33.06126640045636,0.0,1
Kothrud,Hinjewadi,12,5,1,2862,18880,0,23.748427672955973,0.0,0
Kothrud,Hinjewadi,12,5,2,2323,15641,0,24.23917348256565,0.0,0
Kothrud,Hinjewadi,14,5,0,1578,16099,0,36.7277566539924,0.0,1
Kothrud,Hinjewadi,14,5,1,2610,18880,0,26.041379310344823,0.0,0
Kothrud,Hinjewadi,14,5,2,2114,15637,0,26.628760643330185,0.0,0
Kothrud,Hinjewadi,16,5,0,1578,16099,0,36.7277566539924,0.0,1
Kothrud,Hinjewadi,16,5,1,2757,18880,0,24.652883569096844,0.0,0
Kothrud,Hinjewadi,16,5,2,2138,15637,0,26.329840972871843,0.0,0
Kothrud,Hinjewadi,18,5,0,1798,16099,0,32.23381535038932,0.0,1
Kothrud,Hinjewadi,18,5,1,3303,18880,0,20.57765667574932,0.0,0
Kothrud,Hinjewadi,18,5,2,2446,15637,0,23.014390842191336,0.0,0
Kothrud,Hinjewadi,20,5,0,1687,16099,0,34.3547125074096,0.0,1
Kothrud,Hinjewadi,20,5,1,2735,18880,0,24.851188299817185,0.0,0
Kothrud,Hinjewadi,20,5,2,2318,15641,0,24.291458153580678,0.0,0
Kothrud,Hinjewadi,22,5,0,1314,16099,0,44.106849315068494,0.0,1
Kothrud,Hinjewadi,22,5,1,2067,18880,0,32.882438316400574,0.0,0
Kothrud,Hinjewadi,22,5,2,1819,15637,0,30.947333699835077,0.0,0
Kothrud,Hinjewadi,0,6,0,1314,16099,0,44.106849315068494,0.0,1
Kothrud,Hinjewadi,0,6,1,2067,18880,0,32.882438316400574,0.0,0
Kothrud,Hinjewadi,0,6,2,1819,15637,0,30.947333699835077,0.0,0
Kothrud,Hinjewadi,6,6,0,1342,16099,0,43.1865871833085,0.0,1
Kothrud,Hinjewadi,6,6,1,2116,18880,0,32.12098298676749,0.0,0
Kothrud,Hinjewadi,6,6,2,1855,15637,0,30.3467385444744,0.0,0
Kothrud,Hinjewadi,8,6,0,1606,16099,0,36.08742216687422,0.0,1
Kothrud,Hinjewadi,8,6,1,2606,18880,0,26.08135072908672,0.0,0
Kothrud,Hinjewadi,8,6,2,2326,17371,0,26.88546861564918,0.0,0
Kothrud,Hinjewadi,10,6,0,1782,16099,0,32.52323232323232,0.0,1
Kothrud,Hinjewadi,10,6,1,2897,18880,0,23.461511908871245,0.0,0
Kothrud,Hinjewadi,10,6,2,2488,17371,0,25.13488745980707,0.0,0
Kothrud,Hinjewadi,12,6,0,1804,16099,0,32.126607538802666,0.0,1
Kothrud,Hinjewadi,12,6,1,2938,18880,0,23.13410483321988,0.0,0
Kothrud,Hinjewadi,12,6,2,2372,15641,0,23.738448566610455,0.0,0
Kothrud,Hinjewadi,14,6,0,1593,16099,0,36.3819209039548,0.0,1
Kothrud,Hinjewadi,14,6,1,2656,18880,0,25.59036144578313,0.0,0
Kothrud,Hinjewadi,14,6,2,2159,15641,0,26.080407596109307,0.0,0
Kothrud,Hinjewadi,16,6,0,1611,16099,0,35.97541899441341,0.0,1
Kothrud,Hinjewadi,16,6,1,2811,18880,0,24.179295624332976,0.0,0
Kothrud,Hinjewadi,16,6,2,2219,15641,0,25.375214060387563,0.0,0
Kothrud,Hinjewadi,18,6,0,1857,16099,0,31.209693053311792,0.0,1
Kothrud,Hinjewadi,18,6,1,3347,18880,0,20.307140723035552,0.0,0
Kothrud,Hinjewadi,18,6,2,2558,15637,0,22.00672400312744,0.0,0
Kothrud,Hinjewadi,20,6,0,1695,16099,0,34.192566371681416,0.0,1
Kothrud,Hinjewadi,20,6,1,2744,18880,0,24.769679300291543,0.0,0
Kothrud,Hinjewadi,20,6,2,2329,15641,0,24.176728209531987,0.0,0
Kothrud,Hinjewadi,22,6,0,1314,16099,0,44.106849315068494,0.0,1
Kothrud,Hinjewadi,22,6,1,2067,18880,0,32.882438316400574,0.0,0
Kothrud,Hinjewadi,22,6,2,1819,15637,0,30.947333699835077,0.0,0
Kothrud,Hinjewadi,0,0,0,1314,16099,0,44.106849315068494,0.0,1
Kothrud,Hinjewadi,0,0,1,2067,18880,0,32.882438316400574,0.0,0
Kothrud,Hinjewadi,0,0,2,1819,15637,0,30.947333699835077,0.0,0
Kothrud,Hinjewadi,6,0,0,1341,16099,0,43.21879194630873,0.0,1
Kothrud,Hinjewadi,6,0,1,2114,18880,0,32.15137180700095,0.0,0
Kothrud,Hinjewadi,6,0,2,1854,15637,0,30.363106796116504,0.0,0
Kothrud,Hinjewadi,8,0,0,1594,16099,0,36.35909661229611,0.0,1
Kothrud,Hinjewadi,8,0,1,2586,18880,0,26.2830626450116,0.0,0
Kothrud,Hinjewadi,8,0,2,2303,17371,0,27.15397307859314,0.0,0
Kothrud,Hinjewadi,10,0,0,1769,16099,0,32.76223855285472,0.0,1
Kothrud,Hinjewadi,10,0,1,2856,18880,0,23.79831932773109,0.0,0
Kothrud,Hinjewadi,10,0,2,2469,17371,0,25.32831105710814,0.0,0
Kothrud,Hinjewadi,12,0,0,1797,16099,0,32.251752921535896,0.0,1
Kothrud,Hinjewadi,12,0,1,2908,18880,0,23.372764786795045,0.0,0
Kothrud,Hinjewadi,12,0,2,2376,15641,0,23.69848484848485,0.0,0
Kothrud,Hinjewadi,14,0,0,1586,16099,0,36.54249684741488,0.0,1
Kothrud,Hinjewadi,14,0,1,2626,18880,0,25.88271134805788,0.0,0
Kothrud,Hinjewadi,14,0,2,2157,15641,0,26.10458970792768,0.0,0
Kothrud,Hinjewadi,16,0,0,1599,16099,0,36.2454033771107,0.0,1
Kothrud,Hinjewadi,16,0,1,2784,18880,0,24.413793103448278,0.0,0
Kothrud,Hinjewadi,16,0,2,2198,15641,0,25.617652411282982,0.0,0
Kothrud,Hinjewadi,18,0,0,1856,16099,0,31.226508620689657,0.0,1
Kothrud,Hinjewadi,18,0,1,3319,18880,0,20.478457366676707,0.0,0
Kothrud,Hinjewadi,18,0,2,2532,15637,0,22.232701421800947,0.0,0
Kothrud,Hinjewadi,20,0,0,1708,16099,0,33.93231850117096,0.0,1
Kothrud,Hinjewadi,20,0,1,2739,18880,0,24.814895947426063,0.0,0
Kothrud,Hinjewadi,20,0,2,2344,15641,0,24.02201365187713,0.0,0
Kothrud,Hinjewadi,22,0,0,1314,16099,0,44.106849315068494,0.0,1
Kothrud,Hinjewadi,22,0,1,2067,18880,0,32.882438316400574,0.0,0
Kothrud,Hinjewadi,22,0,2,1819,15637,0,30.947333699835077,0.0,0
Kothrud,Hinjewadi,0,1,0,1314,16099,0,44.106849315068494,0.0,1
Kothrud,Hinjewadi,0,1,1,2067,18880,0,32.882438316400574,0.0,0
Kothrud,Hinjewadi,0,1,2,1819,15637,0,30.947333699835077,0.0,0
Kothrud,Hinjewadi,6,1,0,1339,16099,0,43.28334578043316,0.0,1
Kothrud,Hinjewadi,6,1,1,2110,18880,0,32.212322274881515,0.0,0
Kothrud,Hinjewadi,6,1,2,1852,15637,0,30.39589632829373,0.0,0
Kothrud,Hinjewadi,8,1,0,1556,16099,0,37.24704370179949,0.0,1
Kothrud,Hinjewadi,8,1,1,2542,18880,0,26.73800157356412,0.0,0
Kothrud,Hinjewadi,8,1,2,2112,15641,0,26.66079545454545,0.0,0
Kothrud,Hinjewadi,10,1,0,1707,16099,0,33.95219683655536,0.0,1
Kothrud,Hinjewadi,10,1,1,2803,18880,0,24.248305387085264,0.0,0
Kothrud,Hinjewadi,10,1,2,2427,17371,0,25.766625463535227,0.0,0
Kothrud,Hinjewadi,12,1,0,1744,16099,0,33.231880733944955,0.0,1
Kothrud,Hinjewadi,12,1,1,2872,18880,0,23.665738161559887,0.0,0
Kothrud,Hinjewadi,12,1,2,2324,15641,0,24.228743545611017,0.0,0
Kothrud,Hinjewadi,14,1,0,1571,16099,0,36.89140674729472,0.0,1
Kothrud,Hinjewadi,14,1,1,2611,18880,0,26.031405591727307,0.0,0
Kothrud,Hinjewadi,14,1,2,2145,15641,0,26.250629370629373,0.0,0
Kothrud,Hinjewadi,16,1,0,1587,16099,0,36.519470699432894,0.0,1
Kothrud,Hinjewadi,16,1,1,2753,18880,0,24.688703232836904,0.0,0
Kothrud,Hinjewadi,16,1,2,2184,15641,0,25.78186813186813,0.0,0
Kothrud,Hinjewadi,18,1,0,1834,16099,0,31.601090512540893,0.0,1
Kothrud,Hinjewadi,18,1,1,3292,18880,0,20.64641555285541,0.0,0
Kothrud,Hinjewadi,18,1,2,2499,15641,0,22.53205282112845,0.0,0
Kothrud,Hinjewadi,20,1,0,1698,16099,0,34.1321554770318,0.0,1
Kothrud,Hinjewadi,20,1,1,2730,18880,0,24.896703296703297,0.0,0
Kothrud,Hinjewadi,20,1,2,2295,15637,0,24.528627450980395,0.0,0
Kothrud,Hinjewadi,22,1,0,1314,16099,0,44.106849315068494,0.0,1
Kothrud,Hinjewadi,22,1,1,2067,18880,0,32.882438316400574,0.0,0
Kothrud,Hinjewadi,22,1,2,1819,15637,0,30.947333699835077,0.0,0
Kothrud,Hinjewadi,0,2,0,1314,16099,0,44.106849315068494,0.0,1
Kothrud,Hinjewadi,0,2,1,2067,18880,0,32.882438316400574,0.0,0
Kothrud,Hinjewadi,0,2,2,1819,15637,0,30.947333699835077,0.0,0
Kothrud,Hinjewadi,6,2,0,1336,16099,0,43.38053892215569,0.0,1
Kothrud,Hinjewadi,6,2,1,2108,18880,0,32.242884250474376,0.0,0
Kothrud,Hinjewadi,6,2,2,1850,15637,0,30.42875675675676,0.0,0
Kothrud,Hinjewadi,8,2,0,1518,16099,0,38.1794466403162,0.0,1
Kothrud,Hinjewadi,8,2,1,2499,18880,0,27.198079231692677,0.0,0
Kothrud,Hinjewadi,8,2,2,2084,15641,0,27.0190019193858,0.0,0
Kothrud,Hinjewadi,10,2,0,1668,16099,0,34.746043165467626,0.0,1
Kothrud,Hinjewadi,10,2,1,2742,18880,0,24.787746170678336,0.0,0
Kothrud,Hinjewadi,10,2,2,2228,15641,0,25.27271095152603,0.0,0
Kothrud,Hinjewadi,12,2,0,1742,16099,0,33.270034443168775,0.0,1
Kothrud,Hinjewadi,12,2,1,2864,18880,0,23.731843575418992,0.0,0
Kothrud,Hinjewadi,12,2,2,2329,15641,0,24.176728209531987,0.0,0
Kothrud,Hinjewadi,14,2,0,1588,16099,0,36.49647355163728,0.0,1
Kothrud,Hinjewadi,14,2,1,2650,18880,0,25.64830188679245,0.0,0
Kothrud,Hinjewadi,14,2,2,2170,15641,0,25.94820276497696,0.0,0
Kothrud,Hinjewadi,16,2,0,1590,16099,0,36.450566037735854,0.0,1
Kothrud,Hinjewadi,16,2,1,2790,18880,0,24.361290322580643,0.0,0
Kothrud,Hinjewadi,16,2,2,2195,15641,0,25.65266514806378,0.0,0
Kothrud,Hinjewadi,18,2,0,1844,16099,0,31.429718004338397,0.0,1
Kothrud,Hinjewadi,18,2,1,3286,18880,0,20.68411442483262,0.0,0
Kothrud,Hinjewadi,18,2,2,2521,15641,0,22.33542245140817,0.0,0
Kothrud,Hinjewadi,20,2,0,1729,16099,0,33.52018507807981,0.0,1
Kothrud,Hinjewadi,20,2,1,2754,18880,0,24.6797385620915,0.0,0
Kothrud,Hinjewadi,20,2,2,2336,15637,0,24.09811643835617,0.0,0
Kothrud,Hinjewadi,22,2,0,1314,16099,0,44.106849315068494,0.0,1
Kothrud,Hinjewadi,22,2,1,2067,18880,0,32.882438316400574,0.0,0
Kothrud,Hinjewadi,22,2,2,1819,15637,0,30.947333699835077,0.0,0
Kothrud,Hinjewadi,0,3,0,1314,16099,0,44.106849315068494,0.0,1
Kothrud,Hinjewadi,0,3,1,2067,18880,0,32.882438316400574,0.0,0
Kothrud,Hinjewadi,0,3,2,1819,15637,0,30.947333699835077,0.0,0
Kothrud,Hinjewadi,6,3,0,1336,16099,0,43.38053892215569,0.0,1
Kothrud,Hinjewadi,6,3,1,2101,18880,0,32.35030937648739,0.0,0
Kothrud,Hinjewadi,6,3,2,1847,15637,0,30.478180833784517,0.0,0
Kothrud,Hinjewadi,8,3,0,1436,16099,0,40.35961002785516,0.0,1
Kothrud,Hinjewadi,8,3,1,2330,18880,0,29.17081545064377,0.0,0
Kothrud,Hinjewadi,8,3,2,1977,15641,0,28.48133535660091,0.0,0
Kothrud,Hinjewadi,10,3,0,1560,16099,0,37.15153846153846,0.0,1
Kothrud,Hinjewadi,10,3,1,2527,18880,0,26.896715472892755,0.0,0
Kothrud,Hinjewadi,10,3,2,2116,15641,0,26.61039697542533,0.0,0
Kothrud,Hinjewadi,12,3,0,1699,16099,0,34.112065921130075,0.0,1
Kothrud,Hinjewadi,12,3,1,2774,18880,0,24.501802451333813,0.0,0
Kothrud,Hinjewadi,12,3,2,2272,15641,0,24.783274647887325,0.0,0
Kothrud,Hinjewadi,14,3,0,1687,16099,0,34.3547125074096,0.0,1
Kothrud,Hinjewadi,14,3,1,2772,18880,0,24.51948051948052,0.0,0
Kothrud,Hinjewadi,14,3,2,2249,15641,0,25.036727434415297,0.0,0
Kothrud,Hinjewadi,16,3,0,1704,16099,0,34.011971830985914,0.0,1
Kothrud,Hinjewadi,16,3,1,2878,18880,0,23.61640027797081,0.0,0
Kothrud,Hinjewadi,16,3,2,2269,15641,0,24.816042309387395,0.0,0
Kothrud,Hinjewadi,18,3,0,1784,16099,0,32.48677130044843,0.0,1
Kothrud,Hinjewadi,18,3,1,3124,19283,0,22.221126760563383,0.0,0
Kothrud,Hinjewadi,18,3,2,2409,15641,0,23.37384806973848,0.0,0
Kothrud,Hinjewadi,20,3,0,1664,16099,0,34.82956730769231,0.0,1
Kothrud,Hinjewadi,20,3,1,2700,18880,0,25.17333333333333,0.0,0
Kothrud,Hinjewadi,20,3,2,2299,15641,0,24.492214006089604,0.0,0
Kothrud,Hinjewadi,22,3,0,1314,16099,0,44.106849315068494,0.0,1
Kothrud,Hinjewadi,22,3,1,2067,18880,0,32.882438316400574,0.0,0
Kothrud,Hinjewadi,22,3,2,1819,15637,0,30.947333699835077,0.0,0
Kothrud,Hinjewadi,0,4,0,1314,16099,0,44.106849315068494,0.0,1
Kothrud,Hinjewadi,0,4,1,2067,18880,0,32.882438316400574,0.0,0
Kothrud,Hinjewadi,0,4,2,1819,15637,0,30.947333699835077,0.0,0
Kothrud,Hinjewadi,6,4,0,1333,16099,0,43.4781695423856,0.0,1
Kothrud,Hinjewadi,6,4,1,2096,18880,0,32.42748091603053,0.0,0
Kothrud,Hinjewadi,6,4,2,1857,15641,0,30.32180936995153,0.0,0
Kothrud,Hinjewadi,8,4,0,1385,16099,0,41.8457761732852,0.0,1
Kothrud,Hinjewadi,8,4,1,2214,18880,0,30.69918699186992,0.0,0
Kothrud,Hinjewadi,8,4,2,1915,15641,0,29.40344647519582,0.0,0
Kothrud,Hinjewadi,10,4,0,1463,16099,0,39.61476418318524,0.0,1
Kothrud,Hinjewadi,10,4,1,2340,18880,0,29.04615384615384,0.0,0
Kothrud,Hinjewadi,10,4,2,1997,15641,0,28.196094141211816,0.0,0
Kothrud,Hinjewadi,12,4,0,1558,16099,0,37.19922978177151,0.0,1
Kothrud,Hinjewadi,12,4,1,2483,18880,0,27.373338703181638,0.0,0
Kothrud,Hinjewadi,12,4,2,2087,15641,0,26.98016291327264,0.0,0
Kothrud,Hinjewadi,14,4,0,1557,16099,0,37.22312138728324,0.0,1
Kothrud,Hinjewadi,14,4,1,2496,18880,0,27.23076923076923,0.0,0
Kothrud,Hinjewadi,14,4,2,2081,15641,0,27.057952907256126,0.0,0
Kothrud,Hinjewadi,16,4,0,1590,16099,0,36.450566037735854,0.0,1
Kothrud,Hinjewadi,16,4,1,2587,18880,0,26.272902976420564,0.0,0
Kothrud,Hinjewadi,16,4,2,2107,15641,0,26.72406264831514,0.0,0
Kothrud,Hinjewadi,18,4,0,1684,16099,0,34.41591448931116,0.0,1
Kothrud,Hinjewadi,18,4,1,2734,18880,0,24.860277980980246,0.0,0
Kothrud,Hinjewadi,18,4,2,2198,15641,0,25.617652411282982,0.0,0
Kothrud,Hinjewadi,20,4,0,1595,16099,0,36.33630094043888,0.0,1
Kothrud,Hinjewadi,20,4,1,2500,18880,0,27.1872,0.0,0
Kothrud,Hinjewadi,20,4,2,2120,15641,0,26.56018867924528,0.0,0
Kothrud,Hinjewadi,22,4,0,1314,16099,0,44.106849315068494,0.0,1
Kothrud,Hinjewadi,22,4,1,2067,18880,0,32.882438316400574,0.0,0
Kothrud,Hinjewadi,22,4,2,1819,15637,0,30.947333699835077,0.0,0
Kothrud,Hinjewadi,0,5,0,1314,16099,0,44.106849315068494,0.0,1
Kothrud,Hinjewadi,0,5,1,2067,18880,0,32.882438316400574,0.0,0
Kothrud,Hinjewadi,0,5,2,1819,15637,0,30.947333699835077,0.0,0
Kothrud,Hinjewadi,6,5,0,1345,16099,0,43.090260223048325,0.0,1
Kothrud,Hinjewadi,6,5,1,2111,18880,0,32.19706300331597,0.0,0
Kothrud,Hinjewadi,6,5,2,1855,15637,0,30.3467385444744,0.0,0
Kothrud,Hinjewadi,8,5,0,1569,16099,0,36.93843212237093,0.0,1
Kothrud,Hinjewadi,8,5,1,2550,18880,0,26.654117647058825,0.0,0
Kothrud,Hinjewadi,8,5,2,2106,15641,0,26.736752136752138,0.0,0
Kothrud,Hinjewadi,10,5,0,1720,16099,0,33.69558139534884,0.0,1
Kothrud,Hinjewadi,10,5,1,2800,18880,0,24.274285714285718,0.0,0
Kothrud,Hinjewadi,10,5,2,2272,15641,0,24.783274647887325,0.0,0
Kothrud,Hinjewadi,12,5,0,1753,16099,0,33.06126640045636,0.0,1
Kothrud,Hinjewadi,12,5,1,2862,18880,0,23.748427672955973,0.0,0
Kothrud,Hinjewadi,12,5,2,2323,15641,0,24.23917348256565,0.0,0
Kothrud,Hinjewadi,14,5,0,1578,16099,0,36.7277566539924,0.0,1
Kothrud,Hinjewadi,14,5,1,2610,18880,0,26.041379310344823,0.0,0
Kothrud,Hinjewadi,14,5,2,2114,15637,0,26.628760643330185,0.0,0
Kothrud,Hinjewadi,16,5,0,1578,16099,0,36.7277566539924,0.0,1
Kothrud,Hinjewadi,16,5,1,2757,18880,0,24.652883569096844,0.0,0
Kothrud,Hinjewadi,16,5,2,2138,15637,0,26.329840972871843,0.0,0
Kothrud,Hinjewadi,18,5,0,1798,16099,0,32.23381535038932,0.0,1
Kothrud,Hinjewadi,18,5,1,3303,18880,0,20.57765667574932,0.0,0
Kothrud,Hinjewadi,18,5,2,2446,15637,0,23.014390842191336,0.0,0
Kothrud,Hinjewadi,20,5,0,1687,16099,0,34.3547125074096,0.0,1
Kothrud,Hinjewadi,20,5,1,2735,18880,0,24.851188299817185,0.0,0
Kothrud,Hinjewadi,20,5,2,2318,15641,0,24.291458153580678,0.0,0
Kothrud,Hinjewadi,22,5,0,1314,16099,0,44.106849315068494,0.0,1
Kothrud,Hinjewadi,22,5,1,2067,18880,0,32.882438316400574,0.0,0
Kothrud,Hinjewadi,22,5,2,1819,15637,0,30.947333699835077,0.0,0
Kothrud,Hinjewadi,0,6,0,1314,16099,0,44.106849315068494,0.0,1
Kothrud,Hinjewadi,0,6,1,2067,18880,0,32.882438316400574,0.0,0
Kothrud,Hinjewadi,0,6,2,1819,15637,0,30.947333699835077,0.0,0
Kothrud,Hinjewadi,6,6,0,1342,16099,0,43.1865871833085,0.0,1
Kothrud,Hinjewadi,6,6,1,2116,18880,0,32.12098298676749,0.0,0
Kothrud,Hinjewadi,6,6,2,1855,15637,0,30.3467385444744,0.0,0
Kothrud,Hinjewadi,8,6,0,1606,16099,0,36.08742216687422,0.0,1
Kothrud,Hinjewadi,8,6,1,2606,18880,0,26.08135072908672,0.0,0
Kothrud,Hinjewadi,8,6,2,2326,17371,0,26.88546861564918,0.0,0
Kothrud,Hinjewadi,10,6,0,1782,16099,0,32.52323232323232,0.0,1
Kothrud,Hinjewadi,10,6,1,2897,18880,0,23.461511908871245,0.0,0
Kothrud,Hinjewadi,10,6,2,2488,17371,0,25.13488745980707,0.0,0
Kothrud,Hinjewadi,12,6,0,1804,16099,0,32.126607538802666,0.0,1
Kothrud,Hinjewadi,12,6,1,2938,18880,0,23.13410483321988,0.0,0
Kothrud,Hinjewadi,12,6,2,2372,15641,0,23.738448566610455,0.0,0
Kothrud,Hinjewadi,14,6,0,1593,16099,0,36.3819209039548,0.0,1
Kothrud,Hinjewadi,14,6,1,2656,18880,0,25.59036144578313,0.0,0
Kothrud,Hinjewadi,14,6,2,2159,15641,0,26.080407596109307,0.0,0
Kothrud,Hinjewadi,16,6,0,1611,16099,0,35.97541899441341,0.0,1
Kothrud,Hinjewadi,16,6,1,2811,18880,0,24.179295624332976,0.0,0
Kothrud,Hinjewadi,16,6,2,2219,15641,0,25.375214060387563,0.0,0
Kothrud,Hinjewadi,18,6,0,1857,16099,0,31.209693053311792,0.0,1
Kothrud,Hinjewadi,18,6,1,3347,18880,0,20.307140723035552,0.0,0
Kothrud,Hinjewadi,18,6,2,2558,15637,0,22.00672400312744,0.0,0
Kothrud,Hinjewadi,20,6,0,1695,16099,0,34.192566371681416,0.0,1
Kothrud,Hinjewadi,20,6,1,2744,18880,0,24.769679300291543,0.0,0
Kothrud,Hinjewadi,20,6,2,2329,15641,0,24.176728209531987,0.0,0
Kothrud,Hinjewadi,22,6,0,1314,16099,0,44.106849315068494,0.0,1
Kothrud,Hinjewadi,22,6,1,2067,18880,0,32.882438316400574,0.0,0
Kothrud,Hinjewadi,22,6,2,1819,15637,0,30.947333699835077,0.0,0
Kothrud,Hinjewadi,0,0,0,1314,16099,0,44.106849315068494,0.0,1
Kothrud,Hinjewadi,0,0,1,2067,18880,0,32.882438316400574,0.0,0
Kothrud,Hinjewadi,0,0,2,1819,15637,0,30.947333699835077,0.0,0
Kothrud,Hinjewadi,6,0,0,1341,16099,0,43.21879194630873,0.0,1
Kothrud,Hinjewadi,6,0,1,2114,18880,0,32.15137180700095,0.0,0
Kothrud,Hinjewadi,6,0,2,1854,15637,0,30.363106796116504,0.0,0
Kothrud,Hinjewadi,8,0,0,1594,16099,0,36.35909661229611,0.0,1
Kothrud,Hinjewadi,8,0,1,2586,18880,0,26.2830626450116,0.0,0
Kothrud,Hinjewadi,8,0,2,2303,17371,0,27.15397307859314,0.0,0
Kothrud,Hinjewadi,10,0,0,1769,16099,0,32.76223855285472,0.0,1
Kothrud,Hinjewadi,10,0,1,2856,18880,0,23.79831932773109,0.0,0
Kothrud,Hinjewadi,10,0,2,2469,17371,0,25.32831105710814,0.0,0
Kothrud,Hinjewadi,12,0,0,1797,16099,0,32.251752921535896,0.0,1
Kothrud,Hinjewadi,12,0,1,2908,18880,0,23.372764786795045,0.0,0
Kothrud,Hinjewadi,12,0,2,2376,15641,0,23.69848484848485,0.0,0
Kothrud,Hinjewadi,14,0,0,1586,16099,0,36.54249684741488,0.0,1
Kothrud,Hinjewadi,14,0,1,2626,18880,0,25.88271134805788,0.0,0
Kothrud,Hinjewadi,14,0,2,2157,15641,0,26.10458970792768,0.0,0
Kothrud,Hinjewadi,16,0,0,1599,16099,0,36.2454033771107,0.0,1
Kothrud,Hinjewadi,16,0,1,2784,18880,0,24.413793103448278,0.0,0
Kothrud,Hinjewadi,16,0,2,2198,15641,0,25.617652411282982,0.0,0
Kothrud,Hinjewadi,18,0,0,1856,16099,0,31.226508620689657,0.0,1
Kothrud,Hinjewadi,18,0,1,3319,18880,0,20.478457366676707,0.0,0
Kothrud,Hinjewadi,18,0,2,2532,15637,0,22.232701421800947,0.0,0
Kothrud,Hinjewadi,20,0,0,1708,16099,0,33.93231850117096,0.0,1
Kothrud,Hinjewadi,20,0,1,2739,18880,0,24.814895947426063,0.0,0
Kothrud,Hinjewadi,20,0,2,2344,15641,0,24.02201365187713,0.0,0
Kothrud,Hinjewadi,22,0,0,1314,16099,0,44.106849315068494,0.0,1
Kothrud,Hinjewadi,22,0,1,2067,18880,0,32.882438316400574,0.0,0
Kothrud,Hinjewadi,22,0,2,1819,15637,0,30.947333699835077,0.0,0
Kothrud,Hinjewadi,0,1,0,1314,16099,0,44.106849315068494,0.0,1
Kothrud,Hinjewadi,0,1,1,2067,18880,0,32.882438316400574,0.0,0
Kothrud,Hinjewadi,0,1,2,1819,15637,0,30.947333699835077,0.0,0
Kothrud,Hinjewadi,6,1,0,1339,16099,0,43.28334578043316,0.0,1
Kothrud,Hinjewadi,6,1,1,2110,18880,0,32.212322274881515,0.0,0
Kothrud,Hinjewadi,6,1,2,1852,15637,0,30.39589632829373,0.0,0
Kothrud,Hinjewadi,8,1,0,1556,16099,0,37.24704370179949,0.0,1
Kothrud,Hinjewadi,8,1,1,2542,18880,0,26.73800157356412,0.0,0
Kothrud,Hinjewadi,8,1,2,2112,15641,0,26.66079545454545,0.0,0
Kothrud,Hinjewadi,10,1,0,1707,16099,0,33.95219683655536,0.0,1
Kothrud,Hinjewadi,10,1,1,2803,18880,0,24.248305387085264,0.0,0
Kothrud,Hinjewadi,10,1,2,2427,17371,0,25.766625463535227,0.0,0
Kothrud,Hinjewadi,12,1,0,1744,16099,0,33.231880733944955,0.0,1
Kothrud,Hinjewadi,12,1,1,2872,18880,0,23.665738161559887,0.0,0
Kothrud,Hinjewadi,12,1,2,2324,15641,0,24.228743545611017,0.0,0
Kothrud,Hinjewadi,14,1,0,1571,16099,0,36.89140674729472,0.0,1
Kothrud,Hinjewadi,14,1,1,2611,18880,0,26.031405591727307,0.0,0
Kothrud,Hinjewadi,14,1,2,2145,15641,0,26.250629370629373,0.0,0
Kothrud,Hinjewadi,16,1,0,1587,16099,0,36.519470699432894,0.0,1
Kothrud,Hinjewadi,16,1,1,2753,18880,0,24.688703232836904,0.0,0
Kothrud,Hinjewadi,16,1,2,2184,15641,0,25.78186813186813,0.0,0
Kothrud,Hinjewadi,18,1,0,1834,16099,0,31.601090512540893,0.0,1
Kothrud,Hinjewadi,18,1,1,3292,18880,0,20.64641555285541,0.0,0
Kothrud,Hinjewadi,18,1,2,2499,15641,0,22.53205282112845,0.0,0
Kothrud,Hinjewadi,20,1,0,1698,16099,0,34.1321554770318,0.0,1
Kothrud,Hinjewadi,20,1,1,2730,18880,0,24.896703296703297,0.0,0
Kothrud,Hinjewadi,20,1,2,2295,15637,0,24.528627450980395,0.0,0
Kothrud,Hinjewadi,22,1,0,1314,16099,0,44.106849315068494,0.0,1
Kothrud,Hinjewadi,22,1,1,2067,18880,0,32.882438316400574,0.0,0
Kothrud,Hinjewadi,22,1,2,1819,15637,0,30.947333699835077,0.0,0
Kothrud,Hinjewadi,0,2,0,1314,16099,0,44.106849315068494,0.0,1
Kothrud,Hinjewadi,0,2,1,2067,18880,0,32.882438316400574,0.0,0
Kothrud,Hinjewadi,0,2,2,1819,15637,0,30.947333699835077,0.0,0
Kothrud,Hinjewadi,6,2,0,1336,16099,0,43.38053892215569,0.0,1
Kothrud,Hinjewadi,6,2,1,2108,18880,0,32.242884250474376,0.0,0
Kothrud,Hinjewadi,6,2,2,1850,15637,0,30.42875675675676,0.0,0
Kothrud,Hinjewadi,8,2,0,1518,16099,0,38.1794466403162,0.0,1
Kothrud,Hinjewadi,8,2,1,2499,18880,0,27.198079231692677,0.0,0
Kothrud,Hinjewadi,8,2,2,2084,15641,0,27.0190019193858,0.0,0
Kothrud,Hinjewadi,10,2,0,1668,16099,0,34.746043165467626,0.0,1
Kothrud,Hinjewadi,10,2,1,2742,18880,0,24.787746170678336,0.0,0
Kothrud,Hinjewadi,10,2,2,2228,15641,0,25.27271095152603,0.0,0
Kothrud,Hinjewadi,12,2,0,1742,16099,0,33.270034443168775,0.0,1
Kothrud,Hinjewadi,12,2,1,2864,18880,0,23.731843575418992,0.0,0
Kothrud,Hinjewadi,12,2,2,2329,15641,0,24.176728209531987,0.0,0
Kothrud,Hinjewadi,14,2,0,1588,16099,0,36.49647355163728,0.0,1
Kothrud,Hinjewadi,14,2,1,2650,18880,0,25.64830188679245,0.0,0
Kothrud,Hinjewadi,14,2,2,2170,15641,0,25.94820276497696,0.0,0
Kothrud,Hinjewadi,16,2,0,1590,16099,0,36.450566037735854,0.0,1
Kothrud,Hinjewadi,16,2,1,2790,18880,0,24.361290322580643,0.0,0
Kothrud,Hinjewadi,16,2,2,2195,15641,0,25.65266514806378,0.0,0
Kothrud,Hinjewadi,18,2,0,1844,16099,0,31.429718004338397,0.0,1
Kothrud,Hinjewadi,18,2,1,3286,18880,0,20.68411442483262,0.0,0
Kothrud,Hinjewadi,18,2,2,2521,15641,0,22.33542245140817,0.0,0
Kothrud,Hinjewadi,20,2,0,1729,16099,0,33.52018507807981,0.0,1
Kothrud,Hinjewadi,20,2,1,2754,18880,0,24.6797385620915,0.0,0
Kothrud,Hinjewadi,20,2,2,2336,15637,0,24.09811643835617,0.0,0
Kothrud,Hinjewadi,22,2,0,1314,16099,0,44.106849315068494,0.0,1
Kothrud,Hinjewadi,22,2,1,2067,18880,0,32.882438316400574,0.0,0
Kothrud,Hinjewadi,22,2,2,1819,15637,0,30.947333699835077,0.0,0
Kothrud,Hinjewadi,0,3,0,1314,16099,0,44.106849315068494,0.0,1
Kothrud,Hinjewadi,0,3,1,2067,18880,0,32.882438316400574,0.0,0
Kothrud,Hinjewadi,0,3,2,1819,15637,0,30.947333699835077,0.0,0
Kothrud,Hinjewadi,6,3,0,1336,16099,0,43.38053892215569,0.0,1
Kothrud,Hinjewadi,6,3,1,2101,18880,0,32.35030937648739,0.0,0
Kothrud,Hinjewadi,6,3,2,1847,15637,0,30.478180833784517,0.0,0
Kothrud,Hinjewadi,8,3,0,1436,16099,0,40.35961002785516,0.0,1
Kothrud,Hinjewadi,8,3,1,2330,18880,0,29.17081545064377,0.0,0
Kothrud,Hinjewadi,8,3,2,1977,15641,0,28.48133535660091,0.0,0
Kothrud,Hinjewadi,10,3,0,1560,16099,0,37.15153846153846,0.0,1
Kothrud,Hinjewadi,10,3,1,2527,18880,0,26.896715472892755,0.0,0
Kothrud,Hinjewadi,10,3,2,2116,15641,0,26.61039697542533,0.0,0
Kothrud,Hinjewadi,12,3,0,1699,16099,0,34.112065921130075,0.0,1
Kothrud,Hinjewadi,12,3,1,2774,18880,0,24.501802451333813,0.0,0
Kothrud,Hinjewadi,12,3,2,2272,15641,0,24.783274647887325,0.0,0
Kothrud,Hinjewadi,14,3,0,1687,16099,0,34.3547125074096,0.0,1
Kothrud,Hinjewadi,14,3,1,2772,18880,0,24.51948051948052,0.0,0
Kothrud,Hinjewadi,14,3,2,2249,15641,0,25.036727434415297,0.0,0
Kothrud,Hinjewadi,16,3,0,1704,16099,0,34.011971830985914,0.0,1
Kothrud,Hinjewadi,16,3,1,2878,18880,0,23.61640027797081,0.0,0
Kothrud,Hinjewadi,16,3,2,2269,15641,0,24.816042309387395,0.0,0
Kothrud,Hinjewadi,18,3,0,1784,16099,0,32.48677130044843,0.0,1
Kothrud,Hinjewadi,18,3,1,3124,19283,0,22.221126760563383,0.0,0
Kothrud,Hinjewadi,18,3,2,2409,15641,0,23.37384806973848,0.0,0
Kothrud,Hinjewadi,20,3,0,1664,16099,0,34.82956730769231,0.0,1
Kothrud,Hinjewadi,20,3,1,2700,18880,0,25.17333333333333,0.0,0
Kothrud,Hinjewadi,20,3,2,2299,15641,0,24.492214006089604,0.0,0
Kothrud,Hinjewadi,22,3,0,1314,16099,0,44.106849315068494,0.0,1
Kothrud,Hinjewadi,22,3,1,2067,18880,0,32.882438316400574,0.0,0
Kothrud,Hinjewadi,22,3,2,1819,15637,0,30.947333699835077,0.0,0
Kothrud,Hinjewadi,0,4,0,1314,16099,0,44.106849315068494,0.0,1
Kothrud,Hinjewadi,0,4,1,2067,18880,0,32.882438316400574,0.0,0
Kothrud,Hinjewadi,0,4,2,1819,15637,0,30.947333699835077,0.0,0
Kothrud,Hinjewadi,6,4,0,1333,16099,0,43.4781695423856,0.0,1
Kothrud,Hinjewadi,6,4,1,2096,18880,0,32.42748091603053,0.0,0
Kothrud,Hinjewadi,6,4,2,1857,15641,0,30.32180936995153,0.0,0
Kothrud,Hinjewadi,8,4,0,1385,16099,0,41.8457761732852,0.0,1
Kothrud,Hinjewadi,8,4,1,2214,18880,0,30.69918699186992,0.0,0
Kothrud,Hinjewadi,8,4,2,1915,15641,0,29.40344647519582,0.0,0
Kothrud,Hinjewadi,10,4,0,1463,16099,0,39.61476418318524,0.0,1
Kothrud,Hinjewadi,10,4,1,2340,18880,0,29.04615384615384,0.0,0
Kothrud,Hinjewadi,10,4,2,1997,15641,0,28.196094141211816,0.0,0
Kothrud,Hinjewadi,12,4,0,1558,16099,0,37.19922978177151,0.0,1
Kothrud,Hinjewadi,12,4,1,2483,18880,0,27.373338703181638,0.0,0
Kothrud,Hinjewadi,12,4,2,2087,15641,0,26.98016291327264,0.0,0
Kothrud,Hinjewadi,14,4,0,1557,16099,0,37.22312138728324,0.0,1
Kothrud,Hinjewadi,14,4,1,2496,18880,0,27.23076923076923,0.0,0
Kothrud,Hinjewadi,14,4,2,2081,15641,0,27.057952907256126,0.0,0
Kothrud,Hinjewadi,16,4,0,1590,16099,0,36.450566037735854,0.0,1
Kothrud,Hinjewadi,16,4,1,2587,18880,0,26.272902976420564,0.0,0
Kothrud,Hinjewadi,16,4,2,2107,15641,0,26.72406264831514,0.0,0
Kothrud,Hinjewadi,18,4,0,1684,16099,0,34.41591448931116,0.0,1
Kothrud,Hinjewadi,18,4,1,2734,18880,0,24.860277980980246,0.0,0
Kothrud,Hinjewadi,18,4,2,2198,15641,0,25.617652411282982,0.0,0
Kothrud,Hinjewadi,20,4,0,1595,16099,0,36.33630094043888,0.0,1
Kothrud,Hinjewadi,20,4,1,2500,18880,0,27.1872,0.0,0
Kothrud,Hinjewadi,20,4,2,2120,15641,0,26.56018867924528,0.0,0
Kothrud,Hinjewadi,22,4,0,1314,16099,0,44.106849315068494,0.0,1
Kothrud,Hinjewadi,22,4,1,2067,18880,0,32.882438316400574,0.0,0
Kothrud,Hinjewadi,22,4,2,1819,15637,0,30.947333699835077,0.0,0
Kothrud,Hinjewadi,0,5,0,1314,16099,0,44.106849315068494,0.0,1
Kothrud,Hinjewadi,0,5,1,2067,18880,0,32.882438316400574,0.0,0
Kothrud,Hinjewadi,0,5,2,1819,15637,0,30.947333699835077,0.0,0
Kothrud,Hinjewadi,6,5,0,1345,16099,0,43.090260223048325,0.0,1
Kothrud,Hinjewadi,6,5,1,2111,18880,0,32.19706300331597,0.0,0
Kothrud,Hinjewadi,6,5,2,1855,15637,0,30.3467385444744,0.0,0
Kothrud,Hinjewadi,8,5,0,1569,16099,0,36.93843212237093,0.0,1
Kothrud,Hinjewadi,8,5,1,2550,18880,0,26.654117647058825,0.0,0
Kothrud,Hinjewadi,8,5,2,2106,15641,0,26.736752136752138,0.0,0
Kothrud,Hinjewadi,10,5,0,1720,16099,0,33.69558139534884,0.0,1
Kothrud,Hinjewadi,10,5,1,2800,18880,0,24.274285714285718,0.0,0
Kothrud,Hinjewadi,10,5,2,2272,15641,0,24.783274647887325,0.0,0
Kothrud,Hinjewadi,12,5,0,1753,16099,0,33.06126640045636,0.0,1
Kothrud,Hinjewadi,12,5,1,2862,18880,0,23.748427672955973,0.0,0
Kothrud,Hinjewadi,12,5,2,2323,15641,0,24.23917348256565,0.0,0
Kothrud,Hinjewadi,14,5,0,1578,16099,0,36.7277566539924,0.0,1
Kothrud,Hinjewadi,14,5,1,2610,18880,0,26.041379310344823,0.0,0
Kothrud,Hinjewadi,14,5,2,2114,15637,0,26.628760643330185,0.0,0
Kothrud,Hinjewadi,16,5,0,1578,16099,0,36.7277566539924,0.0,1
Kothrud,Hinjewadi,16,5,1,2757,18880,0,24.652883569096844,0.0,0
Kothrud,Hinjewadi,16,5,2,2138,15637,0,26.329840972871843,0.0,0
Kothrud,Hinjewadi,18,5,0,1798,16099,0,32.23381535038932,0.0,1
Kothrud,Hinjewadi,18,5,1,3303,18880,0,20.57765667574932,0.0,0
Kothrud,Hinjewadi,18,5,2,2446,15637,0,23.014390842191336,0.0,0
Kothrud,Hinjewadi,20,5,0,1687,16099,0,34.3547125074096,0.0,1
Kothrud,Hinjewadi,20,5,1,2735,18880,0,24.851188299817185,0.0,0
Kothrud,Hinjewadi,20,5,2,2318,15641,0,24.291458153580678,0.0,0
Kothrud,Hinjewadi,22,5,0,1314,16099,0,44.106849315068494,0.0,1
Kothrud,Hinjewadi,22,5,1,2067,18880,0,32.882438316400574,0.0,0
Kothrud,Hinjewadi,22,5,2,1819,15637,0,30.947333699835077,0.0,0
Kothrud,Hinjewadi,0,6,0,1314,16099,0,44.106849315068494,0.0,1
Kothrud,Hinjewadi,0,6,1,2067,18880,0,32.882438316400574,0.0,0
Kothrud,Hinjewadi,0,6,2,1819,15637,0,30.947333699835077,0.0,0
Kothrud,Hinjewadi,6,6,0,1342,16099,0,43.1865871833085,0.0,1
Kothrud,Hinjewadi,6,6,1,2116,18880,0,32.12098298676749,0.0,0
Kothrud,Hinjewadi,6,6,2,1855,15637,0,30.3467385444744,0.0,0
Kothrud,Hinjewadi,8,6,0,1606,16099,0,36.08742216687422,0.0,1
Kothrud,Hinjewadi,8,6,1,2606,18880,0,26.08135072908672,0.0,0
Kothrud,Hinjewadi,8,6,2,2326,17371,0,26.88546861564918,0.0,0
Kothrud,Hinjewadi,10,6,0,1782,16099,0,32.52323232323232,0.0,1
Kothrud,Hinjewadi,10,6,1,2897,18880,0,23.461511908871245,0.0,0
Kothrud,Hinjewadi,10,6,2,2488,17371,0,25.13488745980707,0.0,0
Kothrud,Hinjewadi,12,6,0,1804,16099,0,32.126607538802666,0.0,1
Kothrud,Hinjewadi,12,6,1,2938,18880,0,23.13410483321988,0.0,0
Kothrud,Hinjewadi,12,6,2,2372,15641,0,23.738448566610455,0.0,0
Kothrud,Hinjewadi,14,6,0,1593,16099,0,36.3819209039548,0.0,1
Kothrud,Hinjewadi,14,6,1,2656,18880,0,25.59036144578313,0.0,0
Kothrud,Hinjewadi,14,6,2,2159,15641,0,26.080407596109307,0.0,0
Kothrud,Hinjewadi,16,6,0,1611,16099,0,35.97541899441341,0.0,1
Kothrud,Hinjewadi,16,6,1,2811,18880,0,24.179295624332976,0.0,0
Kothrud,Hinjewadi,16,6,2,2219,15641,0,25.375214060387563,0.0,0
Kothrud,Hinjewadi,18,6,0,1857,16099,0,31.209693053311792,0.0,1
Kothrud,Hinjewadi,18,6,1,3347,18880,0,20.307140723035552,0.0,0
Kothrud,Hinjewadi,18,6,2,2558,15637,0,22.00672400312744,0.0,0
Kothrud,Hinjewadi,20,6,0,1695,16099,0,34.192566371681416,0.0,1
Kothrud,Hinjewadi,20,6,1,2744,18880,0,24.769679300291543,0.0,0
Kothrud,Hinjewadi,20,6,2,2329,15641,0,24.176728209531987,0.0,0
Kothrud,Hinjewadi,22,6,0,1314,16099,0,44.106849315068494,0.0,1
Kothrud,Hinjewadi,22,6,1,2067,18880,0,32.882438316400574,0.0,0
Kothrud,Hinjewadi,22,6,2,1819,15637,0,30.947333699835077,0.0,0
Kothrud,Hadapsar,0,0,0,2013,15620,0,27.934426229508198,0.0,1
Kothrud,Hadapsar,0,0,1,2241,18779,0,30.167068273092365,0.0,0
Kothrud,Hadapsar,0,0,2,2168,16733,0,27.785424354243546,0.0,0
Kothrud,Hadapsar,6,0,0,2061,15620,0,27.283842794759824,0.0,1
Kothrud,Hadapsar,6,0,1,2303,18779,0,29.354928354320453,0.0,0
Kothrud,Hadapsar,6,0,2,2235,16733,0,26.95248322147651,0.0,0
Kothrud,Hadapsar,8,0,0,2498,15201,0,21.906965572457967,0.0,1
Kothrud,Hadapsar,8,0,1,2985,19286,0,23.259497487437187,0.0,0
Kothrud,Hadapsar,8,0,2,2735,16559,0,21.796124314442416,0.0,0
Kothrud,Hadapsar,10,0,0,2894,15494,0,19.27380787836904,0.0,1
Kothrud,Hadapsar,10,0,1,3017,16521,0,19.71349022207491,0.0,0
Kothrud,Hadapsar,10,0,2,3315,19286,0,20.94407239819005,0.0,0
Kothrud,Hadapsar,12,0,0,3129,15494,0,17.826270373921382,0.0,1
Kothrud,Hadapsar,12,0,1,3499,19286,0,19.842697913689623,0.0,0
Kothrud,Hadapsar,12,0,2,3276,16521,0,18.154945054945056,0.0,0
Kothrud,Hadapsar,14,0,0,2859,15494,0,19.509758656873032,0.0,1
Kothrud,Hadapsar,14,0,1,3212,19286,0,21.615691158156917,0.0,0
Kothrud,Hadapsar,14,0,2,3166,16521,0,18.785723310170564,0.0,0
Kothrud,Hadapsar,16,0,0,2915,15451,0,19.081852487135507,0.0,1
Kothrud,Hadapsar,16,0,1,3498,19286,0,19.8483704974271,0.0,0
Kothrud,Hadapsar,16,0,2,3317,16521,0,17.930539644256857,0.0,0
Kothrud,Hadapsar,18,0,0,3329,15451,0,16.70880144187444,0.0,1
Kothrud,Hadapsar,18,0,1,3662,17008,0,16.7200436919716,0.0,0
Kothrud,Hadapsar,18,0,2,3833,18085,0,16.985650926167494,0.0,0
Kothrud,Hadapsar,20,0,0,2805,15201,0,19.509304812834227,0.0,1
Kothrud,Hadapsar,20,0,1,3153,19286,0,22.020171265461467,0.0,0
Kothrud,Hadapsar,20,0,2,3087,17046,0,19.87871720116618,0.0,0
Kothrud,Hadapsar,22,0,0,2013,15620,0,27.934426229508198,0.0,1
Kothrud,Hadapsar,22,0,1,2241,18779,0,30.167068273092365,0.0,0
Kothrud,Hadapsar,22,0,2,2168,16733,0,27.785424354243546,0.0,0
Kothrud,Hadapsar,0,1,0,2013,15620,0,27.934426229508198,0.0,1
Kothrud,Hadapsar,0,1,1,2241,18779,0,30.167068273092365,0.0,0
Kothrud,Hadapsar,0,1,2,2168,16733,0,27.785424354243546,0.0,0
Kothrud,Hadapsar,6,1,0,2060,15620,0,27.29708737864078,0.0,1
Kothrud,Hadapsar,6,1,1,2302,18779,0,29.36768027801911,0.0,0
Kothrud,Hadapsar,6,1,2,2231,16733,0,27.000806813088303,0.0,0
Kothrud,Hadapsar,8,1,0,2491,15201,0,21.968526696105982,0.0,1
Kothrud,Hadapsar,8,1,1,2924,19286,0,23.744733242134068,0.0,0
Kothrud,Hadapsar,8,1,2,2697,16559,0,22.10322580645161,0.0,0
Kothrud,Hadapsar,10,1,0,2872,15494,0,19.421448467966574,0.0,1
Kothrud,Hadapsar,10,1,1,2961,16521,0,20.08632218844985,0.0,0
Kothrud,Hadapsar,10,1,2,3247,19286,0,21.38269171542963,0.0,0
Kothrud,Hadapsar,12,1,0,3122,15494,0,17.866239590006405,0.0,1
Kothrud,Hadapsar,12,1,1,3455,19286,0,20.0953979739508,0.0,0
Kothrud,Hadapsar,12,1,2,3226,16521,0,18.43632982021079,0.0,0
Kothrud,Hadapsar,14,1,0,2842,15225,0,19.28571428571429,0.0,1
Kothrud,Hadapsar,14,1,1,3144,18779,0,21.502671755725192,0.0,0
Kothrud,Hadapsar,14,1,2,3217,16960,0,18.979173142679517,0.0,0
Kothrud,Hadapsar,16,1,0,2887,15451,0,19.26692067890544,0.0,1
Kothrud,Hadapsar,16,1,1,3383,19286,0,20.52308601832693,0.0,0
Kothrud,Hadapsar,16,1,2,3220,16521,0,18.470683229813663,0.0,0
Kothrud,Hadapsar,18,1,0,3290,15405,0,16.856534954407294,0.0,1
Kothrud,Hadapsar,18,1,1,3576,17008,0,17.12214765100671,0.0,0
Kothrud,Hadapsar,18,1,2,3637,18085,0,17.901017321968656,0.0,0
Kothrud,Hadapsar,20,1,0,2809,15201,0,19.481523673905308,0.0,1
Kothrud,Hadapsar,20,1,1,3131,19286,0,22.17489619929735,0.0,0
Kothrud,Hadapsar,20,1,2,2926,16559,0,20.37334244702666,0.0,0
Kothrud,Hadapsar,22,1,0,2013,15620,0,27.934426229508198,0.0,1
Kothrud,Hadapsar,22,1,1,2241,18779,0,30.167068273092365,0.0,0
Kothrud,Hadapsar,22,1,2,2168,16733,0,27.785424354243546,0.0,0
Kothrud,Hadapsar,0,2,0,2013,15620,0,27.934426229508198,0.0,1
Kothrud,Hadapsar,0,2,1,2241,18779,0,30.167068273092365,0.0,0
Kothrud,Hadapsar,0,2,2,2168,16733,0,27.785424354243546,0.0,0
Kothrud,Hadapsar,6,2,0,2059,15620,0,27.310344827586203,0.0,1
Kothrud,Hadapsar,6,2,1,2303,18779,0,29.354928354320453,0.0,0
Kothrud,Hadapsar,6,2,2,2230,16733,0,27.01291479820628,0.0,0
Kothrud,Hadapsar,8,2,0,2484,15201,0,22.030434782608697,0.0,1
Kothrud,Hadapsar,8,2,1,2918,19286,0,23.793557230980124,0.0,0
Kothrud,Hadapsar,8,2,2,2698,16895,0,22.54336545589325,0.0,0
Kothrud,Hadapsar,10,2,0,2847,15042,0,19.0204425711275,0.0,1
Kothrud,Hadapsar,10,2,1,2948,16521,0,20.174898236092268,0.0,0
Kothrud,Hadapsar,10,2,2,3194,19286,0,21.73750782717596,0.0,0
Kothrud,Hadapsar,12,2,0,3104,15494,0,17.969845360824742,0.0,1
Kothrud,Hadapsar,12,2,1,3402,19286,0,20.40846560846561,0.0,0
Kothrud,Hadapsar,12,2,2,3208,16521,0,18.539775561097255,0.0,0
Kothrud,Hadapsar,14,2,0,2857,15225,0,19.184459222961145,0.0,1
Kothrud,Hadapsar,14,2,1,3196,18779,0,21.152816020025032,0.0,0
Kothrud,Hadapsar,14,2,2,3130,16765,0,19.28242811501597,0.0,0
Kothrud,Hadapsar,16,2,0,2944,15451,0,18.893885869565217,0.0,1
Kothrud,Hadapsar,16,2,1,3246,16521,0,18.32273567467653,0.0,0
Kothrud,Hadapsar,16,2,2,3500,19286,0,19.83702857142857,0.0,0
Kothrud,Hadapsar,18,2,0,3356,15405,0,16.52502979737783,0.0,1
Kothrud,Hadapsar,18,2,1,3607,17008,0,16.974993069032436,0.0,0
Kothrud,Hadapsar,18,2,2,4041,19286,0,17.18129175946548,0.0,0
Kothrud,Hadapsar,20,2,0,2801,15201,0,19.53716529810782,0.0,1
Kothrud,Hadapsar,20,2,1,3143,19286,0,22.090232262169906,0.0,0
Kothrud,Hadapsar,20,2,2,2936,16559,0,20.303950953678477,0.0,0
Kothrud,Hadapsar,22,2,0,2013,15620,0,27.934426229508198,0.0,1
Kothrud,Hadapsar,22,2,1,2241,18779,0,30.167068273092365,0.0,0
Kothrud,Hadapsar,22,2,2,2168,16733,0,27.785424354243546,0.0,0
Kothrud,Hadapsar,0,3,0,2013,15620,0,27.934426229508198,0.0,1
Kothrud,Hadapsar,0,3,1,2241,18779,0,30.167068273092365,0.0,0
Kothrud,Hadapsar,0,3,2,2168,16733,0,27.785424354243546,0.0,0
Kothrud,Hadapsar,6,3,0,2056,15620,0,27.35019455252918,0.0,1
Kothrud,Hadapsar,6,3,1,2285,18779,0,29.58617067833698,0.0,0
Kothrud,Hadapsar,6,3,2,2220,16733,0,27.1345945945946,0.0,0
Kothrud,Hadapsar,8,3,0,2388,15201,0,22.916080402010053,0.0,1
Kothrud,Hadapsar,8,3,1,2634,19286,0,26.358997722095676,0.0,0
Kothrud,Hadapsar,8,3,2,2755,17046,0,22.27426497277677,0.0,0
Kothrud,Hadapsar,10,3,0,2748,15224,0,19.94410480349345,0.0,1
Kothrud,Hadapsar,10,3,1,2834,18779,0,23.85476358503881,0.0,0
Kothrud,Hadapsar,10,3,2,2830,16521,0,21.01611307420495,0.0,0
Kothrud,Hadapsar,12,3,0,3117,15494,0,17.8948989412897,0.0,1
Kothrud,Hadapsar,12,3,1,3229,19286,0,21.501889129761537,0.0,0
Kothrud,Hadapsar,12,3,2,3130,16521,0,19.001789137380197,0.0,0
Kothrud,Hadapsar,14,3,0,3085,15494,0,18.080518638573743,0.0,1
Kothrud,Hadapsar,14,3,1,3292,19286,0,21.090400972053462,0.0,0
Kothrud,Hadapsar,14,3,2,3299,17008,0,18.55980600181873,0.0,0
Kothrud,Hadapsar,16,3,0,3180,15494,0,17.540377358490566,0.0,1
Kothrud,Hadapsar,16,3,1,3418,19286,0,20.312931538911645,0.0,0
Kothrud,Hadapsar,16,3,2,3455,17008,0,17.721794500723586,0.0,0
Kothrud,Hadapsar,18,3,0,3346,15405,0,16.574417214584578,0.0,1
Kothrud,Hadapsar,18,3,1,3515,17008,0,17.419288762446655,0.0,0
Kothrud,Hadapsar,18,3,2,3555,19286,0,19.53012658227848,0.0,0
Kothrud,Hadapsar,20,3,0,2822,15620,0,19.92629340892984,0.0,1
Kothrud,Hadapsar,20,3,1,3030,19286,0,22.914059405940595,0.0,0
Kothrud,Hadapsar,20,3,2,3010,17008,0,20.341794019933552,0.0,0
Kothrud,Hadapsar,22,3,0,2013,15620,0,27.934426229508198,0.0,1
Kothrud,Hadapsar,22,3,1,2241,18779,0,30.167068273092365,0.0,0
Kothrud,Hadapsar,22,3,2,2168,16733,0,27.785424354243546,0.0,0
Kothrud,Hadapsar,0,4,0,2013,15620,0,27.934426229508198,0.0,1
Kothrud,Hadapsar,0,4,1,2241,18779,0,30.167068273092365,0.0,0
Kothrud,Hadapsar,0,4,2,2168,16733,0,27.785424354243546,0.0,0
Kothrud,Hadapsar,6,4,0,2049,15620,0,27.443631039531475,0.0,1
Kothrud,Hadapsar,6,4,1,2273,18779,0,29.742366915970084,0.0,0
Kothrud,Hadapsar,6,4,2,2210,16733,0,27.257375565610857,0.0,0
Kothrud,Hadapsar,8,4,0,2233,15611,0,25.167756381549484,0.0,1
Kothrud,Hadapsar,8,4,1,2521,19286,0,27.54049980166601,0.0,0
Kothrud,Hadapsar,8,4,2,2476,16977,0,24.68384491114701,0.0,0
Kothrud,Hadapsar,10,4,0,2481,15620,0,22.66505441354292,0.0,1
Kothrud,Hadapsar,10,4,1,2656,19286,0,26.14066265060241,0.0,0
Kothrud,Hadapsar,10,4,2,2733,17008,0,22.40351262349067,0.0,0
Kothrud,Hadapsar,12,4,0,2669,15451,0,20.84061446234545,0.0,1
Kothrud,Hadapsar,12,4,1,2847,19286,0,24.386933614330875,0.0,0
Kothrud,Hadapsar,12,4,2,2811,16521,0,21.158164354322302,0.0,0
Kothrud,Hadapsar,14,4,0,2716,15451,0,20.479970544919,0.0,1
Kothrud,Hadapsar,14,4,1,2904,19286,0,23.90826446280992,0.0,0
Kothrud,Hadapsar,14,4,2,2880,16521,0,20.65125,0.0,0
Kothrud,Hadapsar,16,4,0,2759,15451,0,20.1607828923523,0.0,1
Kothrud,Hadapsar,16,4,1,3024,19286,0,22.95952380952381,0.0,0
Kothrud,Hadapsar,16,4,2,2983,16521,0,19.938183037210862,0.0,0
Kothrud,Hadapsar,18,4,0,2800,15451,0,19.865571428571428,0.0,1
Kothrud,Hadapsar,18,4,1,3163,19286,0,21.95055327220993,0.0,0
Kothrud,Hadapsar,18,4,2,3163,17008,0,19.357824849826116,0.0,0
Kothrud,Hadapsar,20,4,0,2558,15620,0,21.982799061767004,0.0,1
Kothrud,Hadapsar,20,4,1,2849,19286,0,24.36981396981397,0.0,0
Kothrud,Hadapsar,20,4,2,2844,17008,0,21.52911392405063,0.0,0
Kothrud,Hadapsar,22,4,0,2013,15620,0,27.934426229508198,0.0,1
Kothrud,Hadapsar,22,4,1,2241,18779,0,30.167068273092365,0.0,0
Kothrud,Hadapsar,22,4,2,2168,16733,0,27.785424354243546,0.0,0
Kothrud,Hadapsar,0,5,0,2013,15620,0,27.934426229508198,0.0,1
Kothrud,Hadapsar,0,5,1,2241,18779,0,30.167068273092365,0.0,0
Kothrud,Hadapsar,0,5,2,2168,16733,0,27.785424354243546,0.0,0
Kothrud,Hadapsar,6,5,0,2057,15620,0,27.336898395721928,0.0,1
Kothrud,Hadapsar,6,5,1,2299,18779,0,29.40600260983036,0.0,0
Kothrud,Hadapsar,6,5,2,2224,16733,0,27.08579136690648,0.0,0
Kothrud,Hadapsar,8,5,0,2503,15201,0,21.863204155013985,0.0,1
Kothrud,Hadapsar,8,5,1,2945,19286,0,23.57541595925297,0.0,0
Kothrud,Hadapsar,8,5,2,2689,16559,0,22.16898475269617,0.0,0
Kothrud,Hadapsar,10,5,0,2881,15201,0,18.994654633807706,0.0,1
Kothrud,Hadapsar,10,5,1,3219,19286,0,21.568685927306618,0.0,0
Kothrud,Hadapsar,10,5,2,3015,16765,0,20.0179104477612,0.0,0
Kothrud,Hadapsar,12,5,0,3138,15494,0,17.77514340344168,0.0,1
Kothrud,Hadapsar,12,5,1,3376,19286,0,20.56563981042654,0.0,0
Kothrud,Hadapsar,12,5,2,3201,16521,0,18.580318650421745,0.0,0
Kothrud,Hadapsar,14,5,0,2854,15225,0,19.204625087596355,0.0,1
Kothrud,Hadapsar,14,5,1,3024,18779,0,22.35595238095238,0.0,0
Kothrud,Hadapsar,14,5,2,3210,16960,0,19.020560747663552,0.0,0
Kothrud,Hadapsar,16,5,0,2904,15451,0,19.15413223140496,0.0,1
Kothrud,Hadapsar,16,5,1,3376,19286,0,20.56563981042654,0.0,0
Kothrud,Hadapsar,16,5,2,3210,16521,0,18.52822429906542,0.0,0
Kothrud,Hadapsar,18,5,0,3326,15451,0,16.723872519542997,0.0,1
Kothrud,Hadapsar,18,5,1,3598,17008,0,17.01745414118955,0.0,0
Kothrud,Hadapsar,18,5,2,3694,18085,0,17.624796968056305,0.0,0
Kothrud,Hadapsar,20,5,0,2784,15201,0,19.65646551724138,0.0,1
Kothrud,Hadapsar,20,5,1,3108,19286,0,22.33899613899614,0.0,0
Kothrud,Hadapsar,20,5,2,2914,16559,0,20.457240905971176,0.0,0
Kothrud,Hadapsar,22,5,0,2013,15620,0,27.934426229508198,0.0,1
Kothrud,Hadapsar,22,5,1,2241,18779,0,30.167068273092365,0.0,0
Kothrud,Hadapsar,22,5,2,2168,16733,0,27.785424354243546,0.0,0
Kothrud,Hadapsar,0,6,0,2013,15620,0,27.934426229508198,0.0,1
Kothrud,Hadapsar,0,6,1,2241,18779,0,30.167068273092365,0.0,0
Kothrud,Hadapsar,0,6,2,2168,16733,0,27.785424354243546,0.0,0
Kothrud,Hadapsar,6,6,0,2068,15620,0,27.19148936170213,0.0,1
Kothrud,Hadapsar,6,6,1,2304,18779,0,29.3421875,0.0,0
Kothrud,Hadapsar,6,6,2,2232,16733,0,26.988709677419354,0.0,0
Kothrud,Hadapsar,8,6,0,2557,15201,0,21.401486116542824,0.0,1
Kothrud,Hadapsar,8,6,1,2995,19286,0,23.181836393989983,0.0,0
Kothrud,Hadapsar,8,6,2,2723,16895,0,22.336393683437382,0.0,0
Kothrud,Hadapsar,10,6,0,2976,15494,0,18.74274193548387,0.0,1
Kothrud,Hadapsar,10,6,1,3037,16856,0,19.98077049720119,0.0,0
Kothrud,Hadapsar,10,6,2,3375,19286,0,20.57173333333333,0.0,0
Kothrud,Hadapsar,12,6,0,3193,15494,0,17.46896335734419,0.0,1
Kothrud,Hadapsar,12,6,1,3526,19286,0,19.69075439591605,0.0,0
Kothrud,Hadapsar,12,6,2,3278,16521,0,18.143868212324588,0.0,0
Kothrud,Hadapsar,14,6,0,2895,15225,0,18.932642487046632,0.0,1
Kothrud,Hadapsar,14,6,1,3146,18779,0,21.489001907183724,0.0,0
Kothrud,Hadapsar,14,6,2,3193,16960,0,19.12182900093956,0.0,0
Kothrud,Hadapsar,16,6,0,2960,15451,0,18.79175675675676,0.0,1
Kothrud,Hadapsar,16,6,1,3447,19286,0,20.142036553524804,0.0,0
Kothrud,Hadapsar,16,6,2,3217,16521,0,18.48790798880945,0.0,0
Kothrud,Hadapsar,18,6,0,3367,15451,0,16.52022572022572,0.0,1
Kothrud,Hadapsar,18,6,1,3635,17008,0,16.84423658872077,0.0,0
Kothrud,Hadapsar,18,6,2,3759,18085,0,17.32003192338388,0.0,0
Kothrud,Hadapsar,20,6,0,2818,15201,0,19.41930447125621,0.0,1
Kothrud,Hadapsar,20,6,1,3131,19286,0,22.17489619929735,0.0,0
Kothrud,Hadapsar,20,6,2,3079,17046,0,19.930367002273464,0.0,0
Kothrud,Hadapsar,22,6,0,2013,15620,0,27.934426229508198,0.0,1
Kothrud,Hadapsar,22,6,1,2241,18779,0,30.167068273092365,0.0,0
Kothrud,Hadapsar,22,6,2,2168,16733,0,27.785424354243546,0.0,0
Kothrud,Hadapsar,0,0,0,2013,15620,0,27.934426229508198,0.0,1
Kothrud,Hadapsar,0,0,1,2241,18779,0,30.167068273092365,0.0,0
Kothrud,Hadapsar,0,0,2,2168,16733,0,27.785424354243546,0.0,0
Kothrud,Hadapsar,6,0,0,2061,15620,0,27.283842794759824,0.0,1
Kothrud,Hadapsar,6,0,1,2303,18779,0,29.354928354320453,0.0,0
Kothrud,Hadapsar,6,0,2,2235,16733,0,26.95248322147651,0.0,0
Kothrud,Hadapsar,8,0,0,2498,15201,0,21.906965572457967,0.0,1
Kothrud,Hadapsar,8,0,1,2985,19286,0,23.259497487437187,0.0,0
Kothrud,Hadapsar,8,0,2,2735,16559,0,21.796124314442416,0.0,0
Kothrud,Hadapsar,10,0,0,2894,15494,0,19.27380787836904,0.0,1
Kothrud,Hadapsar,10,0,1,3017,16521,0,19.71349022207491,0.0,0
Kothrud,Hadapsar,10,0,2,3315,19286,0,20.94407239819005,0.0,0
Kothrud,Hadapsar,12,0,0,3129,15494,0,17.826270373921382,0.0,1
Kothrud,Hadapsar,12,0,1,3499,19286,0,19.842697913689623,0.0,0
Kothrud,Hadapsar,12,0,2,3276,16521,0,18.154945054945056,0.0,0
Kothrud,Hadapsar,14,0,0,2859,15494,0,19.509758656873032,0.0,1
Kothrud,Hadapsar,14,0,1,3212,19286,0,21.615691158156917,0.0,0
Kothrud,Hadapsar,14,0,2,3166,16521,0,18.785723310170564,0.0,0
Kothrud,Hadapsar,16,0,0,2915,15451,0,19.081852487135507,0.0,1
Kothrud,Hadapsar,16,0,1,3498,19286,0,19.8483704974271,0.0,0
Kothrud,Hadapsar,16,0,2,3317,16521,0,17.930539644256857,0.0,0
Kothrud,Hadapsar,18,0,0,3329,15451,0,16.70880144187444,0.0,1
Kothrud,Hadapsar,18,0,1,3662,17008,0,16.7200436919716,0.0,0
Kothrud,Hadapsar,18,0,2,3833,18085,0,16.985650926167494,0.0,0
Kothrud,Hadapsar,20,0,0,2805,15201,0,19.509304812834227,0.0,1
Kothrud,Hadapsar,20,0,1,3153,19286,0,22.020171265461467,0.0,0
Kothrud,Hadapsar,20,0,2,3087,17046,0,19.87871720116618,0.0,0
Kothrud,Hadapsar,22,0,0,2013,15620,0,27.934426229508198,0.0,1
Kothrud,Hadapsar,22,0,1,2241,18779,0,30.167068273092365,0.0,0
Kothrud,Hadapsar,22,0,2,2168,16733,0,27.785424354243546,0.0,0
Kothrud,Hadapsar,0,1,0,2013,15620,0,27.934426229508198,0.0,1
Kothrud,Hadapsar,0,1,1,2241,18779,0,30.167068273092365,0.0,0
Kothrud,Hadapsar,0,1,2,2168,16733,0,27.785424354243546,0.0,0
Kothrud,Hadapsar,6,1,0,2060,15620,0,27.29708737864078,0.0,1
Kothrud,Hadapsar,6,1,1,2302,18779,0,29.36768027801911,0.0,0
Kothrud,Hadapsar,6,1,2,2231,16733,0,27.000806813088303,0.0,0
Kothrud,Hadapsar,8,1,0,2491,15201,0,21.968526696105982,0.0,1
Kothrud,Hadapsar,8,1,1,2924,19286,0,23.744733242134068,0.0,0
Kothrud,Hadapsar,8,1,2,2697,16559,0,22.10322580645161,0.0,0
Kothrud,Hadapsar,10,1,0,2872,15494,0,19.421448467966574,0.0,1
Kothrud,Hadapsar,10,1,1,2961,16521,0,20.08632218844985,0.0,0
Kothrud,Hadapsar,10,1,2,3247,19286,0,21.38269171542963,0.0,0
Kothrud,Hadapsar,12,1,0,3122,15494,0,17.866239590006405,0.0,1
Kothrud,Hadapsar,12,1,1,3455,19286,0,20.0953979739508,0.0,0
Kothrud,Hadapsar,12,1,2,3226,16521,0,18.43632982021079,0.0,0
Kothrud,Hadapsar,14,1,0,2842,15225,0,19.28571428571429,0.0,1
Kothrud,Hadapsar,14,1,1,3144,18779,0,21.502671755725192,0.0,0
Kothrud,Hadapsar,14,1,2,3217,16960,0,18.979173142679517,0.0,0
Kothrud,Hadapsar,16,1,0,2887,15451,0,19.26692067890544,0.0,1
Kothrud,Hadapsar,16,1,1,3383,19286,0,20.52308601832693,0.0,0
Kothrud,Hadapsar,16,1,2,3220,16521,0,18.470683229813663,0.0,0
Kothrud,Hadapsar,18,1,0,3290,15405,0,16.856534954407294,0.0,1
Kothrud,Hadapsar,18,1,1,3576,17008,0,17.12214765100671,0.0,0
Kothrud,Hadapsar,18,1,2,3637,18085,0,17.901017321968656,0.0,0
Kothrud,Hadapsar,20,1,0,2809,15201,0,19.481523673905308,0.0,1
Kothrud,Hadapsar,20,1,1,3131,19286,0,22.17489619929735,0.0,0
Kothrud,Hadapsar,20,1,2,2926,16559,0,20.37334244702666,0.0,0
Kothrud,Hadapsar,22,1,0,2013,15620,0,27.934426229508198,0.0,1
Kothrud,Hadapsar,22,1,1,2241,18779,0,30.167068273092365,0.0,0
Kothrud,Hadapsar,22,1,2,2168,16733,0,27.785424354243546,0.0,0
Kothrud,Hadapsar,0,2,0,2013,15620,0,27.934426229508198,0.0,1
Kothrud,Hadapsar,0,2,1,2241,18779,0,30.167068273092365,0.0,0
Kothrud,Hadapsar,0,2,2,2168,16733,0,27.785424354243546,0.0,0
Kothrud,Hadapsar,6,2,0,2059,15620,0,27.310344827586203,0.0,1
Kothrud,Hadapsar,6,2,1,2303,18779,0,29.354928354320453,0.0,0
Kothrud,Hadapsar,6,2,2,2230,16733,0,27.01291479820628,0.0,0
Kothrud,Hadapsar,8,2,0,2484,15201,0,22.030434782608697,0.0,1
Kothrud,Hadapsar,8,2,1,2918,19286,0,23.793557230980124,0.0,0
Kothrud,Hadapsar,8,2,2,2698,16895,0,22.54336545589325,0.0,0
Kothrud,Hadapsar,10,2,0,2847,15042,0,19.0204425711275,0.0,1
Kothrud,Hadapsar,10,2,1,2948,16521,0,20.174898236092268,0.0,0
Kothrud,Hadapsar,10,2,2,3194,19286,0,21.73750782717596,0.0,0
Kothrud,Hadapsar,12,2,0,3104,15494,0,17.969845360824742,0.0,1
Kothrud,Hadapsar,12,2,1,3402,19286,0,20.40846560846561,0.0,0
Kothrud,Hadapsar,12,2,2,3208,16521,0,18.539775561097255,0.0,0
Kothrud,Hadapsar,14,2,0,2857,15225,0,19.184459222961145,0.0,1
Kothrud,Hadapsar,14,2,1,3196,18779,0,21.152816020025032,0.0,0
Kothrud,Hadapsar,14,2,2,3130,16765,0,19.28242811501597,0.0,0
Kothrud,Hadapsar,16,2,0,2944,15451,0,18.893885869565217,0.0,1
Kothrud,Hadapsar,16,2,1,3246,16521,0,18.32273567467653,0.0,0
Kothrud,Hadapsar,16,2,2,3500,19286,0,19.83702857142857,0.0,0
Kothrud,Hadapsar,18,2,0,3356,15405,0,16.52502979737783,0.0,1
Kothrud,Hadapsar,18,2,1,3607,17008,0,16.974993069032436,0.0,0
Kothrud,Hadapsar,18,2,2,4041,19286,0,17.18129175946548,0.0,0
Kothrud,Hadapsar,20,2,0,2801,15201,0,19.53716529810782,0.0,1
Kothrud,Hadapsar,20,2,1,3143,19286,0,22.090232262169906,0.0,0
Kothrud,Hadapsar,20,2,2,2936,16559,0,20.303950953678477,0.0,0
Kothrud,Hadapsar,22,2,0,2013,15620,0,27.934426229508198,0.0,1
Kothrud,Hadapsar,22,2,1,2241,18779,0,30.167068273092365,0.0,0
Kothrud,Hadapsar,22,2,2,2168,16733,0,27.785424354243546,0.0,0
Kothrud,Hadapsar,0,3,0,2013,15620,0,27.934426229508198,0.0,1
Kothrud,Hadapsar,0,3,1,2241,18779,0,30.167068273092365,0.0,0
Kothrud,Hadapsar,0,3,2,2168,16733,0,27.785424354243546,0.0,0
Kothrud,Hadapsar,6,3,0,2056,15620,0,27.35019455252918,0.0,1
Kothrud,Hadapsar,6,3,1,2285,18779,0,29.58617067833698,0.0,0
Kothrud,Hadapsar,6,3,2,2220,16733,0,27.1345945945946,0.0,0
Kothrud,Hadapsar,8,3,0,2388,15201,0,22.916080402010053,0.0,1
Kothrud,Hadapsar,8,3,1,2634,19286,0,26.358997722095676,0.0,0
Kothrud,Hadapsar,8,3,2,2755,17046,0,22.27426497277677,0.0,0
Kothrud,Hadapsar,10,3,0,2748,15224,0,19.94410480349345,0.0,1
Kothrud,Hadapsar,10,3,1,2834,18779,0,23.85476358503881,0.0,0
Kothrud,Hadapsar,10,3,2,2830,16521,0,21.01611307420495,0.0,0
Kothrud,Hadapsar,12,3,0,3117,15494,0,17.8948989412897,0.0,1
Kothrud,Hadapsar,12,3,1,3229,19286,0,21.501889129761537,0.0,0
Kothrud,Hadapsar,12,3,2,3130,16521,0,19.001789137380197,0.0,0
Kothrud,Hadapsar,14,3,0,3085,15494,0,18.080518638573743,0.0,1
Kothrud,Hadapsar,14,3,1,3292,19286,0,21.090400972053462,0.0,0
Kothrud,Hadapsar,14,3,2,3299,17008,0,18.55980600181873,0.0,0
Kothrud,Hadapsar,16,3,0,3180,15494,0,17.540377358490566,0.0,1
Kothrud,Hadapsar,16,3,1,3418,19286,0,20.312931538911645,0.0,0
Kothrud,Hadapsar,16,3,2,3455,17008,0,17.721794500723586,0.0,0
Kothrud,Hadapsar,18,3,0,3346,15405,0,16.574417214584578,0.0,1
Kothrud,Hadapsar,18,3,1,3515,17008,0,17.419288762446655,0.0,0
Kothrud,Hadapsar,18,3,2,3555,19286,0,19.53012658227848,0.0,0
Kothrud,Hadapsar,20,3,0,2822,15620,0,19.92629340892984,0.0,1
Kothrud,Hadapsar,20,3,1,3030,19286,0,22.914059405940595,0.0,0
Kothrud,Hadapsar,20,3,2,3010,17008,0,20.341794019933552,0.0,0
Kothrud,Hadapsar,22,3,0,2013,15620,0,27.934426229508198,0.0,1
Kothrud,Hadapsar,22,3,1,2241,18779,0,30.167068273092365,0.0,0
Kothrud,Hadapsar,22,3,2,2168,16733,0,27.785424354243546,0.0,0
Kothrud,Hadapsar,0,4,0,2013,15620,0,27.934426229508198,0.0,1
Kothrud,Hadapsar,0,4,1,2241,18779,0,30.167068273092365,0.0,0
Kothrud,Hadapsar,0,4,2,2168,16733,0,27.785424354243546,0.0,0
Kothrud,Hadapsar,6,4,0,2049,15620,0,27.443631039531475,0.0,1
Kothrud,Hadapsar,6,4,1,2273,18779,0,29.742366915970084,0.0,0
Kothrud,Hadapsar,6,4,2,2210,16733,0,27.257375565610857,0.0,0
Kothrud,Hadapsar,8,4,0,2233,15611,0,25.167756381549484,0.0,1
Kothrud,Hadapsar,8,4,1,2521,19286,0,27.54049980166601,0.0,0
Kothrud,Hadapsar,8,4,2,2476,16977,0,24.68384491114701,0.0,0
Kothrud,Hadapsar,10,4,0,2481,15620,0,22.66505441354292,0.0,1
Kothrud,Hadapsar,10,4,1,2656,19286,0,26.14066265060241,0.0,0
Kothrud,Hadapsar,10,4,2,2733,17008,0,22.40351262349067,0.0,0
Kothrud,Hadapsar,12,4,0,2669,15451,0,20.84061446234545,0.0,1
Kothrud,Hadapsar,12,4,1,2847,19286,0,24.386933614330875,0.0,0
Kothrud,Hadapsar,12,4,2,2811,16521,0,21.158164354322302,0.0,0
Kothrud,Hadapsar,14,4,0,2716,15451,0,20.479970544919,0.0,1
Kothrud,Hadapsar,14,4,1,2904,19286,0,23.90826446280992,0.0,0
Kothrud,Hadapsar,14,4,2,2880,16521,0,20.65125,0.0,0
Kothrud,Hadapsar,16,4,0,2759,15451,0,20.1607828923523,0.0,1
Kothrud,Hadapsar,16,4,1,3024,19286,0,22.95952380952381,0.0,0
Kothrud,Hadapsar,16,4,2,2983,16521,0,19.938183037210862,0.0,0
Kothrud,Hadapsar,18,4,0,2800,15451,0,19.865571428571428,0.0,1
Kothrud,Hadapsar,18,4,1,3163,19286,0,21.95055327220993,0.0,0
Kothrud,Hadapsar,18,4,2,3163,17008,0,19.357824849826116,0.0,0
Kothrud,Hadapsar,20,4,0,2558,15620,0,21.982799061767004,0.0,1
Kothrud,Hadapsar,20,4,1,2849,19286,0,24.36981396981397,0.0,0
Kothrud,Hadapsar,20,4,2,2844,17008,0,21.52911392405063,0.0,0
Kothrud,Hadapsar,22,4,0,2013,15620,0,27.934426229508198,0.0,1
Kothrud,Hadapsar,22,4,1,2241,18779,0,30.167068273092365,0.0,0
Kothrud,Hadapsar,22,4,2,2168,16733,0,27.785424354243546,0.0,0
Kothrud,Hadapsar,0,5,0,2013,15620,0,27.934426229508198,0.0,1
Kothrud,Hadapsar,0,5,1,2241,18779,0,30.167068273092365,0.0,0
Kothrud,Hadapsar,0,5,2,2168,16733,0,27.785424354243546,0.0,0
Kothrud,Hadapsar,6,5,0,2057,15620,0,27.336898395721928,0.0,1
Kothrud,Hadapsar,6,5,1,2299,18779,0,29.40600260983036,0.0,0
Kothrud,Hadapsar,6,5,2,2224,16733,0,27.08579136690648,0.0,0
Kothrud,Hadapsar,8,5,0,2503,15201,0,21.863204155013985,0.0,1
Kothrud,Hadapsar,8,5,1,2945,19286,0,23.57541595925297,0.0,0
Kothrud,Hadapsar,8,5,2,2689,16559,0,22.16898475269617,0.0,0
Kothrud,Hadapsar,10,5,0,2881,15201,0,18.994654633807706,0.0,1
Kothrud,Hadapsar,10,5,1,3219,19286,0,21.568685927306618,0.0,0
Kothrud,Hadapsar,10,5,2,3015,16765,0,20.0179104477612,0.0,0
Kothrud,Hadapsar,12,5,0,3138,15494,0,17.77514340344168,0.0,1
Kothrud,Hadapsar,12,5,1,3376,19286,0,20.56563981042654,0.0,0
Kothrud,Hadapsar,12,5,2,3201,16521,0,18.580318650421745,0.0,0
Kothrud,Hadapsar,14,5,0,2854,15225,0,19.204625087596355,0.0,1
Kothrud,Hadapsar,14,5,1,3024,18779,0,22.35595238095238,0.0,0
Kothrud,Hadapsar,14,5,2,3210,16960,0,19.020560747663552,0.0,0
Kothrud,Hadapsar,16,5,0,2904,15451,0,19.15413223140496,0.0,1
Kothrud,Hadapsar,16,5,1,3376,19286,0,20.56563981042654,0.0,0
Kothrud,Hadapsar,16,5,2,3210,16521,0,18.52822429906542,0.0,0
Kothrud,Hadapsar,18,5,0,3326,15451,0,16.723872519542997,0.0,1
Kothrud,Hadapsar,18,5,1,3598,17008,0,17.01745414118955,0.0,0
Kothrud,Hadapsar,18,5,2,3694,18085,0,17.624796968056305,0.0,0
Kothrud,Hadapsar,20,5,0,2784,15201,0,19.65646551724138,0.0,1
Kothrud,Hadapsar,20,5,1,3108,19286,0,22.33899613899614,0.0,0
Kothrud,Hadapsar,20,5,2,2914,16559,0,20.457240905971176,0.0,0
Kothrud,Hadapsar,22,5,0,2013,15620,0,27.934426229508198,0.0,1
Kothrud,Hadapsar,22,5,1,2241,18779,0,30.167068273092365,0.0,0
Kothrud,Hadapsar,22,5,2,2168,16733,0,27.785424354243546,0.0,0
Kothrud,Hadapsar,0,6,0,2013,15620,0,27.934426229508198,0.0,1
Kothrud,Hadapsar,0,6,1,2241,18779,0,30.167068273092365,0.0,0
Kothrud,Hadapsar,0,6,2,2168,16733,0,27.785424354243546,0.0,0
Kothrud,Hadapsar,6,6,0,2068,15620,0,27.19148936170213,0.0,1
Kothrud,Hadapsar,6,6,1,2304,18779,0,29.3421875,0.0,0
Kothrud,Hadapsar,6,6,2,2232,16733,0,26.988709677419354,0.0,0
Kothrud,Hadapsar,8,6,0,2557,15201,0,21.401486116542824,0.0,1
Kothrud,Hadapsar,8,6,1,2995,19286,0,23.181836393989983,0.0,0
Kothrud,Hadapsar,8,6,2,2723,16895,0,22.336393683437382,0.0,0
Kothrud,Hadapsar,10,6,0,2976,15494,0,18.74274193548387,0.0,1
Kothrud,Hadapsar,10,6,1,3037,16856,0,19.98077049720119,0.0,0
Kothrud,Hadapsar,10,6,2,3375,19286,0,20.57173333333333,0.0,0
Kothrud,Hadapsar,12,6,0,3193,15494,0,17.46896335734419,0.0,1
Kothrud,Hadapsar,12,6,1,3526,19286,0,19.69075439591605,0.0,0
Kothrud,Hadapsar,12,6,2,3278,16521,0,18.143868212324588,0.0,0
Kothrud,Hadapsar,14,6,0,2895,15225,0,18.932642487046632,0.0,1
Kothrud,Hadapsar,14,6,1,3146,18779,0,21.489001907183724,0.0,0
Kothrud,Hadapsar,14,6,2,3193,16960,0,19.12182900093956,0.0,0
Kothrud,Hadapsar,16,6,0,2960,15451,0,18.79175675675676,0.0,1
Kothrud,Hadapsar,16,6,1,3447,19286,0,20.142036553524804,0.0,0
Kothrud,Hadapsar,16,6,2,3217,16521,0,18.48790798880945,0.0,0
Kothrud,Hadapsar,18,6,0,3367,15451,0,16.52022572022572,0.0,1
Kothrud,Hadapsar,18,6,1,3635,17008,0,16.84423658872077,0.0,0
Kothrud,Hadapsar,18,6,2,3759,18085,0,17.32003192338388,0.0,0
Kothrud,Hadapsar,20,6,0,2818,15201,0,19.41930447125621,0.0,1
Kothrud,Hadapsar,20,6,1,3131,19286,0,22.17489619929735,0.0,0
Kothrud,Hadapsar,20,6,2,3079,17046,0,19.930367002273464,0.0,0
Kothrud,Hadapsar,22,6,0,2013,15620,0,27.934426229508198,0.0,1
Kothrud,Hadapsar,22,6,1,2241,18779,0,30.167068273092365,0.0,0
Kothrud,Hadapsar,22,6,2,2168,16733,0,27.785424354243546,0.0,0
Kothrud,Hadapsar,0,0,0,2013,15620,0,27.934426229508198,0.0,1
Kothrud,Hadapsar,0,0,1,2241,18779,0,30.167068273092365,0.0,0
Kothrud,Hadapsar,0,0,2,2168,16733,0,27.785424354243546,0.0,0
Kothrud,Hadapsar,6,0,0,2061,15620,0,27.283842794759824,0.0,1
Kothrud,Hadapsar,6,0,1,2303,18779,0,29.354928354320453,0.0,0
Kothrud,Hadapsar,6,0,2,2235,16733,0,26.95248322147651,0.0,0
Kothrud,Hadapsar,8,0,0,2498,15201,0,21.906965572457967,0.0,1
Kothrud,Hadapsar,8,0,1,2985,19286,0,23.259497487437187,0.0,0
Kothrud,Hadapsar,8,0,2,2735,16559,0,21.796124314442416,0.0,0
Kothrud,Hadapsar,10,0,0,2894,15494,0,19.27380787836904,0.0,1
Kothrud,Hadapsar,10,0,1,3017,16521,0,19.71349022207491,0.0,0
Kothrud,Hadapsar,10,0,2,3315,19286,0,20.94407239819005,0.0,0
Kothrud,Hadapsar,12,0,0,3129,15494,0,17.826270373921382,0.0,1
Kothrud,Hadapsar,12,0,1,3499,19286,0,19.842697913689623,0.0,0
Kothrud,Hadapsar,12,0,2,3276,16521,0,18.154945054945056,0.0,0
Kothrud,Hadapsar,14,0,0,2859,15494,0,19.509758656873032,0.0,1
Kothrud,Hadapsar,14,0,1,3212,19286,0,21.615691158156917,0.0,0
Kothrud,Hadapsar,14,0,2,3166,16521,0,18.785723310170564,0.0,0
Kothrud,Hadapsar,16,0,0,2915,15451,0,19.081852487135507,0.0,1
Kothrud,Hadapsar,16,0,1,3498,19286,0,19.8483704974271,0.0,0
Kothrud,Hadapsar,16,0,2,3317,16521,0,17.930539644256857,0.0,0
Kothrud,Hadapsar,18,0,0,3329,15451,0,16.70880144187444,0.0,1
Kothrud,Hadapsar,18,0,1,3662,17008,0,16.7200436919716,0.0,0
Kothrud,Hadapsar,18,0,2,3833,18085,0,16.985650926167494,0.0,0
Kothrud,Hadapsar,20,0,0,2805,15201,0,19.509304812834227,0.0,1
Kothrud,Hadapsar,20,0,1,3153,19286,0,22.020171265461467,0.0,0
Kothrud,Hadapsar,20,0,2,3087,17046,0,19.87871720116618,0.0,0
Kothrud,Hadapsar,22,0,0,2013,15620,0,27.934426229508198,0.0,1
Kothrud,Hadapsar,22,0,1,2241,18779,0,30.167068273092365,0.0,0
Kothrud,Hadapsar,22,0,2,2168,16733,0,27.785424354243546,0.0,0
Kothrud,Hadapsar,0,1,0,2013,15620,0,27.934426229508198,0.0,1
Kothrud,Hadapsar,0,1,1,2241,18779,0,30.167068273092365,0.0,0
Kothrud,Hadapsar,0,1,2,2168,16733,0,27.785424354243546,0.0,0
Kothrud,Hadapsar,6,1,0,2060,15620,0,27.29708737864078,0.0,1
Kothrud,Hadapsar,6,1,1,2302,18779,0,29.36768027801911,0.0,0
Kothrud,Hadapsar,6,1,2,2231,16733,0,27.000806813088303,0.0,0
Kothrud,Hadapsar,8,1,0,2491,15201,0,21.968526696105982,0.0,1
Kothrud,Hadapsar,8,1,1,2924,19286,0,23.744733242134068,0.0,0
Kothrud,Hadapsar,8,1,2,2697,16559,0,22.10322580645161,0.0,0
Kothrud,Hadapsar,10,1,0,2872,15494,0,19.421448467966574,0.0,1
Kothrud,Hadapsar,10,1,1,2961,16521,0,20.08632218844985,0.0,0
Kothrud,Hadapsar,10,1,2,3247,19286,0,21.38269171542963,0.0,0
Kothrud,Hadapsar,12,1,0,3122,15494,0,17.866239590006405,0.0,1
Kothrud,Hadapsar,12,1,1,3455,19286,0,20.0953979739508,0.0,0
Kothrud,Hadapsar,12,1,2,3226,16521,0,18.43632982021079,0.0,0
Kothrud,Hadapsar,14,1,0,2842,15225,0,19.28571428571429,0.0,1
Kothrud,Hadapsar,14,1,1,3144,18779,0,21.502671755725192,0.0,0
Kothrud,Hadapsar,14,1,2,3217,16960,0,18.979173142679517,0.0,0
Kothrud,Hadapsar,16,1,0,2887,15451,0,19.26692067890544,0.0,1
Kothrud,Hadapsar,16,1,1,3383,19286,0,20.52308601832693,0.0,0
Kothrud,Hadapsar,16,1,2,3220,16521,0,18.470683229813663,0.0,0
Kothrud,Hadapsar,18,1,0,3290,15405,0,16.856534954407294,0.0,1
Kothrud,Hadapsar,18,1,1,3576,17008,0,17.12214765100671,0.0,0
Kothrud,Hadapsar,18,1,2,3637,18085,0,17.901017321968656,0.0,0
Kothrud,Hadapsar,20,1,0,2809,15201,0,19.481523673905308,0.0,1
Kothrud,Hadapsar,20,1,1,3131,19286,0,22.17489619929735,0.0,0
Kothrud,Hadapsar,20,1,2,2926,16559,0,20.37334244702666,0.0,0
Kothrud,Hadapsar,22,1,0,2013,15620,0,27.934426229508198,0.0,1
Kothrud,Hadapsar,22,1,1,2241,18779,0,30.167068273092365,0.0,0
Kothrud,Hadapsar,22,1,2,2168,16733,0,27.785424354243546,0.0,0
Kothrud,Hadapsar,0,2,0,2013,15620,0,27.934426229508198,0.0,1
Kothrud,Hadapsar,0,2,1,2241,18779,0,30.167068273092365,0.0,0
Kothrud,Hadapsar,0,2,2,2168,16733,0,27.785424354243546,0.0,0
Kothrud,Hadapsar,6,2,0,2059,15620,0,27.310344827586203,0.0,1
Kothrud,Hadapsar,6,2,1,2303,18779,0,29.354928354320453,0.0,0
Kothrud,Hadapsar,6,2,2,2230,16733,0,27.01291479820628,0.0,0
Kothrud,Hadapsar,8,2,0,2484,15201,0,22.030434782608697,0.0,1
Kothrud,Hadapsar,8,2,1,2918,19286,0,23.793557230980124,0.0,0
Kothrud,Hadapsar,8,2,2,2698,16895,0,22.54336545589325,0.0,0
Kothrud,Hadapsar,10,2,0,2847,15042,0,19.0204425711275,0.0,1
Kothrud,Hadapsar,10,2,1,2948,16521,0,20.174898236092268,0.0,0
Kothrud,Hadapsar,10,2,2,3194,19286,0,21.73750782717596,0.0,0
Kothrud,Hadapsar,12,2,0,3104,15494,0,17.969845360824742,0.0,1
Kothrud,Hadapsar,12,2,1,3402,19286,0,20.40846560846561,0.0,0
Kothrud,Hadapsar,12,2,2,3208,16521,0,18.539775561097255,0.0,0
Kothrud,Hadapsar,14,2,0,2857,15225,0,19.184459222961145,0.0,1
Kothrud,Hadapsar,14,2,1,3196,18779,0,21.152816020025032,0.0,0
Kothrud,Hadapsar,14,2,2,3130,16765,0,19.28242811501597,0.0,0
Kothrud,Hadapsar,16,2,0,2944,15451,0,18.893885869565217,0.0,1
Kothrud,Hadapsar,16,2,1,3246,16521,0,18.32273567467653,0.0,0
Kothrud,Hadapsar,16,2,2,3500,19286,0,19.83702857142857,0.0,0
Kothrud,Hadapsar,18,2,0,3356,15405,0,16.52502979737783,0.0,1
Kothrud,Hadapsar,18,2,1,3607,17008,0,16.974993069032436,0.0,0
Kothrud,Hadapsar,18,2,2,4041,19286,0,17.18129175946548,0.0,0
Kothrud,Hadapsar,20,2,0,2801,15201,0,19.53716529810782,0.0,1
Kothrud,Hadapsar,20,2,1,3143,19286,0,22.090232262169906,0.0,0
Kothrud,Hadapsar,20,2,2,2936,16559,0,20.303950953678477,0.0,0
Kothrud,Hadapsar,22,2,0,2013,15620,0,27.934426229508198,0.0,1
Kothrud,Hadapsar,22,2,1,2241,18779,0,30.167068273092365,0.0,0
Kothrud,Hadapsar,22,2,2,2168,16733,0,27.785424354243546,0.0,0
Kothrud,Hadapsar,0,3,0,2013,15620,0,27.934426229508198,0.0,1
Kothrud,Hadapsar,0,3,1,2241,18779,0,30.167068273092365,0.0,0
Kothrud,Hadapsar,0,3,2,2168,16733,0,27.785424354243546,0.0,0
Kothrud,Hadapsar,6,3,0,2056,15620,0,27.35019455252918,0.0,1
Kothrud,Hadapsar,6,3,1,2285,18779,0,29.58617067833698,0.0,0
Kothrud,Hadapsar,6,3,2,2220,16733,0,27.1345945945946,0.0,0
Kothrud,Hadapsar,8,3,0,2388,15201,0,22.916080402010053,0.0,1
Kothrud,Hadapsar,8,3,1,2634,19286,0,26.358997722095676,0.0,0
Kothrud,Hadapsar,8,3,2,2755,17046,0,22.27426497277677,0.0,0
Kothrud,Hadapsar,10,3,0,2748,15224,0,19.94410480349345,0.0,1
Kothrud,Hadapsar,10,3,1,2834,18779,0,23.85476358503881,0.0,0
Kothrud,Hadapsar,10,3,2,2830,16521,0,21.01611307420495,0.0,0
Kothrud,Hadapsar,12,3,0,3117,15494,0,17.8948989412897,0.0,1
Kothrud,Hadapsar,12,3,1,3229,19286,0,21.501889129761537,0.0,0
Kothrud,Hadapsar,12,3,2,3130,16521,0,19.001789137380197,0.0,0
Kothrud,Hadapsar,14,3,0,3085,15494,0,18.080518638573743,0.0,1
Kothrud,Hadapsar,14,3,1,3292,19286,0,21.090400972053462,0.0,0
Kothrud,Hadapsar,14,3,2,3299,17008,0,18.55980600181873,0.0,0
Kothrud,Hadapsar,16,3,0,3180,15494,0,17.540377358490566,0.0,1
Kothrud,Hadapsar,16,3,1,3418,19286,0,20.312931538911645,0.0,0
Kothrud,Hadapsar,16,3,2,3455,17008,0,17.721794500723586,0.0,0
Kothrud,Hadapsar,18,3,0,3346,15405,0,16.574417214584578,0.0,1
Kothrud,Hadapsar,18,3,1,3515,17008,0,17.419288762446655,0.0,0
Kothrud,Hadapsar,18,3,2,3555,19286,0,19.53012658227848,0.0,0
Kothrud,Hadapsar,20,3,0,2822,15620,0,19.92629340892984,0.0,1
Kothrud,Hadapsar,20,3,1,3030,19286,0,22.914059405940595,0.0,0
Kothrud,Hadapsar,20,3,2,3010,17008,0,20.341794019933552,0.0,0
Kothrud,Hadapsar,22,3,0,2013,15620,0,27.934426229508198,0.0,1
Kothrud,Hadapsar,22,3,1,2241,18779,0,30.167068273092365,0.0,0
Kothrud,Hadapsar,22,3,2,2168,16733,0,27.785424354243546,0.0,0
Kothrud,Hadapsar,0,4,0,2013,15620,0,27.934426229508198,0.0,1
Kothrud,Hadapsar,0,4,1,2241,18779,0,30.167068273092365,0.0,0
Kothrud,Hadapsar,0,4,2,2168,16733,0,27.785424354243546,0.0,0
Kothrud,Hadapsar,6,4,0,2049,15620,0,27.443631039531475,0.0,1
Kothrud,Hadapsar,6,4,1,2273,18779,0,29.742366915970084,0.0,0
Kothrud,Hadapsar,6,4,2,2210,16733,0,27.257375565610857,0.0,0
Kothrud,Hadapsar,8,4,0,2233,15611,0,25.167756381549484,0.0,1
Kothrud,Hadapsar,8,4,1,2521,19286,0,27.54049980166601,0.0,0
Kothrud,Hadapsar,8,4,2,2476,16977,0,24.68384491114701,0.0,0
Kothrud,Hadapsar,10,4,0,2481,15620,0,22.66505441354292,0.0,1
Kothrud,Hadapsar,10,4,1,2656,19286,0,26.14066265060241,0.0,0
Kothrud,Hadapsar,10,4,2,2629,16939,0,23.195283377710155,0.0,0
Kothrud,Hadapsar,12,4,0,2669,15451,0,20.84061446234545,0.0,1
Kothrud,Hadapsar,12,4,1,2847,19286,0,24.386933614330875,0.0,0
Kothrud,Hadapsar,12,4,2,2811,16521,0,21.158164354322302,0.0,0
Kothrud,Hadapsar,14,4,0,2716,15451,0,20.479970544919,0.0,1
Kothrud,Hadapsar,14,4,1,2904,19286,0,23.90826446280992,0.0,0
Kothrud,Hadapsar,14,4,2,2880,16521,0,20.65125,0.0,0
Kothrud,Hadapsar,16,4,0,2759,15451,0,20.1607828923523,0.0,1
Kothrud,Hadapsar,16,4,1,3024,19286,0,22.95952380952381,0.0,0
Kothrud,Hadapsar,16,4,2,2983,16521,0,19.938183037210862,0.0,0
Kothrud,Hadapsar,18,4,0,2800,15451,0,19.865571428571428,0.0,1
Kothrud,Hadapsar,18,4,1,3163,19286,0,21.95055327220993,0.0,0
Kothrud,Hadapsar,18,4,2,3024,16521,0,19.667857142857144,0.0,0
Kothrud,Hadapsar,20,4,0,2558,15620,0,21.982799061767004,0.0,1
Kothrud,Hadapsar,20,4,1,2849,19286,0,24.36981396981397,0.0,0
Kothrud,Hadapsar,20,4,2,2727,16939,0,22.361716171617164,0.0,0
Kothrud,Hadapsar,22,4,0,2013,15620,0,27.934426229508198,0.0,1
Kothrud,Hadapsar,22,4,1,2241,18779,0,30.167068273092365,0.0,0
Kothrud,Hadapsar,22,4,2,2168,16733,0,27.785424354243546,0.0,0
Kothrud,Hadapsar,0,5,0,2013,15620,0,27.934426229508198,0.0,1
Kothrud,Hadapsar,0,5,1,2241,18779,0,30.167068273092365,0.0,0
Kothrud,Hadapsar,0,5,2,2168,16733,0,27.785424354243546,0.0,0
Kothrud,Hadapsar,6,5,0,2057,15620,0,27.336898395721928,0.0,1
Kothrud,Hadapsar,6,5,1,2299,18779,0,29.40600260983036,0.0,0
Kothrud,Hadapsar,6,5,2,2224,16733,0,27.08579136690648,0.0,0
Kothrud,Hadapsar,8,5,0,2503,15201,0,21.863204155013985,0.0,1
Kothrud,Hadapsar,8,5,1,2945,19286,0,23.57541595925297,0.0,0
Kothrud,Hadapsar,8,5,2,2689,16559,0,22.16898475269617,0.0,0
Kothrud,Hadapsar,10,5,0,2881,15201,0,18.994654633807706,0.0,1
Kothrud,Hadapsar,10,5,1,3219,19286,0,21.568685927306618,0.0,0
Kothrud,Hadapsar,10,5,2,3015,16765,0,20.0179104477612,0.0,0
Kothrud,Hadapsar,12,5,0,3138,15494,0,17.77514340344168,0.0,1
Kothrud,Hadapsar,12,5,1,3376,19286,0,20.56563981042654,0.0,0
Kothrud,Hadapsar,12,5,2,3201,16521,0,18.580318650421745,0.0,0
Kothrud,Hadapsar,14,5,0,2854,15225,0,19.204625087596355,0.0,1
Kothrud,Hadapsar,14,5,1,3024,18779,0,22.35595238095238,0.0,0
Kothrud,Hadapsar,14,5,2,3210,16960,0,19.020560747663552,0.0,0
Kothrud,Hadapsar,16,5,0,2904,15451,0,19.15413223140496,0.0,1
Kothrud,Hadapsar,16,5,1,3376,19286,0,20.56563981042654,0.0,0
Kothrud,Hadapsar,16,5,2,3210,16521,0,18.52822429906542,0.0,0
Kothrud,Hadapsar,18,5,0,3326,15451,0,16.723872519542997,0.0,1
Kothrud,Hadapsar,18,5,1,3407,16521,0,17.456882888171414,0.0,0
Kothrud,Hadapsar,18,5,2,3937,19286,0,17.635153670307343,0.0,0
Kothrud,Hadapsar,20,5,0,2784,15201,0,19.65646551724138,0.0,1
Kothrud,Hadapsar,20,5,1,3108,19286,0,22.33899613899614,0.0,0
Kothrud,Hadapsar,20,5,2,2914,16559,0,20.457240905971176,0.0,0
Kothrud,Hadapsar,22,5,0,2013,15620,0,27.934426229508198,0.0,1
Kothrud,Hadapsar,22,5,1,2241,18779,0,30.167068273092365,0.0,0
Kothrud,Hadapsar,22,5,2,2168,16733,0,27.785424354243546,0.0,0
Kothrud,Hadapsar,0,6,0,2013,15620,0,27.934426229508198,0.0,1
Kothrud,Hadapsar,0,6,1,2241,18779,0,30.167068273092365,0.0,0
Kothrud,Hadapsar,0,6,2,2168,16733,0,27.785424354243546,0.0,0
Kothrud,Hadapsar,6,6,0,2068,15620,0,27.19148936170213,0.0,1
Kothrud,Hadapsar,6,6,1,2304,18779,0,29.3421875,0.0,0
Kothrud,Hadapsar,6,6,2,2232,16733,0,26.988709677419354,0.0,0
Kothrud,Hadapsar,8,6,0,2557,15201,0,21.401486116542824,0.0,1
Kothrud,Hadapsar,8,6,1,2995,19286,0,23.181836393989983,0.0,0
Kothrud,Hadapsar,8,6,2,2723,16895,0,22.336393683437382,0.0,0
Kothrud,Hadapsar,10,6,0,2976,15494,0,18.74274193548387,0.0,1
Kothrud,Hadapsar,10,6,1,3037,16856,0,19.98077049720119,0.0,0
Kothrud,Hadapsar,10,6,2,3375,19286,0,20.57173333333333,0.0,0
Kothrud,Hadapsar,12,6,0,3193,15494,0,17.46896335734419,0.0,1
Kothrud,Hadapsar,12,6,1,3526,19286,0,19.69075439591605,0.0,0
Kothrud,Hadapsar,12,6,2,3278,16521,0,18.143868212324588,0.0,0
Kothrud,Hadapsar,14,6,0,2895,15225,0,18.932642487046632,0.0,1
Kothrud,Hadapsar,14,6,1,3146,18779,0,21.489001907183724,0.0,0
Kothrud,Hadapsar,14,6,2,3193,16960,0,19.12182900093956,0.0,0
Kothrud,Hadapsar,16,6,0,2960,15451,0,18.79175675675676,0.0,1
Kothrud,Hadapsar,16,6,1,3447,19286,0,20.142036553524804,0.0,0
Kothrud,Hadapsar,16,6,2,3217,16521,0,18.48790798880945,0.0,0
Kothrud,Hadapsar,18,6,0,3367,15451,0,16.52022572022572,0.0,1
Kothrud,Hadapsar,18,6,1,3456,16521,0,17.209375,0.0,0
Kothrud,Hadapsar,18,6,2,3996,19286,0,17.374774774774774,0.0,0
Kothrud,Hadapsar,20,6,0,2818,15201,0,19.41930447125621,0.0,1
Kothrud,Hadapsar,20,6,1,3131,19286,0,22.17489619929735,0.0,0
Kothrud,Hadapsar,20,6,2,2944,16559,0,20.248777173913044,0.0,0
Kothrud,Hadapsar,22,6,0,2013,15620,0,27.934426229508198,0.0,1
Kothrud,Hadapsar,22,6,1,2241,18779,0,30.167068273092365,0.0,0
Kothrud,Hadapsar,22,6,2,2168,16733,0,27.785424354243546,0.0,0
Kothrud,University,0,0,0,1066,8057,0,27.209380863039403,0.0,1
Kothrud,University,0,0,1,1326,9741,0,26.446153846153845,0.0,0
Kothrud,University,0,0,2,1643,13620,0,29.842970176506388,0.0,0
Kothrud,University,6,0,0,1091,8057,0,26.5858845096242,0.0,1
Kothrud,University,6,0,1,1359,9741,0,25.803973509933773,0.0,0
Kothrud,University,6,0,2,1672,13620,0,29.32535885167464,0.0,0
Kothrud,University,8,0,0,1325,8057,0,21.89071698113208,0.0,1
Kothrud,University,8,0,1,1577,9546,0,21.791756499682943,0.0,0
Kothrud,University,8,0,2,1864,13599,0,26.264163090128758,0.0,0
Kothrud,University,10,0,0,1504,8057,0,19.28537234042553,0.0,1
Kothrud,University,10,0,1,1811,9546,0,18.976035339591384,0.0,0
Kothrud,University,10,0,2,1986,13599,0,24.650755287009066,0.0,0
Kothrud,University,12,0,0,1589,8057,0,18.253744493392077,0.0,1
Kothrud,University,12,0,1,2053,13599,0,23.846273745737943,0.0,0
Kothrud,University,12,0,2,2055,9675,0,16.948905109489054,0.0,0
Kothrud,University,14,0,0,1442,8057,0,20.11456310679612,0.0,1
Kothrud,University,14,0,1,1891,13620,0,25.92913802221047,0.0,0
Kothrud,University,14,0,2,1926,9741,0,18.207476635514016,0.0,0
Kothrud,University,16,0,0,1467,8057,0,19.771779141104297,0.0,1
Kothrud,University,16,0,1,1903,13620,0,25.765633210719912,0.0,0
Kothrud,University,16,0,2,1881,9546,0,18.269856459330143,0.0,0
Kothrud,University,18,0,0,1668,7979,0,17.22086330935252,0.0,1
Kothrud,University,18,0,1,2115,13599,0,23.14723404255319,0.0,0
Kothrud,University,18,0,2,2184,9680,0,15.956043956043954,0.0,0
Kothrud,University,20,0,0,1456,8057,0,19.92115384615385,0.0,1
Kothrud,University,20,0,1,1827,9675,0,19.064039408867,0.0,0
Kothrud,University,20,0,2,2040,13599,0,23.99823529411765,0.0,0
Kothrud,University,22,0,0,1066,8057,0,27.209380863039403,0.0,1
Kothrud,University,22,0,1,1326,9741,0,26.446153846153845,0.0,0
Kothrud,University,22,0,2,1643,13620,0,29.842970176506388,0.0,0
Kothrud,University,0,1,0,1066,8057,0,27.209380863039403,0.0,1
Kothrud,University,0,1,1,1326,9741,0,26.446153846153845,0.0,0
Kothrud,University,0,1,2,1643,13620,0,29.842970176506388,0.0,0
Kothrud,University,6,1,0,1086,8057,0,26.70828729281768,0.0,1
Kothrud,University,6,1,1,1353,9741,0,25.91840354767184,0.0,0
Kothrud,University,6,1,2,1665,13620,0,29.448648648648646,0.0,0
Kothrud,University,8,1,0,1307,8057,0,22.19219586840092,0.0,1
Kothrud,University,8,1,1,1548,9546,0,22.2,0.0,0
Kothrud,University,8,1,2,1842,13599,0,26.577850162866447,0.0,0
Kothrud,University,10,1,0,1498,8057,0,19.362616822429903,0.0,1
Kothrud,University,10,1,1,1951,13599,0,25.0929779600205,0.0,0
Kothrud,University,10,1,2,1797,9546,0,19.12387312186978,0.0,0
Kothrud,University,12,1,0,1599,8057,0,18.139587242026263,0.0,1
Kothrud,University,12,1,1,2026,13599,0,24.16406712734452,0.0,0
Kothrud,University,12,1,2,2048,9675,0,17.0068359375,0.0,0
Kothrud,University,14,1,0,1441,8057,0,20.12852185981957,0.0,1
Kothrud,University,14,1,1,1895,13620,0,25.874406332453823,0.0,0
Kothrud,University,14,1,2,1900,9741,0,18.456631578947366,0.0,0
Kothrud,University,16,1,0,1466,8057,0,19.785266030013645,0.0,1
Kothrud,University,16,1,1,1912,13620,0,25.644351464435147,0.0,0
Kothrud,University,16,1,2,1874,9546,0,18.33810032017076,0.0,0
Kothrud,University,18,1,0,1697,7979,0,16.9265763111373,0.0,1
Kothrud,University,18,1,1,2133,13599,0,22.951898734177213,0.0,0
Kothrud,University,18,1,2,2099,9551,0,16.380943306336352,0.0,0
Kothrud,University,20,1,0,1479,8057,0,19.61135902636917,0.0,1
Kothrud,University,20,1,1,1850,9675,0,18.82702702702703,0.0,0
Kothrud,University,20,1,2,2033,13599,0,24.080865715691097,0.0,0
Kothrud,University,22,1,0,1066,8057,0,27.209380863039403,0.0,1
Kothrud,University,22,1,1,1326,9741,0,26.446153846153845,0.0,0
Kothrud,University,22,1,2,1643,13620,0,29.842970176506388,0.0,0
Kothrud,University,0,2,0,1066,8057,0,27.209380863039403,0.0,1
Kothrud,University,0,2,1,1326,9741,0,26.446153846153845,0.0,0
Kothrud,University,0,2,2,1643,13620,0,29.842970176506388,0.0,0
Kothrud,University,6,2,0,1086,8057,0,26.70828729281768,0.0,1
Kothrud,University,6,2,1,1353,9741,0,25.91840354767184,0.0,0
Kothrud,University,6,2,2,1665,13620,0,29.448648648648646,0.0,0
Kothrud,University,8,2,0,1303,8057,0,22.260322333077514,0.0,1
Kothrud,University,8,2,1,1553,9546,0,22.128525434642626,0.0,0
Kothrud,University,8,2,2,1836,13599,0,26.66470588235294,0.0,0
Kothrud,University,10,2,0,1480,8057,0,19.59810810810811,0.0,1
Kothrud,University,10,2,1,1956,13599,0,25.02883435582822,0.0,0
Kothrud,University,10,2,2,1798,9546,0,19.11323692992213,0.0,0
Kothrud,University,12,2,0,1584,8057,0,18.31136363636364,0.0,1
Kothrud,University,12,2,1,2036,13599,0,24.045383104125737,0.0,0
Kothrud,University,12,2,2,2056,9675,0,16.94066147859922,0.0,0
Kothrud,University,14,2,0,1457,8057,0,19.90748112560055,0.0,1
Kothrud,University,14,2,1,1913,13620,0,25.63094615786722,0.0,0
Kothrud,University,14,2,2,1917,9741,0,18.292957746478876,0.0,0
Kothrud,University,16,2,0,1499,8057,0,19.34969979986658,0.0,1
Kothrud,University,16,2,1,1930,13599,0,25.3660103626943,0.0,0
Kothrud,University,16,2,2,1999,9741,0,17.542571285642822,0.0,0
Kothrud,University,18,2,0,1676,7958,0,17.093556085918856,0.0,1
Kothrud,University,18,2,1,2158,13599,0,22.68600556070436,0.0,0
Kothrud,University,18,2,2,2099,9551,0,16.380943306336352,0.0,0
Kothrud,University,20,2,0,1462,8057,0,19.83939808481532,0.0,1
Kothrud,University,20,2,1,1754,9546,0,19.5927023945268,0.0,0
Kothrud,University,20,2,2,2048,13599,0,23.9044921875,0.0,0
Kothrud,University,22,2,0,1066,8057,0,27.209380863039403,0.0,1
Kothrud,University,22,2,1,1326,9741,0,26.446153846153845,0.0,0
Kothrud,University,22,2,2,1643,13620,0,29.842970176506388,0.0,0
Kothrud,University,0,3,0,1066,8057,0,27.209380863039403,0.0,1
Kothrud,University,0,3,1,1326,9741,0,26.446153846153845,0.0,0
Kothrud,University,0,3,2,1642,13620,0,29.86114494518879,0.0,0
Kothrud,University,6,3,0,1084,8057,0,26.75756457564576,0.0,1
Kothrud,University,6,3,1,1351,9741,0,25.95677276091784,0.0,0
Kothrud,University,6,3,2,1666,13620,0,29.43097238895558,0.0,0
Kothrud,University,8,3,0,1202,8057,0,24.130782029950083,0.0,1
Kothrud,University,8,3,1,1458,9546,0,23.57037037037037,0.0,0
Kothrud,University,8,3,2,1780,13620,0,27.54606741573033,0.0,0
Kothrud,University,10,3,0,1364,8057,0,21.264809384164224,0.0,1
Kothrud,University,10,3,1,1702,9546,0,20.191304347826083,0.0,0
Kothrud,University,10,3,2,1917,13620,0,25.5774647887324,0.0,0
Kothrud,University,12,3,0,1547,8057,0,18.749321266968327,0.0,1
Kothrud,University,12,3,1,2045,13620,0,23.97652811735941,0.0,0
Kothrud,University,12,3,2,1962,9546,0,17.515596330275226,0.0,0
Kothrud,University,14,3,0,1557,8057,0,18.628901734104048,0.0,1
Kothrud,University,14,3,1,2006,13599,0,24.40498504486541,0.0,0
Kothrud,University,14,3,2,1962,9546,0,17.515596330275226,0.0,0
Kothrud,University,16,3,0,1595,8057,0,18.18507836990596,0.0,1
Kothrud,University,16,3,1,2010,13599,0,24.35641791044776,0.0,0
Kothrud,University,16,3,2,2015,9546,0,17.05488833746898,0.0,0
Kothrud,University,18,3,0,1656,8057,0,17.515217391304347,0.0,1
Kothrud,University,18,3,1,2108,13599,0,23.224098671726757,0.0,0
Kothrud,University,18,3,2,2058,9546,0,16.69854227405248,0.0,0
Kothrud,University,20,3,0,1435,8057,0,20.212682926829267,0.0,1
Kothrud,University,20,3,1,1812,9675,0,19.22185430463577,0.0,0
Kothrud,University,20,3,2,2012,13620,0,24.369781312127238,0.0,0
Kothrud,University,22,3,0,1066,8057,0,27.209380863039403,0.0,1
Kothrud,University,22,3,1,1326,9741,0,26.446153846153845,0.0,0
Kothrud,University,22,3,2,1642,13620,0,29.86114494518879,0.0,0
Kothrud,University,0,4,0,1066,8057,0,27.209380863039403,0.0,1
Kothrud,University,0,4,1,1326,9741,0,26.446153846153845,0.0,0
Kothrud,University,0,4,2,1642,13620,0,29.86114494518879,0.0,0
Kothrud,University,6,4,0,1080,8057,0,26.85666666666667,0.0,1
Kothrud,University,6,4,1,1344,9741,0,26.091964285714283,0.0,0
Kothrud,University,6,4,2,1661,13620,0,29.51956652618904,0.0,0
Kothrud,University,8,4,0,1160,8057,0,25.00448275862069,0.0,1
Kothrud,University,8,4,1,1388,9546,0,24.75907780979827,0.0,0
Kothrud,University,8,4,2,1731,13620,0,28.32582322357019,0.0,0
Kothrud,University,10,4,0,1238,8057,0,23.42907915993538,0.0,1
Kothrud,University,10,4,1,1496,9546,0,22.971657754010693,0.0,0
Kothrud,University,10,4,2,1802,13620,0,27.209766925638174,0.0,0
Kothrud,University,12,4,0,1345,8057,0,21.565204460966545,0.0,1
Kothrud,University,12,4,1,1660,9546,0,20.702168674698797,0.0,0
Kothrud,University,12,4,2,1884,13620,0,26.02547770700637,0.0,0
Kothrud,University,14,4,0,1351,8057,0,21.46943005181347,0.0,1
Kothrud,University,14,4,1,1777,9675,0,19.600450196961173,0.0,0
Kothrud,University,14,4,2,1856,13620,0,26.41810344827586,0.0,0
Kothrud,University,16,4,0,1374,8057,0,21.110043668122277,0.0,1
Kothrud,University,16,4,1,1858,13620,0,26.38966630785791,0.0,0
Kothrud,University,16,4,2,1831,9675,0,19.022392135445116,0.0,0
Kothrud,University,18,4,0,1451,8057,0,19.98980013783597,0.0,1
Kothrud,University,18,4,1,1931,13620,0,25.39202485758674,0.0,0
Kothrud,University,18,4,2,1865,9546,0,18.426595174262733,0.0,0
Kothrud,University,20,4,0,1342,8057,0,21.613412816691508,0.0,1
Kothrud,University,20,4,1,1646,9546,0,20.878250303766706,0.0,0
Kothrud,University,20,4,2,1887,13620,0,25.98410174880763,0.0,0
Kothrud,University,22,4,0,1066,8057,0,27.209380863039403,0.0,1
Kothrud,University,22,4,1,1326,9741,0,26.446153846153845,0.0,0
Kothrud,University,22,4,2,1642,13620,0,29.86114494518879,0.0,0
Kothrud,University,0,5,0,1066,8057,0,27.209380863039403,0.0,1
Kothrud,University,0,5,1,1326,9741,0,26.446153846153845,0.0,0
Kothrud,University,0,5,2,1643,13620,0,29.842970176506388,0.0,0
Kothrud,University,6,5,0,1090,8057,0,26.6102752293578,0.0,1
Kothrud,University,6,5,1,1358,9741,0,25.822974963181142,0.0,0
Kothrud,University,6,5,2,1682,13520,0,28.936979785969086,0.0,0
Kothrud,University,8,5,0,1312,8057,0,22.107621951219517,0.0,1
Kothrud,University,8,5,1,1568,9546,0,21.91683673469388,0.0,0
Kothrud,University,8,5,2,1853,13599,0,26.420075553157044,0.0,0
Kothrud,University,10,5,0,1491,8057,0,19.453521126760563,0.0,1
Kothrud,University,10,5,1,1779,9546,0,19.317369308600338,0.0,0
Kothrud,University,10,5,2,1965,13599,0,24.914198473282447,0.0,0
Kothrud,University,12,5,0,1576,8057,0,18.404314720812184,0.0,1
Kothrud,University,12,5,1,2029,13599,0,24.128339083292264,0.0,0
Kothrud,University,12,5,2,1992,9675,0,17.484939759036145,0.0,0
Kothrud,University,14,5,0,1434,8057,0,20.226778242677828,0.0,1
Kothrud,University,14,5,1,1888,13620,0,25.970338983050844,0.0,0
Kothrud,University,14,5,2,1860,9741,0,18.85354838709677,0.0,0
Kothrud,University,16,5,0,1456,8057,0,19.92115384615385,0.0,1
Kothrud,University,16,5,1,1896,13620,0,25.860759493670887,0.0,0
Kothrud,University,16,5,2,1845,9546,0,18.626341463414636,0.0,0
Kothrud,University,18,5,0,1670,7979,0,17.200239520958082,0.0,1
Kothrud,University,18,5,1,2089,13599,0,23.435327908089995,0.0,0
Kothrud,University,18,5,2,2157,9680,0,16.1557719054242,0.0,0
Kothrud,University,20,5,0,1462,8057,0,19.83939808481532,0.0,1
Kothrud,University,20,5,1,1787,9675,0,19.490766648013437,0.0,0
Kothrud,University,20,5,2,2025,13599,0,24.176,0.0,0
Kothrud,University,22,5,0,1066,8057,0,27.209380863039403,0.0,1
Kothrud,University,22,5,1,1326,9741,0,26.446153846153845,0.0,0
Kothrud,University,22,5,2,1643,13620,0,29.842970176506388,0.0,0
Kothrud,University,0,6,0,1066,8057,0,27.209380863039403,0.0,1
Kothrud,University,0,6,1,1326,9741,0,26.446153846153845,0.0,0
Kothrud,University,0,6,2,1643,13620,0,29.842970176506388,0.0,0
Kothrud,University,6,6,0,1089,8057,0,26.63471074380165,0.0,1
Kothrud,University,6,6,1,1356,9741,0,25.86106194690265,0.0,0
Kothrud,University,6,6,2,1667,13620,0,29.413317336532693,0.0,0
Kothrud,University,8,6,0,1327,8057,0,21.85772418990204,0.0,1
Kothrud,University,8,6,1,1584,9546,0,21.695454545454545,0.0,0
Kothrud,University,8,6,2,1880,13599,0,26.040638297872334,0.0,0
Kothrud,University,10,6,0,1537,8057,0,18.87130774235524,0.0,1
Kothrud,University,10,6,1,1838,9546,0,18.69727965179543,0.0,0
Kothrud,University,10,6,2,2018,13599,0,24.259861248761148,0.0,0
Kothrud,University,12,6,0,1612,8057,0,17.993300248138958,0.0,1
Kothrud,University,12,6,1,2077,13599,0,23.570727010110737,0.0,0
Kothrud,University,12,6,2,2067,9675,0,16.850507982583455,0.0,0
Kothrud,University,14,6,0,1455,8057,0,19.934845360824745,0.0,1
Kothrud,University,14,6,1,1895,13620,0,25.874406332453823,0.0,0
Kothrud,University,14,6,2,1898,9741,0,18.47608008429926,0.0,0
Kothrud,University,16,6,0,1496,8057,0,19.388502673796797,0.0,1
Kothrud,University,16,6,1,1939,13620,0,25.287261474987105,0.0,0
Kothrud,University,16,6,2,1892,9546,0,18.163636363636364,0.0,0
Kothrud,University,18,6,0,1705,7979,0,16.847155425219942,0.0,1
Kothrud,University,18,6,1,2187,13599,0,22.385185185185183,0.0,0
Kothrud,University,18,6,2,2228,9680,0,15.64093357271095,0.0,0
Kothrud,University,20,6,0,1461,8057,0,19.852977412731008,0.0,1
Kothrud,University,20,6,1,1828,9675,0,19.05361050328228,0.0,0
Kothrud,University,20,6,2,2053,13599,0,23.846273745737943,0.0,0
Kothrud,University,22,6,0,1066,8057,0,27.209380863039403,0.0,1
Kothrud,University,22,6,1,1326,9741,0,26.446153846153845,0.0,0
Kothrud,University,22,6,2,1643,13620,0,29.842970176506388,0.0,0
Kothrud,University,0,0,0,1066,8057,0,27.209380863039403,0.0,1
Kothrud,University,0,0,1,1326,9741,0,26.446153846153845,0.0,0
Kothrud,University,0,0,2,1643,13620,0,29.842970176506388,0.0,0
Kothrud,University,6,0,0,1091,8057,0,26.5858845096242,0.0,1
Kothrud,University,6,0,1,1359,9741,0,25.803973509933773,0.0,0
Kothrud,University,6,0,2,1672,13620,0,29.32535885167464,0.0,0
Kothrud,University,8,0,0,1325,8057,0,21.89071698113208,0.0,1
Kothrud,University,8,0,1,1577,9546,0,21.791756499682943,0.0,0
Kothrud,University,8,0,2,1864,13599,0,26.264163090128758,0.0,0
Kothrud,University,10,0,0,1504,8057,0,19.28537234042553,0.0,1
Kothrud,University,10,0,1,1811,9546,0,18.976035339591384,0.0,0
Kothrud,University,10,0,2,1986,13599,0,24.650755287009066,0.0,0
Kothrud,University,12,0,0,1589,8057,0,18.253744493392077,0.0,1
Kothrud,University,12,0,1,2053,13599,0,23.846273745737943,0.0,0
Kothrud,University,12,0,2,2055,9675,0,16.948905109489054,0.0,0
Kothrud,University,14,0,0,1442,8057,0,20.11456310679612,0.0,1
Kothrud,University,14,0,1,1891,13620,0,25.92913802221047,0.0,0
Kothrud,University,14,0,2,1926,9741,0,18.207476635514016,0.0,0
Kothrud,University,16,0,0,1467,8057,0,19.771779141104297,0.0,1
Kothrud,University,16,0,1,1903,13620,0,25.765633210719912,0.0,0
Kothrud,University,16,0,2,1881,9546,0,18.269856459330143,0.0,0
Kothrud,University,18,0,0,1668,7979,0,17.22086330935252,0.0,1
Kothrud,University,18,0,1,2115,13599,0,23.14723404255319,0.0,0
Kothrud,University,18,0,2,2184,9680,0,15.956043956043954,0.0,0
Kothrud,University,20,0,0,1456,8057,0,19.92115384615385,0.0,1
Kothrud,University,20,0,1,1827,9675,0,19.064039408867,0.0,0
Kothrud,University,20,0,2,2040,13599,0,23.99823529411765,0.0,0
Kothrud,University,22,0,0,1066,8057,0,27.209380863039403,0.0,1
Kothrud,University,22,0,1,1326,9741,0,26.446153846153845,0.0,0
Kothrud,University,22,0,2,1643,13620,0,29.842970176506388,0.0,0
Kothrud,University,0,1,0,1066,8057,0,27.209380863039403,0.0,1
Kothrud,University,0,1,1,1326,9741,0,26.446153846153845,0.0,0
Kothrud,University,0,1,2,1643,13620,0,29.842970176506388,0.0,0
Kothrud,University,6,1,0,1086,8057,0,26.70828729281768,0.0,1
Kothrud,University,6,1,1,1353,9741,0,25.91840354767184,0.0,0
Kothrud,University,6,1,2,1665,13620,0,29.448648648648646,0.0,0
Kothrud,University,8,1,0,1307,8057,0,22.19219586840092,0.0,1
Kothrud,University,8,1,1,1548,9546,0,22.2,0.0,0
Kothrud,University,8,1,2,1842,13599,0,26.577850162866447,0.0,0
Kothrud,University,10,1,0,1498,8057,0,19.362616822429903,0.0,1
Kothrud,University,10,1,1,1951,13599,0,25.0929779600205,0.0,0
Kothrud,University,10,1,2,1797,9546,0,19.12387312186978,0.0,0
Kothrud,University,12,1,0,1599,8057,0,18.139587242026263,0.0,1
Kothrud,University,12,1,1,2026,13599,0,24.16406712734452,0.0,0
Kothrud,University,12,1,2,2048,9675,0,17.0068359375,0.0,0
Kothrud,University,14,1,0,1441,8057,0,20.12852185981957,0.0,1
Kothrud,University,14,1,1,1895,13620,0,25.874406332453823,0.0,0
Kothrud,University,14,1,2,1900,9741,0,18.456631578947366,0.0,0
Kothrud,University,16,1,0,1466,8057,0,19.785266030013645,0.0,1
Kothrud,University,16,1,1,1912,13620,0,25.644351464435147,0.0,0
Kothrud,University,16,1,2,1874,9546,0,18.33810032017076,0.0,0
Kothrud,University,18,1,0,1697,7979,0,16.9265763111373,0.0,1
Kothrud,University,18,1,1,2133,13599,0,22.951898734177213,0.0,0
Kothrud,University,18,1,2,2099,9551,0,16.380943306336352,0.0,0
Kothrud,University,20,1,0,1479,8057,0,19.61135902636917,0.0,1
Kothrud,University,20,1,1,1850,9675,0,18.82702702702703,0.0,0
Kothrud,University,20,1,2,2033,13599,0,24.080865715691097,0.0,0
Kothrud,University,22,1,0,1066,8057,0,27.209380863039403,0.0,1
Kothrud,University,22,1,1,1326,9741,0,26.446153846153845,0.0,0
Kothrud,University,22,1,2,1643,13620,0,29.842970176506388,0.0,0
Kothrud,University,0,2,0,1066,8057,0,27.209380863039403,0.0,1
Kothrud,University,0,2,1,1326,9741,0,26.446153846153845,0.0,0
Kothrud,University,0,2,2,1643,13620,0,29.842970176506388,0.0,0
Kothrud,University,6,2,0,1086,8057,0,26.70828729281768,0.0,1
Kothrud,University,6,2,1,1353,9741,0,25.91840354767184,0.0,0
Kothrud,University,6,2,2,1665,13620,0,29.448648648648646,0.0,0
Kothrud,University,8,2,0,1303,8057,0,22.260322333077514,0.0,1
Kothrud,University,8,2,1,1553,9546,0,22.128525434642626,0.0,0
Kothrud,University,8,2,2,1836,13599,0,26.66470588235294,0.0,0
Kothrud,University,10,2,0,1480,8057,0,19.59810810810811,0.0,1
Kothrud,University,10,2,1,1956,13599,0,25.02883435582822,0.0,0
Kothrud,University,10,2,2,1798,9546,0,19.11323692992213,0.0,0
Kothrud,University,12,2,0,1584,8057,0,18.31136363636364,0.0,1
Kothrud,University,12,2,1,2036,13599,0,24.045383104125737,0.0,0
Kothrud,University,12,2,2,2056,9675,0,16.94066147859922,0.0,0
Kothrud,University,14,2,0,1457,8057,0,19.90748112560055,0.0,1
Kothrud,University,14,2,1,1913,13620,0,25.63094615786722,0.0,0
Kothrud,University,14,2,2,1917,9741,0,18.292957746478876,0.0,0
Kothrud,University,16,2,0,1499,8057,0,19.34969979986658,0.0,1
Kothrud,University,16,2,1,1930,13599,0,25.3660103626943,0.0,0
Kothrud,University,16,2,2,1999,9741,0,17.542571285642822,0.0,0
Kothrud,University,18,2,0,1676,7958,0,17.093556085918856,0.0,1
Kothrud,University,18,2,1,2158,13599,0,22.68600556070436,0.0,0
Kothrud,University,18,2,2,2099,9551,0,16.380943306336352,0.0,0
Kothrud,University,20,2,0,1462,8057,0,19.83939808481532,0.0,1
Kothrud,University,20,2,1,1754,9546,0,19.5927023945268,0.0,0
Kothrud,University,20,2,2,2048,13599,0,23.9044921875,0.0,0
Kothrud,University,22,2,0,1066,8057,0,27.209380863039403,0.0,1
Kothrud,University,22,2,1,1326,9741,0,26.446153846153845,0.0,0
Kothrud,University,22,2,2,1643,13620,0,29.842970176506388,0.0,0
Kothrud,University,0,3,0,1066,8057,0,27.209380863039403,0.0,1
Kothrud,University,0,3,1,1326,9741,0,26.446153846153845,0.0,0
Kothrud,University,0,3,2,1642,13620,0,29.86114494518879,0.0,0
Kothrud,University,6,3,0,1084,8057,0,26.75756457564576,0.0,1
Kothrud,University,6,3,1,1351,9741,0,25.95677276091784,0.0,0
Kothrud,University,6,3,2,1666,13620,0,29.43097238895558,0.0,0
Kothrud,University,8,3,0,1202,8057,0,24.130782029950083,0.0,1
Kothrud,University,8,3,1,1458,9546,0,23.57037037037037,0.0,0
Kothrud,University,8,3,2,1780,13620,0,27.54606741573033,0.0,0
Kothrud,University,10,3,0,1364,8057,0,21.264809384164224,0.0,1
Kothrud,University,10,3,1,1702,9546,0,20.191304347826083,0.0,0
Kothrud,University,10,3,2,1917,13620,0,25.5774647887324,0.0,0
Kothrud,University,12,3,0,1547,8057,0,18.749321266968327,0.0,1
Kothrud,University,12,3,1,2045,13620,0,23.97652811735941,0.0,0
Kothrud,University,12,3,2,1962,9546,0,17.515596330275226,0.0,0
Kothrud,University,14,3,0,1557,8057,0,18.628901734104048,0.0,1
Kothrud,University,14,3,1,2006,13599,0,24.40498504486541,0.0,0
Kothrud,University,14,3,2,1962,9546,0,17.515596330275226,0.0,0
Kothrud,University,16,3,0,1595,8057,0,18.18507836990596,0.0,1
Kothrud,University,16,3,1,2010,13599,0,24.35641791044776,0.0,0
Kothrud,University,16,3,2,2015,9546,0,17.05488833746898,0.0,0
Kothrud,University,18,3,0,1656,8057,0,17.515217391304347,0.0,1
Kothrud,University,18,3,1,2108,13599,0,23.224098671726757,0.0,0
Kothrud,University,18,3,2,2058,9546,0,16.69854227405248,0.0,0
Kothrud,University,20,3,0,1435,8057,0,20.212682926829267,0.0,1
Kothrud,University,20,3,1,1812,9675,0,19.22185430463577,0.0,0
Kothrud,University,20,3,2,2012,13620,0,24.369781312127238,0.0,0
Kothrud,University,22,3,0,1066,8057,0,27.209380863039403,0.0,1
Kothrud,University,22,3,1,1326,9741,0,26.446153846153845,0.0,0
Kothrud,University,22,3,2,1642,13620,0,29.86114494518879,0.0,0
Kothrud,University,0,4,0,1066,8057,0,27.209380863039403,0.0,1
Kothrud,University,0,4,1,1326,9741,0,26.446153846153845,0.0,0
Kothrud,University,0,4,2,1642,13620,0,29.86114494518879,0.0,0
Kothrud,University,6,4,0,1080,8057,0,26.85666666666667,0.0,1
Kothrud,University,6,4,1,1344,9741,0,26.091964285714283,0.0,0
Kothrud,University,6,4,2,1661,13620,0,29.51956652618904,0.0,0
Kothrud,University,8,4,0,1160,8057,0,25.00448275862069,0.0,1
Kothrud,University,8,4,1,1388,9546,0,24.75907780979827,0.0,0
Kothrud,University,8,4,2,1731,13620,0,28.32582322357019,0.0,0
Kothrud,University,10,4,0,1238,8057,0,23.42907915993538,0.0,1
Kothrud,University,10,4,1,1496,9546,0,22.971657754010693,0.0,0
Kothrud,University,10,4,2,1802,13620,0,27.209766925638174,0.0,0
Kothrud,University,12,4,0,1345,8057,0,21.565204460966545,0.0,1
Kothrud,University,12,4,1,1660,9546,0,20.702168674698797,0.0,0
Kothrud,University,12,4,2,1884,13620,0,26.02547770700637,0.0,0
Kothrud,University,14,4,0,1351,8057,0,21.46943005181347,0.0,1
Kothrud,University,14,4,1,1777,9675,0,19.600450196961173,0.0,0
Kothrud,University,14,4,2,1856,13620,0,26.41810344827586,0.0,0
Kothrud,University,16,4,0,1374,8057,0,21.110043668122277,0.0,1
Kothrud,University,16,4,1,1858,13620,0,26.38966630785791,0.0,0
Kothrud,University,16,4,2,1831,9675,0,19.022392135445116,0.0,0
Kothrud,University,18,4,0,1451,8057,0,19.98980013783597,0.0,1
Kothrud,University,18,4,1,1931,13620,0,25.39202485758674,0.0,0
Kothrud,University,18,4,2,1865,9546,0,18.426595174262733,0.0,0
Kothrud,University,20,4,0,1342,8057,0,21.613412816691508,0.0,1
Kothrud,University,20,4,1,1646,9546,0,20.878250303766706,0.0,0
Kothrud,University,20,4,2,1887,13620,0,25.98410174880763,0.0,0
Kothrud,University,22,4,0,1066,8057,0,27.209380863039403,0.0,1
Kothrud,University,22,4,1,1326,9741,0,26.446153846153845,0.0,0
Kothrud,University,22,4,2,1642,13620,0,29.86114494518879,0.0,0
Kothrud,University,0,5,0,1066,8057,0,27.209380863039403,0.0,1
Kothrud,University,0,5,1,1326,9741,0,26.446153846153845,0.0,0
Kothrud,University,0,5,2,1643,13620,0,29.842970176506388,0.0,0
Kothrud,University,6,5,0,1090,8057,0,26.6102752293578,0.0,1
Kothrud,University,6,5,1,1358,9741,0,25.822974963181142,0.0,0
Kothrud,University,6,5,2,1682,13520,0,28.936979785969086,0.0,0
Kothrud,University,8,5,0,1312,8057,0,22.107621951219517,0.0,1
Kothrud,University,8,5,1,1568,9546,0,21.91683673469388,0.0,0
Kothrud,University,8,5,2,1853,13599,0,26.420075553157044,0.0,0
Kothrud,University,10,5,0,1491,8057,0,19.453521126760563,0.0,1
Kothrud,University,10,5,1,1779,9546,0,19.317369308600338,0.0,0
Kothrud,University,10,5,2,1965,13599,0,24.914198473282447,0.0,0
Kothrud,University,12,5,0,1576,8057,0,18.404314720812184,0.0,1
Kothrud,University,12,5,1,2029,13599,0,24.128339083292264,0.0,0
Kothrud,University,12,5,2,1992,9675,0,17.484939759036145,0.0,0
Kothrud,University,14,5,0,1434,8057,0,20.226778242677828,0.0,1
Kothrud,University,14,5,1,1888,13620,0,25.970338983050844,0.0,0
Kothrud,University,14,5,2,1860,9741,0,18.85354838709677,0.0,0
Kothrud,University,16,5,0,1456,8057,0,19.92115384615385,0.0,1
Kothrud,University,16,5,1,1896,13620,0,25.860759493670887,0.0,0
Kothrud,University,16,5,2,1845,9546,0,18.626341463414636,0.0,0
Kothrud,University,18,5,0,1670,7979,0,17.200239520958082,0.0,1
Kothrud,University,18,5,1,2089,13599,0,23.435327908089995,0.0,0
Kothrud,University,18,5,2,2157,9680,0,16.1557719054242,0.0,0
Kothrud,University,20,5,0,1462,8057,0,19.83939808481532,0.0,1
Kothrud,University,20,5,1,1787,9675,0,19.490766648013437,0.0,0
Kothrud,University,20,5,2,2025,13599,0,24.176,0.0,0
Kothrud,University,22,5,0,1066,8057,0,27.209380863039403,0.0,1
Kothrud,University,22,5,1,1326,9741,0,26.446153846153845,0.0,0
Kothrud,University,22,5,2,1643,13620,0,29.842970176506388,0.0,0
Kothrud,University,0,6,0,1066,8057,0,27.209380863039403,0.0,1
Kothrud,University,0,6,1,1326,9741,0,26.446153846153845,0.0,0
Kothrud,University,0,6,2,1643,13620,0,29.842970176506388,0.0,0
Kothrud,University,6,6,0,1089,8057,0,26.63471074380165,0.0,1
Kothrud,University,6,6,1,1356,9741,0,25.86106194690265,0.0,0
Kothrud,University,6,6,2,1667,13620,0,29.413317336532693,0.0,0
Kothrud,University,8,6,0,1327,8057,0,21.85772418990204,0.0,1
Kothrud,University,8,6,1,1584,9546,0,21.695454545454545,0.0,0
Kothrud,University,8,6,2,1880,13599,0,26.040638297872334,0.0,0
Kothrud,University,10,6,0,1537,8057,0,18.87130774235524,0.0,1
Kothrud,University,10,6,1,1838,9546,0,18.69727965179543,0.0,0
Kothrud,University,10,6,2,2018,13599,0,24.259861248761148,0.0,0
Kothrud,University,12,6,0,1612,8057,0,17.993300248138958,0.0,1
Kothrud,University,12,6,1,2077,13599,0,23.570727010110737,0.0,0
Kothrud,University,12,6,2,2067,9675,0,16.850507982583455,0.0,0
Kothrud,University,14,6,0,1455,8057,0,19.934845360824745,0.0,1
Kothrud,University,14,6,1,1895,13620,0,25.874406332453823,0.0,0
Kothrud,University,14,6,2,1898,9741,0,18.47608008429926,0.0,0
Kothrud,University,16,6,0,1496,8057,0,19.388502673796797,0.0,1
Kothrud,University,16,6,1,1939,13620,0,25.287261474987105,0.0,0
Kothrud,University,16,6,2,1892,9546,0,18.163636363636364,0.0,0
Kothrud,University,18,6,0,1705,7979,0,16.847155425219942,0.0,1
Kothrud,University,18,6,1,2187,13599,0,22.385185185185183,0.0,0
Kothrud,University,18,6,2,2228,9680,0,15.64093357271095,0.0,0
Kothrud,University,20,6,0,1461,8057,0,19.852977412731008,0.0,1
Kothrud,University,20,6,1,1828,9675,0,19.05361050328228,0.0,0
Kothrud,University,20,6,2,2053,13599,0,23.846273745737943,0.0,0
Kothrud,University,22,6,0,1066,8057,0,27.209380863039403,0.0,1
Kothrud,University,22,6,1,1326,9741,0,26.446153846153845,0.0,0
Kothrud,University,22,6,2,1643,13620,0,29.842970176506388,0.0,0
Kothrud,University,0,0,0,1066,8057,0,27.209380863039403,0.0,1
Kothrud,University,0,0,1,1326,9741,0,26.446153846153845,0.0,0
Kothrud,University,0,0,2,1643,13620,0,29.842970176506388,0.0,0
Kothrud,University,6,0,0,1091,8057,0,26.5858845096242,0.0,1
Kothrud,University,6,0,1,1359,9741,0,25.803973509933773,0.0,0
Kothrud,University,6,0,2,1672,13620,0,29.32535885167464,0.0,0
Kothrud,University,8,0,0,1325,8057,0,21.89071698113208,0.0,1
Kothrud,University,8,0,1,1577,9546,0,21.791756499682943,0.0,0
Kothrud,University,8,0,2,1864,13599,0,26.264163090128758,0.0,0
Kothrud,University,10,0,0,1504,8057,0,19.28537234042553,0.0,1
Kothrud,University,10,0,1,1811,9546,0,18.976035339591384,0.0,0
Kothrud,University,10,0,2,1986,13599,0,24.650755287009066,0.0,0
Kothrud,University,12,0,0,1589,8057,0,18.253744493392077,0.0,1
Kothrud,University,12,0,1,2053,13599,0,23.846273745737943,0.0,0
Kothrud,University,12,0,2,2055,9675,0,16.948905109489054,0.0,0
Kothrud,University,14,0,0,1442,8057,0,20.11456310679612,0.0,1
Kothrud,University,14,0,1,1891,13620,0,25.92913802221047,0.0,0
Kothrud,University,14,0,2,1926,9741,0,18.207476635514016,0.0,0
Kothrud,University,16,0,0,1467,8057,0,19.771779141104297,0.0,1
Kothrud,University,16,0,1,1903,13620,0,25.765633210719912,0.0,0
Kothrud,University,16,0,2,1881,9546,0,18.269856459330143,0.0,0
Kothrud,University,18,0,0,1668,7979,0,17.22086330935252,0.0,1
Kothrud,University,18,0,1,2115,13599,0,23.14723404255319,0.0,0
Kothrud,University,18,0,2,2184,9680,0,15.956043956043954,0.0,0
Kothrud,University,20,0,0,1456,8057,0,19.92115384615385,0.0,1
Kothrud,University,20,0,1,1827,9675,0,19.064039408867,0.0,0
Kothrud,University,20,0,2,2040,13599,0,23.99823529411765,0.0,0
Kothrud,University,22,0,0,1066,8057,0,27.209380863039403,0.0,1
Kothrud,University,22,0,1,1326,9741,0,26.446153846153845,0.0,0
Kothrud,University,22,0,2,1643,13620,0,29.842970176506388,0.0,0
Kothrud,University,0,1,0,1066,8057,0,27.209380863039403,0.0,1
Kothrud,University,0,1,1,1326,9741,0,26.446153846153845,0.0,0
Kothrud,University,0,1,2,1643,13620,0,29.842970176506388,0.0,0
Kothrud,University,6,1,0,1086,8057,0,26.70828729281768,0.0,1
Kothrud,University,6,1,1,1353,9741,0,25.91840354767184,0.0,0
Kothrud,University,6,1,2,1665,13620,0,29.448648648648646,0.0,0
Kothrud,University,8,1,0,1307,8057,0,22.19219586840092,0.0,1
Kothrud,University,8,1,1,1548,9546,0,22.2,0.0,0
Kothrud,University,8,1,2,1842,13599,0,26.577850162866447,0.0,0
Kothrud,University,10,1,0,1498,8057,0,19.362616822429903,0.0,1
Kothrud,University,10,1,1,1951,13599,0,25.0929779600205,0.0,0
Kothrud,University,10,1,2,1797,9546,0,19.12387312186978,0.0,0
Kothrud,University,12,1,0,1599,8057,0,18.139587242026263,0.0,1
Kothrud,University,12,1,1,2026,13599,0,24.16406712734452,0.0,0
Kothrud,University,12,1,2,2048,9675,0,17.0068359375,0.0,0
Kothrud,University,14,1,0,1441,8057,0,20.12852185981957,0.0,1
Kothrud,University,14,1,1,1895,13620,0,25.874406332453823,0.0,0
Kothrud,University,14,1,2,1900,9741,0,18.456631578947366,0.0,0
Kothrud,University,16,1,0,1466,8057,0,19.785266030013645,0.0,1
Kothrud,University,16,1,1,1912,13620,0,25.644351464435147,0.0,0
Kothrud,University,16,1,2,1874,9546,0,18.33810032017076,0.0,0
Kothrud,University,18,1,0,1697,7979,0,16.9265763111373,0.0,1
Kothrud,University,18,1,1,2133,13599,0,22.951898734177213,0.0,0
Kothrud,University,18,1,2,2099,9551,0,16.380943306336352,0.0,0
Kothrud,University,20,1,0,1479,8057,0,19.61135902636917,0.0,1
Kothrud,University,20,1,1,1850,9675,0,18.82702702702703,0.0,0
Kothrud,University,20,1,2,2033,13599,0,24.080865715691097,0.0,0
Kothrud,University,22,1,0,1066,8057,0,27.209380863039403,0.0,1
Kothrud,University,22,1,1,1326,9741,0,26.446153846153845,0.0,0
Kothrud,University,22,1,2,1643,13620,0,29.842970176506388,0.0,0
Kothrud,University,0,2,0,1066,8057,0,27.209380863039403,0.0,1
Kothrud,University,0,2,1,1326,9741,0,26.446153846153845,0.0,0
Kothrud,University,0,2,2,1643,13620,0,29.842970176506388,0.0,0
Kothrud,University,6,2,0,1086,8057,0,26.70828729281768,0.0,1
Kothrud,University,6,2,1,1353,9741,0,25.91840354767184,0.0,0
Kothrud,University,6,2,2,1665,13620,0,29.448648648648646,0.0,0
Kothrud,University,8,2,0,1303,8057,0,22.260322333077514,0.0,1
Kothrud,University,8,2,1,1553,9546,0,22.128525434642626,0.0,0
Kothrud,University,8,2,2,1836,13599,0,26.66470588235294,0.0,0
Kothrud,University,10,2,0,1480,8057,0,19.59810810810811,0.0,1
Kothrud,University,10,2,1,1956,13599,0,25.02883435582822,0.0,0
Kothrud,University,10,2,2,1798,9546,0,19.11323692992213,0.0,0
Kothrud,University,12,2,0,1584,8057,0,18.31136363636364,0.0,1
Kothrud,University,12,2,1,2036,13599,0,24.045383104125737,0.0,0
Kothrud,University,12,2,2,2056,9675,0,16.94066147859922,0.0,0
Kothrud,University,14,2,0,1457,8057,0,19.90748112560055,0.0,1
Kothrud,University,14,2,1,1913,13620,0,25.63094615786722,0.0,0
Kothrud,University,14,2,2,1917,9741,0,18.292957746478876,0.0,0
Kothrud,University,16,2,0,1499,8057,0,19.34969979986658,0.0,1
Kothrud,University,16,2,1,1930,13599,0,25.3660103626943,0.0,0
Kothrud,University,16,2,2,1999,9741,0,17.542571285642822,0.0,0
Kothrud,University,18,2,0,1676,7958,0,17.093556085918856,0.0,1
Kothrud,University,18,2,1,2158,13599,0,22.68600556070436,0.0,0
Kothrud,University,18,2,2,2099,9551,0,16.380943306336352,0.0,0
Kothrud,University,20,2,0,1462,8057,0,19.83939808481532,0.0,1
Kothrud,University,20,2,1,1754,9546,0,19.5927023945268,0.0,0
Kothrud,University,20,2,2,2048,13599,0,23.9044921875,0.0,0
Kothrud,University,22,2,0,1066,8057,0,27.209380863039403,0.0,1
Kothrud,University,22,2,1,1326,9741,0,26.446153846153845,0.0,0
Kothrud,University,22,2,2,1643,13620,0,29.842970176506388,0.0,0
Kothrud,University,0,3,0,1066,8057,0,27.209380863039403,0.0,1
Kothrud,University,0,3,1,1326,9741,0,26.446153846153845,0.0,0
Kothrud,University,0,3,2,1642,13620,0,29.86114494518879,0.0,0
Kothrud,University,6,3,0,1084,8057,0,26.75756457564576,0.0,1
Kothrud,University,6,3,1,1351,9741,0,25.95677276091784,0.0,0
Kothrud,University,6,3,2,1666,13620,0,29.43097238895558,0.0,0
Kothrud,University,8,3,0,1202,8057,0,24.130782029950083,0.0,1
Kothrud,University,8,3,1,1458,9546,0,23.57037037037037,0.0,0
Kothrud,University,8,3,2,1780,13620,0,27.54606741573033,0.0,0
Kothrud,University,10,3,0,1364,8057,0,21.264809384164224,0.0,1
Kothrud,University,10,3,1,1702,9546,0,20.191304347826083,0.0,0
Kothrud,University,10,3,2,1917,13620,0,25.5774647887324,0.0,0
Kothrud,University,12,3,0,1547,8057,0,18.749321266968327,0.0,1
Kothrud,University,12,3,1,2045,13620,0,23.97652811735941,0.0,0
Kothrud,University,12,3,2,1962,9546,0,17.515596330275226,0.0,0
Kothrud,University,14,3,0,1557,8057,0,18.628901734104048,0.0,1
Kothrud,University,14,3,1,2006,13599,0,24.40498504486541,0.0,0
Kothrud,University,14,3,2,1962,9546,0,17.515596330275226,0.0,0
Kothrud,University,16,3,0,1595,8057,0,18.18507836990596,0.0,1
Kothrud,University,16,3,1,2010,13599,0,24.35641791044776,0.0,0
Kothrud,University,16,3,2,2015,9546,0,17.05488833746898,0.0,0
Kothrud,University,18,3,0,1656,8057,0,17.515217391304347,0.0,1
Kothrud,University,18,3,1,2108,13599,0,23.224098671726757,0.0,0
Kothrud,University,18,3,2,2058,9546,0,16.69854227405248,0.0,0
Kothrud,University,20,3,0,1435,8057,0,20.212682926829267,0.0,1
Kothrud,University,20,3,1,1812,9675,0,19.22185430463577,0.0,0
Kothrud,University,20,3,2,2012,13620,0,24.369781312127238,0.0,0
Kothrud,University,22,3,0,1066,8057,0,27.209380863039403,0.0,1
Kothrud,University,22,3,1,1326,9741,0,26.446153846153845,0.0,0
Kothrud,University,22,3,2,1642,13620,0,29.86114494518879,0.0,0
Kothrud,University,0,4,0,1066,8057,0,27.209380863039403,0.0,1
Kothrud,University,0,4,1,1326,9741,0,26.446153846153845,0.0,0
Kothrud,University,0,4,2,1642,13620,0,29.86114494518879,0.0,0
Kothrud,University,6,4,0,1080,8057,0,26.85666666666667,0.0,1
Kothrud,University,6,4,1,1344,9741,0,26.091964285714283,0.0,0
Kothrud,University,6,4,2,1661,13620,0,29.51956652618904,0.0,0
Kothrud,University,8,4,0,1160,8057,0,25.00448275862069,0.0,1
Kothrud,University,8,4,1,1388,9546,0,24.75907780979827,0.0,0
Kothrud,University,8,4,2,1731,13620,0,28.32582322357019,0.0,0
Kothrud,University,10,4,0,1238,8057,0,23.42907915993538,0.0,1
Kothrud,University,10,4,1,1496,9546,0,22.971657754010693,0.0,0
Kothrud,University,10,4,2,1802,13620,0,27.209766925638174,0.0,0
Kothrud,University,12,4,0,1345,8057,0,21.565204460966545,0.0,1
Kothrud,University,12,4,1,1660,9546,0,20.702168674698797,0.0,0
Kothrud,University,12,4,2,1884,13620,0,26.02547770700637,0.0,0
Kothrud,University,14,4,0,1351,8057,0,21.46943005181347,0.0,1
Kothrud,University,14,4,1,1777,9675,0,19.600450196961173,0.0,0
Kothrud,University,14,4,2,1856,13620,0,26.41810344827586,0.0,0
Kothrud,University,16,4,0,1374,8057,0,21.110043668122277,0.0,1
Kothrud,University,16,4,1,1858,13620,0,26.38966630785791,0.0,0
Kothrud,University,16,4,2,1831,9675,0,19.022392135445116,0.0,0
Kothrud,University,18,4,0,1451,8057,0,19.98980013783597,0.0,1
Kothrud,University,18,4,1,1931,13620,0,25.39202485758674,0.0,0
Kothrud,University,18,4,2,1865,9546,0,18.426595174262733,0.0,0
Kothrud,University,20,4,0,1342,8057,0,21.613412816691508,0.0,1
Kothrud,University,20,4,1,1646,9546,0,20.878250303766706,0.0,0
Kothrud,University,20,4,2,1887,13620,0,25.98410174880763,0.0,0
Kothrud,University,22,4,0,1066,8057,0,27.209380863039403,0.0,1
Kothrud,University,22,4,1,1326,9741,0,26.446153846153845,0.0,0
Kothrud,University,22,4,2,1642,13620,0,29.86114494518879,0.0,0
Kothrud,University,0,5,0,1066,8057,0,27.209380863039403,0.0,1
Kothrud,University,0,5,1,1326,9741,0,26.446153846153845,0.0,0
Kothrud,University,0,5,2,1643,13620,0,29.842970176506388,0.0,0
Kothrud,University,6,5,0,1090,8057,0,26.6102752293578,0.0,1
Kothrud,University,6,5,1,1358,9741,0,25.822974963181142,0.0,0
Kothrud,University,6,5,2,1682,13520,0,28.936979785969086,0.0,0
Kothrud,University,8,5,0,1312,8057,0,22.107621951219517,0.0,1
Kothrud,University,8,5,1,1568,9546,0,21.91683673469388,0.0,0
Kothrud,University,8,5,2,1853,13599,0,26.420075553157044,0.0,0
Kothrud,University,10,5,0,1491,8057,0,19.453521126760563,0.0,1
Kothrud,University,10,5,1,1779,9546,0,19.317369308600338,0.0,0
Kothrud,University,10,5,2,1965,13599,0,24.914198473282447,0.0,0
Kothrud,University,12,5,0,1576,8057,0,18.404314720812184,0.0,1
Kothrud,University,12,5,1,2029,13599,0,24.128339083292264,0.0,0
Kothrud,University,12,5,2,1992,9675,0,17.484939759036145,0.0,0
Kothrud,University,14,5,0,1434,8057,0,20.226778242677828,0.0,1
Kothrud,University,14,5,1,1888,13620,0,25.970338983050844,0.0,0
Kothrud,University,14,5,2,1860,9741,0,18.85354838709677,0.0,0
Kothrud,University,16,5,0,1456,8057,0,19.92115384615385,0.0,1
Kothrud,University,16,5,1,1896,13620,0,25.860759493670887,0.0,0
Kothrud,University,16,5,2,1845,9546,0,18.626341463414636,0.0,0
Kothrud,University,18,5,0,1670,7979,0,17.200239520958082,0.0,1
Kothrud,University,18,5,1,2089,13599,0,23.435327908089995,0.0,0
Kothrud,University,18,5,2,2157,9680,0,16.1557719054242,0.0,0
Kothrud,University,20,5,0,1462,8057,0,19.83939808481532,0.0,1
Kothrud,University,20,5,1,1787,9675,0,19.490766648013437,0.0,0
Kothrud,University,20,5,2,2025,13599,0,24.176,0.0,0
Kothrud,University,22,5,0,1066,8057,0,27.209380863039403,0.0,1
Kothrud,University,22,5,1,1326,9741,0,26.446153846153845,0.0,0
Kothrud,University,22,5,2,1643,13620,0,29.842970176506388,0.0,0
Kothrud,University,0,6,0,1066,8057,0,27.209380863039403,0.0,1
Kothrud,University,0,6,1,1326,9741,0,26.446153846153845,0.0,0
Kothrud,University,0,6,2,1643,13620,0,29.842970176506388,0.0,0
Kothrud,University,6,6,0,1089,8057,0,26.63471074380165,0.0,1
Kothrud,University,6,6,1,1356,9741,0,25.86106194690265,0.0,0
Kothrud,University,6,6,2,1667,13620,0,29.413317336532693,0.0,0
Kothrud,University,8,6,0,1327,8057,0,21.85772418990204,0.0,1
Kothrud,University,8,6,1,1584,9546,0,21.695454545454545,0.0,0
Kothrud,University,8,6,2,1880,13599,0,26.040638297872334,0.0,0
Kothrud,University,10,6,0,1537,8057,0,18.87130774235524,0.0,1
Kothrud,University,10,6,1,1838,9546,0,18.69727965179543,0.0,0
Kothrud,University,10,6,2,2018,13599,0,24.259861248761148,0.0,0
Kothrud,University,12,6,0,1612,8057,0,17.993300248138958,0.0,1
Kothrud,University,12,6,1,2077,13599,0,23.570727010110737,0.0,0
Kothrud,University,12,6,2,2067,9675,0,16.850507982583455,0.0,0
Kothrud,University,14,6,0,1455,8057,0,19.934845360824745,0.0,1
Kothrud,University,14,6,1,1895,13620,0,25.874406332453823,0.0,0
Kothrud,University,14,6,2,1898,9741,0,18.47608008429926,0.0,0
Kothrud,University,16,6,0,1496,8057,0,19.388502673796797,0.0,1
Kothrud,University,16,6,1,1939,13620,0,25.287261474987105,0.0,0
Kothrud,University,16,6,2,1892,9546,0,18.163636363636364,0.0,0
Kothrud,University,18,6,0,1705,7979,0,16.847155425219942,0.0,1
Kothrud,University,18,6,1,2187,13599,0,22.385185185185183,0.0,0
Kothrud,University,18,6,2,2228,9680,0,15.64093357271095,0.0,0
Kothrud,University,20,6,0,1461,8057,0,19.852977412731008,0.0,1
Kothrud,University,20,6,1,1828,9675,0,19.05361050328228,0.0,0
Kothrud,University,20,6,2,2053,13599,0,23.846273745737943,0.0,0
Kothrud,University,22,6,0,1066,8057,0,27.209380863039403,0.0,1
Kothrud,University,22,6,1,1326,9741,0,26.446153846153845,0.0,0
Kothrud,University,22,6,2,1643,13620,0,29.842970176506388,0.0,0
Hadapsar,Swargate,0,0,0,1034,8486,0,29.545067698259192,0.0,1
Hadapsar,Swargate,0,0,1,1690,12131,0,25.841183431952665,0.0,0
Hadapsar,Swargate,0,0,2,1718,11129,0,23.32037252619325,0.0,0
Hadapsar,Swargate,6,0,0,1058,8486,0,28.874858223062382,0.0,1
Hadapsar,Swargate,6,0,1,1727,12131,0,25.287550665894617,0.0,0
Hadapsar,Swargate,6,0,2,1743,11129,0,22.98588640275387,0.0,0
Hadapsar,Swargate,8,0,0,1338,8486,0,22.832286995515695,0.0,1
Hadapsar,Swargate,8,0,1,1911,11129,0,20.965149136577704,0.0,0
Hadapsar,Swargate,8,0,2,2026,12146,0,21.5822309970385,0.0,0
Hadapsar,Swargate,10,0,0,1522,8486,0,20.072010512483576,0.0,1
Hadapsar,Swargate,10,0,1,2066,11129,0,19.39225556631171,0.0,0
Hadapsar,Swargate,10,0,2,2219,11695,0,18.973411446597567,0.0,0
Hadapsar,Swargate,12,0,0,1597,8486,0,19.129367564182843,0.0,1
Hadapsar,Swargate,12,0,1,2203,11202,0,18.30558329550613,0.0,0
Hadapsar,Swargate,12,0,2,2376,11695,0,17.71969696969697,0.0,0
Hadapsar,Swargate,14,0,0,1434,8486,0,21.30376569037657,0.0,1
Hadapsar,Swargate,14,0,1,1603,9613,0,21.58877105427324,0.0,0
Hadapsar,Swargate,14,0,2,2163,11764,0,19.579472954230237,0.0,0
Hadapsar,Swargate,16,0,0,1525,8486,0,20.032524590163938,0.0,1
Hadapsar,Swargate,16,0,1,2177,11202,0,18.52420762517225,0.0,0
Hadapsar,Swargate,16,0,2,1693,9613,0,20.441110454813938,0.0,0
Hadapsar,Swargate,18,0,0,1802,8486,0,16.953163152053275,0.0,1
Hadapsar,Swargate,18,0,1,2288,11110,0,17.48076923076923,0.0,0
Hadapsar,Swargate,18,0,2,2541,11695,0,16.569067296340023,0.0,0
Hadapsar,Swargate,20,0,0,1456,8486,0,20.981868131868133,0.0,1
Hadapsar,Swargate,20,0,1,2081,11626,0,20.112253724171072,0.0,0
Hadapsar,Swargate,20,0,2,1611,9613,0,21.481564245810056,0.0,0
Hadapsar,Swargate,22,0,0,1034,8486,0,29.545067698259192,0.0,1
Hadapsar,Swargate,22,0,1,1690,12131,0,25.841183431952665,0.0,0
Hadapsar,Swargate,22,0,2,1718,11129,0,23.32037252619325,0.0,0
Hadapsar,Swargate,0,1,0,1034,8486,0,29.545067698259192,0.0,1
Hadapsar,Swargate,0,1,1,1690,12131,0,25.841183431952665,0.0,0
Hadapsar,Swargate,0,1,2,1718,11129,0,23.32037252619325,0.0,0
Hadapsar,Swargate,6,1,0,1058,8486,0,28.874858223062382,0.0,1
Hadapsar,Swargate,6,1,1,1723,12131,0,25.346256529309347,0.0,0
Hadapsar,Swargate,6,1,2,1741,11129,0,23.01229178632969,0.0,0
Hadapsar,Swargate,8,1,0,1315,8486,0,23.231634980988595,0.0,1
Hadapsar,Swargate,8,1,1,1906,11626,0,21.958866736621196,0.0,0
Hadapsar,Swargate,8,1,2,1472,9613,0,23.510054347826085,0.0,0
Hadapsar,Swargate,10,1,0,1519,8486,0,20.111652402896645,0.0,1
Hadapsar,Swargate,10,1,1,2066,11129,0,19.39225556631171,0.0,0
Hadapsar,Swargate,10,1,2,2173,11695,0,19.375057524160148,0.0,0
Hadapsar,Swargate,12,1,0,1596,8486,0,19.141353383458647,0.0,1
Hadapsar,Swargate,12,1,1,2208,11202,0,18.26413043478261,0.0,0
Hadapsar,Swargate,12,1,2,2348,11695,0,17.93100511073254,0.0,0
Hadapsar,Swargate,14,1,0,1429,8486,0,21.378306508047583,0.0,1
Hadapsar,Swargate,14,1,1,1608,9613,0,21.52164179104477,0.0,0
Hadapsar,Swargate,14,1,2,2146,11764,0,19.73457595526561,0.0,0
Hadapsar,Swargate,16,1,0,1514,8486,0,20.178071334214003,0.0,1
Hadapsar,Swargate,16,1,1,2175,11764,0,19.47144827586207,0.0,0
Hadapsar,Swargate,16,1,2,1675,9613,0,20.660776119402986,0.0,0
Hadapsar,Swargate,18,1,0,1716,8486,0,17.802797202797205,0.0,1
Hadapsar,Swargate,18,1,1,2249,11110,0,17.78390395731436,0.0,0
Hadapsar,Swargate,18,1,2,2503,11695,0,16.820615261685976,0.0,0
Hadapsar,Swargate,20,1,0,1425,8486,0,21.438315789473688,0.0,1
Hadapsar,Swargate,20,1,1,2019,11766,0,20.979494799405646,0.0,0
Hadapsar,Swargate,20,1,2,1590,9613,0,21.76528301886792,0.0,0
Hadapsar,Swargate,22,1,0,1034,8486,0,29.545067698259192,0.0,1
Hadapsar,Swargate,22,1,1,1690,12131,0,25.841183431952665,0.0,0
Hadapsar,Swargate,22,1,2,1718,11129,0,23.32037252619325,0.0,0
Hadapsar,Swargate,0,2,0,1034,8486,0,29.545067698259192,0.0,1
Hadapsar,Swargate,0,2,1,1690,12131,0,25.841183431952665,0.0,0
Hadapsar,Swargate,0,2,2,1718,11129,0,23.32037252619325,0.0,0
Hadapsar,Swargate,6,2,0,1057,8486,0,28.902175969725644,0.0,1
Hadapsar,Swargate,6,2,1,1722,12131,0,25.3609756097561,0.0,0
Hadapsar,Swargate,6,2,2,1741,11129,0,23.01229178632969,0.0,0
Hadapsar,Swargate,8,2,0,1320,8486,0,23.143636363636368,0.0,1
Hadapsar,Swargate,8,2,1,1900,11626,0,22.02821052631579,0.0,0
Hadapsar,Swargate,8,2,2,1470,9613,0,23.54204081632653,0.0,0
Hadapsar,Swargate,10,2,0,1500,8486,0,20.3664,0.0,1
Hadapsar,Swargate,10,2,1,2074,11626,0,20.1801350048216,0.0,0
Hadapsar,Swargate,10,2,2,1879,10475,0,20.0691857370942,0.0,0
Hadapsar,Swargate,12,2,0,1591,8486,0,19.201508485229414,0.0,1
Hadapsar,Swargate,12,2,1,2212,11764,0,19.145750452079564,0.0,0
Hadapsar,Swargate,12,2,2,1941,10475,0,19.42812982998454,0.0,0
Hadapsar,Swargate,14,2,0,1432,8486,0,21.333519553072627,0.0,1
Hadapsar,Swargate,14,2,1,2125,11764,0,19.9296,0.0,0
Hadapsar,Swargate,14,2,2,1600,9613,0,21.62925,0.0,0
Hadapsar,Swargate,16,2,0,1515,8486,0,20.164752475247525,0.0,1
Hadapsar,Swargate,16,2,1,2170,11764,0,19.5163133640553,0.0,0
Hadapsar,Swargate,16,2,2,1674,9613,0,20.67311827956989,0.0,0
Hadapsar,Swargate,18,2,0,1758,8486,0,17.37747440273038,0.0,1
Hadapsar,Swargate,18,2,1,2330,11764,0,18.176137339055792,0.0,0
Hadapsar,Swargate,18,2,2,2108,10475,0,17.888994307400377,0.0,0
Hadapsar,Swargate,20,2,0,1457,8486,0,20.967467398764587,0.0,1
Hadapsar,Swargate,20,2,1,2011,11766,0,21.06295375435107,0.0,0
Hadapsar,Swargate,20,2,2,1615,9613,0,21.42835913312693,0.0,0
Hadapsar,Swargate,22,2,0,1034,8486,0,29.545067698259192,0.0,1
Hadapsar,Swargate,22,2,1,1690,12131,0,25.841183431952665,0.0,0
Hadapsar,Swargate,22,2,2,1718,11129,0,23.32037252619325,0.0,0
Hadapsar,Swargate,0,3,0,1034,8486,0,29.545067698259192,0.0,1
Hadapsar,Swargate,0,3,1,1690,12131,0,25.841183431952665,0.0,0
Hadapsar,Swargate,0,3,2,1718,11129,0,23.32037252619325,0.0,0
Hadapsar,Swargate,6,3,0,1057,8486,0,28.902175969725644,0.0,1
Hadapsar,Swargate,6,3,1,1721,12131,0,25.37571179546775,0.0,0
Hadapsar,Swargate,6,3,2,1744,11129,0,22.972706422018348,0.0,0
Hadapsar,Swargate,8,3,0,1191,8486,0,25.65037783375315,0.0,1
Hadapsar,Swargate,8,3,1,1372,9613,0,25.22361516034985,0.0,0
Hadapsar,Swargate,8,3,2,1874,12146,0,23.33276414087513,0.0,0
Hadapsar,Swargate,10,3,0,1364,8486,0,22.397067448680357,0.0,1
Hadapsar,Swargate,10,3,1,1977,11626,0,21.170257966616084,0.0,0
Hadapsar,Swargate,10,3,2,1524,9613,0,22.70787401574803,0.0,0
Hadapsar,Swargate,12,3,0,1533,8486,0,19.9279843444227,0.0,1
Hadapsar,Swargate,12,3,1,2113,11764,0,20.04278277330809,0.0,0
Hadapsar,Swargate,12,3,2,1679,9613,0,20.61155449672424,0.0,0
Hadapsar,Swargate,14,3,0,1536,8486,0,19.8890625,0.0,1
Hadapsar,Swargate,14,3,1,2118,11764,0,19.995467422096315,0.0,0
Hadapsar,Swargate,14,3,2,1683,9613,0,20.562566844919782,0.0,0
Hadapsar,Swargate,16,3,0,1604,8486,0,19.045885286783044,0.0,1
Hadapsar,Swargate,16,3,1,2139,11764,0,19.79915848527349,0.0,0
Hadapsar,Swargate,16,3,2,2035,11064,0,19.57267813267813,0.0,0
Hadapsar,Swargate,18,3,0,1624,8486,0,18.811330049261084,0.0,1
Hadapsar,Swargate,18,3,1,2176,11764,0,19.4625,0.0,0
Hadapsar,Swargate,18,3,2,1911,10290,0,19.38461538461538,0.0,0
Hadapsar,Swargate,20,3,0,1365,8486,0,22.380659340659346,0.0,1
Hadapsar,Swargate,20,3,1,2020,11626,0,20.71960396039604,0.0,0
Hadapsar,Swargate,20,3,2,1538,9613,0,22.50117035110533,0.0,0
Hadapsar,Swargate,22,3,0,1034,8486,0,29.545067698259192,0.0,1
Hadapsar,Swargate,22,3,1,1690,12131,0,25.841183431952665,0.0,0
Hadapsar,Swargate,22,3,2,1718,11129,0,23.32037252619325,0.0,0
Hadapsar,Swargate,0,4,0,1034,8486,0,29.545067698259192,0.0,1
Hadapsar,Swargate,0,4,1,1690,12131,0,25.841183431952665,0.0,0
Hadapsar,Swargate,0,4,2,1718,11129,0,23.32037252619325,0.0,0
Hadapsar,Swargate,6,4,0,1049,8486,0,29.12259294566254,0.0,1
Hadapsar,Swargate,6,4,1,1714,12131,0,25.479346557759627,0.0,0
Hadapsar,Swargate,6,4,2,1737,11129,0,23.065284974093263,0.0,0
Hadapsar,Swargate,8,4,0,1116,8486,0,27.374193548387098,0.0,1
Hadapsar,Swargate,8,4,1,1309,9613,0,26.437585943468296,0.0,0
Hadapsar,Swargate,8,4,2,1808,12146,0,24.184513274336283,0.0,0
Hadapsar,Swargate,10,4,0,1195,8486,0,25.564518828451885,0.0,1
Hadapsar,Swargate,10,4,1,1763,11766,0,24.025865002836078,0.0,0
Hadapsar,Swargate,10,4,2,1376,9613,0,25.150290697674414,0.0,0
Hadapsar,Swargate,12,4,0,1292,8486,0,23.645201238390097,0.0,1
Hadapsar,Swargate,12,4,1,1915,11626,0,21.855665796344645,0.0,0
Hadapsar,Swargate,12,4,2,1460,9613,0,23.703287671232875,0.0,0
Hadapsar,Swargate,14,4,0,1305,8486,0,23.4096551724138,0.0,1
Hadapsar,Swargate,14,4,1,1947,11807,0,21.83112480739599,0.0,0
Hadapsar,Swargate,14,4,2,1474,9613,0,23.47815468113976,0.0,0
Hadapsar,Swargate,16,4,0,1360,8486,0,22.46294117647059,0.0,1
Hadapsar,Swargate,16,4,1,1991,11764,0,21.270919136112507,0.0,0
Hadapsar,Swargate,16,4,2,1521,9613,0,22.75266272189349,0.0,0
Hadapsar,Swargate,18,4,0,1426,8486,0,21.42328190743338,0.0,1
Hadapsar,Swargate,18,4,1,2039,11764,0,20.770181461500734,0.0,0
Hadapsar,Swargate,18,4,2,1585,9613,0,21.833943217665613,0.0,0
Hadapsar,Swargate,20,4,0,1268,8486,0,24.09274447949527,0.0,1
Hadapsar,Swargate,20,4,1,1861,11766,0,22.760666308436324,0.0,0
Hadapsar,Swargate,20,4,2,1443,9613,0,23.98253638253638,0.0,0
Hadapsar,Swargate,22,4,0,1034,8486,0,29.545067698259192,0.0,1
Hadapsar,Swargate,22,4,1,1690,12131,0,25.841183431952665,0.0,0
Hadapsar,Swargate,22,4,2,1718,11129,0,23.32037252619325,0.0,0
Hadapsar,Swargate,0,5,0,1034,8486,0,29.545067698259192,0.0,1
Hadapsar,Swargate,0,5,1,1690,12131,0,25.841183431952665,0.0,0
Hadapsar,Swargate,0,5,2,1718,11129,0,23.32037252619325,0.0,0
Hadapsar,Swargate,6,5,0,1059,8486,0,28.847592067988668,0.0,1
Hadapsar,Swargate,6,5,1,1724,12131,0,25.33155452436195,0.0,0
Hadapsar,Swargate,6,5,2,1742,11129,0,22.999081515499427,0.0,0
Hadapsar,Swargate,8,5,0,1361,8486,0,22.44643644379133,0.0,1
Hadapsar,Swargate,8,5,1,1911,11626,0,21.90141287284144,0.0,0
Hadapsar,Swargate,8,5,2,1512,9613,0,22.88809523809524,0.0,0
Hadapsar,Swargate,10,5,0,1532,8486,0,19.94099216710183,0.0,1
Hadapsar,Swargate,10,5,1,2057,11129,0,19.47710257656782,0.0,0
Hadapsar,Swargate,10,5,2,2167,11695,0,19.42870327641901,0.0,0
Hadapsar,Swargate,12,5,0,1592,8486,0,19.189447236180904,0.0,1
Hadapsar,Swargate,12,5,1,2197,11202,0,18.355575785161584,0.0,0
Hadapsar,Swargate,12,5,2,2341,11695,0,17.984621956428878,0.0,0
Hadapsar,Swargate,14,5,0,1409,8486,0,21.681760113555715,0.0,1
Hadapsar,Swargate,14,5,1,1573,9613,0,22.000508582326763,0.0,0
Hadapsar,Swargate,14,5,2,2148,11764,0,19.716201117318437,0.0,0
Hadapsar,Swargate,16,5,0,1494,8486,0,20.44819277108434,0.0,1
Hadapsar,Swargate,16,5,1,2181,11764,0,19.41788170563961,0.0,0
Hadapsar,Swargate,16,5,2,1651,9613,0,20.961114476075103,0.0,0
Hadapsar,Swargate,18,5,0,1767,8486,0,17.288964346349747,0.0,1
Hadapsar,Swargate,18,5,1,2263,11110,0,17.673884224480776,0.0,0
Hadapsar,Swargate,18,5,2,2499,11695,0,16.84753901560624,0.0,0
Hadapsar,Swargate,20,5,0,1436,8486,0,21.27409470752089,0.0,1
Hadapsar,Swargate,20,5,1,2094,11626,0,19.987392550143262,0.0,0
Hadapsar,Swargate,20,5,2,1595,9613,0,21.69705329153605,0.0,0
Hadapsar,Swargate,22,5,0,1034,8486,0,29.545067698259192,0.0,1
Hadapsar,Swargate,22,5,1,1690,12131,0,25.841183431952665,0.0,0
Hadapsar,Swargate,22,5,2,1718,11129,0,23.32037252619325,0.0,0
Hadapsar,Swargate,0,6,0,1035,8486,0,29.51652173913044,0.0,1
Hadapsar,Swargate,0,6,1,1691,12131,0,25.825901833234774,0.0,0
Hadapsar,Swargate,0,6,2,1719,11129,0,23.306806282722512,0.0,0
Hadapsar,Swargate,6,6,0,1064,8486,0,28.71203007518797,0.0,1
Hadapsar,Swargate,6,6,1,1731,12131,0,25.229116117850957,0.0,0
Hadapsar,Swargate,6,6,2,1745,11129,0,22.959541547277937,0.0,0
Hadapsar,Swargate,8,6,0,1392,8486,0,21.946551724137933,0.0,1
Hadapsar,Swargate,8,6,1,1913,11129,0,20.94323052796654,0.0,0
Hadapsar,Swargate,8,6,2,2040,12146,0,21.434117647058827,0.0,0
Hadapsar,Swargate,10,6,0,1589,8486,0,19.225676526117056,0.0,1
Hadapsar,Swargate,10,6,1,2095,11129,0,19.123818615751787,0.0,0
Hadapsar,Swargate,10,6,2,2245,11695,0,18.753674832962137,0.0,0
Hadapsar,Swargate,12,6,0,1639,8486,0,18.639170225747407,0.0,1
Hadapsar,Swargate,12,6,1,2238,11202,0,18.01930294906166,0.0,0
Hadapsar,Swargate,12,6,2,2395,11695,0,17.57912317327766,0.0,0
Hadapsar,Swargate,14,6,0,1460,8486,0,20.92438356164384,0.0,1
Hadapsar,Swargate,14,6,1,1633,9613,0,21.192161665646047,0.0,0
Hadapsar,Swargate,14,6,2,2183,11764,0,19.40009161704077,0.0,0
Hadapsar,Swargate,16,6,0,1567,8486,0,19.49559668155712,0.0,1
Hadapsar,Swargate,16,6,1,2184,11202,0,18.464835164835165,0.0,0
Hadapsar,Swargate,16,6,2,1728,9613,0,20.027083333333334,0.0,0
Hadapsar,Swargate,18,6,0,1827,8486,0,16.721182266009855,0.0,1
Hadapsar,Swargate,18,6,1,2296,11110,0,17.419860627177698,0.0,0
Hadapsar,Swargate,18,6,2,2574,11695,0,16.356643356643357,0.0,0
Hadapsar,Swargate,20,6,0,1445,8486,0,21.14159169550173,0.0,1
Hadapsar,Swargate,20,6,1,2085,11626,0,20.0736690647482,0.0,0
Hadapsar,Swargate,20,6,2,1607,9613,0,21.535034225264468,0.0,0
Hadapsar,Swargate,22,6,0,1035,8486,0,29.51652173913044,0.0,1
Hadapsar,Swargate,22,6,1,1691,12131,0,25.825901833234774,0.0,0
Hadapsar,Swargate,22,6,2,1719,11129,0,23.306806282722512,0.0,0
Hadapsar,Swargate,0,0,0,1034,8486,0,29.545067698259192,0.0,1
Hadapsar,Swargate,0,0,1,1690,12131,0,25.841183431952665,0.0,0
Hadapsar,Swargate,0,0,2,1718,11129,0,23.32037252619325,0.0,0
Hadapsar,Swargate,6,0,0,1058,8486,0,28.874858223062382,0.0,1
Hadapsar,Swargate,6,0,1,1727,12131,0,25.287550665894617,0.0,0
Hadapsar,Swargate,6,0,2,1743,11129,0,22.98588640275387,0.0,0
Hadapsar,Swargate,8,0,0,1338,8486,0,22.832286995515695,0.0,1
Hadapsar,Swargate,8,0,1,1911,11129,0,20.965149136577704,0.0,0
Hadapsar,Swargate,8,0,2,2026,12146,0,21.5822309970385,0.0,0
Hadapsar,Swargate,10,0,0,1522,8486,0,20.072010512483576,0.0,1
Hadapsar,Swargate,10,0,1,2066,11129,0,19.39225556631171,0.0,0
Hadapsar,Swargate,10,0,2,2219,11695,0,18.973411446597567,0.0,0
Hadapsar,Swargate,12,0,0,1597,8486,0,19.129367564182843,0.0,1
Hadapsar,Swargate,12,0,1,2203,11202,0,18.30558329550613,0.0,0
Hadapsar,Swargate,12,0,2,2376,11695,0,17.71969696969697,0.0,0
Hadapsar,Swargate,14,0,0,1434,8486,0,21.30376569037657,0.0,1
Hadapsar,Swargate,14,0,1,1603,9613,0,21.58877105427324,0.0,0
Hadapsar,Swargate,14,0,2,2163,11764,0,19.579472954230237,0.0,0
Hadapsar,Swargate,16,0,0,1525,8486,0,20.032524590163938,0.0,1
Hadapsar,Swargate,16,0,1,2177,11202,0,18.52420762517225,0.0,0
Hadapsar,Swargate,16,0,2,1693,9613,0,20.441110454813938,0.0,0
Hadapsar,Swargate,18,0,0,1802,8486,0,16.953163152053275,0.0,1
Hadapsar,Swargate,18,0,1,2288,11110,0,17.48076923076923,0.0,0
Hadapsar,Swargate,18,0,2,2541,11695,0,16.569067296340023,0.0,0
Hadapsar,Swargate,20,0,0,1456,8486,0,20.981868131868133,0.0,1
Hadapsar,Swargate,20,0,1,2081,11626,0,20.112253724171072,0.0,0
Hadapsar,Swargate,20,0,2,1611,9613,0,21.481564245810056,0.0,0
Hadapsar,Swargate,22,0,0,1034,8486,0,29.545067698259192,0.0,1
Hadapsar,Swargate,22,0,1,1690,12131,0,25.841183431952665,0.0,0
Hadapsar,Swargate,22,0,2,1718,11129,0,23.32037252619325,0.0,0
Hadapsar,Swargate,0,1,0,1034,8486,0,29.545067698259192,0.0,1
Hadapsar,Swargate,0,1,1,1690,12131,0,25.841183431952665,0.0,0
Hadapsar,Swargate,0,1,2,1718,11129,0,23.32037252619325,0.0,0
Hadapsar,Swargate,6,1,0,1058,8486,0,28.874858223062382,0.0,1
Hadapsar,Swargate,6,1,1,1723,12131,0,25.346256529309347,0.0,0
Hadapsar,Swargate,6,1,2,1741,11129,0,23.01229178632969,0.0,0
Hadapsar,Swargate,8,1,0,1315,8486,0,23.231634980988595,0.0,1
Hadapsar,Swargate,8,1,1,1906,11626,0,21.958866736621196,0.0,0
Hadapsar,Swargate,8,1,2,1472,9613,0,23.510054347826085,0.0,0
Hadapsar,Swargate,10,1,0,1519,8486,0,20.111652402896645,0.0,1
Hadapsar,Swargate,10,1,1,2066,11129,0,19.39225556631171,0.0,0
Hadapsar,Swargate,10,1,2,2173,11695,0,19.375057524160148,0.0,0
Hadapsar,Swargate,12,1,0,1596,8486,0,19.141353383458647,0.0,1
Hadapsar,Swargate,12,1,1,2208,11202,0,18.26413043478261,0.0,0
Hadapsar,Swargate,12,1,2,2348,11695,0,17.93100511073254,0.0,0
Hadapsar,Swargate,14,1,0,1429,8486,0,21.378306508047583,0.0,1
Hadapsar,Swargate,14,1,1,1608,9613,0,21.52164179104477,0.0,0
Hadapsar,Swargate,14,1,2,2146,11764,0,19.73457595526561,0.0,0
Hadapsar,Swargate,16,1,0,1514,8486,0,20.178071334214003,0.0,1
Hadapsar,Swargate,16,1,1,2175,11764,0,19.47144827586207,0.0,0
Hadapsar,Swargate,16,1,2,1675,9613,0,20.660776119402986,0.0,0
Hadapsar,Swargate,18,1,0,1716,8486,0,17.802797202797205,0.0,1
Hadapsar,Swargate,18,1,1,2249,11110,0,17.78390395731436,0.0,0
Hadapsar,Swargate,18,1,2,2503,11695,0,16.820615261685976,0.0,0
Hadapsar,Swargate,20,1,0,1425,8486,0,21.438315789473688,0.0,1
Hadapsar,Swargate,20,1,1,2019,11766,0,20.979494799405646,0.0,0
Hadapsar,Swargate,20,1,2,1590,9613,0,21.76528301886792,0.0,0
Hadapsar,Swargate,22,1,0,1034,8486,0,29.545067698259192,0.0,1
Hadapsar,Swargate,22,1,1,1690,12131,0,25.841183431952665,0.0,0
Hadapsar,Swargate,22,1,2,1718,11129,0,23.32037252619325,0.0,0
Hadapsar,Swargate,0,2,0,1034,8486,0,29.545067698259192,0.0,1
Hadapsar,Swargate,0,2,1,1690,12131,0,25.841183431952665,0.0,0
Hadapsar,Swargate,0,2,2,1718,11129,0,23.32037252619325,0.0,0
Hadapsar,Swargate,6,2,0,1057,8486,0,28.902175969725644,0.0,1
Hadapsar,Swargate,6,2,1,1722,12131,0,25.3609756097561,0.0,0
Hadapsar,Swargate,6,2,2,1741,11129,0,23.01229178632969,0.0,0
Hadapsar,Swargate,8,2,0,1320,8486,0,23.143636363636368,0.0,1
Hadapsar,Swargate,8,2,1,1900,11626,0,22.02821052631579,0.0,0
Hadapsar,Swargate,8,2,2,1470,9613,0,23.54204081632653,0.0,0
Hadapsar,Swargate,10,2,0,1500,8486,0,20.3664,0.0,1
Hadapsar,Swargate,10,2,1,2074,11626,0,20.1801350048216,0.0,0
Hadapsar,Swargate,10,2,2,1879,10475,0,20.0691857370942,0.0,0
Hadapsar,Swargate,12,2,0,1591,8486,0,19.201508485229414,0.0,1
Hadapsar,Swargate,12,2,1,2212,11764,0,19.145750452079564,0.0,0
Hadapsar,Swargate,12,2,2,1941,10475,0,19.42812982998454,0.0,0
Hadapsar,Swargate,14,2,0,1432,8486,0,21.333519553072627,0.0,1
Hadapsar,Swargate,14,2,1,2125,11764,0,19.9296,0.0,0
Hadapsar,Swargate,14,2,2,1600,9613,0,21.62925,0.0,0
Hadapsar,Swargate,16,2,0,1515,8486,0,20.164752475247525,0.0,1
Hadapsar,Swargate,16,2,1,2170,11764,0,19.5163133640553,0.0,0
Hadapsar,Swargate,16,2,2,1674,9613,0,20.67311827956989,0.0,0
Hadapsar,Swargate,18,2,0,1758,8486,0,17.37747440273038,0.0,1
Hadapsar,Swargate,18,2,1,2330,11764,0,18.176137339055792,0.0,0
Hadapsar,Swargate,18,2,2,2108,10475,0,17.888994307400377,0.0,0
Hadapsar,Swargate,20,2,0,1457,8486,0,20.967467398764587,0.0,1
Hadapsar,Swargate,20,2,1,2011,11766,0,21.06295375435107,0.0,0
Hadapsar,Swargate,20,2,2,1615,9613,0,21.42835913312693,0.0,0
Hadapsar,Swargate,22,2,0,1034,8486,0,29.545067698259192,0.0,1
Hadapsar,Swargate,22,2,1,1690,12131,0,25.841183431952665,0.0,0
Hadapsar,Swargate,22,2,2,1718,11129,0,23.32037252619325,0.0,0
Hadapsar,Swargate,0,3,0,1034,8486,0,29.545067698259192,0.0,1
Hadapsar,Swargate,0,3,1,1690,12131,0,25.841183431952665,0.0,0
Hadapsar,Swargate,0,3,2,1718,11129,0,23.32037252619325,0.0,0
Hadapsar,Swargate,6,3,0,1057,8486,0,28.902175969725644,0.0,1
Hadapsar,Swargate,6,3,1,1721,12131,0,25.37571179546775,0.0,0
Hadapsar,Swargate,6,3,2,1744,11129,0,22.972706422018348,0.0,0
Hadapsar,Swargate,8,3,0,1191,8486,0,25.65037783375315,0.0,1
Hadapsar,Swargate,8,3,1,1372,9613,0,25.22361516034985,0.0,0
Hadapsar,Swargate,8,3,2,1874,12146,0,23.33276414087513,0.0,0
Hadapsar,Swargate,10,3,0,1364,8486,0,22.397067448680357,0.0,1
Hadapsar,Swargate,10,3,1,1977,11626,0,21.170257966616084,0.0,0
Hadapsar,Swargate,10,3,2,1524,9613,0,22.70787401574803,0.0,0
Hadapsar,Swargate,12,3,0,1533,8486,0,19.9279843444227,0.0,1
Hadapsar,Swargate,12,3,1,2113,11764,0,20.04278277330809,0.0,0
Hadapsar,Swargate,12,3,2,1679,9613,0,20.61155449672424,0.0,0
Hadapsar,Swargate,14,3,0,1536,8486,0,19.8890625,0.0,1
Hadapsar,Swargate,14,3,1,2118,11764,0,19.995467422096315,0.0,0
Hadapsar,Swargate,14,3,2,1683,9613,0,20.562566844919782,0.0,0
Hadapsar,Swargate,16,3,0,1604,8486,0,19.045885286783044,0.0,1
Hadapsar,Swargate,16,3,1,2139,11764,0,19.79915848527349,0.0,0
Hadapsar,Swargate,16,3,2,2035,11064,0,19.57267813267813,0.0,0
Hadapsar,Swargate,18,3,0,1624,8486,0,18.811330049261084,0.0,1
Hadapsar,Swargate,18,3,1,2176,11764,0,19.4625,0.0,0
Hadapsar,Swargate,18,3,2,1911,10290,0,19.38461538461538,0.0,0
Hadapsar,Swargate,20,3,0,1365,8486,0,22.380659340659346,0.0,1
Hadapsar,Swargate,20,3,1,2020,11626,0,20.71960396039604,0.0,0
Hadapsar,Swargate,20,3,2,1538,9613,0,22.50117035110533,0.0,0
Hadapsar,Swargate,22,3,0,1034,8486,0,29.545067698259192,0.0,1
Hadapsar,Swargate,22,3,1,1690,12131,0,25.841183431952665,0.0,0
Hadapsar,Swargate,22,3,2,1718,11129,0,23.32037252619325,0.0,0
Hadapsar,Swargate,0,4,0,1034,8486,0,29.545067698259192,0.0,1
Hadapsar,Swargate,0,4,1,1690,12131,0,25.841183431952665,0.0,0
Hadapsar,Swargate,0,4,2,1718,11129,0,23.32037252619325,0.0,0
Hadapsar,Swargate,6,4,0,1049,8486,0,29.12259294566254,0.0,1
Hadapsar,Swargate,6,4,1,1714,12131,0,25.479346557759627,0.0,0
Hadapsar,Swargate,6,4,2,1737,11129,0,23.065284974093263,0.0,0
Hadapsar,Swargate,8,4,0,1116,8486,0,27.374193548387098,0.0,1
Hadapsar,Swargate,8,4,1,1309,9613,0,26.437585943468296,0.0,0
Hadapsar,Swargate,8,4,2,1808,12146,0,24.184513274336283,0.0,0
Hadapsar,Swargate,10,4,0,1195,8486,0,25.564518828451885,0.0,1
Hadapsar,Swargate,10,4,1,1763,11766,0,24.025865002836078,0.0,0
Hadapsar,Swargate,10,4,2,1376,9613,0,25.150290697674414,0.0,0
Hadapsar,Swargate,12,4,0,1292,8486,0,23.645201238390097,0.0,1
Hadapsar,Swargate,12,4,1,1915,11626,0,21.855665796344645,0.0,0
Hadapsar,Swargate,12,4,2,1460,9613,0,23.703287671232875,0.0,0
Hadapsar,Swargate,14,4,0,1305,8486,0,23.4096551724138,0.0,1
Hadapsar,Swargate,14,4,1,1947,11807,0,21.83112480739599,0.0,0
Hadapsar,Swargate,14,4,2,1474,9613,0,23.47815468113976,0.0,0
Hadapsar,Swargate,16,4,0,1360,8486,0,22.46294117647059,0.0,1
Hadapsar,Swargate,16,4,1,1991,11764,0,21.270919136112507,0.0,0
Hadapsar,Swargate,16,4,2,1521,9613,0,22.75266272189349,0.0,0
Hadapsar,Swargate,18,4,0,1426,8486,0,21.42328190743338,0.0,1
Hadapsar,Swargate,18,4,1,2039,11764,0,20.770181461500734,0.0,0
Hadapsar,Swargate,18,4,2,1585,9613,0,21.833943217665613,0.0,0
Hadapsar,Swargate,20,4,0,1268,8486,0,24.09274447949527,0.0,1
Hadapsar,Swargate,20,4,1,1861,11766,0,22.760666308436324,0.0,0
Hadapsar,Swargate,20,4,2,1443,9613,0,23.98253638253638,0.0,0
Hadapsar,Swargate,22,4,0,1034,8486,0,29.545067698259192,0.0,1
Hadapsar,Swargate,22,4,1,1690,12131,0,25.841183431952665,0.0,0
Hadapsar,Swargate,22,4,2,1718,11129,0,23.32037252619325,0.0,0
Hadapsar,Swargate,0,5,0,1034,8486,0,29.545067698259192,0.0,1
Hadapsar,Swargate,0,5,1,1690,12131,0,25.841183431952665,0.0,0
Hadapsar,Swargate,0,5,2,1718,11129,0,23.32037252619325,0.0,0
Hadapsar,Swargate,6,5,0,1059,8486,0,28.847592067988668,0.0,1
Hadapsar,Swargate,6,5,1,1724,12131,0,25.33155452436195,0.0,0
Hadapsar,Swargate,6,5,2,1742,11129,0,22.999081515499427,0.0,0
Hadapsar,Swargate,8,5,0,1361,8486,0,22.44643644379133,0.0,1
Hadapsar,Swargate,8,5,1,1911,11626,0,21.90141287284144,0.0,0
Hadapsar,Swargate,8,5,2,1512,9613,0,22.88809523809524,0.0,0
Hadapsar,Swargate,10,5,0,1532,8486,0,19.94099216710183,0.0,1
Hadapsar,Swargate,10,5,1,2057,11129,0,19.47710257656782,0.0,0
Hadapsar,Swargate,10,5,2,2167,11695,0,19.42870327641901,0.0,0
Hadapsar,Swargate,12,5,0,1592,8486,0,19.189447236180904,0.0,1
Hadapsar,Swargate,12,5,1,2197,11202,0,18.355575785161584,0.0,0
Hadapsar,Swargate,12,5,2,2341,11695,0,17.984621956428878,0.0,0
Hadapsar,Swargate,14,5,0,1409,8486,0,21.681760113555715,0.0,1
Hadapsar,Swargate,14,5,1,1573,9613,0,22.000508582326763,0.0,0
Hadapsar,Swargate,14,5,2,2148,11764,0,19.716201117318437,0.0,0
Hadapsar,Swargate,16,5,0,1494,8486,0,20.44819277108434,0.0,1
Hadapsar,Swargate,16,5,1,2181,11764,0,19.41788170563961,0.0,0
Hadapsar,Swargate,16,5,2,1651,9613,0,20.961114476075103,0.0,0
Hadapsar,Swargate,18,5,0,1767,8486,0,17.288964346349747,0.0,1
Hadapsar,Swargate,18,5,1,2263,11110,0,17.673884224480776,0.0,0
Hadapsar,Swargate,18,5,2,2499,11695,0,16.84753901560624,0.0,0
Hadapsar,Swargate,20,5,0,1436,8486,0,21.27409470752089,0.0,1
Hadapsar,Swargate,20,5,1,2094,11626,0,19.987392550143262,0.0,0
Hadapsar,Swargate,20,5,2,1595,9613,0,21.69705329153605,0.0,0
Hadapsar,Swargate,22,5,0,1034,8486,0,29.545067698259192,0.0,1
Hadapsar,Swargate,22,5,1,1690,12131,0,25.841183431952665,0.0,0
Hadapsar,Swargate,22,5,2,1718,11129,0,23.32037252619325,0.0,0
Hadapsar,Swargate,0,6,0,1035,8486,0,29.51652173913044,0.0,1
Hadapsar,Swargate,0,6,1,1691,12131,0,25.825901833234774,0.0,0
Hadapsar,Swargate,0,6,2,1719,11129,0,23.306806282722512,0.0,0
Hadapsar,Swargate,6,6,0,1064,8486,0,28.71203007518797,0.0,1
Hadapsar,Swargate,6,6,1,1731,12131,0,25.229116117850957,0.0,0
Hadapsar,Swargate,6,6,2,1745,11129,0,22.959541547277937,0.0,0
Hadapsar,Swargate,8,6,0,1392,8486,0,21.946551724137933,0.0,1
Hadapsar,Swargate,8,6,1,1913,11129,0,20.94323052796654,0.0,0
Hadapsar,Swargate,8,6,2,2040,12146,0,21.434117647058827,0.0,0
Hadapsar,Swargate,10,6,0,1589,8486,0,19.225676526117056,0.0,1
Hadapsar,Swargate,10,6,1,2095,11129,0,19.123818615751787,0.0,0
Hadapsar,Swargate,10,6,2,2245,11695,0,18.753674832962137,0.0,0
Hadapsar,Swargate,12,6,0,1639,8486,0,18.639170225747407,0.0,1
Hadapsar,Swargate,12,6,1,2238,11202,0,18.01930294906166,0.0,0
Hadapsar,Swargate,12,6,2,2395,11695,0,17.57912317327766,0.0,0
Hadapsar,Swargate,14,6,0,1460,8486,0,20.92438356164384,0.0,1
Hadapsar,Swargate,14,6,1,1633,9613,0,21.192161665646047,0.0,0
Hadapsar,Swargate,14,6,2,2183,11764,0,19.40009161704077,0.0,0
Hadapsar,Swargate,16,6,0,1567,8486,0,19.49559668155712,0.0,1
Hadapsar,Swargate,16,6,1,2184,11202,0,18.464835164835165,0.0,0
Hadapsar,Swargate,16,6,2,1728,9613,0,20.027083333333334,0.0,0
Hadapsar,Swargate,18,6,0,1827,8486,0,16.721182266009855,0.0,1
Hadapsar,Swargate,18,6,1,2296,11110,0,17.419860627177698,0.0,0
Hadapsar,Swargate,18,6,2,2574,11695,0,16.356643356643357,0.0,0
Hadapsar,Swargate,20,6,0,1445,8486,0,21.14159169550173,0.0,1
Hadapsar,Swargate,20,6,1,2085,11626,0,20.0736690647482,0.0,0
Hadapsar,Swargate,20,6,2,1607,9613,0,21.535034225264468,0.0,0
Hadapsar,Swargate,22,6,0,1035,8486,0,29.51652173913044,0.0,1
Hadapsar,Swargate,22,6,1,1691,12131,0,25.825901833234774,0.0,0
Hadapsar,Swargate,22,6,2,1719,11129,0,23.306806282722512,0.0,0
Hadapsar,Swargate,0,0,0,1034,8486,0,29.545067698259192,0.0,1
Hadapsar,Swargate,0,0,1,1690,12131,0,25.841183431952665,0.0,0
Hadapsar,Swargate,0,0,2,1718,11129,0,23.32037252619325,0.0,0
Hadapsar,Swargate,6,0,0,1058,8486,0,28.874858223062382,0.0,1
Hadapsar,Swargate,6,0,1,1727,12131,0,25.287550665894617,0.0,0
Hadapsar,Swargate,6,0,2,1743,11129,0,22.98588640275387,0.0,0
Hadapsar,Swargate,8,0,0,1338,8486,0,22.832286995515695,0.0,1
Hadapsar,Swargate,8,0,1,1911,11129,0,20.965149136577704,0.0,0
Hadapsar,Swargate,8,0,2,2026,12146,0,21.5822309970385,0.0,0
Hadapsar,Swargate,10,0,0,1522,8486,0,20.072010512483576,0.0,1
Hadapsar,Swargate,10,0,1,2066,11129,0,19.39225556631171,0.0,0
Hadapsar,Swargate,10,0,2,2219,11695,0,18.973411446597567,0.0,0
Hadapsar,Swargate,12,0,0,1597,8486,0,19.129367564182843,0.0,1
Hadapsar,Swargate,12,0,1,2203,11202,0,18.30558329550613,0.0,0
Hadapsar,Swargate,12,0,2,2376,11695,0,17.71969696969697,0.0,0
Hadapsar,Swargate,14,0,0,1434,8486,0,21.30376569037657,0.0,1
Hadapsar,Swargate,14,0,1,1603,9613,0,21.58877105427324,0.0,0
Hadapsar,Swargate,14,0,2,2163,11764,0,19.579472954230237,0.0,0
Hadapsar,Swargate,16,0,0,1525,8486,0,20.032524590163938,0.0,1
Hadapsar,Swargate,16,0,1,2177,11202,0,18.52420762517225,0.0,0
Hadapsar,Swargate,16,0,2,1693,9613,0,20.441110454813938,0.0,0
Hadapsar,Swargate,18,0,0,1802,8486,0,16.953163152053275,0.0,1
Hadapsar,Swargate,18,0,1,2288,11110,0,17.48076923076923,0.0,0
Hadapsar,Swargate,18,0,2,2541,11695,0,16.569067296340023,0.0,0
Hadapsar,Swargate,20,0,0,1456,8486,0,20.981868131868133,0.0,1
Hadapsar,Swargate,20,0,1,2081,11626,0,20.112253724171072,0.0,0
Hadapsar,Swargate,20,0,2,1611,9613,0,21.481564245810056,0.0,0
Hadapsar,Swargate,22,0,0,1034,8486,0,29.545067698259192,0.0,1
Hadapsar,Swargate,22,0,1,1690,12131,0,25.841183431952665,0.0,0
Hadapsar,Swargate,22,0,2,1718,11129,0,23.32037252619325,0.0,0
Hadapsar,Swargate,0,1,0,1034,8486,0,29.545067698259192,0.0,1
Hadapsar,Swargate,0,1,1,1690,12131,0,25.841183431952665,0.0,0
Hadapsar,Swargate,0,1,2,1718,11129,0,23.32037252619325,0.0,0
Hadapsar,Swargate,6,1,0,1058,8486,0,28.874858223062382,0.0,1
Hadapsar,Swargate,6,1,1,1723,12131,0,25.346256529309347,0.0,0
Hadapsar,Swargate,6,1,2,1741,11129,0,23.01229178632969,0.0,0
Hadapsar,Swargate,8,1,0,1315,8486,0,23.231634980988595,0.0,1
Hadapsar,Swargate,8,1,1,1906,11626,0,21.958866736621196,0.0,0
Hadapsar,Swargate,8,1,2,1472,9613,0,23.510054347826085,0.0,0
Hadapsar,Swargate,10,1,0,1519,8486,0,20.111652402896645,0.0,1
Hadapsar,Swargate,10,1,1,2066,11129,0,19.39225556631171,0.0,0
Hadapsar,Swargate,10,1,2,2173,11695,0,19.375057524160148,0.0,0
Hadapsar,Swargate,12,1,0,1596,8486,0,19.141353383458647,0.0,1
Hadapsar,Swargate,12,1,1,2208,11202,0,18.26413043478261,0.0,0
Hadapsar,Swargate,12,1,2,2348,11695,0,17.93100511073254,0.0,0
Hadapsar,Swargate,14,1,0,1429,8486,0,21.378306508047583,0.0,1
Hadapsar,Swargate,14,1,1,1608,9613,0,21.52164179104477,0.0,0
Hadapsar,Swargate,14,1,2,2146,11764,0,19.73457595526561,0.0,0
Hadapsar,Swargate,16,1,0,1514,8486,0,20.178071334214003,0.0,1
Hadapsar,Swargate,16,1,1,2175,11764,0,19.47144827586207,0.0,0
Hadapsar,Swargate,16,1,2,1675,9613,0,20.660776119402986,0.0,0
Hadapsar,Swargate,18,1,0,1716,8486,0,17.802797202797205,0.0,1
Hadapsar,Swargate,18,1,1,2249,11110,0,17.78390395731436,0.0,0
Hadapsar,Swargate,18,1,2,2503,11695,0,16.820615261685976,0.0,0
Hadapsar,Swargate,20,1,0,1425,8486,0,21.438315789473688,0.0,1
Hadapsar,Swargate,20,1,1,2019,11766,0,20.979494799405646,0.0,0
Hadapsar,Swargate,20,1,2,1590,9613,0,21.76528301886792,0.0,0
Hadapsar,Swargate,22,1,0,1034,8486,0,29.545067698259192,0.0,1
Hadapsar,Swargate,22,1,1,1690,12131,0,25.841183431952665,0.0,0
Hadapsar,Swargate,22,1,2,1718,11129,0,23.32037252619325,0.0,0
Hadapsar,Swargate,0,2,0,1034,8486,0,29.545067698259192,0.0,1
Hadapsar,Swargate,0,2,1,1690,12131,0,25.841183431952665,0.0,0
Hadapsar,Swargate,0,2,2,1718,11129,0,23.32037252619325,0.0,0
Hadapsar,Swargate,6,2,0,1057,8486,0,28.902175969725644,0.0,1
Hadapsar,Swargate,6,2,1,1722,12131,0,25.3609756097561,0.0,0
Hadapsar,Swargate,6,2,2,1741,11129,0,23.01229178632969,0.0,0
Hadapsar,Swargate,8,2,0,1320,8486,0,23.143636363636368,0.0,1
Hadapsar,Swargate,8,2,1,1900,11626,0,22.02821052631579,0.0,0
Hadapsar,Swargate,8,2,2,1470,9613,0,23.54204081632653,0.0,0
Hadapsar,Swargate,10,2,0,1500,8486,0,20.3664,0.0,1
Hadapsar,Swargate,10,2,1,2074,11626,0,20.1801350048216,0.0,0
Hadapsar,Swargate,10,2,2,1879,10475,0,20.0691857370942,0.0,0
Hadapsar,Swargate,12,2,0,1591,8486,0,19.201508485229414,0.0,1
Hadapsar,Swargate,12,2,1,2212,11764,0,19.145750452079564,0.0,0
Hadapsar,Swargate,12,2,2,1941,10475,0,19.42812982998454,0.0,0
Hadapsar,Swargate,14,2,0,1432,8486,0,21.333519553072627,0.0,1
Hadapsar,Swargate,14,2,1,2125,11764,0,19.9296,0.0,0
Hadapsar,Swargate,14,2,2,1600,9613,0,21.62925,0.0,0
Hadapsar,Swargate,16,2,0,1515,8486,0,20.164752475247525,0.0,1
Hadapsar,Swargate,16,2,1,2170,11764,0,19.5163133640553,0.0,0
Hadapsar,Swargate,16,2,2,1674,9613,0,20.67311827956989,0.0,0
Hadapsar,Swargate,18,2,0,1758,8486,0,17.37747440273038,0.0,1
Hadapsar,Swargate,18,2,1,2330,11764,0,18.176137339055792,0.0,0
Hadapsar,Swargate,18,2,2,2108,10475,0,17.888994307400377,0.0,0
Hadapsar,Swargate,20,2,0,1457,8486,0,20.967467398764587,0.0,1
Hadapsar,Swargate,20,2,1,2011,11766,0,21.06295375435107,0.0,0
Hadapsar,Swargate,20,2,2,1615,9613,0,21.42835913312693,0.0,0
Hadapsar,Swargate,22,2,0,1034,8486,0,29.545067698259192,0.0,1
Hadapsar,Swargate,22,2,1,1690,12131,0,25.841183431952665,0.0,0
Hadapsar,Swargate,22,2,2,1718,11129,0,23.32037252619325,0.0,0
Hadapsar,Swargate,0,3,0,1034,8486,0,29.545067698259192,0.0,1
Hadapsar,Swargate,0,3,1,1690,12131,0,25.841183431952665,0.0,0
Hadapsar,Swargate,0,3,2,1718,11129,0,23.32037252619325,0.0,0
Hadapsar,Swargate,6,3,0,1057,8486,0,28.902175969725644,0.0,1
Hadapsar,Swargate,6,3,1,1721,12131,0,25.37571179546775,0.0,0
Hadapsar,Swargate,6,3,2,1744,11129,0,22.972706422018348,0.0,0
Hadapsar,Swargate,8,3,0,1191,8486,0,25.65037783375315,0.0,1
Hadapsar,Swargate,8,3,1,1372,9613,0,25.22361516034985,0.0,0
Hadapsar,Swargate,8,3,2,1874,12146,0,23.33276414087513,0.0,0
Hadapsar,Swargate,10,3,0,1364,8486,0,22.397067448680357,0.0,1
Hadapsar,Swargate,10,3,1,1977,11626,0,21.170257966616084,0.0,0
Hadapsar,Swargate,10,3,2,1524,9613,0,22.70787401574803,0.0,0
Hadapsar,Swargate,12,3,0,1533,8486,0,19.9279843444227,0.0,1
Hadapsar,Swargate,12,3,1,2113,11764,0,20.04278277330809,0.0,0
Hadapsar,Swargate,12,3,2,1679,9613,0,20.61155449672424,0.0,0
Hadapsar,Swargate,14,3,0,1536,8486,0,19.8890625,0.0,1
Hadapsar,Swargate,14,3,1,2118,11764,0,19.995467422096315,0.0,0
Hadapsar,Swargate,14,3,2,1683,9613,0,20.562566844919782,0.0,0
Hadapsar,Swargate,16,3,0,1604,8486,0,19.045885286783044,0.0,1
Hadapsar,Swargate,16,3,1,2139,11764,0,19.79915848527349,0.0,0
Hadapsar,Swargate,16,3,2,2035,11064,0,19.57267813267813,0.0,0
Hadapsar,Swargate,18,3,0,1624,8486,0,18.811330049261084,0.0,1
Hadapsar,Swargate,18,3,1,2176,11764,0,19.4625,0.0,0
Hadapsar,Swargate,18,3,2,1911,10290,0,19.38461538461538,0.0,0
Hadapsar,Swargate,20,3,0,1365,8486,0,22.380659340659346,0.0,1
Hadapsar,Swargate,20,3,1,2020,11626,0,20.71960396039604,0.0,0
Hadapsar,Swargate,20,3,2,1538,9613,0,22.50117035110533,0.0,0
Hadapsar,Swargate,22,3,0,1034,8486,0,29.545067698259192,0.0,1
Hadapsar,Swargate,22,3,1,1690,12131,0,25.841183431952665,0.0,0
Hadapsar,Swargate,22,3,2,1718,11129,0,23.32037252619325,0.0,0
Hadapsar,Swargate,0,4,0,1034,8486,0,29.545067698259192,0.0,1
Hadapsar,Swargate,0,4,1,1690,12131,0,25.841183431952665,0.0,0
Hadapsar,Swargate,0,4,2,1718,11129,0,23.32037252619325,0.0,0
Hadapsar,Swargate,6,4,0,1049,8486,0,29.12259294566254,0.0,1
Hadapsar,Swargate,6,4,1,1714,12131,0,25.479346557759627,0.0,0
Hadapsar,Swargate,6,4,2,1737,11129,0,23.065284974093263,0.0,0
Hadapsar,Swargate,8,4,0,1116,8486,0,27.374193548387098,0.0,1
Hadapsar,Swargate,8,4,1,1309,9613,0,26.437585943468296,0.0,0
Hadapsar,Swargate,8,4,2,1808,12146,0,24.184513274336283,0.0,0
Hadapsar,Swargate,10,4,0,1195,8486,0,25.564518828451885,0.0,1
Hadapsar,Swargate,10,4,1,1763,11766,0,24.025865002836078,0.0,0
Hadapsar,Swargate,10,4,2,1376,9613,0,25.150290697674414,0.0,0
Hadapsar,Swargate,12,4,0,1292,8486,0,23.645201238390097,0.0,1
Hadapsar,Swargate,12,4,1,1915,11626,0,21.855665796344645,0.0,0
Hadapsar,Swargate,12,4,2,1460,9613,0,23.703287671232875,0.0,0
Hadapsar,Swargate,14,4,0,1305,8486,0,23.4096551724138,0.0,1
Hadapsar,Swargate,14,4,1,1947,11807,0,21.83112480739599,0.0,0
Hadapsar,Swargate,14,4,2,1474,9613,0,23.47815468113976,0.0,0
Hadapsar,Swargate,16,4,0,1360,8486,0,22.46294117647059,0.0,1
Hadapsar,Swargate,16,4,1,1991,11764,0,21.270919136112507,0.0,0
Hadapsar,Swargate,16,4,2,1521,9613,0,22.75266272189349,0.0,0
Hadapsar,Swargate,18,4,0,1426,8486,0,21.42328190743338,0.0,1
Hadapsar,Swargate,18,4,1,2039,11764,0,20.770181461500734,0.0,0
Hadapsar,Swargate,18,4,2,1585,9613,0,21.833943217665613,0.0,0
Hadapsar,Swargate,20,4,0,1268,8486,0,24.09274447949527,0.0,1
Hadapsar,Swargate,20,4,1,1861,11766,0,22.760666308436324,0.0,0
Hadapsar,Swargate,20,4,2,1443,9613,0,23.98253638253638,0.0,0
Hadapsar,Swargate,22,4,0,1034,8486,0,29.545067698259192,0.0,1
Hadapsar,Swargate,22,4,1,1690,12131,0,25.841183431952665,0.0,0
Hadapsar,Swargate,22,4,2,1718,11129,0,23.32037252619325,0.0,0
Hadapsar,Swargate,0,5,0,1034,8486,0,29.545067698259192,0.0,1
Hadapsar,Swargate,0,5,1,1690,12131,0,25.841183431952665,0.0,0
Hadapsar,Swargate,0,5,2,1718,11129,0,23.32037252619325,0.0,0
Hadapsar,Swargate,6,5,0,1059,8486,0,28.847592067988668,0.0,1
Hadapsar,Swargate,6,5,1,1724,12131,0,25.33155452436195,0.0,0
Hadapsar,Swargate,6,5,2,1742,11129,0,22.999081515499427,0.0,0
Hadapsar,Swargate,8,5,0,1361,8486,0,22.44643644379133,0.0,1
Hadapsar,Swargate,8,5,1,1911,11626,0,21.90141287284144,0.0,0
Hadapsar,Swargate,8,5,2,1512,9613,0,22.88809523809524,0.0,0
Hadapsar,Swargate,10,5,0,1532,8486,0,19.94099216710183,0.0,1
Hadapsar,Swargate,10,5,1,2057,11129,0,19.47710257656782,0.0,0
Hadapsar,Swargate,10,5,2,2167,11695,0,19.42870327641901,0.0,0
Hadapsar,Swargate,12,5,0,1592,8486,0,19.189447236180904,0.0,1
Hadapsar,Swargate,12,5,1,2197,11202,0,18.355575785161584,0.0,0
Hadapsar,Swargate,12,5,2,2341,11695,0,17.984621956428878,0.0,0
Hadapsar,Swargate,14,5,0,1409,8486,0,21.681760113555715,0.0,1
Hadapsar,Swargate,14,5,1,1573,9613,0,22.000508582326763,0.0,0
Hadapsar,Swargate,14,5,2,2148,11764,0,19.716201117318437,0.0,0
Hadapsar,Swargate,16,5,0,1494,8486,0,20.44819277108434,0.0,1
Hadapsar,Swargate,16,5,1,2181,11764,0,19.41788170563961,0.0,0
Hadapsar,Swargate,16,5,2,1651,9613,0,20.961114476075103,0.0,0
Hadapsar,Swargate,18,5,0,1767,8486,0,17.288964346349747,0.0,1
Hadapsar,Swargate,18,5,1,2263,11110,0,17.673884224480776,0.0,0
Hadapsar,Swargate,18,5,2,2499,11695,0,16.84753901560624,0.0,0
Hadapsar,Swargate,20,5,0,1436,8486,0,21.27409470752089,0.0,1
Hadapsar,Swargate,20,5,1,2094,11626,0,19.987392550143262,0.0,0
Hadapsar,Swargate,20,5,2,1595,9613,0,21.69705329153605,0.0,0
Hadapsar,Swargate,22,5,0,1034,8486,0,29.545067698259192,0.0,1
Hadapsar,Swargate,22,5,1,1690,12131,0,25.841183431952665,0.0,0
Hadapsar,Swargate,22,5,2,1718,11129,0,23.32037252619325,0.0,0
Hadapsar,Swargate,0,6,0,1035,8486,0,29.51652173913044,0.0,1
Hadapsar,Swargate,0,6,1,1691,12131,0,25.825901833234774,0.0,0
Hadapsar,Swargate,0,6,2,1719,11129,0,23.306806282722512,0.0,0
Hadapsar,Swargate,6,6,0,1064,8486,0,28.71203007518797,0.0,1
Hadapsar,Swargate,6,6,1,1731,12131,0,25.229116117850957,0.0,0
Hadapsar,Swargate,6,6,2,1745,11129,0,22.959541547277937,0.0,0
Hadapsar,Swargate,8,6,0,1392,8486,0,21.946551724137933,0.0,1
Hadapsar,Swargate,8,6,1,1913,11129,0,20.94323052796654,0.0,0
Hadapsar,Swargate,8,6,2,2040,12146,0,21.434117647058827,0.0,0
Hadapsar,Swargate,10,6,0,1589,8486,0,19.225676526117056,0.0,1
Hadapsar,Swargate,10,6,1,2095,11129,0,19.123818615751787,0.0,0
Hadapsar,Swargate,10,6,2,2245,11695,0,18.753674832962137,0.0,0
Hadapsar,Swargate,12,6,0,1639,8486,0,18.639170225747407,0.0,1
Hadapsar,Swargate,12,6,1,2238,11202,0,18.01930294906166,0.0,0
Hadapsar,Swargate,12,6,2,2395,11695,0,17.57912317327766,0.0,0
Hadapsar,Swargate,14,6,0,1460,8486,0,20.92438356164384,0.0,1
Hadapsar,Swargate,14,6,1,1633,9613,0,21.192161665646047,0.0,0
Hadapsar,Swargate,14,6,2,2183,11764,0,19.40009161704077,0.0,0
Hadapsar,Swargate,16,6,0,1567,8486,0,19.49559668155712,0.0,1
Hadapsar,Swargate,16,6,1,2184,11202,0,18.464835164835165,0.0,0
Hadapsar,Swargate,16,6,2,1728,9613,0,20.027083333333334,0.0,0
Hadapsar,Swargate,18,6,0,1827,8486,0,16.721182266009855,0.0,1
Hadapsar,Swargate,18,6,1,2296,11110,0,17.419860627177698,0.0,0
Hadapsar,Swargate,18,6,2,2574,11695,0,16.356643356643357,0.0,0
Hadapsar,Swargate,20,6,0,1445,8486,0,21.14159169550173,0.0,1
Hadapsar,Swargate,20,6,1,2085,11626,0,20.0736690647482,0.0,0
Hadapsar,Swargate,20,6,2,1607,9613,0,21.535034225264468,0.0,0
Hadapsar,Swargate,22,6,0,1035,8486,0,29.51652173913044,0.0,1
Hadapsar,Swargate,22,6,1,1691,12131,0,25.825901833234774,0.0,0
Hadapsar,Swargate,22,6,2,1719,11129,0,23.306806282722512,0.0,0
Hadapsar,Hinjewadi,0,0,0,2865,26025,0,32.70157068062827,0.0,1
Hadapsar,Hinjewadi,0,0,1,3130,31537,0,36.27258785942492,0.0,0
Hadapsar,Hinjewadi,0,0,2,3110,27020,0,31.277170418006428,0.0,0
Hadapsar,Hinjewadi,6,0,0,2954,26025,0,31.71631685849695,0.0,1
Hadapsar,Hinjewadi,6,0,1,3223,31537,0,35.225938566552905,0.0,0
Hadapsar,Hinjewadi,6,0,2,3204,27020,0,30.35955056179775,0.0,0
Hadapsar,Hinjewadi,8,0,0,3817,26025,0,24.545454545454543,0.0,1
Hadapsar,Hinjewadi,8,0,1,4123,31594,0,27.58632064031045,0.0,0
Hadapsar,Hinjewadi,8,0,2,3930,27467,0,25.160610687022903,0.0,0
Hadapsar,Hinjewadi,10,0,0,4185,26212,0,22.54795698924731,0.0,1
Hadapsar,Hinjewadi,10,0,1,4489,26537,0,21.281621742036087,0.0,0
Hadapsar,Hinjewadi,10,0,2,4593,31740,0,24.877857609405616,0.0,0
Hadapsar,Hinjewadi,12,0,0,4182,26212,0,22.56413199426112,0.0,1
Hadapsar,Hinjewadi,12,0,1,4525,26537,0,21.112309392265196,0.0,0
Hadapsar,Hinjewadi,12,0,2,4634,34547,0,26.83841173931808,0.0,0
Hadapsar,Hinjewadi,14,0,0,3758,27275,0,26.12825971261309,0.0,1
Hadapsar,Hinjewadi,14,0,1,4154,31740,0,27.506981222917663,0.0,0
Hadapsar,Hinjewadi,14,0,2,3999,28180,0,25.36834208552138,0.0,0
Hadapsar,Hinjewadi,16,0,0,4170,26212,0,22.62906474820144,0.0,1
Hadapsar,Hinjewadi,16,0,1,4492,31740,0,25.43722172751558,0.0,0
Hadapsar,Hinjewadi,16,0,2,4535,26410,0,20.96493936052922,0.0,0
Hadapsar,Hinjewadi,18,0,0,4846,26212,0,19.47238959966983,0.0,1
Hadapsar,Hinjewadi,18,0,1,5054,26243,0,18.693074792243767,0.0,0
Hadapsar,Hinjewadi,18,0,2,5074,31605,0,22.42372881355932,0.0,0
Hadapsar,Hinjewadi,20,0,0,3793,26025,0,24.700764566306358,0.0,1
Hadapsar,Hinjewadi,20,0,1,4125,31605,0,27.582545454545457,0.0,0
Hadapsar,Hinjewadi,20,0,2,3994,26057,0,23.48652979469204,0.0,0
Hadapsar,Hinjewadi,22,0,0,2865,26025,0,32.70157068062827,0.0,1
Hadapsar,Hinjewadi,22,0,1,3130,31537,0,36.27258785942492,0.0,0
Hadapsar,Hinjewadi,22,0,2,3110,27020,0,31.277170418006428,0.0,0
Hadapsar,Hinjewadi,0,1,0,2865,26025,0,32.70157068062827,0.0,1
Hadapsar,Hinjewadi,0,1,1,3130,31537,0,36.27258785942492,0.0,0
Hadapsar,Hinjewadi,0,1,2,3110,27020,0,31.277170418006428,0.0,0
Hadapsar,Hinjewadi,6,1,0,2946,26025,0,31.80244399185336,0.0,1
Hadapsar,Hinjewadi,6,1,1,3218,31518,0,35.25941578620261,0.0,0
Hadapsar,Hinjewadi,6,1,2,3194,27020,0,30.454602379461488,0.0,0
Hadapsar,Hinjewadi,8,1,0,3668,26025,0,25.54252998909487,0.0,1
Hadapsar,Hinjewadi,8,1,1,4056,31594,0,28.042011834319528,0.0,0
Hadapsar,Hinjewadi,8,1,2,3803,27467,0,26.00084144096766,0.0,0
Hadapsar,Hinjewadi,10,1,0,3961,27275,0,24.78919464781621,0.0,1
Hadapsar,Hinjewadi,10,1,1,4519,31740,0,25.285240097366675,0.0,0
Hadapsar,Hinjewadi,10,1,2,4215,28180,0,24.06832740213523,0.0,0
Hadapsar,Hinjewadi,12,1,0,4016,27275,0,24.44970119521912,0.0,1
Hadapsar,Hinjewadi,12,1,1,4259,28180,0,23.81967598027706,0.0,0
Hadapsar,Hinjewadi,12,1,2,4618,31740,0,24.743178865309652,0.0,0
Hadapsar,Hinjewadi,14,1,0,3716,27275,0,26.423573735199135,0.0,1
Hadapsar,Hinjewadi,14,1,1,4120,31740,0,27.73398058252427,0.0,0
Hadapsar,Hinjewadi,14,1,2,3945,28180,0,25.715589353612163,0.0,0
Hadapsar,Hinjewadi,16,1,0,4054,26212,0,23.27656635421806,0.0,1
Hadapsar,Hinjewadi,16,1,1,4453,31740,0,25.660004491354144,0.0,0
Hadapsar,Hinjewadi,16,1,2,4462,26057,0,21.023128641864638,0.0,0
Hadapsar,Hinjewadi,18,1,0,4675,26212,0,20.184641711229947,0.0,1
Hadapsar,Hinjewadi,18,1,1,4920,26243,0,19.202195121951217,0.0,0
Hadapsar,Hinjewadi,18,1,2,4994,31605,0,22.782939527432923,0.0,0
Hadapsar,Hinjewadi,20,1,0,3733,26025,0,25.097776587195284,0.0,1
Hadapsar,Hinjewadi,20,1,1,4104,31518,0,27.647368421052636,0.0,0
Hadapsar,Hinjewadi,20,1,2,3925,27271,0,25.012891719745227,0.0,0
Hadapsar,Hinjewadi,22,1,0,2865,26025,0,32.70157068062827,0.0,1
Hadapsar,Hinjewadi,22,1,1,3130,31537,0,36.27258785942492,0.0,0
Hadapsar,Hinjewadi,22,1,2,3110,27020,0,31.277170418006428,0.0,0
Hadapsar,Hinjewadi,0,2,0,2865,26025,0,32.70157068062827,0.0,1
Hadapsar,Hinjewadi,0,2,1,3130,31537,0,36.27258785942492,0.0,0
Hadapsar,Hinjewadi,0,2,2,3110,27020,0,31.277170418006428,0.0,0
Hadapsar,Hinjewadi,6,2,0,2940,26025,0,31.86734693877551,0.0,1
Hadapsar,Hinjewadi,6,2,1,3210,31518,0,35.34728971962617,0.0,0
Hadapsar,Hinjewadi,6,2,2,3183,27020,0,30.559849198868992,0.0,0
Hadapsar,Hinjewadi,8,2,0,3641,26025,0,25.731941774237846,0.0,1
Hadapsar,Hinjewadi,8,2,1,4001,31518,0,28.359110222444382,0.0,0
Hadapsar,Hinjewadi,8,2,2,3852,28180,0,26.33644859813084,0.0,0
Hadapsar,Hinjewadi,10,2,0,3871,27275,0,25.365538620511494,0.0,1
Hadapsar,Hinjewadi,10,2,1,4089,28180,0,24.80997798972854,0.0,0
Hadapsar,Hinjewadi,10,2,2,4455,31740,0,25.648484848484845,0.0,0
Hadapsar,Hinjewadi,12,2,0,3972,26212,0,23.7570996978852,0.0,1
Hadapsar,Hinjewadi,12,2,1,4428,26537,0,21.57479674796748,0.0,0
Hadapsar,Hinjewadi,12,2,2,4247,27814,0,23.5767365198964,0.0,0
Hadapsar,Hinjewadi,14,2,0,3749,26212,0,25.17023206188317,0.0,1
Hadapsar,Hinjewadi,14,2,1,4128,26536,0,23.14186046511628,0.0,0
Hadapsar,Hinjewadi,14,2,2,4163,31740,0,27.447513812154693,0.0,0
Hadapsar,Hinjewadi,16,2,0,4080,26212,0,23.128235294117648,0.0,1
Hadapsar,Hinjewadi,16,2,1,4450,26243,0,21.23029213483146,0.0,0
Hadapsar,Hinjewadi,16,2,2,4480,31740,0,25.50535714285714,0.0,0
Hadapsar,Hinjewadi,18,2,0,4638,26212,0,20.345666235446316,0.0,1
Hadapsar,Hinjewadi,18,2,1,4963,26243,0,19.03582510578279,0.0,0
Hadapsar,Hinjewadi,18,2,2,5036,31553,0,22.55575853852264,0.0,0
Hadapsar,Hinjewadi,20,2,0,3785,26347,0,25.05923381770145,0.0,1
Hadapsar,Hinjewadi,20,2,1,4021,26537,0,23.75856752051728,0.0,0
Hadapsar,Hinjewadi,20,2,2,4160,31537,0,27.291634615384616,0.0,0
Hadapsar,Hinjewadi,22,2,0,2865,26025,0,32.70157068062827,0.0,1
Hadapsar,Hinjewadi,22,2,1,3130,31537,0,36.27258785942492,0.0,0
Hadapsar,Hinjewadi,22,2,2,3110,27020,0,31.277170418006428,0.0,0
Hadapsar,Hinjewadi,0,3,0,2865,26025,0,32.70157068062827,0.0,1
Hadapsar,Hinjewadi,0,3,1,3130,31537,0,36.27258785942492,0.0,0
Hadapsar,Hinjewadi,0,3,2,3110,27020,0,31.277170418006428,0.0,0
Hadapsar,Hinjewadi,6,3,0,2923,26025,0,32.05268559698939,0.0,1
Hadapsar,Hinjewadi,6,3,1,3201,31537,0,35.468041237113404,0.0,0
Hadapsar,Hinjewadi,6,3,2,3276,27756,0,30.5010989010989,0.0,0
Hadapsar,Hinjewadi,8,3,0,3201,26025,0,29.268978444236176,0.0,1
Hadapsar,Hinjewadi,8,3,1,3709,31518,0,30.59174979778916,0.0,0
Hadapsar,Hinjewadi,8,3,2,3531,27756,0,28.29838572642311,0.0,0
Hadapsar,Hinjewadi,10,3,0,3490,27275,0,28.13467048710601,0.0,1
Hadapsar,Hinjewadi,10,3,1,3702,27756,0,26.99124797406807,0.0,0
Hadapsar,Hinjewadi,10,3,2,4199,31740,0,27.21219337937604,0.0,0
Hadapsar,Hinjewadi,12,3,0,3750,26212,0,25.16352,0.0,1
Hadapsar,Hinjewadi,12,3,1,4166,26225,0,22.662025924147866,0.0,0
Hadapsar,Hinjewadi,12,3,2,3952,27756,0,25.2838056680162,0.0,0
Hadapsar,Hinjewadi,14,3,0,3776,26212,0,24.99025423728813,0.0,1
Hadapsar,Hinjewadi,14,3,1,4199,26057,0,22.339890450107166,0.0,0
Hadapsar,Hinjewadi,14,3,2,3979,27756,0,25.112239256094497,0.0,0
Hadapsar,Hinjewadi,16,3,0,3940,26212,0,23.95005076142132,0.0,1
Hadapsar,Hinjewadi,16,3,1,4342,26057,0,21.60414555504376,0.0,0
Hadapsar,Hinjewadi,16,3,2,4161,27756,0,24.01384282624369,0.0,0
Hadapsar,Hinjewadi,18,3,0,4145,26616,0,23.11642943305187,0.0,1
Hadapsar,Hinjewadi,18,3,1,4406,26351,0,21.53054925102133,0.0,0
Hadapsar,Hinjewadi,18,3,2,4794,31553,0,23.694367959949936,0.0,0
Hadapsar,Hinjewadi,20,3,0,3600,26025,0,26.025,0.0,1
Hadapsar,Hinjewadi,20,3,1,4059,31518,0,27.95388026607539,0.0,0
Hadapsar,Hinjewadi,20,3,2,3755,27271,0,26.14529960053262,0.0,0
Hadapsar,Hinjewadi,22,3,0,2865,26025,0,32.70157068062827,0.0,1
Hadapsar,Hinjewadi,22,3,1,3130,31537,0,36.27258785942492,0.0,0
Hadapsar,Hinjewadi,22,3,2,3110,27020,0,31.277170418006428,0.0,0
Hadapsar,Hinjewadi,0,4,0,2865,26025,0,32.70157068062827,0.0,1
Hadapsar,Hinjewadi,0,4,1,3130,31537,0,36.27258785942492,0.0,0
Hadapsar,Hinjewadi,0,4,2,3110,27020,0,31.277170418006428,0.0,0
Hadapsar,Hinjewadi,6,4,0,2909,26025,0,32.20694396699897,0.0,1
Hadapsar,Hinjewadi,6,4,1,3185,31537,0,35.64621664050235,0.0,0
Hadapsar,Hinjewadi,6,4,2,3157,27020,0,30.811529933481157,0.0,0
Hadapsar,Hinjewadi,8,4,0,3053,26025,0,30.687848018342613,0.0,1
Hadapsar,Hinjewadi,8,4,1,3473,31518,0,32.67054419809963,0.0,0
Hadapsar,Hinjewadi,8,4,2,3307,27020,0,29.41397036589053,0.0,0
Hadapsar,Hinjewadi,10,4,0,3191,26025,0,29.360701974302724,0.0,1
Hadapsar,Hinjewadi,10,4,1,3746,31605,0,30.373198077949816,0.0,0
Hadapsar,Hinjewadi,10,4,2,3448,27417,0,28.62563805104409,0.0,0
Hadapsar,Hinjewadi,12,4,0,3385,26025,0,27.677991137370757,0.0,1
Hadapsar,Hinjewadi,12,4,1,3605,27329,0,27.29109570041609,0.0,0
Hadapsar,Hinjewadi,12,4,2,4015,31605,0,28.33823163138232,0.0,0
Hadapsar,Hinjewadi,14,4,0,3463,27275,0,28.35402829916257,0.0,1
Hadapsar,Hinjewadi,14,4,1,4000,31605,0,28.4445,0.0,0
Hadapsar,Hinjewadi,14,4,2,3725,28180,0,27.23436241610738,0.0,0
Hadapsar,Hinjewadi,16,4,0,3634,27275,0,27.019812878370946,0.0,1
Hadapsar,Hinjewadi,16,4,1,3750,27271,0,26.18016,0.0,0
Hadapsar,Hinjewadi,16,4,2,4163,31605,0,27.330771078549123,0.0,0
Hadapsar,Hinjewadi,18,4,0,3741,27275,0,26.24699278267843,0.0,1
Hadapsar,Hinjewadi,18,4,1,3866,27271,0,25.394619762027936,0.0,0
Hadapsar,Hinjewadi,18,4,2,4351,31605,0,26.14985060905539,0.0,0
Hadapsar,Hinjewadi,20,4,0,3337,26025,0,28.076116272100688,0.0,1
Hadapsar,Hinjewadi,20,4,1,3854,31518,0,29.440788790866637,0.0,0
Hadapsar,Hinjewadi,20,4,2,3578,27417,0,27.58557853549469,0.0,0
Hadapsar,Hinjewadi,22,4,0,2865,26025,0,32.70157068062827,0.0,1
Hadapsar,Hinjewadi,22,4,1,3130,31537,0,36.27258785942492,0.0,0
Hadapsar,Hinjewadi,22,4,2,3110,27020,0,31.277170418006428,0.0,0
Hadapsar,Hinjewadi,0,5,0,2865,26025,0,32.70157068062827,0.0,1
Hadapsar,Hinjewadi,0,5,1,3130,31537,0,36.27258785942492,0.0,0
Hadapsar,Hinjewadi,0,5,2,3110,27020,0,31.277170418006428,0.0,0
Hadapsar,Hinjewadi,6,5,0,2947,26025,0,31.79165252799457,0.0,1
Hadapsar,Hinjewadi,6,5,1,3224,31537,0,35.21501240694789,0.0,0
Hadapsar,Hinjewadi,6,5,2,3301,27756,0,30.27009996970615,0.0,0
Hadapsar,Hinjewadi,8,5,0,3679,26025,0,25.46615928241369,0.0,1
Hadapsar,Hinjewadi,8,5,1,4096,31518,0,27.7013671875,0.0,0
Hadapsar,Hinjewadi,8,5,2,3794,27042,0,25.659251449657354,0.0,0
Hadapsar,Hinjewadi,10,5,0,3981,26212,0,23.70339110776187,0.0,1
Hadapsar,Hinjewadi,10,5,1,4411,26536,0,21.65712990251644,0.0,0
Hadapsar,Hinjewadi,10,5,2,4234,27756,0,23.599811053377422,0.0,0
Hadapsar,Hinjewadi,12,5,0,3994,26212,0,23.62623935903856,0.0,1
Hadapsar,Hinjewadi,12,5,1,4450,26537,0,21.468134831460677,0.0,0
Hadapsar,Hinjewadi,12,5,2,4270,27814,0,23.449742388758786,0.0,0
Hadapsar,Hinjewadi,14,5,0,3667,27275,0,26.776656667575672,0.0,1
Hadapsar,Hinjewadi,14,5,1,4102,31740,0,27.85568015602145,0.0,0
Hadapsar,Hinjewadi,14,5,2,3885,28180,0,26.112741312741317,0.0,0
Hadapsar,Hinjewadi,16,5,0,4007,26212,0,23.549588220613927,0.0,1
Hadapsar,Hinjewadi,16,5,1,4409,31740,0,25.916080743932863,0.0,0
Hadapsar,Hinjewadi,16,5,2,4487,26225,0,21.0407844885224,0.0,0
Hadapsar,Hinjewadi,18,5,0,4578,26212,0,20.61231979030144,0.0,1
Hadapsar,Hinjewadi,18,5,1,4941,26243,0,19.12058287795993,0.0,0
Hadapsar,Hinjewadi,18,5,2,4978,31605,0,22.85616713539574,0.0,0
Hadapsar,Hinjewadi,20,5,0,3728,26025,0,25.131437768240342,0.0,1
Hadapsar,Hinjewadi,20,5,1,4088,31518,0,27.755577299412916,0.0,0
Hadapsar,Hinjewadi,20,5,2,3908,27271,0,25.121699078812693,0.0,0
Hadapsar,Hinjewadi,22,5,0,2865,26025,0,32.70157068062827,0.0,1
Hadapsar,Hinjewadi,22,5,1,3130,31537,0,36.27258785942492,0.0,0
Hadapsar,Hinjewadi,22,5,2,3110,27020,0,31.277170418006428,0.0,0
Hadapsar,Hinjewadi,0,6,0,2865,26025,0,32.70157068062827,0.0,1
Hadapsar,Hinjewadi,0,6,1,3130,31537,0,36.27258785942492,0.0,0
Hadapsar,Hinjewadi,0,6,2,3110,27020,0,31.277170418006428,0.0,0
Hadapsar,Hinjewadi,6,6,0,2957,26025,0,31.684139330402434,0.0,1
Hadapsar,Hinjewadi,6,6,1,3229,31518,0,35.13930009290802,0.0,0
Hadapsar,Hinjewadi,6,6,2,3207,27020,0,30.3311506080449,0.0,0
Hadapsar,Hinjewadi,8,6,0,3839,26025,0,24.404792914821567,0.0,1
Hadapsar,Hinjewadi,8,6,1,4194,31594,0,27.11931330472103,0.0,0
Hadapsar,Hinjewadi,8,6,2,3971,27467,0,24.90083102493075,0.0,0
Hadapsar,Hinjewadi,10,6,0,4199,26212,0,22.47277923315075,0.0,1
Hadapsar,Hinjewadi,10,6,1,4527,26537,0,21.102982107355864,0.0,0
Hadapsar,Hinjewadi,10,6,2,4693,31740,0,24.34775197102067,0.0,0
Hadapsar,Hinjewadi,12,6,0,4196,26212,0,22.488846520495716,0.0,1
Hadapsar,Hinjewadi,12,6,1,4528,26537,0,21.098321554770315,0.0,0
Hadapsar,Hinjewadi,12,6,2,4684,34547,0,26.55192143467122,0.0,0
Hadapsar,Hinjewadi,14,6,0,3801,27275,0,25.83267561168113,0.0,1
Hadapsar,Hinjewadi,14,6,1,4182,31740,0,27.32281205164993,0.0,0
Hadapsar,Hinjewadi,14,6,2,4035,28180,0,25.14200743494424,0.0,0
Hadapsar,Hinjewadi,16,6,0,4201,26212,0,22.46208045703404,0.0,1
Hadapsar,Hinjewadi,16,6,1,4544,31740,0,25.14612676056338,0.0,0
Hadapsar,Hinjewadi,16,6,2,4617,26225,0,20.44834307992203,0.0,0
Hadapsar,Hinjewadi,18,6,0,4852,26212,0,19.44830997526793,0.0,1
Hadapsar,Hinjewadi,18,6,1,5108,31553,0,22.23782302270948,0.0,0
Hadapsar,Hinjewadi,18,6,2,5061,26057,0,18.534914048606996,0.0,0
Hadapsar,Hinjewadi,20,6,0,3778,26025,0,24.798835362625727,0.0,1
Hadapsar,Hinjewadi,20,6,1,4120,31518,0,27.540000000000003,0.0,0
Hadapsar,Hinjewadi,20,6,2,3979,26057,0,23.57506911284242,0.0,0
Hadapsar,Hinjewadi,22,6,0,2865,26025,0,32.70157068062827,0.0,1
Hadapsar,Hinjewadi,22,6,1,3130,31537,0,36.27258785942492,0.0,0
Hadapsar,Hinjewadi,22,6,2,3110,27020,0,31.277170418006428,0.0,0
Hadapsar,Hinjewadi,0,0,0,2865,26025,0,32.70157068062827,0.0,1
Hadapsar,Hinjewadi,0,0,1,3130,31537,0,36.27258785942492,0.0,0
Hadapsar,Hinjewadi,0,0,2,3110,27020,0,31.277170418006428,0.0,0
Hadapsar,Hinjewadi,6,0,0,2954,26025,0,31.71631685849695,0.0,1
Hadapsar,Hinjewadi,6,0,1,3223,31537,0,35.225938566552905,0.0,0
Hadapsar,Hinjewadi,6,0,2,3204,27020,0,30.35955056179775,0.0,0
Hadapsar,Hinjewadi,8,0,0,3817,26025,0,24.545454545454543,0.0,1
Hadapsar,Hinjewadi,8,0,1,4123,31594,0,27.58632064031045,0.0,0
Hadapsar,Hinjewadi,8,0,2,3930,27467,0,25.160610687022903,0.0,0
Hadapsar,Hinjewadi,10,0,0,4185,26212,0,22.54795698924731,0.0,1
Hadapsar,Hinjewadi,10,0,1,4489,26537,0,21.281621742036087,0.0,0
Hadapsar,Hinjewadi,10,0,2,4593,31740,0,24.877857609405616,0.0,0
Hadapsar,Hinjewadi,12,0,0,4182,26212,0,22.56413199426112,0.0,1
Hadapsar,Hinjewadi,12,0,1,4525,26537,0,21.112309392265196,0.0,0
Hadapsar,Hinjewadi,12,0,2,4634,34547,0,26.83841173931808,0.0,0
Hadapsar,Hinjewadi,14,0,0,3758,27275,0,26.12825971261309,0.0,1
Hadapsar,Hinjewadi,14,0,1,4154,31740,0,27.506981222917663,0.0,0
Hadapsar,Hinjewadi,14,0,2,3999,28180,0,25.36834208552138,0.0,0
Hadapsar,Hinjewadi,16,0,0,4170,26212,0,22.62906474820144,0.0,1
Hadapsar,Hinjewadi,16,0,1,4492,31740,0,25.43722172751558,0.0,0
Hadapsar,Hinjewadi,16,0,2,4535,26410,0,20.96493936052922,0.0,0
Hadapsar,Hinjewadi,18,0,0,4846,26212,0,19.47238959966983,0.0,1
Hadapsar,Hinjewadi,18,0,1,5054,26243,0,18.693074792243767,0.0,0
Hadapsar,Hinjewadi,18,0,2,5074,31605,0,22.42372881355932,0.0,0
Hadapsar,Hinjewadi,20,0,0,3793,26025,0,24.700764566306358,0.0,1
Hadapsar,Hinjewadi,20,0,1,4125,31605,0,27.582545454545457,0.0,0
Hadapsar,Hinjewadi,20,0,2,3994,26057,0,23.48652979469204,0.0,0
Hadapsar,Hinjewadi,22,0,0,2865,26025,0,32.70157068062827,0.0,1
Hadapsar,Hinjewadi,22,0,1,3130,31537,0,36.27258785942492,0.0,0
Hadapsar,Hinjewadi,22,0,2,3110,27020,0,31.277170418006428,0.0,0
Hadapsar,Hinjewadi,0,1,0,2865,26025,0,32.70157068062827,0.0,1
Hadapsar,Hinjewadi,0,1,1,3130,31537,0,36.27258785942492,0.0,0
Hadapsar,Hinjewadi,0,1,2,3110,27020,0,31.277170418006428,0.0,0
Hadapsar,Hinjewadi,6,1,0,2946,26025,0,31.80244399185336,0.0,1
Hadapsar,Hinjewadi,6,1,1,3218,31518,0,35.25941578620261,0.0,0
Hadapsar,Hinjewadi,6,1,2,3194,27020,0,30.454602379461488,0.0,0
Hadapsar,Hinjewadi,8,1,0,3668,26025,0,25.54252998909487,0.0,1
Hadapsar,Hinjewadi,8,1,1,4056,31594,0,28.042011834319528,0.0,0
Hadapsar,Hinjewadi,8,1,2,3803,27467,0,26.00084144096766,0.0,0
Hadapsar,Hinjewadi,10,1,0,3961,27275,0,24.78919464781621,0.0,1
Hadapsar,Hinjewadi,10,1,1,4519,31740,0,25.285240097366675,0.0,0
Hadapsar,Hinjewadi,10,1,2,4215,28180,0,24.06832740213523,0.0,0
Hadapsar,Hinjewadi,12,1,0,4016,27275,0,24.44970119521912,0.0,1
Hadapsar,Hinjewadi,12,1,1,4259,28180,0,23.81967598027706,0.0,0
Hadapsar,Hinjewadi,12,1,2,4618,31740,0,24.743178865309652,0.0,0
Hadapsar,Hinjewadi,14,1,0,3716,27275,0,26.423573735199135,0.0,1
Hadapsar,Hinjewadi,14,1,1,4120,31740,0,27.73398058252427,0.0,0
Hadapsar,Hinjewadi,14,1,2,3945,28180,0,25.715589353612163,0.0,0
Hadapsar,Hinjewadi,16,1,0,4054,26212,0,23.27656635421806,0.0,1
Hadapsar,Hinjewadi,16,1,1,4453,31740,0,25.660004491354144,0.0,0
Hadapsar,Hinjewadi,16,1,2,4462,26057,0,21.023128641864638,0.0,0
Hadapsar,Hinjewadi,18,1,0,4675,26212,0,20.184641711229947,0.0,1
Hadapsar,Hinjewadi,18,1,1,4920,26243,0,19.202195121951217,0.0,0
Hadapsar,Hinjewadi,18,1,2,4994,31605,0,22.782939527432923,0.0,0
Hadapsar,Hinjewadi,20,1,0,3733,26025,0,25.097776587195284,0.0,1
Hadapsar,Hinjewadi,20,1,1,4104,31518,0,27.647368421052636,0.0,0
Hadapsar,Hinjewadi,20,1,2,3925,27271,0,25.012891719745227,0.0,0
Hadapsar,Hinjewadi,22,1,0,2865,26025,0,32.70157068062827,0.0,1
Hadapsar,Hinjewadi,22,1,1,3130,31537,0,36.27258785942492,0.0,0
Hadapsar,Hinjewadi,22,1,2,3110,27020,0,31.277170418006428,0.0,0
Hadapsar,Hinjewadi,0,2,0,2865,26025,0,32.70157068062827,0.0,1
Hadapsar,Hinjewadi,0,2,1,3130,31537,0,36.27258785942492,0.0,0
Hadapsar,Hinjewadi,0,2,2,3110,27020,0,31.277170418006428,0.0,0
Hadapsar,Hinjewadi,6,2,0,2940,26025,0,31.86734693877551,0.0,1
Hadapsar,Hinjewadi,6,2,1,3210,31518,0,35.34728971962617,0.0,0
Hadapsar,Hinjewadi,6,2,2,3183,27020,0,30.559849198868992,0.0,0
Hadapsar,Hinjewadi,8,2,0,3641,26025,0,25.731941774237846,0.0,1
Hadapsar,Hinjewadi,8,2,1,4001,31518,0,28.359110222444382,0.0,0
Hadapsar,Hinjewadi,8,2,2,3852,28180,0,26.33644859813084,0.0,0
Hadapsar,Hinjewadi,10,2,0,3871,27275,0,25.365538620511494,0.0,1
Hadapsar,Hinjewadi,10,2,1,4089,28180,0,24.80997798972854,0.0,0
Hadapsar,Hinjewadi,10,2,2,4455,31740,0,25.648484848484845,0.0,0
Hadapsar,Hinjewadi,12,2,0,3972,26212,0,23.7570996978852,0.0,1
Hadapsar,Hinjewadi,12,2,1,4428,26537,0,21.57479674796748,0.0,0
Hadapsar,Hinjewadi,12,2,2,4247,27814,0,23.5767365198964,0.0,0
Hadapsar,Hinjewadi,14,2,0,3749,26212,0,25.17023206188317,0.0,1
Hadapsar,Hinjewadi,14,2,1,4128,26536,0,23.14186046511628,0.0,0
Hadapsar,Hinjewadi,14,2,2,4163,31740,0,27.447513812154693,0.0,0
Hadapsar,Hinjewadi,16,2,0,4080,26212,0,23.128235294117648,0.0,1
Hadapsar,Hinjewadi,16,2,1,4450,26243,0,21.23029213483146,0.0,0
Hadapsar,Hinjewadi,16,2,2,4480,31740,0,25.50535714285714,0.0,0
Hadapsar,Hinjewadi,18,2,0,4638,26212,0,20.345666235446316,0.0,1
Hadapsar,Hinjewadi,18,2,1,4963,26243,0,19.03582510578279,0.0,0
Hadapsar,Hinjewadi,18,2,2,5036,31553,0,22.55575853852264,0.0,0
Hadapsar,Hinjewadi,20,2,0,3785,26347,0,25.05923381770145,0.0,1
Hadapsar,Hinjewadi,20,2,1,4021,26537,0,23.75856752051728,0.0,0
Hadapsar,Hinjewadi,20,2,2,4160,31537,0,27.291634615384616,0.0,0
Hadapsar,Hinjewadi,22,2,0,2865,26025,0,32.70157068062827,0.0,1
Hadapsar,Hinjewadi,22,2,1,3130,31537,0,36.27258785942492,0.0,0
Hadapsar,Hinjewadi,22,2,2,3110,27020,0,31.277170418006428,0.0,0
Hadapsar,Hinjewadi,0,3,0,2865,26025,0,32.70157068062827,0.0,1
Hadapsar,Hinjewadi,0,3,1,3130,31537,0,36.27258785942492,0.0,0
Hadapsar,Hinjewadi,0,3,2,3110,27020,0,31.277170418006428,0.0,0
Hadapsar,Hinjewadi,6,3,0,2923,26025,0,32.05268559698939,0.0,1
Hadapsar,Hinjewadi,6,3,1,3201,31537,0,35.468041237113404,0.0,0
Hadapsar,Hinjewadi,6,3,2,3276,27756,0,30.5010989010989,0.0,0
Hadapsar,Hinjewadi,8,3,0,3201,26025,0,29.268978444236176,0.0,1
Hadapsar,Hinjewadi,8,3,1,3709,31518,0,30.59174979778916,0.0,0
Hadapsar,Hinjewadi,8,3,2,3531,27756,0,28.29838572642311,0.0,0
Hadapsar,Hinjewadi,10,3,0,3490,27275,0,28.13467048710601,0.0,1
Hadapsar,Hinjewadi,10,3,1,3702,27756,0,26.99124797406807,0.0,0
Hadapsar,Hinjewadi,10,3,2,4199,31740,0,27.21219337937604,0.0,0
Hadapsar,Hinjewadi,12,3,0,3750,26212,0,25.16352,0.0,1
Hadapsar,Hinjewadi,12,3,1,4166,26225,0,22.662025924147866,0.0,0
Hadapsar,Hinjewadi,12,3,2,3952,27756,0,25.2838056680162,0.0,0
Hadapsar,Hinjewadi,14,3,0,3776,26212,0,24.99025423728813,0.0,1
Hadapsar,Hinjewadi,14,3,1,4199,26057,0,22.339890450107166,0.0,0
Hadapsar,Hinjewadi,14,3,2,3979,27756,0,25.112239256094497,0.0,0
Hadapsar,Hinjewadi,16,3,0,3940,26212,0,23.95005076142132,0.0,1
Hadapsar,Hinjewadi,16,3,1,4342,26057,0,21.60414555504376,0.0,0
Hadapsar,Hinjewadi,16,3,2,4161,27756,0,24.01384282624369,0.0,0
Hadapsar,Hinjewadi,18,3,0,4145,26616,0,23.11642943305187,0.0,1
Hadapsar,Hinjewadi,18,3,1,4406,26351,0,21.53054925102133,0.0,0
Hadapsar,Hinjewadi,18,3,2,4794,31553,0,23.694367959949936,0.0,0
Hadapsar,Hinjewadi,20,3,0,3600,26025,0,26.025,0.0,1
Hadapsar,Hinjewadi,20,3,1,4059,31518,0,27.95388026607539,0.0,0
Hadapsar,Hinjewadi,20,3,2,3755,27271,0,26.14529960053262,0.0,0
Hadapsar,Hinjewadi,22,3,0,2865,26025,0,32.70157068062827,0.0,1
Hadapsar,Hinjewadi,22,3,1,3130,31537,0,36.27258785942492,0.0,0
Hadapsar,Hinjewadi,22,3,2,3110,27020,0,31.277170418006428,0.0,0
Hadapsar,Hinjewadi,0,4,0,2865,26025,0,32.70157068062827,0.0,1
Hadapsar,Hinjewadi,0,4,1,3130,31537,0,36.27258785942492,0.0,0
Hadapsar,Hinjewadi,0,4,2,3110,27020,0,31.277170418006428,0.0,0
Hadapsar,Hinjewadi,6,4,0,2909,26025,0,32.20694396699897,0.0,1
Hadapsar,Hinjewadi,6,4,1,3185,31537,0,35.64621664050235,0.0,0
Hadapsar,Hinjewadi,6,4,2,3157,27020,0,30.811529933481157,0.0,0
Hadapsar,Hinjewadi,8,4,0,3053,26025,0,30.687848018342613,0.0,1
Hadapsar,Hinjewadi,8,4,1,3473,31518,0,32.67054419809963,0.0,0
Hadapsar,Hinjewadi,8,4,2,3307,27020,0,29.41397036589053,0.0,0
Hadapsar,Hinjewadi,10,4,0,3191,26025,0,29.360701974302724,0.0,1
Hadapsar,Hinjewadi,10,4,1,3746,31605,0,30.373198077949816,0.0,0
Hadapsar,Hinjewadi,10,4,2,3448,27417,0,28.62563805104409,0.0,0
Hadapsar,Hinjewadi,12,4,0,3385,26025,0,27.677991137370757,0.0,1
Hadapsar,Hinjewadi,12,4,1,3605,27329,0,27.29109570041609,0.0,0
Hadapsar,Hinjewadi,12,4,2,4015,31605,0,28.33823163138232,0.0,0
Hadapsar,Hinjewadi,14,4,0,3463,27275,0,28.35402829916257,0.0,1
Hadapsar,Hinjewadi,14,4,1,3725,28180,0,27.23436241610738,0.0,0
Hadapsar,Hinjewadi,14,4,2,4000,31605,0,28.4445,0.0,0
Hadapsar,Hinjewadi,16,4,0,3634,27275,0,27.019812878370946,0.0,1
Hadapsar,Hinjewadi,16,4,1,3750,27271,0,26.18016,0.0,0
Hadapsar,Hinjewadi,16,4,2,4163,31605,0,27.330771078549123,0.0,0
Hadapsar,Hinjewadi,18,4,0,3741,27275,0,26.24699278267843,0.0,1
Hadapsar,Hinjewadi,18,4,1,3866,27271,0,25.394619762027936,0.0,0
Hadapsar,Hinjewadi,18,4,2,4351,31605,0,26.14985060905539,0.0,0
Hadapsar,Hinjewadi,20,4,0,3337,26025,0,28.076116272100688,0.0,1
Hadapsar,Hinjewadi,20,4,1,3854,31518,0,29.440788790866637,0.0,0
Hadapsar,Hinjewadi,20,4,2,3578,27417,0,27.58557853549469,0.0,0
Hadapsar,Hinjewadi,22,4,0,2865,26025,0,32.70157068062827,0.0,1
Hadapsar,Hinjewadi,22,4,1,3130,31537,0,36.27258785942492,0.0,0
Hadapsar,Hinjewadi,22,4,2,3110,27020,0,31.277170418006428,0.0,0
Hadapsar,Hinjewadi,0,5,0,2865,26025,0,32.70157068062827,0.0,1
Hadapsar,Hinjewadi,0,5,1,3130,31537,0,36.27258785942492,0.0,0
Hadapsar,Hinjewadi,0,5,2,3110,27020,0,31.277170418006428,0.0,0
Hadapsar,Hinjewadi,6,5,0,2947,26025,0,31.79165252799457,0.0,1
Hadapsar,Hinjewadi,6,5,1,3224,31537,0,35.21501240694789,0.0,0
Hadapsar,Hinjewadi,6,5,2,3301,27756,0,30.27009996970615,0.0,0
Hadapsar,Hinjewadi,8,5,0,3679,26025,0,25.46615928241369,0.0,1
Hadapsar,Hinjewadi,8,5,1,4096,31518,0,27.7013671875,0.0,0
Hadapsar,Hinjewadi,8,5,2,3794,27042,0,25.659251449657354,0.0,0
Hadapsar,Hinjewadi,10,5,0,3981,26212,0,23.70339110776187,0.0,1
Hadapsar,Hinjewadi,10,5,1,4411,26536,0,21.65712990251644,0.0,0
Hadapsar,Hinjewadi,10,5,2,4234,27756,0,23.599811053377422,0.0,0
Hadapsar,Hinjewadi,12,5,0,3994,26212,0,23.62623935903856,0.0,1
Hadapsar,Hinjewadi,12,5,1,4450,26537,0,21.468134831460677,0.0,0
Hadapsar,Hinjewadi,12,5,2,4270,27814,0,23.449742388758786,0.0,0
Hadapsar,Hinjewadi,14,5,0,3667,27275,0,26.776656667575672,0.0,1
Hadapsar,Hinjewadi,14,5,1,4102,31740,0,27.85568015602145,0.0,0
Hadapsar,Hinjewadi,14,5,2,3885,28180,0,26.112741312741317,0.0,0
Hadapsar,Hinjewadi,16,5,0,4007,26212,0,23.549588220613927,0.0,1
Hadapsar,Hinjewadi,16,5,1,4409,31740,0,25.916080743932863,0.0,0
Hadapsar,Hinjewadi,16,5,2,4487,26225,0,21.0407844885224,0.0,0
Hadapsar,Hinjewadi,18,5,0,4578,26212,0,20.61231979030144,0.0,1
Hadapsar,Hinjewadi,18,5,1,4941,26243,0,19.12058287795993,0.0,0
Hadapsar,Hinjewadi,18,5,2,4978,31605,0,22.85616713539574,0.0,0
Hadapsar,Hinjewadi,20,5,0,3728,26025,0,25.131437768240342,0.0,1
Hadapsar,Hinjewadi,20,5,1,4088,31518,0,27.755577299412916,0.0,0
Hadapsar,Hinjewadi,20,5,2,3908,27271,0,25.121699078812693,0.0,0
Hadapsar,Hinjewadi,22,5,0,2865,26025,0,32.70157068062827,0.0,1
Hadapsar,Hinjewadi,22,5,1,3130,31537,0,36.27258785942492,0.0,0
Hadapsar,Hinjewadi,22,5,2,3110,27020,0,31.277170418006428,0.0,0
Hadapsar,Hinjewadi,0,6,0,2865,26025,0,32.70157068062827,0.0,1
Hadapsar,Hinjewadi,0,6,1,3130,31537,0,36.27258785942492,0.0,0
Hadapsar,Hinjewadi,0,6,2,3110,27020,0,31.277170418006428,0.0,0
Hadapsar,Hinjewadi,6,6,0,2957,26025,0,31.684139330402434,0.0,1
Hadapsar,Hinjewadi,6,6,1,3229,31518,0,35.13930009290802,0.0,0
Hadapsar,Hinjewadi,6,6,2,3207,27020,0,30.3311506080449,0.0,0
Hadapsar,Hinjewadi,8,6,0,3839,26025,0,24.404792914821567,0.0,1
Hadapsar,Hinjewadi,8,6,1,4194,31594,0,27.11931330472103,0.0,0
Hadapsar,Hinjewadi,8,6,2,3971,27467,0,24.90083102493075,0.0,0
Hadapsar,Hinjewadi,10,6,0,4199,26212,0,22.47277923315075,0.0,1
Hadapsar,Hinjewadi,10,6,1,4527,26537,0,21.102982107355864,0.0,0
Hadapsar,Hinjewadi,10,6,2,4693,31740,0,24.34775197102067,0.0,0
Hadapsar,Hinjewadi,12,6,0,4196,26212,0,22.488846520495716,0.0,1
Hadapsar,Hinjewadi,12,6,1,4528,26537,0,21.098321554770315,0.0,0
Hadapsar,Hinjewadi,12,6,2,4684,34547,0,26.55192143467122,0.0,0
Hadapsar,Hinjewadi,14,6,0,3801,27275,0,25.83267561168113,0.0,1
Hadapsar,Hinjewadi,14,6,1,4182,31740,0,27.32281205164993,0.0,0
Hadapsar,Hinjewadi,14,6,2,4035,28180,0,25.14200743494424,0.0,0
Hadapsar,Hinjewadi,16,6,0,4201,26212,0,22.46208045703404,0.0,1
Hadapsar,Hinjewadi,16,6,1,4544,31740,0,25.14612676056338,0.0,0
Hadapsar,Hinjewadi,16,6,2,4617,26225,0,20.44834307992203,0.0,0
Hadapsar,Hinjewadi,18,6,0,4852,26212,0,19.44830997526793,0.0,1
Hadapsar,Hinjewadi,18,6,1,5108,31553,0,22.23782302270948,0.0,0
Hadapsar,Hinjewadi,18,6,2,5061,26057,0,18.534914048606996,0.0,0
Hadapsar,Hinjewadi,20,6,0,3778,26025,0,24.798835362625727,0.0,1
Hadapsar,Hinjewadi,20,6,1,4120,31518,0,27.540000000000003,0.0,0
Hadapsar,Hinjewadi,20,6,2,3979,26057,0,23.57506911284242,0.0,0
Hadapsar,Hinjewadi,22,6,0,2865,26025,0,32.70157068062827,0.0,1
Hadapsar,Hinjewadi,22,6,1,3130,31537,0,36.27258785942492,0.0,0
Hadapsar,Hinjewadi,22,6,2,3110,27020,0,31.277170418006428,0.0,0
Hadapsar,Hinjewadi,0,0,0,2865,26025,0,32.70157068062827,0.0,1
Hadapsar,Hinjewadi,0,0,1,3130,31537,0,36.27258785942492,0.0,0
Hadapsar,Hinjewadi,0,0,2,3110,27020,0,31.277170418006428,0.0,0
Hadapsar,Hinjewadi,6,0,0,2954,26025,0,31.71631685849695,0.0,1
Hadapsar,Hinjewadi,6,0,1,3223,31537,0,35.225938566552905,0.0,0
Hadapsar,Hinjewadi,6,0,2,3204,27020,0,30.35955056179775,0.0,0
Hadapsar,Hinjewadi,8,0,0,3817,26025,0,24.545454545454543,0.0,1
Hadapsar,Hinjewadi,8,0,1,4123,31594,0,27.58632064031045,0.0,0
Hadapsar,Hinjewadi,8,0,2,3930,27467,0,25.160610687022903,0.0,0
Hadapsar,Hinjewadi,10,0,0,4185,26212,0,22.54795698924731,0.0,1
Hadapsar,Hinjewadi,10,0,1,4489,26537,0,21.281621742036087,0.0,0
Hadapsar,Hinjewadi,10,0,2,4593,31740,0,24.877857609405616,0.0,0
Hadapsar,Hinjewadi,12,0,0,4182,26212,0,22.56413199426112,0.0,1
Hadapsar,Hinjewadi,12,0,1,4525,26537,0,21.112309392265196,0.0,0
Hadapsar,Hinjewadi,12,0,2,4634,34547,0,26.83841173931808,0.0,0
Hadapsar,Hinjewadi,14,0,0,3758,27275,0,26.12825971261309,0.0,1
Hadapsar,Hinjewadi,14,0,1,4154,31740,0,27.506981222917663,0.0,0
Hadapsar,Hinjewadi,14,0,2,3999,28180,0,25.36834208552138,0.0,0
Hadapsar,Hinjewadi,16,0,0,4170,26212,0,22.62906474820144,0.0,1
Hadapsar,Hinjewadi,16,0,1,4492,31740,0,25.43722172751558,0.0,0
Hadapsar,Hinjewadi,16,0,2,4535,26410,0,20.96493936052922,0.0,0
Hadapsar,Hinjewadi,18,0,0,4846,26212,0,19.47238959966983,0.0,1
Hadapsar,Hinjewadi,18,0,1,5054,26243,0,18.693074792243767,0.0,0
Hadapsar,Hinjewadi,18,0,2,5074,31605,0,22.42372881355932,0.0,0
Hadapsar,Hinjewadi,20,0,0,3793,26025,0,24.700764566306358,0.0,1
Hadapsar,Hinjewadi,20,0,1,4125,31605,0,27.582545454545457,0.0,0
Hadapsar,Hinjewadi,20,0,2,3994,26057,0,23.48652979469204,0.0,0
Hadapsar,Hinjewadi,22,0,0,2865,26025,0,32.70157068062827,0.0,1
Hadapsar,Hinjewadi,22,0,1,3130,31537,0,36.27258785942492,0.0,0
Hadapsar,Hinjewadi,22,0,2,3110,27020,0,31.277170418006428,0.0,0
Hadapsar,Hinjewadi,0,1,0,2865,26025,0,32.70157068062827,0.0,1
Hadapsar,Hinjewadi,0,1,1,3130,31537,0,36.27258785942492,0.0,0
Hadapsar,Hinjewadi,0,1,2,3110,27020,0,31.277170418006428,0.0,0
Hadapsar,Hinjewadi,6,1,0,2946,26025,0,31.80244399185336,0.0,1
Hadapsar,Hinjewadi,6,1,1,3218,31518,0,35.25941578620261,0.0,0
Hadapsar,Hinjewadi,6,1,2,3194,27020,0,30.454602379461488,0.0,0
Hadapsar,Hinjewadi,8,1,0,3668,26025,0,25.54252998909487,0.0,1
Hadapsar,Hinjewadi,8,1,1,4056,31594,0,28.042011834319528,0.0,0
Hadapsar,Hinjewadi,8,1,2,3803,27467,0,26.00084144096766,0.0,0
Hadapsar,Hinjewadi,10,1,0,3961,27275,0,24.78919464781621,0.0,1
Hadapsar,Hinjewadi,10,1,1,4519,31740,0,25.285240097366675,0.0,0
Hadapsar,Hinjewadi,10,1,2,4215,28180,0,24.06832740213523,0.0,0
Hadapsar,Hinjewadi,12,1,0,4016,27275,0,24.44970119521912,0.0,1
Hadapsar,Hinjewadi,12,1,1,4259,28180,0,23.81967598027706,0.0,0
Hadapsar,Hinjewadi,12,1,2,4618,31740,0,24.743178865309652,0.0,0
Hadapsar,Hinjewadi,14,1,0,3716,27275,0,26.423573735199135,0.0,1
Hadapsar,Hinjewadi,14,1,1,4120,31740,0,27.73398058252427,0.0,0
Hadapsar,Hinjewadi,14,1,2,3945,28180,0,25.715589353612163,0.0,0
Hadapsar,Hinjewadi,16,1,0,4054,26212,0,23.27656635421806,0.0,1
Hadapsar,Hinjewadi,16,1,1,4453,31740,0,25.660004491354144,0.0,0
Hadapsar,Hinjewadi,16,1,2,4462,26057,0,21.023128641864638,0.0,0
Hadapsar,Hinjewadi,18,1,0,4675,26212,0,20.184641711229947,0.0,1
Hadapsar,Hinjewadi,18,1,1,4920,26243,0,19.202195121951217,0.0,0
Hadapsar,Hinjewadi,18,1,2,4994,31605,0,22.782939527432923,0.0,0
Hadapsar,Hinjewadi,20,1,0,3733,26025,0,25.097776587195284,0.0,1
Hadapsar,Hinjewadi,20,1,1,4104,31518,0,27.647368421052636,0.0,0
Hadapsar,Hinjewadi,20,1,2,3925,27271,0,25.012891719745227,0.0,0
Hadapsar,Hinjewadi,22,1,0,2865,26025,0,32.70157068062827,0.0,1
Hadapsar,Hinjewadi,22,1,1,3130,31537,0,36.27258785942492,0.0,0
Hadapsar,Hinjewadi,22,1,2,3110,27020,0,31.277170418006428,0.0,0
Hadapsar,Hinjewadi,0,2,0,2865,26025,0,32.70157068062827,0.0,1
Hadapsar,Hinjewadi,0,2,1,3130,31537,0,36.27258785942492,0.0,0
Hadapsar,Hinjewadi,0,2,2,3110,27020,0,31.277170418006428,0.0,0
Hadapsar,Hinjewadi,6,2,0,2940,26025,0,31.86734693877551,0.0,1
Hadapsar,Hinjewadi,6,2,1,3210,31518,0,35.34728971962617,0.0,0
Hadapsar,Hinjewadi,6,2,2,3183,27020,0,30.559849198868992,0.0,0
Hadapsar,Hinjewadi,8,2,0,3641,26025,0,25.731941774237846,0.0,1
Hadapsar,Hinjewadi,8,2,1,4001,31518,0,28.359110222444382,0.0,0
Hadapsar,Hinjewadi,8,2,2,3852,28180,0,26.33644859813084,0.0,0
Hadapsar,Hinjewadi,10,2,0,3871,27275,0,25.365538620511494,0.0,1
Hadapsar,Hinjewadi,10,2,1,4089,28180,0,24.80997798972854,0.0,0
Hadapsar,Hinjewadi,10,2,2,4455,31740,0,25.648484848484845,0.0,0
Hadapsar,Hinjewadi,12,2,0,3972,26212,0,23.7570996978852,0.0,1
Hadapsar,Hinjewadi,12,2,1,4428,26537,0,21.57479674796748,0.0,0
Hadapsar,Hinjewadi,12,2,2,4247,27814,0,23.5767365198964,0.0,0
Hadapsar,Hinjewadi,14,2,0,3749,26212,0,25.17023206188317,0.0,1
Hadapsar,Hinjewadi,14,2,1,4128,26536,0,23.14186046511628,0.0,0
Hadapsar,Hinjewadi,14,2,2,4163,31740,0,27.447513812154693,0.0,0
Hadapsar,Hinjewadi,16,2,0,4080,26212,0,23.128235294117648,0.0,1
Hadapsar,Hinjewadi,16,2,1,4450,26243,0,21.23029213483146,0.0,0
Hadapsar,Hinjewadi,16,2,2,4480,31740,0,25.50535714285714,0.0,0
Hadapsar,Hinjewadi,18,2,0,4638,26212,0,20.345666235446316,0.0,1
Hadapsar,Hinjewadi,18,2,1,4963,26243,0,19.03582510578279,0.0,0
Hadapsar,Hinjewadi,18,2,2,5036,31553,0,22.55575853852264,0.0,0
Hadapsar,Hinjewadi,20,2,0,3785,26347,0,25.05923381770145,0.0,1
Hadapsar,Hinjewadi,20,2,1,4021,26537,0,23.75856752051728,0.0,0
Hadapsar,Hinjewadi,20,2,2,4160,31537,0,27.291634615384616,0.0,0
Hadapsar,Hinjewadi,22,2,0,2865,26025,0,32.70157068062827,0.0,1
Hadapsar,Hinjewadi,22,2,1,3130,31537,0,36.27258785942492,0.0,0
Hadapsar,Hinjewadi,22,2,2,3110,27020,0,31.277170418006428,0.0,0
Hadapsar,Hinjewadi,0,3,0,2865,26025,0,32.70157068062827,0.0,1
Hadapsar,Hinjewadi,0,3,1,3130,31537,0,36.27258785942492,0.0,0
Hadapsar,Hinjewadi,0,3,2,3110,27020,0,31.277170418006428,0.0,0
Hadapsar,Hinjewadi,6,3,0,2923,26025,0,32.05268559698939,0.0,1
Hadapsar,Hinjewadi,6,3,1,3201,31537,0,35.468041237113404,0.0,0
Hadapsar,Hinjewadi,6,3,2,3276,27756,0,30.5010989010989,0.0,0
Hadapsar,Hinjewadi,8,3,0,3201,26025,0,29.268978444236176,0.0,1
Hadapsar,Hinjewadi,8,3,1,3709,31518,0,30.59174979778916,0.0,0
Hadapsar,Hinjewadi,8,3,2,3531,27756,0,28.29838572642311,0.0,0
Hadapsar,Hinjewadi,10,3,0,3490,27275,0,28.13467048710601,0.0,1
Hadapsar,Hinjewadi,10,3,1,3702,27756,0,26.99124797406807,0.0,0
Hadapsar,Hinjewadi,10,3,2,4199,31740,0,27.21219337937604,0.0,0
Hadapsar,Hinjewadi,12,3,0,3750,26212,0,25.16352,0.0,1
Hadapsar,Hinjewadi,12,3,1,4166,26225,0,22.662025924147866,0.0,0
Hadapsar,Hinjewadi,12,3,2,3952,27756,0,25.2838056680162,0.0,0
Hadapsar,Hinjewadi,14,3,0,3776,26212,0,24.99025423728813,0.0,1
Hadapsar,Hinjewadi,14,3,1,4199,26057,0,22.339890450107166,0.0,0
Hadapsar,Hinjewadi,14,3,2,3979,27756,0,25.112239256094497,0.0,0
Hadapsar,Hinjewadi,16,3,0,3940,26212,0,23.95005076142132,0.0,1
Hadapsar,Hinjewadi,16,3,1,4342,26057,0,21.60414555504376,0.0,0
Hadapsar,Hinjewadi,16,3,2,4161,27756,0,24.01384282624369,0.0,0
Hadapsar,Hinjewadi,18,3,0,4145,26616,0,23.11642943305187,0.0,1
Hadapsar,Hinjewadi,18,3,1,4406,26351,0,21.53054925102133,0.0,0
Hadapsar,Hinjewadi,18,3,2,4794,31553,0,23.694367959949936,0.0,0
Hadapsar,Hinjewadi,20,3,0,3600,26025,0,26.025,0.0,1
Hadapsar,Hinjewadi,20,3,1,4059,31518,0,27.95388026607539,0.0,0
Hadapsar,Hinjewadi,20,3,2,3755,27271,0,26.14529960053262,0.0,0
Hadapsar,Hinjewadi,22,3,0,2865,26025,0,32.70157068062827,0.0,1
Hadapsar,Hinjewadi,22,3,1,3130,31537,0,36.27258785942492,0.0,0
Hadapsar,Hinjewadi,22,3,2,3110,27020,0,31.277170418006428,0.0,0
Hadapsar,Hinjewadi,0,4,0,2865,26025,0,32.70157068062827,0.0,1
Hadapsar,Hinjewadi,0,4,1,3130,31537,0,36.27258785942492,0.0,0
Hadapsar,Hinjewadi,0,4,2,3110,27020,0,31.277170418006428,0.0,0
Hadapsar,Hinjewadi,6,4,0,2909,26025,0,32.20694396699897,0.0,1
Hadapsar,Hinjewadi,6,4,1,3185,31537,0,35.64621664050235,0.0,0
Hadapsar,Hinjewadi,6,4,2,3157,27020,0,30.811529933481157,0.0,0
Hadapsar,Hinjewadi,8,4,0,3053,26025,0,30.687848018342613,0.0,1
Hadapsar,Hinjewadi,8,4,1,3473,31518,0,32.67054419809963,0.0,0
Hadapsar,Hinjewadi,8,4,2,3307,27020,0,29.41397036589053,0.0,0
Hadapsar,Hinjewadi,10,4,0,3191,26025,0,29.360701974302724,0.0,1
Hadapsar,Hinjewadi,10,4,1,3746,31605,0,30.373198077949816,0.0,0
Hadapsar,Hinjewadi,10,4,2,3448,27417,0,28.62563805104409,0.0,0
Hadapsar,Hinjewadi,12,4,0,3385,26025,0,27.677991137370757,0.0,1
Hadapsar,Hinjewadi,12,4,1,3605,27329,0,27.29109570041609,0.0,0
Hadapsar,Hinjewadi,12,4,2,4015,31605,0,28.33823163138232,0.0,0
Hadapsar,Hinjewadi,14,4,0,3463,27275,0,28.35402829916257,0.0,1
Hadapsar,Hinjewadi,14,4,1,3725,28180,0,27.23436241610738,0.0,0
Hadapsar,Hinjewadi,14,4,2,4000,31605,0,28.4445,0.0,0
Hadapsar,Hinjewadi,16,4,0,3634,27275,0,27.019812878370946,0.0,1
Hadapsar,Hinjewadi,16,4,1,3750,27271,0,26.18016,0.0,0
Hadapsar,Hinjewadi,16,4,2,4163,31605,0,27.330771078549123,0.0,0
Hadapsar,Hinjewadi,18,4,0,3741,27275,0,26.24699278267843,0.0,1
Hadapsar,Hinjewadi,18,4,1,3866,27271,0,25.394619762027936,0.0,0
Hadapsar,Hinjewadi,18,4,2,4351,31605,0,26.14985060905539,0.0,0
Hadapsar,Hinjewadi,20,4,0,3337,26025,0,28.076116272100688,0.0,1
Hadapsar,Hinjewadi,20,4,1,3854,31518,0,29.440788790866637,0.0,0
Hadapsar,Hinjewadi,20,4,2,3578,27417,0,27.58557853549469,0.0,0
Hadapsar,Hinjewadi,22,4,0,2865,26025,0,32.70157068062827,0.0,1
Hadapsar,Hinjewadi,22,4,1,3130,31537,0,36.27258785942492,0.0,0
Hadapsar,Hinjewadi,22,4,2,3110,27020,0,31.277170418006428,0.0,0
Hadapsar,Hinjewadi,0,5,0,2865,26025,0,32.70157068062827,0.0,1
Hadapsar,Hinjewadi,0,5,1,3130,31537,0,36.27258785942492,0.0,0
Hadapsar,Hinjewadi,0,5,2,3110,27020,0,31.277170418006428,0.0,0
Hadapsar,Hinjewadi,6,5,0,2947,26025,0,31.79165252799457,0.0,1
Hadapsar,Hinjewadi,6,5,1,3224,31537,0,35.21501240694789,0.0,0
Hadapsar,Hinjewadi,6,5,2,3301,27756,0,30.27009996970615,0.0,0
Hadapsar,Hinjewadi,8,5,0,3679,26025,0,25.46615928241369,0.0,1
Hadapsar,Hinjewadi,8,5,1,4096,31518,0,27.7013671875,0.0,0
Hadapsar,Hinjewadi,8,5,2,3794,27042,0,25.659251449657354,0.0,0
Hadapsar,Hinjewadi,10,5,0,3981,26212,0,23.70339110776187,0.0,1
Hadapsar,Hinjewadi,10,5,1,4411,26536,0,21.65712990251644,0.0,0
Hadapsar,Hinjewadi,10,5,2,4234,27756,0,23.599811053377422,0.0,0
Hadapsar,Hinjewadi,12,5,0,3994,26212,0,23.62623935903856,0.0,1
Hadapsar,Hinjewadi,12,5,1,4450,26537,0,21.468134831460677,0.0,0
Hadapsar,Hinjewadi,12,5,2,4270,27814,0,23.449742388758786,0.0,0
Hadapsar,Hinjewadi,14,5,0,3667,27275,0,26.776656667575672,0.0,1
Hadapsar,Hinjewadi,14,5,1,4102,31740,0,27.85568015602145,0.0,0
Hadapsar,Hinjewadi,14,5,2,3885,28180,0,26.112741312741317,0.0,0
Hadapsar,Hinjewadi,16,5,0,4007,26212,0,23.549588220613927,0.0,1
Hadapsar,Hinjewadi,16,5,1,4409,31740,0,25.916080743932863,0.0,0
Hadapsar,Hinjewadi,16,5,2,4487,26225,0,21.0407844885224,0.0,0
Hadapsar,Hinjewadi,18,5,0,4578,26212,0,20.61231979030144,0.0,1
Hadapsar,Hinjewadi,18,5,1,4941,26243,0,19.12058287795993,0.0,0
Hadapsar,Hinjewadi,18,5,2,4978,31605,0,22.85616713539574,0.0,0
Hadapsar,Hinjewadi,20,5,0,3728,26025,0,25.131437768240342,0.0,1
Hadapsar,Hinjewadi,20,5,1,4088,31518,0,27.755577299412916,0.0,0
Hadapsar,Hinjewadi,20,5,2,3908,27271,0,25.121699078812693,0.0,0
Hadapsar,Hinjewadi,22,5,0,2865,26025,0,32.70157068062827,0.0,1
Hadapsar,Hinjewadi,22,5,1,3130,31537,0,36.27258785942492,0.0,0
Hadapsar,Hinjewadi,22,5,2,3110,27020,0,31.277170418006428,0.0,0
Hadapsar,Hinjewadi,0,6,0,2865,26025,0,32.70157068062827,0.0,1
Hadapsar,Hinjewadi,0,6,1,3130,31537,0,36.27258785942492,0.0,0
Hadapsar,Hinjewadi,0,6,2,3110,27020,0,31.277170418006428,0.0,0
Hadapsar,Hinjewadi,6,6,0,2957,26025,0,31.684139330402434,0.0,1
Hadapsar,Hinjewadi,6,6,1,3229,31518,0,35.13930009290802,0.0,0
Hadapsar,Hinjewadi,6,6,2,3207,27020,0,30.3311506080449,0.0,0
Hadapsar,Hinjewadi,8,6,0,3839,26025,0,24.404792914821567,0.0,1
Hadapsar,Hinjewadi,8,6,1,4194,31594,0,27.11931330472103,0.0,0
Hadapsar,Hinjewadi,8,6,2,3971,27467,0,24.90083102493075,0.0,0
Hadapsar,Hinjewadi,10,6,0,4199,26212,0,22.47277923315075,0.0,1
Hadapsar,Hinjewadi,10,6,1,4527,26537,0,21.102982107355864,0.0,0
Hadapsar,Hinjewadi,10,6,2,4693,31740,0,24.34775197102067,0.0,0
Hadapsar,Hinjewadi,12,6,0,4196,26212,0,22.488846520495716,0.0,1
Hadapsar,Hinjewadi,12,6,1,4528,26537,0,21.098321554770315,0.0,0
Hadapsar,Hinjewadi,12,6,2,4684,34547,0,26.55192143467122,0.0,0
Hadapsar,Hinjewadi,14,6,0,3801,27275,0,25.83267561168113,0.0,1
Hadapsar,Hinjewadi,14,6,1,4182,31740,0,27.32281205164993,0.0,0
Hadapsar,Hinjewadi,14,6,2,4035,28180,0,25.14200743494424,0.0,0
Hadapsar,Hinjewadi,16,6,0,4201,26212,0,22.46208045703404,0.0,1
Hadapsar,Hinjewadi,16,6,1,4544,31740,0,25.14612676056338,0.0,0
Hadapsar,Hinjewadi,16,6,2,4617,26225,0,20.44834307992203,0.0,0
Hadapsar,Hinjewadi,18,6,0,4852,26212,0,19.44830997526793,0.0,1
Hadapsar,Hinjewadi,18,6,1,5108,31553,0,22.23782302270948,0.0,0
Hadapsar,Hinjewadi,18,6,2,5061,26057,0,18.534914048606996,0.0,0
Hadapsar,Hinjewadi,20,6,0,3778,26025,0,24.798835362625727,0.0,1
Hadapsar,Hinjewadi,20,6,1,4120,31518,0,27.540000000000003,0.0,0
Hadapsar,Hinjewadi,20,6,2,3979,26057,0,23.57506911284242,0.0,0
Hadapsar,Hinjewadi,22,6,0,2865,26025,0,32.70157068062827,0.0,1
Hadapsar,Hinjewadi,22,6,1,3130,31537,0,36.27258785942492,0.0,0
Hadapsar,Hinjewadi,22,6,2,3110,27020,0,31.277170418006428,0.0,0
Hadapsar,Kothrud,0,0,0,1816,15438,0,30.60396475770925,0.0,1
Hadapsar,Kothrud,0,0,1,1978,16861,0,30.687360970677457,0.0,0
Hadapsar,Kothrud,0,0,2,2124,16684,0,28.27796610169492,0.0,0
Hadapsar,Kothrud,6,0,0,1863,15438,0,29.831884057971017,0.0,1
Hadapsar,Kothrud,6,0,1,2032,16861,0,29.87185039370079,0.0,0
Hadapsar,Kothrud,6,0,2,2177,16684,0,27.589526871841983,0.0,0
Hadapsar,Kothrud,8,0,0,2432,15495,0,22.936677631578945,0.0,1
Hadapsar,Kothrud,8,0,1,2691,16861,0,22.556521739130435,0.0,0
Hadapsar,Kothrud,8,0,2,2718,16684,0,22.098013245033115,0.0,0
Hadapsar,Kothrud,10,0,0,2780,15641,0,20.25453237410072,0.0,1
Hadapsar,Kothrud,10,0,1,3072,18111,0,21.223828125,0.0,0
Hadapsar,Kothrud,10,0,2,3135,16684,0,19.15866028708134,0.0,0
Hadapsar,Kothrud,12,0,0,2926,15641,0,19.24388243335612,0.0,1
Hadapsar,Kothrud,12,0,1,3253,18111,0,20.04291423301568,0.0,0
Hadapsar,Kothrud,12,0,2,3375,16684,0,17.796266666666668,0.0,0
Hadapsar,Kothrud,14,0,0,2611,15641,0,21.565530448104173,0.0,1
Hadapsar,Kothrud,14,0,1,2933,18111,0,22.22966246164337,0.0,0
Hadapsar,Kothrud,14,0,2,3156,16684,0,19.03117870722433,0.0,0
Hadapsar,Kothrud,16,0,0,2788,15641,0,20.19641319942611,0.0,1
Hadapsar,Kothrud,16,0,1,3259,18111,0,20.00601411475913,0.0,0
Hadapsar,Kothrud,16,0,2,3359,16868,0,18.078237570705568,0.0,0
Hadapsar,Kothrud,18,0,0,3201,15506,0,17.43880037488285,0.0,1
Hadapsar,Kothrud,18,0,1,3620,16684,0,16.591823204419892,0.0,0
Hadapsar,Kothrud,18,0,2,3799,18181,0,17.228639115556728,0.0,0
Hadapsar,Kothrud,20,0,0,2579,15506,0,21.644668476153548,0.0,1
Hadapsar,Kothrud,20,0,1,2825,16861,0,21.48658407079646,0.0,0
Hadapsar,Kothrud,20,0,2,2837,16684,0,21.171096228410292,0.0,0
Hadapsar,Kothrud,22,0,0,1816,15438,0,30.60396475770925,0.0,1
Hadapsar,Kothrud,22,0,1,1978,16861,0,30.687360970677457,0.0,0
Hadapsar,Kothrud,22,0,2,2124,16684,0,28.27796610169492,0.0,0
Hadapsar,Kothrud,0,1,0,1816,15438,0,30.60396475770925,0.0,1
Hadapsar,Kothrud,0,1,1,1978,16861,0,30.687360970677457,0.0,0
Hadapsar,Kothrud,0,1,2,2124,16684,0,28.27796610169492,0.0,0
Hadapsar,Kothrud,6,1,0,1863,15419,0,29.795169082125607,0.0,1
Hadapsar,Kothrud,6,1,1,2027,16861,0,29.945535273803653,0.0,0
Hadapsar,Kothrud,6,1,2,2172,16684,0,27.653038674033148,0.0,0
Hadapsar,Kothrud,8,1,0,2413,15495,0,23.11728139245752,0.0,1
Hadapsar,Kothrud,8,1,1,2585,16861,0,23.48147001934236,0.0,0
Hadapsar,Kothrud,8,1,2,2660,16684,0,22.579849624060152,0.0,0
Hadapsar,Kothrud,10,1,0,2770,15641,0,20.327653429602886,0.0,1
Hadapsar,Kothrud,10,1,1,2917,18111,0,22.351594103531028,0.0,0
Hadapsar,Kothrud,10,1,2,3052,16684,0,19.67968545216252,0.0,0
Hadapsar,Kothrud,12,1,0,2919,15641,0,19.29003083247688,0.0,1
Hadapsar,Kothrud,12,1,1,3135,18111,0,20.79732057416268,0.0,0
Hadapsar,Kothrud,12,1,2,3304,16684,0,18.17869249394673,0.0,0
Hadapsar,Kothrud,14,1,0,2589,15641,0,21.74878331402086,0.0,1
Hadapsar,Kothrud,14,1,1,2911,18111,0,22.39766403297836,0.0,0
Hadapsar,Kothrud,14,1,2,3100,16684,0,19.374967741935485,0.0,0
Hadapsar,Kothrud,16,1,0,2764,15641,0,20.37178002894356,0.0,1
Hadapsar,Kothrud,16,1,1,3166,18111,0,20.593682880606444,0.0,0
Hadapsar,Kothrud,16,1,2,3273,16868,0,18.553253895508707,0.0,0
Hadapsar,Kothrud,18,1,0,3139,15506,0,17.783243071041735,0.0,1
Hadapsar,Kothrud,18,1,1,3517,16684,0,17.0777367074211,0.0,0
Hadapsar,Kothrud,18,1,2,3630,18181,0,18.030743801652893,0.0,0
Hadapsar,Kothrud,20,1,0,2560,15419,0,21.68296875,0.0,1
Hadapsar,Kothrud,20,1,1,2767,16861,0,21.936971449222984,0.0,0
Hadapsar,Kothrud,20,1,2,2895,16868,0,20.975751295336785,0.0,0
Hadapsar,Kothrud,22,1,0,1816,15438,0,30.60396475770925,0.0,1
Hadapsar,Kothrud,22,1,1,1978,16861,0,30.687360970677457,0.0,0
Hadapsar,Kothrud,22,1,2,2124,16684,0,28.27796610169492,0.0,0
Hadapsar,Kothrud,0,2,0,1816,15438,0,30.60396475770925,0.0,1
Hadapsar,Kothrud,0,2,1,1978,16861,0,30.687360970677457,0.0,0
Hadapsar,Kothrud,0,2,2,2124,16684,0,28.27796610169492,0.0,0
Hadapsar,Kothrud,6,2,0,1862,15419,0,29.811170784103115,0.0,1
Hadapsar,Kothrud,6,2,1,2026,16861,0,29.96031589338598,0.0,0
Hadapsar,Kothrud,6,2,2,2172,16684,0,27.653038674033148,0.0,0
Hadapsar,Kothrud,8,2,0,2397,15419,0,23.15744680851064,0.0,1
Hadapsar,Kothrud,8,2,1,2577,16861,0,23.55436554132713,0.0,0
Hadapsar,Kothrud,8,2,2,2637,16684,0,22.77679180887372,0.0,0
Hadapsar,Kothrud,10,2,0,2740,15641,0,20.55021897810219,0.0,1
Hadapsar,Kothrud,10,2,1,2853,18111,0,22.852996845425867,0.0,0
Hadapsar,Kothrud,10,2,2,3030,16684,0,19.822574257425742,0.0,0
Hadapsar,Kothrud,12,2,0,2923,15641,0,19.263633253506672,0.0,1
Hadapsar,Kothrud,12,2,1,3132,18111,0,20.817241379310342,0.0,0
Hadapsar,Kothrud,12,2,2,3315,16684,0,18.118371040723986,0.0,0
Hadapsar,Kothrud,14,2,0,2619,15641,0,21.499656357388314,0.0,1
Hadapsar,Kothrud,14,2,1,2993,18111,0,21.784029401937858,0.0,0
Hadapsar,Kothrud,14,2,2,3153,16868,0,19.25937202664129,0.0,0
Hadapsar,Kothrud,16,2,0,2784,15641,0,20.22543103448276,0.0,1
Hadapsar,Kothrud,16,2,1,3259,18181,0,20.083338447376494,0.0,0
Hadapsar,Kothrud,16,2,2,3279,16868,0,18.519304666056723,0.0,0
Hadapsar,Kothrud,18,2,0,3160,15454,0,17.605822784810126,0.0,1
Hadapsar,Kothrud,18,2,1,3517,16684,0,17.0777367074211,0.0,0
Hadapsar,Kothrud,18,2,2,3676,18181,0,17.805114254624595,0.0,0
Hadapsar,Kothrud,20,2,0,2595,15438,0,21.416878612716765,0.0,1
Hadapsar,Kothrud,20,2,1,2808,16861,0,21.616666666666667,0.0,0
Hadapsar,Kothrud,20,2,2,2832,16684,0,21.20847457627119,0.0,0
Hadapsar,Kothrud,22,2,0,1816,15438,0,30.60396475770925,0.0,1
Hadapsar,Kothrud,22,2,1,1978,16861,0,30.687360970677457,0.0,0
Hadapsar,Kothrud,22,2,2,2124,16684,0,28.27796610169492,0.0,0
Hadapsar,Kothrud,0,3,0,1816,15438,0,30.60396475770925,0.0,1
Hadapsar,Kothrud,0,3,1,1978,16861,0,30.687360970677457,0.0,0
Hadapsar,Kothrud,0,3,2,2124,16684,0,28.27796610169492,0.0,0
Hadapsar,Kothrud,6,3,0,1858,15438,0,29.91216361679225,0.0,1
Hadapsar,Kothrud,6,3,1,2018,16861,0,30.079088206144696,0.0,0
Hadapsar,Kothrud,6,3,2,2167,16684,0,27.716843562528847,0.0,0
Hadapsar,Kothrud,8,3,0,2224,15419,0,24.95881294964029,0.0,1
Hadapsar,Kothrud,8,3,1,2288,16861,0,26.529545454545456,0.0,0
Hadapsar,Kothrud,8,3,2,2518,16684,0,23.85321683876092,0.0,0
Hadapsar,Kothrud,10,3,0,2585,15641,0,21.782437137330756,0.0,1
Hadapsar,Kothrud,10,3,1,2650,18111,0,24.603622641509432,0.0,0
Hadapsar,Kothrud,10,3,2,2771,16684,0,21.675351858534828,0.0,0
Hadapsar,Kothrud,12,3,0,2899,15641,0,19.42311141773025,0.0,1
Hadapsar,Kothrud,12,3,1,3003,18111,0,21.711488511488515,0.0,0
Hadapsar,Kothrud,12,3,2,3088,16868,0,19.66476683937824,0.0,0
Hadapsar,Kothrud,14,3,0,2784,15641,0,20.22543103448276,0.0,1
Hadapsar,Kothrud,14,3,1,3029,18111,0,21.52512380323539,0.0,0
Hadapsar,Kothrud,14,3,2,3062,16868,0,19.83174395819725,0.0,0
Hadapsar,Kothrud,16,3,0,2916,15641,0,19.309876543209874,0.0,1
Hadapsar,Kothrud,16,3,1,3156,18111,0,20.65893536121673,0.0,0
Hadapsar,Kothrud,16,3,2,3173,16868,0,19.1379766782225,0.0,0
Hadapsar,Kothrud,18,3,0,3020,15454,0,18.421986754966888,0.0,1
Hadapsar,Kothrud,18,3,1,3179,18111,0,20.509468386285,0.0,0
Hadapsar,Kothrud,18,3,2,3216,16684,0,18.67611940298508,0.0,0
Hadapsar,Kothrud,20,3,0,2502,15419,0,22.185611510791368,0.0,1
Hadapsar,Kothrud,20,3,1,2659,16861,0,22.827980443775857,0.0,0
Hadapsar,Kothrud,20,3,2,2801,16868,0,21.679685826490537,0.0,0
Hadapsar,Kothrud,22,3,0,1816,15438,0,30.60396475770925,0.0,1
Hadapsar,Kothrud,22,3,1,1978,16861,0,30.687360970677457,0.0,0
Hadapsar,Kothrud,22,3,2,2124,16684,0,28.27796610169492,0.0,0
Hadapsar,Kothrud,0,4,0,1816,15438,0,30.60396475770925,0.0,1
Hadapsar,Kothrud,0,4,1,1978,16861,0,30.687360970677457,0.0,0
Hadapsar,Kothrud,0,4,2,2124,16684,0,28.27796610169492,0.0,0
Hadapsar,Kothrud,6,4,0,1846,15438,0,30.106608884073676,0.0,1
Hadapsar,Kothrud,6,4,1,2010,16861,0,30.19880597014925,0.0,0
Hadapsar,Kothrud,6,4,2,2158,16684,0,27.832437442076,0.0,0
Hadapsar,Kothrud,8,4,0,2062,15419,0,26.91968962172648,0.0,1
Hadapsar,Kothrud,8,4,1,2175,16861,0,27.90786206896552,0.0,0
Hadapsar,Kothrud,8,4,2,2345,16684,0,25.612963752665244,0.0,0
Hadapsar,Kothrud,10,4,0,2249,15506,0,24.82063139172966,0.0,1
Hadapsar,Kothrud,10,4,1,2339,16861,0,25.95109020949124,0.0,0
Hadapsar,Kothrud,10,4,2,2552,16684,0,23.535423197492165,0.0,0
Hadapsar,Kothrud,12,4,0,2453,15506,0,22.756461475743983,0.0,1
Hadapsar,Kothrud,12,4,1,2596,16861,0,23.381972265023112,0.0,0
Hadapsar,Kothrud,12,4,2,2827,16684,0,21.24598514326141,0.0,0
Hadapsar,Kothrud,14,4,0,2442,15506,0,22.85896805896806,0.0,1
Hadapsar,Kothrud,14,4,1,2664,18111,0,24.474324324324325,0.0,0
Hadapsar,Kothrud,14,4,2,2875,16684,0,20.891269565217392,0.0,0
Hadapsar,Kothrud,16,4,0,2536,15506,0,22.011671924290223,0.0,1
Hadapsar,Kothrud,16,4,1,2776,18111,0,23.486887608069168,0.0,0
Hadapsar,Kothrud,16,4,2,2980,16868,0,20.37744966442953,0.0,0
Hadapsar,Kothrud,18,4,0,2666,15506,0,20.93833458364591,0.0,1
Hadapsar,Kothrud,18,4,1,2828,18111,0,23.055021216407354,0.0,0
Hadapsar,Kothrud,18,4,2,3014,16684,0,19.92780358327804,0.0,0
Hadapsar,Kothrud,20,4,0,2338,15419,0,23.741830624465354,0.0,1
Hadapsar,Kothrud,20,4,1,2453,16861,0,24.74504688136975,0.0,0
Hadapsar,Kothrud,20,4,2,2629,16684,0,22.84610117915557,0.0,0
Hadapsar,Kothrud,22,4,0,1816,15438,0,30.60396475770925,0.0,1
Hadapsar,Kothrud,22,4,1,1978,16861,0,30.687360970677457,0.0,0
Hadapsar,Kothrud,22,4,2,2124,16684,0,28.27796610169492,0.0,0
Hadapsar,Kothrud,0,5,0,1816,15438,0,30.60396475770925,0.0,1
Hadapsar,Kothrud,0,5,1,1978,16861,0,30.687360970677457,0.0,0
Hadapsar,Kothrud,0,5,2,2124,16684,0,28.27796610169492,0.0,0
Hadapsar,Kothrud,6,5,0,1863,15438,0,29.831884057971017,0.0,1
Hadapsar,Kothrud,6,5,1,2028,16861,0,29.93076923076923,0.0,0
Hadapsar,Kothrud,6,5,2,2173,16684,0,27.640312931431204,0.0,0
Hadapsar,Kothrud,8,5,0,2440,15419,0,22.74934426229508,0.0,1
Hadapsar,Kothrud,8,5,1,2584,16861,0,23.4905572755418,0.0,0
Hadapsar,Kothrud,8,5,2,2660,16684,0,22.579849624060152,0.0,0
Hadapsar,Kothrud,10,5,0,2773,15641,0,20.305661738189688,0.0,1
Hadapsar,Kothrud,10,5,1,2908,18111,0,22.42077028885832,0.0,0
Hadapsar,Kothrud,10,5,2,3058,16684,0,19.64107259646828,0.0,0
Hadapsar,Kothrud,12,5,0,2898,15641,0,19.42981366459627,0.0,1
Hadapsar,Kothrud,12,5,1,3092,18111,0,21.08654592496766,0.0,0
Hadapsar,Kothrud,12,5,2,3316,16684,0,18.112907117008444,0.0,0
Hadapsar,Kothrud,14,5,0,2567,15641,0,21.93517724970783,0.0,1
Hadapsar,Kothrud,14,5,1,2841,18111,0,22.949524815205915,0.0,0
Hadapsar,Kothrud,14,5,2,3123,16684,0,19.23227665706052,0.0,0
Hadapsar,Kothrud,16,5,0,2740,15641,0,20.55021897810219,0.0,1
Hadapsar,Kothrud,16,5,1,3122,18111,0,20.883920563741192,0.0,0
Hadapsar,Kothrud,16,5,2,3277,16868,0,18.53060726274031,0.0,0
Hadapsar,Kothrud,18,5,0,3153,15506,0,17.70428163653663,0.0,1
Hadapsar,Kothrud,18,5,1,3524,16684,0,17.043813847900115,0.0,0
Hadapsar,Kothrud,18,5,2,3543,15684,0,15.936325148179508,0.0,0
Hadapsar,Kothrud,20,5,0,2546,15419,0,21.80219952867243,0.0,1
Hadapsar,Kothrud,20,5,1,2765,16861,0,21.952839059674503,0.0,0
Hadapsar,Kothrud,20,5,2,2904,16868,0,20.91074380165289,0.0,0
Hadapsar,Kothrud,22,5,0,1816,15438,0,30.60396475770925,0.0,1
Hadapsar,Kothrud,22,5,1,1978,16861,0,30.687360970677457,0.0,0
Hadapsar,Kothrud,22,5,2,2124,16684,0,28.27796610169492,0.0,0
Hadapsar,Kothrud,0,6,0,1816,15438,0,30.60396475770925,0.0,1
Hadapsar,Kothrud,0,6,1,1978,16861,0,30.687360970677457,0.0,0
Hadapsar,Kothrud,0,6,2,2124,16684,0,28.27796610169492,0.0,0
Hadapsar,Kothrud,6,6,0,1867,15419,0,29.731333690412427,0.0,1
Hadapsar,Kothrud,6,6,1,2033,16861,0,29.85715691096901,0.0,0
Hadapsar,Kothrud,6,6,2,2179,16684,0,27.56420376319413,0.0,0
Hadapsar,Kothrud,8,6,0,2491,15495,0,22.39341629867523,0.0,1
Hadapsar,Kothrud,8,6,1,2696,16861,0,22.514688427299703,0.0,0
Hadapsar,Kothrud,8,6,2,2742,16684,0,21.904595185995625,0.0,0
Hadapsar,Kothrud,10,6,0,2870,15641,0,19.61937282229965,0.0,1
Hadapsar,Kothrud,10,6,1,3100,18111,0,21.032129032258062,0.0,0
Hadapsar,Kothrud,10,6,2,3171,16684,0,18.941154210028383,0.0,0
Hadapsar,Kothrud,12,6,0,2984,15641,0,18.869839142091152,0.0,1
Hadapsar,Kothrud,12,6,1,3282,18111,0,19.865813528336385,0.0,0
Hadapsar,Kothrud,12,6,2,3388,16684,0,17.72798110979929,0.0,0
Hadapsar,Kothrud,14,6,0,2628,15641,0,21.426027397260277,0.0,1
Hadapsar,Kothrud,14,6,1,2967,18111,0,21.974924165824063,0.0,0
Hadapsar,Kothrud,14,6,2,3151,16684,0,19.061377340526818,0.0,0
Hadapsar,Kothrud,16,6,0,2829,15641,0,19.90371155885472,0.0,1
Hadapsar,Kothrud,16,6,1,3294,18181,0,19.869945355191252,0.0,0
Hadapsar,Kothrud,16,6,2,3344,16868,0,18.159330143540668,0.0,0
Hadapsar,Kothrud,18,6,0,3244,15454,0,17.149938347718866,0.0,1
Hadapsar,Kothrud,18,6,1,3602,16684,0,16.674736257634645,0.0,0
Hadapsar,Kothrud,18,6,2,3777,18181,0,17.32899126290707,0.0,0
Hadapsar,Kothrud,20,6,0,2583,15419,0,21.489895470383274,0.0,1
Hadapsar,Kothrud,20,6,1,2806,16861,0,21.63207412687099,0.0,0
Hadapsar,Kothrud,20,6,2,2893,16868,0,20.99025233321811,0.0,0
Hadapsar,Kothrud,22,6,0,1816,15438,0,30.60396475770925,0.0,1
Hadapsar,Kothrud,22,6,1,1978,16861,0,30.687360970677457,0.0,0
Hadapsar,Kothrud,22,6,2,2124,16684,0,28.27796610169492,0.0,0
Hadapsar,Kothrud,0,0,0,1816,15438,0,30.60396475770925,0.0,1
Hadapsar,Kothrud,0,0,1,1978,16861,0,30.687360970677457,0.0,0
Hadapsar,Kothrud,0,0,2,2124,16684,0,28.27796610169492,0.0,0
Hadapsar,Kothrud,6,0,0,1863,15438,0,29.831884057971017,0.0,1
Hadapsar,Kothrud,6,0,1,2032,16861,0,29.87185039370079,0.0,0
Hadapsar,Kothrud,6,0,2,2177,16684,0,27.589526871841983,0.0,0
Hadapsar,Kothrud,8,0,0,2432,15495,0,22.936677631578945,0.0,1
Hadapsar,Kothrud,8,0,1,2691,16861,0,22.556521739130435,0.0,0
Hadapsar,Kothrud,8,0,2,2718,16684,0,22.098013245033115,0.0,0
Hadapsar,Kothrud,10,0,0,2780,15641,0,20.25453237410072,0.0,1
Hadapsar,Kothrud,10,0,1,3072,18111,0,21.223828125,0.0,0
Hadapsar,Kothrud,10,0,2,3135,16684,0,19.15866028708134,0.0,0
Hadapsar,Kothrud,12,0,0,2926,15641,0,19.24388243335612,0.0,1
Hadapsar,Kothrud,12,0,1,3253,18111,0,20.04291423301568,0.0,0
Hadapsar,Kothrud,12,0,2,3375,16684,0,17.796266666666668,0.0,0
Hadapsar,Kothrud,14,0,0,2611,15641,0,21.565530448104173,0.0,1
Hadapsar,Kothrud,14,0,1,2933,18111,0,22.22966246164337,0.0,0
Hadapsar,Kothrud,14,0,2,3156,16684,0,19.03117870722433,0.0,0
Hadapsar,Kothrud,16,0,0,2788,15641,0,20.19641319942611,0.0,1
Hadapsar,Kothrud,16,0,1,3259,18111,0,20.00601411475913,0.0,0
Hadapsar,Kothrud,16,0,2,3359,16868,0,18.078237570705568,0.0,0
Hadapsar,Kothrud,18,0,0,3201,15506,0,17.43880037488285,0.0,1
Hadapsar,Kothrud,18,0,1,3620,16684,0,16.591823204419892,0.0,0
Hadapsar,Kothrud,18,0,2,3799,18181,0,17.228639115556728,0.0,0
Hadapsar,Kothrud,20,0,0,2579,15506,0,21.644668476153548,0.0,1
Hadapsar,Kothrud,20,0,1,2825,16861,0,21.48658407079646,0.0,0
Hadapsar,Kothrud,20,0,2,2837,16684,0,21.171096228410292,0.0,0
Hadapsar,Kothrud,22,0,0,1816,15438,0,30.60396475770925,0.0,1
Hadapsar,Kothrud,22,0,1,1978,16861,0,30.687360970677457,0.0,0
Hadapsar,Kothrud,22,0,2,2124,16684,0,28.27796610169492,0.0,0
Hadapsar,Kothrud,0,1,0,1816,15438,0,30.60396475770925,0.0,1
Hadapsar,Kothrud,0,1,1,1978,16861,0,30.687360970677457,0.0,0
Hadapsar,Kothrud,0,1,2,2124,16684,0,28.27796610169492,0.0,0
Hadapsar,Kothrud,6,1,0,1863,15419,0,29.795169082125607,0.0,1
Hadapsar,Kothrud,6,1,1,2027,16861,0,29.945535273803653,0.0,0
Hadapsar,Kothrud,6,1,2,2172,16684,0,27.653038674033148,0.0,0
Hadapsar,Kothrud,8,1,0,2413,15495,0,23.11728139245752,0.0,1
Hadapsar,Kothrud,8,1,1,2585,16861,0,23.48147001934236,0.0,0
Hadapsar,Kothrud,8,1,2,2660,16684,0,22.579849624060152,0.0,0
Hadapsar,Kothrud,10,1,0,2770,15641,0,20.327653429602886,0.0,1
Hadapsar,Kothrud,10,1,1,2917,18111,0,22.351594103531028,0.0,0
Hadapsar,Kothrud,10,1,2,3052,16684,0,19.67968545216252,0.0,0
Hadapsar,Kothrud,12,1,0,2919,15641,0,19.29003083247688,0.0,1
Hadapsar,Kothrud,12,1,1,3135,18111,0,20.79732057416268,0.0,0
Hadapsar,Kothrud,12,1,2,3304,16684,0,18.17869249394673,0.0,0
Hadapsar,Kothrud,14,1,0,2589,15641,0,21.74878331402086,0.0,1
Hadapsar,Kothrud,14,1,1,2911,18111,0,22.39766403297836,0.0,0
Hadapsar,Kothrud,14,1,2,3100,16684,0,19.374967741935485,0.0,0
Hadapsar,Kothrud,16,1,0,2764,15641,0,20.37178002894356,0.0,1
Hadapsar,Kothrud,16,1,1,3166,18111,0,20.593682880606444,0.0,0
Hadapsar,Kothrud,16,1,2,3273,16868,0,18.553253895508707,0.0,0
Hadapsar,Kothrud,18,1,0,3139,15506,0,17.783243071041735,0.0,1
Hadapsar,Kothrud,18,1,1,3517,16684,0,17.0777367074211,0.0,0
Hadapsar,Kothrud,18,1,2,3630,18181,0,18.030743801652893,0.0,0
Hadapsar,Kothrud,20,1,0,2560,15419,0,21.68296875,0.0,1
Hadapsar,Kothrud,20,1,1,2767,16861,0,21.936971449222984,0.0,0
Hadapsar,Kothrud,20,1,2,2895,16868,0,20.975751295336785,0.0,0
Hadapsar,Kothrud,22,1,0,1816,15438,0,30.60396475770925,0.0,1
Hadapsar,Kothrud,22,1,1,1978,16861,0,30.687360970677457,0.0,0
Hadapsar,Kothrud,22,1,2,2124,16684,0,28.27796610169492,0.0,0
Hadapsar,Kothrud,0,2,0,1816,15438,0,30.60396475770925,0.0,1
Hadapsar,Kothrud,0,2,1,1978,16861,0,30.687360970677457,0.0,0
Hadapsar,Kothrud,0,2,2,2124,16684,0,28.27796610169492,0.0,0
Hadapsar,Kothrud,6,2,0,1862,15419,0,29.811170784103115,0.0,1
Hadapsar,Kothrud,6,2,1,2026,16861,0,29.96031589338598,0.0,0
Hadapsar,Kothrud,6,2,2,2172,16684,0,27.653038674033148,0.0,0
Hadapsar,Kothrud,8,2,0,2397,15419,0,23.15744680851064,0.0,1
Hadapsar,Kothrud,8,2,1,2577,16861,0,23.55436554132713,0.0,0
Hadapsar,Kothrud,8,2,2,2637,16684,0,22.77679180887372,0.0,0
Hadapsar,Kothrud,10,2,0,2740,15641,0,20.55021897810219,0.0,1
Hadapsar,Kothrud,10,2,1,2853,18111,0,22.852996845425867,0.0,0
Hadapsar,Kothrud,10,2,2,3030,16684,0,19.822574257425742,0.0,0
Hadapsar,Kothrud,12,2,0,2923,15641,0,19.263633253506672,0.0,1
Hadapsar,Kothrud,12,2,1,3132,18111,0,20.817241379310342,0.0,0
Hadapsar,Kothrud,12,2,2,3315,16684,0,18.118371040723986,0.0,0
Hadapsar,Kothrud,14,2,0,2619,15641,0,21.499656357388314,0.0,1
Hadapsar,Kothrud,14,2,1,2993,18111,0,21.784029401937858,0.0,0
Hadapsar,Kothrud,14,2,2,3153,16868,0,19.25937202664129,0.0,0
Hadapsar,Kothrud,16,2,0,2784,15641,0,20.22543103448276,0.0,1
Hadapsar,Kothrud,16,2,1,3259,18181,0,20.083338447376494,0.0,0
Hadapsar,Kothrud,16,2,2,3279,16868,0,18.519304666056723,0.0,0
Hadapsar,Kothrud,18,2,0,3160,15454,0,17.605822784810126,0.0,1
Hadapsar,Kothrud,18,2,1,3517,16684,0,17.0777367074211,0.0,0
Hadapsar,Kothrud,18,2,2,3676,18181,0,17.805114254624595,0.0,0
Hadapsar,Kothrud,20,2,0,2595,15438,0,21.416878612716765,0.0,1
Hadapsar,Kothrud,20,2,1,2808,16861,0,21.616666666666667,0.0,0
Hadapsar,Kothrud,20,2,2,2832,16684,0,21.20847457627119,0.0,0
Hadapsar,Kothrud,22,2,0,1816,15438,0,30.60396475770925,0.0,1
Hadapsar,Kothrud,22,2,1,1978,16861,0,30.687360970677457,0.0,0
Hadapsar,Kothrud,22,2,2,2124,16684,0,28.27796610169492,0.0,0
Hadapsar,Kothrud,0,3,0,1816,15438,0,30.60396475770925,0.0,1
Hadapsar,Kothrud,0,3,1,1978,16861,0,30.687360970677457,0.0,0
Hadapsar,Kothrud,0,3,2,2124,16684,0,28.27796610169492,0.0,0
Hadapsar,Kothrud,6,3,0,1858,15438,0,29.91216361679225,0.0,1
Hadapsar,Kothrud,6,3,1,2018,16861,0,30.079088206144696,0.0,0
Hadapsar,Kothrud,6,3,2,2167,16684,0,27.716843562528847,0.0,0
Hadapsar,Kothrud,8,3,0,2224,15419,0,24.95881294964029,0.0,1
Hadapsar,Kothrud,8,3,1,2288,16861,0,26.529545454545456,0.0,0
Hadapsar,Kothrud,8,3,2,2518,16684,0,23.85321683876092,0.0,0
Hadapsar,Kothrud,10,3,0,2585,15641,0,21.782437137330756,0.0,1
Hadapsar,Kothrud,10,3,1,2650,18111,0,24.603622641509432,0.0,0
Hadapsar,Kothrud,10,3,2,2771,16684,0,21.675351858534828,0.0,0
Hadapsar,Kothrud,12,3,0,2899,15641,0,19.42311141773025,0.0,1
Hadapsar,Kothrud,12,3,1,3003,18111,0,21.711488511488515,0.0,0
Hadapsar,Kothrud,12,3,2,3088,16868,0,19.66476683937824,0.0,0
Hadapsar,Kothrud,14,3,0,2784,15641,0,20.22543103448276,0.0,1
Hadapsar,Kothrud,14,3,1,3029,18111,0,21.52512380323539,0.0,0
Hadapsar,Kothrud,14,3,2,3062,16868,0,19.83174395819725,0.0,0
Hadapsar,Kothrud,16,3,0,2916,15641,0,19.309876543209874,0.0,1
Hadapsar,Kothrud,16,3,1,3156,18111,0,20.65893536121673,0.0,0
Hadapsar,Kothrud,16,3,2,3173,16868,0,19.1379766782225,0.0,0
Hadapsar,Kothrud,18,3,0,3020,15454,0,18.421986754966888,0.0,1
Hadapsar,Kothrud,18,3,1,3179,18111,0,20.509468386285,0.0,0
Hadapsar,Kothrud,18,3,2,3216,16684,0,18.67611940298508,0.0,0
Hadapsar,Kothrud,20,3,0,2502,15419,0,22.185611510791368,0.0,1
Hadapsar,Kothrud,20,3,1,2659,16861,0,22.827980443775857,0.0,0
Hadapsar,Kothrud,20,3,2,2801,16868,0,21.679685826490537,0.0,0
Hadapsar,Kothrud,22,3,0,1816,15438,0,30.60396475770925,0.0,1
Hadapsar,Kothrud,22,3,1,1978,16861,0,30.687360970677457,0.0,0
Hadapsar,Kothrud,22,3,2,2124,16684,0,28.27796610169492,0.0,0
Hadapsar,Kothrud,0,4,0,1816,15438,0,30.60396475770925,0.0,1
Hadapsar,Kothrud,0,4,1,1978,16861,0,30.687360970677457,0.0,0
Hadapsar,Kothrud,0,4,2,2124,16684,0,28.27796610169492,0.0,0
Hadapsar,Kothrud,6,4,0,1846,15438,0,30.106608884073676,0.0,1
Hadapsar,Kothrud,6,4,1,2010,16861,0,30.19880597014925,0.0,0
Hadapsar,Kothrud,6,4,2,2158,16684,0,27.832437442076,0.0,0
Hadapsar,Kothrud,8,4,0,2062,15419,0,26.91968962172648,0.0,1
Hadapsar,Kothrud,8,4,1,2175,16861,0,27.90786206896552,0.0,0
Hadapsar,Kothrud,8,4,2,2345,16684,0,25.612963752665244,0.0,0
Hadapsar,Kothrud,10,4,0,2249,15506,0,24.82063139172966,0.0,1
Hadapsar,Kothrud,10,4,1,2339,16861,0,25.95109020949124,0.0,0
Hadapsar,Kothrud,10,4,2,2552,16684,0,23.535423197492165,0.0,0
Hadapsar,Kothrud,12,4,0,2453,15506,0,22.756461475743983,0.0,1
Hadapsar,Kothrud,12,4,1,2596,16861,0,23.381972265023112,0.0,0
Hadapsar,Kothrud,12,4,2,2827,16684,0,21.24598514326141,0.0,0
Hadapsar,Kothrud,14,4,0,2442,15506,0,22.85896805896806,0.0,1
Hadapsar,Kothrud,14,4,1,2664,18111,0,24.474324324324325,0.0,0
Hadapsar,Kothrud,14,4,2,2875,16684,0,20.891269565217392,0.0,0
Hadapsar,Kothrud,16,4,0,2536,15506,0,22.011671924290223,0.0,1
Hadapsar,Kothrud,16,4,1,2776,18111,0,23.486887608069168,0.0,0
Hadapsar,Kothrud,16,4,2,2980,16868,0,20.37744966442953,0.0,0
Hadapsar,Kothrud,18,4,0,2666,15506,0,20.93833458364591,0.0,1
Hadapsar,Kothrud,18,4,1,2828,18111,0,23.055021216407354,0.0,0
Hadapsar,Kothrud,18,4,2,3014,16684,0,19.92780358327804,0.0,0
Hadapsar,Kothrud,20,4,0,2338,15419,0,23.741830624465354,0.0,1
Hadapsar,Kothrud,20,4,1,2453,16861,0,24.74504688136975,0.0,0
Hadapsar,Kothrud,20,4,2,2629,16684,0,22.84610117915557,0.0,0
Hadapsar,Kothrud,22,4,0,1816,15438,0,30.60396475770925,0.0,1
Hadapsar,Kothrud,22,4,1,1978,16861,0,30.687360970677457,0.0,0
Hadapsar,Kothrud,22,4,2,2124,16684,0,28.27796610169492,0.0,0
Hadapsar,Kothrud,0,5,0,1816,15438,0,30.60396475770925,0.0,1
Hadapsar,Kothrud,0,5,1,1978,16861,0,30.687360970677457,0.0,0
Hadapsar,Kothrud,0,5,2,2124,16684,0,28.27796610169492,0.0,0
Hadapsar,Kothrud,6,5,0,1863,15438,0,29.831884057971017,0.0,1
Hadapsar,Kothrud,6,5,1,2028,16861,0,29.93076923076923,0.0,0
Hadapsar,Kothrud,6,5,2,2173,16684,0,27.640312931431204,0.0,0
Hadapsar,Kothrud,8,5,0,2440,15419,0,22.74934426229508,0.0,1
Hadapsar,Kothrud,8,5,1,2584,16861,0,23.4905572755418,0.0,0
Hadapsar,Kothrud,8,5,2,2660,16684,0,22.579849624060152,0.0,0
Hadapsar,Kothrud,10,5,0,2773,15641,0,20.305661738189688,0.0,1
Hadapsar,Kothrud,10,5,1,2908,18111,0,22.42077028885832,0.0,0
Hadapsar,Kothrud,10,5,2,3058,16684,0,19.64107259646828,0.0,0
Hadapsar,Kothrud,12,5,0,2898,15641,0,19.42981366459627,0.0,1
Hadapsar,Kothrud,12,5,1,3092,18111,0,21.08654592496766,0.0,0
Hadapsar,Kothrud,12,5,2,3316,16684,0,18.112907117008444,0.0,0
Hadapsar,Kothrud,14,5,0,2567,15641,0,21.93517724970783,0.0,1
Hadapsar,Kothrud,14,5,1,2841,18111,0,22.949524815205915,0.0,0
Hadapsar,Kothrud,14,5,2,3123,16684,0,19.23227665706052,0.0,0
Hadapsar,Kothrud,16,5,0,2740,15641,0,20.55021897810219,0.0,1
Hadapsar,Kothrud,16,5,1,3122,18111,0,20.883920563741192,0.0,0
Hadapsar,Kothrud,16,5,2,3277,16868,0,18.53060726274031,0.0,0
Hadapsar,Kothrud,18,5,0,3153,15506,0,17.70428163653663,0.0,1
Hadapsar,Kothrud,18,5,1,3524,16684,0,17.043813847900115,0.0,0
Hadapsar,Kothrud,18,5,2,3543,15684,0,15.936325148179508,0.0,0
Hadapsar,Kothrud,20,5,0,2546,15419,0,21.80219952867243,0.0,1
Hadapsar,Kothrud,20,5,1,2765,16861,0,21.952839059674503,0.0,0
Hadapsar,Kothrud,20,5,2,2904,16868,0,20.91074380165289,0.0,0
Hadapsar,Kothrud,22,5,0,1816,15438,0,30.60396475770925,0.0,1
Hadapsar,Kothrud,22,5,1,1978,16861,0,30.687360970677457,0.0,0
Hadapsar,Kothrud,22,5,2,2124,16684,0,28.27796610169492,0.0,0
Hadapsar,Kothrud,0,6,0,1816,15438,0,30.60396475770925,0.0,1
Hadapsar,Kothrud,0,6,1,1978,16861,0,30.687360970677457,0.0,0
Hadapsar,Kothrud,0,6,2,2124,16684,0,28.27796610169492,0.0,0
Hadapsar,Kothrud,6,6,0,1867,15419,0,29.731333690412427,0.0,1
Hadapsar,Kothrud,6,6,1,2033,16861,0,29.85715691096901,0.0,0
Hadapsar,Kothrud,6,6,2,2179,16684,0,27.56420376319413,0.0,0
Hadapsar,Kothrud,8,6,0,2491,15495,0,22.39341629867523,0.0,1
Hadapsar,Kothrud,8,6,1,2696,16861,0,22.514688427299703,0.0,0
Hadapsar,Kothrud,8,6,2,2742,16684,0,21.904595185995625,0.0,0
Hadapsar,Kothrud,10,6,0,2870,15641,0,19.61937282229965,0.0,1
Hadapsar,Kothrud,10,6,1,3100,18111,0,21.032129032258062,0.0,0
Hadapsar,Kothrud,10,6,2,3171,16684,0,18.941154210028383,0.0,0
Hadapsar,Kothrud,12,6,0,2984,15641,0,18.869839142091152,0.0,1
Hadapsar,Kothrud,12,6,1,3282,18111,0,19.865813528336385,0.0,0
Hadapsar,Kothrud,12,6,2,3388,16684,0,17.72798110979929,0.0,0
Hadapsar,Kothrud,14,6,0,2628,15641,0,21.426027397260277,0.0,1
Hadapsar,Kothrud,14,6,1,2967,18111,0,21.974924165824063,0.0,0
Hadapsar,Kothrud,14,6,2,3151,16684,0,19.061377340526818,0.0,0
Hadapsar,Kothrud,16,6,0,2829,15641,0,19.90371155885472,0.0,1
Hadapsar,Kothrud,16,6,1,3294,18181,0,19.869945355191252,0.0,0
Hadapsar,Kothrud,16,6,2,3344,16868,0,18.159330143540668,0.0,0
Hadapsar,Kothrud,18,6,0,3244,15454,0,17.149938347718866,0.0,1
Hadapsar,Kothrud,18,6,1,3602,16684,0,16.674736257634645,0.0,0
Hadapsar,Kothrud,18,6,2,3777,18181,0,17.32899126290707,0.0,0
Hadapsar,Kothrud,20,6,0,2583,15419,0,21.489895470383274,0.0,1
Hadapsar,Kothrud,20,6,1,2806,16861,0,21.63207412687099,0.0,0
Hadapsar,Kothrud,20,6,2,2893,16868,0,20.99025233321811,0.0,0
Hadapsar,Kothrud,22,6,0,1816,15438,0,30.60396475770925,0.0,1
Hadapsar,Kothrud,22,6,1,1978,16861,0,30.687360970677457,0.0,0
Hadapsar,Kothrud,22,6,2,2124,16684,0,28.27796610169492,0.0,0
Hadapsar,Kothrud,0,0,0,1816,15438,0,30.60396475770925,0.0,1
Hadapsar,Kothrud,0,0,1,1978,16861,0,30.687360970677457,0.0,0
Hadapsar,Kothrud,0,0,2,2124,16684,0,28.27796610169492,0.0,0
Hadapsar,Kothrud,6,0,0,1863,15438,0,29.831884057971017,0.0,1
Hadapsar,Kothrud,6,0,1,2032,16861,0,29.87185039370079,0.0,0
Hadapsar,Kothrud,6,0,2,2177,16684,0,27.589526871841983,0.0,0
Hadapsar,Kothrud,8,0,0,2432,15495,0,22.936677631578945,0.0,1
Hadapsar,Kothrud,8,0,1,2691,16861,0,22.556521739130435,0.0,0
Hadapsar,Kothrud,8,0,2,2718,16684,0,22.098013245033115,0.0,0
Hadapsar,Kothrud,10,0,0,2780,15641,0,20.25453237410072,0.0,1
Hadapsar,Kothrud,10,0,1,3072,18111,0,21.223828125,0.0,0
Hadapsar,Kothrud,10,0,2,3135,16684,0,19.15866028708134,0.0,0
Hadapsar,Kothrud,12,0,0,2926,15641,0,19.24388243335612,0.0,1
Hadapsar,Kothrud,12,0,1,3253,18111,0,20.04291423301568,0.0,0
Hadapsar,Kothrud,12,0,2,3375,16684,0,17.796266666666668,0.0,0
Hadapsar,Kothrud,14,0,0,2611,15641,0,21.565530448104173,0.0,1
Hadapsar,Kothrud,14,0,1,2933,18111,0,22.22966246164337,0.0,0
Hadapsar,Kothrud,14,0,2,3156,16684,0,19.03117870722433,0.0,0
Hadapsar,Kothrud,16,0,0,2788,15641,0,20.19641319942611,0.0,1
Hadapsar,Kothrud,16,0,1,3259,18111,0,20.00601411475913,0.0,0
Hadapsar,Kothrud,16,0,2,3359,16868,0,18.078237570705568,0.0,0
Hadapsar,Kothrud,18,0,0,3201,15506,0,17.43880037488285,0.0,1
Hadapsar,Kothrud,18,0,1,3620,16684,0,16.591823204419892,0.0,0
Hadapsar,Kothrud,18,0,2,3799,18181,0,17.228639115556728,0.0,0
Hadapsar,Kothrud,20,0,0,2579,15506,0,21.644668476153548,0.0,1
Hadapsar,Kothrud,20,0,1,2825,16861,0,21.48658407079646,0.0,0
Hadapsar,Kothrud,20,0,2,2837,16684,0,21.171096228410292,0.0,0
Hadapsar,Kothrud,22,0,0,1816,15438,0,30.60396475770925,0.0,1
Hadapsar,Kothrud,22,0,1,1978,16861,0,30.687360970677457,0.0,0
Hadapsar,Kothrud,22,0,2,2124,16684,0,28.27796610169492,0.0,0
Hadapsar,Kothrud,0,1,0,1816,15438,0,30.60396475770925,0.0,1
Hadapsar,Kothrud,0,1,1,1978,16861,0,30.687360970677457,0.0,0
Hadapsar,Kothrud,0,1,2,2124,16684,0,28.27796610169492,0.0,0
Hadapsar,Kothrud,6,1,0,1863,15419,0,29.795169082125607,0.0,1
Hadapsar,Kothrud,6,1,1,2027,16861,0,29.945535273803653,0.0,0
Hadapsar,Kothrud,6,1,2,2172,16684,0,27.653038674033148,0.0,0
Hadapsar,Kothrud,8,1,0,2413,15495,0,23.11728139245752,0.0,1
Hadapsar,Kothrud,8,1,1,2585,16861,0,23.48147001934236,0.0,0
Hadapsar,Kothrud,8,1,2,2660,16684,0,22.579849624060152,0.0,0
Hadapsar,Kothrud,10,1,0,2770,15641,0,20.327653429602886,0.0,1
Hadapsar,Kothrud,10,1,1,2917,18111,0,22.351594103531028,0.0,0
Hadapsar,Kothrud,10,1,2,3052,16684,0,19.67968545216252,0.0,0
Hadapsar,Kothrud,12,1,0,2919,15641,0,19.29003083247688,0.0,1
Hadapsar,Kothrud,12,1,1,3135,18111,0,20.79732057416268,0.0,0
Hadapsar,Kothrud,12,1,2,3304,16684,0,18.17869249394673,0.0,0
Hadapsar,Kothrud,14,1,0,2589,15641,0,21.74878331402086,0.0,1
Hadapsar,Kothrud,14,1,1,2911,18111,0,22.39766403297836,0.0,0
Hadapsar,Kothrud,14,1,2,3100,16684,0,19.374967741935485,0.0,0
Hadapsar,Kothrud,16,1,0,2764,15641,0,20.37178002894356,0.0,1
Hadapsar,Kothrud,16,1,1,3166,18111,0,20.593682880606444,0.0,0
Hadapsar,Kothrud,16,1,2,3273,16868,0,18.553253895508707,0.0,0
Hadapsar,Kothrud,18,1,0,3139,15506,0,17.783243071041735,0.0,1
Hadapsar,Kothrud,18,1,1,3517,16684,0,17.0777367074211,0.0,0
Hadapsar,Kothrud,18,1,2,3630,18181,0,18.030743801652893,0.0,0
Hadapsar,Kothrud,20,1,0,2560,15419,0,21.68296875,0.0,1
Hadapsar,Kothrud,20,1,1,2767,16861,0,21.936971449222984,0.0,0
Hadapsar,Kothrud,20,1,2,2895,16868,0,20.975751295336785,0.0,0
Hadapsar,Kothrud,22,1,0,1816,15438,0,30.60396475770925,0.0,1
Hadapsar,Kothrud,22,1,1,1978,16861,0,30.687360970677457,0.0,0
Hadapsar,Kothrud,22,1,2,2124,16684,0,28.27796610169492,0.0,0
Hadapsar,Kothrud,0,2,0,1816,15438,0,30.60396475770925,0.0,1
Hadapsar,Kothrud,0,2,1,1978,16861,0,30.687360970677457,0.0,0
Hadapsar,Kothrud,0,2,2,2124,16684,0,28.27796610169492,0.0,0
Hadapsar,Kothrud,6,2,0,1862,15419,0,29.811170784103115,0.0,1
Hadapsar,Kothrud,6,2,1,2026,16861,0,29.96031589338598,0.0,0
Hadapsar,Kothrud,6,2,2,2172,16684,0,27.653038674033148,0.0,0
Hadapsar,Kothrud,8,2,0,2397,15419,0,23.15744680851064,0.0,1
Hadapsar,Kothrud,8,2,1,2577,16861,0,23.55436554132713,0.0,0
Hadapsar,Kothrud,8,2,2,2637,16684,0,22.77679180887372,0.0,0
Hadapsar,Kothrud,10,2,0,2740,15641,0,20.55021897810219,0.0,1
Hadapsar,Kothrud,10,2,1,2853,18111,0,22.852996845425867,0.0,0
Hadapsar,Kothrud,10,2,2,3030,16684,0,19.822574257425742,0.0,0
Hadapsar,Kothrud,12,2,0,2923,15641,0,19.263633253506672,0.0,1
Hadapsar,Kothrud,12,2,1,3132,18111,0,20.817241379310342,0.0,0
Hadapsar,Kothrud,12,2,2,3315,16684,0,18.118371040723986,0.0,0
Hadapsar,Kothrud,14,2,0,2619,15641,0,21.499656357388314,0.0,1
Hadapsar,Kothrud,14,2,1,2993,18111,0,21.784029401937858,0.0,0
Hadapsar,Kothrud,14,2,2,3153,16868,0,19.25937202664129,0.0,0
Hadapsar,Kothrud,16,2,0,2784,15641,0,20.22543103448276,0.0,1
Hadapsar,Kothrud,16,2,1,3259,18181,0,20.083338447376494,0.0,0
Hadapsar,Kothrud,16,2,2,3279,16868,0,18.519304666056723,0.0,0
Hadapsar,Kothrud,18,2,0,3160,15454,0,17.605822784810126,0.0,1
Hadapsar,Kothrud,18,2,1,3517,16684,0,17.0777367074211,0.0,0
Hadapsar,Kothrud,18,2,2,3676,18181,0,17.805114254624595,0.0,0
Hadapsar,Kothrud,20,2,0,2595,15438,0,21.416878612716765,0.0,1
Hadapsar,Kothrud,20,2,1,2808,16861,0,21.616666666666667,0.0,0
Hadapsar,Kothrud,20,2,2,2832,16684,0,21.20847457627119,0.0,0
Hadapsar,Kothrud,22,2,0,1816,15438,0,30.60396475770925,0.0,1
Hadapsar,Kothrud,22,2,1,1978,16861,0,30.687360970677457,0.0,0
Hadapsar,Kothrud,22,2,2,2124,16684,0,28.27796610169492,0.0,0
Hadapsar,Kothrud,0,3,0,1816,15438,0,30.60396475770925,0.0,1
Hadapsar,Kothrud,0,3,1,1978,16861,0,30.687360970677457,0.0,0
Hadapsar,Kothrud,0,3,2,2124,16684,0,28.27796610169492,0.0,0
Hadapsar,Kothrud,6,3,0,1858,15438,0,29.91216361679225,0.0,1
Hadapsar,Kothrud,6,3,1,2018,16861,0,30.079088206144696,0.0,0
Hadapsar,Kothrud,6,3,2,2167,16684,0,27.716843562528847,0.0,0
Hadapsar,Kothrud,8,3,0,2224,15419,0,24.95881294964029,0.0,1
Hadapsar,Kothrud,8,3,1,2288,16861,0,26.529545454545456,0.0,0
Hadapsar,Kothrud,8,3,2,2518,16684,0,23.85321683876092,0.0,0
Hadapsar,Kothrud,10,3,0,2585,15641,0,21.782437137330756,0.0,1
Hadapsar,Kothrud,10,3,1,2650,18111,0,24.603622641509432,0.0,0
Hadapsar,Kothrud,10,3,2,2771,16684,0,21.675351858534828,0.0,0
Hadapsar,Kothrud,12,3,0,2899,15641,0,19.42311141773025,0.0,1
Hadapsar,Kothrud,12,3,1,3003,18111,0,21.711488511488515,0.0,0
Hadapsar,Kothrud,12,3,2,3088,16868,0,19.66476683937824,0.0,0
Hadapsar,Kothrud,14,3,0,2784,15641,0,20.22543103448276,0.0,1
Hadapsar,Kothrud,14,3,1,3029,18111,0,21.52512380323539,0.0,0
Hadapsar,Kothrud,14,3,2,3062,16868,0,19.83174395819725,0.0,0
Hadapsar,Kothrud,16,3,0,2916,15641,0,19.309876543209874,0.0,1
Hadapsar,Kothrud,16,3,1,3156,18111,0,20.65893536121673,0.0,0
Hadapsar,Kothrud,16,3,2,3173,16868,0,19.1379766782225,0.0,0
Hadapsar,Kothrud,18,3,0,3020,15454,0,18.421986754966888,0.0,1
Hadapsar,Kothrud,18,3,1,3179,18111,0,20.509468386285,0.0,0
Hadapsar,Kothrud,18,3,2,3216,16684,0,18.67611940298508,0.0,0
Hadapsar,Kothrud,20,3,0,2502,15419,0,22.185611510791368,0.0,1
Hadapsar,Kothrud,20,3,1,2659,16861,0,22.827980443775857,0.0,0
Hadapsar,Kothrud,20,3,2,2801,16868,0,21.679685826490537,0.0,0
Hadapsar,Kothrud,22,3,0,1816,15438,0,30.60396475770925,0.0,1
Hadapsar,Kothrud,22,3,1,1978,16861,0,30.687360970677457,0.0,0
Hadapsar,Kothrud,22,3,2,2124,16684,0,28.27796610169492,0.0,0
Hadapsar,Kothrud,0,4,0,1816,15438,0,30.60396475770925,0.0,1
Hadapsar,Kothrud,0,4,1,1978,16861,0,30.687360970677457,0.0,0
Hadapsar,Kothrud,0,4,2,2124,16684,0,28.27796610169492,0.0,0
Hadapsar,Kothrud,6,4,0,1846,15438,0,30.106608884073676,0.0,1
Hadapsar,Kothrud,6,4,1,2010,16861,0,30.19880597014925,0.0,0
Hadapsar,Kothrud,6,4,2,2158,16684,0,27.832437442076,0.0,0
Hadapsar,Kothrud,8,4,0,2062,15419,0,26.91968962172648,0.0,1
Hadapsar,Kothrud,8,4,1,2175,16861,0,27.90786206896552,0.0,0
Hadapsar,Kothrud,8,4,2,2345,16684,0,25.612963752665244,0.0,0
Hadapsar,Kothrud,10,4,0,2249,15506,0,24.82063139172966,0.0,1
Hadapsar,Kothrud,10,4,1,2339,16861,0,25.95109020949124,0.0,0
Hadapsar,Kothrud,10,4,2,2552,16684,0,23.535423197492165,0.0,0
Hadapsar,Kothrud,12,4,0,2453,15506,0,22.756461475743983,0.0,1
Hadapsar,Kothrud,12,4,1,2596,16861,0,23.381972265023112,0.0,0
Hadapsar,Kothrud,12,4,2,2827,16684,0,21.24598514326141,0.0,0
Hadapsar,Kothrud,14,4,0,2442,15506,0,22.85896805896806,0.0,1
Hadapsar,Kothrud,14,4,1,2664,18111,0,24.474324324324325,0.0,0
Hadapsar,Kothrud,14,4,2,2875,16684,0,20.891269565217392,0.0,0
Hadapsar,Kothrud,16,4,0,2536,15506,0,22.011671924290223,0.0,1
Hadapsar,Kothrud,16,4,1,2776,18111,0,23.486887608069168,0.0,0
Hadapsar,Kothrud,16,4,2,2980,16868,0,20.37744966442953,0.0,0
Hadapsar,Kothrud,18,4,0,2666,15506,0,20.93833458364591,0.0,1
Hadapsar,Kothrud,18,4,1,2828,18111,0,23.055021216407354,0.0,0
Hadapsar,Kothrud,18,4,2,3014,16684,0,19.92780358327804,0.0,0
Hadapsar,Kothrud,20,4,0,2338,15419,0,23.741830624465354,0.0,1
Hadapsar,Kothrud,20,4,1,2453,16861,0,24.74504688136975,0.0,0
Hadapsar,Kothrud,20,4,2,2629,16684,0,22.84610117915557,0.0,0
Hadapsar,Kothrud,22,4,0,1816,15438,0,30.60396475770925,0.0,1
Hadapsar,Kothrud,22,4,1,1978,16861,0,30.687360970677457,0.0,0
Hadapsar,Kothrud,22,4,2,2124,16684,0,28.27796610169492,0.0,0
Hadapsar,Kothrud,0,5,0,1816,15438,0,30.60396475770925,0.0,1
Hadapsar,Kothrud,0,5,1,1978,16861,0,30.687360970677457,0.0,0
Hadapsar,Kothrud,0,5,2,2124,16684,0,28.27796610169492,0.0,0
Hadapsar,Kothrud,6,5,0,1863,15438,0,29.831884057971017,0.0,1
Hadapsar,Kothrud,6,5,1,2028,16861,0,29.93076923076923,0.0,0
Hadapsar,Kothrud,6,5,2,2173,16684,0,27.640312931431204,0.0,0
Hadapsar,Kothrud,8,5,0,2440,15419,0,22.74934426229508,0.0,1
Hadapsar,Kothrud,8,5,1,2584,16861,0,23.4905572755418,0.0,0
Hadapsar,Kothrud,8,5,2,2660,16684,0,22.579849624060152,0.0,0
Hadapsar,Kothrud,10,5,0,2773,15641,0,20.305661738189688,0.0,1
Hadapsar,Kothrud,10,5,1,2908,18111,0,22.42077028885832,0.0,0
Hadapsar,Kothrud,10,5,2,3058,16684,0,19.64107259646828,0.0,0
Hadapsar,Kothrud,12,5,0,2898,15641,0,19.42981366459627,0.0,1
Hadapsar,Kothrud,12,5,1,3092,18111,0,21.08654592496766,0.0,0
Hadapsar,Kothrud,12,5,2,3316,16684,0,18.112907117008444,0.0,0
Hadapsar,Kothrud,14,5,0,2567,15641,0,21.93517724970783,0.0,1
Hadapsar,Kothrud,14,5,1,2841,18111,0,22.949524815205915,0.0,0
Hadapsar,Kothrud,14,5,2,3123,16684,0,19.23227665706052,0.0,0
Hadapsar,Kothrud,16,5,0,2740,15641,0,20.55021897810219,0.0,1
Hadapsar,Kothrud,16,5,1,3122,18111,0,20.883920563741192,0.0,0
Hadapsar,Kothrud,16,5,2,3277,16868,0,18.53060726274031,0.0,0
Hadapsar,Kothrud,18,5,0,3153,15506,0,17.70428163653663,0.0,1
Hadapsar,Kothrud,18,5,1,3524,16684,0,17.043813847900115,0.0,0
Hadapsar,Kothrud,18,5,2,3543,15684,0,15.936325148179508,0.0,0
Hadapsar,Kothrud,20,5,0,2546,15419,0,21.80219952867243,0.0,1
Hadapsar,Kothrud,20,5,1,2765,16861,0,21.952839059674503,0.0,0
Hadapsar,Kothrud,20,5,2,2904,16868,0,20.91074380165289,0.0,0
Hadapsar,Kothrud,22,5,0,1816,15438,0,30.60396475770925,0.0,1
Hadapsar,Kothrud,22,5,1,1978,16861,0,30.687360970677457,0.0,0
Hadapsar,Kothrud,22,5,2,2124,16684,0,28.27796610169492,0.0,0
Hadapsar,Kothrud,0,6,0,1816,15438,0,30.60396475770925,0.0,1
Hadapsar,Kothrud,0,6,1,1978,16861,0,30.687360970677457,0.0,0
Hadapsar,Kothrud,0,6,2,2124,16684,0,28.27796610169492,0.0,0
Hadapsar,Kothrud,6,6,0,1867,15419,0,29.731333690412427,0.0,1
Hadapsar,Kothrud,6,6,1,2033,16861,0,29.85715691096901,0.0,0
Hadapsar,Kothrud,6,6,2,2179,16684,0,27.56420376319413,0.0,0
Hadapsar,Kothrud,8,6,0,2491,15495,0,22.39341629867523,0.0,1
Hadapsar,Kothrud,8,6,1,2696,16861,0,22.514688427299703,0.0,0
Hadapsar,Kothrud,8,6,2,2742,16684,0,21.904595185995625,0.0,0
Hadapsar,Kothrud,10,6,0,2870,15641,0,19.61937282229965,0.0,1
Hadapsar,Kothrud,10,6,1,3100,18111,0,21.032129032258062,0.0,0
Hadapsar,Kothrud,10,6,2,3171,16684,0,18.941154210028383,0.0,0
Hadapsar,Kothrud,12,6,0,2984,15641,0,18.869839142091152,0.0,1
Hadapsar,Kothrud,12,6,1,3282,18111,0,19.865813528336385,0.0,0
Hadapsar,Kothrud,12,6,2,3388,16684,0,17.72798110979929,0.0,0
Hadapsar,Kothrud,14,6,0,2628,15641,0,21.426027397260277,0.0,1
Hadapsar,Kothrud,14,6,1,2967,18111,0,21.974924165824063,0.0,0
Hadapsar,Kothrud,14,6,2,3151,16684,0,19.061377340526818,0.0,0
Hadapsar,Kothrud,16,6,0,2829,15641,0,19.90371155885472,0.0,1
Hadapsar,Kothrud,16,6,1,3294,18181,0,19.869945355191252,0.0,0
Hadapsar,Kothrud,16,6,2,3344,16868,0,18.159330143540668,0.0,0
Hadapsar,Kothrud,18,6,0,3244,15454,0,17.149938347718866,0.0,1
Hadapsar,Kothrud,18,6,1,3602,16684,0,16.674736257634645,0.0,0
Hadapsar,Kothrud,18,6,2,3777,18181,0,17.32899126290707,0.0,0
Hadapsar,Kothrud,20,6,0,2583,15419,0,21.489895470383274,0.0,1
Hadapsar,Kothrud,20,6,1,2806,16861,0,21.63207412687099,0.0,0
Hadapsar,Kothrud,20,6,2,2893,16868,0,20.99025233321811,0.0,0
Hadapsar,Kothrud,22,6,0,1816,15438,0,30.60396475770925,0.0,1
Hadapsar,Kothrud,22,6,1,1978,16861,0,30.687360970677457,0.0,0
Hadapsar,Kothrud,22,6,2,2124,16684,0,28.27796610169492,0.0,0
Hadapsar,University,0,0,0,1865,15202,0,29.34434316353887,0.0,1
Hadapsar,University,0,0,1,1971,15335,0,28.009132420091326,0.0,0
Hadapsar,University,0,0,2,2087,16449,0,28.373933876377578,0.0,0
Hadapsar,University,6,0,0,1921,15202,0,28.488912024986984,0.0,1
Hadapsar,University,6,0,1,2026,15335,0,27.248766041461007,0.0,0
Hadapsar,University,6,0,2,2141,16449,0,27.658290518449324,0.0,0
Hadapsar,University,8,0,0,2529,15202,0,21.639857651245556,0.0,1
Hadapsar,University,8,0,1,2568,15335,0,21.497663551401867,0.0,0
Hadapsar,University,8,0,2,2689,17566,0,23.51714391967274,0.0,0
Hadapsar,University,10,0,0,2760,15839,0,20.659565217391304,0.0,1
Hadapsar,University,10,0,1,2899,15629,0,19.40820972749224,0.0,0
Hadapsar,University,10,0,2,2977,15550,0,18.804165267047363,0.0,0
Hadapsar,University,12,0,0,2824,15839,0,20.191359773371104,0.0,1
Hadapsar,University,12,0,1,3003,15629,0,18.736063936063932,0.0,0
Hadapsar,University,12,0,2,3142,15777,0,18.076766390833864,0.0,0
Hadapsar,University,14,0,0,2574,16453,0,23.011188811188813,0.0,1
Hadapsar,University,14,0,1,2815,15545,0,19.87992895204263,0.0,0
Hadapsar,University,14,0,2,2697,16553,0,22.0952169076752,0.0,0
Hadapsar,University,16,0,0,2800,15839,0,20.36442857142857,0.0,1
Hadapsar,University,16,0,1,3006,15502,0,18.565269461077847,0.0,0
Hadapsar,University,16,0,2,3078,16449,0,19.238596491228076,0.0,0
Hadapsar,University,18,0,0,3216,15839,0,17.730223880597016,0.0,1
Hadapsar,University,18,0,1,3346,15504,0,16.680932456664674,0.0,0
Hadapsar,University,18,0,2,3418,17202,0,18.11796372147455,0.0,0
Hadapsar,University,20,0,0,2575,15202,0,21.253281553398057,0.0,1
Hadapsar,University,20,0,1,2632,15504,0,21.20607902735562,0.0,0
Hadapsar,University,20,0,2,2756,16553,0,21.622206095791004,0.0,0
Hadapsar,University,22,0,0,1865,15202,0,29.34434316353887,0.0,1
Hadapsar,University,22,0,1,1971,15335,0,28.009132420091326,0.0,0
Hadapsar,University,22,0,2,2087,16449,0,28.373933876377578,0.0,0
Hadapsar,University,0,1,0,1865,15202,0,29.34434316353887,0.0,1
Hadapsar,University,0,1,1,1971,15335,0,28.009132420091326,0.0,0
Hadapsar,University,0,1,2,2087,16449,0,28.373933876377578,0.0,0
Hadapsar,University,6,1,0,1910,15202,0,28.65298429319372,0.0,1
Hadapsar,University,6,1,1,2018,15335,0,27.35678889990089,0.0,0
Hadapsar,University,6,1,2,2135,16449,0,27.736018735363,0.0,0
Hadapsar,University,8,1,0,2412,15202,0,22.68955223880597,0.0,1
Hadapsar,University,8,1,1,2516,15335,0,21.941971383147852,0.0,0
Hadapsar,University,8,1,2,2581,16553,0,23.08826036419992,0.0,0
Hadapsar,University,10,1,0,2648,16453,0,22.368126888217525,0.0,1
Hadapsar,University,10,1,1,2993,16988,0,20.43327764784497,0.0,0
Hadapsar,University,10,1,2,2853,16609,0,20.957728706624607,0.0,0
Hadapsar,University,12,1,0,2718,15839,0,20.978807947019867,0.0,1
Hadapsar,University,12,1,1,2985,15629,0,18.84904522613065,0.0,0
Hadapsar,University,12,1,2,3079,15592,0,18.230334524196167,0.0,0
Hadapsar,University,14,1,0,2540,16453,0,23.3192125984252,0.0,1
Hadapsar,University,14,1,1,2642,16553,0,22.555185465556395,0.0,0
Hadapsar,University,14,1,2,2795,15545,0,20.022182468694098,0.0,0
Hadapsar,University,16,1,0,2691,15839,0,21.18929765886288,0.0,1
Hadapsar,University,16,1,1,2989,15545,0,18.722649715623955,0.0,0
Hadapsar,University,16,1,2,3035,15443,0,18.31789126853377,0.0,0
Hadapsar,University,18,1,0,3040,15839,0,18.75671052631579,0.0,1
Hadapsar,University,18,1,1,3289,15504,0,16.97002128306476,0.0,0
Hadapsar,University,18,1,2,3302,17202,0,18.754451847365235,0.0,0
Hadapsar,University,20,1,0,2539,15202,0,21.55462780622292,0.0,1
Hadapsar,University,20,1,1,2626,15504,0,21.254531607006854,0.0,0
Hadapsar,University,20,1,2,2681,16553,0,22.227079447967174,0.0,0
Hadapsar,University,22,1,0,1865,15202,0,29.34434316353887,0.0,1
Hadapsar,University,22,1,1,1971,15335,0,28.009132420091326,0.0,0
Hadapsar,University,22,1,2,2087,16449,0,28.373933876377578,0.0,0
Hadapsar,University,0,2,0,1865,15202,0,29.34434316353887,0.0,1
Hadapsar,University,0,2,1,1971,15335,0,28.009132420091326,0.0,0
Hadapsar,University,0,2,2,2087,16449,0,28.373933876377578,0.0,0
Hadapsar,University,6,2,0,1910,15202,0,28.65298429319372,0.0,1
Hadapsar,University,6,2,1,2017,15335,0,27.37035200793257,0.0,0
Hadapsar,University,6,2,2,2132,16449,0,27.7750469043152,0.0,0
Hadapsar,University,8,2,0,2425,15202,0,22.567917525773197,0.0,1
Hadapsar,University,8,2,1,2504,15335,0,22.047124600638977,0.0,0
Hadapsar,University,8,2,2,2540,16553,0,23.460944881889763,0.0,0
Hadapsar,University,10,2,0,2564,15839,0,22.23884555382216,0.0,1
Hadapsar,University,10,2,1,2839,15629,0,19.81838675589996,0.0,0
Hadapsar,University,10,2,2,2761,16449,0,21.447446577327057,0.0,0
Hadapsar,University,12,2,0,2684,15839,0,21.244560357675116,0.0,1
Hadapsar,University,12,2,1,2979,15629,0,18.887009063444108,0.0,0
Hadapsar,University,12,2,2,2890,16449,0,20.490103806228376,0.0,0
Hadapsar,University,14,2,0,2572,16453,0,23.029082426127527,0.0,1
Hadapsar,University,14,2,1,2799,15545,0,19.9935691318328,0.0,0
Hadapsar,University,14,2,2,2672,16553,0,22.30194610778443,0.0,0
Hadapsar,University,16,2,0,2749,15839,0,20.7422335394689,0.0,1
Hadapsar,University,16,2,1,2991,15545,0,18.71013039117352,0.0,0
Hadapsar,University,16,2,2,3099,15443,0,17.939593417231364,0.0,0
Hadapsar,University,18,2,0,3071,15839,0,18.56737219146858,0.0,1
Hadapsar,University,18,2,1,3327,15483,0,16.753471596032462,0.0,0
Hadapsar,University,18,2,2,3418,17005,0,17.910473961380923,0.0,0
Hadapsar,University,20,2,0,2564,15202,0,21.34446177847114,0.0,1
Hadapsar,University,20,2,1,2646,15504,0,21.09387755102041,0.0,0
Hadapsar,University,20,2,2,2705,16553,0,22.02987060998152,0.0,0
Hadapsar,University,22,2,0,1865,15202,0,29.34434316353887,0.0,1
Hadapsar,University,22,2,1,1971,15335,0,28.009132420091326,0.0,0
Hadapsar,University,22,2,2,2087,16449,0,28.373933876377578,0.0,0
Hadapsar,University,0,3,0,1865,15202,0,29.34434316353887,0.0,1
Hadapsar,University,0,3,1,1971,15335,0,28.009132420091326,0.0,0
Hadapsar,University,0,3,2,2087,16449,0,28.373933876377578,0.0,0
Hadapsar,University,6,3,0,1900,15202,0,28.80378947368421,0.0,1
Hadapsar,University,6,3,1,2012,15335,0,27.43836978131213,0.0,0
Hadapsar,University,6,3,2,2130,16449,0,27.80112676056338,0.0,0
Hadapsar,University,8,3,0,2062,15202,0,26.540834141610084,0.0,1
Hadapsar,University,8,3,1,2283,15504,0,24.44783180026281,0.0,0
Hadapsar,University,8,3,2,2298,16449,0,25.76866840731071,0.0,0
Hadapsar,University,10,3,0,2319,16453,0,25.541526520051747,0.0,1
Hadapsar,University,10,3,1,2498,15504,0,22.34363490792634,0.0,0
Hadapsar,University,10,3,2,2400,16553,0,24.829500000000003,0.0,0
Hadapsar,University,12,3,0,2486,15839,0,22.93660498793242,0.0,1
Hadapsar,University,12,3,1,2760,15671,0,20.44043478260869,0.0,0
Hadapsar,University,12,3,2,2627,16449,0,22.541454130186526,0.0,0
Hadapsar,University,14,3,0,2531,15839,0,22.528802844725405,0.0,1
Hadapsar,University,14,3,1,2843,15504,0,19.632219486457966,0.0,0
Hadapsar,University,14,3,2,2812,15443,0,19.770554765291607,0.0,0
Hadapsar,University,16,3,0,2604,15839,0,21.897235023041475,0.0,1
Hadapsar,University,16,3,1,2899,15149,0,18.812142117971717,0.0,0
Hadapsar,University,16,3,2,3047,16160,0,19.09287824089268,0.0,0
Hadapsar,University,18,3,0,2654,15839,0,21.484702336096458,0.0,1
Hadapsar,University,18,3,1,2884,15443,0,19.27697642163661,0.0,0
Hadapsar,University,18,3,2,2977,15504,0,18.748538797447093,0.0,0
Hadapsar,University,20,3,0,2382,15202,0,22.97531486146096,0.0,1
Hadapsar,University,20,3,1,2510,15545,0,22.29561752988048,0.0,0
Hadapsar,University,20,3,2,2510,16553,0,23.74135458167331,0.0,0
Hadapsar,University,22,3,0,1865,15202,0,29.34434316353887,0.0,1
Hadapsar,University,22,3,1,1971,15335,0,28.009132420091326,0.0,0
Hadapsar,University,22,3,2,2087,16449,0,28.373933876377578,0.0,0
Hadapsar,University,0,4,0,1865,15202,0,29.34434316353887,0.0,1
Hadapsar,University,0,4,1,1971,15335,0,28.009132420091326,0.0,0
Hadapsar,University,0,4,2,2087,16449,0,28.373933876377578,0.0,0
Hadapsar,University,6,4,0,1892,15202,0,28.92558139534884,0.0,1
Hadapsar,University,6,4,1,2004,15335,0,27.54790419161677,0.0,0
Hadapsar,University,6,4,2,2118,16449,0,27.95864022662889,0.0,0
Hadapsar,University,8,4,0,1991,15202,0,27.48729281767956,0.0,1
Hadapsar,University,8,4,1,2154,15335,0,25.629526462395543,0.0,0
Hadapsar,University,8,4,2,2207,16449,0,26.831173538740373,0.0,0
Hadapsar,University,10,4,0,2083,15202,0,26.27325972155545,0.0,1
Hadapsar,University,10,4,1,2291,15335,0,24.096900916630293,0.0,0
Hadapsar,University,10,4,2,2307,16449,0,25.668140442132643,0.0,0
Hadapsar,University,12,4,0,2247,15202,0,24.355674232309745,0.0,1
Hadapsar,University,12,4,1,2478,15335,0,22.278450363196125,0.0,0
Hadapsar,University,12,4,2,2417,16553,0,24.6548613984278,0.0,0
Hadapsar,University,14,4,0,2311,16453,0,25.629943747295545,0.0,1
Hadapsar,University,14,4,1,2510,15335,0,21.99442231075697,0.0,0
Hadapsar,University,14,4,2,2444,16553,0,24.38248772504092,0.0,0
Hadapsar,University,16,4,0,2409,16453,0,24.58729763387297,0.0,1
Hadapsar,University,16,4,1,2620,15545,0,21.359541984732825,0.0,0
Hadapsar,University,16,4,2,2512,16553,0,23.722452229299364,0.0,0
Hadapsar,University,18,4,0,2460,16453,0,24.077560975609757,0.0,1
Hadapsar,University,18,4,1,2551,16553,0,23.359780478243827,0.0,0
Hadapsar,University,18,4,2,2716,15504,0,20.55022091310751,0.0,0
Hadapsar,University,20,4,0,2203,15202,0,24.842124375851117,0.0,1
Hadapsar,University,20,4,1,2404,15335,0,22.96422628951747,0.0,0
Hadapsar,University,20,4,2,2402,16553,0,24.80882597835137,0.0,0
Hadapsar,University,22,4,0,1865,15202,0,29.34434316353887,0.0,1
Hadapsar,University,22,4,1,1971,15335,0,28.009132420091326,0.0,0
Hadapsar,University,22,4,2,2087,16449,0,28.373933876377578,0.0,0
Hadapsar,University,0,5,0,1865,15202,0,29.34434316353887,0.0,1
Hadapsar,University,0,5,1,1971,15335,0,28.009132420091326,0.0,0
Hadapsar,University,0,5,2,2087,16449,0,28.373933876377578,0.0,0
Hadapsar,University,6,5,0,1916,15202,0,28.563256784968683,0.0,1
Hadapsar,University,6,5,1,2025,15335,0,27.262222222222224,0.0,0
Hadapsar,University,6,5,2,2139,16449,0,27.684151472650772,0.0,0
Hadapsar,University,8,5,0,2419,15202,0,22.6238941711451,0.0,1
Hadapsar,University,8,5,1,2556,15335,0,21.598591549295776,0.0,0
Hadapsar,University,8,5,2,2569,17566,0,24.61564811210588,0.0,0
Hadapsar,University,10,5,0,2625,15839,0,21.722057142857143,0.0,1
Hadapsar,University,10,5,1,2858,15629,0,19.68663400979706,0.0,0
Hadapsar,University,10,5,2,2911,15550,0,19.23050498110615,0.0,0
Hadapsar,University,12,5,0,2703,15839,0,21.09522752497225,0.0,1
Hadapsar,University,12,5,1,2971,15629,0,18.93786603837092,0.0,0
Hadapsar,University,12,5,2,2925,16449,0,20.24492307692308,0.0,0
Hadapsar,University,14,5,0,2488,16453,0,23.80659163987138,0.0,1
Hadapsar,University,14,5,1,2589,16553,0,23.01691772885284,0.0,0
Hadapsar,University,14,5,2,2794,15545,0,20.029348604151757,0.0,0
Hadapsar,University,16,5,0,2658,15839,0,21.452370203160275,0.0,1
Hadapsar,University,16,5,1,2979,15502,0,18.733534743202416,0.0,0
Hadapsar,University,16,5,2,2913,16449,0,20.32832131822863,0.0,0
Hadapsar,University,18,5,0,2987,15839,0,19.08952125878808,0.0,1
Hadapsar,University,18,5,1,3295,15504,0,16.939119878603947,0.0,0
Hadapsar,University,18,5,2,3387,17005,0,18.074402125775023,0.0,0
Hadapsar,University,20,5,0,2517,15202,0,21.7430274135876,0.0,1
Hadapsar,University,20,5,1,2603,15504,0,21.44233576642336,0.0,0
Hadapsar,University,20,5,2,2682,16553,0,22.218791946308727,0.0,0
Hadapsar,University,22,5,0,1865,15202,0,29.34434316353887,0.0,1
Hadapsar,University,22,5,1,1971,15335,0,28.009132420091326,0.0,0
Hadapsar,University,22,5,2,2087,16449,0,28.373933876377578,0.0,0
Hadapsar,University,0,6,0,1865,15202,0,29.34434316353887,0.0,1
Hadapsar,University,0,6,1,1971,15335,0,28.009132420091326,0.0,0
Hadapsar,University,0,6,2,2087,16449,0,28.373933876377578,0.0,0
Hadapsar,University,6,6,0,1918,15202,0,28.533472367049008,0.0,1
Hadapsar,University,6,6,1,2026,15335,0,27.248766041461007,0.0,0
Hadapsar,University,6,6,2,2144,16449,0,27.61958955223881,0.0,0
Hadapsar,University,8,6,0,2534,15202,0,21.59715864246251,0.0,1
Hadapsar,University,8,6,1,2620,15335,0,21.070992366412217,0.0,0
Hadapsar,University,8,6,2,2711,17566,0,23.3263002582073,0.0,0
Hadapsar,University,10,6,0,2772,15839,0,20.570129870129872,0.0,1
Hadapsar,University,10,6,1,2959,15629,0,19.014667117269347,0.0,0
Hadapsar,University,10,6,2,3015,15550,0,18.56716417910448,0.0,0
Hadapsar,University,12,6,0,2831,15839,0,20.141434122218296,0.0,1
Hadapsar,University,12,6,1,3033,15629,0,18.55074183976261,0.0,0
Hadapsar,University,12,6,2,3139,15550,0,17.833705001592865,0.0,0
Hadapsar,University,14,6,0,2599,16453,0,22.789842247018083,0.0,1
Hadapsar,University,14,6,1,2831,15545,0,19.767573295655243,0.0,0
Hadapsar,University,14,6,2,2721,16553,0,21.900330760749725,0.0,0
Hadapsar,University,16,6,0,2817,15839,0,20.24153354632588,0.0,1
Hadapsar,University,16,6,1,3069,15671,0,18.38240469208211,0.0,0
Hadapsar,University,16,6,2,3261,16171,0,17.85206991720331,0.0,0
Hadapsar,University,18,6,0,3213,15839,0,17.746778711484595,0.0,1
Hadapsar,University,18,6,1,3432,15504,0,16.262937062937063,0.0,0
Hadapsar,University,18,6,2,3385,17202,0,18.29459379615953,0.0,0
Hadapsar,University,20,6,0,2558,15202,0,21.39452697419859,0.0,1
Hadapsar,University,20,6,1,2619,15504,0,21.31134020618557,0.0,0
Hadapsar,University,20,6,2,2746,16553,0,21.70094683175528,0.0,0
Hadapsar,University,22,6,0,1865,15202,0,29.34434316353887,0.0,1
Hadapsar,University,22,6,1,1971,15335,0,28.009132420091326,0.0,0
Hadapsar,University,22,6,2,2087,16449,0,28.373933876377578,0.0,0
Hadapsar,University,0,0,0,1865,15202,0,29.34434316353887,0.0,1
Hadapsar,University,0,0,1,1971,15335,0,28.009132420091326,0.0,0
Hadapsar,University,0,0,2,2087,16449,0,28.373933876377578,0.0,0
Hadapsar,University,6,0,0,1921,15202,0,28.488912024986984,0.0,1
Hadapsar,University,6,0,1,2026,15335,0,27.248766041461007,0.0,0
Hadapsar,University,6,0,2,2141,16449,0,27.658290518449324,0.0,0
Hadapsar,University,8,0,0,2529,15202,0,21.639857651245556,0.0,1
Hadapsar,University,8,0,1,2568,15335,0,21.497663551401867,0.0,0
Hadapsar,University,8,0,2,2689,17566,0,23.51714391967274,0.0,0
Hadapsar,University,10,0,0,2760,15839,0,20.659565217391304,0.0,1
Hadapsar,University,10,0,1,2899,15629,0,19.40820972749224,0.0,0
Hadapsar,University,10,0,2,2977,15550,0,18.804165267047363,0.0,0
Hadapsar,University,12,0,0,2824,15839,0,20.191359773371104,0.0,1
Hadapsar,University,12,0,1,3003,15629,0,18.736063936063932,0.0,0
Hadapsar,University,12,0,2,3142,15777,0,18.076766390833864,0.0,0
Hadapsar,University,14,0,0,2574,16453,0,23.011188811188813,0.0,1
Hadapsar,University,14,0,1,2815,15545,0,19.87992895204263,0.0,0
Hadapsar,University,14,0,2,2697,16553,0,22.0952169076752,0.0,0
Hadapsar,University,16,0,0,2800,15839,0,20.36442857142857,0.0,1
Hadapsar,University,16,0,1,3006,15502,0,18.565269461077847,0.0,0
Hadapsar,University,16,0,2,3160,16622,0,18.936455696202533,0.0,0
Hadapsar,University,18,0,0,3216,15839,0,17.730223880597016,0.0,1
Hadapsar,University,18,0,1,3346,15504,0,16.680932456664674,0.0,0
Hadapsar,University,18,0,2,3418,17202,0,18.11796372147455,0.0,0
Hadapsar,University,20,0,0,2575,15202,0,21.253281553398057,0.0,1
Hadapsar,University,20,0,1,2632,15504,0,21.20607902735562,0.0,0
Hadapsar,University,20,0,2,2756,16553,0,21.622206095791004,0.0,0
Hadapsar,University,22,0,0,1865,15202,0,29.34434316353887,0.0,1
Hadapsar,University,22,0,1,1971,15335,0,28.009132420091326,0.0,0
Hadapsar,University,22,0,2,2087,16449,0,28.373933876377578,0.0,0
Hadapsar,University,0,1,0,1865,15202,0,29.34434316353887,0.0,1
Hadapsar,University,0,1,1,1971,15335,0,28.009132420091326,0.0,0
Hadapsar,University,0,1,2,2087,16449,0,28.373933876377578,0.0,0
Hadapsar,University,6,1,0,1910,15202,0,28.65298429319372,0.0,1
Hadapsar,University,6,1,1,2018,15335,0,27.35678889990089,0.0,0
Hadapsar,University,6,1,2,2135,16449,0,27.736018735363,0.0,0
Hadapsar,University,8,1,0,2412,15202,0,22.68955223880597,0.0,1
Hadapsar,University,8,1,1,2516,15335,0,21.941971383147852,0.0,0
Hadapsar,University,8,1,2,2581,16553,0,23.08826036419992,0.0,0
Hadapsar,University,10,1,0,2648,16453,0,22.368126888217525,0.0,1
Hadapsar,University,10,1,1,2993,16988,0,20.43327764784497,0.0,0
Hadapsar,University,10,1,2,2853,16609,0,20.957728706624607,0.0,0
Hadapsar,University,12,1,0,2718,15839,0,20.978807947019867,0.0,1
Hadapsar,University,12,1,1,2985,15629,0,18.84904522613065,0.0,0
Hadapsar,University,12,1,2,3079,15592,0,18.230334524196167,0.0,0
Hadapsar,University,14,1,0,2540,16453,0,23.3192125984252,0.0,1
Hadapsar,University,14,1,1,2795,15545,0,20.022182468694098,0.0,0
Hadapsar,University,14,1,2,2642,16553,0,22.555185465556395,0.0,0
Hadapsar,University,16,1,0,2691,15839,0,21.18929765886288,0.0,1
Hadapsar,University,16,1,1,2989,15545,0,18.722649715623955,0.0,0
Hadapsar,University,16,1,2,3035,15443,0,18.31789126853377,0.0,0
Hadapsar,University,18,1,0,3040,15839,0,18.75671052631579,0.0,1
Hadapsar,University,18,1,1,3289,15504,0,16.97002128306476,0.0,0
Hadapsar,University,18,1,2,3302,17202,0,18.754451847365235,0.0,0
Hadapsar,University,20,1,0,2539,15202,0,21.55462780622292,0.0,1
Hadapsar,University,20,1,1,2626,15504,0,21.254531607006854,0.0,0
Hadapsar,University,20,1,2,2681,16553,0,22.227079447967174,0.0,0
Hadapsar,University,22,1,0,1865,15202,0,29.34434316353887,0.0,1
Hadapsar,University,22,1,1,1971,15335,0,28.009132420091326,0.0,0
Hadapsar,University,22,1,2,2087,16449,0,28.373933876377578,0.0,0
Hadapsar,University,0,2,0,1865,15202,0,29.34434316353887,0.0,1
Hadapsar,University,0,2,1,1971,15335,0,28.009132420091326,0.0,0
Hadapsar,University,0,2,2,2087,16449,0,28.373933876377578,0.0,0
Hadapsar,University,6,2,0,1910,15202,0,28.65298429319372,0.0,1
Hadapsar,University,6,2,1,2017,15335,0,27.37035200793257,0.0,0
Hadapsar,University,6,2,2,2132,16449,0,27.7750469043152,0.0,0
Hadapsar,University,8,2,0,2425,15202,0,22.567917525773197,0.0,1
Hadapsar,University,8,2,1,2504,15335,0,22.047124600638977,0.0,0
Hadapsar,University,8,2,2,2540,16553,0,23.460944881889763,0.0,0
Hadapsar,University,10,2,0,2564,15839,0,22.23884555382216,0.0,1
Hadapsar,University,10,2,1,2839,15629,0,19.81838675589996,0.0,0
Hadapsar,University,10,2,2,2761,16449,0,21.447446577327057,0.0,0
Hadapsar,University,12,2,0,2684,15839,0,21.244560357675116,0.0,1
Hadapsar,University,12,2,1,2979,15629,0,18.887009063444108,0.0,0
Hadapsar,University,12,2,2,2890,16449,0,20.490103806228376,0.0,0
Hadapsar,University,14,2,0,2572,16453,0,23.029082426127527,0.0,1
Hadapsar,University,14,2,1,2799,15545,0,19.9935691318328,0.0,0
Hadapsar,University,14,2,2,2672,16553,0,22.30194610778443,0.0,0
Hadapsar,University,16,2,0,2749,15839,0,20.7422335394689,0.0,1
Hadapsar,University,16,2,1,2991,15545,0,18.71013039117352,0.0,0
Hadapsar,University,16,2,2,3099,15443,0,17.939593417231364,0.0,0
Hadapsar,University,18,2,0,3071,15839,0,18.56737219146858,0.0,1
Hadapsar,University,18,2,1,3327,15483,0,16.753471596032462,0.0,0
Hadapsar,University,18,2,2,3418,17005,0,17.910473961380923,0.0,0
Hadapsar,University,20,2,0,2564,15202,0,21.34446177847114,0.0,1
Hadapsar,University,20,2,1,2646,15504,0,21.09387755102041,0.0,0
Hadapsar,University,20,2,2,2705,16553,0,22.02987060998152,0.0,0
Hadapsar,University,22,2,0,1865,15202,0,29.34434316353887,0.0,1
Hadapsar,University,22,2,1,1971,15335,0,28.009132420091326,0.0,0
Hadapsar,University,22,2,2,2087,16449,0,28.373933876377578,0.0,0
Hadapsar,University,0,3,0,1865,15202,0,29.34434316353887,0.0,1
Hadapsar,University,0,3,1,1971,15335,0,28.009132420091326,0.0,0
Hadapsar,University,0,3,2,2087,16449,0,28.373933876377578,0.0,0
Hadapsar,University,6,3,0,1900,15202,0,28.80378947368421,0.0,1
Hadapsar,University,6,3,1,2012,15335,0,27.43836978131213,0.0,0
Hadapsar,University,6,3,2,2130,16449,0,27.80112676056338,0.0,0
Hadapsar,University,8,3,0,2062,15202,0,26.540834141610084,0.0,1
Hadapsar,University,8,3,1,2283,15504,0,24.44783180026281,0.0,0
Hadapsar,University,8,3,2,2298,16449,0,25.76866840731071,0.0,0
Hadapsar,University,10,3,0,2319,16453,0,25.541526520051747,0.0,1
Hadapsar,University,10,3,1,2498,15504,0,22.34363490792634,0.0,0
Hadapsar,University,10,3,2,2400,16553,0,24.829500000000003,0.0,0
Hadapsar,University,12,3,0,2486,15839,0,22.93660498793242,0.0,1
Hadapsar,University,12,3,1,2760,15671,0,20.44043478260869,0.0,0
Hadapsar,University,12,3,2,2627,16449,0,22.541454130186526,0.0,0
Hadapsar,University,14,3,0,2531,15839,0,22.528802844725405,0.0,1
Hadapsar,University,14,3,1,2843,15504,0,19.632219486457966,0.0,0
Hadapsar,University,14,3,2,2812,15443,0,19.770554765291607,0.0,0
Hadapsar,University,16,3,0,2604,15839,0,21.897235023041475,0.0,1
Hadapsar,University,16,3,1,2899,15149,0,18.812142117971717,0.0,0
Hadapsar,University,16,3,2,3047,16160,0,19.09287824089268,0.0,0
Hadapsar,University,18,3,0,2654,15839,0,21.484702336096458,0.0,1
Hadapsar,University,18,3,1,2884,15443,0,19.27697642163661,0.0,0
Hadapsar,University,18,3,2,2977,15504,0,18.748538797447093,0.0,0
Hadapsar,University,20,3,0,2382,15202,0,22.97531486146096,0.0,1
Hadapsar,University,20,3,1,2510,15545,0,22.29561752988048,0.0,0
Hadapsar,University,20,3,2,2510,16553,0,23.74135458167331,0.0,0
Hadapsar,University,22,3,0,1865,15202,0,29.34434316353887,0.0,1
Hadapsar,University,22,3,1,1971,15335,0,28.009132420091326,0.0,0
Hadapsar,University,22,3,2,2087,16449,0,28.373933876377578,0.0,0
Hadapsar,University,0,4,0,1865,15202,0,29.34434316353887,0.0,1
Hadapsar,University,0,4,1,1971,15335,0,28.009132420091326,0.0,0
Hadapsar,University,0,4,2,2087,16449,0,28.373933876377578,0.0,0
Hadapsar,University,6,4,0,1892,15202,0,28.92558139534884,0.0,1
Hadapsar,University,6,4,1,2004,15335,0,27.54790419161677,0.0,0
Hadapsar,University,6,4,2,2118,16449,0,27.95864022662889,0.0,0
Hadapsar,University,8,4,0,1991,15202,0,27.48729281767956,0.0,1
Hadapsar,University,8,4,1,2154,15335,0,25.629526462395543,0.0,0
Hadapsar,University,8,4,2,2207,16449,0,26.831173538740373,0.0,0
Hadapsar,University,10,4,0,2083,15202,0,26.27325972155545,0.0,1
Hadapsar,University,10,4,1,2291,15335,0,24.096900916630293,0.0,0
Hadapsar,University,10,4,2,2307,16449,0,25.668140442132643,0.0,0
Hadapsar,University,12,4,0,2247,15202,0,24.355674232309745,0.0,1
Hadapsar,University,12,4,1,2478,15335,0,22.278450363196125,0.0,0
Hadapsar,University,12,4,2,2417,16553,0,24.6548613984278,0.0,0
Hadapsar,University,14,4,0,2311,16453,0,25.629943747295545,0.0,1
Hadapsar,University,14,4,1,2510,15335,0,21.99442231075697,0.0,0
Hadapsar,University,14,4,2,2444,16553,0,24.38248772504092,0.0,0
Hadapsar,University,16,4,0,2409,16453,0,24.58729763387297,0.0,1
Hadapsar,University,16,4,1,2620,15545,0,21.359541984732825,0.0,0
Hadapsar,University,16,4,2,2512,16553,0,23.722452229299364,0.0,0
Hadapsar,University,18,4,0,2460,16453,0,24.077560975609757,0.0,1
Hadapsar,University,18,4,1,2551,16553,0,23.359780478243827,0.0,0
Hadapsar,University,18,4,2,2716,15504,0,20.55022091310751,0.0,0
Hadapsar,University,20,4,0,2203,15202,0,24.842124375851117,0.0,1
Hadapsar,University,20,4,1,2404,15335,0,22.96422628951747,0.0,0
Hadapsar,University,20,4,2,2402,16553,0,24.80882597835137,0.0,0
Hadapsar,University,22,4,0,1865,15202,0,29.34434316353887,0.0,1
Hadapsar,University,22,4,1,1971,15335,0,28.009132420091326,0.0,0
Hadapsar,University,22,4,2,2087,16449,0,28.373933876377578,0.0,0
Hadapsar,University,0,5,0,1865,15202,0,29.34434316353887,0.0,1
Hadapsar,University,0,5,1,1971,15335,0,28.009132420091326,0.0,0
Hadapsar,University,0,5,2,2087,16449,0,28.373933876377578,0.0,0
Hadapsar,University,6,5,0,1916,15202,0,28.563256784968683,0.0,1
Hadapsar,University,6,5,1,2025,15335,0,27.262222222222224,0.0,0
Hadapsar,University,6,5,2,2139,16449,0,27.684151472650772,0.0,0
Hadapsar,University,8,5,0,2419,15202,0,22.6238941711451,0.0,1
Hadapsar,University,8,5,1,2556,15335,0,21.598591549295776,0.0,0
Hadapsar,University,8,5,2,2569,17566,0,24.61564811210588,0.0,0
Hadapsar,University,10,5,0,2625,15839,0,21.722057142857143,0.0,1
Hadapsar,University,10,5,1,2858,15629,0,19.68663400979706,0.0,0
Hadapsar,University,10,5,2,2911,15550,0,19.23050498110615,0.0,0
Hadapsar,University,12,5,0,2703,15839,0,21.09522752497225,0.0,1
Hadapsar,University,12,5,1,2971,15629,0,18.93786603837092,0.0,0
Hadapsar,University,12,5,2,2925,16449,0,20.24492307692308,0.0,0
Hadapsar,University,14,5,0,2488,16453,0,23.80659163987138,0.0,1
Hadapsar,University,14,5,1,2589,16553,0,23.01691772885284,0.0,0
Hadapsar,University,14,5,2,2794,15545,0,20.029348604151757,0.0,0
Hadapsar,University,16,5,0,2658,15839,0,21.452370203160275,0.0,1
Hadapsar,University,16,5,1,2979,15502,0,18.733534743202416,0.0,0
Hadapsar,University,16,5,2,2913,16449,0,20.32832131822863,0.0,0
Hadapsar,University,18,5,0,2987,15839,0,19.08952125878808,0.0,1
Hadapsar,University,18,5,1,3295,15504,0,16.939119878603947,0.0,0
Hadapsar,University,18,5,2,3387,17005,0,18.074402125775023,0.0,0
Hadapsar,University,20,5,0,2517,15202,0,21.7430274135876,0.0,1
Hadapsar,University,20,5,1,2603,15504,0,21.44233576642336,0.0,0
Hadapsar,University,20,5,2,2682,16553,0,22.218791946308727,0.0,0
Hadapsar,University,22,5,0,1865,15202,0,29.34434316353887,0.0,1
Hadapsar,University,22,5,1,1971,15335,0,28.009132420091326,0.0,0
Hadapsar,University,22,5,2,2087,16449,0,28.373933876377578,0.0,0
Hadapsar,University,0,6,0,1865,15202,0,29.34434316353887,0.0,1
Hadapsar,University,0,6,1,1971,15335,0,28.009132420091326,0.0,0
Hadapsar,University,0,6,2,2087,16449,0,28.373933876377578,0.0,0
Hadapsar,University,6,6,0,1918,15202,0,28.533472367049008,0.0,1
Hadapsar,University,6,6,1,2026,15335,0,27.248766041461007,0.0,0
Hadapsar,University,6,6,2,2144,16449,0,27.61958955223881,0.0,0
Hadapsar,University,8,6,0,2534,15202,0,21.59715864246251,0.0,1
Hadapsar,University,8,6,1,2620,15335,0,21.070992366412217,0.0,0
Hadapsar,University,8,6,2,2711,17566,0,23.3263002582073,0.0,0
Hadapsar,University,10,6,0,2772,15839,0,20.570129870129872,0.0,1
Hadapsar,University,10,6,1,2959,15629,0,19.014667117269347,0.0,0
Hadapsar,University,10,6,2,3015,15550,0,18.56716417910448,0.0,0
Hadapsar,University,12,6,0,2831,15839,0,20.141434122218296,0.0,1
Hadapsar,University,12,6,1,3033,15629,0,18.55074183976261,0.0,0
Hadapsar,University,12,6,2,3139,15550,0,17.833705001592865,0.0,0
Hadapsar,University,14,6,0,2599,16453,0,22.789842247018083,0.0,1
Hadapsar,University,14,6,1,2831,15545,0,19.767573295655243,0.0,0
Hadapsar,University,14,6,2,2721,16553,0,21.900330760749725,0.0,0
Hadapsar,University,16,6,0,2817,15839,0,20.24153354632588,0.0,1
Hadapsar,University,16,6,1,3069,15671,0,18.38240469208211,0.0,0
Hadapsar,University,16,6,2,3261,16171,0,17.85206991720331,0.0,0
Hadapsar,University,18,6,0,3213,15839,0,17.746778711484595,0.0,1
Hadapsar,University,18,6,1,3432,15504,0,16.262937062937063,0.0,0
Hadapsar,University,18,6,2,3385,17202,0,18.29459379615953,0.0,0
Hadapsar,University,20,6,0,2558,15202,0,21.39452697419859,0.0,1
Hadapsar,University,20,6,1,2619,15504,0,21.31134020618557,0.0,0
Hadapsar,University,20,6,2,2746,16553,0,21.70094683175528,0.0,0
Hadapsar,University,22,6,0,1865,15202,0,29.34434316353887,0.0,1
Hadapsar,University,22,6,1,1971,15335,0,28.009132420091326,0.0,0
Hadapsar,University,22,6,2,2087,16449,0,28.373933876377578,0.0,0
Hadapsar,University,0,0,0,1865,15202,0,29.34434316353887,0.0,1
Hadapsar,University,0,0,1,1971,15335,0,28.009132420091326,0.0,0
Hadapsar,University,0,0,2,2087,16449,0,28.373933876377578,0.0,0
Hadapsar,University,6,0,0,1921,15202,0,28.488912024986984,0.0,1
Hadapsar,University,6,0,1,2026,15335,0,27.248766041461007,0.0,0
Hadapsar,University,6,0,2,2141,16449,0,27.658290518449324,0.0,0
Hadapsar,University,8,0,0,2529,15202,0,21.639857651245556,0.0,1
Hadapsar,University,8,0,1,2568,15335,0,21.497663551401867,0.0,0
Hadapsar,University,8,0,2,2689,17566,0,23.51714391967274,0.0,0
Hadapsar,University,10,0,0,2760,15839,0,20.659565217391304,0.0,1
Hadapsar,University,10,0,1,2899,15629,0,19.40820972749224,0.0,0
Hadapsar,University,10,0,2,2977,15550,0,18.804165267047363,0.0,0
Hadapsar,University,12,0,0,2824,15839,0,20.191359773371104,0.0,1
Hadapsar,University,12,0,1,3003,15629,0,18.736063936063932,0.0,0
Hadapsar,University,12,0,2,3142,15777,0,18.076766390833864,0.0,0
Hadapsar,University,14,0,0,2574,16453,0,23.011188811188813,0.0,1
Hadapsar,University,14,0,1,2815,15545,0,19.87992895204263,0.0,0
Hadapsar,University,14,0,2,2697,16553,0,22.0952169076752,0.0,0
Hadapsar,University,16,0,0,2800,15839,0,20.36442857142857,0.0,1
Hadapsar,University,16,0,1,3006,15502,0,18.565269461077847,0.0,0
Hadapsar,University,16,0,2,3160,16622,0,18.936455696202533,0.0,0
Hadapsar,University,18,0,0,3216,15839,0,17.730223880597016,0.0,1
Hadapsar,University,18,0,1,3346,15504,0,16.680932456664674,0.0,0
Hadapsar,University,18,0,2,3418,17202,0,18.11796372147455,0.0,0
Hadapsar,University,20,0,0,2575,15202,0,21.253281553398057,0.0,1
Hadapsar,University,20,0,1,2632,15504,0,21.20607902735562,0.0,0
Hadapsar,University,20,0,2,2756,16553,0,21.622206095791004,0.0,0
Hadapsar,University,22,0,0,1865,15202,0,29.34434316353887,0.0,1
Hadapsar,University,22,0,1,1971,15335,0,28.009132420091326,0.0,0
Hadapsar,University,22,0,2,2087,16449,0,28.373933876377578,0.0,0
Hadapsar,University,0,1,0,1865,15202,0,29.34434316353887,0.0,1
Hadapsar,University,0,1,1,1971,15335,0,28.009132420091326,0.0,0
Hadapsar,University,0,1,2,2087,16449,0,28.373933876377578,0.0,0
Hadapsar,University,6,1,0,1910,15202,0,28.65298429319372,0.0,1
Hadapsar,University,6,1,1,2018,15335,0,27.35678889990089,0.0,0
Hadapsar,University,6,1,2,2135,16449,0,27.736018735363,0.0,0
Hadapsar,University,8,1,0,2412,15202,0,22.68955223880597,0.0,1
Hadapsar,University,8,1,1,2516,15335,0,21.941971383147852,0.0,0
Hadapsar,University,8,1,2,2581,16553,0,23.08826036419992,0.0,0
Hadapsar,University,10,1,0,2648,16453,0,22.368126888217525,0.0,1
Hadapsar,University,10,1,1,2993,16988,0,20.43327764784497,0.0,0
Hadapsar,University,10,1,2,2853,16609,0,20.957728706624607,0.0,0
Hadapsar,University,12,1,0,2718,15839,0,20.978807947019867,0.0,1
Hadapsar,University,12,1,1,2985,15629,0,18.84904522613065,0.0,0
Hadapsar,University,12,1,2,3079,15592,0,18.230334524196167,0.0,0
Hadapsar,University,14,1,0,2540,16453,0,23.3192125984252,0.0,1
Hadapsar,University,14,1,1,2795,15545,0,20.022182468694098,0.0,0
Hadapsar,University,14,1,2,2642,16553,0,22.555185465556395,0.0,0
Hadapsar,University,16,1,0,2691,15839,0,21.18929765886288,0.0,1
Hadapsar,University,16,1,1,2989,15545,0,18.722649715623955,0.0,0
Hadapsar,University,16,1,2,3035,15443,0,18.31789126853377,0.0,0
Hadapsar,University,18,1,0,3040,15839,0,18.75671052631579,0.0,1
Hadapsar,University,18,1,1,3289,15504,0,16.97002128306476,0.0,0
Hadapsar,University,18,1,2,3302,17202,0,18.754451847365235,0.0,0
Hadapsar,University,20,1,0,2539,15202,0,21.55462780622292,0.0,1
Hadapsar,University,20,1,1,2626,15504,0,21.254531607006854,0.0,0
Hadapsar,University,20,1,2,2681,16553,0,22.227079447967174,0.0,0
Hadapsar,University,22,1,0,1865,15202,0,29.34434316353887,0.0,1
Hadapsar,University,22,1,1,1971,15335,0,28.009132420091326,0.0,0
Hadapsar,University,22,1,2,2087,16449,0,28.373933876377578,0.0,0
Hadapsar,University,0,2,0,1865,15202,0,29.34434316353887,0.0,1
Hadapsar,University,0,2,1,1971,15335,0,28.009132420091326,0.0,0
Hadapsar,University,0,2,2,2087,16449,0,28.373933876377578,0.0,0
Hadapsar,University,6,2,0,1910,15202,0,28.65298429319372,0.0,1
Hadapsar,University,6,2,1,2017,15335,0,27.37035200793257,0.0,0
Hadapsar,University,6,2,2,2132,16449,0,27.7750469043152,0.0,0
Hadapsar,University,8,2,0,2425,15202,0,22.567917525773197,0.0,1
Hadapsar,University,8,2,1,2504,15335,0,22.047124600638977,0.0,0
Hadapsar,University,8,2,2,2540,16553,0,23.460944881889763,0.0,0
Hadapsar,University,10,2,0,2564,15839,0,22.23884555382216,0.0,1
Hadapsar,University,10,2,1,2839,15629,0,19.81838675589996,0.0,0
Hadapsar,University,10,2,2,2761,16449,0,21.447446577327057,0.0,0
Hadapsar,University,12,2,0,2684,15839,0,21.244560357675116,0.0,1
Hadapsar,University,12,2,1,2979,15629,0,18.887009063444108,0.0,0
Hadapsar,University,12,2,2,2890,16449,0,20.490103806228376,0.0,0
Hadapsar,University,14,2,0,2572,16453,0,23.029082426127527,0.0,1
Hadapsar,University,14,2,1,2799,15545,0,19.9935691318328,0.0,0
Hadapsar,University,14,2,2,2672,16553,0,22.30194610778443,0.0,0
Hadapsar,University,16,2,0,2749,15839,0,20.7422335394689,0.0,1
Hadapsar,University,16,2,1,2991,15545,0,18.71013039117352,0.0,0
Hadapsar,University,16,2,2,3099,15443,0,17.939593417231364,0.0,0
Hadapsar,University,18,2,0,3071,15839,0,18.56737219146858,0.0,1
Hadapsar,University,18,2,1,3327,15483,0,16.753471596032462,0.0,0
Hadapsar,University,18,2,2,3418,17005,0,17.910473961380923,0.0,0
Hadapsar,University,20,2,0,2564,15202,0,21.34446177847114,0.0,1
Hadapsar,University,20,2,1,2646,15504,0,21.09387755102041,0.0,0
Hadapsar,University,20,2,2,2705,16553,0,22.02987060998152,0.0,0
Hadapsar,University,22,2,0,1865,15202,0,29.34434316353887,0.0,1
Hadapsar,University,22,2,1,1971,15335,0,28.009132420091326,0.0,0
Hadapsar,University,22,2,2,2087,16449,0,28.373933876377578,0.0,0
Hadapsar,University,0,3,0,1865,15202,0,29.34434316353887,0.0,1
Hadapsar,University,0,3,1,1971,15335,0,28.009132420091326,0.0,0
Hadapsar,University,0,3,2,2087,16449,0,28.373933876377578,0.0,0
Hadapsar,University,6,3,0,1900,15202,0,28.80378947368421,0.0,1
Hadapsar,University,6,3,1,2012,15335,0,27.43836978131213,0.0,0
Hadapsar,University,6,3,2,2130,16449,0,27.80112676056338,0.0,0
Hadapsar,University,8,3,0,2062,15202,0,26.540834141610084,0.0,1
Hadapsar,University,8,3,1,2283,15504,0,24.44783180026281,0.0,0
Hadapsar,University,8,3,2,2298,16449,0,25.76866840731071,0.0,0
Hadapsar,University,10,3,0,2319,16453,0,25.541526520051747,0.0,1
Hadapsar,University,10,3,1,2498,15504,0,22.34363490792634,0.0,0
Hadapsar,University,10,3,2,2400,16553,0,24.829500000000003,0.0,0
Hadapsar,University,12,3,0,2486,15839,0,22.93660498793242,0.0,1
Hadapsar,University,12,3,1,2760,15671,0,20.44043478260869,0.0,0
Hadapsar,University,12,3,2,2627,16449,0,22.541454130186526,0.0,0
Hadapsar,University,14,3,0,2531,15839,0,22.528802844725405,0.0,1
Hadapsar,University,14,3,1,2843,15504,0,19.632219486457966,0.0,0
Hadapsar,University,14,3,2,2812,15443,0,19.770554765291607,0.0,0
Hadapsar,University,16,3,0,2604,15839,0,21.897235023041475,0.0,1
Hadapsar,University,16,3,1,2899,15149,0,18.812142117971717,0.0,0
Hadapsar,University,16,3,2,3047,16160,0,19.09287824089268,0.0,0
Hadapsar,University,18,3,0,2654,15839,0,21.484702336096458,0.0,1
Hadapsar,University,18,3,1,2884,15443,0,19.27697642163661,0.0,0
Hadapsar,University,18,3,2,2977,15504,0,18.748538797447093,0.0,0
Hadapsar,University,20,3,0,2382,15202,0,22.97531486146096,0.0,1
Hadapsar,University,20,3,1,2510,15545,0,22.29561752988048,0.0,0
Hadapsar,University,20,3,2,2510,16553,0,23.74135458167331,0.0,0
Hadapsar,University,22,3,0,1865,15202,0,29.34434316353887,0.0,1
Hadapsar,University,22,3,1,1971,15335,0,28.009132420091326,0.0,0
Hadapsar,University,22,3,2,2087,16449,0,28.373933876377578,0.0,0
Hadapsar,University,0,4,0,1865,15202,0,29.34434316353887,0.0,1
Hadapsar,University,0,4,1,1971,15335,0,28.009132420091326,0.0,0
Hadapsar,University,0,4,2,2087,16449,0,28.373933876377578,0.0,0
Hadapsar,University,6,4,0,1892,15202,0,28.92558139534884,0.0,1
Hadapsar,University,6,4,1,2004,15335,0,27.54790419161677,0.0,0
Hadapsar,University,6,4,2,2118,16449,0,27.95864022662889,0.0,0
Hadapsar,University,8,4,0,1991,15202,0,27.48729281767956,0.0,1
Hadapsar,University,8,4,1,2154,15335,0,25.629526462395543,0.0,0
Hadapsar,University,8,4,2,2207,16449,0,26.831173538740373,0.0,0
Hadapsar,University,10,4,0,2083,15202,0,26.27325972155545,0.0,1
Hadapsar,University,10,4,1,2291,15335,0,24.096900916630293,0.0,0
Hadapsar,University,10,4,2,2307,16449,0,25.668140442132643,0.0,0
Hadapsar,University,12,4,0,2247,15202,0,24.355674232309745,0.0,1
Hadapsar,University,12,4,1,2478,15335,0,22.278450363196125,0.0,0
Hadapsar,University,12,4,2,2417,16553,0,24.6548613984278,0.0,0
Hadapsar,University,14,4,0,2311,16453,0,25.629943747295545,0.0,1
Hadapsar,University,14,4,1,2510,15335,0,21.99442231075697,0.0,0
Hadapsar,University,14,4,2,2444,16553,0,24.38248772504092,0.0,0
Hadapsar,University,16,4,0,2409,16453,0,24.58729763387297,0.0,1
Hadapsar,University,16,4,1,2620,15545,0,21.359541984732825,0.0,0
Hadapsar,University,16,4,2,2512,16553,0,23.722452229299364,0.0,0
Hadapsar,University,18,4,0,2460,16453,0,24.077560975609757,0.0,1
Hadapsar,University,18,4,1,2551,16553,0,23.359780478243827,0.0,0
Hadapsar,University,18,4,2,2716,15504,0,20.55022091310751,0.0,0
Hadapsar,University,20,4,0,2203,15202,0,24.842124375851117,0.0,1
Hadapsar,University,20,4,1,2404,15335,0,22.96422628951747,0.0,0
Hadapsar,University,20,4,2,2402,16553,0,24.80882597835137,0.0,0
Hadapsar,University,22,4,0,1865,15202,0,29.34434316353887,0.0,1
Hadapsar,University,22,4,1,1971,15335,0,28.009132420091326,0.0,0
Hadapsar,University,22,4,2,2087,16449,0,28.373933876377578,0.0,0
Hadapsar,University,0,5,0,1865,15202,0,29.34434316353887,0.0,1
Hadapsar,University,0,5,1,1971,15335,0,28.009132420091326,0.0,0
Hadapsar,University,0,5,2,2087,16449,0,28.373933876377578,0.0,0
Hadapsar,University,6,5,0,1916,15202,0,28.563256784968683,0.0,1
Hadapsar,University,6,5,1,2025,15335,0,27.262222222222224,0.0,0
Hadapsar,University,6,5,2,2139,16449,0,27.684151472650772,0.0,0
Hadapsar,University,8,5,0,2419,15202,0,22.6238941711451,0.0,1
Hadapsar,University,8,5,1,2556,15335,0,21.598591549295776,0.0,0
Hadapsar,University,8,5,2,2569,17566,0,24.61564811210588,0.0,0
Hadapsar,University,10,5,0,2625,15839,0,21.722057142857143,0.0,1
Hadapsar,University,10,5,1,2858,15629,0,19.68663400979706,0.0,0
Hadapsar,University,10,5,2,2911,15550,0,19.23050498110615,0.0,0
Hadapsar,University,12,5,0,2703,15839,0,21.09522752497225,0.0,1
Hadapsar,University,12,5,1,2971,15629,0,18.93786603837092,0.0,0
Hadapsar,University,12,5,2,2925,16449,0,20.24492307692308,0.0,0
Hadapsar,University,14,5,0,2488,16453,0,23.80659163987138,0.0,1
Hadapsar,University,14,5,1,2589,16553,0,23.01691772885284,0.0,0
Hadapsar,University,14,5,2,2794,15545,0,20.029348604151757,0.0,0
Hadapsar,University,16,5,0,2658,15839,0,21.452370203160275,0.0,1
Hadapsar,University,16,5,1,2979,15502,0,18.733534743202416,0.0,0
Hadapsar,University,16,5,2,2913,16449,0,20.32832131822863,0.0,0
Hadapsar,University,18,5,0,2987,15839,0,19.08952125878808,0.0,1
Hadapsar,University,18,5,1,3295,15504,0,16.939119878603947,0.0,0
Hadapsar,University,18,5,2,3387,17005,0,18.074402125775023,0.0,0
Hadapsar,University,20,5,0,2517,15202,0,21.7430274135876,0.0,1
Hadapsar,University,20,5,1,2603,15504,0,21.44233576642336,0.0,0
Hadapsar,University,20,5,2,2682,16553,0,22.218791946308727,0.0,0
Hadapsar,University,22,5,0,1865,15202,0,29.34434316353887,0.0,1
Hadapsar,University,22,5,1,1971,15335,0,28.009132420091326,0.0,0
Hadapsar,University,22,5,2,2087,16449,0,28.373933876377578,0.0,0
Hadapsar,University,0,6,0,1865,15202,0,29.34434316353887,0.0,1
Hadapsar,University,0,6,1,1971,15335,0,28.009132420091326,0.0,0
Hadapsar,University,0,6,2,2087,16449,0,28.373933876377578,0.0,0
Hadapsar,University,6,6,0,1918,15202,0,28.533472367049008,0.0,1
Hadapsar,University,6,6,1,2026,15335,0,27.248766041461007,0.0,0
Hadapsar,University,6,6,2,2144,16449,0,27.61958955223881,0.0,0
Hadapsar,University,8,6,0,2534,15202,0,21.59715864246251,0.0,1
Hadapsar,University,8,6,1,2620,15335,0,21.070992366412217,0.0,0
Hadapsar,University,8,6,2,2711,17566,0,23.3263002582073,0.0,0
Hadapsar,University,10,6,0,2772,15839,0,20.570129870129872,0.0,1
Hadapsar,University,10,6,1,2959,15629,0,19.014667117269347,0.0,0
Hadapsar,University,10,6,2,3015,15550,0,18.56716417910448,0.0,0
Hadapsar,University,12,6,0,2831,15839,0,20.141434122218296,0.0,1
Hadapsar,University,12,6,1,3033,15629,0,18.55074183976261,0.0,0
Hadapsar,University,12,6,2,3139,15550,0,17.833705001592865,0.0,0
Hadapsar,University,14,6,0,2599,16453,0,22.789842247018083,0.0,1
Hadapsar,University,14,6,1,2831,15545,0,19.767573295655243,0.0,0
Hadapsar,University,14,6,2,2721,16553,0,21.900330760749725,0.0,0
Hadapsar,University,16,6,0,2817,15839,0,20.24153354632588,0.0,1
Hadapsar,University,16,6,1,3069,15671,0,18.38240469208211,0.0,0
Hadapsar,University,16,6,2,3261,16171,0,17.85206991720331,0.0,0
Hadapsar,University,18,6,0,3213,15839,0,17.746778711484595,0.0,1
Hadapsar,University,18,6,1,3432,15504,0,16.262937062937063,0.0,0
Hadapsar,University,18,6,2,3385,17202,0,18.29459379615953,0.0,0
Hadapsar,University,20,6,0,2558,15202,0,21.39452697419859,0.0,1
Hadapsar,University,20,6,1,2619,15504,0,21.31134020618557,0.0,0
Hadapsar,University,20,6,2,2746,16553,0,21.70094683175528,0.0,0
Hadapsar,University,22,6,0,1865,15202,0,29.34434316353887,0.0,1
Hadapsar,University,22,6,1,1971,15335,0,28.009132420091326,0.0,0
Hadapsar,University,22,6,2,2087,16449,0,28.373933876377578,0.0,0
University,Swargate,0,0,0,1095,7766,0,25.53205479452055,0.0,1
University,Swargate,0,0,1,1314,9205,0,25.21917808219178,0.0,0
University,Swargate,0,0,2,1350,8461,0,22.56266666666667,0.0,0
University,Swargate,6,0,0,1111,7766,0,25.164356435643565,0.0,1
University,Swargate,6,0,1,1340,9205,0,24.729850746268657,0.0,0
University,Swargate,6,0,2,1374,8461,0,22.168558951965068,0.0,0
University,Swargate,8,0,0,1238,7766,0,22.58287560581583,0.0,1
University,Swargate,8,0,1,1581,9143,0,20.818975332068312,0.0,0
University,Swargate,8,0,2,1558,8322,0,19.229268292682924,0.0,0
University,Swargate,10,0,0,1414,7766,0,19.77199434229137,0.0,1
University,Swargate,10,0,1,1816,9205,0,18.247797356828197,0.0,0
University,Swargate,10,0,2,1758,8322,0,17.04163822525597,0.0,0
University,Swargate,12,0,0,1612,7766,0,17.343424317617867,0.0,1
University,Swargate,12,0,1,2028,9637,0,17.107100591715977,0.0,0
University,Swargate,12,0,2,1948,8322,0,15.379466119096508,0.0,0
University,Swargate,14,0,0,1603,7766,0,17.440798502807237,0.0,1
University,Swargate,14,0,1,1889,9703,0,18.49168872419269,0.0,0
University,Swargate,14,0,2,1736,8439,0,17.500230414746543,0.0,0
University,Swargate,16,0,0,1680,7766,0,16.64142857142857,0.0,1
University,Swargate,16,0,1,1933,9602,0,17.882669425763062,0.0,0
University,Swargate,16,0,2,1768,8439,0,17.183484162895926,0.0,0
University,Swargate,18,0,0,1766,7766,0,15.831030577576444,0.0,1
University,Swargate,18,0,1,2090,9143,0,15.748708133971292,0.0,0
University,Swargate,18,0,2,1994,8322,0,15.024674022066195,0.0,0
University,Swargate,20,0,0,1473,7766,0,18.980040733197555,0.0,1
University,Swargate,20,0,1,1796,9143,0,18.32672605790646,0.0,0
University,Swargate,20,0,2,1740,8322,0,17.217931034482756,0.0,0
University,Swargate,22,0,0,1095,7766,0,25.53205479452055,0.0,1
University,Swargate,22,0,1,1314,9205,0,25.21917808219178,0.0,0
University,Swargate,22,0,2,1350,8461,0,22.56266666666667,0.0,0
University,Swargate,0,1,0,1095,7766,0,25.53205479452055,0.0,1
University,Swargate,0,1,1,1314,9205,0,25.21917808219178,0.0,0
University,Swargate,0,1,2,1350,8461,0,22.56266666666667,0.0,0
University,Swargate,6,1,0,1112,7766,0,25.14172661870504,0.0,1
University,Swargate,6,1,1,1340,9205,0,24.729850746268657,0.0,0
University,Swargate,6,1,2,1373,8461,0,22.184705025491624,0.0,0
University,Swargate,8,1,0,1241,7766,0,22.52828364222401,0.0,1
University,Swargate,8,1,1,1571,9205,0,21.09357097390197,0.0,0
University,Swargate,8,1,2,1551,8322,0,19.316054158607347,0.0,0
University,Swargate,10,1,0,1399,7766,0,19.98398856325947,0.0,1
University,Swargate,10,1,1,1818,9143,0,18.104950495049508,0.0,0
University,Swargate,10,1,2,1603,8289,0,18.61534622582657,0.0,0
University,Swargate,12,1,0,1634,7766,0,17.109914320685434,0.0,1
University,Swargate,12,1,1,2038,9642,0,17.03199214916585,0.0,0
University,Swargate,12,1,2,1773,8439,0,17.135025380710662,0.0,0
University,Swargate,14,1,0,1686,7766,0,16.58220640569395,0.0,1
University,Swargate,14,1,1,1899,9765,0,18.51184834123223,0.0,0
University,Swargate,14,1,2,1768,8439,0,17.183484162895926,0.0,0
University,Swargate,16,1,0,1766,8439,0,17.202944507361266,0.0,1
University,Swargate,16,1,1,1928,9602,0,17.92904564315353,0.0,0
University,Swargate,16,1,2,1789,7766,0,15.62750139742873,0.0,0
University,Swargate,18,1,0,1796,7766,0,15.566592427616929,0.0,0
University,Swargate,18,1,1,2069,9143,0,15.908554857419045,0.0,0
University,Swargate,18,1,2,1788,8289,0,16.689261744966444,0.0,1
University,Swargate,20,1,0,1456,7766,0,19.201648351648352,0.0,1
University,Swargate,20,1,1,1790,9205,0,18.51284916201117,0.0,0
University,Swargate,20,1,2,1723,8322,0,17.387811955890886,0.0,0
University,Swargate,22,1,0,1095,7766,0,25.53205479452055,0.0,1
University,Swargate,22,1,1,1314,9205,0,25.21917808219178,0.0,0
University,Swargate,22,1,2,1350,8461,0,22.56266666666667,0.0,0
University,Swargate,0,2,0,1095,7766,0,25.53205479452055,0.0,1
University,Swargate,0,2,1,1314,9205,0,25.21917808219178,0.0,0
University,Swargate,0,2,2,1350,8461,0,22.56266666666667,0.0,0
University,Swargate,6,2,0,1112,7766,0,25.14172661870504,0.0,1
University,Swargate,6,2,1,1339,9205,0,24.748319641523523,0.0,0
University,Swargate,6,2,2,1372,8461,0,22.200874635568518,0.0,0
University,Swargate,8,2,0,1227,7766,0,22.785330073349638,0.0,1
University,Swargate,8,2,1,1559,9205,0,21.25593329057088,0.0,0
University,Swargate,8,2,2,1545,8322,0,19.39106796116505,0.0,0
University,Swargate,10,2,0,1384,7766,0,20.20057803468208,0.0,1
University,Swargate,10,2,1,1796,9143,0,18.32672605790646,0.0,0
University,Swargate,10,2,2,1600,8289,0,18.65025,0.0,0
University,Swargate,12,2,0,1583,7766,0,17.66114971572963,0.0,1
University,Swargate,12,2,1,2017,9637,0,17.20039662865642,0.0,0
University,Swargate,12,2,2,1735,8289,0,17.19907780979827,0.0,0
University,Swargate,14,2,0,1614,7766,0,17.32193308550186,0.0,1
University,Swargate,14,2,1,1895,9703,0,18.433139841688654,0.0,0
University,Swargate,14,2,2,1735,8289,0,17.19907780979827,0.0,0
University,Swargate,16,2,0,1722,7766,0,16.23554006968641,0.0,1
University,Swargate,16,2,1,1937,9602,0,17.845740836344866,0.0,0
University,Swargate,16,2,2,1778,8439,0,17.08683914510686,0.0,0
University,Swargate,18,2,0,1794,7766,0,15.583946488294314,0.0,1
University,Swargate,18,2,1,2138,9143,0,15.395135640785782,0.0,0
University,Swargate,18,2,2,1993,8322,0,15.032212744606118,0.0,0
University,Swargate,20,2,0,1458,7766,0,19.175308641975302,0.0,1
University,Swargate,20,2,1,1809,9143,0,18.195024875621893,0.0,0
University,Swargate,20,2,2,1740,8322,0,17.217931034482756,0.0,0
University,Swargate,22,2,0,1095,7766,0,25.53205479452055,0.0,1
University,Swargate,22,2,1,1314,9205,0,25.21917808219178,0.0,0
University,Swargate,22,2,2,1350,8461,0,22.56266666666667,0.0,0
University,Swargate,0,3,0,1095,7766,0,25.53205479452055,0.0,1
University,Swargate,0,3,1,1314,9205,0,25.21917808219178,0.0,0
University,Swargate,0,3,2,1350,8461,0,22.56266666666667,0.0,0
University,Swargate,6,3,0,1112,7766,0,25.14172661870504,0.0,1
University,Swargate,6,3,1,1341,9205,0,24.71140939597316,0.0,0
University,Swargate,6,3,2,1374,8461,0,22.168558951965068,0.0,0
University,Swargate,8,3,0,1218,7766,0,22.95369458128079,0.0,1
University,Swargate,8,3,1,1528,9205,0,21.687172774869108,0.0,0
University,Swargate,8,3,2,1535,8322,0,19.517394136807816,0.0,0
University,Swargate,10,3,0,1413,7766,0,19.78598726114649,0.0,1
University,Swargate,10,3,1,1770,9143,0,18.595932203389832,0.0,0
University,Swargate,10,3,2,1565,8289,0,19.0673482428115,0.0,0
University,Swargate,12,3,0,1728,7766,0,16.179166666666667,0.0,1
University,Swargate,12,3,1,2039,9637,0,17.014811181951938,0.0,0
University,Swargate,12,3,2,1751,8439,0,17.350314106225014,0.0,0
University,Swargate,14,3,0,1791,8289,0,16.661306532663318,0.0,1
University,Swargate,14,3,1,2033,9703,0,17.181898671913427,0.0,0
University,Swargate,14,3,2,2052,8592,0,15.073684210526318,0.0,0
University,Swargate,16,3,0,1835,8439,0,16.55607629427793,0.0,1
University,Swargate,16,3,1,2054,9694,0,16.9904576436222,0.0,0
University,Swargate,16,3,2,2100,8592,0,14.729142857142858,0.0,0
University,Swargate,18,3,0,1822,8289,0,16.377826564215148,0.0,1
University,Swargate,18,3,1,2114,9651,0,16.43500473036897,0.0,0
University,Swargate,18,3,2,2089,8322,0,14.3414073719483,0.0,0
University,Swargate,20,3,0,1476,7766,0,18.941463414634143,0.0,1
University,Swargate,20,3,1,1784,9143,0,18.45,0.0,0
University,Swargate,20,3,2,1750,8322,0,17.119542857142857,0.0,0
University,Swargate,22,3,0,1095,7766,0,25.53205479452055,0.0,1
University,Swargate,22,3,1,1314,9205,0,25.21917808219178,0.0,0
University,Swargate,22,3,2,1350,8461,0,22.56266666666667,0.0,0
University,Swargate,0,4,0,1095,7766,0,25.53205479452055,0.0,1
University,Swargate,0,4,1,1314,9205,0,25.21917808219178,0.0,0
University,Swargate,0,4,2,1350,8461,0,22.56266666666667,0.0,0
University,Swargate,6,4,0,1110,7766,0,25.187027027027025,0.0,1
University,Swargate,6,4,1,1334,9205,0,24.841079460269864,0.0,0
University,Swargate,6,4,2,1368,8461,0,22.26578947368421,0.0,0
University,Swargate,8,4,0,1227,7766,0,22.785330073349638,0.0,1
University,Swargate,8,4,1,1448,9366,0,23.28563535911602,0.0,0
University,Swargate,8,4,2,1478,8623,0,21.003247631935047,0.0,0
University,Swargate,10,4,0,1344,7766,0,20.801785714285717,0.0,1
University,Swargate,10,4,1,1536,9366,0,21.9515625,0.0,0
University,Swargate,10,4,2,1448,9791,0,24.342265193370167,0.0,0
University,Swargate,12,4,0,1504,8289,0,19.8406914893617,0.0,1
University,Swargate,12,4,1,1705,9205,0,19.43577712609971,0.0,0
University,Swargate,12,4,2,1531,9791,0,23.022599608099284,0.0,0
University,Swargate,14,4,0,1512,8439,0,20.092857142857145,0.0,1
University,Swargate,14,4,1,1720,9722,0,20.34837209302325,0.0,0
University,Swargate,14,4,2,1560,9791,0,22.594615384615384,0.0,0
University,Swargate,16,4,0,1516,8289,0,19.68364116094987,0.0,1
University,Swargate,16,4,1,1713,9722,0,20.43152364273205,0.0,0
University,Swargate,16,4,2,1755,8505,0,17.446153846153848,0.0,0
University,Swargate,18,4,0,1575,8289,0,18.946285714285715,0.0,1
University,Swargate,18,4,1,1793,9661,0,19.39743446737312,0.0,0
University,Swargate,18,4,2,1635,9791,0,21.55816513761468,0.0,0
University,Swargate,20,4,0,1382,7766,0,20.229811866859624,0.0,1
University,Swargate,20,4,1,1633,9205,0,20.29271279853031,0.0,0
University,Swargate,20,4,2,1499,9791,0,23.51407605070047,0.0,0
University,Swargate,22,4,0,1095,7766,0,25.53205479452055,0.0,1
University,Swargate,22,4,1,1314,9205,0,25.21917808219178,0.0,0
University,Swargate,22,4,2,1350,8461,0,22.56266666666667,0.0,0
University,Swargate,0,5,0,1095,7766,0,25.53205479452055,0.0,1
University,Swargate,0,5,1,1314,9205,0,25.21917808219178,0.0,0
University,Swargate,0,5,2,1350,8461,0,22.56266666666667,0.0,0
University,Swargate,6,5,0,1112,7766,0,25.14172661870504,0.0,1
University,Swargate,6,5,1,1341,9205,0,24.71140939597316,0.0,0
University,Swargate,6,5,2,1374,8461,0,22.168558951965068,0.0,0
University,Swargate,8,5,0,1217,7766,0,22.972555464256367,0.0,1
University,Swargate,8,5,1,1561,9143,0,21.085714285714285,0.0,0
University,Swargate,8,5,2,1542,8322,0,19.428793774319065,0.0,0
University,Swargate,10,5,0,1388,7766,0,20.14236311239193,0.0,1
University,Swargate,10,5,1,1785,9143,0,18.43966386554622,0.0,0
University,Swargate,10,5,2,1742,8322,0,17.198163030998852,0.0,0
University,Swargate,12,5,0,1567,7766,0,17.84148053605616,0.0,1
University,Swargate,12,5,1,2005,9143,0,16.41635910224439,0.0,0
University,Swargate,12,5,2,1721,8289,0,17.33898895990703,0.0,0
University,Swargate,14,5,0,1559,7766,0,17.933033996151376,0.0,1
University,Swargate,14,5,1,1886,9703,0,18.521102863202547,0.0,0
University,Swargate,14,5,2,1713,8439,0,17.735201401050787,0.0,0
University,Swargate,16,5,0,1620,7766,0,17.25777777777778,0.0,1
University,Swargate,16,5,1,1921,9602,0,17.994377928162415,0.0,0
University,Swargate,16,5,2,1716,8439,0,17.704195804195805,0.0,0
University,Swargate,18,5,0,1677,7766,0,16.67119856887299,0.0,1
University,Swargate,18,5,1,2060,9143,0,15.978058252427187,0.0,0
University,Swargate,18,5,2,1745,8289,0,17.10051575931232,0.0,0
University,Swargate,20,5,0,1417,7766,0,19.730134086097387,0.0,1
University,Swargate,20,5,1,1770,9143,0,18.595932203389832,0.0,0
University,Swargate,20,5,2,1710,8322,0,17.52,0.0,0
University,Swargate,22,5,0,1095,7766,0,25.53205479452055,0.0,1
University,Swargate,22,5,1,1314,9205,0,25.21917808219178,0.0,0
University,Swargate,22,5,2,1350,8461,0,22.56266666666667,0.0,0
University,Swargate,0,6,0,1095,7766,0,25.53205479452055,0.0,1
University,Swargate,0,6,1,1314,9205,0,25.21917808219178,0.0,0
University,Swargate,0,6,2,1350,8461,0,22.56266666666667,0.0,0
University,Swargate,6,6,0,1112,7766,0,25.14172661870504,0.0,1
University,Swargate,6,6,1,1341,9205,0,24.71140939597316,0.0,0
University,Swargate,6,6,2,1376,8461,0,22.13633720930233,0.0,0
University,Swargate,8,6,0,1227,7766,0,22.785330073349638,0.0,1
University,Swargate,8,6,1,1572,9143,0,20.9381679389313,0.0,0
University,Swargate,8,6,2,1552,8322,0,19.30360824742268,0.0,0
University,Swargate,10,6,0,1431,7766,0,19.537106918238997,0.0,1
University,Swargate,10,6,1,1829,9143,0,17.99606342263532,0.0,0
University,Swargate,10,6,2,1786,8322,0,16.77446808510638,0.0,0
University,Swargate,12,6,0,1630,7766,0,17.151901840490797,0.0,1
University,Swargate,12,6,1,2044,9637,0,16.973189823874755,0.0,0
University,Swargate,12,6,2,1983,8322,0,15.10801815431165,0.0,0
University,Swargate,14,6,0,1621,7766,0,17.247131400370144,0.0,1
University,Swargate,14,6,1,1898,9703,0,18.40400421496312,0.0,0
University,Swargate,14,6,2,1755,8439,0,17.310769230769232,0.0,0
University,Swargate,16,6,0,1682,7766,0,16.62164090368609,0.0,1
University,Swargate,16,6,1,1925,9602,0,17.956987012987014,0.0,0
University,Swargate,16,6,2,1764,8439,0,17.22244897959184,0.0,0
University,Swargate,18,6,0,1713,7766,0,16.320840630472855,0.0,1
University,Swargate,18,6,1,2063,9143,0,15.954823073194378,0.0,0
University,Swargate,18,6,2,1796,8289,0,16.614922048997773,0.0,0
University,Swargate,20,6,0,1432,7766,0,19.52346368715084,0.0,1
University,Swargate,20,6,1,1785,9143,0,18.43966386554622,0.0,0
University,Swargate,20,6,2,1717,8322,0,17.448573092603375,0.0,0
University,Swargate,22,6,0,1095,7766,0,25.53205479452055,0.0,1
University,Swargate,22,6,1,1314,9205,0,25.21917808219178,0.0,0
University,Swargate,22,6,2,1350,8461,0,22.56266666666667,0.0,0
University,Swargate,0,0,0,1095,7766,0,25.53205479452055,0.0,1
University,Swargate,0,0,1,1314,9205,0,25.21917808219178,0.0,0
University,Swargate,0,0,2,1350,8461,0,22.56266666666667,0.0,0
University,Swargate,6,0,0,1111,7766,0,25.164356435643565,0.0,1
University,Swargate,6,0,1,1340,9205,0,24.729850746268657,0.0,0
University,Swargate,6,0,2,1374,8461,0,22.168558951965068,0.0,0
University,Swargate,8,0,0,1238,7766,0,22.58287560581583,0.0,1
University,Swargate,8,0,1,1581,9143,0,20.818975332068312,0.0,0
University,Swargate,8,0,2,1558,8322,0,19.229268292682924,0.0,0
University,Swargate,10,0,0,1414,7766,0,19.77199434229137,0.0,1
University,Swargate,10,0,1,1816,9205,0,18.247797356828197,0.0,0
University,Swargate,10,0,2,1758,8322,0,17.04163822525597,0.0,0
University,Swargate,12,0,0,1612,7766,0,17.343424317617867,0.0,1
University,Swargate,12,0,1,2028,9637,0,17.107100591715977,0.0,0
University,Swargate,12,0,2,1948,8322,0,15.379466119096508,0.0,0
University,Swargate,14,0,0,1603,7766,0,17.440798502807237,0.0,1
University,Swargate,14,0,1,1889,9703,0,18.49168872419269,0.0,0
University,Swargate,14,0,2,1736,8439,0,17.500230414746543,0.0,0
University,Swargate,16,0,0,1680,7766,0,16.64142857142857,0.0,1
University,Swargate,16,0,1,1933,9602,0,17.882669425763062,0.0,0
University,Swargate,16,0,2,1768,8439,0,17.183484162895926,0.0,0
University,Swargate,18,0,0,1766,7766,0,15.831030577576444,0.0,1
University,Swargate,18,0,1,2090,9143,0,15.748708133971292,0.0,0
University,Swargate,18,0,2,1994,8322,0,15.024674022066195,0.0,0
University,Swargate,20,0,0,1473,7766,0,18.980040733197555,0.0,1
University,Swargate,20,0,1,1796,9143,0,18.32672605790646,0.0,0
University,Swargate,20,0,2,1740,8322,0,17.217931034482756,0.0,0
University,Swargate,22,0,0,1095,7766,0,25.53205479452055,0.0,1
University,Swargate,22,0,1,1314,9205,0,25.21917808219178,0.0,0
University,Swargate,22,0,2,1350,8461,0,22.56266666666667,0.0,0
University,Swargate,0,1,0,1095,7766,0,25.53205479452055,0.0,1
University,Swargate,0,1,1,1314,9205,0,25.21917808219178,0.0,0
University,Swargate,0,1,2,1350,8461,0,22.56266666666667,0.0,0
University,Swargate,6,1,0,1112,7766,0,25.14172661870504,0.0,1
University,Swargate,6,1,1,1340,9205,0,24.729850746268657,0.0,0
University,Swargate,6,1,2,1373,8461,0,22.184705025491624,0.0,0
University,Swargate,8,1,0,1241,7766,0,22.52828364222401,0.0,1
University,Swargate,8,1,1,1571,9205,0,21.09357097390197,0.0,0
University,Swargate,8,1,2,1551,8322,0,19.316054158607347,0.0,0
University,Swargate,10,1,0,1399,7766,0,19.98398856325947,0.0,1
University,Swargate,10,1,1,1818,9143,0,18.104950495049508,0.0,0
University,Swargate,10,1,2,1603,8289,0,18.61534622582657,0.0,0
University,Swargate,12,1,0,1634,7766,0,17.109914320685434,0.0,1
University,Swargate,12,1,1,2038,9642,0,17.03199214916585,0.0,0
University,Swargate,12,1,2,1773,8439,0,17.135025380710662,0.0,0
University,Swargate,14,1,0,1686,7766,0,16.58220640569395,0.0,1
University,Swargate,14,1,1,1899,9765,0,18.51184834123223,0.0,0
University,Swargate,14,1,2,1768,8439,0,17.183484162895926,0.0,0
University,Swargate,16,1,0,1766,8439,0,17.202944507361266,0.0,1
University,Swargate,16,1,1,1928,9602,0,17.92904564315353,0.0,0
University,Swargate,16,1,2,1789,7766,0,15.62750139742873,0.0,0
University,Swargate,18,1,0,1796,7766,0,15.566592427616929,0.0,0
University,Swargate,18,1,1,2069,9143,0,15.908554857419045,0.0,0
University,Swargate,18,1,2,1788,8289,0,16.689261744966444,0.0,1
University,Swargate,20,1,0,1456,7766,0,19.201648351648352,0.0,1
University,Swargate,20,1,1,1790,9205,0,18.51284916201117,0.0,0
University,Swargate,20,1,2,1723,8322,0,17.387811955890886,0.0,0
University,Swargate,22,1,0,1095,7766,0,25.53205479452055,0.0,1
University,Swargate,22,1,1,1314,9205,0,25.21917808219178,0.0,0
University,Swargate,22,1,2,1350,8461,0,22.56266666666667,0.0,0
University,Swargate,0,2,0,1095,7766,0,25.53205479452055,0.0,1
University,Swargate,0,2,1,1314,9205,0,25.21917808219178,0.0,0
University,Swargate,0,2,2,1350,8461,0,22.56266666666667,0.0,0
University,Swargate,6,2,0,1112,7766,0,25.14172661870504,0.0,1
University,Swargate,6,2,1,1339,9205,0,24.748319641523523,0.0,0
University,Swargate,6,2,2,1372,8461,0,22.200874635568518,0.0,0
University,Swargate,8,2,0,1227,7766,0,22.785330073349638,0.0,1
University,Swargate,8,2,1,1559,9205,0,21.25593329057088,0.0,0
University,Swargate,8,2,2,1545,8322,0,19.39106796116505,0.0,0
University,Swargate,10,2,0,1384,7766,0,20.20057803468208,0.0,1
University,Swargate,10,2,1,1796,9143,0,18.32672605790646,0.0,0
University,Swargate,10,2,2,1600,8289,0,18.65025,0.0,0
University,Swargate,12,2,0,1583,7766,0,17.66114971572963,0.0,1
University,Swargate,12,2,1,2017,9637,0,17.20039662865642,0.0,0
University,Swargate,12,2,2,1735,8289,0,17.19907780979827,0.0,0
University,Swargate,14,2,0,1614,7766,0,17.32193308550186,0.0,1
University,Swargate,14,2,1,1895,9703,0,18.433139841688654,0.0,0
University,Swargate,14,2,2,1735,8289,0,17.19907780979827,0.0,0
University,Swargate,16,2,0,1722,7766,0,16.23554006968641,0.0,1
University,Swargate,16,2,1,1937,9602,0,17.845740836344866,0.0,0
University,Swargate,16,2,2,1778,8439,0,17.08683914510686,0.0,0
University,Swargate,18,2,0,1794,7766,0,15.583946488294314,0.0,1
University,Swargate,18,2,1,2138,9143,0,15.395135640785782,0.0,0
University,Swargate,18,2,2,1993,8322,0,15.032212744606118,0.0,0
University,Swargate,20,2,0,1458,7766,0,19.175308641975302,0.0,1
University,Swargate,20,2,1,1809,9143,0,18.195024875621893,0.0,0
University,Swargate,20,2,2,1740,8322,0,17.217931034482756,0.0,0
University,Swargate,22,2,0,1095,7766,0,25.53205479452055,0.0,1
University,Swargate,22,2,1,1314,9205,0,25.21917808219178,0.0,0
University,Swargate,22,2,2,1350,8461,0,22.56266666666667,0.0,0
University,Swargate,0,3,0,1095,7766,0,25.53205479452055,0.0,1
University,Swargate,0,3,1,1314,9205,0,25.21917808219178,0.0,0
University,Swargate,0,3,2,1350,8461,0,22.56266666666667,0.0,0
University,Swargate,6,3,0,1112,7766,0,25.14172661870504,0.0,1
University,Swargate,6,3,1,1341,9205,0,24.71140939597316,0.0,0
University,Swargate,6,3,2,1374,8461,0,22.168558951965068,0.0,0
University,Swargate,8,3,0,1218,7766,0,22.95369458128079,0.0,1
University,Swargate,8,3,1,1528,9205,0,21.687172774869108,0.0,0
University,Swargate,8,3,2,1535,8322,0,19.517394136807816,0.0,0
University,Swargate,10,3,0,1413,7766,0,19.78598726114649,0.0,1
University,Swargate,10,3,1,1770,9143,0,18.595932203389832,0.0,0
University,Swargate,10,3,2,1565,8289,0,19.0673482428115,0.0,0
University,Swargate,12,3,0,1728,7766,0,16.179166666666667,0.0,1
University,Swargate,12,3,1,2039,9637,0,17.014811181951938,0.0,0
University,Swargate,12,3,2,1751,8439,0,17.350314106225014,0.0,0
University,Swargate,14,3,0,1791,8289,0,16.661306532663318,0.0,1
University,Swargate,14,3,1,2033,9703,0,17.181898671913427,0.0,0
University,Swargate,14,3,2,2052,8592,0,15.073684210526318,0.0,0
University,Swargate,16,3,0,1835,8439,0,16.55607629427793,0.0,1
University,Swargate,16,3,1,2054,9694,0,16.9904576436222,0.0,0
University,Swargate,16,3,2,2100,8592,0,14.729142857142858,0.0,0
University,Swargate,18,3,0,1822,8289,0,16.377826564215148,0.0,1
University,Swargate,18,3,1,2114,9651,0,16.43500473036897,0.0,0
University,Swargate,18,3,2,2089,8322,0,14.3414073719483,0.0,0
University,Swargate,20,3,0,1476,7766,0,18.941463414634143,0.0,1
University,Swargate,20,3,1,1784,9143,0,18.45,0.0,0
University,Swargate,20,3,2,1750,8322,0,17.119542857142857,0.0,0
University,Swargate,22,3,0,1095,7766,0,25.53205479452055,0.0,1
University,Swargate,22,3,1,1314,9205,0,25.21917808219178,0.0,0
University,Swargate,22,3,2,1350,8461,0,22.56266666666667,0.0,0
University,Swargate,0,4,0,1095,7766,0,25.53205479452055,0.0,1
University,Swargate,0,4,1,1314,9205,0,25.21917808219178,0.0,0
University,Swargate,0,4,2,1350,8461,0,22.56266666666667,0.0,0
University,Swargate,6,4,0,1110,7766,0,25.187027027027025,0.0,1
University,Swargate,6,4,1,1334,9205,0,24.841079460269864,0.0,0
University,Swargate,6,4,2,1368,8461,0,22.26578947368421,0.0,0
University,Swargate,8,4,0,1227,7766,0,22.785330073349638,0.0,1
University,Swargate,8,4,1,1448,9366,0,23.28563535911602,0.0,0
University,Swargate,8,4,2,1478,8623,0,21.003247631935047,0.0,0
University,Swargate,10,4,0,1344,7766,0,20.801785714285717,0.0,1
University,Swargate,10,4,1,1536,9366,0,21.9515625,0.0,0
University,Swargate,10,4,2,1448,9791,0,24.342265193370167,0.0,0
University,Swargate,12,4,0,1504,8289,0,19.8406914893617,0.0,1
University,Swargate,12,4,1,1705,9205,0,19.43577712609971,0.0,0
University,Swargate,12,4,2,1531,9791,0,23.022599608099284,0.0,0
University,Swargate,14,4,0,1512,8439,0,20.092857142857145,0.0,1
University,Swargate,14,4,1,1720,9722,0,20.34837209302325,0.0,0
University,Swargate,14,4,2,1560,9791,0,22.594615384615384,0.0,0
University,Swargate,16,4,0,1516,8289,0,19.68364116094987,0.0,1
University,Swargate,16,4,1,1713,9722,0,20.43152364273205,0.0,0
University,Swargate,16,4,2,1755,8505,0,17.446153846153848,0.0,0
University,Swargate,18,4,0,1575,8289,0,18.946285714285715,0.0,1
University,Swargate,18,4,1,1793,9661,0,19.39743446737312,0.0,0
University,Swargate,18,4,2,1635,9791,0,21.55816513761468,0.0,0
University,Swargate,20,4,0,1382,7766,0,20.229811866859624,0.0,1
University,Swargate,20,4,1,1633,9205,0,20.29271279853031,0.0,0
University,Swargate,20,4,2,1499,9791,0,23.51407605070047,0.0,0
University,Swargate,22,4,0,1095,7766,0,25.53205479452055,0.0,1
University,Swargate,22,4,1,1314,9205,0,25.21917808219178,0.0,0
University,Swargate,22,4,2,1350,8461,0,22.56266666666667,0.0,0
University,Swargate,0,5,0,1095,7766,0,25.53205479452055,0.0,1
University,Swargate,0,5,1,1314,9205,0,25.21917808219178,0.0,0
University,Swargate,0,5,2,1350,8461,0,22.56266666666667,0.0,0
University,Swargate,6,5,0,1112,7766,0,25.14172661870504,0.0,1
University,Swargate,6,5,1,1341,9205,0,24.71140939597316,0.0,0
University,Swargate,6,5,2,1374,8461,0,22.168558951965068,0.0,0
University,Swargate,8,5,0,1217,7766,0,22.972555464256367,0.0,1
University,Swargate,8,5,1,1561,9143,0,21.085714285714285,0.0,0
University,Swargate,8,5,2,1542,8322,0,19.428793774319065,0.0,0
University,Swargate,10,5,0,1388,7766,0,20.14236311239193,0.0,1
University,Swargate,10,5,1,1785,9143,0,18.43966386554622,0.0,0
University,Swargate,10,5,2,1742,8322,0,17.198163030998852,0.0,0
University,Swargate,12,5,0,1567,7766,0,17.84148053605616,0.0,1
University,Swargate,12,5,1,2005,9143,0,16.41635910224439,0.0,0
University,Swargate,12,5,2,1721,8289,0,17.33898895990703,0.0,0
University,Swargate,14,5,0,1559,7766,0,17.933033996151376,0.0,1
University,Swargate,14,5,1,1886,9703,0,18.521102863202547,0.0,0
University,Swargate,14,5,2,1713,8439,0,17.735201401050787,0.0,0
University,Swargate,16,5,0,1620,7766,0,17.25777777777778,0.0,1
University,Swargate,16,5,1,1921,9602,0,17.994377928162415,0.0,0
University,Swargate,16,5,2,1716,8439,0,17.704195804195805,0.0,0
University,Swargate,18,5,0,1677,7766,0,16.67119856887299,0.0,1
University,Swargate,18,5,1,2060,9143,0,15.978058252427187,0.0,0
University,Swargate,18,5,2,1745,8289,0,17.10051575931232,0.0,0
University,Swargate,20,5,0,1417,7766,0,19.730134086097387,0.0,1
University,Swargate,20,5,1,1770,9143,0,18.595932203389832,0.0,0
University,Swargate,20,5,2,1710,8322,0,17.52,0.0,0
University,Swargate,22,5,0,1095,7766,0,25.53205479452055,0.0,1
University,Swargate,22,5,1,1314,9205,0,25.21917808219178,0.0,0
University,Swargate,22,5,2,1350,8461,0,22.56266666666667,0.0,0
University,Swargate,0,6,0,1095,7766,0,25.53205479452055,0.0,1
University,Swargate,0,6,1,1314,9205,0,25.21917808219178,0.0,0
University,Swargate,0,6,2,1350,8461,0,22.56266666666667,0.0,0
University,Swargate,6,6,0,1112,7766,0,25.14172661870504,0.0,1
University,Swargate,6,6,1,1341,9205,0,24.71140939597316,0.0,0
University,Swargate,6,6,2,1376,8461,0,22.13633720930233,0.0,0
University,Swargate,8,6,0,1227,7766,0,22.785330073349638,0.0,1
University,Swargate,8,6,1,1572,9143,0,20.9381679389313,0.0,0
University,Swargate,8,6,2,1552,8322,0,19.30360824742268,0.0,0
University,Swargate,10,6,0,1431,7766,0,19.537106918238997,0.0,1
University,Swargate,10,6,1,1829,9143,0,17.99606342263532,0.0,0
University,Swargate,10,6,2,1786,8322,0,16.77446808510638,0.0,0
University,Swargate,12,6,0,1630,7766,0,17.151901840490797,0.0,1
University,Swargate,12,6,1,2044,9637,0,16.973189823874755,0.0,0
University,Swargate,12,6,2,1983,8322,0,15.10801815431165,0.0,0
University,Swargate,14,6,0,1621,7766,0,17.247131400370144,0.0,1
University,Swargate,14,6,1,1898,9703,0,18.40400421496312,0.0,0
University,Swargate,14,6,2,1755,8439,0,17.310769230769232,0.0,0
University,Swargate,16,6,0,1682,7766,0,16.62164090368609,0.0,1
University,Swargate,16,6,1,1925,9602,0,17.956987012987014,0.0,0
University,Swargate,16,6,2,1764,8439,0,17.22244897959184,0.0,0
University,Swargate,18,6,0,1713,7766,0,16.320840630472855,0.0,1
University,Swargate,18,6,1,2063,9143,0,15.954823073194378,0.0,0
University,Swargate,18,6,2,1796,8289,0,16.614922048997773,0.0,0
University,Swargate,20,6,0,1432,7766,0,19.52346368715084,0.0,1
University,Swargate,20,6,1,1785,9143,0,18.43966386554622,0.0,0
University,Swargate,20,6,2,1783,8505,0,17.17218171620864,0.0,0
University,Swargate,22,6,0,1095,7766,0,25.53205479452055,0.0,1
University,Swargate,22,6,1,1314,9205,0,25.21917808219178,0.0,0
University,Swargate,22,6,2,1421,8644,0,21.89894440534835,0.0,0
University,Swargate,0,0,0,1095,7766,0,25.53205479452055,0.0,1
University,Swargate,0,0,1,1314,9205,0,25.21917808219178,0.0,0
University,Swargate,0,0,2,1421,8644,0,21.89894440534835,0.0,0
University,Swargate,6,0,0,1111,7766,0,25.164356435643565,0.0,1
University,Swargate,6,0,1,1340,9205,0,24.729850746268657,0.0,0
University,Swargate,6,0,2,1437,8685,0,21.75782881002088,0.0,0
University,Swargate,8,0,0,1238,7766,0,22.58287560581583,0.0,1
University,Swargate,8,0,1,1581,9143,0,20.818975332068312,0.0,0
University,Swargate,8,0,2,1613,8546,0,19.0735275883447,0.0,0
University,Swargate,10,0,0,1414,7766,0,19.77199434229137,0.0,1
University,Swargate,10,0,1,1816,9205,0,18.247797356828197,0.0,0
University,Swargate,10,0,2,1804,8488,0,16.938359201773835,0.0,0
University,Swargate,12,0,0,1612,7766,0,17.343424317617867,0.0,1
University,Swargate,12,0,1,2028,9637,0,17.107100591715977,0.0,0
University,Swargate,12,0,2,1756,8289,0,16.993394077448748,0.0,0
University,Swargate,14,0,0,1603,7766,0,17.440798502807237,0.0,1
University,Swargate,14,0,1,1889,9703,0,18.49168872419269,0.0,0
University,Swargate,14,0,2,1736,8439,0,17.500230414746543,0.0,0
University,Swargate,16,0,0,1680,7766,0,16.64142857142857,0.0,1
University,Swargate,16,0,1,1933,9602,0,17.882669425763062,0.0,0
University,Swargate,16,0,2,1768,8439,0,17.183484162895926,0.0,0
University,Swargate,18,0,0,1766,7766,0,15.831030577576444,0.0,1
University,Swargate,18,0,1,2090,9143,0,15.748708133971292,0.0,0
University,Swargate,18,0,2,1994,8322,0,15.024674022066195,0.0,0
University,Swargate,20,0,0,1473,7766,0,18.980040733197555,0.0,1
University,Swargate,20,0,1,1796,9143,0,18.32672605790646,0.0,0
University,Swargate,20,0,2,1803,8505,0,16.981697171381033,0.0,0
University,Swargate,22,0,0,1095,7766,0,25.53205479452055,0.0,1
University,Swargate,22,0,1,1314,9205,0,25.21917808219178,0.0,0
University,Swargate,22,0,2,1421,8644,0,21.89894440534835,0.0,0
University,Swargate,0,1,0,1095,7766,0,25.53205479452055,0.0,1
University,Swargate,0,1,1,1314,9205,0,25.21917808219178,0.0,0
University,Swargate,0,1,2,1421,8644,0,21.89894440534835,0.0,0
University,Swargate,6,1,0,1112,7766,0,25.14172661870504,0.0,1
University,Swargate,6,1,1,1340,9205,0,24.729850746268657,0.0,0
University,Swargate,6,1,2,1443,8644,0,21.565072765072767,0.0,0
University,Swargate,8,1,0,1241,7766,0,22.52828364222401,0.0,1
University,Swargate,8,1,1,1571,9205,0,21.09357097390197,0.0,0
University,Swargate,8,1,2,1615,8546,0,19.049907120743036,0.0,0
University,Swargate,10,1,0,1399,7766,0,19.98398856325947,0.0,1
University,Swargate,10,1,1,1818,9143,0,18.104950495049508,0.0,0
University,Swargate,10,1,2,1603,8289,0,18.61534622582657,0.0,0
University,Swargate,12,1,0,1634,7766,0,17.109914320685434,0.0,1
University,Swargate,12,1,1,2038,9642,0,17.03199214916585,0.0,0
University,Swargate,12,1,2,1773,8439,0,17.135025380710662,0.0,0
University,Swargate,14,1,0,1686,7766,0,16.58220640569395,0.0,1
University,Swargate,14,1,1,1899,9765,0,18.51184834123223,0.0,0
University,Swargate,14,1,2,1768,8439,0,17.183484162895926,0.0,0
University,Swargate,16,1,0,1766,8439,0,17.202944507361266,0.0,1
University,Swargate,16,1,1,1928,9602,0,17.92904564315353,0.0,0
University,Swargate,16,1,2,1789,7766,0,15.62750139742873,0.0,0
University,Swargate,18,1,0,1796,7766,0,15.566592427616929,0.0,0
University,Swargate,18,1,1,2069,9143,0,15.908554857419045,0.0,0
University,Swargate,18,1,2,1788,8289,0,16.689261744966444,0.0,1
University,Swargate,20,1,0,1456,7766,0,19.201648351648352,0.0,1
University,Swargate,20,1,1,1790,9205,0,18.51284916201117,0.0,0
University,Swargate,20,1,2,1789,8505,0,17.11458915595305,0.0,0
University,Swargate,22,1,0,1095,7766,0,25.53205479452055,0.0,1
University,Swargate,22,1,1,1314,9205,0,25.21917808219178,0.0,0
University,Swargate,22,1,2,1421,8644,0,21.89894440534835,0.0,0
University,Swargate,0,2,0,1095,7766,0,25.53205479452055,0.0,1
University,Swargate,0,2,1,1314,9205,0,25.21917808219178,0.0,0
University,Swargate,0,2,2,1421,8644,0,21.89894440534835,0.0,0
University,Swargate,6,2,0,1112,7766,0,25.14172661870504,0.0,1
University,Swargate,6,2,1,1339,9205,0,24.748319641523523,0.0,0
University,Swargate,6,2,2,1444,8644,0,21.550138504155125,0.0,0
University,Swargate,8,2,0,1227,7766,0,22.785330073349638,0.0,1
University,Swargate,8,2,1,1559,9205,0,21.25593329057088,0.0,0
University,Swargate,8,2,2,1597,8488,0,19.133876017532877,0.0,0
University,Swargate,10,2,0,1384,7766,0,20.20057803468208,0.0,1
University,Swargate,10,2,1,1796,9143,0,18.32672605790646,0.0,0
University,Swargate,10,2,2,1600,8289,0,18.65025,0.0,0
University,Swargate,12,2,0,1583,7766,0,17.66114971572963,0.0,1
University,Swargate,12,2,1,2017,9637,0,17.20039662865642,0.0,0
University,Swargate,12,2,2,1735,8289,0,17.19907780979827,0.0,0
University,Swargate,14,2,0,1614,7766,0,17.32193308550186,0.0,1
University,Swargate,14,2,1,1895,9703,0,18.433139841688654,0.0,0
University,Swargate,14,2,2,1735,8289,0,17.19907780979827,0.0,0
University,Swargate,16,2,0,1722,7766,0,16.23554006968641,0.0,1
University,Swargate,16,2,1,1937,9602,0,17.845740836344866,0.0,0
University,Swargate,16,2,2,1778,8439,0,17.08683914510686,0.0,0
University,Swargate,18,2,0,1794,7766,0,15.583946488294314,0.0,1
University,Swargate,18,2,1,2138,9143,0,15.395135640785782,0.0,0
University,Swargate,18,2,2,2048,8505,0,14.950195312500002,0.0,0
University,Swargate,20,2,0,1458,7766,0,19.175308641975302,0.0,1
University,Swargate,20,2,1,1809,9143,0,18.195024875621893,0.0,0
University,Swargate,20,2,2,1803,8505,0,16.981697171381033,0.0,0
University,Swargate,22,2,0,1095,7766,0,25.53205479452055,0.0,1
University,Swargate,22,2,1,1314,9205,0,25.21917808219178,0.0,0
University,Swargate,22,2,2,1421,8644,0,21.89894440534835,0.0,0
University,Swargate,0,3,0,1095,7766,0,25.53205479452055,0.0,1
University,Swargate,0,3,1,1314,9205,0,25.21917808219178,0.0,0
University,Swargate,0,3,2,1421,8644,0,21.89894440534835,0.0,0
University,Swargate,6,3,0,1112,7766,0,25.14172661870504,0.0,1
University,Swargate,6,3,1,1341,9205,0,24.71140939597316,0.0,0
University,Swargate,6,3,2,1438,8685,0,21.742698191933243,0.0,0
University,Swargate,8,3,0,1218,7766,0,22.95369458128079,0.0,1
University,Swargate,8,3,1,1528,9205,0,21.687172774869108,0.0,0
University,Swargate,8,3,2,1438,8289,0,20.751321279554936,0.0,0
University,Swargate,10,3,0,1413,7766,0,19.78598726114649,0.0,1
University,Swargate,10,3,1,1770,9143,0,18.595932203389832,0.0,0
University,Swargate,10,3,2,1565,8289,0,19.0673482428115,0.0,0
University,Swargate,12,3,0,1728,7766,0,16.179166666666667,0.0,1
University,Swargate,12,3,1,2039,9637,0,17.014811181951938,0.0,0
University,Swargate,12,3,2,1751,8439,0,17.350314106225014,0.0,0
University,Swargate,14,3,0,1791,8289,0,16.661306532663318,0.0,1
University,Swargate,14,3,1,2033,9703,0,17.181898671913427,0.0,0
University,Swargate,14,3,2,2052,8592,0,15.073684210526318,0.0,0
University,Swargate,16,3,0,1835,8439,0,16.55607629427793,0.0,1
University,Swargate,16,3,1,2054,9694,0,16.9904576436222,0.0,0
University,Swargate,16,3,2,2100,8592,0,14.729142857142858,0.0,0
University,Swargate,18,3,0,1822,8289,0,16.377826564215148,0.0,1
University,Swargate,18,3,1,2114,9651,0,16.43500473036897,0.0,0
University,Swargate,18,3,2,2111,8505,0,14.504026527711988,0.0,0
University,Swargate,20,3,0,1476,7766,0,18.941463414634143,0.0,1
University,Swargate,20,3,1,1784,9143,0,18.45,0.0,0
University,Swargate,20,3,2,1804,8505,0,16.972283813747232,0.0,0
University,Swargate,22,3,0,1095,7766,0,25.53205479452055,0.0,1
University,Swargate,22,3,1,1314,9205,0,25.21917808219178,0.0,0
University,Swargate,22,3,2,1421,8644,0,21.89894440534835,0.0,0
University,Swargate,0,4,0,1095,7766,0,25.53205479452055,0.0,1
University,Swargate,0,4,1,1314,9205,0,25.21917808219178,0.0,0
University,Swargate,0,4,2,1421,8644,0,21.89894440534835,0.0,0
University,Swargate,6,4,0,1110,7766,0,25.187027027027025,0.0,1
University,Swargate,6,4,1,1334,9205,0,24.841079460269864,0.0,0
University,Swargate,6,4,2,1438,8644,0,21.64005563282337,0.0,0
University,Swargate,8,4,0,1227,7766,0,22.785330073349638,0.0,1
University,Swargate,8,4,1,1448,9366,0,23.28563535911602,0.0,0
University,Swargate,8,4,2,1554,8644,0,20.024710424710428,0.0,0
University,Swargate,10,4,0,1344,7766,0,20.801785714285717,0.0,1
University,Swargate,10,4,1,1536,9366,0,21.9515625,0.0,0
University,Swargate,10,4,2,1459,8289,0,20.45263879369431,0.0,0
University,Swargate,12,4,0,1504,8289,0,19.8406914893617,0.0,1
University,Swargate,12,4,1,1705,9205,0,19.43577712609971,0.0,0
University,Swargate,12,4,2,1531,9791,0,23.022599608099284,0.0,0
University,Swargate,14,4,0,1512,8439,0,20.092857142857145,0.0,1
University,Swargate,14,4,1,1720,9722,0,20.34837209302325,0.0,0
University,Swargate,14,4,2,1752,8505,0,17.476027397260275,0.0,0
University,Swargate,16,4,0,1516,8289,0,19.68364116094987,0.0,1
University,Swargate,16,4,1,1713,9722,0,20.43152364273205,0.0,0
University,Swargate,16,4,2,1755,8505,0,17.446153846153848,0.0,0
University,Swargate,18,4,0,1575,8289,0,18.946285714285715,0.0,1
University,Swargate,18,4,1,1793,9661,0,19.39743446737312,0.0,0
University,Swargate,18,4,2,1785,8322,0,16.783865546218486,0.0,0
University,Swargate,20,4,0,1382,7766,0,20.229811866859624,0.0,1
University,Swargate,20,4,1,1633,9205,0,20.29271279853031,0.0,0
University,Swargate,20,4,2,1530,8289,0,19.503529411764703,0.0,0
University,Swargate,22,4,0,1095,7766,0,25.53205479452055,0.0,1
University,Swargate,22,4,1,1314,9205,0,25.21917808219178,0.0,0
University,Swargate,22,4,2,1350,8461,0,22.56266666666667,0.0,0
University,Swargate,0,5,0,1095,7766,0,25.53205479452055,0.0,1
University,Swargate,0,5,1,1314,9205,0,25.21917808219178,0.0,0
University,Swargate,0,5,2,1350,8461,0,22.56266666666667,0.0,0
University,Swargate,6,5,0,1112,7766,0,25.14172661870504,0.0,1
University,Swargate,6,5,1,1341,9205,0,24.71140939597316,0.0,0
University,Swargate,6,5,2,1374,8461,0,22.168558951965068,0.0,0
University,Swargate,8,5,0,1217,7766,0,22.972555464256367,0.0,1
University,Swargate,8,5,1,1561,9143,0,21.085714285714285,0.0,0
University,Swargate,8,5,2,1542,8322,0,19.428793774319065,0.0,0
University,Swargate,10,5,0,1388,7766,0,20.14236311239193,0.0,1
University,Swargate,10,5,1,1785,9143,0,18.43966386554622,0.0,0
University,Swargate,10,5,2,1742,8322,0,17.198163030998852,0.0,0
University,Swargate,12,5,0,1567,7766,0,17.84148053605616,0.0,1
University,Swargate,12,5,1,2005,9143,0,16.41635910224439,0.0,0
University,Swargate,12,5,2,1721,8289,0,17.33898895990703,0.0,0
University,Swargate,14,5,0,1559,7766,0,17.933033996151376,0.0,1
University,Swargate,14,5,1,1886,9703,0,18.521102863202547,0.0,0
University,Swargate,14,5,2,1713,8439,0,17.735201401050787,0.0,0
University,Swargate,16,5,0,1620,7766,0,17.25777777777778,0.0,1
University,Swargate,16,5,1,1921,9602,0,17.994377928162415,0.0,0
University,Swargate,16,5,2,1716,8439,0,17.704195804195805,0.0,0
University,Swargate,18,5,0,1677,7766,0,16.67119856887299,0.0,1
University,Swargate,18,5,1,2060,9143,0,15.978058252427187,0.0,0
University,Swargate,18,5,2,1745,8289,0,17.10051575931232,0.0,0
University,Swargate,20,5,0,1417,7766,0,19.730134086097387,0.0,1
University,Swargate,20,5,1,1770,9143,0,18.595932203389832,0.0,0
University,Swargate,20,5,2,1710,8322,0,17.52,0.0,0
University,Swargate,22,5,0,1095,7766,0,25.53205479452055,0.0,1
University,Swargate,22,5,1,1314,9205,0,25.21917808219178,0.0,0
University,Swargate,22,5,2,1350,8461,0,22.56266666666667,0.0,0
University,Swargate,0,6,0,1095,7766,0,25.53205479452055,0.0,1
University,Swargate,0,6,1,1314,9205,0,25.21917808219178,0.0,0
University,Swargate,0,6,2,1421,8644,0,21.89894440534835,0.0,0
University,Swargate,6,6,0,1112,7766,0,25.14172661870504,0.0,1
University,Swargate,6,6,1,1341,9205,0,24.71140939597316,0.0,0
University,Swargate,6,6,2,1439,8685,0,21.72758860319667,0.0,0
University,Swargate,8,6,0,1227,7766,0,22.785330073349638,0.0,1
University,Swargate,8,6,1,1572,9143,0,20.9381679389313,0.0,0
University,Swargate,8,6,2,1552,8322,0,19.30360824742268,0.0,0
University,Swargate,10,6,0,1431,7766,0,19.537106918238997,0.0,1
University,Swargate,10,6,1,1829,9143,0,17.99606342263532,0.0,0
University,Swargate,10,6,2,1817,8489,0,16.819152449091913,0.0,0
University,Swargate,12,6,0,1630,7766,0,17.151901840490797,0.0,1
University,Swargate,12,6,1,2044,9637,0,16.973189823874755,0.0,0
University,Swargate,12,6,2,1808,8439,0,16.803318584070794,0.0,0
University,Swargate,14,6,0,1621,7766,0,17.247131400370144,0.0,1
University,Swargate,14,6,1,1898,9703,0,18.40400421496312,0.0,0
University,Swargate,14,6,2,1755,8439,0,17.310769230769232,0.0,0
University,Swargate,16,6,0,1682,7766,0,16.62164090368609,0.0,1
University,Swargate,16,6,1,1925,9602,0,17.956987012987014,0.0,0
University,Swargate,16,6,2,1764,8439,0,17.22244897959184,0.0,0
University,Swargate,18,6,0,1713,7766,0,16.320840630472855,0.0,1
University,Swargate,18,6,1,2063,9143,0,15.954823073194378,0.0,0
University,Swargate,18,6,2,1796,8289,0,16.614922048997773,0.0,0
University,Swargate,20,6,0,1432,7766,0,19.52346368715084,0.0,1
University,Swargate,20,6,1,1785,9143,0,18.43966386554622,0.0,0
University,Swargate,20,6,2,1783,8505,0,17.17218171620864,0.0,0
University,Swargate,22,6,0,1095,7766,0,25.53205479452055,0.0,1
University,Swargate,22,6,1,1314,9205,0,25.21917808219178,0.0,0
University,Swargate,22,6,2,1421,8644,0,21.89894440534835,0.0,0
University,Hinjewadi,0,0,0,1323,12430,0,33.82312925170068,0.0,1
University,Hinjewadi,0,0,1,1661,14464,0,31.348826008428656,0.0,0
University,Hinjewadi,0,0,2,1348,12775,0,34.11721068249258,0.0,0
University,Hinjewadi,6,0,0,1349,12430,0,33.17123795404003,0.0,1
University,Hinjewadi,6,0,1,1720,14464,0,30.273488372093023,0.0,0
University,Hinjewadi,6,0,2,1376,12775,0,33.422965116279066,0.0,0
University,Hinjewadi,8,0,0,1605,12430,0,27.8803738317757,0.0,1
University,Hinjewadi,8,0,1,2044,14464,0,25.47475538160469,0.0,0
University,Hinjewadi,8,0,2,1623,12775,0,28.33641404805915,0.0,0
University,Hinjewadi,10,0,0,1715,12430,0,26.092128279883383,0.0,1
University,Hinjewadi,10,0,1,2221,14464,0,23.444574515983792,0.0,0
University,Hinjewadi,10,0,2,1946,14973,0,27.699280575539568,0.0,0
University,Hinjewadi,12,0,0,1713,12430,0,26.122591943957968,0.0,1
University,Hinjewadi,12,0,1,2105,16851,0,28.81881235154394,0.0,0
University,Hinjewadi,12,0,2,1730,12775,0,26.583815028901736,0.0,0
University,Hinjewadi,14,0,0,1553,12430,0,28.813908564069543,0.0,1
University,Hinjewadi,14,0,1,2005,14464,0,25.970274314214464,0.0,0
University,Hinjewadi,14,0,2,1587,12775,0,28.979206049149337,0.0,0
University,Hinjewadi,16,0,0,1644,12430,0,27.21897810218978,0.0,1
University,Hinjewadi,16,0,1,2097,14464,0,24.830901287553647,0.0,0
University,Hinjewadi,16,0,2,2023,16851,0,29.986950074147305,0.0,0
University,Hinjewadi,18,0,0,1969,12430,0,22.726256983240223,0.0,1
University,Hinjewadi,18,0,1,2317,16851,0,26.1819594302978,0.0,0
University,Hinjewadi,18,0,2,2531,14464,0,20.573054128802845,0.0,0
University,Hinjewadi,20,0,0,1708,12430,0,26.199063231850115,0.0,1
University,Hinjewadi,20,0,1,2174,14464,0,23.95142594296228,0.0,0
University,Hinjewadi,20,0,2,2086,16851,0,29.08130393096836,0.0,0
University,Hinjewadi,22,0,0,1323,12430,0,33.82312925170068,0.0,1
University,Hinjewadi,22,0,1,1661,14464,0,31.348826008428656,0.0,0
University,Hinjewadi,22,0,2,1348,12775,0,34.11721068249258,0.0,0
University,Hinjewadi,0,1,0,1323,12430,0,33.82312925170068,0.0,1
University,Hinjewadi,0,1,1,1661,14464,0,31.348826008428656,0.0,0
University,Hinjewadi,0,1,2,1348,12775,0,34.11721068249258,0.0,0
University,Hinjewadi,6,1,0,1347,12430,0,33.220489977728285,0.0,1
University,Hinjewadi,6,1,1,1705,14464,0,30.539824046920824,0.0,0
University,Hinjewadi,6,1,2,1374,12775,0,33.47161572052402,0.0,0
University,Hinjewadi,8,1,0,1570,12430,0,28.50191082802548,0.0,1
University,Hinjewadi,8,1,1,2031,14464,0,25.637813884785817,0.0,0
University,Hinjewadi,8,1,2,1598,12775,0,28.779724655819777,0.0,0
University,Hinjewadi,10,1,0,1664,12430,0,26.891826923076923,0.0,1
University,Hinjewadi,10,1,1,2155,14464,0,24.162598607888636,0.0,0
University,Hinjewadi,10,1,2,1914,14973,0,28.16238244514107,0.0,0
University,Hinjewadi,12,1,0,1682,12430,0,26.60404280618312,0.0,1
University,Hinjewadi,12,1,1,2196,14464,0,23.711475409836066,0.0,0
University,Hinjewadi,12,1,2,1695,12775,0,27.13274336283186,0.0,0
University,Hinjewadi,14,1,0,1552,12430,0,28.832474226804123,0.0,1
University,Hinjewadi,14,1,1,1968,14464,0,26.458536585365856,0.0,0
University,Hinjewadi,14,1,2,1585,12775,0,29.015772870662463,0.0,0
University,Hinjewadi,16,1,0,1623,12430,0,27.57116451016636,0.0,1
University,Hinjewadi,16,1,1,2047,14464,0,25.437420615534933,0.0,0
University,Hinjewadi,16,1,2,2009,16851,0,30.195918367346938,0.0,0
University,Hinjewadi,18,1,0,1927,12430,0,23.22158796056046,0.0,1
University,Hinjewadi,18,1,1,2264,16851,0,26.79487632508833,0.0,0
University,Hinjewadi,18,1,2,2436,14464,0,21.37536945812808,0.0,0
University,Hinjewadi,20,1,0,1689,12430,0,26.493783303730016,0.0,1
University,Hinjewadi,20,1,1,2118,14464,0,24.58470254957507,0.0,0
University,Hinjewadi,20,1,2,2062,16851,0,29.41978661493695,0.0,0
University,Hinjewadi,22,1,0,1323,12430,0,33.82312925170068,0.0,1
University,Hinjewadi,22,1,1,1661,14464,0,31.348826008428656,0.0,0
University,Hinjewadi,22,1,2,1348,12775,0,34.11721068249258,0.0,0
University,Hinjewadi,0,2,0,1323,12430,0,33.82312925170068,0.0,1
University,Hinjewadi,0,2,1,1661,14464,0,31.348826008428656,0.0,0
University,Hinjewadi,0,2,2,1348,12775,0,34.11721068249258,0.0,0
University,Hinjewadi,6,2,0,1346,12430,0,33.24517087667162,0.0,1
University,Hinjewadi,6,2,1,1706,14464,0,30.52192262602579,0.0,0
University,Hinjewadi,6,2,2,1371,12775,0,33.54485776805252,0.0,0
University,Hinjewadi,8,2,0,1530,12430,0,29.24705882352941,0.0,1
University,Hinjewadi,8,2,1,1969,14464,0,26.44509903504317,0.0,0
University,Hinjewadi,8,2,2,1548,12775,0,29.7093023255814,0.0,0
University,Hinjewadi,10,2,0,1621,12430,0,27.60518198642813,0.0,1
University,Hinjewadi,10,2,1,2076,14464,0,25.082080924855493,0.0,0
University,Hinjewadi,10,2,2,1632,12775,0,28.180147058823533,0.0,0
University,Hinjewadi,12,2,0,1661,12430,0,26.940397350993376,0.0,1
University,Hinjewadi,12,2,1,2151,14464,0,24.20753138075314,0.0,0
University,Hinjewadi,12,2,2,1679,12775,0,27.39130434782609,0.0,0
University,Hinjewadi,14,2,0,1555,12430,0,28.77684887459807,0.0,1
University,Hinjewadi,14,2,1,1975,14464,0,26.364759493670885,0.0,0
University,Hinjewadi,14,2,2,1589,12775,0,28.94273127753304,0.0,0
University,Hinjewadi,16,2,0,1624,12430,0,27.554187192118224,0.0,1
University,Hinjewadi,16,2,1,2033,14464,0,25.61259222823414,0.0,0
University,Hinjewadi,16,2,2,1987,16851,0,30.53024660291897,0.0,0
University,Hinjewadi,18,2,0,1935,12430,0,23.12558139534884,0.0,1
University,Hinjewadi,18,2,1,2265,16851,0,26.78304635761589,0.0,0
University,Hinjewadi,18,2,2,2437,14464,0,21.366598276569555,0.0,0
University,Hinjewadi,20,2,0,1718,12430,0,26.046565774155997,0.0,1
University,Hinjewadi,20,2,1,2164,14464,0,24.062107208872455,0.0,0
University,Hinjewadi,20,2,2,2097,16851,0,28.928755364806864,0.0,0
University,Hinjewadi,22,2,0,1323,12430,0,33.82312925170068,0.0,1
University,Hinjewadi,22,2,1,1661,14464,0,31.348826008428656,0.0,0
University,Hinjewadi,22,2,2,1348,12775,0,34.11721068249258,0.0,0
University,Hinjewadi,0,3,0,1323,12430,0,33.82312925170068,0.0,1
University,Hinjewadi,0,3,1,1660,14464,0,31.36771084337349,0.0,0
University,Hinjewadi,0,3,2,1348,12775,0,34.11721068249258,0.0,0
University,Hinjewadi,6,3,0,1342,12430,0,33.34426229508197,0.0,1
University,Hinjewadi,6,3,1,1690,14464,0,30.810887573964497,0.0,0
University,Hinjewadi,6,3,2,1368,12775,0,33.61842105263158,0.0,0
University,Hinjewadi,8,3,0,1463,12430,0,30.586466165413533,0.0,1
University,Hinjewadi,8,3,1,1847,14464,0,28.191878722252294,0.0,0
University,Hinjewadi,8,3,2,1485,12775,0,30.96969696969697,0.0,0
University,Hinjewadi,10,3,0,1519,12430,0,29.458854509545752,0.0,1
University,Hinjewadi,10,3,1,1942,14464,0,26.81277033985582,0.0,0
University,Hinjewadi,10,3,2,1536,12775,0,29.94140625,0.0,0
University,Hinjewadi,12,3,0,1593,12430,0,28.090395480225983,0.0,1
University,Hinjewadi,12,3,1,2107,14464,0,24.713051732320835,0.0,0
University,Hinjewadi,12,3,2,1615,12775,0,28.476780185758518,0.0,0
University,Hinjewadi,14,3,0,1586,12430,0,28.21437578814628,0.0,1
University,Hinjewadi,14,3,1,2119,14464,0,24.573100519112792,0.0,0
University,Hinjewadi,14,3,2,1622,12775,0,28.353884093711468,0.0,0
University,Hinjewadi,16,3,0,1621,12430,0,27.60518198642813,0.0,1
University,Hinjewadi,16,3,1,2137,14464,0,24.366120729995323,0.0,0
University,Hinjewadi,16,3,2,1869,13058,0,25.15184590690209,0.0,0
University,Hinjewadi,18,3,0,1825,12430,0,24.51945205479452,0.0,1
University,Hinjewadi,18,3,1,2269,14464,0,22.94861172322609,0.0,0
University,Hinjewadi,18,3,2,2142,16851,0,28.321008403361343,0.0,0
University,Hinjewadi,20,3,0,1676,12430,0,26.69928400954654,0.0,1
University,Hinjewadi,20,3,1,2098,14464,0,24.81906577693041,0.0,0
University,Hinjewadi,20,3,2,2049,16851,0,29.60644216691069,0.0,0
University,Hinjewadi,22,3,0,1323,12430,0,33.82312925170068,0.0,1
University,Hinjewadi,22,3,1,1660,14464,0,31.36771084337349,0.0,0
University,Hinjewadi,22,3,2,1348,12775,0,34.11721068249258,0.0,0
University,Hinjewadi,0,4,0,1323,12430,0,33.82312925170068,0.0,1
University,Hinjewadi,0,4,1,1660,14464,0,31.36771084337349,0.0,0
University,Hinjewadi,0,4,2,1348,12775,0,34.11721068249258,0.0,0
University,Hinjewadi,6,4,0,1338,12430,0,33.44394618834081,0.0,1
University,Hinjewadi,6,4,1,1682,14464,0,30.957431629013083,0.0,0
University,Hinjewadi,6,4,2,1364,12775,0,33.71700879765396,0.0,0
University,Hinjewadi,8,4,0,1417,12430,0,31.57939308398024,0.0,1
University,Hinjewadi,8,4,1,1805,14464,0,28.84786703601108,0.0,0
University,Hinjewadi,8,4,2,1445,12775,0,31.82698961937716,0.0,0
University,Hinjewadi,10,4,0,1446,12430,0,30.946058091286307,0.0,1
University,Hinjewadi,10,4,1,1810,14464,0,28.76817679558011,0.0,0
University,Hinjewadi,10,4,2,1473,12775,0,31.221995926680243,0.0,0
University,Hinjewadi,12,4,0,1503,12430,0,29.77245508982036,0.0,1
University,Hinjewadi,12,4,1,1876,14464,0,27.75607675906184,0.0,0
University,Hinjewadi,12,4,2,1534,12775,0,29.980443285528036,0.0,0
University,Hinjewadi,14,4,0,1502,12430,0,29.792276964047936,0.0,1
University,Hinjewadi,14,4,1,1859,14464,0,28.00989779451318,0.0,0
University,Hinjewadi,14,4,2,1539,12775,0,29.883040935672515,0.0,0
University,Hinjewadi,16,4,0,1549,12430,0,28.88831504196256,0.0,1
University,Hinjewadi,16,4,1,1874,14464,0,27.785699039487728,0.0,0
University,Hinjewadi,16,4,2,1903,16851,0,31.877877036258536,0.0,0
University,Hinjewadi,18,4,0,1655,12430,0,27.0380664652568,0.0,1
University,Hinjewadi,18,4,1,2014,14464,0,25.854220456802384,0.0,0
University,Hinjewadi,18,4,2,2016,16851,0,30.091071428571425,0.0,0
University,Hinjewadi,20,4,0,1554,12430,0,28.7953667953668,0.0,1
University,Hinjewadi,20,4,1,1967,14464,0,26.47198779867819,0.0,0
University,Hinjewadi,20,4,2,1580,12775,0,29.10759493670886,0.0,0
University,Hinjewadi,22,4,0,1323,12430,0,33.82312925170068,0.0,1
University,Hinjewadi,22,4,1,1660,14464,0,31.36771084337349,0.0,0
University,Hinjewadi,22,4,2,1348,12775,0,34.11721068249258,0.0,0
University,Hinjewadi,0,5,0,1323,12430,0,33.82312925170068,0.0,1
University,Hinjewadi,0,5,1,1661,14464,0,31.348826008428656,0.0,0
University,Hinjewadi,0,5,2,1348,12775,0,34.11721068249258,0.0,0
University,Hinjewadi,6,5,0,1348,12430,0,33.195845697329375,0.0,1
University,Hinjewadi,6,5,1,1706,14464,0,30.52192262602579,0.0,0
University,Hinjewadi,6,5,2,1374,12775,0,33.47161572052402,0.0,0
University,Hinjewadi,8,5,0,1568,12430,0,28.53826530612245,0.0,1
University,Hinjewadi,8,5,1,1994,14464,0,26.1135406218656,0.0,0
University,Hinjewadi,8,5,2,1588,12775,0,28.96095717884131,0.0,0
University,Hinjewadi,10,5,0,1660,12430,0,26.956626506024094,0.0,1
University,Hinjewadi,10,5,1,2166,14464,0,24.0398891966759,0.0,0
University,Hinjewadi,10,5,2,1906,14973,0,28.280587618048266,0.0,0
University,Hinjewadi,12,5,0,1666,12430,0,26.85954381752701,0.0,1
University,Hinjewadi,12,5,1,2195,14464,0,23.722277904328017,0.0,0
University,Hinjewadi,12,5,2,1684,12775,0,27.30997624703088,0.0,0
University,Hinjewadi,14,5,0,1540,12430,0,29.057142857142857,0.0,1
University,Hinjewadi,14,5,1,1946,14464,0,26.75765673175745,0.0,0
University,Hinjewadi,14,5,2,1572,12775,0,29.255725190839694,0.0,0
University,Hinjewadi,16,5,0,1622,12430,0,27.588162762022197,0.0,1
University,Hinjewadi,16,5,1,2027,14464,0,25.68840651208683,0.0,0
University,Hinjewadi,16,5,2,1984,16851,0,30.57641129032258,0.0,0
University,Hinjewadi,18,5,0,1933,12430,0,23.149508535954475,0.0,1
University,Hinjewadi,18,5,1,2239,16851,0,27.094059848146493,0.0,0
University,Hinjewadi,18,5,2,2427,14464,0,21.45463535228677,0.0,0
University,Hinjewadi,20,5,0,1686,12430,0,26.54092526690392,0.0,1
University,Hinjewadi,20,5,1,2144,14464,0,24.286567164179107,0.0,0
University,Hinjewadi,20,5,2,2072,16851,0,29.277799227799225,0.0,0
University,Hinjewadi,22,5,0,1323,12430,0,33.82312925170068,0.0,1
University,Hinjewadi,22,5,1,1661,14464,0,31.348826008428656,0.0,0
University,Hinjewadi,22,5,2,1348,12775,0,34.11721068249258,0.0,0
University,Hinjewadi,0,6,0,1323,12430,0,33.82312925170068,0.0,1
University,Hinjewadi,0,6,1,1661,14464,0,31.348826008428656,0.0,0
University,Hinjewadi,0,6,2,1348,12775,0,34.11721068249258,0.0,0
University,Hinjewadi,6,6,0,1349,12430,0,33.17123795404003,0.0,1
University,Hinjewadi,6,6,1,1699,14464,0,30.647675103001767,0.0,0
University,Hinjewadi,6,6,2,1375,12775,0,33.44727272727273,0.0,0
University,Hinjewadi,8,6,0,1609,12430,0,27.81106277190802,0.0,1
University,Hinjewadi,8,6,1,2035,14464,0,25.587420147420147,0.0,0
University,Hinjewadi,8,6,2,1635,12775,0,28.12844036697248,0.0,0
University,Hinjewadi,10,6,0,1729,12430,0,25.88085598611914,0.0,1
University,Hinjewadi,10,6,1,2222,14402,0,23.33357335733573,0.0,0
University,Hinjewadi,10,6,2,1968,14973,0,27.389634146341468,0.0,0
University,Hinjewadi,12,6,0,1726,12430,0,25.92584009269988,0.0,1
University,Hinjewadi,12,6,1,2249,14402,0,23.05344597598933,0.0,0
University,Hinjewadi,12,6,2,1739,12775,0,26.446233467510066,0.0,0
University,Hinjewadi,14,6,0,1563,12430,0,28.6295585412668,0.0,1
University,Hinjewadi,14,6,1,1984,14464,0,26.24516129032258,0.0,0
University,Hinjewadi,14,6,2,1598,12775,0,28.779724655819777,0.0,0
University,Hinjewadi,16,6,0,1639,12430,0,27.302013422818792,0.0,1
University,Hinjewadi,16,6,1,2082,14464,0,25.00979827089337,0.0,0
University,Hinjewadi,16,6,2,2018,16851,0,30.06124876114965,0.0,0
University,Hinjewadi,18,6,0,1965,12430,0,22.772519083969467,0.0,1
University,Hinjewadi,18,6,1,2300,16851,0,26.375478260869567,0.0,0
University,Hinjewadi,18,6,2,2506,14464,0,20.77829209896249,0.0,0
University,Hinjewadi,20,6,0,1710,12430,0,26.16842105263158,0.0,1
University,Hinjewadi,20,6,1,2153,14464,0,24.185044124477475,0.0,0
University,Hinjewadi,20,6,2,2077,16851,0,29.207318247472312,0.0,0
University,Hinjewadi,22,6,0,1323,12430,0,33.82312925170068,0.0,1
University,Hinjewadi,22,6,1,1661,14464,0,31.348826008428656,0.0,0
University,Hinjewadi,22,6,2,1348,12775,0,34.11721068249258,0.0,0
University,Hinjewadi,0,0,0,1323,12430,0,33.82312925170068,0.0,1
University,Hinjewadi,0,0,1,1661,14464,0,31.348826008428656,0.0,0
University,Hinjewadi,0,0,2,1348,12775,0,34.11721068249258,0.0,0
University,Hinjewadi,6,0,0,1349,12430,0,33.17123795404003,0.0,1
University,Hinjewadi,6,0,1,1720,14464,0,30.273488372093023,0.0,0
University,Hinjewadi,6,0,2,1376,12775,0,33.422965116279066,0.0,0
University,Hinjewadi,8,0,0,1605,12430,0,27.8803738317757,0.0,1
University,Hinjewadi,8,0,1,2044,14464,0,25.47475538160469,0.0,0
University,Hinjewadi,8,0,2,1623,12775,0,28.33641404805915,0.0,0
University,Hinjewadi,10,0,0,1715,12430,0,26.092128279883383,0.0,1
University,Hinjewadi,10,0,1,2221,14464,0,23.444574515983792,0.0,0
University,Hinjewadi,10,0,2,1946,14973,0,27.699280575539568,0.0,0
University,Hinjewadi,12,0,0,1713,12430,0,26.122591943957968,0.0,1
University,Hinjewadi,12,0,1,2105,16851,0,28.81881235154394,0.0,0
University,Hinjewadi,12,0,2,1730,12775,0,26.583815028901736,0.0,0
University,Hinjewadi,14,0,0,1553,12430,0,28.813908564069543,0.0,1
University,Hinjewadi,14,0,1,2005,14464,0,25.970274314214464,0.0,0
University,Hinjewadi,14,0,2,1587,12775,0,28.979206049149337,0.0,0
University,Hinjewadi,16,0,0,1644,12430,0,27.21897810218978,0.0,1
University,Hinjewadi,16,0,1,2097,14464,0,24.830901287553647,0.0,0
University,Hinjewadi,16,0,2,2023,16851,0,29.986950074147305,0.0,0
University,Hinjewadi,18,0,0,1969,12430,0,22.726256983240223,0.0,1
University,Hinjewadi,18,0,1,2317,16851,0,26.1819594302978,0.0,0
University,Hinjewadi,18,0,2,2531,14464,0,20.573054128802845,0.0,0
University,Hinjewadi,20,0,0,1708,12430,0,26.199063231850115,0.0,1
University,Hinjewadi,20,0,1,2174,14464,0,23.95142594296228,0.0,0
University,Hinjewadi,20,0,2,2086,16851,0,29.08130393096836,0.0,0
University,Hinjewadi,22,0,0,1323,12430,0,33.82312925170068,0.0,1
University,Hinjewadi,22,0,1,1661,14464,0,31.348826008428656,0.0,0
University,Hinjewadi,22,0,2,1348,12775,0,34.11721068249258,0.0,0
University,Hinjewadi,0,1,0,1323,12430,0,33.82312925170068,0.0,1
University,Hinjewadi,0,1,1,1661,14464,0,31.348826008428656,0.0,0
University,Hinjewadi,0,1,2,1348,12775,0,34.11721068249258,0.0,0
University,Hinjewadi,6,1,0,1347,12430,0,33.220489977728285,0.0,1
University,Hinjewadi,6,1,1,1705,14464,0,30.539824046920824,0.0,0
University,Hinjewadi,6,1,2,1374,12775,0,33.47161572052402,0.0,0
University,Hinjewadi,8,1,0,1570,12430,0,28.50191082802548,0.0,1
University,Hinjewadi,8,1,1,2031,14464,0,25.637813884785817,0.0,0
University,Hinjewadi,8,1,2,1598,12775,0,28.779724655819777,0.0,0
University,Hinjewadi,10,1,0,1664,12430,0,26.891826923076923,0.0,1
University,Hinjewadi,10,1,1,2155,14464,0,24.162598607888636,0.0,0
University,Hinjewadi,10,1,2,1914,14973,0,28.16238244514107,0.0,0
University,Hinjewadi,12,1,0,1682,12430,0,26.60404280618312,0.0,1
University,Hinjewadi,12,1,1,2196,14464,0,23.711475409836066,0.0,0
University,Hinjewadi,12,1,2,1695,12775,0,27.13274336283186,0.0,0
University,Hinjewadi,14,1,0,1552,12430,0,28.832474226804123,0.0,1
University,Hinjewadi,14,1,1,1968,14464,0,26.458536585365856,0.0,0
University,Hinjewadi,14,1,2,1585,12775,0,29.015772870662463,0.0,0
University,Hinjewadi,16,1,0,1623,12430,0,27.57116451016636,0.0,1
University,Hinjewadi,16,1,1,2047,14464,0,25.437420615534933,0.0,0
University,Hinjewadi,16,1,2,2009,16851,0,30.195918367346938,0.0,0
University,Hinjewadi,18,1,0,1927,12430,0,23.22158796056046,0.0,1
University,Hinjewadi,18,1,1,2264,16851,0,26.79487632508833,0.0,0
University,Hinjewadi,18,1,2,2436,14464,0,21.37536945812808,0.0,0
University,Hinjewadi,20,1,0,1689,12430,0,26.493783303730016,0.0,1
University,Hinjewadi,20,1,1,2118,14464,0,24.58470254957507,0.0,0
University,Hinjewadi,20,1,2,2062,16851,0,29.41978661493695,0.0,0
University,Hinjewadi,22,1,0,1323,12430,0,33.82312925170068,0.0,1
University,Hinjewadi,22,1,1,1661,14464,0,31.348826008428656,0.0,0
University,Hinjewadi,22,1,2,1348,12775,0,34.11721068249258,0.0,0
University,Hinjewadi,0,2,0,1323,12430,0,33.82312925170068,0.0,1
University,Hinjewadi,0,2,1,1661,14464,0,31.348826008428656,0.0,0
University,Hinjewadi,0,2,2,1348,12775,0,34.11721068249258,0.0,0
University,Hinjewadi,6,2,0,1346,12430,0,33.24517087667162,0.0,1
University,Hinjewadi,6,2,1,1706,14464,0,30.52192262602579,0.0,0
University,Hinjewadi,6,2,2,1371,12775,0,33.54485776805252,0.0,0
University,Hinjewadi,8,2,0,1530,12430,0,29.24705882352941,0.0,1
University,Hinjewadi,8,2,1,1969,14464,0,26.44509903504317,0.0,0
University,Hinjewadi,8,2,2,1548,12775,0,29.7093023255814,0.0,0
University,Hinjewadi,10,2,0,1621,12430,0,27.60518198642813,0.0,1
University,Hinjewadi,10,2,1,2076,14464,0,25.082080924855493,0.0,0
University,Hinjewadi,10,2,2,1632,12775,0,28.180147058823533,0.0,0
University,Hinjewadi,12,2,0,1661,12430,0,26.940397350993376,0.0,1
University,Hinjewadi,12,2,1,2151,14464,0,24.20753138075314,0.0,0
University,Hinjewadi,12,2,2,1679,12775,0,27.39130434782609,0.0,0
University,Hinjewadi,14,2,0,1555,12430,0,28.77684887459807,0.0,1
University,Hinjewadi,14,2,1,1975,14464,0,26.364759493670885,0.0,0
University,Hinjewadi,14,2,2,1589,12775,0,28.94273127753304,0.0,0
University,Hinjewadi,16,2,0,1624,12430,0,27.554187192118224,0.0,1
University,Hinjewadi,16,2,1,2033,14464,0,25.61259222823414,0.0,0
University,Hinjewadi,16,2,2,1987,16851,0,30.53024660291897,0.0,0
University,Hinjewadi,18,2,0,1935,12430,0,23.12558139534884,0.0,1
University,Hinjewadi,18,2,1,2265,16851,0,26.78304635761589,0.0,0
University,Hinjewadi,18,2,2,2437,14464,0,21.366598276569555,0.0,0
University,Hinjewadi,20,2,0,1718,12430,0,26.046565774155997,0.0,1
University,Hinjewadi,20,2,1,2164,14464,0,24.062107208872455,0.0,0
University,Hinjewadi,20,2,2,2097,16851,0,28.928755364806864,0.0,0
University,Hinjewadi,22,2,0,1323,12430,0,33.82312925170068,0.0,1
University,Hinjewadi,22,2,1,1661,14464,0,31.348826008428656,0.0,0
University,Hinjewadi,22,2,2,1348,12775,0,34.11721068249258,0.0,0
University,Hinjewadi,0,3,0,1323,12430,0,33.82312925170068,0.0,1
University,Hinjewadi,0,3,1,1660,14464,0,31.36771084337349,0.0,0
University,Hinjewadi,0,3,2,1348,12775,0,34.11721068249258,0.0,0
University,Hinjewadi,6,3,0,1342,12430,0,33.34426229508197,0.0,1
University,Hinjewadi,6,3,1,1690,14464,0,30.810887573964497,0.0,0
University,Hinjewadi,6,3,2,1368,12775,0,33.61842105263158,0.0,0
University,Hinjewadi,8,3,0,1463,12430,0,30.586466165413533,0.0,1
University,Hinjewadi,8,3,1,1847,14464,0,28.191878722252294,0.0,0
University,Hinjewadi,8,3,2,1485,12775,0,30.96969696969697,0.0,0
University,Hinjewadi,10,3,0,1519,12430,0,29.458854509545752,0.0,1
University,Hinjewadi,10,3,1,1942,14464,0,26.81277033985582,0.0,0
University,Hinjewadi,10,3,2,1536,12775,0,29.94140625,0.0,0
University,Hinjewadi,12,3,0,1593,12430,0,28.090395480225983,0.0,1
University,Hinjewadi,12,3,1,2107,14464,0,24.713051732320835,0.0,0
University,Hinjewadi,12,3,2,1615,12775,0,28.476780185758518,0.0,0
University,Hinjewadi,14,3,0,1586,12430,0,28.21437578814628,0.0,1
University,Hinjewadi,14,3,1,2119,14464,0,24.573100519112792,0.0,0
University,Hinjewadi,14,3,2,1622,12775,0,28.353884093711468,0.0,0
University,Hinjewadi,16,3,0,1621,12430,0,27.60518198642813,0.0,1
University,Hinjewadi,16,3,1,2137,14464,0,24.366120729995323,0.0,0
University,Hinjewadi,16,3,2,1869,13058,0,25.15184590690209,0.0,0
University,Hinjewadi,18,3,0,1825,12430,0,24.51945205479452,0.0,1
University,Hinjewadi,18,3,1,2269,14464,0,22.94861172322609,0.0,0
University,Hinjewadi,18,3,2,2142,16851,0,28.321008403361343,0.0,0
University,Hinjewadi,20,3,0,1676,12430,0,26.69928400954654,0.0,1
University,Hinjewadi,20,3,1,2098,14464,0,24.81906577693041,0.0,0
University,Hinjewadi,20,3,2,2049,16851,0,29.60644216691069,0.0,0
University,Hinjewadi,22,3,0,1323,12430,0,33.82312925170068,0.0,1
University,Hinjewadi,22,3,1,1660,14464,0,31.36771084337349,0.0,0
University,Hinjewadi,22,3,2,1348,12775,0,34.11721068249258,0.0,0
University,Hinjewadi,0,4,0,1323,12430,0,33.82312925170068,0.0,1
University,Hinjewadi,0,4,1,1660,14464,0,31.36771084337349,0.0,0
University,Hinjewadi,0,4,2,1348,12775,0,34.11721068249258,0.0,0
University,Hinjewadi,6,4,0,1338,12430,0,33.44394618834081,0.0,1
University,Hinjewadi,6,4,1,1682,14464,0,30.957431629013083,0.0,0
University,Hinjewadi,6,4,2,1364,12775,0,33.71700879765396,0.0,0
University,Hinjewadi,8,4,0,1417,12430,0,31.57939308398024,0.0,1
University,Hinjewadi,8,4,1,1805,14464,0,28.84786703601108,0.0,0
University,Hinjewadi,8,4,2,1445,12775,0,31.82698961937716,0.0,0
University,Hinjewadi,10,4,0,1446,12430,0,30.946058091286307,0.0,1
University,Hinjewadi,10,4,1,1810,14464,0,28.76817679558011,0.0,0
University,Hinjewadi,10,4,2,1473,12775,0,31.221995926680243,0.0,0
University,Hinjewadi,12,4,0,1503,12430,0,29.77245508982036,0.0,1
University,Hinjewadi,12,4,1,1876,14464,0,27.75607675906184,0.0,0
University,Hinjewadi,12,4,2,1534,12775,0,29.980443285528036,0.0,0
University,Hinjewadi,14,4,0,1502,12430,0,29.792276964047936,0.0,1
University,Hinjewadi,14,4,1,1859,14464,0,28.00989779451318,0.0,0
University,Hinjewadi,14,4,2,1539,12775,0,29.883040935672515,0.0,0
University,Hinjewadi,16,4,0,1549,12430,0,28.88831504196256,0.0,1
University,Hinjewadi,16,4,1,1874,14464,0,27.785699039487728,0.0,0
University,Hinjewadi,16,4,2,1903,16851,0,31.877877036258536,0.0,0
University,Hinjewadi,18,4,0,1655,12430,0,27.0380664652568,0.0,1
University,Hinjewadi,18,4,1,2014,14464,0,25.854220456802384,0.0,0
University,Hinjewadi,18,4,2,2016,16851,0,30.091071428571425,0.0,0
University,Hinjewadi,20,4,0,1554,12430,0,28.7953667953668,0.0,1
University,Hinjewadi,20,4,1,1967,14464,0,26.47198779867819,0.0,0
University,Hinjewadi,20,4,2,1580,12775,0,29.10759493670886,0.0,0
University,Hinjewadi,22,4,0,1323,12430,0,33.82312925170068,0.0,1
University,Hinjewadi,22,4,1,1660,14464,0,31.36771084337349,0.0,0
University,Hinjewadi,22,4,2,1348,12775,0,34.11721068249258,0.0,0
University,Hinjewadi,0,5,0,1323,12430,0,33.82312925170068,0.0,1
University,Hinjewadi,0,5,1,1661,14464,0,31.348826008428656,0.0,0
University,Hinjewadi,0,5,2,1348,12775,0,34.11721068249258,0.0,0
University,Hinjewadi,6,5,0,1348,12430,0,33.195845697329375,0.0,1
University,Hinjewadi,6,5,1,1706,14464,0,30.52192262602579,0.0,0
University,Hinjewadi,6,5,2,1374,12775,0,33.47161572052402,0.0,0
University,Hinjewadi,8,5,0,1568,12430,0,28.53826530612245,0.0,1
University,Hinjewadi,8,5,1,1994,14464,0,26.1135406218656,0.0,0
University,Hinjewadi,8,5,2,1588,12775,0,28.96095717884131,0.0,0
University,Hinjewadi,10,5,0,1660,12430,0,26.956626506024094,0.0,1
University,Hinjewadi,10,5,1,2166,14464,0,24.0398891966759,0.0,0
University,Hinjewadi,10,5,2,1906,14973,0,28.280587618048266,0.0,0
University,Hinjewadi,12,5,0,1666,12430,0,26.85954381752701,0.0,1
University,Hinjewadi,12,5,1,2195,14464,0,23.722277904328017,0.0,0
University,Hinjewadi,12,5,2,1684,12775,0,27.30997624703088,0.0,0
University,Hinjewadi,14,5,0,1540,12430,0,29.057142857142857,0.0,1
University,Hinjewadi,14,5,1,1946,14464,0,26.75765673175745,0.0,0
University,Hinjewadi,14,5,2,1572,12775,0,29.255725190839694,0.0,0
University,Hinjewadi,16,5,0,1622,12430,0,27.588162762022197,0.0,1
University,Hinjewadi,16,5,1,2027,14464,0,25.68840651208683,0.0,0
University,Hinjewadi,16,5,2,1984,16851,0,30.57641129032258,0.0,0
University,Hinjewadi,18,5,0,1933,12430,0,23.149508535954475,0.0,1
University,Hinjewadi,18,5,1,2239,16851,0,27.094059848146493,0.0,0
University,Hinjewadi,18,5,2,2427,14464,0,21.45463535228677,0.0,0
University,Hinjewadi,20,5,0,1686,12430,0,26.54092526690392,0.0,1
University,Hinjewadi,20,5,1,2144,14464,0,24.286567164179107,0.0,0
University,Hinjewadi,20,5,2,2072,16851,0,29.277799227799225,0.0,0
University,Hinjewadi,22,5,0,1323,12430,0,33.82312925170068,0.0,1
University,Hinjewadi,22,5,1,1661,14464,0,31.348826008428656,0.0,0
University,Hinjewadi,22,5,2,1348,12775,0,34.11721068249258,0.0,0
University,Hinjewadi,0,6,0,1323,12430,0,33.82312925170068,0.0,1
University,Hinjewadi,0,6,1,1661,14464,0,31.348826008428656,0.0,0
University,Hinjewadi,0,6,2,1348,12775,0,34.11721068249258,0.0,0
University,Hinjewadi,6,6,0,1349,12430,0,33.17123795404003,0.0,1
University,Hinjewadi,6,6,1,1699,14464,0,30.647675103001767,0.0,0
University,Hinjewadi,6,6,2,1375,12775,0,33.44727272727273,0.0,0
University,Hinjewadi,8,6,0,1609,12430,0,27.81106277190802,0.0,1
University,Hinjewadi,8,6,1,2035,14464,0,25.587420147420147,0.0,0
University,Hinjewadi,8,6,2,1635,12775,0,28.12844036697248,0.0,0
University,Hinjewadi,10,6,0,1729,12430,0,25.88085598611914,0.0,1
University,Hinjewadi,10,6,1,2222,14402,0,23.33357335733573,0.0,0
University,Hinjewadi,10,6,2,1968,14973,0,27.389634146341468,0.0,0
University,Hinjewadi,12,6,0,1726,12430,0,25.92584009269988,0.0,1
University,Hinjewadi,12,6,1,2249,14402,0,23.05344597598933,0.0,0
University,Hinjewadi,12,6,2,1739,12775,0,26.446233467510066,0.0,0
University,Hinjewadi,14,6,0,1563,12430,0,28.6295585412668,0.0,1
University,Hinjewadi,14,6,1,1984,14464,0,26.24516129032258,0.0,0
University,Hinjewadi,14,6,2,1598,12775,0,28.779724655819777,0.0,0
University,Hinjewadi,16,6,0,1639,12430,0,27.302013422818792,0.0,1
University,Hinjewadi,16,6,1,2082,14464,0,25.00979827089337,0.0,0
University,Hinjewadi,16,6,2,2018,16851,0,30.06124876114965,0.0,0
University,Hinjewadi,18,6,0,1965,12430,0,22.772519083969467,0.0,1
University,Hinjewadi,18,6,1,2300,16851,0,26.375478260869567,0.0,0
University,Hinjewadi,18,6,2,2506,14464,0,20.77829209896249,0.0,0
University,Hinjewadi,20,6,0,1710,12430,0,26.16842105263158,0.0,1
University,Hinjewadi,20,6,1,2153,14464,0,24.185044124477475,0.0,0
University,Hinjewadi,20,6,2,2077,16851,0,29.207318247472312,0.0,0
University,Hinjewadi,22,6,0,1323,12430,0,33.82312925170068,0.0,1
University,Hinjewadi,22,6,1,1661,14464,0,31.348826008428656,0.0,0
University,Hinjewadi,22,6,2,1348,12775,0,34.11721068249258,0.0,0
University,Hinjewadi,0,0,0,1323,12430,0,33.82312925170068,0.0,1
University,Hinjewadi,0,0,1,1661,14464,0,31.348826008428656,0.0,0
University,Hinjewadi,0,0,2,1348,12775,0,34.11721068249258,0.0,0
University,Hinjewadi,6,0,0,1349,12430,0,33.17123795404003,0.0,1
University,Hinjewadi,6,0,1,1720,14464,0,30.273488372093023,0.0,0
University,Hinjewadi,6,0,2,1376,12775,0,33.422965116279066,0.0,0
University,Hinjewadi,8,0,0,1605,12430,0,27.8803738317757,0.0,1
University,Hinjewadi,8,0,1,2044,14464,0,25.47475538160469,0.0,0
University,Hinjewadi,8,0,2,1623,12775,0,28.33641404805915,0.0,0
University,Hinjewadi,10,0,0,1715,12430,0,26.092128279883383,0.0,1
University,Hinjewadi,10,0,1,2221,14464,0,23.444574515983792,0.0,0
University,Hinjewadi,10,0,2,1946,14973,0,27.699280575539568,0.0,0
University,Hinjewadi,12,0,0,1713,12430,0,26.122591943957968,0.0,1
University,Hinjewadi,12,0,1,2105,16851,0,28.81881235154394,0.0,0
University,Hinjewadi,12,0,2,1730,12775,0,26.583815028901736,0.0,0
University,Hinjewadi,14,0,0,1553,12430,0,28.813908564069543,0.0,1
University,Hinjewadi,14,0,1,2005,14464,0,25.970274314214464,0.0,0
University,Hinjewadi,14,0,2,1587,12775,0,28.979206049149337,0.0,0
University,Hinjewadi,16,0,0,1644,12430,0,27.21897810218978,0.0,1
University,Hinjewadi,16,0,1,2097,14464,0,24.830901287553647,0.0,0
University,Hinjewadi,16,0,2,2023,16851,0,29.986950074147305,0.0,0
University,Hinjewadi,18,0,0,1969,12430,0,22.726256983240223,0.0,1
University,Hinjewadi,18,0,1,2317,16851,0,26.1819594302978,0.0,0
University,Hinjewadi,18,0,2,2531,14464,0,20.573054128802845,0.0,0
University,Hinjewadi,20,0,0,1708,12430,0,26.199063231850115,0.0,1
University,Hinjewadi,20,0,1,2174,14464,0,23.95142594296228,0.0,0
University,Hinjewadi,20,0,2,2086,16851,0,29.08130393096836,0.0,0
University,Hinjewadi,22,0,0,1323,12430,0,33.82312925170068,0.0,1
University,Hinjewadi,22,0,1,1661,14464,0,31.348826008428656,0.0,0
University,Hinjewadi,22,0,2,1348,12775,0,34.11721068249258,0.0,0
University,Hinjewadi,0,1,0,1323,12430,0,33.82312925170068,0.0,1
University,Hinjewadi,0,1,1,1661,14464,0,31.348826008428656,0.0,0
University,Hinjewadi,0,1,2,1348,12775,0,34.11721068249258,0.0,0
University,Hinjewadi,6,1,0,1347,12430,0,33.220489977728285,0.0,1
University,Hinjewadi,6,1,1,1705,14464,0,30.539824046920824,0.0,0
University,Hinjewadi,6,1,2,1374,12775,0,33.47161572052402,0.0,0
University,Hinjewadi,8,1,0,1570,12430,0,28.50191082802548,0.0,1
University,Hinjewadi,8,1,1,2031,14464,0,25.637813884785817,0.0,0
University,Hinjewadi,8,1,2,1598,12775,0,28.779724655819777,0.0,0
University,Hinjewadi,10,1,0,1664,12430,0,26.891826923076923,0.0,1
University,Hinjewadi,10,1,1,2155,14464,0,24.162598607888636,0.0,0
University,Hinjewadi,10,1,2,1914,14973,0,28.16238244514107,0.0,0
University,Hinjewadi,12,1,0,1682,12430,0,26.60404280618312,0.0,1
University,Hinjewadi,12,1,1,2196,14464,0,23.711475409836066,0.0,0
University,Hinjewadi,12,1,2,1695,12775,0,27.13274336283186,0.0,0
University,Hinjewadi,14,1,0,1552,12430,0,28.832474226804123,0.0,1
University,Hinjewadi,14,1,1,1968,14464,0,26.458536585365856,0.0,0
University,Hinjewadi,14,1,2,1585,12775,0,29.015772870662463,0.0,0
University,Hinjewadi,16,1,0,1623,12430,0,27.57116451016636,0.0,1
University,Hinjewadi,16,1,1,2047,14464,0,25.437420615534933,0.0,0
University,Hinjewadi,16,1,2,2009,16851,0,30.195918367346938,0.0,0
University,Hinjewadi,18,1,0,1927,12430,0,23.22158796056046,0.0,1
University,Hinjewadi,18,1,1,2264,16851,0,26.79487632508833,0.0,0
University,Hinjewadi,18,1,2,2436,14464,0,21.37536945812808,0.0,0
University,Hinjewadi,20,1,0,1689,12430,0,26.493783303730016,0.0,1
University,Hinjewadi,20,1,1,2118,14464,0,24.58470254957507,0.0,0
University,Hinjewadi,20,1,2,2062,16851,0,29.41978661493695,0.0,0
University,Hinjewadi,22,1,0,1323,12430,0,33.82312925170068,0.0,1
University,Hinjewadi,22,1,1,1661,14464,0,31.348826008428656,0.0,0
University,Hinjewadi,22,1,2,1348,12775,0,34.11721068249258,0.0,0
University,Hinjewadi,0,2,0,1323,12430,0,33.82312925170068,0.0,1
University,Hinjewadi,0,2,1,1661,14464,0,31.348826008428656,0.0,0
University,Hinjewadi,0,2,2,1348,12775,0,34.11721068249258,0.0,0
University,Hinjewadi,6,2,0,1346,12430,0,33.24517087667162,0.0,1
University,Hinjewadi,6,2,1,1706,14464,0,30.52192262602579,0.0,0
University,Hinjewadi,6,2,2,1371,12775,0,33.54485776805252,0.0,0
University,Hinjewadi,8,2,0,1530,12430,0,29.24705882352941,0.0,1
University,Hinjewadi,8,2,1,1969,14464,0,26.44509903504317,0.0,0
University,Hinjewadi,8,2,2,1548,12775,0,29.7093023255814,0.0,0
University,Hinjewadi,10,2,0,1621,12430,0,27.60518198642813,0.0,1
University,Hinjewadi,10,2,1,2076,14464,0,25.082080924855493,0.0,0
University,Hinjewadi,10,2,2,1632,12775,0,28.180147058823533,0.0,0
University,Hinjewadi,12,2,0,1661,12430,0,26.940397350993376,0.0,1
University,Hinjewadi,12,2,1,2151,14464,0,24.20753138075314,0.0,0
University,Hinjewadi,12,2,2,1679,12775,0,27.39130434782609,0.0,0
University,Hinjewadi,14,2,0,1555,12430,0,28.77684887459807,0.0,1
University,Hinjewadi,14,2,1,1975,14464,0,26.364759493670885,0.0,0
University,Hinjewadi,14,2,2,1589,12775,0,28.94273127753304,0.0,0
University,Hinjewadi,16,2,0,1624,12430,0,27.554187192118224,0.0,1
University,Hinjewadi,16,2,1,2033,14464,0,25.61259222823414,0.0,0
University,Hinjewadi,16,2,2,1987,16851,0,30.53024660291897,0.0,0
University,Hinjewadi,18,2,0,1935,12430,0,23.12558139534884,0.0,1
University,Hinjewadi,18,2,1,2265,16851,0,26.78304635761589,0.0,0
University,Hinjewadi,18,2,2,2437,14464,0,21.366598276569555,0.0,0
University,Hinjewadi,20,2,0,1718,12430,0,26.046565774155997,0.0,1
University,Hinjewadi,20,2,1,2164,14464,0,24.062107208872455,0.0,0
University,Hinjewadi,20,2,2,2097,16851,0,28.928755364806864,0.0,0
University,Hinjewadi,22,2,0,1323,12430,0,33.82312925170068,0.0,1
University,Hinjewadi,22,2,1,1661,14464,0,31.348826008428656,0.0,0
University,Hinjewadi,22,2,2,1348,12775,0,34.11721068249258,0.0,0
University,Hinjewadi,0,3,0,1323,12430,0,33.82312925170068,0.0,1
University,Hinjewadi,0,3,1,1660,14464,0,31.36771084337349,0.0,0
University,Hinjewadi,0,3,2,1348,12775,0,34.11721068249258,0.0,0
University,Hinjewadi,6,3,0,1342,12430,0,33.34426229508197,0.0,1
University,Hinjewadi,6,3,1,1690,14464,0,30.810887573964497,0.0,0
University,Hinjewadi,6,3,2,1368,12775,0,33.61842105263158,0.0,0
University,Hinjewadi,8,3,0,1463,12430,0,30.586466165413533,0.0,1
University,Hinjewadi,8,3,1,1847,14464,0,28.191878722252294,0.0,0
University,Hinjewadi,8,3,2,1485,12775,0,30.96969696969697,0.0,0
University,Hinjewadi,10,3,0,1519,12430,0,29.458854509545752,0.0,1
University,Hinjewadi,10,3,1,1942,14464,0,26.81277033985582,0.0,0
University,Hinjewadi,10,3,2,1536,12775,0,29.94140625,0.0,0
University,Hinjewadi,12,3,0,1593,12430,0,28.090395480225983,0.0,1
University,Hinjewadi,12,3,1,2107,14464,0,24.713051732320835,0.0,0
University,Hinjewadi,12,3,2,1615,12775,0,28.476780185758518,0.0,0
University,Hinjewadi,14,3,0,1586,12430,0,28.21437578814628,0.0,1
University,Hinjewadi,14,3,1,2119,14464,0,24.573100519112792,0.0,0
University,Hinjewadi,14,3,2,1622,12775,0,28.353884093711468,0.0,0
University,Hinjewadi,16,3,0,1621,12430,0,27.60518198642813,0.0,1
University,Hinjewadi,16,3,1,2137,14464,0,24.366120729995323,0.0,0
University,Hinjewadi,16,3,2,1869,13058,0,25.15184590690209,0.0,0
University,Hinjewadi,18,3,0,1825,12430,0,24.51945205479452,0.0,1
University,Hinjewadi,18,3,1,2269,14464,0,22.94861172322609,0.0,0
University,Hinjewadi,18,3,2,2142,16851,0,28.321008403361343,0.0,0
University,Hinjewadi,20,3,0,1676,12430,0,26.69928400954654,0.0,1
University,Hinjewadi,20,3,1,2098,14464,0,24.81906577693041,0.0,0
University,Hinjewadi,20,3,2,2049,16851,0,29.60644216691069,0.0,0
University,Hinjewadi,22,3,0,1323,12430,0,33.82312925170068,0.0,1
University,Hinjewadi,22,3,1,1660,14464,0,31.36771084337349,0.0,0
University,Hinjewadi,22,3,2,1348,12775,0,34.11721068249258,0.0,0
University,Hinjewadi,0,4,0,1323,12430,0,33.82312925170068,0.0,1
University,Hinjewadi,0,4,1,1660,14464,0,31.36771084337349,0.0,0
University,Hinjewadi,0,4,2,1348,12775,0,34.11721068249258,0.0,0
University,Hinjewadi,6,4,0,1338,12430,0,33.44394618834081,0.0,1
University,Hinjewadi,6,4,1,1682,14464,0,30.957431629013083,0.0,0
University,Hinjewadi,6,4,2,1364,12775,0,33.71700879765396,0.0,0
University,Hinjewadi,8,4,0,1417,12430,0,31.57939308398024,0.0,1
University,Hinjewadi,8,4,1,1805,14464,0,28.84786703601108,0.0,0
University,Hinjewadi,8,4,2,1445,12775,0,31.82698961937716,0.0,0
University,Hinjewadi,10,4,0,1446,12430,0,30.946058091286307,0.0,1
University,Hinjewadi,10,4,1,1810,14464,0,28.76817679558011,0.0,0
University,Hinjewadi,10,4,2,1473,12775,0,31.221995926680243,0.0,0
University,Hinjewadi,12,4,0,1503,12430,0,29.77245508982036,0.0,1
University,Hinjewadi,12,4,1,1876,14464,0,27.75607675906184,0.0,0
University,Hinjewadi,12,4,2,1534,12775,0,29.980443285528036,0.0,0
University,Hinjewadi,14,4,0,1502,12430,0,29.792276964047936,0.0,1
University,Hinjewadi,14,4,1,1859,14464,0,28.00989779451318,0.0,0
University,Hinjewadi,14,4,2,1539,12775,0,29.883040935672515,0.0,0
University,Hinjewadi,16,4,0,1549,12430,0,28.88831504196256,0.0,1
University,Hinjewadi,16,4,1,1874,14464,0,27.785699039487728,0.0,0
University,Hinjewadi,16,4,2,1903,16851,0,31.877877036258536,0.0,0
University,Hinjewadi,18,4,0,1655,12430,0,27.0380664652568,0.0,1
University,Hinjewadi,18,4,1,2014,14464,0,25.854220456802384,0.0,0
University,Hinjewadi,18,4,2,2016,16851,0,30.091071428571425,0.0,0
University,Hinjewadi,20,4,0,1554,12430,0,28.7953667953668,0.0,1
University,Hinjewadi,20,4,1,1967,14464,0,26.47198779867819,0.0,0
University,Hinjewadi,20,4,2,1580,12775,0,29.10759493670886,0.0,0
University,Hinjewadi,22,4,0,1323,12430,0,33.82312925170068,0.0,1
University,Hinjewadi,22,4,1,1660,14464,0,31.36771084337349,0.0,0
University,Hinjewadi,22,4,2,1348,12775,0,34.11721068249258,0.0,0
University,Hinjewadi,0,5,0,1323,12430,0,33.82312925170068,0.0,1
University,Hinjewadi,0,5,1,1661,14464,0,31.348826008428656,0.0,0
University,Hinjewadi,0,5,2,1348,12775,0,34.11721068249258,0.0,0
University,Hinjewadi,6,5,0,1348,12430,0,33.195845697329375,0.0,1
University,Hinjewadi,6,5,1,1706,14464,0,30.52192262602579,0.0,0
University,Hinjewadi,6,5,2,1374,12775,0,33.47161572052402,0.0,0
University,Hinjewadi,8,5,0,1568,12430,0,28.53826530612245,0.0,1
University,Hinjewadi,8,5,1,1994,14464,0,26.1135406218656,0.0,0
University,Hinjewadi,8,5,2,1588,12775,0,28.96095717884131,0.0,0
University,Hinjewadi,10,5,0,1660,12430,0,26.956626506024094,0.0,1
University,Hinjewadi,10,5,1,2166,14464,0,24.0398891966759,0.0,0
University,Hinjewadi,10,5,2,1906,14973,0,28.280587618048266,0.0,0
University,Hinjewadi,12,5,0,1666,12430,0,26.85954381752701,0.0,1
University,Hinjewadi,12,5,1,2195,14464,0,23.722277904328017,0.0,0
University,Hinjewadi,12,5,2,1684,12775,0,27.30997624703088,0.0,0
University,Hinjewadi,14,5,0,1540,12430,0,29.057142857142857,0.0,1
University,Hinjewadi,14,5,1,1946,14464,0,26.75765673175745,0.0,0
University,Hinjewadi,14,5,2,1572,12775,0,29.255725190839694,0.0,0
University,Hinjewadi,16,5,0,1622,12430,0,27.588162762022197,0.0,1
University,Hinjewadi,16,5,1,2027,14464,0,25.68840651208683,0.0,0
University,Hinjewadi,16,5,2,1984,16851,0,30.57641129032258,0.0,0
University,Hinjewadi,18,5,0,1933,12430,0,23.149508535954475,0.0,1
University,Hinjewadi,18,5,1,2239,16851,0,27.094059848146493,0.0,0
University,Hinjewadi,18,5,2,2427,14464,0,21.45463535228677,0.0,0
University,Hinjewadi,20,5,0,1686,12430,0,26.54092526690392,0.0,1
University,Hinjewadi,20,5,1,2144,14464,0,24.286567164179107,0.0,0
University,Hinjewadi,20,5,2,2072,16851,0,29.277799227799225,0.0,0
University,Hinjewadi,22,5,0,1323,12430,0,33.82312925170068,0.0,1
University,Hinjewadi,22,5,1,1661,14464,0,31.348826008428656,0.0,0
University,Hinjewadi,22,5,2,1348,12775,0,34.11721068249258,0.0,0
University,Hinjewadi,0,6,0,1323,12430,0,33.82312925170068,0.0,1
University,Hinjewadi,0,6,1,1661,14464,0,31.348826008428656,0.0,0
University,Hinjewadi,0,6,2,1348,12775,0,34.11721068249258,0.0,0
University,Hinjewadi,6,6,0,1349,12430,0,33.17123795404003,0.0,1
University,Hinjewadi,6,6,1,1699,14464,0,30.647675103001767,0.0,0
University,Hinjewadi,6,6,2,1375,12775,0,33.44727272727273,0.0,0
University,Hinjewadi,8,6,0,1609,12430,0,27.81106277190802,0.0,1
University,Hinjewadi,8,6,1,2035,14464,0,25.587420147420147,0.0,0
University,Hinjewadi,8,6,2,1635,12775,0,28.12844036697248,0.0,0
University,Hinjewadi,10,6,0,1729,12430,0,25.88085598611914,0.0,1
University,Hinjewadi,10,6,1,2222,14402,0,23.33357335733573,0.0,0
University,Hinjewadi,10,6,2,1968,14973,0,27.389634146341468,0.0,0
University,Hinjewadi,12,6,0,1726,12430,0,25.92584009269988,0.0,1
University,Hinjewadi,12,6,1,2249,14402,0,23.05344597598933,0.0,0
University,Hinjewadi,12,6,2,1739,12775,0,26.446233467510066,0.0,0
University,Hinjewadi,14,6,0,1563,12430,0,28.6295585412668,0.0,1
University,Hinjewadi,14,6,1,1984,14464,0,26.24516129032258,0.0,0
University,Hinjewadi,14,6,2,1598,12775,0,28.779724655819777,0.0,0
University,Hinjewadi,16,6,0,1639,12430,0,27.302013422818792,0.0,1
University,Hinjewadi,16,6,1,2082,14464,0,25.00979827089337,0.0,0
University,Hinjewadi,16,6,2,2018,16851,0,30.06124876114965,0.0,0
University,Hinjewadi,18,6,0,1965,12430,0,22.772519083969467,0.0,1
University,Hinjewadi,18,6,1,2300,16851,0,26.375478260869567,0.0,0
University,Hinjewadi,18,6,2,2506,14464,0,20.77829209896249,0.0,0
University,Hinjewadi,20,6,0,1710,12430,0,26.16842105263158,0.0,1
University,Hinjewadi,20,6,1,2153,14464,0,24.185044124477475,0.0,0
University,Hinjewadi,20,6,2,2077,16851,0,29.207318247472312,0.0,0
University,Hinjewadi,22,6,0,1323,12430,0,33.82312925170068,0.0,1
University,Hinjewadi,22,6,1,1661,14464,0,31.348826008428656,0.0,0
University,Hinjewadi,22,6,2,1348,12775,0,34.11721068249258,0.0,0
University,Kothrud,0,0,0,1054,8629,0,29.47286527514231,0.0,1
University,Kothrud,0,0,1,1173,10430,0,32.010230179028135,0.0,0
University,Kothrud,0,0,2,1638,13398,0,29.446153846153845,0.0,0
University,Kothrud,6,0,0,1070,8629,0,29.03214953271028,0.0,1
University,Kothrud,6,0,1,1193,10430,0,31.473595976529754,0.0,0
University,Kothrud,6,0,2,1660,13398,0,29.05590361445783,0.0,0
University,Kothrud,8,0,0,1249,8629,0,24.871417133706963,0.0,1
University,Kothrud,8,0,1,1425,10430,0,26.34947368421053,0.0,0
University,Kothrud,8,0,2,1863,13398,0,25.88985507246377,0.0,0
University,Kothrud,10,0,0,1373,8629,0,22.625200291332845,0.0,1
University,Kothrud,10,0,1,1602,10430,0,23.43820224719101,0.0,0
University,Kothrud,10,0,2,1978,13398,0,24.384630940343783,0.0,0
University,Kothrud,12,0,0,1495,8629,0,20.778862876254177,0.0,1
University,Kothrud,12,0,1,1772,10430,0,21.18961625282167,0.0,0
University,Kothrud,12,0,2,2054,13398,0,23.482375851996103,0.0,0
University,Kothrud,14,0,0,1391,8629,0,22.332422717469445,0.0,1
University,Kothrud,14,0,1,1645,10430,0,22.825531914893617,0.0,0
University,Kothrud,14,0,2,1873,13398,0,25.75162840363054,0.0,0
University,Kothrud,16,0,0,1421,8629,0,21.86094299788881,0.0,1
University,Kothrud,16,0,1,1732,10430,0,21.678983833718245,0.0,0
University,Kothrud,16,0,2,1940,13398,0,24.862268041237115,0.0,0
University,Kothrud,18,0,0,1699,8629,0,18.283931724543848,0.0,1
University,Kothrud,18,0,1,2009,10430,0,18.68989547038328,0.0,0
University,Kothrud,18,0,2,2300,13398,0,20.970782608695654,0.0,0
University,Kothrud,20,0,0,1469,8629,0,21.14663036078965,0.0,1
University,Kothrud,20,0,1,1658,10430,0,22.646562123039807,0.0,0
University,Kothrud,20,0,2,2045,13398,0,23.585721271393645,0.0,0
University,Kothrud,22,0,0,1054,8629,0,29.47286527514231,0.0,1
University,Kothrud,22,0,1,1173,10430,0,32.010230179028135,0.0,0
University,Kothrud,22,0,2,1638,13398,0,29.446153846153845,0.0,0
University,Kothrud,0,1,0,1054,8629,0,29.47286527514231,0.0,1
University,Kothrud,0,1,1,1173,10430,0,32.010230179028135,0.0,0
University,Kothrud,0,1,2,1638,13398,0,29.446153846153845,0.0,0
University,Kothrud,6,1,0,1070,8629,0,29.03214953271028,0.0,1
University,Kothrud,6,1,1,1193,10430,0,31.473595976529754,0.0,0
University,Kothrud,6,1,2,1660,13398,0,29.05590361445783,0.0,0
University,Kothrud,8,1,0,1244,8629,0,24.971382636655942,0.0,1
University,Kothrud,8,1,1,1406,10430,0,26.705547652916074,0.0,0
University,Kothrud,8,1,2,1859,13398,0,25.945562130177517,0.0,0
University,Kothrud,10,1,0,1371,8629,0,22.658205689277896,0.0,1
University,Kothrud,10,1,1,1577,10430,0,23.809765377298667,0.0,0
University,Kothrud,10,1,2,1971,13398,0,24.471232876712328,0.0,0
University,Kothrud,12,1,0,1506,8629,0,20.627091633466133,0.0,1
University,Kothrud,12,1,1,1756,10430,0,21.38268792710706,0.0,0
University,Kothrud,12,1,2,2057,13398,0,23.44812834224599,0.0,0
University,Kothrud,14,1,0,1406,8629,0,22.09416785206259,0.0,1
University,Kothrud,14,1,1,1659,10430,0,22.632911392405063,0.0,0
University,Kothrud,14,1,2,1885,13398,0,25.587692307692304,0.0,0
University,Kothrud,16,1,0,1412,8629,0,22.00028328611898,0.0,1
University,Kothrud,16,1,1,1716,10430,0,21.88111888111888,0.0,0
University,Kothrud,16,1,2,1927,13398,0,25.029994810586405,0.0,0
University,Kothrud,18,1,0,1659,8629,0,18.724773960217,0.0,1
University,Kothrud,18,1,1,1923,10430,0,19.525741029641186,0.0,0
University,Kothrud,18,1,2,2236,13398,0,21.571019677996425,0.0,0
University,Kothrud,20,1,0,1450,8629,0,21.423724137931032,0.0,1
University,Kothrud,20,1,1,1613,10430,0,23.27836329820211,0.0,0
University,Kothrud,20,1,2,2026,13398,0,23.80691016781836,0.0,0
University,Kothrud,22,1,0,1054,8629,0,29.47286527514231,0.0,1
University,Kothrud,22,1,1,1173,10430,0,32.010230179028135,0.0,0
University,Kothrud,22,1,2,1638,13398,0,29.446153846153845,0.0,0
University,Kothrud,0,2,0,1054,8629,0,29.47286527514231,0.0,1
University,Kothrud,0,2,1,1173,10430,0,32.010230179028135,0.0,0
University,Kothrud,0,2,2,1638,13398,0,29.446153846153845,0.0,0
University,Kothrud,6,2,0,1070,8629,0,29.03214953271028,0.0,1
University,Kothrud,6,2,1,1193,10430,0,31.473595976529754,0.0,0
University,Kothrud,6,2,2,1660,13398,0,29.05590361445783,0.0,0
University,Kothrud,8,2,0,1238,8629,0,25.09240710823909,0.0,1
University,Kothrud,8,2,1,1389,10430,0,27.032397408207345,0.0,0
University,Kothrud,8,2,2,1847,13398,0,26.114131023280997,0.0,0
University,Kothrud,10,2,0,1359,8629,0,22.85827814569536,0.0,1
University,Kothrud,10,2,1,1563,10430,0,24.023032629558543,0.0,0
University,Kothrud,10,2,2,1961,13398,0,24.59602243753187,0.0,0
University,Kothrud,12,2,0,1481,8629,0,20.975286968264683,0.0,1
University,Kothrud,12,2,1,1760,10430,0,21.33409090909091,0.0,0
University,Kothrud,12,2,2,2045,13398,0,23.585721271393645,0.0,0
University,Kothrud,14,2,0,1385,8629,0,22.42916967509025,0.0,1
University,Kothrud,14,2,1,1696,10430,0,22.139150943396228,0.0,0
University,Kothrud,14,2,2,1881,13398,0,25.64210526315789,0.0,0
University,Kothrud,16,2,0,1416,8629,0,21.938135593220338,0.0,1
University,Kothrud,16,2,1,1773,10430,0,21.17766497461929,0.0,0
University,Kothrud,16,2,2,1928,13398,0,25.01701244813278,0.0,0
University,Kothrud,18,2,0,1737,8629,0,17.883937823834195,0.0,1
University,Kothrud,18,2,1,2001,10430,0,18.764617691154424,0.0,0
University,Kothrud,18,2,2,2260,13398,0,21.34194690265487,0.0,0
University,Kothrud,20,2,0,1487,8629,0,20.8906523201076,0.0,1
University,Kothrud,20,2,1,1642,10430,0,22.86723507917174,0.0,0
University,Kothrud,20,2,2,2049,13398,0,23.539677891654463,0.0,0
University,Kothrud,22,2,0,1054,8629,0,29.47286527514231,0.0,1
University,Kothrud,22,2,1,1173,10430,0,32.010230179028135,0.0,0
University,Kothrud,22,2,2,1638,13398,0,29.446153846153845,0.0,0
University,Kothrud,0,3,0,1053,8629,0,29.500854700854703,0.0,1
University,Kothrud,0,3,1,1173,10430,0,32.010230179028135,0.0,0
University,Kothrud,0,3,2,1638,13398,0,29.446153846153845,0.0,0
University,Kothrud,6,3,0,1069,8629,0,29.059307764265665,0.0,1
University,Kothrud,6,3,1,1193,10430,0,31.473595976529754,0.0,0
University,Kothrud,6,3,2,1659,13398,0,29.073417721518982,0.0,0
University,Kothrud,8,3,0,1203,8629,0,25.822443890274315,0.0,1
University,Kothrud,8,3,1,1351,10430,0,27.79274611398964,0.0,0
University,Kothrud,8,3,2,1829,13398,0,26.37113176599234,0.0,0
University,Kothrud,10,3,0,1333,8629,0,23.30412603150788,0.0,1
University,Kothrud,10,3,1,1553,10430,0,24.177720540888604,0.0,0
University,Kothrud,10,3,2,1952,13398,0,24.709426229508196,0.0,0
University,Kothrud,12,3,0,1489,8629,0,20.86259234385493,0.0,1
University,Kothrud,12,3,1,1811,10430,0,20.73329652125897,0.0,0
University,Kothrud,12,3,2,2090,13398,0,23.077894736842104,0.0,0
University,Kothrud,14,3,0,1459,8629,0,21.291569568197392,0.0,1
University,Kothrud,14,3,1,1816,10430,0,20.676211453744493,0.0,0
University,Kothrud,14,3,2,1964,13398,0,24.55845213849287,0.0,0
University,Kothrud,16,3,0,1484,8629,0,20.93288409703504,0.0,1
University,Kothrud,16,3,1,1860,10430,0,20.187096774193545,0.0,0
University,Kothrud,16,3,2,1967,13398,0,24.520996441281135,0.0,0
University,Kothrud,18,3,0,1604,8629,0,19.366832917705736,0.0,1
University,Kothrud,18,3,1,1890,10430,0,19.866666666666664,0.0,0
University,Kothrud,18,3,2,2203,13398,0,21.894144348615526,0.0,0
University,Kothrud,20,3,0,1414,8629,0,21.969165487977367,0.0,1
University,Kothrud,20,3,1,1600,10430,0,23.4675,0.0,0
University,Kothrud,20,3,2,2066,13398,0,23.3459825750242,0.0,0
University,Kothrud,22,3,0,1053,8629,0,29.500854700854703,0.0,1
University,Kothrud,22,3,1,1173,10430,0,32.010230179028135,0.0,0
University,Kothrud,22,3,2,1638,13398,0,29.446153846153845,0.0,0
University,Kothrud,0,4,0,1053,8629,0,29.500854700854703,0.0,1
University,Kothrud,0,4,1,1173,10430,0,32.010230179028135,0.0,0
University,Kothrud,0,4,2,1638,13398,0,29.446153846153845,0.0,0
University,Kothrud,6,4,0,1066,8629,0,29.14108818011257,0.0,1
University,Kothrud,6,4,1,1189,10430,0,31.579478553406226,0.0,0
University,Kothrud,6,4,2,1652,13398,0,29.196610169491525,0.0,0
University,Kothrud,8,4,0,1151,8629,0,26.989052997393568,0.0,1
University,Kothrud,8,4,1,1301,10430,0,28.8608762490392,0.0,0
University,Kothrud,8,4,2,1767,13398,0,27.29643463497453,0.0,0
University,Kothrud,10,4,0,1193,8629,0,26.03889354568315,0.0,1
University,Kothrud,10,4,1,1384,10430,0,27.13005780346821,0.0,0
University,Kothrud,10,4,2,1809,13398,0,26.662686567164183,0.0,0
University,Kothrud,12,4,0,1284,8629,0,24.19345794392523,0.0,1
University,Kothrud,12,4,1,1528,10430,0,24.57329842931937,0.0,0
University,Kothrud,12,4,2,1882,13398,0,25.62848034006376,0.0,0
University,Kothrud,14,4,0,1302,8629,0,23.85898617511521,0.0,1
University,Kothrud,14,4,1,1549,10430,0,24.24015493867011,0.0,0
University,Kothrud,14,4,2,1820,13398,0,26.501538461538463,0.0,0
University,Kothrud,16,4,0,1306,8629,0,23.78591117917305,0.0,1
University,Kothrud,16,4,1,1573,10430,0,23.87031150667514,0.0,0
University,Kothrud,16,4,2,1821,13398,0,26.486985172981875,0.0,0
University,Kothrud,18,4,0,1372,8629,0,22.641690962099123,0.0,1
University,Kothrud,18,4,1,1629,10430,0,23.04972375690608,0.0,0
University,Kothrud,18,4,2,1951,13398,0,24.722091235263967,0.0,0
University,Kothrud,20,4,0,1298,8629,0,23.932511556240367,0.0,1
University,Kothrud,20,4,1,1472,10430,0,25.508152173913043,0.0,0
University,Kothrud,20,4,2,1903,13398,0,25.34566473988439,0.0,0
University,Kothrud,22,4,0,1053,8629,0,29.500854700854703,0.0,1
University,Kothrud,22,4,1,1173,10430,0,32.010230179028135,0.0,0
University,Kothrud,22,4,2,1638,13398,0,29.446153846153845,0.0,0
University,Kothrud,0,5,0,1054,8629,0,29.47286527514231,0.0,1
University,Kothrud,0,5,1,1173,10430,0,32.010230179028135,0.0,0
University,Kothrud,0,5,2,1638,13398,0,29.446153846153845,0.0,0
University,Kothrud,6,5,0,1071,8629,0,29.005042016806723,0.0,1
University,Kothrud,6,5,1,1194,10430,0,31.44723618090452,0.0,0
University,Kothrud,6,5,2,1661,13398,0,29.038410596026488,0.0,0
University,Kothrud,8,5,0,1237,8629,0,25.11269199676637,0.0,1
University,Kothrud,8,5,1,1403,10430,0,26.762651461154665,0.0,0
University,Kothrud,8,5,2,1844,13398,0,26.15661605206073,0.0,0
University,Kothrud,10,5,0,1358,8629,0,22.875110456553752,0.0,1
University,Kothrud,10,5,1,1575,10430,0,23.84,0.0,0
University,Kothrud,10,5,2,1962,13398,0,24.583486238532107,0.0,0
University,Kothrud,12,5,0,1481,8629,0,20.975286968264683,0.0,1
University,Kothrud,12,5,1,1725,10430,0,21.76695652173913,0.0,0
University,Kothrud,12,5,2,2041,13398,0,23.631945124938756,0.0,0
University,Kothrud,14,5,0,1386,8629,0,22.41298701298701,0.0,1
University,Kothrud,14,5,1,1619,10430,0,23.192093885114268,0.0,0
University,Kothrud,14,5,2,1863,13398,0,25.88985507246377,0.0,0
University,Kothrud,16,5,0,1395,8629,0,22.26838709677419,0.0,1
University,Kothrud,16,5,1,1701,10430,0,22.07407407407408,0.0,0
University,Kothrud,16,5,2,1909,13398,0,25.26600314300681,0.0,0
University,Kothrud,18,5,0,1657,8629,0,18.747374773687387,0.0,1
University,Kothrud,18,5,1,1944,10430,0,19.314814814814813,0.0,0
University,Kothrud,18,5,2,2231,13398,0,21.61936351411923,0.0,0
University,Kothrud,20,5,0,1453,8629,0,21.379490708878183,0.0,1
University,Kothrud,20,5,1,1607,10430,0,23.365276913503426,0.0,0
University,Kothrud,20,5,2,2036,13398,0,23.68998035363457,0.0,0
University,Kothrud,22,5,0,1054,8629,0,29.47286527514231,0.0,1
University,Kothrud,22,5,1,1173,10430,0,32.010230179028135,0.0,0
University,Kothrud,22,5,2,1638,13398,0,29.446153846153845,0.0,0
University,Kothrud,0,6,0,1054,8629,0,29.47286527514231,0.0,1
University,Kothrud,0,6,1,1173,10430,0,32.010230179028135,0.0,0
University,Kothrud,0,6,2,1638,13398,0,29.446153846153845,0.0,0
University,Kothrud,6,6,0,1071,8629,0,29.005042016806723,0.0,1
University,Kothrud,6,6,1,1194,10430,0,31.44723618090452,0.0,0
University,Kothrud,6,6,2,1661,13398,0,29.038410596026488,0.0,0
University,Kothrud,8,6,0,1246,8629,0,24.931300160513644,0.0,1
University,Kothrud,8,6,1,1418,10430,0,26.479548660084625,0.0,0
University,Kothrud,8,6,2,1864,13398,0,25.87596566523605,0.0,0
University,Kothrud,10,6,0,1394,8629,0,22.284361549497845,0.0,1
University,Kothrud,10,6,1,1620,10430,0,23.177777777777777,0.0,0
University,Kothrud,10,6,2,2003,13398,0,24.080279580629053,0.0,0
University,Kothrud,12,6,0,1518,8629,0,20.46403162055336,0.0,1
University,Kothrud,12,6,1,1790,10430,0,20.97653631284916,0.0,0
University,Kothrud,12,6,2,2080,13398,0,23.18884615384616,0.0,0
University,Kothrud,14,6,0,1394,8629,0,22.284361549497845,0.0,1
University,Kothrud,14,6,1,1657,10430,0,22.660229330114664,0.0,0
University,Kothrud,14,6,2,1879,13398,0,25.669398616285257,0.0,0
University,Kothrud,16,6,0,1406,8629,0,22.09416785206259,0.0,1
University,Kothrud,16,6,1,1731,10430,0,21.69150779896014,0.0,0
University,Kothrud,16,6,2,1933,13398,0,24.952302121055357,0.0,0
University,Kothrud,18,6,0,1684,8629,0,18.446793349168644,0.0,1
University,Kothrud,18,6,1,1969,10430,0,19.06957846622651,0.0,0
University,Kothrud,18,6,2,2289,13398,0,21.071559633027523,0.0,0
University,Kothrud,20,6,0,1472,8629,0,21.10353260869565,0.0,1
University,Kothrud,20,6,1,1625,10430,0,23.106461538461534,0.0,0
University,Kothrud,20,6,2,2064,13398,0,23.36860465116279,0.0,0
University,Kothrud,22,6,0,1054,8629,0,29.47286527514231,0.0,1
University,Kothrud,22,6,1,1173,10430,0,32.010230179028135,0.0,0
University,Kothrud,22,6,2,1638,13398,0,29.446153846153845,0.0,0
University,Kothrud,0,0,0,1054,8629,0,29.47286527514231,0.0,1
University,Kothrud,0,0,1,1173,10430,0,32.010230179028135,0.0,0
University,Kothrud,0,0,2,1638,13398,0,29.446153846153845,0.0,0
University,Kothrud,6,0,0,1070,8629,0,29.03214953271028,0.0,1
University,Kothrud,6,0,1,1193,10430,0,31.473595976529754,0.0,0
University,Kothrud,6,0,2,1660,13398,0,29.05590361445783,0.0,0
University,Kothrud,8,0,0,1249,8629,0,24.871417133706963,0.0,1
University,Kothrud,8,0,1,1425,10430,0,26.34947368421053,0.0,0
University,Kothrud,8,0,2,1863,13398,0,25.88985507246377,0.0,0
University,Kothrud,10,0,0,1373,8629,0,22.625200291332845,0.0,1
University,Kothrud,10,0,1,1602,10430,0,23.43820224719101,0.0,0
University,Kothrud,10,0,2,1978,13398,0,24.384630940343783,0.0,0
University,Kothrud,12,0,0,1495,8629,0,20.778862876254177,0.0,1
University,Kothrud,12,0,1,1772,10430,0,21.18961625282167,0.0,0
University,Kothrud,12,0,2,2054,13398,0,23.482375851996103,0.0,0
University,Kothrud,14,0,0,1391,8629,0,22.332422717469445,0.0,1
University,Kothrud,14,0,1,1645,10430,0,22.825531914893617,0.0,0
University,Kothrud,14,0,2,1873,13398,0,25.75162840363054,0.0,0
University,Kothrud,16,0,0,1421,8629,0,21.86094299788881,0.0,1
University,Kothrud,16,0,1,1732,10430,0,21.678983833718245,0.0,0
University,Kothrud,16,0,2,1940,13398,0,24.862268041237115,0.0,0
University,Kothrud,18,0,0,1699,8629,0,18.283931724543848,0.0,1
University,Kothrud,18,0,1,2009,10430,0,18.68989547038328,0.0,0
University,Kothrud,18,0,2,2300,13398,0,20.970782608695654,0.0,0
University,Kothrud,20,0,0,1469,8629,0,21.14663036078965,0.0,1
University,Kothrud,20,0,1,1658,10430,0,22.646562123039807,0.0,0
University,Kothrud,20,0,2,2045,13398,0,23.585721271393645,0.0,0
University,Kothrud,22,0,0,1054,8629,0,29.47286527514231,0.0,1
University,Kothrud,22,0,1,1173,10430,0,32.010230179028135,0.0,0
University,Kothrud,22,0,2,1638,13398,0,29.446153846153845,0.0,0
University,Kothrud,0,1,0,1054,8629,0,29.47286527514231,0.0,1
University,Kothrud,0,1,1,1173,10430,0,32.010230179028135,0.0,0
University,Kothrud,0,1,2,1638,13398,0,29.446153846153845,0.0,0
University,Kothrud,6,1,0,1070,8629,0,29.03214953271028,0.0,1
University,Kothrud,6,1,1,1193,10430,0,31.473595976529754,0.0,0
University,Kothrud,6,1,2,1660,13398,0,29.05590361445783,0.0,0
University,Kothrud,8,1,0,1244,8629,0,24.971382636655942,0.0,1
University,Kothrud,8,1,1,1406,10430,0,26.705547652916074,0.0,0
University,Kothrud,8,1,2,1859,13398,0,25.945562130177517,0.0,0
University,Kothrud,10,1,0,1371,8629,0,22.658205689277896,0.0,1
University,Kothrud,10,1,1,1577,10430,0,23.809765377298667,0.0,0
University,Kothrud,10,1,2,1971,13398,0,24.471232876712328,0.0,0
University,Kothrud,12,1,0,1506,8629,0,20.627091633466133,0.0,1
University,Kothrud,12,1,1,1756,10430,0,21.38268792710706,0.0,0
University,Kothrud,12,1,2,2057,13398,0,23.44812834224599,0.0,0
University,Kothrud,14,1,0,1406,8629,0,22.09416785206259,0.0,1
University,Kothrud,14,1,1,1659,10430,0,22.632911392405063,0.0,0
University,Kothrud,14,1,2,1885,13398,0,25.587692307692304,0.0,0
University,Kothrud,16,1,0,1412,8629,0,22.00028328611898,0.0,1
University,Kothrud,16,1,1,1716,10430,0,21.88111888111888,0.0,0
University,Kothrud,16,1,2,1927,13398,0,25.029994810586405,0.0,0
University,Kothrud,18,1,0,1659,8629,0,18.724773960217,0.0,1
University,Kothrud,18,1,1,1923,10430,0,19.525741029641186,0.0,0
University,Kothrud,18,1,2,2236,13398,0,21.571019677996425,0.0,0
University,Kothrud,20,1,0,1450,8629,0,21.423724137931032,0.0,1
University,Kothrud,20,1,1,1613,10430,0,23.27836329820211,0.0,0
University,Kothrud,20,1,2,2026,13398,0,23.80691016781836,0.0,0
University,Kothrud,22,1,0,1054,8629,0,29.47286527514231,0.0,1
University,Kothrud,22,1,1,1173,10430,0,32.010230179028135,0.0,0
University,Kothrud,22,1,2,1638,13398,0,29.446153846153845,0.0,0
University,Kothrud,0,2,0,1054,8629,0,29.47286527514231,0.0,1
University,Kothrud,0,2,1,1173,10430,0,32.010230179028135,0.0,0
University,Kothrud,0,2,2,1638,13398,0,29.446153846153845,0.0,0
University,Kothrud,6,2,0,1070,8629,0,29.03214953271028,0.0,1
University,Kothrud,6,2,1,1193,10430,0,31.473595976529754,0.0,0
University,Kothrud,6,2,2,1660,13398,0,29.05590361445783,0.0,0
University,Kothrud,8,2,0,1238,8629,0,25.09240710823909,0.0,1
University,Kothrud,8,2,1,1389,10430,0,27.032397408207345,0.0,0
University,Kothrud,8,2,2,1847,13398,0,26.114131023280997,0.0,0
University,Kothrud,10,2,0,1359,8629,0,22.85827814569536,0.0,1
University,Kothrud,10,2,1,1563,10430,0,24.023032629558543,0.0,0
University,Kothrud,10,2,2,1961,13398,0,24.59602243753187,0.0,0
University,Kothrud,12,2,0,1481,8629,0,20.975286968264683,0.0,1
University,Kothrud,12,2,1,1760,10430,0,21.33409090909091,0.0,0
University,Kothrud,12,2,2,2045,13398,0,23.585721271393645,0.0,0
University,Kothrud,14,2,0,1385,8629,0,22.42916967509025,0.0,1
University,Kothrud,14,2,1,1696,10430,0,22.139150943396228,0.0,0
University,Kothrud,14,2,2,1881,13398,0,25.64210526315789,0.0,0
University,Kothrud,16,2,0,1416,8629,0,21.938135593220338,0.0,1
University,Kothrud,16,2,1,1773,10430,0,21.17766497461929,0.0,0
University,Kothrud,16,2,2,1928,13398,0,25.01701244813278,0.0,0
University,Kothrud,18,2,0,1737,8629,0,17.883937823834195,0.0,1
University,Kothrud,18,2,1,2001,10430,0,18.764617691154424,0.0,0
University,Kothrud,18,2,2,2260,13398,0,21.34194690265487,0.0,0
University,Kothrud,20,2,0,1487,8629,0,20.8906523201076,0.0,1
University,Kothrud,20,2,1,1642,10430,0,22.86723507917174,0.0,0
University,Kothrud,20,2,2,2049,13398,0,23.539677891654463,0.0,0
University,Kothrud,22,2,0,1054,8629,0,29.47286527514231,0.0,1
University,Kothrud,22,2,1,1173,10430,0,32.010230179028135,0.0,0
University,Kothrud,22,2,2,1638,13398,0,29.446153846153845,0.0,0
University,Kothrud,0,3,0,1053,8629,0,29.500854700854703,0.0,1
University,Kothrud,0,3,1,1173,10430,0,32.010230179028135,0.0,0
University,Kothrud,0,3,2,1638,13398,0,29.446153846153845,0.0,0
University,Kothrud,6,3,0,1069,8629,0,29.059307764265665,0.0,1
University,Kothrud,6,3,1,1193,10430,0,31.473595976529754,0.0,0
University,Kothrud,6,3,2,1659,13398,0,29.073417721518982,0.0,0
University,Kothrud,8,3,0,1203,8629,0,25.822443890274315,0.0,1
University,Kothrud,8,3,1,1351,10430,0,27.79274611398964,0.0,0
University,Kothrud,8,3,2,1829,13398,0,26.37113176599234,0.0,0
University,Kothrud,10,3,0,1333,8629,0,23.30412603150788,0.0,1
University,Kothrud,10,3,1,1553,10430,0,24.177720540888604,0.0,0
University,Kothrud,10,3,2,1952,13398,0,24.709426229508196,0.0,0
University,Kothrud,12,3,0,1489,8629,0,20.86259234385493,0.0,1
University,Kothrud,12,3,1,1811,10430,0,20.73329652125897,0.0,0
University,Kothrud,12,3,2,2090,13398,0,23.077894736842104,0.0,0
University,Kothrud,14,3,0,1459,8629,0,21.291569568197392,0.0,1
University,Kothrud,14,3,1,1816,10430,0,20.676211453744493,0.0,0
University,Kothrud,14,3,2,1964,13398,0,24.55845213849287,0.0,0
University,Kothrud,16,3,0,1484,8629,0,20.93288409703504,0.0,1
University,Kothrud,16,3,1,1860,10430,0,20.187096774193545,0.0,0
University,Kothrud,16,3,2,1967,13398,0,24.520996441281135,0.0,0
University,Kothrud,18,3,0,1604,8629,0,19.366832917705736,0.0,1
University,Kothrud,18,3,1,1890,10430,0,19.866666666666664,0.0,0
University,Kothrud,18,3,2,2203,13398,0,21.894144348615526,0.0,0
University,Kothrud,20,3,0,1414,8629,0,21.969165487977367,0.0,1
University,Kothrud,20,3,1,1600,10430,0,23.4675,0.0,0
University,Kothrud,20,3,2,2066,13398,0,23.3459825750242,0.0,0
University,Kothrud,22,3,0,1053,8629,0,29.500854700854703,0.0,1
University,Kothrud,22,3,1,1173,10430,0,32.010230179028135,0.0,0
University,Kothrud,22,3,2,1638,13398,0,29.446153846153845,0.0,0
University,Kothrud,0,4,0,1053,8629,0,29.500854700854703,0.0,1
University,Kothrud,0,4,1,1173,10430,0,32.010230179028135,0.0,0
University,Kothrud,0,4,2,1638,13398,0,29.446153846153845,0.0,0
University,Kothrud,6,4,0,1066,8629,0,29.14108818011257,0.0,1
University,Kothrud,6,4,1,1189,10430,0,31.579478553406226,0.0,0
University,Kothrud,6,4,2,1652,13398,0,29.196610169491525,0.0,0
University,Kothrud,8,4,0,1151,8629,0,26.989052997393568,0.0,1
University,Kothrud,8,4,1,1301,10430,0,28.8608762490392,0.0,0
University,Kothrud,8,4,2,1767,13398,0,27.29643463497453,0.0,0
University,Kothrud,10,4,0,1193,8629,0,26.03889354568315,0.0,1
University,Kothrud,10,4,1,1384,10430,0,27.13005780346821,0.0,0
University,Kothrud,10,4,2,1809,13398,0,26.662686567164183,0.0,0
University,Kothrud,12,4,0,1284,8629,0,24.19345794392523,0.0,1
University,Kothrud,12,4,1,1528,10430,0,24.57329842931937,0.0,0
University,Kothrud,12,4,2,1882,13398,0,25.62848034006376,0.0,0
University,Kothrud,14,4,0,1302,8629,0,23.85898617511521,0.0,1
University,Kothrud,14,4,1,1549,10430,0,24.24015493867011,0.0,0
University,Kothrud,14,4,2,1820,13398,0,26.501538461538463,0.0,0
University,Kothrud,16,4,0,1306,8629,0,23.78591117917305,0.0,1
University,Kothrud,16,4,1,1573,10430,0,23.87031150667514,0.0,0
University,Kothrud,16,4,2,1821,13398,0,26.486985172981875,0.0,0
University,Kothrud,18,4,0,1372,8629,0,22.641690962099123,0.0,1
University,Kothrud,18,4,1,1629,10430,0,23.04972375690608,0.0,0
University,Kothrud,18,4,2,1951,13398,0,24.722091235263967,0.0,0
University,Kothrud,20,4,0,1298,8629,0,23.932511556240367,0.0,1
University,Kothrud,20,4,1,1472,10430,0,25.508152173913043,0.0,0
University,Kothrud,20,4,2,1903,13398,0,25.34566473988439,0.0,0
University,Kothrud,22,4,0,1053,8629,0,29.500854700854703,0.0,1
University,Kothrud,22,4,1,1173,10430,0,32.010230179028135,0.0,0
University,Kothrud,22,4,2,1638,13398,0,29.446153846153845,0.0,0
University,Kothrud,0,5,0,1054,8629,0,29.47286527514231,0.0,1
University,Kothrud,0,5,1,1173,10430,0,32.010230179028135,0.0,0
University,Kothrud,0,5,2,1638,13398,0,29.446153846153845,0.0,0
University,Kothrud,6,5,0,1071,8629,0,29.005042016806723,0.0,1
University,Kothrud,6,5,1,1194,10430,0,31.44723618090452,0.0,0
University,Kothrud,6,5,2,1661,13398,0,29.038410596026488,0.0,0
University,Kothrud,8,5,0,1237,8629,0,25.11269199676637,0.0,1
University,Kothrud,8,5,1,1403,10430,0,26.762651461154665,0.0,0
University,Kothrud,8,5,2,1844,13398,0,26.15661605206073,0.0,0
University,Kothrud,10,5,0,1358,8629,0,22.875110456553752,0.0,1
University,Kothrud,10,5,1,1575,10430,0,23.84,0.0,0
University,Kothrud,10,5,2,1962,13398,0,24.583486238532107,0.0,0
University,Kothrud,12,5,0,1481,8629,0,20.975286968264683,0.0,1
University,Kothrud,12,5,1,1725,10430,0,21.76695652173913,0.0,0
University,Kothrud,12,5,2,2041,13398,0,23.631945124938756,0.0,0
University,Kothrud,14,5,0,1386,8629,0,22.41298701298701,0.0,1
University,Kothrud,14,5,1,1619,10430,0,23.192093885114268,0.0,0
University,Kothrud,14,5,2,1863,13398,0,25.88985507246377,0.0,0
University,Kothrud,16,5,0,1395,8629,0,22.26838709677419,0.0,1
University,Kothrud,16,5,1,1701,10430,0,22.07407407407408,0.0,0
University,Kothrud,16,5,2,1909,13398,0,25.26600314300681,0.0,0
University,Kothrud,18,5,0,1657,8629,0,18.747374773687387,0.0,1
University,Kothrud,18,5,1,1944,10430,0,19.314814814814813,0.0,0
University,Kothrud,18,5,2,2231,13398,0,21.61936351411923,0.0,0
University,Kothrud,20,5,0,1453,8629,0,21.379490708878183,0.0,1
University,Kothrud,20,5,1,1607,10430,0,23.365276913503426,0.0,0
University,Kothrud,20,5,2,2036,13398,0,23.68998035363457,0.0,0
University,Kothrud,22,5,0,1054,8629,0,29.47286527514231,0.0,1
University,Kothrud,22,5,1,1173,10430,0,32.010230179028135,0.0,0
University,Kothrud,22,5,2,1638,13398,0,29.446153846153845,0.0,0
University,Kothrud,0,6,0,1054,8629,0,29.47286527514231,0.0,1
University,Kothrud,0,6,1,1173,10430,0,32.010230179028135,0.0,0
University,Kothrud,0,6,2,1638,13398,0,29.446153846153845,0.0,0
University,Kothrud,6,6,0,1071,8629,0,29.005042016806723,0.0,1
University,Kothrud,6,6,1,1194,10430,0,31.44723618090452,0.0,0
University,Kothrud,6,6,2,1661,13398,0,29.038410596026488,0.0,0
University,Kothrud,8,6,0,1246,8629,0,24.931300160513644,0.0,1
University,Kothrud,8,6,1,1418,10430,0,26.479548660084625,0.0,0
University,Kothrud,8,6,2,1864,13398,0,25.87596566523605,0.0,0
University,Kothrud,10,6,0,1394,8629,0,22.284361549497845,0.0,1
University,Kothrud,10,6,1,1620,10430,0,23.177777777777777,0.0,0
University,Kothrud,10,6,2,2003,13398,0,24.080279580629053,0.0,0
University,Kothrud,12,6,0,1518,8629,0,20.46403162055336,0.0,1
University,Kothrud,12,6,1,1790,10430,0,20.97653631284916,0.0,0
University,Kothrud,12,6,2,2080,13398,0,23.18884615384616,0.0,0
University,Kothrud,14,6,0,1394,8629,0,22.284361549497845,0.0,1
University,Kothrud,14,6,1,1657,10430,0,22.660229330114664,0.0,0
University,Kothrud,14,6,2,1879,13398,0,25.669398616285257,0.0,0
University,Kothrud,16,6,0,1406,8629,0,22.09416785206259,0.0,1
University,Kothrud,16,6,1,1731,10430,0,21.69150779896014,0.0,0
University,Kothrud,16,6,2,1933,13398,0,24.952302121055357,0.0,0
University,Kothrud,18,6,0,1684,8629,0,18.446793349168644,0.0,1
University,Kothrud,18,6,1,1969,10430,0,19.06957846622651,0.0,0
University,Kothrud,18,6,2,2289,13398,0,21.071559633027523,0.0,0
University,Kothrud,20,6,0,1472,8629,0,21.10353260869565,0.0,1
University,Kothrud,20,6,1,1625,10430,0,23.106461538461534,0.0,0
University,Kothrud,20,6,2,2064,13398,0,23.36860465116279,0.0,0
University,Kothrud,22,6,0,1054,8629,0,29.47286527514231,0.0,1
University,Kothrud,22,6,1,1173,10430,0,32.010230179028135,0.0,0
University,Kothrud,22,6,2,1638,13398,0,29.446153846153845,0.0,0
University,Kothrud,0,0,0,1054,8629,0,29.47286527514231,0.0,1
University,Kothrud,0,0,1,1173,10430,0,32.010230179028135,0.0,0
University,Kothrud,0,0,2,1638,13398,0,29.446153846153845,0.0,0
University,Kothrud,6,0,0,1070,8629,0,29.03214953271028,0.0,1
University,Kothrud,6,0,1,1193,10430,0,31.473595976529754,0.0,0
University,Kothrud,6,0,2,1660,13398,0,29.05590361445783,0.0,0
University,Kothrud,8,0,0,1249,8629,0,24.871417133706963,0.0,1
University,Kothrud,8,0,1,1425,10430,0,26.34947368421053,0.0,0
University,Kothrud,8,0,2,1863,13398,0,25.88985507246377,0.0,0
University,Kothrud,10,0,0,1373,8629,0,22.625200291332845,0.0,1
University,Kothrud,10,0,1,1602,10430,0,23.43820224719101,0.0,0
University,Kothrud,10,0,2,1978,13398,0,24.384630940343783,0.0,0
University,Kothrud,12,0,0,1495,8629,0,20.778862876254177,0.0,1
University,Kothrud,12,0,1,1772,10430,0,21.18961625282167,0.0,0
University,Kothrud,12,0,2,2054,13398,0,23.482375851996103,0.0,0
University,Kothrud,14,0,0,1391,8629,0,22.332422717469445,0.0,1
University,Kothrud,14,0,1,1645,10430,0,22.825531914893617,0.0,0
University,Kothrud,14,0,2,1873,13398,0,25.75162840363054,0.0,0
University,Kothrud,16,0,0,1421,8629,0,21.86094299788881,0.0,1
University,Kothrud,16,0,1,1732,10430,0,21.678983833718245,0.0,0
University,Kothrud,16,0,2,1940,13398,0,24.862268041237115,0.0,0
University,Kothrud,18,0,0,1699,8629,0,18.283931724543848,0.0,1
University,Kothrud,18,0,1,2009,10430,0,18.68989547038328,0.0,0
University,Kothrud,18,0,2,2300,13398,0,20.970782608695654,0.0,0
University,Kothrud,20,0,0,1469,8629,0,21.14663036078965,0.0,1
University,Kothrud,20,0,1,1658,10430,0,22.646562123039807,0.0,0
University,Kothrud,20,0,2,2045,13398,0,23.585721271393645,0.0,0
University,Kothrud,22,0,0,1054,8629,0,29.47286527514231,0.0,1
University,Kothrud,22,0,1,1173,10430,0,32.010230179028135,0.0,0
University,Kothrud,22,0,2,1638,13398,0,29.446153846153845,0.0,0
University,Kothrud,0,1,0,1054,8629,0,29.47286527514231,0.0,1
University,Kothrud,0,1,1,1173,10430,0,32.010230179028135,0.0,0
University,Kothrud,0,1,2,1638,13398,0,29.446153846153845,0.0,0
University,Kothrud,6,1,0,1070,8629,0,29.03214953271028,0.0,1
University,Kothrud,6,1,1,1193,10430,0,31.473595976529754,0.0,0
University,Kothrud,6,1,2,1660,13398,0,29.05590361445783,0.0,0
University,Kothrud,8,1,0,1244,8629,0,24.971382636655942,0.0,1
University,Kothrud,8,1,1,1406,10430,0,26.705547652916074,0.0,0
University,Kothrud,8,1,2,1859,13398,0,25.945562130177517,0.0,0
University,Kothrud,10,1,0,1371,8629,0,22.658205689277896,0.0,1
University,Kothrud,10,1,1,1577,10430,0,23.809765377298667,0.0,0
University,Kothrud,10,1,2,1971,13398,0,24.471232876712328,0.0,0
University,Kothrud,12,1,0,1506,8629,0,20.627091633466133,0.0,1
University,Kothrud,12,1,1,1756,10430,0,21.38268792710706,0.0,0
University,Kothrud,12,1,2,2057,13398,0,23.44812834224599,0.0,0
University,Kothrud,14,1,0,1406,8629,0,22.09416785206259,0.0,1
University,Kothrud,14,1,1,1659,10430,0,22.632911392405063,0.0,0
University,Kothrud,14,1,2,1885,13398,0,25.587692307692304,0.0,0
University,Kothrud,16,1,0,1412,8629,0,22.00028328611898,0.0,1
University,Kothrud,16,1,1,1716,10430,0,21.88111888111888,0.0,0
University,Kothrud,16,1,2,1927,13398,0,25.029994810586405,0.0,0
University,Kothrud,18,1,0,1659,8629,0,18.724773960217,0.0,1
University,Kothrud,18,1,1,1923,10430,0,19.525741029641186,0.0,0
University,Kothrud,18,1,2,2236,13398,0,21.571019677996425,0.0,0
University,Kothrud,20,1,0,1450,8629,0,21.423724137931032,0.0,1
University,Kothrud,20,1,1,1613,10430,0,23.27836329820211,0.0,0
University,Kothrud,20,1,2,2026,13398,0,23.80691016781836,0.0,0
University,Kothrud,22,1,0,1054,8629,0,29.47286527514231,0.0,1
University,Kothrud,22,1,1,1173,10430,0,32.010230179028135,0.0,0
University,Kothrud,22,1,2,1638,13398,0,29.446153846153845,0.0,0
University,Kothrud,0,2,0,1054,8629,0,29.47286527514231,0.0,1
University,Kothrud,0,2,1,1173,10430,0,32.010230179028135,0.0,0
University,Kothrud,0,2,2,1638,13398,0,29.446153846153845,0.0,0
University,Kothrud,6,2,0,1070,8629,0,29.03214953271028,0.0,1
University,Kothrud,6,2,1,1193,10430,0,31.473595976529754,0.0,0
University,Kothrud,6,2,2,1660,13398,0,29.05590361445783,0.0,0
University,Kothrud,8,2,0,1238,8629,0,25.09240710823909,0.0,1
University,Kothrud,8,2,1,1389,10430,0,27.032397408207345,0.0,0
University,Kothrud,8,2,2,1847,13398,0,26.114131023280997,0.0,0
University,Kothrud,10,2,0,1359,8629,0,22.85827814569536,0.0,1
University,Kothrud,10,2,1,1563,10430,0,24.023032629558543,0.0,0
University,Kothrud,10,2,2,1961,13398,0,24.59602243753187,0.0,0
University,Kothrud,12,2,0,1481,8629,0,20.975286968264683,0.0,1
University,Kothrud,12,2,1,1760,10430,0,21.33409090909091,0.0,0
University,Kothrud,12,2,2,2045,13398,0,23.585721271393645,0.0,0
University,Kothrud,14,2,0,1385,8629,0,22.42916967509025,0.0,1
University,Kothrud,14,2,1,1696,10430,0,22.139150943396228,0.0,0
University,Kothrud,14,2,2,1881,13398,0,25.64210526315789,0.0,0
University,Kothrud,16,2,0,1416,8629,0,21.938135593220338,0.0,1
University,Kothrud,16,2,1,1773,10430,0,21.17766497461929,0.0,0
University,Kothrud,16,2,2,1928,13398,0,25.01701244813278,0.0,0
University,Kothrud,18,2,0,1737,8629,0,17.883937823834195,0.0,1
University,Kothrud,18,2,1,2001,10430,0,18.764617691154424,0.0,0
University,Kothrud,18,2,2,2260,13398,0,21.34194690265487,0.0,0
University,Kothrud,20,2,0,1487,8629,0,20.8906523201076,0.0,1
University,Kothrud,20,2,1,1642,10430,0,22.86723507917174,0.0,0
University,Kothrud,20,2,2,2049,13398,0,23.539677891654463,0.0,0
University,Kothrud,22,2,0,1054,8629,0,29.47286527514231,0.0,1
University,Kothrud,22,2,1,1173,10430,0,32.010230179028135,0.0,0
University,Kothrud,22,2,2,1638,13398,0,29.446153846153845,0.0,0
University,Kothrud,0,3,0,1053,8629,0,29.500854700854703,0.0,1
University,Kothrud,0,3,1,1173,10430,0,32.010230179028135,0.0,0
University,Kothrud,0,3,2,1638,13398,0,29.446153846153845,0.0,0
University,Kothrud,6,3,0,1069,8629,0,29.059307764265665,0.0,1
University,Kothrud,6,3,1,1193,10430,0,31.473595976529754,0.0,0
University,Kothrud,6,3,2,1659,13398,0,29.073417721518982,0.0,0
University,Kothrud,8,3,0,1203,8629,0,25.822443890274315,0.0,1
University,Kothrud,8,3,1,1351,10430,0,27.79274611398964,0.0,0
University,Kothrud,8,3,2,1829,13398,0,26.37113176599234,0.0,0
University,Kothrud,10,3,0,1333,8629,0,23.30412603150788,0.0,1
University,Kothrud,10,3,1,1553,10430,0,24.177720540888604,0.0,0
University,Kothrud,10,3,2,1952,13398,0,24.709426229508196,0.0,0
University,Kothrud,12,3,0,1489,8629,0,20.86259234385493,0.0,1
University,Kothrud,12,3,1,1811,10430,0,20.73329652125897,0.0,0
University,Kothrud,12,3,2,2090,13398,0,23.077894736842104,0.0,0
University,Kothrud,14,3,0,1459,8629,0,21.291569568197392,0.0,1
University,Kothrud,14,3,1,1816,10430,0,20.676211453744493,0.0,0
University,Kothrud,14,3,2,1964,13398,0,24.55845213849287,0.0,0
University,Kothrud,16,3,0,1484,8629,0,20.93288409703504,0.0,1
University,Kothrud,16,3,1,1860,10430,0,20.187096774193545,0.0,0
University,Kothrud,16,3,2,1967,13398,0,24.520996441281135,0.0,0
University,Kothrud,18,3,0,1604,8629,0,19.366832917705736,0.0,1
University,Kothrud,18,3,1,1890,10430,0,19.866666666666664,0.0,0
University,Kothrud,18,3,2,2203,13398,0,21.894144348615526,0.0,0
University,Kothrud,20,3,0,1414,8629,0,21.969165487977367,0.0,1
University,Kothrud,20,3,1,1600,10430,0,23.4675,0.0,0
University,Kothrud,20,3,2,2066,13398,0,23.3459825750242,0.0,0
University,Kothrud,22,3,0,1053,8629,0,29.500854700854703,0.0,1
University,Kothrud,22,3,1,1173,10430,0,32.010230179028135,0.0,0
University,Kothrud,22,3,2,1638,13398,0,29.446153846153845,0.0,0
University,Kothrud,0,4,0,1053,8629,0,29.500854700854703,0.0,1
University,Kothrud,0,4,1,1173,10430,0,32.010230179028135,0.0,0
University,Kothrud,0,4,2,1638,13398,0,29.446153846153845,0.0,0
University,Kothrud,6,4,0,1066,8629,0,29.14108818011257,0.0,1
University,Kothrud,6,4,1,1189,10430,0,31.579478553406226,0.0,0
University,Kothrud,6,4,2,1652,13398,0,29.196610169491525,0.0,0
University,Kothrud,8,4,0,1151,8629,0,26.989052997393568,0.0,1
University,Kothrud,8,4,1,1301,10430,0,28.8608762490392,0.0,0
University,Kothrud,8,4,2,1767,13398,0,27.29643463497453,0.0,0
University,Kothrud,10,4,0,1193,8629,0,26.03889354568315,0.0,1
University,Kothrud,10,4,1,1384,10430,0,27.13005780346821,0.0,0
University,Kothrud,10,4,2,1809,13398,0,26.662686567164183,0.0,0
University,Kothrud,12,4,0,1284,8629,0,24.19345794392523,0.0,1
University,Kothrud,12,4,1,1528,10430,0,24.57329842931937,0.0,0
University,Kothrud,12,4,2,1882,13398,0,25.62848034006376,0.0,0
University,Kothrud,14,4,0,1302,8629,0,23.85898617511521,0.0,1
University,Kothrud,14,4,1,1549,10430,0,24.24015493867011,0.0,0
University,Kothrud,14,4,2,1820,13398,0,26.501538461538463,0.0,0
University,Kothrud,16,4,0,1306,8629,0,23.78591117917305,0.0,1
University,Kothrud,16,4,1,1573,10430,0,23.87031150667514,0.0,0
University,Kothrud,16,4,2,1821,13398,0,26.486985172981875,0.0,0
University,Kothrud,18,4,0,1372,8629,0,22.641690962099123,0.0,1
University,Kothrud,18,4,1,1629,10430,0,23.04972375690608,0.0,0
University,Kothrud,18,4,2,1951,13398,0,24.722091235263967,0.0,0
University,Kothrud,20,4,0,1298,8629,0,23.932511556240367,0.0,1
University,Kothrud,20,4,1,1472,10430,0,25.508152173913043,0.0,0
University,Kothrud,20,4,2,1903,13398,0,25.34566473988439,0.0,0
University,Kothrud,22,4,0,1053,8629,0,29.500854700854703,0.0,1
University,Kothrud,22,4,1,1173,10430,0,32.010230179028135,0.0,0
University,Kothrud,22,4,2,1638,13398,0,29.446153846153845,0.0,0
University,Kothrud,0,5,0,1054,8629,0,29.47286527514231,0.0,1
University,Kothrud,0,5,1,1173,10430,0,32.010230179028135,0.0,0
University,Kothrud,0,5,2,1638,13398,0,29.446153846153845,0.0,0
University,Kothrud,6,5,0,1071,8629,0,29.005042016806723,0.0,1
University,Kothrud,6,5,1,1194,10430,0,31.44723618090452,0.0,0
University,Kothrud,6,5,2,1661,13398,0,29.038410596026488,0.0,0
University,Kothrud,8,5,0,1237,8629,0,25.11269199676637,0.0,1
University,Kothrud,8,5,1,1403,10430,0,26.762651461154665,0.0,0
University,Kothrud,8,5,2,1844,13398,0,26.15661605206073,0.0,0
University,Kothrud,10,5,0,1358,8629,0,22.875110456553752,0.0,1
University,Kothrud,10,5,1,1575,10430,0,23.84,0.0,0
University,Kothrud,10,5,2,1962,13398,0,24.583486238532107,0.0,0
University,Kothrud,12,5,0,1481,8629,0,20.975286968264683,0.0,1
University,Kothrud,12,5,1,1725,10430,0,21.76695652173913,0.0,0
University,Kothrud,12,5,2,2041,13398,0,23.631945124938756,0.0,0
University,Kothrud,14,5,0,1386,8629,0,22.41298701298701,0.0,1
University,Kothrud,14,5,1,1619,10430,0,23.192093885114268,0.0,0
University,Kothrud,14,5,2,1863,13398,0,25.88985507246377,0.0,0
University,Kothrud,16,5,0,1395,8629,0,22.26838709677419,0.0,1
University,Kothrud,16,5,1,1701,10430,0,22.07407407407408,0.0,0
University,Kothrud,16,5,2,1909,13398,0,25.26600314300681,0.0,0
University,Kothrud,18,5,0,1657,8629,0,18.747374773687387,0.0,1
University,Kothrud,18,5,1,1944,10430,0,19.314814814814813,0.0,0
University,Kothrud,18,5,2,2231,13398,0,21.61936351411923,0.0,0
University,Kothrud,20,5,0,1453,8629,0,21.379490708878183,0.0,1
University,Kothrud,20,5,1,1607,10430,0,23.365276913503426,0.0,0
University,Kothrud,20,5,2,2036,13398,0,23.68998035363457,0.0,0
University,Kothrud,22,5,0,1054,8629,0,29.47286527514231,0.0,1
University,Kothrud,22,5,1,1173,10430,0,32.010230179028135,0.0,0
University,Kothrud,22,5,2,1638,13398,0,29.446153846153845,0.0,0
University,Kothrud,0,6,0,1054,8629,0,29.47286527514231,0.0,1
University,Kothrud,0,6,1,1173,10430,0,32.010230179028135,0.0,0
University,Kothrud,0,6,2,1638,13398,0,29.446153846153845,0.0,0
University,Kothrud,6,6,0,1071,8629,0,29.005042016806723,0.0,1
University,Kothrud,6,6,1,1194,10430,0,31.44723618090452,0.0,0
University,Kothrud,6,6,2,1661,13398,0,29.038410596026488,0.0,0
University,Kothrud,8,6,0,1246,8629,0,24.931300160513644,0.0,1
University,Kothrud,8,6,1,1418,10430,0,26.479548660084625,0.0,0
University,Kothrud,8,6,2,1864,13398,0,25.87596566523605,0.0,0
University,Kothrud,10,6,0,1394,8629,0,22.284361549497845,0.0,1
University,Kothrud,10,6,1,1620,10430,0,23.177777777777777,0.0,0
University,Kothrud,10,6,2,2003,13398,0,24.080279580629053,0.0,0
University,Kothrud,12,6,0,1518,8629,0,20.46403162055336,0.0,1
University,Kothrud,12,6,1,1790,10430,0,20.97653631284916,0.0,0
University,Kothrud,12,6,2,2080,13398,0,23.18884615384616,0.0,0
University,Kothrud,14,6,0,1394,8629,0,22.284361549497845,0.0,1
University,Kothrud,14,6,1,1657,10430,0,22.660229330114664,0.0,0
University,Kothrud,14,6,2,1879,13398,0,25.669398616285257,0.0,0
University,Kothrud,16,6,0,1406,8629,0,22.09416785206259,0.0,1
University,Kothrud,16,6,1,1731,10430,0,21.69150779896014,0.0,0
University,Kothrud,16,6,2,1933,13398,0,24.952302121055357,0.0,0
University,Kothrud,18,6,0,1684,8629,0,18.446793349168644,0.0,1
University,Kothrud,18,6,1,1969,10430,0,19.06957846622651,0.0,0
University,Kothrud,18,6,2,2289,13398,0,21.071559633027523,0.0,0
University,Kothrud,20,6,0,1472,8629,0,21.10353260869565,0.0,1
University,Kothrud,20,6,1,1625,10430,0,23.106461538461534,0.0,0
University,Kothrud,20,6,2,2064,13398,0,23.36860465116279,0.0,0
University,Kothrud,22,6,0,1054,8629,0,29.47286527514231,0.0,1
University,Kothrud,22,6,1,1173,10430,0,32.010230179028135,0.0,0
University,Kothrud,22,6,2,1638,13398,0,29.446153846153845,0.0,0
University,Hadapsar,0,0,0,1808,14848,0,29.564601769911505,0.0,1
University,Hadapsar,0,0,1,1939,16141,0,29.967818463125315,0.0,0
University,Hadapsar,0,0,2,2078,15410,0,26.69682386910491,0.0,0
University,Hadapsar,6,0,0,1847,14848,0,28.94033567948024,0.0,1
University,Hadapsar,6,0,1,1984,16141,0,29.288104838709675,0.0,0
University,Hadapsar,6,0,2,2128,15410,0,26.06954887218045,0.0,0
University,Hadapsar,8,0,0,2207,14430,0,23.53783416402356,0.0,1
University,Hadapsar,8,0,1,2384,16141,0,24.3739932885906,0.0,0
University,Hadapsar,8,0,2,2547,15875,0,22.43816254416961,0.0,0
University,Hadapsar,10,0,0,2382,14430,0,21.808564231738035,0.0,1
University,Hadapsar,10,0,1,2591,16141,0,22.42670783481281,0.0,0
University,Hadapsar,10,0,2,2758,15410,0,20.1145757795504,0.0,0
University,Hadapsar,12,0,0,2523,14430,0,20.589774078478,0.0,1
University,Hadapsar,12,0,1,2697,16141,0,21.54527252502781,0.0,0
University,Hadapsar,12,0,2,2861,15410,0,19.390422929045787,0.0,0
University,Hadapsar,14,0,0,2327,15915,0,24.62140094542329,0.0,0
University,Hadapsar,14,0,1,2306,14714,0,22.970685169124025,0.0,1
University,Hadapsar,14,0,2,2555,17139,0,24.14888454011741,0.0,0
University,Hadapsar,16,0,0,2475,14714,0,21.40218181818182,0.0,1
University,Hadapsar,16,0,1,2656,16141,0,21.87786144578313,0.0,0
University,Hadapsar,16,0,2,2662,14975,0,20.25169045830203,0.0,0
University,Hadapsar,18,0,0,2838,14430,0,18.30443974630021,0.0,1
University,Hadapsar,18,0,1,3203,16141,0,18.14161723384327,0.0,0
University,Hadapsar,18,0,2,3208,15410,0,17.293017456359102,0.0,0
University,Hadapsar,20,0,0,2374,14430,0,21.88205560235889,0.0,1
University,Hadapsar,20,0,1,2557,16141,0,22.72491200625733,0.0,0
University,Hadapsar,20,0,2,2611,15410,0,21.24703178858675,0.0,0
University,Hadapsar,22,0,0,1808,14848,0,29.564601769911505,0.0,1
University,Hadapsar,22,0,1,1939,16141,0,29.967818463125315,0.0,0
University,Hadapsar,22,0,2,2078,15410,0,26.69682386910491,0.0,0
University,Hadapsar,0,1,0,1808,14848,0,29.564601769911505,0.0,1
University,Hadapsar,0,1,1,1939,16141,0,29.967818463125315,0.0,0
University,Hadapsar,0,1,2,2078,15410,0,26.69682386910491,0.0,0
University,Hadapsar,6,1,0,1848,14848,0,28.924675324675327,0.0,1
University,Hadapsar,6,1,1,1984,16141,0,29.288104838709675,0.0,0
University,Hadapsar,6,1,2,2126,15410,0,26.094073377234245,0.0,0
University,Hadapsar,8,1,0,2149,14430,0,24.17310376919497,0.0,1
University,Hadapsar,8,1,1,2343,16141,0,24.80051216389244,0.0,0
University,Hadapsar,8,1,2,2486,15875,0,22.988736926790025,0.0,0
University,Hadapsar,10,1,0,2336,14430,0,22.238013698630137,0.0,1
University,Hadapsar,10,1,1,2545,16141,0,22.83206286836935,0.0,0
University,Hadapsar,10,1,2,2689,15410,0,20.630717738936408,0.0,0
University,Hadapsar,12,1,0,2526,15915,0,22.68171021377672,0.0,1
University,Hadapsar,12,1,1,2530,14430,0,20.532806324110677,0.0,0
University,Hadapsar,12,1,2,2811,17139,0,21.949626467449303,0.0,0
University,Hadapsar,14,1,0,2309,15915,0,24.81333910783889,0.0,1
University,Hadapsar,14,1,1,2347,14714,0,22.569407754580315,0.0,0
University,Hadapsar,14,1,2,2541,17139,0,24.28193624557261,0.0,0
University,Hadapsar,16,1,0,2465,15915,0,23.24300202839757,0.0,0
University,Hadapsar,16,1,1,2444,14714,0,21.67364975450082,0.0,1
University,Hadapsar,16,1,2,2675,17139,0,23.065570093457943,0.0,0
University,Hadapsar,18,1,0,2694,14430,0,19.282850779510024,0.0,1
University,Hadapsar,18,1,1,3010,16141,0,19.30485049833887,0.0,0
University,Hadapsar,18,1,2,3067,15410,0,18.08803390935768,0.0,0
University,Hadapsar,20,1,0,2332,14430,0,22.27615780445969,0.0,1
University,Hadapsar,20,1,1,2503,16141,0,23.21518178186176,0.0,0
University,Hadapsar,20,1,2,2600,15410,0,21.33692307692308,0.0,0
University,Hadapsar,22,1,0,1808,14848,0,29.564601769911505,0.0,1
University,Hadapsar,22,1,1,1939,16141,0,29.967818463125315,0.0,0
University,Hadapsar,22,1,2,2078,15410,0,26.69682386910491,0.0,0
University,Hadapsar,0,2,0,1808,14848,0,29.564601769911505,0.0,1
University,Hadapsar,0,2,1,1939,16141,0,29.967818463125315,0.0,0
University,Hadapsar,0,2,2,2078,15410,0,26.69682386910491,0.0,0
University,Hadapsar,6,2,0,1848,14848,0,28.924675324675327,0.0,1
University,Hadapsar,6,2,1,1985,16141,0,29.273350125944575,0.0,0
University,Hadapsar,6,2,2,2124,15410,0,26.118644067796613,0.0,0
University,Hadapsar,8,2,0,2194,15915,0,26.11394712853236,0.0,1
University,Hadapsar,8,2,1,2204,14848,0,24.25263157894737,0.0,0
University,Hadapsar,8,2,2,2435,17139,0,25.338973305954823,0.0,0
University,Hadapsar,10,2,0,2301,14430,0,22.57627118644068,0.0,1
University,Hadapsar,10,2,1,2491,16141,0,23.327017262143716,0.0,0
University,Hadapsar,10,2,2,2602,15410,0,21.32052267486549,0.0,0
University,Hadapsar,12,2,0,2471,15915,0,23.186564144071223,0.0,0
University,Hadapsar,12,2,1,2437,14714,0,21.735904800984816,0.0,1
University,Hadapsar,12,2,2,2731,17139,0,22.59260344196265,0.0,0
University,Hadapsar,14,2,0,2330,15915,0,24.589699570815448,0.0,0
University,Hadapsar,14,2,1,2301,14714,0,23.020599739243806,0.0,1
University,Hadapsar,14,2,2,2548,17139,0,24.215227629513343,0.0,0
University,Hadapsar,16,2,0,2467,14714,0,21.47158492095663,0.0,1
University,Hadapsar,16,2,1,2642,16141,0,21.99379258137774,0.0,0
University,Hadapsar,16,2,2,2836,15406,0,19.556276445698167,0.0,0
University,Hadapsar,18,2,0,2803,14430,0,18.533000356760613,0.0,1
University,Hadapsar,18,2,1,3104,15134,0,17.552319587628865,0.0,0
University,Hadapsar,18,2,2,3171,15410,0,17.494796594134343,0.0,0
University,Hadapsar,20,2,0,2353,14430,0,22.07734806629834,0.0,1
University,Hadapsar,20,2,1,2544,16141,0,22.841037735849053,0.0,0
University,Hadapsar,20,2,2,2618,15410,0,21.19022154316272,0.0,0
University,Hadapsar,22,2,0,1808,14848,0,29.564601769911505,0.0,1
University,Hadapsar,22,2,1,1939,16141,0,29.967818463125315,0.0,0
University,Hadapsar,22,2,2,2078,15410,0,26.69682386910491,0.0,0
University,Hadapsar,0,3,0,1808,14848,0,29.564601769911505,0.0,1
University,Hadapsar,0,3,1,1939,16141,0,29.967818463125315,0.0,0
University,Hadapsar,0,3,2,2078,15410,0,26.69682386910491,0.0,0
University,Hadapsar,6,3,0,1841,14848,0,29.034655078761546,0.0,1
University,Hadapsar,6,3,1,1971,16141,0,29.481278538812784,0.0,0
University,Hadapsar,6,3,2,2112,15410,0,26.267045454545453,0.0,0
University,Hadapsar,8,3,0,1973,15915,0,29.03902686264572,0.0,1
University,Hadapsar,8,3,1,2070,14848,0,25.82260869565218,0.0,0
University,Hadapsar,8,3,2,2235,17139,0,27.60644295302013,0.0,0
University,Hadapsar,10,3,0,2092,15915,0,27.38718929254302,0.0,1
University,Hadapsar,10,3,1,2148,14430,0,24.18435754189944,0.0,0
University,Hadapsar,10,3,2,2327,17139,0,26.5149978513107,0.0,0
University,Hadapsar,12,3,0,2275,15915,0,25.184175824175824,0.0,1
University,Hadapsar,12,3,1,2357,14430,0,22.03988120492151,0.0,0
University,Hadapsar,12,3,2,2475,17139,0,24.929454545454544,0.0,0
University,Hadapsar,14,3,0,2350,15915,0,24.38042553191489,0.0,1
University,Hadapsar,14,3,1,2392,14714,0,22.144816053511708,0.0,0
University,Hadapsar,14,3,2,2502,17139,0,24.66043165467626,0.0,0
University,Hadapsar,16,3,0,2468,15915,0,23.21474878444084,0.0,1
University,Hadapsar,16,3,1,2546,14714,0,20.805341712490183,0.0,0
University,Hadapsar,16,3,2,2582,17139,0,23.896359411309064,0.0,0
University,Hadapsar,18,3,0,2593,15915,0,22.09564211338218,0.0,1
University,Hadapsar,18,3,1,2637,14430,0,19.69965870307167,0.0,0
University,Hadapsar,18,3,2,2730,17139,0,22.60087912087912,0.0,0
University,Hadapsar,20,3,0,2244,15915,0,25.532085561497325,0.0,1
University,Hadapsar,20,3,1,2291,15132,0,23.77791357485814,0.0,0
University,Hadapsar,20,3,2,2452,17139,0,25.163295269168025,0.0,0
University,Hadapsar,22,3,0,1808,14848,0,29.564601769911505,0.0,1
University,Hadapsar,22,3,1,1939,16141,0,29.967818463125315,0.0,0
University,Hadapsar,22,3,2,2078,15410,0,26.69682386910491,0.0,0
University,Hadapsar,0,4,0,1808,14848,0,29.564601769911505,0.0,1
University,Hadapsar,0,4,1,1939,16141,0,29.967818463125315,0.0,0
University,Hadapsar,0,4,2,2078,15410,0,26.69682386910491,0.0,0
University,Hadapsar,6,4,0,1834,14848,0,29.145474372955288,0.0,1
University,Hadapsar,6,4,1,1963,16141,0,29.601426388181352,0.0,0
University,Hadapsar,6,4,2,2104,15410,0,26.366920152091257,0.0,0
University,Hadapsar,8,4,0,1937,15915,0,29.578729994837374,0.0,1
University,Hadapsar,8,4,1,1963,14848,0,27.230157921548653,0.0,0
University,Hadapsar,8,4,2,2173,17201,0,28.496824666359878,0.0,0
University,Hadapsar,10,4,0,1974,15915,0,29.02431610942249,0.0,1
University,Hadapsar,10,4,1,2035,14848,0,26.266732186732188,0.0,0
University,Hadapsar,10,4,2,2209,17201,0,28.032412856496155,0.0,0
University,Hadapsar,12,4,0,2076,15915,0,27.598265895953755,0.0,1
University,Hadapsar,12,4,1,2148,14848,0,24.88491620111732,0.0,0
University,Hadapsar,12,4,2,2304,17201,0,26.8765625,0.0,0
University,Hadapsar,14,4,0,2117,15915,0,27.063769485120453,0.0,1
University,Hadapsar,14,4,1,2136,14430,0,24.32022471910112,0.0,0
University,Hadapsar,14,4,2,2336,17201,0,26.508390410958903,0.0,0
University,Hadapsar,16,4,0,2198,15915,0,26.066424021838035,0.0,1
University,Hadapsar,16,4,1,2207,14430,0,23.53783416402356,0.0,0
University,Hadapsar,16,4,2,2387,17201,0,25.94201927105153,0.0,0
University,Hadapsar,18,4,0,2255,14430,0,23.03680709534368,0.0,1
University,Hadapsar,18,4,1,2420,16141,0,24.01140495867768,0.0,0
University,Hadapsar,18,4,2,2516,15875,0,22.714626391096974,0.0,0
University,Hadapsar,20,4,0,2107,15915,0,27.1922164214523,0.0,1
University,Hadapsar,20,4,1,2114,14848,0,25.285146641438036,0.0,0
University,Hadapsar,20,4,2,2305,17139,0,26.768069414316702,0.0,0
University,Hadapsar,22,4,0,1808,14848,0,29.564601769911505,0.0,1
University,Hadapsar,22,4,1,1939,16141,0,29.967818463125315,0.0,0
University,Hadapsar,22,4,2,2078,15410,0,26.69682386910491,0.0,0
University,Hadapsar,0,5,0,1808,14848,0,29.564601769911505,0.0,1
University,Hadapsar,0,5,1,1939,16141,0,29.967818463125315,0.0,0
University,Hadapsar,0,5,2,2078,15410,0,26.69682386910491,0.0,0
University,Hadapsar,6,5,0,1849,14848,0,28.90903190914008,0.0,1
University,Hadapsar,6,5,1,1982,16141,0,29.317658930373355,0.0,0
University,Hadapsar,6,5,2,2128,15410,0,26.06954887218045,0.0,0
University,Hadapsar,8,5,0,2139,14430,0,24.286115007012626,0.0,1
University,Hadapsar,8,5,1,2345,16141,0,24.77936034115138,0.0,0
University,Hadapsar,8,5,2,2490,15875,0,22.951807228915666,0.0,0
University,Hadapsar,10,5,0,2371,15915,0,24.164487557992405,0.0,0
University,Hadapsar,10,5,1,2336,14430,0,22.238013698630137,0.0,1
University,Hadapsar,10,5,2,2659,17139,0,23.204362542309138,0.0,0
University,Hadapsar,12,5,0,2461,15915,0,23.28078017066233,0.0,1
University,Hadapsar,12,5,1,2514,14714,0,21.07016706443914,0.0,0
University,Hadapsar,12,5,2,2738,17139,0,22.53484295105917,0.0,0
University,Hadapsar,14,5,0,2219,15915,0,25.81973862100045,0.0,1
University,Hadapsar,14,5,1,2337,14714,0,22.66598202824133,0.0,0
University,Hadapsar,14,5,2,2454,17139,0,25.14278728606357,0.0,0
University,Hadapsar,16,5,0,2447,15915,0,23.41397629750715,0.0,1
University,Hadapsar,16,5,1,2467,14714,0,21.47158492095663,0.0,0
University,Hadapsar,16,5,2,2630,17139,0,23.46022813688213,0.0,0
University,Hadapsar,18,5,0,2747,14430,0,18.91081179468511,0.0,1
University,Hadapsar,18,5,1,3058,16141,0,19.001831262262915,0.0,0
University,Hadapsar,18,5,2,3104,15410,0,17.87242268041237,0.0,0
University,Hadapsar,20,5,0,2327,14430,0,22.324022346368714,0.0,1
University,Hadapsar,20,5,1,2518,16141,0,23.076886417791897,0.0,0
University,Hadapsar,20,5,2,2599,15410,0,21.345132743362832,0.0,0
University,Hadapsar,22,5,0,1808,14848,0,29.564601769911505,0.0,1
University,Hadapsar,22,5,1,1939,16141,0,29.967818463125315,0.0,0
University,Hadapsar,22,5,2,2078,15410,0,26.69682386910491,0.0,0
University,Hadapsar,0,6,0,1808,14848,0,29.564601769911505,0.0,1
University,Hadapsar,0,6,1,1939,16141,0,29.967818463125315,0.0,0
University,Hadapsar,0,6,2,2078,15410,0,26.69682386910491,0.0,0
University,Hadapsar,6,6,0,1847,14848,0,28.94033567948024,0.0,1
University,Hadapsar,6,6,1,1985,16141,0,29.273350125944575,0.0,0
University,Hadapsar,6,6,2,2127,15410,0,26.08180535966149,0.0,0
University,Hadapsar,8,6,0,2194,14765,0,24.226982680036464,0.0,1
University,Hadapsar,8,6,1,2377,16141,0,24.44577198148927,0.0,0
University,Hadapsar,8,6,2,2320,15388,0,23.87793103448276,0.0,0
University,Hadapsar,10,6,0,2420,14765,0,21.964462809917357,0.0,1
University,Hadapsar,10,6,1,2618,16079,0,22.11016042780749,0.0,0
University,Hadapsar,10,6,2,2783,15410,0,19.93388429752066,0.0,0
University,Hadapsar,12,6,0,2588,15915,0,22.13833075734157,0.0,0
University,Hadapsar,12,6,1,2556,14714,0,20.723943661971838,0.0,1
University,Hadapsar,12,6,2,2895,17139,0,21.31274611398964,0.0,0
University,Hadapsar,14,6,0,2306,15915,0,24.84562012142237,0.0,0
University,Hadapsar,14,6,1,2276,14714,0,23.273462214411246,0.0,1
University,Hadapsar,14,6,2,2528,17139,0,24.40680379746836,0.0,0
University,Hadapsar,16,6,0,2425,14714,0,21.84346391752577,0.0,1
University,Hadapsar,16,6,1,2607,16141,0,22.289067894131183,0.0,0
University,Hadapsar,16,6,2,2845,15406,0,19.494411247803164,0.0,0
University,Hadapsar,18,6,0,2802,14430,0,18.53961456102784,0.0,1
University,Hadapsar,18,6,1,3141,16079,0,18.42865329512894,0.0,0
University,Hadapsar,18,6,2,3121,15410,0,17.775072092278116,0.0,0
University,Hadapsar,20,6,0,2359,14430,0,22.021195421788896,0.0,1
University,Hadapsar,20,6,1,2540,16141,0,22.877007874015742,0.0,0
University,Hadapsar,20,6,2,2576,15410,0,21.53571428571429,0.0,0
University,Hadapsar,22,6,0,1808,14848,0,29.564601769911505,0.0,1
University,Hadapsar,22,6,1,1939,16141,0,29.967818463125315,0.0,0
University,Hadapsar,22,6,2,2078,15410,0,26.69682386910491,0.0,0
University,Hadapsar,0,0,0,1808,14848,0,29.564601769911505,0.0,1
University,Hadapsar,0,0,1,1939,16141,0,29.967818463125315,0.0,0
University,Hadapsar,0,0,2,2078,15410,0,26.69682386910491,0.0,0
University,Hadapsar,6,0,0,1847,14848,0,28.94033567948024,0.0,1
University,Hadapsar,6,0,1,1984,16141,0,29.288104838709675,0.0,0
University,Hadapsar,6,0,2,2128,15410,0,26.06954887218045,0.0,0
University,Hadapsar,8,0,0,2207,14430,0,23.53783416402356,0.0,1
University,Hadapsar,8,0,1,2384,16141,0,24.3739932885906,0.0,0
University,Hadapsar,8,0,2,2547,15875,0,22.43816254416961,0.0,0
University,Hadapsar,10,0,0,2382,14430,0,21.808564231738035,0.0,1
University,Hadapsar,10,0,1,2591,16141,0,22.42670783481281,0.0,0
University,Hadapsar,10,0,2,2758,15410,0,20.1145757795504,0.0,0
University,Hadapsar,12,0,0,2523,14430,0,20.589774078478,0.0,1
University,Hadapsar,12,0,1,2697,16141,0,21.54527252502781,0.0,0
University,Hadapsar,12,0,2,2861,15410,0,19.390422929045787,0.0,0
University,Hadapsar,14,0,0,2327,15915,0,24.62140094542329,0.0,0
University,Hadapsar,14,0,1,2306,14714,0,22.970685169124025,0.0,1
University,Hadapsar,14,0,2,2555,17139,0,24.14888454011741,0.0,0
University,Hadapsar,16,0,0,2475,14714,0,21.40218181818182,0.0,1
University,Hadapsar,16,0,1,2656,16141,0,21.87786144578313,0.0,0
University,Hadapsar,16,0,2,2662,14975,0,20.25169045830203,0.0,0
University,Hadapsar,18,0,0,2838,14430,0,18.30443974630021,0.0,1
University,Hadapsar,18,0,1,3203,16141,0,18.14161723384327,0.0,0
University,Hadapsar,18,0,2,3208,15410,0,17.293017456359102,0.0,0
University,Hadapsar,20,0,0,2374,14430,0,21.88205560235889,0.0,1
University,Hadapsar,20,0,1,2557,16141,0,22.72491200625733,0.0,0
University,Hadapsar,20,0,2,2611,15410,0,21.24703178858675,0.0,0
University,Hadapsar,22,0,0,1808,14848,0,29.564601769911505,0.0,1
University,Hadapsar,22,0,1,1939,16141,0,29.967818463125315,0.0,0
University,Hadapsar,22,0,2,2078,15410,0,26.69682386910491,0.0,0
University,Hadapsar,0,1,0,1808,14848,0,29.564601769911505,0.0,1
University,Hadapsar,0,1,1,1939,16141,0,29.967818463125315,0.0,0
University,Hadapsar,0,1,2,2078,15410,0,26.69682386910491,0.0,0
University,Hadapsar,6,1,0,1848,14848,0,28.924675324675327,0.0,1
University,Hadapsar,6,1,1,1984,16141,0,29.288104838709675,0.0,0
University,Hadapsar,6,1,2,2126,15410,0,26.094073377234245,0.0,0
University,Hadapsar,8,1,0,2149,14430,0,24.17310376919497,0.0,1
University,Hadapsar,8,1,1,2343,16141,0,24.80051216389244,0.0,0
University,Hadapsar,8,1,2,2486,15875,0,22.988736926790025,0.0,0
University,Hadapsar,10,1,0,2336,14430,0,22.238013698630137,0.0,1
University,Hadapsar,10,1,1,2545,16141,0,22.83206286836935,0.0,0
University,Hadapsar,10,1,2,2689,15410,0,20.630717738936408,0.0,0
University,Hadapsar,12,1,0,2526,15915,0,22.68171021377672,0.0,1
University,Hadapsar,12,1,1,2530,14430,0,20.532806324110677,0.0,0
University,Hadapsar,12,1,2,2811,17139,0,21.949626467449303,0.0,0
University,Hadapsar,14,1,0,2309,15915,0,24.81333910783889,0.0,1
University,Hadapsar,14,1,1,2347,14714,0,22.569407754580315,0.0,0
University,Hadapsar,14,1,2,2541,17139,0,24.28193624557261,0.0,0
University,Hadapsar,16,1,0,2465,15915,0,23.24300202839757,0.0,0
University,Hadapsar,16,1,1,2444,14714,0,21.67364975450082,0.0,1
University,Hadapsar,16,1,2,2675,17139,0,23.065570093457943,0.0,0
University,Hadapsar,18,1,0,2694,14430,0,19.282850779510024,0.0,1
University,Hadapsar,18,1,1,3010,16141,0,19.30485049833887,0.0,0
University,Hadapsar,18,1,2,3067,15410,0,18.08803390935768,0.0,0
University,Hadapsar,20,1,0,2332,14430,0,22.27615780445969,0.0,1
University,Hadapsar,20,1,1,2503,16141,0,23.21518178186176,0.0,0
University,Hadapsar,20,1,2,2600,15410,0,21.33692307692308,0.0,0
University,Hadapsar,22,1,0,1808,14848,0,29.564601769911505,0.0,1
University,Hadapsar,22,1,1,1939,16141,0,29.967818463125315,0.0,0
University,Hadapsar,22,1,2,2078,15410,0,26.69682386910491,0.0,0
University,Hadapsar,0,2,0,1808,14848,0,29.564601769911505,0.0,1
University,Hadapsar,0,2,1,1939,16141,0,29.967818463125315,0.0,0
University,Hadapsar,0,2,2,2078,15410,0,26.69682386910491,0.0,0
University,Hadapsar,6,2,0,1848,14848,0,28.924675324675327,0.0,1
University,Hadapsar,6,2,1,1985,16141,0,29.273350125944575,0.0,0
University,Hadapsar,6,2,2,2124,15410,0,26.118644067796613,0.0,0
University,Hadapsar,8,2,0,2194,15915,0,26.11394712853236,0.0,1
University,Hadapsar,8,2,1,2204,14848,0,24.25263157894737,0.0,0
University,Hadapsar,8,2,2,2435,17139,0,25.338973305954823,0.0,0
University,Hadapsar,10,2,0,2301,14430,0,22.57627118644068,0.0,1
University,Hadapsar,10,2,1,2491,16141,0,23.327017262143716,0.0,0
University,Hadapsar,10,2,2,2602,15410,0,21.32052267486549,0.0,0
University,Hadapsar,12,2,0,2471,15915,0,23.186564144071223,0.0,0
University,Hadapsar,12,2,1,2437,14714,0,21.735904800984816,0.0,1
University,Hadapsar,12,2,2,2731,17139,0,22.59260344196265,0.0,0
University,Hadapsar,14,2,0,2330,15915,0,24.589699570815448,0.0,0
University,Hadapsar,14,2,1,2301,14714,0,23.020599739243806,0.0,1
University,Hadapsar,14,2,2,2548,17139,0,24.215227629513343,0.0,0
University,Hadapsar,16,2,0,2467,14714,0,21.47158492095663,0.0,1
University,Hadapsar,16,2,1,2642,16141,0,21.99379258137774,0.0,0
University,Hadapsar,16,2,2,2836,15406,0,19.556276445698167,0.0,0
University,Hadapsar,18,2,0,2803,14430,0,18.533000356760613,0.0,1
University,Hadapsar,18,2,1,3104,15134,0,17.552319587628865,0.0,0
University,Hadapsar,18,2,2,3171,15410,0,17.494796594134343,0.0,0
University,Hadapsar,20,2,0,2353,14430,0,22.07734806629834,0.0,1
University,Hadapsar,20,2,1,2544,16141,0,22.841037735849053,0.0,0
University,Hadapsar,20,2,2,2618,15410,0,21.19022154316272,0.0,0
University,Hadapsar,22,2,0,1808,14848,0,29.564601769911505,0.0,1
University,Hadapsar,22,2,1,1939,16141,0,29.967818463125315,0.0,0
University,Hadapsar,22,2,2,2078,15410,0,26.69682386910491,0.0,0
University,Hadapsar,0,3,0,1808,14848,0,29.564601769911505,0.0,1
University,Hadapsar,0,3,1,1939,16141,0,29.967818463125315,0.0,0
University,Hadapsar,0,3,2,2078,15410,0,26.69682386910491,0.0,0
University,Hadapsar,6,3,0,1841,14848,0,29.034655078761546,0.0,1
University,Hadapsar,6,3,1,1971,16141,0,29.481278538812784,0.0,0
University,Hadapsar,6,3,2,2112,15410,0,26.267045454545453,0.0,0
University,Hadapsar,8,3,0,1973,15915,0,29.03902686264572,0.0,1
University,Hadapsar,8,3,1,2070,14848,0,25.82260869565218,0.0,0
University,Hadapsar,8,3,2,2235,17139,0,27.60644295302013,0.0,0
University,Hadapsar,10,3,0,2092,15915,0,27.38718929254302,0.0,1
University,Hadapsar,10,3,1,2148,14430,0,24.18435754189944,0.0,0
University,Hadapsar,10,3,2,2327,17139,0,26.5149978513107,0.0,0
University,Hadapsar,12,3,0,2275,15915,0,25.184175824175824,0.0,1
University,Hadapsar,12,3,1,2357,14430,0,22.03988120492151,0.0,0
University,Hadapsar,12,3,2,2475,17139,0,24.929454545454544,0.0,0
University,Hadapsar,14,3,0,2350,15915,0,24.38042553191489,0.0,1
University,Hadapsar,14,3,1,2392,14714,0,22.144816053511708,0.0,0
University,Hadapsar,14,3,2,2502,17139,0,24.66043165467626,0.0,0
University,Hadapsar,16,3,0,2468,15915,0,23.21474878444084,0.0,1
University,Hadapsar,16,3,1,2546,14714,0,20.805341712490183,0.0,0
University,Hadapsar,16,3,2,2582,17139,0,23.896359411309064,0.0,0
University,Hadapsar,18,3,0,2593,15915,0,22.09564211338218,0.0,1
University,Hadapsar,18,3,1,2637,14430,0,19.69965870307167,0.0,0
University,Hadapsar,18,3,2,2730,17139,0,22.60087912087912,0.0,0
University,Hadapsar,20,3,0,2244,15915,0,25.532085561497325,0.0,1
University,Hadapsar,20,3,1,2291,15132,0,23.77791357485814,0.0,0
University,Hadapsar,20,3,2,2452,17139,0,25.163295269168025,0.0,0
University,Hadapsar,22,3,0,1808,14848,0,29.564601769911505,0.0,1
University,Hadapsar,22,3,1,1939,16141,0,29.967818463125315,0.0,0
University,Hadapsar,22,3,2,2078,15410,0,26.69682386910491,0.0,0
University,Hadapsar,0,4,0,1808,14848,0,29.564601769911505,0.0,1
University,Hadapsar,0,4,1,1939,16141,0,29.967818463125315,0.0,0
University,Hadapsar,0,4,2,2078,15410,0,26.69682386910491,0.0,0
University,Hadapsar,6,4,0,1834,14848,0,29.145474372955288,0.0,1
University,Hadapsar,6,4,1,1963,16141,0,29.601426388181352,0.0,0
University,Hadapsar,6,4,2,2104,15410,0,26.366920152091257,0.0,0
University,Hadapsar,8,4,0,1937,15915,0,29.578729994837374,0.0,1
University,Hadapsar,8,4,1,1963,14848,0,27.230157921548653,0.0,0
University,Hadapsar,8,4,2,2173,17201,0,28.496824666359878,0.0,0
University,Hadapsar,10,4,0,1974,15915,0,29.02431610942249,0.0,1
University,Hadapsar,10,4,1,2035,14848,0,26.266732186732188,0.0,0
University,Hadapsar,10,4,2,2209,17201,0,28.032412856496155,0.0,0
University,Hadapsar,12,4,0,2076,15915,0,27.598265895953755,0.0,1
University,Hadapsar,12,4,1,2148,14848,0,24.88491620111732,0.0,0
University,Hadapsar,12,4,2,2304,17201,0,26.8765625,0.0,0
University,Hadapsar,14,4,0,2117,15915,0,27.063769485120453,0.0,1
University,Hadapsar,14,4,1,2136,14430,0,24.32022471910112,0.0,0
University,Hadapsar,14,4,2,2336,17201,0,26.508390410958903,0.0,0
University,Hadapsar,16,4,0,2198,15915,0,26.066424021838035,0.0,1
University,Hadapsar,16,4,1,2207,14430,0,23.53783416402356,0.0,0
University,Hadapsar,16,4,2,2387,17201,0,25.94201927105153,0.0,0
University,Hadapsar,18,4,0,2255,14430,0,23.03680709534368,0.0,1
University,Hadapsar,18,4,1,2420,16141,0,24.01140495867768,0.0,0
University,Hadapsar,18,4,2,2516,15875,0,22.714626391096974,0.0,0
University,Hadapsar,20,4,0,2107,15915,0,27.1922164214523,0.0,1
University,Hadapsar,20,4,1,2114,14848,0,25.285146641438036,0.0,0
University,Hadapsar,20,4,2,2305,17139,0,26.768069414316702,0.0,0
University,Hadapsar,22,4,0,1808,14848,0,29.564601769911505,0.0,1
University,Hadapsar,22,4,1,1939,16141,0,29.967818463125315,0.0,0
University,Hadapsar,22,4,2,2078,15410,0,26.69682386910491,0.0,0
University,Hadapsar,0,5,0,1808,14848,0,29.564601769911505,0.0,1
University,Hadapsar,0,5,1,1939,16141,0,29.967818463125315,0.0,0
University,Hadapsar,0,5,2,2078,15410,0,26.69682386910491,0.0,0
University,Hadapsar,6,5,0,1849,14848,0,28.90903190914008,0.0,1
University,Hadapsar,6,5,1,1982,16141,0,29.317658930373355,0.0,0
University,Hadapsar,6,5,2,2128,15410,0,26.06954887218045,0.0,0
University,Hadapsar,8,5,0,2139,14430,0,24.286115007012626,0.0,1
University,Hadapsar,8,5,1,2345,16141,0,24.77936034115138,0.0,0
University,Hadapsar,8,5,2,2490,15875,0,22.951807228915666,0.0,0
University,Hadapsar,10,5,0,2371,15915,0,24.164487557992405,0.0,0
University,Hadapsar,10,5,1,2336,14430,0,22.238013698630137,0.0,1
University,Hadapsar,10,5,2,2659,17139,0,23.204362542309138,0.0,0
University,Hadapsar,12,5,0,2461,15915,0,23.28078017066233,0.0,1
University,Hadapsar,12,5,1,2514,14714,0,21.07016706443914,0.0,0
University,Hadapsar,12,5,2,2738,17139,0,22.53484295105917,0.0,0
University,Hadapsar,14,5,0,2219,15915,0,25.81973862100045,0.0,1
University,Hadapsar,14,5,1,2337,14714,0,22.66598202824133,0.0,0
University,Hadapsar,14,5,2,2454,17139,0,25.14278728606357,0.0,0
University,Hadapsar,16,5,0,2447,15915,0,23.41397629750715,0.0,1
University,Hadapsar,16,5,1,2467,14714,0,21.47158492095663,0.0,0
University,Hadapsar,16,5,2,2630,17139,0,23.46022813688213,0.0,0
University,Hadapsar,18,5,0,2747,14430,0,18.91081179468511,0.0,1
University,Hadapsar,18,5,1,3058,16141,0,19.001831262262915,0.0,0
University,Hadapsar,18,5,2,3104,15410,0,17.87242268041237,0.0,0
University,Hadapsar,20,5,0,2327,14430,0,22.324022346368714,0.0,1
University,Hadapsar,20,5,1,2518,16141,0,23.076886417791897,0.0,0
University,Hadapsar,20,5,2,2599,15410,0,21.345132743362832,0.0,0
University,Hadapsar,22,5,0,1808,14848,0,29.564601769911505,0.0,1
University,Hadapsar,22,5,1,1939,16141,0,29.967818463125315,0.0,0
University,Hadapsar,22,5,2,2078,15410,0,26.69682386910491,0.0,0
University,Hadapsar,0,6,0,1808,14848,0,29.564601769911505,0.0,1
University,Hadapsar,0,6,1,1939,16141,0,29.967818463125315,0.0,0
University,Hadapsar,0,6,2,2078,15410,0,26.69682386910491,0.0,0
University,Hadapsar,6,6,0,1847,14848,0,28.94033567948024,0.0,1
University,Hadapsar,6,6,1,1985,16141,0,29.273350125944575,0.0,0
University,Hadapsar,6,6,2,2127,15410,0,26.08180535966149,0.0,0
University,Hadapsar,8,6,0,2194,14765,0,24.226982680036464,0.0,1
University,Hadapsar,8,6,1,2377,16141,0,24.44577198148927,0.0,0
University,Hadapsar,8,6,2,2320,15388,0,23.87793103448276,0.0,0
University,Hadapsar,10,6,0,2420,14765,0,21.964462809917357,0.0,1
University,Hadapsar,10,6,1,2618,16079,0,22.11016042780749,0.0,0
University,Hadapsar,10,6,2,2783,15410,0,19.93388429752066,0.0,0
University,Hadapsar,12,6,0,2588,15915,0,22.13833075734157,0.0,0
University,Hadapsar,12,6,1,2556,14714,0,20.723943661971838,0.0,1
University,Hadapsar,12,6,2,2895,17139,0,21.31274611398964,0.0,0
University,Hadapsar,14,6,0,2306,15915,0,24.84562012142237,0.0,0
University,Hadapsar,14,6,1,2276,14714,0,23.273462214411246,0.0,1
University,Hadapsar,14,6,2,2528,17139,0,24.40680379746836,0.0,0
University,Hadapsar,16,6,0,2425,14714,0,21.84346391752577,0.0,1
University,Hadapsar,16,6,1,2607,16141,0,22.289067894131183,0.0,0
University,Hadapsar,16,6,2,2845,15406,0,19.494411247803164,0.0,0
University,Hadapsar,18,6,0,2802,14430,0,18.53961456102784,0.0,1
University,Hadapsar,18,6,1,3141,16079,0,18.42865329512894,0.0,0
University,Hadapsar,18,6,2,3121,15410,0,17.775072092278116,0.0,0
University,Hadapsar,20,6,0,2359,14430,0,22.021195421788896,0.0,1
University,Hadapsar,20,6,1,2540,16141,0,22.877007874015742,0.0,0
University,Hadapsar,20,6,2,2576,15410,0,21.53571428571429,0.0,0
University,Hadapsar,22,6,0,1808,14848,0,29.564601769911505,0.0,1
University,Hadapsar,22,6,1,1939,16141,0,29.967818463125315,0.0,0
University,Hadapsar,22,6,2,2078,15410,0,26.69682386910491,0.0,0
University,Hadapsar,0,0,0,1808,14848,0,29.564601769911505,0.0,1
University,Hadapsar,0,0,1,1939,16141,0,29.967818463125315,0.0,0
University,Hadapsar,0,0,2,2078,15410,0,26.69682386910491,0.0,0
University,Hadapsar,6,0,0,1847,14848,0,28.94033567948024,0.0,1
University,Hadapsar,6,0,1,1984,16141,0,29.288104838709675,0.0,0
University,Hadapsar,6,0,2,2128,15410,0,26.06954887218045,0.0,0
University,Hadapsar,8,0,0,2207,14430,0,23.53783416402356,0.0,1
University,Hadapsar,8,0,1,2384,16141,0,24.3739932885906,0.0,0
University,Hadapsar,8,0,2,2547,15875,0,22.43816254416961,0.0,0
University,Hadapsar,10,0,0,2382,14430,0,21.808564231738035,0.0,1
University,Hadapsar,10,0,1,2591,16141,0,22.42670783481281,0.0,0
University,Hadapsar,10,0,2,2758,15410,0,20.1145757795504,0.0,0
University,Hadapsar,12,0,0,2523,14430,0,20.589774078478,0.0,1
University,Hadapsar,12,0,1,2697,16141,0,21.54527252502781,0.0,0
University,Hadapsar,12,0,2,2861,15410,0,19.390422929045787,0.0,0
University,Hadapsar,14,0,0,2327,15915,0,24.62140094542329,0.0,0
University,Hadapsar,14,0,1,2306,14714,0,22.970685169124025,0.0,1
University,Hadapsar,14,0,2,2555,17139,0,24.14888454011741,0.0,0
University,Hadapsar,16,0,0,2475,14714,0,21.40218181818182,0.0,1
University,Hadapsar,16,0,1,2656,16141,0,21.87786144578313,0.0,0
University,Hadapsar,16,0,2,2662,14975,0,20.25169045830203,0.0,0
University,Hadapsar,18,0,0,2838,14430,0,18.30443974630021,0.0,1
University,Hadapsar,18,0,1,3203,16141,0,18.14161723384327,0.0,0
University,Hadapsar,18,0,2,3208,15410,0,17.293017456359102,0.0,0
University,Hadapsar,20,0,0,2374,14430,0,21.88205560235889,0.0,1
University,Hadapsar,20,0,1,2557,16141,0,22.72491200625733,0.0,0
University,Hadapsar,20,0,2,2611,15410,0,21.24703178858675,0.0,0
University,Hadapsar,22,0,0,1808,14848,0,29.564601769911505,0.0,1
University,Hadapsar,22,0,1,1939,16141,0,29.967818463125315,0.0,0
University,Hadapsar,22,0,2,2078,15410,0,26.69682386910491,0.0,0
University,Hadapsar,0,1,0,1808,14848,0,29.564601769911505,0.0,1
University,Hadapsar,0,1,1,1939,16141,0,29.967818463125315,0.0,0
University,Hadapsar,0,1,2,2078,15410,0,26.69682386910491,0.0,0
University,Hadapsar,6,1,0,1848,14848,0,28.924675324675327,0.0,1
University,Hadapsar,6,1,1,1984,16141,0,29.288104838709675,0.0,0
University,Hadapsar,6,1,2,2126,15410,0,26.094073377234245,0.0,0
University,Hadapsar,8,1,0,2149,14430,0,24.17310376919497,0.0,1
University,Hadapsar,8,1,1,2343,16141,0,24.80051216389244,0.0,0
University,Hadapsar,8,1,2,2486,15875,0,22.988736926790025,0.0,0
University,Hadapsar,10,1,0,2336,14430,0,22.238013698630137,0.0,1
University,Hadapsar,10,1,1,2545,16141,0,22.83206286836935,0.0,0
University,Hadapsar,10,1,2,2689,15410,0,20.630717738936408,0.0,0
University,Hadapsar,12,1,0,2526,15915,0,22.68171021377672,0.0,1
University,Hadapsar,12,1,1,2530,14430,0,20.532806324110677,0.0,0
University,Hadapsar,12,1,2,2811,17139,0,21.949626467449303,0.0,0
University,Hadapsar,14,1,0,2309,15915,0,24.81333910783889,0.0,1
University,Hadapsar,14,1,1,2347,14714,0,22.569407754580315,0.0,0
University,Hadapsar,14,1,2,2541,17139,0,24.28193624557261,0.0,0
University,Hadapsar,16,1,0,2465,15915,0,23.24300202839757,0.0,0
University,Hadapsar,16,1,1,2444,14714,0,21.67364975450082,0.0,1
University,Hadapsar,16,1,2,2675,17139,0,23.065570093457943,0.0,0
University,Hadapsar,18,1,0,2694,14430,0,19.282850779510024,0.0,1
University,Hadapsar,18,1,1,3010,16141,0,19.30485049833887,0.0,0
University,Hadapsar,18,1,2,3067,15410,0,18.08803390935768,0.0,0
University,Hadapsar,20,1,0,2332,14430,0,22.27615780445969,0.0,1
University,Hadapsar,20,1,1,2503,16141,0,23.21518178186176,0.0,0
University,Hadapsar,20,1,2,2600,15410,0,21.33692307692308,0.0,0
University,Hadapsar,22,1,0,1808,14848,0,29.564601769911505,0.0,1
University,Hadapsar,22,1,1,1939,16141,0,29.967818463125315,0.0,0
University,Hadapsar,22,1,2,2078,15410,0,26.69682386910491,0.0,0
University,Hadapsar,0,2,0,1808,14848,0,29.564601769911505,0.0,1
University,Hadapsar,0,2,1,1939,16141,0,29.967818463125315,0.0,0
University,Hadapsar,0,2,2,2078,15410,0,26.69682386910491,0.0,0
University,Hadapsar,6,2,0,1848,14848,0,28.924675324675327,0.0,1
University,Hadapsar,6,2,1,1985,16141,0,29.273350125944575,0.0,0
University,Hadapsar,6,2,2,2124,15410,0,26.118644067796613,0.0,0
University,Hadapsar,8,2,0,2194,15915,0,26.11394712853236,0.0,1
University,Hadapsar,8,2,1,2204,14848,0,24.25263157894737,0.0,0
University,Hadapsar,8,2,2,2435,17139,0,25.338973305954823,0.0,0
University,Hadapsar,10,2,0,2301,14430,0,22.57627118644068,0.0,1
University,Hadapsar,10,2,1,2491,16141,0,23.327017262143716,0.0,0
University,Hadapsar,10,2,2,2602,15410,0,21.32052267486549,0.0,0
University,Hadapsar,12,2,0,2471,15915,0,23.186564144071223,0.0,0
University,Hadapsar,12,2,1,2437,14714,0,21.735904800984816,0.0,1
University,Hadapsar,12,2,2,2731,17139,0,22.59260344196265,0.0,0
University,Hadapsar,14,2,0,2330,15915,0,24.589699570815448,0.0,0
University,Hadapsar,14,2,1,2301,14714,0,23.020599739243806,0.0,1
University,Hadapsar,14,2,2,2548,17139,0,24.215227629513343,0.0,0
University,Hadapsar,16,2,0,2467,14714,0,21.47158492095663,0.0,1
University,Hadapsar,16,2,1,2642,16141,0,21.99379258137774,0.0,0
University,Hadapsar,16,2,2,2836,15406,0,19.556276445698167,0.0,0
University,Hadapsar,18,2,0,2803,14430,0,18.533000356760613,0.0,1
University,Hadapsar,18,2,1,3104,15134,0,17.552319587628865,0.0,0
University,Hadapsar,18,2,2,3171,15410,0,17.494796594134343,0.0,0
University,Hadapsar,20,2,0,2353,14430,0,22.07734806629834,0.0,1
University,Hadapsar,20,2,1,2544,16141,0,22.841037735849053,0.0,0
University,Hadapsar,20,2,2,2618,15410,0,21.19022154316272,0.0,0
University,Hadapsar,22,2,0,1808,14848,0,29.564601769911505,0.0,1
University,Hadapsar,22,2,1,1939,16141,0,29.967818463125315,0.0,0
University,Hadapsar,22,2,2,2078,15410,0,26.69682386910491,0.0,0
University,Hadapsar,0,3,0,1808,14848,0,29.564601769911505,0.0,1
University,Hadapsar,0,3,1,1939,16141,0,29.967818463125315,0.0,0
University,Hadapsar,0,3,2,2078,15410,0,26.69682386910491,0.0,0
University,Hadapsar,6,3,0,1841,14848,0,29.034655078761546,0.0,1
University,Hadapsar,6,3,1,1971,16141,0,29.481278538812784,0.0,0
University,Hadapsar,6,3,2,2112,15410,0,26.267045454545453,0.0,0
University,Hadapsar,8,3,0,1973,15915,0,29.03902686264572,0.0,1
University,Hadapsar,8,3,1,2070,14848,0,25.82260869565218,0.0,0
University,Hadapsar,8,3,2,2235,17139,0,27.60644295302013,0.0,0
University,Hadapsar,10,3,0,2092,15915,0,27.38718929254302,0.0,1
University,Hadapsar,10,3,1,2148,14430,0,24.18435754189944,0.0,0
University,Hadapsar,10,3,2,2327,17139,0,26.5149978513107,0.0,0
University,Hadapsar,12,3,0,2275,15915,0,25.184175824175824,0.0,1
University,Hadapsar,12,3,1,2357,14430,0,22.03988120492151,0.0,0
University,Hadapsar,12,3,2,2475,17139,0,24.929454545454544,0.0,0
University,Hadapsar,14,3,0,2350,15915,0,24.38042553191489,0.0,1
University,Hadapsar,14,3,1,2392,14714,0,22.144816053511708,0.0,0
University,Hadapsar,14,3,2,2502,17139,0,24.66043165467626,0.0,0
University,Hadapsar,16,3,0,2468,15915,0,23.21474878444084,0.0,1
University,Hadapsar,16,3,1,2546,14714,0,20.805341712490183,0.0,0
University,Hadapsar,16,3,2,2582,17139,0,23.896359411309064,0.0,0
University,Hadapsar,18,3,0,2593,15915,0,22.09564211338218,0.0,1
University,Hadapsar,18,3,1,2637,14430,0,19.69965870307167,0.0,0
University,Hadapsar,18,3,2,2730,17139,0,22.60087912087912,0.0,0
University,Hadapsar,20,3,0,2244,15915,0,25.532085561497325,0.0,1
University,Hadapsar,20,3,1,2291,15132,0,23.77791357485814,0.0,0
University,Hadapsar,20,3,2,2452,17139,0,25.163295269168025,0.0,0
University,Hadapsar,22,3,0,1808,14848,0,29.564601769911505,0.0,1
University,Hadapsar,22,3,1,1939,16141,0,29.967818463125315,0.0,0
University,Hadapsar,22,3,2,2078,15410,0,26.69682386910491,0.0,0
University,Hadapsar,0,4,0,1808,14848,0,29.564601769911505,0.0,1
University,Hadapsar,0,4,1,1939,16141,0,29.967818463125315,0.0,0
University,Hadapsar,0,4,2,2011,17546,0,31.410044753853807,0.0,0
University,Hadapsar,6,4,0,1834,14848,0,29.145474372955288,0.0,1
University,Hadapsar,6,4,1,1963,16141,0,29.601426388181352,0.0,0
University,Hadapsar,6,4,2,2036,17546,0,31.02436149312377,0.0,0
University,Hadapsar,8,4,0,1937,15915,0,29.578729994837374,0.0,1
University,Hadapsar,8,4,1,1963,14848,0,27.230157921548653,0.0,0
University,Hadapsar,8,4,2,2173,17201,0,28.496824666359878,0.0,0
University,Hadapsar,10,4,0,1974,15915,0,29.02431610942249,0.0,1
University,Hadapsar,10,4,1,2035,14848,0,26.266732186732188,0.0,0
University,Hadapsar,10,4,2,2209,17201,0,28.032412856496155,0.0,0
University,Hadapsar,12,4,0,2076,15915,0,27.598265895953755,0.0,1
University,Hadapsar,12,4,1,2148,14848,0,24.88491620111732,0.0,0
University,Hadapsar,12,4,2,2304,17201,0,26.8765625,0.0,0
University,Hadapsar,14,4,0,2117,15915,0,27.063769485120453,0.0,1
University,Hadapsar,14,4,1,2136,14430,0,24.32022471910112,0.0,0
University,Hadapsar,14,4,2,2336,17201,0,26.508390410958903,0.0,0
University,Hadapsar,16,4,0,2198,15915,0,26.066424021838035,0.0,1
University,Hadapsar,16,4,1,2207,14430,0,23.53783416402356,0.0,0
University,Hadapsar,16,4,2,2387,17201,0,25.94201927105153,0.0,0
University,Hadapsar,18,4,0,2255,14430,0,23.03680709534368,0.0,1
University,Hadapsar,18,4,1,2420,16141,0,24.01140495867768,0.0,0
University,Hadapsar,18,4,2,2487,17546,0,25.398311218335344,0.0,0
University,Hadapsar,20,4,0,2107,15915,0,27.1922164214523,0.0,1
University,Hadapsar,20,4,1,2114,14848,0,25.285146641438036,0.0,0
University,Hadapsar,20,4,2,2305,17139,0,26.768069414316702,0.0,0
University,Hadapsar,22,4,0,1808,14848,0,29.564601769911505,0.0,1
University,Hadapsar,22,4,1,1939,16141,0,29.967818463125315,0.0,0
University,Hadapsar,22,4,2,2011,17546,0,31.410044753853807,0.0,0
University,Hadapsar,0,5,0,1808,14848,0,29.564601769911505,0.0,1
University,Hadapsar,0,5,1,1939,16141,0,29.967818463125315,0.0,0
University,Hadapsar,0,5,2,2011,17546,0,31.410044753853807,0.0,0
University,Hadapsar,6,5,0,1849,14848,0,28.90903190914008,0.0,1
University,Hadapsar,6,5,1,1982,16141,0,29.317658930373355,0.0,0
University,Hadapsar,6,5,2,2063,17546,0,30.61832283082889,0.0,0
University,Hadapsar,8,5,0,2139,14430,0,24.286115007012626,0.0,1
University,Hadapsar,8,5,1,2345,16141,0,24.77936034115138,0.0,0
University,Hadapsar,8,5,2,2224,15254,0,24.69172661870504,0.0,0
University,Hadapsar,10,5,0,2371,15915,0,24.164487557992405,0.0,0
University,Hadapsar,10,5,1,2336,14430,0,22.238013698630137,0.0,1
University,Hadapsar,10,5,2,2659,17139,0,23.204362542309138,0.0,0
University,Hadapsar,12,5,0,2461,15915,0,23.28078017066233,0.0,1
University,Hadapsar,12,5,1,2514,14714,0,21.07016706443914,0.0,0
University,Hadapsar,12,5,2,2738,17139,0,22.53484295105917,0.0,0
University,Hadapsar,14,5,0,2219,15915,0,25.81973862100045,0.0,1
University,Hadapsar,14,5,1,2337,14714,0,22.66598202824133,0.0,0
University,Hadapsar,14,5,2,2454,17139,0,25.14278728606357,0.0,0
University,Hadapsar,16,5,0,2447,15915,0,23.41397629750715,0.0,1
University,Hadapsar,16,5,1,2467,14714,0,21.47158492095663,0.0,0
University,Hadapsar,16,5,2,2630,17139,0,23.46022813688213,0.0,0
University,Hadapsar,18,5,0,2747,14430,0,18.91081179468511,0.0,1
University,Hadapsar,18,5,1,3058,16141,0,19.001831262262915,0.0,0
University,Hadapsar,18,5,2,2928,15633,0,19.220901639344262,0.0,0
University,Hadapsar,20,5,0,2327,14430,0,22.324022346368714,0.0,1
University,Hadapsar,20,5,1,2518,16141,0,23.076886417791897,0.0,0
University,Hadapsar,20,5,2,2776,16541,0,21.450864553314123,0.0,0
University,Hadapsar,22,5,0,1808,14848,0,29.564601769911505,0.0,1
University,Hadapsar,22,5,1,1939,16141,0,29.967818463125315,0.0,0
University,Hadapsar,22,5,2,2011,17546,0,31.410044753853807,0.0,0
University,Hadapsar,0,6,0,1808,14848,0,29.564601769911505,0.0,1
University,Hadapsar,0,6,1,1939,16141,0,29.967818463125315,0.0,0
University,Hadapsar,0,6,2,2011,17546,0,31.410044753853807,0.0,0
University,Hadapsar,6,6,0,1847,14848,0,28.94033567948024,0.0,1
University,Hadapsar,6,6,1,1985,16141,0,29.273350125944575,0.0,0
University,Hadapsar,6,6,2,2063,17546,0,30.61832283082889,0.0,0
University,Hadapsar,8,6,0,2194,14765,0,24.226982680036464,0.0,1
University,Hadapsar,8,6,1,2377,16141,0,24.44577198148927,0.0,0
University,Hadapsar,8,6,2,2320,15388,0,23.87793103448276,0.0,0
University,Hadapsar,10,6,0,2420,14765,0,21.964462809917357,0.0,1
University,Hadapsar,10,6,1,2618,16079,0,22.11016042780749,0.0,0
University,Hadapsar,10,6,2,2556,14923,0,21.01830985915493,0.0,0
University,Hadapsar,12,6,0,2588,15915,0,22.13833075734157,0.0,0
University,Hadapsar,12,6,1,2556,14714,0,20.723943661971838,0.0,1
University,Hadapsar,12,6,2,2895,17139,0,21.31274611398964,0.0,0
University,Hadapsar,14,6,0,2306,15915,0,24.84562012142237,0.0,0
University,Hadapsar,14,6,1,2276,14714,0,23.273462214411246,0.0,1
University,Hadapsar,14,6,2,2528,17139,0,24.40680379746836,0.0,0
University,Hadapsar,16,6,0,2425,14714,0,21.84346391752577,0.0,1
University,Hadapsar,16,6,1,2607,16141,0,22.289067894131183,0.0,0
University,Hadapsar,16,6,2,2681,15254,0,20.482804923535998,0.0,0
University,Hadapsar,18,6,0,2802,14430,0,18.53961456102784,0.0,1
University,Hadapsar,18,6,1,3141,16079,0,18.42865329512894,0.0,0
University,Hadapsar,18,6,2,2958,15633,0,19.02596348884381,0.0,0
University,Hadapsar,20,6,0,2359,14430,0,22.021195421788896,0.0,1
University,Hadapsar,20,6,1,2540,16141,0,22.877007874015742,0.0,0
University,Hadapsar,20,6,2,2798,16541,0,21.282201572551823,0.0,0
University,Hadapsar,22,6,0,1808,14848,0,29.564601769911505,0.0,1
University,Hadapsar,22,6,1,1939,16141,0,29.967818463125315,0.0,0
University,Hadapsar,22,6,2,2011,17546,0,31.410044753853807,0.0,0
