origin,destination,hour,day_of_week,route_id,travel_time,distance,traffic_delay,avg_speed,delay_ratio,is_best_route
University,Swargate,0,0,0,1095,7766,0,25.53205479452055,0.0,1
University,Swargate,0,0,1,1314,9205,0,25.21917808219178,0.0,0
University,Swargate,0,0,2,1350,8461,0,22.56266666666667,0.0,0
University,Swargate,6,0,0,1111,7766,0,25.164356435643565,0.0,1
University,Swargate,6,0,1,1340,9205,0,24.729850746268657,0.0,0
University,Swargate,6,0,2,1374,8461,0,22.168558951965068,0.0,0
University,Swargate,8,0,0,1238,7766,0,22.58287560581583,0.0,1
University,Swargate,8,0,1,1581,9143,0,20.818975332068312,0.0,0
University,Swargate,8,0,2,1558,8322,0,19.229268292682924,0.0,0
University,Swargate,10,0,0,1414,7766,0,19.77199434229137,0.0,1
University,Swargate,10,0,1,1816,9205,0,18.247797356828194,0.0,0
University,Swargate,10,0,2,1758,8322,0,17.04163822525597,0.0,0
University,Swargate,12,0,0,1612,7766,0,17.343424317617867,0.0,1
University,Swargate,12,0,1,2028,9637,0,17.107100591715977,0.0,0
University,Swargate,12,0,2,1948,8322,0,15.379466119096508,0.0,0
University,Swargate,14,0,0,1603,7766,0,17.440798502807237,0.0,1
University,Swargate,14,0,1,1889,9703,0,18.491688724192695,0.0,0
University,Swargate,14,0,2,1736,8439,0,17.500230414746543,0.0,0
University,Swargate,16,0,0,1680,7766,0,16.64142857142857,0.0,1
University,Swargate,16,0,1,1933,9602,0,17.882669425763062,0.0,0
University,Swargate,16,0,2,1768,8439,0,17.183484162895926,0.0,0
University,Swargate,18,0,0,1766,7766,0,15.831030577576444,0.0,1
University,Swargate,18,0,1,2090,9143,0,15.748708133971292,0.0,0
University,Swargate,18,0,2,1994,8322,0,15.024674022066197,0.0,0
University,Swargate,20,0,0,1473,7766,0,18.980040733197555,0.0,1
University,Swargate,20,0,1,1796,9143,0,18.32672605790646,0.0,0
University,Swargate,20,0,2,1740,8322,0,17.217931034482756,0.0,0
University,Swargate,22,0,0,1095,7766,0,25.53205479452055,0.0,1
University,Swargate,22,0,1,1314,9205,0,25.21917808219178,0.0,0
University,Swargate,22,0,2,1350,8461,0,22.56266666666667,0.0,0
University,Swargate,0,1,0,1095,7766,0,25.53205479452055,0.0,1
University,Swargate,0,1,1,1314,9205,0,25.21917808219178,0.0,0
University,Swargate,0,1,2,1350,8461,0,22.56266666666667,0.0,0
University,Swargate,6,1,0,1112,7766,0,25.141726618705036,0.0,1
University,Swargate,6,1,1,1340,9205,0,24.729850746268657,0.0,0
University,Swargate,6,1,2,1373,8461,0,22.184705025491624,0.0,0
University,Swargate,8,1,0,1241,7766,0,22.528283642224014,0.0,1
University,Swargate,8,1,1,1571,9205,0,21.093570973901972,0.0,0
University,Swargate,8,1,2,1551,8322,0,19.316054158607347,0.0,0
University,Swargate,10,1,0,1399,7766,0,19.98398856325947,0.0,1
University,Swargate,10,1,1,1818,9143,0,18.104950495049508,0.0,0
University,Swargate,10,1,2,1603,8289,0,18.615346225826574,0.0,0
University,Swargate,12,1,0,1634,7766,0,17.109914320685434,0.0,1
University,Swargate,12,1,1,2038,9642,0,17.03199214916585,0.0,0
University,Swargate,12,1,2,1773,8439,0,17.135025380710662,0.0,0
University,Swargate,14,1,0,1686,7766,0,16.58220640569395,0.0,1
University,Swargate,14,1,1,1899,9765,0,18.51184834123223,0.0,0
University,Swargate,14,1,2,1768,8439,0,17.183484162895926,0.0,0
University,Swargate,16,1,0,1766,8439,0,17.202944507361266,0.0,1
University,Swargate,16,1,1,1928,9602,0,17.92904564315353,0.0,0
University,Swargate,16,1,2,1789,7766,0,15.62750139742873,0.0,0
University,Swargate,18,1,0,1796,7766,0,15.566592427616927,0.0,0
University,Swargate,18,1,1,2069,9143,0,15.908554857419043,0.0,0
University,Swargate,18,1,2,1788,8289,0,16.689261744966444,0.0,1
University,Swargate,20,1,0,1456,7766,0,19.201648351648352,0.0,1
University,Swargate,20,1,1,1790,9205,0,18.51284916201117,0.0,0
University,Swargate,20,1,2,1723,8322,0,17.387811955890886,0.0,0
University,Swargate,22,1,0,1095,7766,0,25.53205479452055,0.0,1
University,Swargate,22,1,1,1314,9205,0,25.21917808219178,0.0,0
University,Swargate,22,1,2,1350,8461,0,22.56266666666667,0.0,0
University,Swargate,0,2,0,1095,7766,0,25.53205479452055,0.0,1
University,Swargate,0,2,1,1314,9205,0,25.21917808219178,0.0,0
University,Swargate,0,2,2,1350,8461,0,22.56266666666667,0.0,0
University,Swargate,6,2,0,1112,7766,0,25.141726618705036,0.0,1
University,Swargate,6,2,1,1339,9205,0,24.748319641523523,0.0,0
University,Swargate,6,2,2,1372,8461,0,22.200874635568514,0.0,0
University,Swargate,8,2,0,1227,7766,0,22.785330073349634,0.0,1
University,Swargate,8,2,1,1559,9205,0,21.255933290570876,0.0,0
University,Swargate,8,2,2,1545,8322,0,19.39106796116505,0.0,0
University,Swargate,10,2,0,1384,7766,0,20.20057803468208,0.0,1
University,Swargate,10,2,1,1796,9143,0,18.32672605790646,0.0,0
University,Swargate,10,2,2,1600,8289,0,18.65025,0.0,0
University,Swargate,12,2,0,1583,7766,0,17.66114971572963,0.0,1
University,Swargate,12,2,1,2017,9637,0,17.20039662865642,0.0,0
University,Swargate,12,2,2,1735,8289,0,17.19907780979827,0.0,0
University,Swargate,14,2,0,1614,7766,0,17.32193308550186,0.0,1
University,Swargate,14,2,1,1895,9703,0,18.433139841688654,0.0,0
University,Swargate,14,2,2,1735,8289,0,17.19907780979827,0.0,0
University,Swargate,16,2,0,1722,7766,0,16.23554006968641,0.0,1
University,Swargate,16,2,1,1937,9602,0,17.845740836344866,0.0,0
University,Swargate,16,2,2,1778,8439,0,17.08683914510686,0.0,0
University,Swargate,18,2,0,1794,7766,0,15.583946488294314,0.0,1
University,Swargate,18,2,1,2138,9143,0,15.395135640785782,0.0,0
University,Swargate,18,2,2,1993,8322,0,15.032212744606118,0.0,0
University,Swargate,20,2,0,1458,7766,0,19.175308641975306,0.0,1
University,Swargate,20,2,1,1809,9143,0,18.195024875621893,0.0,0
University,Swargate,20,2,2,1740,8322,0,17.217931034482756,0.0,0
University,Swargate,22,2,0,1095,7766,0,25.53205479452055,0.0,1
University,Swargate,22,2,1,1314,9205,0,25.21917808219178,0.0,0
University,Swargate,22,2,2,1350,8461,0,22.56266666666667,0.0,0
University,Swargate,0,3,0,1095,7766,0,25.53205479452055,0.0,1
University,Swargate,0,3,1,1314,9205,0,25.21917808219178,0.0,0
University,Swargate,0,3,2,1350,8461,0,22.56266666666667,0.0,0
University,Swargate,6,3,0,1112,7766,0,25.141726618705036,0.0,1
University,Swargate,6,3,1,1341,9205,0,24.711409395973156,0.0,0
University,Swargate,6,3,2,1374,8461,0,22.168558951965068,0.0,0
University,Swargate,8,3,0,1218,7766,0,22.95369458128079,0.0,1
University,Swargate,8,3,1,1528,9205,0,21.687172774869108,0.0,0
University,Swargate,8,3,2,1535,8322,0,19.517394136807816,0.0,0
University,Swargate,10,3,0,1413,7766,0,19.785987261146495,0.0,1
University,Swargate,10,3,1,1770,9143,0,18.595932203389832,0.0,0
University,Swargate,10,3,2,1565,8289,0,19.0673482428115,0.0,0
University,Swargate,12,3,0,1728,7766,0,16.179166666666667,0.0,1
University,Swargate,12,3,1,2039,9637,0,17.014811181951938,0.0,0
University,Swargate,12,3,2,1751,8439,0,17.350314106225014,0.0,0
University,Swargate,14,3,0,1791,8289,0,16.661306532663318,0.0,1
University,Swargate,14,3,1,2033,9703,0,17.181898671913427,0.0,0
University,Swargate,14,3,2,2052,8592,0,15.073684210526318,0.0,0
University,Swargate,16,3,0,1835,8439,0,16.55607629427793,0.0,1
University,Swargate,16,3,1,2054,9694,0,16.9904576436222,0.0,0
University,Swargate,16,3,2,2100,8592,0,14.729142857142858,0.0,0
University,Swargate,18,3,0,1822,8289,0,16.377826564215148,0.0,1
University,Swargate,18,3,1,2114,9651,0,16.43500473036897,0.0,0
University,Swargate,18,3,2,2089,8322,0,14.3414073719483,0.0,0
University,Swargate,20,3,0,1476,7766,0,18.941463414634146,0.0,1
University,Swargate,20,3,1,1784,9143,0,18.45,0.0,0
University,Swargate,20,3,2,1750,8322,0,17.119542857142857,0.0,0
University,Swargate,22,3,0,1095,7766,0,25.53205479452055,0.0,1
University,Swargate,22,3,1,1314,9205,0,25.21917808219178,0.0,0
University,Swargate,22,3,2,1350,8461,0,22.56266666666667,0.0,0
University,Swargate,0,4,0,1095,7766,0,25.53205479452055,0.0,1
University,Swargate,0,4,1,1314,9205,0,25.21917808219178,0.0,0
University,Swargate,0,4,2,1350,8461,0,22.56266666666667,0.0,0
University,Swargate,6,4,0,1110,7766,0,25.187027027027025,0.0,1
University,Swargate,6,4,1,1334,9205,0,24.841079460269864,0.0,0
University,Swargate,6,4,2,1368,8461,0,22.26578947368421,0.0,0
University,Swargate,8,4,0,1227,7766,0,22.785330073349634,0.0,1
University,Swargate,8,4,1,1448,9366,0,23.28563535911602,0.0,0
University,Swargate,8,4,2,1478,8623,0,21.003247631935047,0.0,0
University,Swargate,10,4,0,1344,7766,0,20.801785714285714,0.0,1
University,Swargate,10,4,1,1536,9366,0,21.951562499999998,0.0,0
University,Swargate,10,4,2,1448,9791,0,24.342265193370167,0.0,0
University,Swargate,12,4,0,1504,8289,0,19.8406914893617,0.0,1
University,Swargate,12,4,1,1705,9205,0,19.43577712609971,0.0,0
University,Swargate,12,4,2,1531,9791,0,23.022599608099284,0.0,0
University,Swargate,14,4,0,1512,8439,0,20.092857142857145,0.0,1
University,Swargate,14,4,1,1720,9722,0,20.348372093023254,0.0,0
University,Swargate,14,4,2,1560,9791,0,22.594615384615384,0.0,0
University,Swargate,16,4,0,1516,8289,0,19.68364116094987,0.0,1
University,Swargate,16,4,1,1713,9722,0,20.43152364273205,0.0,0
University,Swargate,16,4,2,1755,8505,0,17.446153846153848,0.0,0
University,Swargate,18,4,0,1575,8289,0,18.946285714285715,0.0,1
University,Swargate,18,4,1,1793,9661,0,19.397434467373117,0.0,0
University,Swargate,18,4,2,1635,9791,0,21.55816513761468,0.0,0
University,Swargate,20,4,0,1382,7766,0,20.229811866859624,0.0,1
University,Swargate,20,4,1,1633,9205,0,20.29271279853031,0.0,0
University,Swargate,20,4,2,1499,9791,0,23.51407605070047,0.0,0
University,Swargate,22,4,0,1095,7766,0,25.53205479452055,0.0,1
University,Swargate,22,4,1,1314,9205,0,25.21917808219178,0.0,0
University,Swargate,22,4,2,1350,8461,0,22.56266666666667,0.0,0
University,Swargate,0,5,0,1095,7766,0,25.53205479452055,0.0,1
University,Swargate,0,5,1,1314,9205,0,25.21917808219178,0.0,0
University,Swargate,0,5,2,1350,8461,0,22.56266666666667,0.0,0
University,Swargate,6,5,0,1112,7766,0,25.141726618705036,0.0,1
University,Swargate,6,5,1,1341,9205,0,24.711409395973156,0.0,0
University,Swargate,6,5,2,1374,8461,0,22.168558951965068,0.0,0
University,Swargate,8,5,0,1217,7766,0,22.972555464256367,0.0,1
University,Swargate,8,5,1,1561,9143,0,21.085714285714285,0.0,0
University,Swargate,8,5,2,1542,8322,0,19.428793774319065,0.0,0
University,Swargate,10,5,0,1388,7766,0,20.14236311239193,0.0,1
University,Swargate,10,5,1,1785,9143,0,18.43966386554622,0.0,0
University,Swargate,10,5,2,1742,8322,0,17.198163030998852,0.0,0
University,Swargate,12,5,0,1567,7766,0,17.84148053605616,0.0,1
University,Swargate,12,5,1,2005,9143,0,16.41635910224439,0.0,0
University,Swargate,12,5,2,1721,8289,0,17.33898895990703,0.0,0
University,Swargate,14,5,0,1559,7766,0,17.933033996151376,0.0,1
University,Swargate,14,5,1,1886,9703,0,18.521102863202547,0.0,0
University,Swargate,14,5,2,1713,8439,0,17.735201401050787,0.0,0
University,Swargate,16,5,0,1620,7766,0,17.25777777777778,0.0,1
University,Swargate,16,5,1,1921,9602,0,17.994377928162415,0.0,0
University,Swargate,16,5,2,1716,8439,0,17.704195804195805,0.0,0
University,Swargate,18,5,0,1677,7766,0,16.67119856887299,0.0,1
University,Swargate,18,5,1,2060,9143,0,15.978058252427187,0.0,0
University,Swargate,18,5,2,1745,8289,0,17.10051575931232,0.0,0
University,Swargate,20,5,0,1417,7766,0,19.730134086097387,0.0,1
University,Swargate,20,5,1,1770,9143,0,18.595932203389832,0.0,0
University,Swargate,20,5,2,1710,8322,0,17.52,0.0,0
University,Swargate,22,5,0,1095,7766,0,25.53205479452055,0.0,1
University,Swargate,22,5,1,1314,9205,0,25.21917808219178,0.0,0
University,Swargate,22,5,2,1350,8461,0,22.56266666666667,0.0,0
University,Swargate,0,6,0,1095,7766,0,25.53205479452055,0.0,1
University,Swargate,0,6,1,1314,9205,0,25.21917808219178,0.0,0
University,Swargate,0,6,2,1350,8461,0,22.56266666666667,0.0,0
University,Swargate,6,6,0,1112,7766,0,25.141726618705036,0.0,1
University,Swargate,6,6,1,1341,9205,0,24.711409395973156,0.0,0
University,Swargate,6,6,2,1376,8461,0,22.136337209302326,0.0,0
University,Swargate,8,6,0,1227,7766,0,22.785330073349634,0.0,1
University,Swargate,8,6,1,1572,9143,0,20.9381679389313,0.0,0
University,Swargate,8,6,2,1552,8322,0,19.30360824742268,0.0,0
University,Swargate,10,6,0,1431,7766,0,19.537106918238994,0.0,1
University,Swargate,10,6,1,1829,9143,0,17.99606342263532,0.0,0
University,Swargate,10,6,2,1786,8322,0,16.77446808510638,0.0,0
University,Swargate,12,6,0,1630,7766,0,17.151901840490797,0.0,1
University,Swargate,12,6,1,2044,9637,0,16.973189823874755,0.0,0
University,Swargate,12,6,2,1983,8322,0,15.10801815431165,0.0,0
University,Swargate,14,6,0,1621,7766,0,17.247131400370144,0.0,1
University,Swargate,14,6,1,1898,9703,0,18.404004214963116,0.0,0
University,Swargate,14,6,2,1755,8439,0,17.310769230769232,0.0,0
University,Swargate,16,6,0,1682,7766,0,16.62164090368609,0.0,1
University,Swargate,16,6,1,1925,9602,0,17.956987012987014,0.0,0
University,Swargate,16,6,2,1764,8439,0,17.22244897959184,0.0,0
University,Swargate,18,6,0,1713,7766,0,16.320840630472855,0.0,1
University,Swargate,18,6,1,2063,9143,0,15.954823073194378,0.0,0
University,Swargate,18,6,2,1796,8289,0,16.614922048997773,0.0,0
University,Swargate,20,6,0,1432,7766,0,19.523463687150837,0.0,1
University,Swargate,20,6,1,1785,9143,0,18.43966386554622,0.0,0
University,Swargate,20,6,2,1717,8322,0,17.448573092603375,0.0,0
University,Swargate,22,6,0,1095,7766,0,25.53205479452055,0.0,1
University,Swargate,22,6,1,1314,9205,0,25.21917808219178,0.0,0
University,Swargate,22,6,2,1350,8461,0,22.56266666666667,0.0,0
University,Swargate,0,0,0,1095,7766,0,25.53205479452055,0.0,1
University,Swargate,0,0,1,1314,9205,0,25.21917808219178,0.0,0
University,Swargate,0,0,2,1350,8461,0,22.56266666666667,0.0,0
University,Swargate,6,0,0,1111,7766,0,25.164356435643565,0.0,1
University,Swargate,6,0,1,1340,9205,0,24.729850746268657,0.0,0
University,Swargate,6,0,2,1374,8461,0,22.168558951965068,0.0,0
University,Swargate,8,0,0,1238,7766,0,22.58287560581583,0.0,1
University,Swargate,8,0,1,1581,9143,0,20.818975332068312,0.0,0
University,Swargate,8,0,2,1558,8322,0,19.229268292682924,0.0,0
University,Swargate,10,0,0,1414,7766,0,19.77199434229137,0.0,1
University,Swargate,10,0,1,1816,9205,0,18.247797356828194,0.0,0
University,Swargate,10,0,2,1758,8322,0,17.04163822525597,0.0,0
University,Swargate,12,0,0,1612,7766,0,17.343424317617867,0.0,1
University,Swargate,12,0,1,2028,9637,0,17.107100591715977,0.0,0
University,Swargate,12,0,2,1948,8322,0,15.379466119096508,0.0,0
University,Swargate,14,0,0,1603,7766,0,17.440798502807237,0.0,1
University,Swargate,14,0,1,1889,9703,0,18.491688724192695,0.0,0
University,Swargate,14,0,2,1736,8439,0,17.500230414746543,0.0,0
University,Swargate,16,0,0,1680,7766,0,16.64142857142857,0.0,1
University,Swargate,16,0,1,1933,9602,0,17.882669425763062,0.0,0
University,Swargate,16,0,2,1768,8439,0,17.183484162895926,0.0,0
University,Swargate,18,0,0,1766,7766,0,15.831030577576444,0.0,1
University,Swargate,18,0,1,2090,9143,0,15.748708133971292,0.0,0
University,Swargate,18,0,2,1994,8322,0,15.024674022066197,0.0,0
University,Swargate,20,0,0,1473,7766,0,18.980040733197555,0.0,1
University,Swargate,20,0,1,1796,9143,0,18.32672605790646,0.0,0
University,Swargate,20,0,2,1740,8322,0,17.217931034482756,0.0,0
University,Swargate,22,0,0,1095,7766,0,25.53205479452055,0.0,1
University,Swargate,22,0,1,1314,9205,0,25.21917808219178,0.0,0
University,Swargate,22,0,2,1350,8461,0,22.56266666666667,0.0,0
University,Swargate,0,1,0,1095,7766,0,25.53205479452055,0.0,1
University,Swargate,0,1,1,1314,9205,0,25.21917808219178,0.0,0
University,Swargate,0,1,2,1350,8461,0,22.56266666666667,0.0,0
University,Swargate,6,1,0,1112,7766,0,25.141726618705036,0.0,1
University,Swargate,6,1,1,1340,9205,0,24.729850746268657,0.0,0
University,Swargate,6,1,2,1373,8461,0,22.184705025491624,0.0,0
University,Swargate,8,1,0,1241,7766,0,22.528283642224014,0.0,1
University,Swargate,8,1,1,1571,9205,0,21.093570973901972,0.0,0
University,Swargate,8,1,2,1551,8322,0,19.316054158607347,0.0,0
University,Swargate,10,1,0,1399,7766,0,19.98398856325947,0.0,1
University,Swargate,10,1,1,1818,9143,0,18.104950495049508,0.0,0
University,Swargate,10,1,2,1603,8289,0,18.615346225826574,0.0,0
University,Swargate,12,1,0,1634,7766,0,17.109914320685434,0.0,1
University,Swargate,12,1,1,2038,9642,0,17.03199214916585,0.0,0
University,Swargate,12,1,2,1773,8439,0,17.135025380710662,0.0,0
University,Swargate,14,1,0,1686,7766,0,16.58220640569395,0.0,1
University,Swargate,14,1,1,1899,9765,0,18.51184834123223,0.0,0
University,Swargate,14,1,2,1768,8439,0,17.183484162895926,0.0,0
University,Swargate,16,1,0,1766,8439,0,17.202944507361266,0.0,1
University,Swargate,16,1,1,1928,9602,0,17.92904564315353,0.0,0
University,Swargate,16,1,2,1789,7766,0,15.62750139742873,0.0,0
University,Swargate,18,1,0,1796,7766,0,15.566592427616927,0.0,0
University,Swargate,18,1,1,2069,9143,0,15.908554857419043,0.0,0
University,Swargate,18,1,2,1788,8289,0,16.689261744966444,0.0,1
University,Swargate,20,1,0,1456,7766,0,19.201648351648352,0.0,1
University,Swargate,20,1,1,1790,9205,0,18.51284916201117,0.0,0
University,Swargate,20,1,2,1723,8322,0,17.387811955890886,0.0,0
University,Swargate,22,1,0,1095,7766,0,25.53205479452055,0.0,1
University,Swargate,22,1,1,1314,9205,0,25.21917808219178,0.0,0
University,Swargate,22,1,2,1350,8461,0,22.56266666666667,0.0,0
University,Swargate,0,2,0,1095,7766,0,25.53205479452055,0.0,1
University,Swargate,0,2,1,1314,9205,0,25.21917808219178,0.0,0
University,Swargate,0,2,2,1350,8461,0,22.56266666666667,0.0,0
University,Swargate,6,2,0,1112,7766,0,25.141726618705036,0.0,1
University,Swargate,6,2,1,1339,9205,0,24.748319641523523,0.0,0
University,Swargate,6,2,2,1372,8461,0,22.200874635568514,0.0,0
University,Swargate,8,2,0,1227,7766,0,22.785330073349634,0.0,1
University,Swargate,8,2,1,1559,9205,0,21.255933290570876,0.0,0
University,Swargate,8,2,2,1545,8322,0,19.39106796116505,0.0,0
University,Swargate,10,2,0,1384,7766,0,20.20057803468208,0.0,1
University,Swargate,10,2,1,1796,9143,0,18.32672605790646,0.0,0
University,Swargate,10,2,2,1600,8289,0,18.65025,0.0,0
University,Swargate,12,2,0,1583,7766,0,17.66114971572963,0.0,1
University,Swargate,12,2,1,2017,9637,0,17.20039662865642,0.0,0
University,Swargate,12,2,2,1735,8289,0,17.19907780979827,0.0,0
University,Swargate,14,2,0,1614,7766,0,17.32193308550186,0.0,1
University,Swargate,14,2,1,1895,9703,0,18.433139841688654,0.0,0
University,Swargate,14,2,2,1735,8289,0,17.19907780979827,0.0,0
University,Swargate,16,2,0,1722,7766,0,16.23554006968641,0.0,1
University,Swargate,16,2,1,1937,9602,0,17.845740836344866,0.0,0
University,Swargate,16,2,2,1778,8439,0,17.08683914510686,0.0,0
University,Swargate,18,2,0,1794,7766,0,15.583946488294314,0.0,1
University,Swargate,18,2,1,2138,9143,0,15.395135640785782,0.0,0
University,Swargate,18,2,2,1993,8322,0,15.032212744606118,0.0,0
University,Swargate,20,2,0,1458,7766,0,19.175308641975306,0.0,1
University,Swargate,20,2,1,1809,9143,0,18.195024875621893,0.0,0
University,Swargate,20,2,2,1740,8322,0,17.217931034482756,0.0,0
University,Swargate,22,2,0,1095,7766,0,25.53205479452055,0.0,1
University,Swargate,22,2,1,1314,9205,0,25.21917808219178,0.0,0
University,Swargate,22,2,2,1350,8461,0,22.56266666666667,0.0,0
University,Swargate,0,3,0,1095,7766,0,25.53205479452055,0.0,1
University,Swargate,0,3,1,1314,9205,0,25.21917808219178,0.0,0
University,Swargate,0,3,2,1350,8461,0,22.56266666666667,0.0,0
University,Swargate,6,3,0,1112,7766,0,25.141726618705036,0.0,1
University,Swargate,6,3,1,1341,9205,0,24.711409395973156,0.0,0
University,Swargate,6,3,2,1374,8461,0,22.168558951965068,0.0,0
University,Swargate,8,3,0,1218,7766,0,22.95369458128079,0.0,1
University,Swargate,8,3,1,1528,9205,0,21.687172774869108,0.0,0
University,Swargate,8,3,2,1535,8322,0,19.517394136807816,0.0,0
University,Swargate,10,3,0,1413,7766,0,19.785987261146495,0.0,1
University,Swargate,10,3,1,1770,9143,0,18.595932203389832,0.0,0
University,Swargate,10,3,2,1565,8289,0,19.0673482428115,0.0,0
University,Swargate,12,3,0,1728,7766,0,16.179166666666667,0.0,1
University,Swargate,12,3,1,2039,9637,0,17.014811181951938,0.0,0
University,Swargate,12,3,2,1751,8439,0,17.350314106225014,0.0,0
University,Swargate,14,3,0,1791,8289,0,16.661306532663318,0.0,1
University,Swargate,14,3,1,2033,9703,0,17.181898671913427,0.0,0
University,Swargate,14,3,2,2052,8592,0,15.073684210526318,0.0,0
University,Swargate,16,3,0,1835,8439,0,16.55607629427793,0.0,1
University,Swargate,16,3,1,2054,9694,0,16.9904576436222,0.0,0
University,Swargate,16,3,2,2100,8592,0,14.729142857142858,0.0,0
University,Swargate,18,3,0,1822,8289,0,16.377826564215148,0.0,1
University,Swargate,18,3,1,2114,9651,0,16.43500473036897,0.0,0
University,Swargate,18,3,2,2089,8322,0,14.3414073719483,0.0,0
University,Swargate,20,3,0,1476,7766,0,18.941463414634146,0.0,1
University,Swargate,20,3,1,1784,9143,0,18.45,0.0,0
University,Swargate,20,3,2,1750,8322,0,17.119542857142857,0.0,0
University,Swargate,22,3,0,1095,7766,0,25.53205479452055,0.0,1
University,Swargate,22,3,1,1314,9205,0,25.21917808219178,0.0,0
University,Swargate,22,3,2,1350,8461,0,22.56266666666667,0.0,0
University,Swargate,0,4,0,1095,7766,0,25.53205479452055,0.0,1
University,Swargate,0,4,1,1314,9205,0,25.21917808219178,0.0,0
University,Swargate,0,4,2,1350,8461,0,22.56266666666667,0.0,0
University,Swargate,6,4,0,1110,7766,0,25.187027027027025,0.0,1
University,Swargate,6,4,1,1334,9205,0,24.841079460269864,0.0,0
University,Swargate,6,4,2,1368,8461,0,22.26578947368421,0.0,0
University,Swargate,8,4,0,1227,7766,0,22.785330073349634,0.0,1
University,Swargate,8,4,1,1448,9366,0,23.28563535911602,0.0,0
University,Swargate,8,4,2,1478,8623,0,21.003247631935047,0.0,0
University,Swargate,10,4,0,1344,7766,0,20.801785714285714,0.0,1
University,Swargate,10,4,1,1536,9366,0,21.951562499999998,0.0,0
University,Swargate,10,4,2,1448,9791,0,24.342265193370167,0.0,0
University,Swargate,12,4,0,1504,8289,0,19.8406914893617,0.0,1
University,Swargate,12,4,1,1705,9205,0,19.43577712609971,0.0,0
University,Swargate,12,4,2,1531,9791,0,23.022599608099284,0.0,0
University,Swargate,14,4,0,1512,8439,0,20.092857142857145,0.0,1
University,Swargate,14,4,1,1720,9722,0,20.348372093023254,0.0,0
University,Swargate,14,4,2,1560,9791,0,22.594615384615384,0.0,0
University,Swargate,16,4,0,1516,8289,0,19.68364116094987,0.0,1
University,Swargate,16,4,1,1713,9722,0,20.43152364273205,0.0,0
University,Swargate,16,4,2,1755,8505,0,17.446153846153848,0.0,0
University,Swargate,18,4,0,1575,8289,0,18.946285714285715,0.0,1
University,Swargate,18,4,1,1793,9661,0,19.397434467373117,0.0,0
University,Swargate,18,4,2,1635,9791,0,21.55816513761468,0.0,0
University,Swargate,20,4,0,1382,7766,0,20.229811866859624,0.0,1
University,Swargate,20,4,1,1633,9205,0,20.29271279853031,0.0,0
University,Swargate,20,4,2,1499,9791,0,23.51407605070047,0.0,0
University,Swargate,22,4,0,1095,7766,0,25.53205479452055,0.0,1
University,Swargate,22,4,1,1314,9205,0,25.21917808219178,0.0,0
University,Swargate,22,4,2,1350,8461,0,22.56266666666667,0.0,0
University,Swargate,0,5,0,1095,7766,0,25.53205479452055,0.0,1
University,Swargate,0,5,1,1314,9205,0,25.21917808219178,0.0,0
University,Swargate,0,5,2,1350,8461,0,22.56266666666667,0.0,0
University,Swargate,6,5,0,1112,7766,0,25.141726618705036,0.0,1
University,Swargate,6,5,1,1341,9205,0,24.711409395973156,0.0,0
University,Swargate,6,5,2,1374,8461,0,22.168558951965068,0.0,0
University,Swargate,8,5,0,1217,7766,0,22.972555464256367,0.0,1
University,Swargate,8,5,1,1561,9143,0,21.085714285714285,0.0,0
University,Swargate,8,5,2,1542,8322,0,19.428793774319065,0.0,0
University,Swargate,10,5,0,1388,7766,0,20.14236311239193,0.0,1
University,Swargate,10,5,1,1785,9143,0,18.43966386554622,0.0,0
University,Swargate,10,5,2,1742,8322,0,17.198163030998852,0.0,0
University,Swargate,12,5,0,1567,7766,0,17.84148053605616,0.0,1
University,Swargate,12,5,1,2005,9143,0,16.41635910224439,0.0,0
University,Swargate,12,5,2,1721,8289,0,17.33898895990703,0.0,0
University,Swargate,14,5,0,1559,7766,0,17.933033996151376,0.0,1
University,Swargate,14,5,1,1886,9703,0,18.521102863202547,0.0,0
University,Swargate,14,5,2,1713,8439,0,17.735201401050787,0.0,0
University,Swargate,16,5,0,1620,7766,0,17.25777777777778,0.0,1
University,Swargate,16,5,1,1921,9602,0,17.994377928162415,0.0,0
University,Swargate,16,5,2,1716,8439,0,17.704195804195805,0.0,0
University,Swargate,18,5,0,1677,7766,0,16.67119856887299,0.0,1
University,Swargate,18,5,1,2060,9143,0,15.978058252427187,0.0,0
University,Swargate,18,5,2,1745,8289,0,17.10051575931232,0.0,0
University,Swargate,20,5,0,1417,7766,0,19.730134086097387,0.0,1
University,Swargate,20,5,1,1770,9143,0,18.595932203389832,0.0,0
University,Swargate,20,5,2,1710,8322,0,17.52,0.0,0
University,Swargate,22,5,0,1095,7766,0,25.53205479452055,0.0,1
University,Swargate,22,5,1,1314,9205,0,25.21917808219178,0.0,0
University,Swargate,22,5,2,1350,8461,0,22.56266666666667,0.0,0
University,Swargate,0,6,0,1095,7766,0,25.53205479452055,0.0,1
University,Swargate,0,6,1,1314,9205,0,25.21917808219178,0.0,0
University,Swargate,0,6,2,1350,8461,0,22.56266666666667,0.0,0
University,Swargate,6,6,0,1112,7766,0,25.141726618705036,0.0,1
University,Swargate,6,6,1,1341,9205,0,24.711409395973156,0.0,0
University,Swargate,6,6,2,1376,8461,0,22.136337209302326,0.0,0
University,Swargate,8,6,0,1227,7766,0,22.785330073349634,0.0,1
University,Swargate,8,6,1,1572,9143,0,20.9381679389313,0.0,0
University,Swargate,8,6,2,1552,8322,0,19.30360824742268,0.0,0
University,Swargate,10,6,0,1431,7766,0,19.537106918238994,0.0,1
University,Swargate,10,6,1,1829,9143,0,17.99606342263532,0.0,0
University,Swargate,10,6,2,1786,8322,0,16.77446808510638,0.0,0
University,Swargate,12,6,0,1630,7766,0,17.151901840490797,0.0,1
University,Swargate,12,6,1,2044,9637,0,16.973189823874755,0.0,0
University,Swargate,12,6,2,1983,8322,0,15.10801815431165,0.0,0
University,Swargate,14,6,0,1621,7766,0,17.247131400370144,0.0,1
University,Swargate,14,6,1,1898,9703,0,18.404004214963116,0.0,0
University,Swargate,14,6,2,1755,8439,0,17.310769230769232,0.0,0
University,Swargate,16,6,0,1682,7766,0,16.62164090368609,0.0,1
University,Swargate,16,6,1,1925,9602,0,17.956987012987014,0.0,0
University,Swargate,16,6,2,1764,8439,0,17.22244897959184,0.0,0
University,Swargate,18,6,0,1713,7766,0,16.320840630472855,0.0,1
University,Swargate,18,6,1,2063,9143,0,15.954823073194378,0.0,0
University,Swargate,18,6,2,1796,8289,0,16.614922048997773,0.0,0
University,Swargate,20,6,0,1432,7766,0,19.523463687150837,0.0,1
University,Swargate,20,6,1,1785,9143,0,18.43966386554622,0.0,0
University,Swargate,20,6,2,1783,8505,0,17.17218171620864,0.0,0
University,Swargate,22,6,0,1095,7766,0,25.53205479452055,0.0,1
University,Swargate,22,6,1,1314,9205,0,25.21917808219178,0.0,0
University,Swargate,22,6,2,1421,8644,0,21.89894440534835,0.0,0
University,Swargate,0,0,0,1095,7766,0,25.53205479452055,0.0,1
University,Swargate,0,0,1,1314,9205,0,25.21917808219178,0.0,0
University,Swargate,0,0,2,1421,8644,0,21.89894440534835,0.0,0
University,Swargate,6,0,0,1111,7766,0,25.164356435643565,0.0,1
University,Swargate,6,0,1,1340,9205,0,24.729850746268657,0.0,0
University,Swargate,6,0,2,1437,8685,0,21.75782881002088,0.0,0
University,Swargate,8,0,0,1238,7766,0,22.58287560581583,0.0,1
University,Swargate,8,0,1,1581,9143,0,20.818975332068312,0.0,0
University,Swargate,8,0,2,1613,8546,0,19.0735275883447,0.0,0
University,Swargate,10,0,0,1414,7766,0,19.77199434229137,0.0,1
University,Swargate,10,0,1,1816,9205,0,18.247797356828194,0.0,0
University,Swargate,10,0,2,1804,8488,0,16.938359201773835,0.0,0
University,Swargate,12,0,0,1612,7766,0,17.343424317617867,0.0,1
University,Swargate,12,0,1,2028,9637,0,17.107100591715977,0.0,0
University,Swargate,12,0,2,1756,8289,0,16.993394077448748,0.0,0
University,Swargate,14,0,0,1603,7766,0,17.440798502807237,0.0,1
University,Swargate,14,0,1,1889,9703,0,18.491688724192695,0.0,0
University,Swargate,14,0,2,1736,8439,0,17.500230414746543,0.0,0
University,Swargate,16,0,0,1680,7766,0,16.64142857142857,0.0,1
University,Swargate,16,0,1,1933,9602,0,17.882669425763062,0.0,0
University,Swargate,16,0,2,1768,8439,0,17.183484162895926,0.0,0
University,Swargate,18,0,0,1766,7766,0,15.831030577576444,0.0,1
University,Swargate,18,0,1,2090,9143,0,15.748708133971292,0.0,0
University,Swargate,18,0,2,1994,8322,0,15.024674022066197,0.0,0
University,Swargate,20,0,0,1473,7766,0,18.980040733197555,0.0,1
University,Swargate,20,0,1,1796,9143,0,18.32672605790646,0.0,0
University,Swargate,20,0,2,1803,8505,0,16.981697171381033,0.0,0
University,Swargate,22,0,0,1095,7766,0,25.53205479452055,0.0,1
University,Swargate,22,0,1,1314,9205,0,25.21917808219178,0.0,0
University,Swargate,22,0,2,1421,8644,0,21.89894440534835,0.0,0
University,Swargate,0,1,0,1095,7766,0,25.53205479452055,0.0,1
University,Swargate,0,1,1,1314,9205,0,25.21917808219178,0.0,0
University,Swargate,0,1,2,1421,8644,0,21.89894440534835,0.0,0
University,Swargate,6,1,0,1112,7766,0,25.141726618705036,0.0,1
University,Swargate,6,1,1,1340,9205,0,24.729850746268657,0.0,0
University,Swargate,6,1,2,1443,8644,0,21.565072765072767,0.0,0
University,Swargate,8,1,0,1241,7766,0,22.528283642224014,0.0,1
University,Swargate,8,1,1,1571,9205,0,21.093570973901972,0.0,0
University,Swargate,8,1,2,1615,8546,0,19.049907120743033,0.0,0
University,Swargate,10,1,0,1399,7766,0,19.98398856325947,0.0,1
University,Swargate,10,1,1,1818,9143,0,18.104950495049508,0.0,0
University,Swargate,10,1,2,1603,8289,0,18.615346225826574,0.0,0
University,Swargate,12,1,0,1634,7766,0,17.109914320685434,0.0,1
University,Swargate,12,1,1,2038,9642,0,17.03199214916585,0.0,0
University,Swargate,12,1,2,1773,8439,0,17.135025380710662,0.0,0
University,Swargate,14,1,0,1686,7766,0,16.58220640569395,0.0,1
University,Swargate,14,1,1,1899,9765,0,18.51184834123223,0.0,0
University,Swargate,14,1,2,1768,8439,0,17.183484162895926,0.0,0
University,Swargate,16,1,0,1766,8439,0,17.202944507361266,0.0,1
University,Swargate,16,1,1,1928,9602,0,17.92904564315353,0.0,0
University,Swargate,16,1,2,1789,7766,0,15.62750139742873,0.0,0
University,Swargate,18,1,0,1796,7766,0,15.566592427616927,0.0,0
University,Swargate,18,1,1,2069,9143,0,15.908554857419043,0.0,0
University,Swargate,18,1,2,1788,8289,0,16.689261744966444,0.0,1
University,Swargate,20,1,0,1456,7766,0,19.201648351648352,0.0,1
University,Swargate,20,1,1,1790,9205,0,18.51284916201117,0.0,0
University,Swargate,20,1,2,1789,8505,0,17.11458915595305,0.0,0
University,Swargate,22,1,0,1095,7766,0,25.53205479452055,0.0,1
University,Swargate,22,1,1,1314,9205,0,25.21917808219178,0.0,0
University,Swargate,22,1,2,1421,8644,0,21.89894440534835,0.0,0
University,Swargate,0,2,0,1095,7766,0,25.53205479452055,0.0,1
University,Swargate,0,2,1,1314,9205,0,25.21917808219178,0.0,0
University,Swargate,0,2,2,1421,8644,0,21.89894440534835,0.0,0
University,Swargate,6,2,0,1112,7766,0,25.141726618705036,0.0,1
University,Swargate,6,2,1,1339,9205,0,24.748319641523523,0.0,0
University,Swargate,6,2,2,1444,8644,0,21.550138504155125,0.0,0
University,Swargate,8,2,0,1227,7766,0,22.785330073349634,0.0,1
University,Swargate,8,2,1,1559,9205,0,21.255933290570876,0.0,0
University,Swargate,8,2,2,1597,8488,0,19.133876017532874,0.0,0
University,Swargate,10,2,0,1384,7766,0,20.20057803468208,0.0,1
University,Swargate,10,2,1,1796,9143,0,18.32672605790646,0.0,0
University,Swargate,10,2,2,1600,8289,0,18.65025,0.0,0
University,Swargate,12,2,0,1583,7766,0,17.66114971572963,0.0,1
University,Swargate,12,2,1,2017,9637,0,17.20039662865642,0.0,0
University,Swargate,12,2,2,1735,8289,0,17.19907780979827,0.0,0
University,Swargate,14,2,0,1614,7766,0,17.32193308550186,0.0,1
University,Swargate,14,2,1,1895,9703,0,18.433139841688654,0.0,0
University,Swargate,14,2,2,1735,8289,0,17.19907780979827,0.0,0
University,Swargate,16,2,0,1722,7766,0,16.23554006968641,0.0,1
University,Swargate,16,2,1,1937,9602,0,17.845740836344866,0.0,0
University,Swargate,16,2,2,1778,8439,0,17.08683914510686,0.0,0
University,Swargate,18,2,0,1794,7766,0,15.583946488294314,0.0,1
University,Swargate,18,2,1,2138,9143,0,15.395135640785782,0.0,0
University,Swargate,18,2,2,2048,8505,0,14.950195312500002,0.0,0
University,Swargate,20,2,0,1458,7766,0,19.175308641975306,0.0,1
University,Swargate,20,2,1,1809,9143,0,18.195024875621893,0.0,0
University,Swargate,20,2,2,1803,8505,0,16.981697171381033,0.0,0
University,Swargate,22,2,0,1095,7766,0,25.53205479452055,0.0,1
University,Swargate,22,2,1,1314,9205,0,25.21917808219178,0.0,0
University,Swargate,22,2,2,1421,8644,0,21.89894440534835,0.0,0
University,Swargate,0,3,0,1095,7766,0,25.53205479452055,0.0,1
University,Swargate,0,3,1,1314,9205,0,25.21917808219178,0.0,0
University,Swargate,0,3,2,1421,8644,0,21.89894440534835,0.0,0
University,Swargate,6,3,0,1112,7766,0,25.141726618705036,0.0,1
University,Swargate,6,3,1,1341,9205,0,24.711409395973156,0.0,0
University,Swargate,6,3,2,1438,8685,0,21.742698191933243,0.0,0
University,Swargate,8,3,0,1218,7766,0,22.95369458128079,0.0,1
University,Swargate,8,3,1,1528,9205,0,21.687172774869108,0.0,0
University,Swargate,8,3,2,1438,8289,0,20.751321279554936,0.0,0
University,Swargate,10,3,0,1413,7766,0,19.785987261146495,0.0,1
University,Swargate,10,3,1,1770,9143,0,18.595932203389832,0.0,0
University,Swargate,10,3,2,1565,8289,0,19.0673482428115,0.0,0
University,Swargate,12,3,0,1728,7766,0,16.179166666666667,0.0,1
University,Swargate,12,3,1,2039,9637,0,17.014811181951938,0.0,0
University,Swargate,12,3,2,1751,8439,0,17.350314106225014,0.0,0
University,Swargate,14,3,0,1791,8289,0,16.661306532663318,0.0,1
University,Swargate,14,3,1,2033,9703,0,17.181898671913427,0.0,0
University,Swargate,14,3,2,2052,8592,0,15.073684210526318,0.0,0
University,Swargate,16,3,0,1835,8439,0,16.55607629427793,0.0,1
University,Swargate,16,3,1,2054,9694,0,16.9904576436222,0.0,0
University,Swargate,16,3,2,2100,8592,0,14.729142857142858,0.0,0
University,Swargate,18,3,0,1822,8289,0,16.377826564215148,0.0,1
University,Swargate,18,3,1,2114,9651,0,16.43500473036897,0.0,0
University,Swargate,18,3,2,2111,8505,0,14.504026527711988,0.0,0
University,Swargate,20,3,0,1476,7766,0,18.941463414634146,0.0,1
University,Swargate,20,3,1,1784,9143,0,18.45,0.0,0
University,Swargate,20,3,2,1804,8505,0,16.972283813747232,0.0,0
University,Swargate,22,3,0,1095,7766,0,25.53205479452055,0.0,1
University,Swargate,22,3,1,1314,9205,0,25.21917808219178,0.0,0
University,Swargate,22,3,2,1421,8644,0,21.89894440534835,0.0,0
University,Swargate,0,4,0,1095,7766,0,25.53205479452055,0.0,1
University,Swargate,0,4,1,1314,9205,0,25.21917808219178,0.0,0
University,Swargate,0,4,2,1421,8644,0,21.89894440534835,0.0,0
University,Swargate,6,4,0,1110,7766,0,25.187027027027025,0.0,1
University,Swargate,6,4,1,1334,9205,0,24.841079460269864,0.0,0
University,Swargate,6,4,2,1438,8644,0,21.640055632823366,0.0,0
University,Swargate,8,4,0,1227,7766,0,22.785330073349634,0.0,1
University,Swargate,8,4,1,1448,9366,0,23.28563535911602,0.0,0
University,Swargate,8,4,2,1554,8644,0,20.024710424710428,0.0,0
University,Swargate,10,4,0,1344,7766,0,20.801785714285714,0.0,1
University,Swargate,10,4,1,1536,9366,0,21.951562499999998,0.0,0
University,Swargate,10,4,2,1459,8289,0,20.45263879369431,0.0,0
University,Swargate,12,4,0,1504,8289,0,19.8406914893617,0.0,1
University,Swargate,12,4,1,1705,9205,0,19.43577712609971,0.0,0
University,Swargate,12,4,2,1531,9791,0,23.022599608099284,0.0,0
University,Swargate,14,4,0,1512,8439,0,20.092857142857145,0.0,1
University,Swargate,14,4,1,1720,9722,0,20.348372093023254,0.0,0
University,Swargate,14,4,2,1752,8505,0,17.476027397260275,0.0,0
University,Swargate,16,4,0,1516,8289,0,19.68364116094987,0.0,1
University,Swargate,16,4,1,1713,9722,0,20.43152364273205,0.0,0
University,Swargate,16,4,2,1755,8505,0,17.446153846153848,0.0,0
University,Swargate,18,4,0,1575,8289,0,18.946285714285715,0.0,1
University,Swargate,18,4,1,1793,9661,0,19.397434467373117,0.0,0
University,Swargate,18,4,2,1785,8322,0,16.783865546218486,0.0,0
University,Swargate,20,4,0,1382,7766,0,20.229811866859624,0.0,1
University,Swargate,20,4,1,1633,9205,0,20.29271279853031,0.0,0
University,Swargate,20,4,2,1530,8289,0,19.503529411764706,0.0,0
University,Swargate,22,4,0,1095,7766,0,25.53205479452055,0.0,1
University,Swargate,22,4,1,1314,9205,0,25.21917808219178,0.0,0
University,Swargate,22,4,2,1350,8461,0,22.56266666666667,0.0,0
University,Swargate,0,5,0,1095,7766,0,25.53205479452055,0.0,1
University,Swargate,0,5,1,1314,9205,0,25.21917808219178,0.0,0
University,Swargate,0,5,2,1350,8461,0,22.56266666666667,0.0,0
University,Swargate,6,5,0,1112,7766,0,25.141726618705036,0.0,1
University,Swargate,6,5,1,1341,9205,0,24.711409395973156,0.0,0
University,Swargate,6,5,2,1374,8461,0,22.168558951965068,0.0,0
University,Swargate,8,5,0,1217,7766,0,22.972555464256367,0.0,1
University,Swargate,8,5,1,1561,9143,0,21.085714285714285,0.0,0
University,Swargate,8,5,2,1542,8322,0,19.428793774319065,0.0,0
University,Swargate,10,5,0,1388,7766,0,20.14236311239193,0.0,1
University,Swargate,10,5,1,1785,9143,0,18.43966386554622,0.0,0
University,Swargate,10,5,2,1742,8322,0,17.198163030998852,0.0,0
University,Swargate,12,5,0,1567,7766,0,17.84148053605616,0.0,1
University,Swargate,12,5,1,2005,9143,0,16.41635910224439,0.0,0
University,Swargate,12,5,2,1721,8289,0,17.33898895990703,0.0,0
University,Swargate,14,5,0,1559,7766,0,17.933033996151376,0.0,1
University,Swargate,14,5,1,1886,9703,0,18.521102863202547,0.0,0
University,Swargate,14,5,2,1713,8439,0,17.735201401050787,0.0,0
University,Swargate,16,5,0,1620,7766,0,17.25777777777778,0.0,1
University,Swargate,16,5,1,1921,9602,0,17.994377928162415,0.0,0
University,Swargate,16,5,2,1716,8439,0,17.704195804195805,0.0,0
University,Swargate,18,5,0,1677,7766,0,16.67119856887299,0.0,1
University,Swargate,18,5,1,2060,9143,0,15.978058252427187,0.0,0
University,Swargate,18,5,2,1745,8289,0,17.10051575931232,0.0,0
University,Swargate,20,5,0,1417,7766,0,19.730134086097387,0.0,1
University,Swargate,20,5,1,1770,9143,0,18.595932203389832,0.0,0
University,Swargate,20,5,2,1710,8322,0,17.52,0.0,0
University,Swargate,22,5,0,1095,7766,0,25.53205479452055,0.0,1
University,Swargate,22,5,1,1314,9205,0,25.21917808219178,0.0,0
University,Swargate,22,5,2,1350,8461,0,22.56266666666667,0.0,0
University,Swargate,0,6,0,1095,7766,0,25.53205479452055,0.0,1
University,Swargate,0,6,1,1314,9205,0,25.21917808219178,0.0,0
University,Swargate,0,6,2,1421,8644,0,21.89894440534835,0.0,0
University,Swargate,6,6,0,1112,7766,0,25.141726618705036,0.0,1
University,Swargate,6,6,1,1341,9205,0,24.711409395973156,0.0,0
University,Swargate,6,6,2,1439,8685,0,21.72758860319667,0.0,0
University,Swargate,8,6,0,1227,7766,0,22.785330073349634,0.0,1
University,Swargate,8,6,1,1572,9143,0,20.9381679389313,0.0,0
University,Swargate,8,6,2,1552,8322,0,19.30360824742268,0.0,0
University,Swargate,10,6,0,1431,7766,0,19.537106918238994,0.0,1
University,Swargate,10,6,1,1829,9143,0,17.99606342263532,0.0,0
University,Swargate,10,6,2,1817,8489,0,16.819152449091913,0.0,0
University,Swargate,12,6,0,1630,7766,0,17.151901840490797,0.0,1
University,Swargate,12,6,1,2044,9637,0,16.973189823874755,0.0,0
University,Swargate,12,6,2,1808,8439,0,16.803318584070794,0.0,0
University,Swargate,14,6,0,1621,7766,0,17.247131400370144,0.0,1
University,Swargate,14,6,1,1898,9703,0,18.404004214963116,0.0,0
University,Swargate,14,6,2,1755,8439,0,17.310769230769232,0.0,0
University,Swargate,16,6,0,1682,7766,0,16.62164090368609,0.0,1
University,Swargate,16,6,1,1925,9602,0,17.956987012987014,0.0,0
University,Swargate,16,6,2,1764,8439,0,17.22244897959184,0.0,0
University,Swargate,18,6,0,1713,7766,0,16.320840630472855,0.0,1
University,Swargate,18,6,1,2063,9143,0,15.954823073194378,0.0,0
University,Swargate,18,6,2,1796,8289,0,16.614922048997773,0.0,0
University,Swargate,20,6,0,1432,7766,0,19.523463687150837,0.0,1
University,Swargate,20,6,1,1785,9143,0,18.43966386554622,0.0,0
University,Swargate,20,6,2,1783,8505,0,17.17218171620864,0.0,0
University,Swargate,22,6,0,1095,7766,0,25.53205479452055,0.0,1
University,Swargate,22,6,1,1314,9205,0,25.21917808219178,0.0,0
University,Swargate,22,6,2,1421,8644,0,21.89894440534835,0.0,0
University,Hinjewadi,0,0,0,1323,12430,0,33.82312925170068,0.0,1
University,Hinjewadi,0,0,1,1661,14464,0,31.348826008428656,0.0,0
University,Hinjewadi,0,0,2,1348,12775,0,34.11721068249258,0.0,0
University,Hinjewadi,6,0,0,1349,12430,0,33.17123795404003,0.0,1
University,Hinjewadi,6,0,1,1720,14464,0,30.273488372093023,0.0,0
University,Hinjewadi,6,0,2,1376,12775,0,33.422965116279066,0.0,0
University,Hinjewadi,8,0,0,1605,12430,0,27.8803738317757,0.0,1
University,Hinjewadi,8,0,1,2044,14464,0,25.474755381604695,0.0,0
University,Hinjewadi,8,0,2,1623,12775,0,28.33641404805915,0.0,0
University,Hinjewadi,10,0,0,1715,12430,0,26.092128279883383,0.0,1
University,Hinjewadi,10,0,1,2221,14464,0,23.444574515983792,0.0,0
University,Hinjewadi,10,0,2,1946,14973,0,27.699280575539568,0.0,0
University,Hinjewadi,12,0,0,1713,12430,0,26.122591943957968,0.0,1
University,Hinjewadi,12,0,1,2105,16851,0,28.81881235154394,0.0,0
University,Hinjewadi,12,0,2,1730,12775,0,26.583815028901736,0.0,0
University,Hinjewadi,14,0,0,1553,12430,0,28.813908564069543,0.0,1
University,Hinjewadi,14,0,1,2005,14464,0,25.970274314214464,0.0,0
University,Hinjewadi,14,0,2,1587,12775,0,28.979206049149337,0.0,0
University,Hinjewadi,16,0,0,1644,12430,0,27.21897810218978,0.0,1
University,Hinjewadi,16,0,1,2097,14464,0,24.830901287553647,0.0,0
University,Hinjewadi,16,0,2,2023,16851,0,29.986950074147302,0.0,0
University,Hinjewadi,18,0,0,1969,12430,0,22.726256983240223,0.0,1
University,Hinjewadi,18,0,1,2317,16851,0,26.1819594302978,0.0,0
University,Hinjewadi,18,0,2,2531,14464,0,20.573054128802845,0.0,0
University,Hinjewadi,20,0,0,1708,12430,0,26.199063231850115,0.0,1
University,Hinjewadi,20,0,1,2174,14464,0,23.95142594296228,0.0,0
University,Hinjewadi,20,0,2,2086,16851,0,29.08130393096836,0.0,0
University,Hinjewadi,22,0,0,1323,12430,0,33.82312925170068,0.0,1
University,Hinjewadi,22,0,1,1661,14464,0,31.348826008428656,0.0,0
University,Hinjewadi,22,0,2,1348,12775,0,34.11721068249258,0.0,0
University,Hinjewadi,0,1,0,1323,12430,0,33.82312925170068,0.0,1
University,Hinjewadi,0,1,1,1661,14464,0,31.348826008428656,0.0,0
University,Hinjewadi,0,1,2,1348,12775,0,34.11721068249258,0.0,0
University,Hinjewadi,6,1,0,1347,12430,0,33.220489977728285,0.0,1
University,Hinjewadi,6,1,1,1705,14464,0,30.539824046920824,0.0,0
University,Hinjewadi,6,1,2,1374,12775,0,33.47161572052402,0.0,0
University,Hinjewadi,8,1,0,1570,12430,0,28.501910828025476,0.0,1
University,Hinjewadi,8,1,1,2031,14464,0,25.637813884785817,0.0,0
University,Hinjewadi,8,1,2,1598,12775,0,28.779724655819777,0.0,0
University,Hinjewadi,10,1,0,1664,12430,0,26.891826923076923,0.0,1
University,Hinjewadi,10,1,1,2155,14464,0,24.162598607888633,0.0,0
University,Hinjewadi,10,1,2,1914,14973,0,28.16238244514107,0.0,0
University,Hinjewadi,12,1,0,1682,12430,0,26.604042806183116,0.0,1
University,Hinjewadi,12,1,1,2196,14464,0,23.711475409836066,0.0,0
University,Hinjewadi,12,1,2,1695,12775,0,27.13274336283186,0.0,0
University,Hinjewadi,14,1,0,1552,12430,0,28.832474226804123,0.0,1
University,Hinjewadi,14,1,1,1968,14464,0,26.458536585365856,0.0,0
University,Hinjewadi,14,1,2,1585,12775,0,29.015772870662463,0.0,0
University,Hinjewadi,16,1,0,1623,12430,0,27.57116451016636,0.0,1
University,Hinjewadi,16,1,1,2047,14464,0,25.437420615534933,0.0,0
University,Hinjewadi,16,1,2,2009,16851,0,30.195918367346938,0.0,0
University,Hinjewadi,18,1,0,1927,12430,0,23.22158796056046,0.0,1
University,Hinjewadi,18,1,1,2264,16851,0,26.794876325088335,0.0,0
University,Hinjewadi,18,1,2,2436,14464,0,21.37536945812808,0.0,0
University,Hinjewadi,20,1,0,1689,12430,0,26.493783303730016,0.0,1
University,Hinjewadi,20,1,1,2118,14464,0,24.58470254957507,0.0,0
University,Hinjewadi,20,1,2,2062,16851,0,29.41978661493695,0.0,0
University,Hinjewadi,22,1,0,1323,12430,0,33.82312925170068,0.0,1
University,Hinjewadi,22,1,1,1661,14464,0,31.348826008428656,0.0,0
University,Hinjewadi,22,1,2,1348,12775,0,34.11721068249258,0.0,0
University,Hinjewadi,0,2,0,1323,12430,0,33.82312925170068,0.0,1
University,Hinjewadi,0,2,1,1661,14464,0,31.348826008428656,0.0,0
University,Hinjewadi,0,2,2,1348,12775,0,34.11721068249258,0.0,0
University,Hinjewadi,6,2,0,1346,12430,0,33.24517087667162,0.0,1
University,Hinjewadi,6,2,1,1706,14464,0,30.52192262602579,0.0,0
University,Hinjewadi,6,2,2,1371,12775,0,33.544857768052516,0.0,0
University,Hinjewadi,8,2,0,1530,12430,0,29.24705882352941,0.0,1
University,Hinjewadi,8,2,1,1969,14464,0,26.44509903504317,0.0,0
University,Hinjewadi,8,2,2,1548,12775,0,29.709302325581397,0.0,0
University,Hinjewadi,10,2,0,1621,12430,0,27.60518198642813,0.0,1
University,Hinjewadi,10,2,1,2076,14464,0,25.082080924855493,0.0,0
University,Hinjewadi,10,2,2,1632,12775,0,28.180147058823533,0.0,0
University,Hinjewadi,12,2,0,1661,12430,0,26.940397350993376,0.0,1
University,Hinjewadi,12,2,1,2151,14464,0,24.20753138075314,0.0,0
University,Hinjewadi,12,2,2,1679,12775,0,27.391304347826086,0.0,0
University,Hinjewadi,14,2,0,1555,12430,0,28.77684887459807,0.0,1
University,Hinjewadi,14,2,1,1975,14464,0,26.364759493670885,0.0,0
University,Hinjewadi,14,2,2,1589,12775,0,28.942731277533042,0.0,0
University,Hinjewadi,16,2,0,1624,12430,0,27.554187192118224,0.0,1
University,Hinjewadi,16,2,1,2033,14464,0,25.61259222823414,0.0,0
University,Hinjewadi,16,2,2,1987,16851,0,30.53024660291897,0.0,0
University,Hinjewadi,18,2,0,1935,12430,0,23.12558139534884,0.0,1
University,Hinjewadi,18,2,1,2265,16851,0,26.783046357615895,0.0,0
University,Hinjewadi,18,2,2,2437,14464,0,21.366598276569555,0.0,0
University,Hinjewadi,20,2,0,1718,12430,0,26.046565774155994,0.0,1
University,Hinjewadi,20,2,1,2164,14464,0,24.062107208872458,0.0,0
University,Hinjewadi,20,2,2,2097,16851,0,28.928755364806864,0.0,0
University,Hinjewadi,22,2,0,1323,12430,0,33.82312925170068,0.0,1
University,Hinjewadi,22,2,1,1661,14464,0,31.348826008428656,0.0,0
University,Hinjewadi,22,2,2,1348,12775,0,34.11721068249258,0.0,0
University,Hinjewadi,0,3,0,1323,12430,0,33.82312925170068,0.0,1
University,Hinjewadi,0,3,1,1660,14464,0,31.367710843373494,0.0,0
University,Hinjewadi,0,3,2,1348,12775,0,34.11721068249258,0.0,0
University,Hinjewadi,6,3,0,1342,12430,0,33.34426229508197,0.0,1
University,Hinjewadi,6,3,1,1690,14464,0,30.810887573964497,0.0,0
University,Hinjewadi,6,3,2,1368,12775,0,33.61842105263158,0.0,0
University,Hinjewadi,8,3,0,1463,12430,0,30.586466165413533,0.0,1
University,Hinjewadi,8,3,1,1847,14464,0,28.191878722252298,0.0,0
University,Hinjewadi,8,3,2,1485,12775,0,30.969696969696972,0.0,0
University,Hinjewadi,10,3,0,1519,12430,0,29.458854509545752,0.0,1
University,Hinjewadi,10,3,1,1942,14464,0,26.81277033985582,0.0,0
University,Hinjewadi,10,3,2,1536,12775,0,29.94140625,0.0,0
University,Hinjewadi,12,3,0,1593,12430,0,28.090395480225986,0.0,1
University,Hinjewadi,12,3,1,2107,14464,0,24.713051732320835,0.0,0
University,Hinjewadi,12,3,2,1615,12775,0,28.476780185758514,0.0,0
University,Hinjewadi,14,3,0,1586,12430,0,28.21437578814628,0.0,1
University,Hinjewadi,14,3,1,2119,14464,0,24.573100519112792,0.0,0
University,Hinjewadi,14,3,2,1622,12775,0,28.353884093711468,0.0,0
University,Hinjewadi,16,3,0,1621,12430,0,27.60518198642813,0.0,1
University,Hinjewadi,16,3,1,2137,14464,0,24.366120729995323,0.0,0
University,Hinjewadi,16,3,2,1869,13058,0,25.151845906902086,0.0,0
University,Hinjewadi,18,3,0,1825,12430,0,24.51945205479452,0.0,1
University,Hinjewadi,18,3,1,2269,14464,0,22.94861172322609,0.0,0
University,Hinjewadi,18,3,2,2142,16851,0,28.321008403361343,0.0,0
University,Hinjewadi,20,3,0,1676,12430,0,26.69928400954654,0.0,1
University,Hinjewadi,20,3,1,2098,14464,0,24.81906577693041,0.0,0
University,Hinjewadi,20,3,2,2049,16851,0,29.606442166910686,0.0,0
University,Hinjewadi,22,3,0,1323,12430,0,33.82312925170068,0.0,1
University,Hinjewadi,22,3,1,1660,14464,0,31.367710843373494,0.0,0
University,Hinjewadi,22,3,2,1348,12775,0,34.11721068249258,0.0,0
University,Hinjewadi,0,4,0,1323,12430,0,33.82312925170068,0.0,1
University,Hinjewadi,0,4,1,1660,14464,0,31.367710843373494,0.0,0
University,Hinjewadi,0,4,2,1348,12775,0,34.11721068249258,0.0,0
University,Hinjewadi,6,4,0,1338,12430,0,33.44394618834081,0.0,1
University,Hinjewadi,6,4,1,1682,14464,0,30.957431629013083,0.0,0
University,Hinjewadi,6,4,2,1364,12775,0,33.71700879765396,0.0,0
University,Hinjewadi,8,4,0,1417,12430,0,31.579393083980236,0.0,1
University,Hinjewadi,8,4,1,1805,14464,0,28.84786703601108,0.0,0
University,Hinjewadi,8,4,2,1445,12775,0,31.826989619377162,0.0,0
University,Hinjewadi,10,4,0,1446,12430,0,30.946058091286307,0.0,1
University,Hinjewadi,10,4,1,1810,14464,0,28.76817679558011,0.0,0
University,Hinjewadi,10,4,2,1473,12775,0,31.221995926680243,0.0,0
University,Hinjewadi,12,4,0,1503,12430,0,29.772455089820358,0.0,1
University,Hinjewadi,12,4,1,1876,14464,0,27.756076759061838,0.0,0
University,Hinjewadi,12,4,2,1534,12775,0,29.980443285528033,0.0,0
University,Hinjewadi,14,4,0,1502,12430,0,29.792276964047936,0.0,1
University,Hinjewadi,14,4,1,1859,14464,0,28.00989779451318,0.0,0
University,Hinjewadi,14,4,2,1539,12775,0,29.883040935672515,0.0,0
University,Hinjewadi,16,4,0,1549,12430,0,28.888315041962557,0.0,1
University,Hinjewadi,16,4,1,1874,14464,0,27.785699039487728,0.0,0
University,Hinjewadi,16,4,2,1903,16851,0,31.877877036258536,0.0,0
University,Hinjewadi,18,4,0,1655,12430,0,27.038066465256797,0.0,1
University,Hinjewadi,18,4,1,2014,14464,0,25.854220456802384,0.0,0
University,Hinjewadi,18,4,2,2016,16851,0,30.091071428571425,0.0,0
University,Hinjewadi,20,4,0,1554,12430,0,28.795366795366796,0.0,1
University,Hinjewadi,20,4,1,1967,14464,0,26.47198779867819,0.0,0
University,Hinjewadi,20,4,2,1580,12775,0,29.10759493670886,0.0,0
University,Hinjewadi,22,4,0,1323,12430,0,33.82312925170068,0.0,1
University,Hinjewadi,22,4,1,1660,14464,0,31.367710843373494,0.0,0
University,Hinjewadi,22,4,2,1348,12775,0,34.11721068249258,0.0,0
University,Hinjewadi,0,5,0,1323,12430,0,33.82312925170068,0.0,1
University,Hinjewadi,0,5,1,1661,14464,0,31.348826008428656,0.0,0
University,Hinjewadi,0,5,2,1348,12775,0,34.11721068249258,0.0,0
University,Hinjewadi,6,5,0,1348,12430,0,33.195845697329375,0.0,1
University,Hinjewadi,6,5,1,1706,14464,0,30.52192262602579,0.0,0
University,Hinjewadi,6,5,2,1374,12775,0,33.47161572052402,0.0,0
University,Hinjewadi,8,5,0,1568,12430,0,28.53826530612245,0.0,1
University,Hinjewadi,8,5,1,1994,14464,0,26.1135406218656,0.0,0
University,Hinjewadi,8,5,2,1588,12775,0,28.96095717884131,0.0,0
University,Hinjewadi,10,5,0,1660,12430,0,26.956626506024094,0.0,1
University,Hinjewadi,10,5,1,2166,14464,0,24.0398891966759,0.0,0
University,Hinjewadi,10,5,2,1906,14973,0,28.280587618048266,0.0,0
University,Hinjewadi,12,5,0,1666,12430,0,26.85954381752701,0.0,1
University,Hinjewadi,12,5,1,2195,14464,0,23.722277904328017,0.0,0
University,Hinjewadi,12,5,2,1684,12775,0,27.30997624703088,0.0,0
University,Hinjewadi,14,5,0,1540,12430,0,29.057142857142857,0.0,1
University,Hinjewadi,14,5,1,1946,14464,0,26.75765673175745,0.0,0
University,Hinjewadi,14,5,2,1572,12775,0,29.255725190839698,0.0,0
University,Hinjewadi,16,5,0,1622,12430,0,27.588162762022193,0.0,1
University,Hinjewadi,16,5,1,2027,14464,0,25.68840651208683,0.0,0
University,Hinjewadi,16,5,2,1984,16851,0,30.57641129032258,0.0,0
University,Hinjewadi,18,5,0,1933,12430,0,23.149508535954475,0.0,1
University,Hinjewadi,18,5,1,2239,16851,0,27.094059848146493,0.0,0
University,Hinjewadi,18,5,2,2427,14464,0,21.454635352286772,0.0,0
University,Hinjewadi,20,5,0,1686,12430,0,26.540925266903916,0.0,1
University,Hinjewadi,20,5,1,2144,14464,0,24.286567164179107,0.0,0
University,Hinjewadi,20,5,2,2072,16851,0,29.277799227799225,0.0,0
University,Hinjewadi,22,5,0,1323,12430,0,33.82312925170068,0.0,1
University,Hinjewadi,22,5,1,1661,14464,0,31.348826008428656,0.0,0
University,Hinjewadi,22,5,2,1348,12775,0,34.11721068249258,0.0,0
University,Hinjewadi,0,6,0,1323,12430,0,33.82312925170068,0.0,1
University,Hinjewadi,0,6,1,1661,14464,0,31.348826008428656,0.0,0
University,Hinjewadi,0,6,2,1348,12775,0,34.11721068249258,0.0,0
University,Hinjewadi,6,6,0,1349,12430,0,33.17123795404003,0.0,1
University,Hinjewadi,6,6,1,1699,14464,0,30.647675103001767,0.0,0
University,Hinjewadi,6,6,2,1375,12775,0,33.44727272727273,0.0,0
University,Hinjewadi,8,6,0,1609,12430,0,27.81106277190802,0.0,1
University,Hinjewadi,8,6,1,2035,14464,0,25.587420147420147,0.0,0
University,Hinjewadi,8,6,2,1635,12775,0,28.128440366972477,0.0,0
University,Hinjewadi,10,6,0,1729,12430,0,25.88085598611914,0.0,1
University,Hinjewadi,10,6,1,2222,14402,0,23.333573357335734,0.0,0
University,Hinjewadi,10,6,2,1968,14973,0,27.389634146341468,0.0,0
University,Hinjewadi,12,6,0,1726,12430,0,25.925840092699882,0.0,1
University,Hinjewadi,12,6,1,2249,14402,0,23.05344597598933,0.0,0
University,Hinjewadi,12,6,2,1739,12775,0,26.446233467510062,0.0,0
University,Hinjewadi,14,6,0,1563,12430,0,28.629558541266796,0.0,1
University,Hinjewadi,14,6,1,1984,14464,0,26.24516129032258,0.0,0
University,Hinjewadi,14,6,2,1598,12775,0,28.779724655819777,0.0,0
University,Hinjewadi,16,6,0,1639,12430,0,27.302013422818792,0.0,1
University,Hinjewadi,16,6,1,2082,14464,0,25.00979827089337,0.0,0
University,Hinjewadi,16,6,2,2018,16851,0,30.06124876114965,0.0,0
University,Hinjewadi,18,6,0,1965,12430,0,22.772519083969467,0.0,1
University,Hinjewadi,18,6,1,2300,16851,0,26.375478260869567,0.0,0
University,Hinjewadi,18,6,2,2506,14464,0,20.778292098962492,0.0,0
University,Hinjewadi,20,6,0,1710,12430,0,26.16842105263158,0.0,1
University,Hinjewadi,20,6,1,2153,14464,0,24.185044124477475,0.0,0
University,Hinjewadi,20,6,2,2077,16851,0,29.207318247472312,0.0,0
University,Hinjewadi,22,6,0,1323,12430,0,33.82312925170068,0.0,1
University,Hinjewadi,22,6,1,1661,14464,0,31.348826008428656,0.0,0
University,Hinjewadi,22,6,2,1348,12775,0,34.11721068249258,0.0,0
University,Hinjewadi,0,0,0,1323,12430,0,33.82312925170068,0.0,1
University,Hinjewadi,0,0,1,1661,14464,0,31.348826008428656,0.0,0
University,Hinjewadi,0,0,2,1348,12775,0,34.11721068249258,0.0,0
University,Hinjewadi,6,0,0,1349,12430,0,33.17123795404003,0.0,1
University,Hinjewadi,6,0,1,1720,14464,0,30.273488372093023,0.0,0
University,Hinjewadi,6,0,2,1376,12775,0,33.422965116279066,0.0,0
University,Hinjewadi,8,0,0,1605,12430,0,27.8803738317757,0.0,1
University,Hinjewadi,8,0,1,2044,14464,0,25.474755381604695,0.0,0
University,Hinjewadi,8,0,2,1623,12775,0,28.33641404805915,0.0,0
University,Hinjewadi,10,0,0,1715,12430,0,26.092128279883383,0.0,1
University,Hinjewadi,10,0,1,2221,14464,0,23.444574515983792,0.0,0
University,Hinjewadi,10,0,2,1946,14973,0,27.699280575539568,0.0,0
University,Hinjewadi,12,0,0,1713,12430,0,26.122591943957968,0.0,1
University,Hinjewadi,12,0,1,2105,16851,0,28.81881235154394,0.0,0
University,Hinjewadi,12,0,2,1730,12775,0,26.583815028901736,0.0,0
University,Hinjewadi,14,0,0,1553,12430,0,28.813908564069543,0.0,1
University,Hinjewadi,14,0,1,2005,14464,0,25.970274314214464,0.0,0
University,Hinjewadi,14,0,2,1587,12775,0,28.979206049149337,0.0,0
University,Hinjewadi,16,0,0,1644,12430,0,27.21897810218978,0.0,1
University,Hinjewadi,16,0,1,2097,14464,0,24.830901287553647,0.0,0
University,Hinjewadi,16,0,2,2023,16851,0,29.986950074147302,0.0,0
University,Hinjewadi,18,0,0,1969,12430,0,22.726256983240223,0.0,1
University,Hinjewadi,18,0,1,2317,16851,0,26.1819594302978,0.0,0
University,Hinjewadi,18,0,2,2531,14464,0,20.573054128802845,0.0,0
University,Hinjewadi,20,0,0,1708,12430,0,26.199063231850115,0.0,1
University,Hinjewadi,20,0,1,2174,14464,0,23.95142594296228,0.0,0
University,Hinjewadi,20,0,2,2086,16851,0,29.08130393096836,0.0,0
University,Hinjewadi,22,0,0,1323,12430,0,33.82312925170068,0.0,1
University,Hinjewadi,22,0,1,1661,14464,0,31.348826008428656,0.0,0
University,Hinjewadi,22,0,2,1348,12775,0,34.11721068249258,0.0,0
University,Hinjewadi,0,1,0,1323,12430,0,33.82312925170068,0.0,1
University,Hinjewadi,0,1,1,1661,14464,0,31.348826008428656,0.0,0
University,Hinjewadi,0,1,2,1348,12775,0,34.11721068249258,0.0,0
University,Hinjewadi,6,1,0,1347,12430,0,33.220489977728285,0.0,1
University,Hinjewadi,6,1,1,1705,14464,0,30.539824046920824,0.0,0
University,Hinjewadi,6,1,2,1374,12775,0,33.47161572052402,0.0,0
University,Hinjewadi,8,1,0,1570,12430,0,28.501910828025476,0.0,1
University,Hinjewadi,8,1,1,2031,14464,0,25.637813884785817,0.0,0
University,Hinjewadi,8,1,2,1598,12775,0,28.779724655819777,0.0,0
University,Hinjewadi,10,1,0,1664,12430,0,26.891826923076923,0.0,1
University,Hinjewadi,10,1,1,2155,14464,0,24.162598607888633,0.0,0
University,Hinjewadi,10,1,2,1914,14973,0,28.16238244514107,0.0,0
University,Hinjewadi,12,1,0,1682,12430,0,26.604042806183116,0.0,1
University,Hinjewadi,12,1,1,2196,14464,0,23.711475409836066,0.0,0
University,Hinjewadi,12,1,2,1695,12775,0,27.13274336283186,0.0,0
University,Hinjewadi,14,1,0,1552,12430,0,28.832474226804123,0.0,1
University,Hinjewadi,14,1,1,1968,14464,0,26.458536585365856,0.0,0
University,Hinjewadi,14,1,2,1585,12775,0,29.015772870662463,0.0,0
University,Hinjewadi,16,1,0,1623,12430,0,27.57116451016636,0.0,1
University,Hinjewadi,16,1,1,2047,14464,0,25.437420615534933,0.0,0
University,Hinjewadi,16,1,2,2009,16851,0,30.195918367346938,0.0,0
University,Hinjewadi,18,1,0,1927,12430,0,23.22158796056046,0.0,1
University,Hinjewadi,18,1,1,2264,16851,0,26.794876325088335,0.0,0
University,Hinjewadi,18,1,2,2436,14464,0,21.37536945812808,0.0,0
University,Hinjewadi,20,1,0,1689,12430,0,26.493783303730016,0.0,1
University,Hinjewadi,20,1,1,2118,14464,0,24.58470254957507,0.0,0
University,Hinjewadi,20,1,2,2062,16851,0,29.41978661493695,0.0,0
University,Hinjewadi,22,1,0,1323,12430,0,33.82312925170068,0.0,1
University,Hinjewadi,22,1,1,1661,14464,0,31.348826008428656,0.0,0
University,Hinjewadi,22,1,2,1348,12775,0,34.11721068249258,0.0,0
University,Hinjewadi,0,2,0,1323,12430,0,33.82312925170068,0.0,1
University,Hinjewadi,0,2,1,1661,14464,0,31.348826008428656,0.0,0
University,Hinjewadi,0,2,2,1348,12775,0,34.11721068249258,0.0,0
University,Hinjewadi,6,2,0,1346,12430,0,33.24517087667162,0.0,1
University,Hinjewadi,6,2,1,1706,14464,0,30.52192262602579,0.0,0
University,Hinjewadi,6,2,2,1371,12775,0,33.544857768052516,0.0,0
University,Hinjewadi,8,2,0,1530,12430,0,29.24705882352941,0.0,1
University,Hinjewadi,8,2,1,1969,14464,0,26.44509903504317,0.0,0
University,Hinjewadi,8,2,2,1548,12775,0,29.709302325581397,0.0,0
University,Hinjewadi,10,2,0,1621,12430,0,27.60518198642813,0.0,1
University,Hinjewadi,10,2,1,2076,14464,0,25.082080924855493,0.0,0
University,Hinjewadi,10,2,2,1632,12775,0,28.180147058823533,0.0,0
University,Hinjewadi,12,2,0,1661,12430,0,26.940397350993376,0.0,1
University,Hinjewadi,12,2,1,2151,14464,0,24.20753138075314,0.0,0
University,Hinjewadi,12,2,2,1679,12775,0,27.391304347826086,0.0,0
University,Hinjewadi,14,2,0,1555,12430,0,28.77684887459807,0.0,1
University,Hinjewadi,14,2,1,1975,14464,0,26.364759493670885,0.0,0
University,Hinjewadi,14,2,2,1589,12775,0,28.942731277533042,0.0,0
University,Hinjewadi,16,2,0,1624,12430,0,27.554187192118224,0.0,1
University,Hinjewadi,16,2,1,2033,14464,0,25.61259222823414,0.0,0
University,Hinjewadi,16,2,2,1987,16851,0,30.53024660291897,0.0,0
University,Hinjewadi,18,2,0,1935,12430,0,23.12558139534884,0.0,1
University,Hinjewadi,18,2,1,2265,16851,0,26.783046357615895,0.0,0
University,Hinjewadi,18,2,2,2437,14464,0,21.366598276569555,0.0,0
University,Hinjewadi,20,2,0,1718,12430,0,26.046565774155994,0.0,1
University,Hinjewadi,20,2,1,2164,14464,0,24.062107208872458,0.0,0
University,Hinjewadi,20,2,2,2097,16851,0,28.928755364806864,0.0,0
University,Hinjewadi,22,2,0,1323,12430,0,33.82312925170068,0.0,1
University,Hinjewadi,22,2,1,1661,14464,0,31.348826008428656,0.0,0
University,Hinjewadi,22,2,2,1348,12775,0,34.11721068249258,0.0,0
University,Hinjewadi,0,3,0,1323,12430,0,33.82312925170068,0.0,1
University,Hinjewadi,0,3,1,1660,14464,0,31.367710843373494,0.0,0
University,Hinjewadi,0,3,2,1348,12775,0,34.11721068249258,0.0,0
University,Hinjewadi,6,3,0,1342,12430,0,33.34426229508197,0.0,1
University,Hinjewadi,6,3,1,1690,14464,0,30.810887573964497,0.0,0
University,Hinjewadi,6,3,2,1368,12775,0,33.61842105263158,0.0,0
University,Hinjewadi,8,3,0,1463,12430,0,30.586466165413533,0.0,1
University,Hinjewadi,8,3,1,1847,14464,0,28.191878722252298,0.0,0
University,Hinjewadi,8,3,2,1485,12775,0,30.969696969696972,0.0,0
University,Hinjewadi,10,3,0,1519,12430,0,29.458854509545752,0.0,1
University,Hinjewadi,10,3,1,1942,14464,0,26.81277033985582,0.0,0
University,Hinjewadi,10,3,2,1536,12775,0,29.94140625,0.0,0
University,Hinjewadi,12,3,0,1593,12430,0,28.090395480225986,0.0,1
University,Hinjewadi,12,3,1,2107,14464,0,24.713051732320835,0.0,0
University,Hinjewadi,12,3,2,1615,12775,0,28.476780185758514,0.0,0
University,Hinjewadi,14,3,0,1586,12430,0,28.21437578814628,0.0,1
University,Hinjewadi,14,3,1,2119,14464,0,24.573100519112792,0.0,0
University,Hinjewadi,14,3,2,1622,12775,0,28.353884093711468,0.0,0
University,Hinjewadi,16,3,0,1621,12430,0,27.60518198642813,0.0,1
University,Hinjewadi,16,3,1,2137,14464,0,24.366120729995323,0.0,0
University,Hinjewadi,16,3,2,1869,13058,0,25.151845906902086,0.0,0
University,Hinjewadi,18,3,0,1825,12430,0,24.51945205479452,0.0,1
University,Hinjewadi,18,3,1,2269,14464,0,22.94861172322609,0.0,0
University,Hinjewadi,18,3,2,2142,16851,0,28.321008403361343,0.0,0
University,Hinjewadi,20,3,0,1676,12430,0,26.69928400954654,0.0,1
University,Hinjewadi,20,3,1,2098,14464,0,24.81906577693041,0.0,0
University,Hinjewadi,20,3,2,2049,16851,0,29.606442166910686,0.0,0
University,Hinjewadi,22,3,0,1323,12430,0,33.82312925170068,0.0,1
University,Hinjewadi,22,3,1,1660,14464,0,31.367710843373494,0.0,0
University,Hinjewadi,22,3,2,1348,12775,0,34.11721068249258,0.0,0
University,Hinjewadi,0,4,0,1323,12430,0,33.82312925170068,0.0,1
University,Hinjewadi,0,4,1,1660,14464,0,31.367710843373494,0.0,0
University,Hinjewadi,0,4,2,1348,12775,0,34.11721068249258,0.0,0
University,Hinjewadi,6,4,0,1338,12430,0,33.44394618834081,0.0,1
University,Hinjewadi,6,4,1,1682,14464,0,30.957431629013083,0.0,0
University,Hinjewadi,6,4,2,1364,12775,0,33.71700879765396,0.0,0
University,Hinjewadi,8,4,0,1417,12430,0,31.579393083980236,0.0,1
University,Hinjewadi,8,4,1,1805,14464,0,28.84786703601108,0.0,0
University,Hinjewadi,8,4,2,1445,12775,0,31.826989619377162,0.0,0
University,Hinjewadi,10,4,0,1446,12430,0,30.946058091286307,0.0,1
University,Hinjewadi,10,4,1,1810,14464,0,28.76817679558011,0.0,0
University,Hinjewadi,10,4,2,1473,12775,0,31.221995926680243,0.0,0
University,Hinjewadi,12,4,0,1503,12430,0,29.772455089820358,0.0,1
University,Hinjewadi,12,4,1,1876,14464,0,27.756076759061838,0.0,0
University,Hinjewadi,12,4,2,1534,12775,0,29.980443285528033,0.0,0
University,Hinjewadi,14,4,0,1502,12430,0,29.792276964047936,0.0,1
University,Hinjewadi,14,4,1,1859,14464,0,28.00989779451318,0.0,0
University,Hinjewadi,14,4,2,1539,12775,0,29.883040935672515,0.0,0
University,Hinjewadi,16,4,0,1549,12430,0,28.888315041962557,0.0,1
University,Hinjewadi,16,4,1,1874,14464,0,27.785699039487728,0.0,0
University,Hinjewadi,16,4,2,1903,16851,0,31.877877036258536,0.0,0
University,Hinjewadi,18,4,0,1655,12430,0,27.038066465256797,0.0,1
University,Hinjewadi,18,4,1,2014,14464,0,25.854220456802384,0.0,0
University,Hinjewadi,18,4,2,2016,16851,0,30.091071428571425,0.0,0
University,Hinjewadi,20,4,0,1554,12430,0,28.795366795366796,0.0,1
University,Hinjewadi,20,4,1,1967,14464,0,26.47198779867819,0.0,0
University,Hinjewadi,20,4,2,1580,12775,0,29.10759493670886,0.0,0
University,Hinjewadi,22,4,0,1323,12430,0,33.82312925170068,0.0,1
University,Hinjewadi,22,4,1,1660,14464,0,31.367710843373494,0.0,0
University,Hinjewadi,22,4,2,1348,12775,0,34.11721068249258,0.0,0
University,Hinjewadi,0,5,0,1323,12430,0,33.82312925170068,0.0,1
University,Hinjewadi,0,5,1,1661,14464,0,31.348826008428656,0.0,0
University,Hinjewadi,0,5,2,1348,12775,0,34.11721068249258,0.0,0
University,Hinjewadi,6,5,0,1348,12430,0,33.195845697329375,0.0,1
University,Hinjewadi,6,5,1,1706,14464,0,30.52192262602579,0.0,0
University,Hinjewadi,6,5,2,1374,12775,0,33.47161572052402,0.0,0
University,Hinjewadi,8,5,0,1568,12430,0,28.53826530612245,0.0,1
University,Hinjewadi,8,5,1,1994,14464,0,26.1135406218656,0.0,0
University,Hinjewadi,8,5,2,1588,12775,0,28.96095717884131,0.0,0
University,Hinjewadi,10,5,0,1660,12430,0,26.956626506024094,0.0,1
University,Hinjewadi,10,5,1,2166,14464,0,24.0398891966759,0.0,0
University,Hinjewadi,10,5,2,1906,14973,0,28.280587618048266,0.0,0
University,Hinjewadi,12,5,0,1666,12430,0,26.85954381752701,0.0,1
University,Hinjewadi,12,5,1,2195,14464,0,23.722277904328017,0.0,0
University,Hinjewadi,12,5,2,1684,12775,0,27.30997624703088,0.0,0
University,Hinjewadi,14,5,0,1540,12430,0,29.057142857142857,0.0,1
University,Hinjewadi,14,5,1,1946,14464,0,26.75765673175745,0.0,0
University,Hinjewadi,14,5,2,1572,12775,0,29.255725190839698,0.0,0
University,Hinjewadi,16,5,0,1622,12430,0,27.588162762022193,0.0,1
University,Hinjewadi,16,5,1,2027,14464,0,25.68840651208683,0.0,0
University,Hinjewadi,16,5,2,1984,16851,0,30.57641129032258,0.0,0
University,Hinjewadi,18,5,0,1933,12430,0,23.149508535954475,0.0,1
University,Hinjewadi,18,5,1,2239,16851,0,27.094059848146493,0.0,0
University,Hinjewadi,18,5,2,2427,14464,0,21.454635352286772,0.0,0
University,Hinjewadi,20,5,0,1686,12430,0,26.540925266903916,0.0,1
University,Hinjewadi,20,5,1,2144,14464,0,24.286567164179107,0.0,0
University,Hinjewadi,20,5,2,2072,16851,0,29.277799227799225,0.0,0
University,Hinjewadi,22,5,0,1323,12430,0,33.82312925170068,0.0,1
University,Hinjewadi,22,5,1,1661,14464,0,31.348826008428656,0.0,0
University,Hinjewadi,22,5,2,1348,12775,0,34.11721068249258,0.0,0
University,Hinjewadi,0,6,0,1323,12430,0,33.82312925170068,0.0,1
University,Hinjewadi,0,6,1,1661,14464,0,31.348826008428656,0.0,0
University,Hinjewadi,0,6,2,1348,12775,0,34.11721068249258,0.0,0
University,Hinjewadi,6,6,0,1349,12430,0,33.17123795404003,0.0,1
University,Hinjewadi,6,6,1,1699,14464,0,30.647675103001767,0.0,0
University,Hinjewadi,6,6,2,1375,12775,0,33.44727272727273,0.0,0
University,Hinjewadi,8,6,0,1609,12430,0,27.81106277190802,0.0,1
University,Hinjewadi,8,6,1,2035,14464,0,25.587420147420147,0.0,0
University,Hinjewadi,8,6,2,1635,12775,0,28.128440366972477,0.0,0
University,Hinjewadi,10,6,0,1729,12430,0,25.88085598611914,0.0,1
University,Hinjewadi,10,6,1,2222,14402,0,23.333573357335734,0.0,0
University,Hinjewadi,10,6,2,1968,14973,0,27.389634146341468,0.0,0
University,Hinjewadi,12,6,0,1726,12430,0,25.925840092699882,0.0,1
University,Hinjewadi,12,6,1,2249,14402,0,23.05344597598933,0.0,0
University,Hinjewadi,12,6,2,1739,12775,0,26.446233467510062,0.0,0
University,Hinjewadi,14,6,0,1563,12430,0,28.629558541266796,0.0,1
University,Hinjewadi,14,6,1,1984,14464,0,26.24516129032258,0.0,0
University,Hinjewadi,14,6,2,1598,12775,0,28.779724655819777,0.0,0
University,Hinjewadi,16,6,0,1639,12430,0,27.302013422818792,0.0,1
University,Hinjewadi,16,6,1,2082,14464,0,25.00979827089337,0.0,0
University,Hinjewadi,16,6,2,2018,16851,0,30.06124876114965,0.0,0
University,Hinjewadi,18,6,0,1965,12430,0,22.772519083969467,0.0,1
University,Hinjewadi,18,6,1,2300,16851,0,26.375478260869567,0.0,0
University,Hinjewadi,18,6,2,2506,14464,0,20.778292098962492,0.0,0
University,Hinjewadi,20,6,0,1710,12430,0,26.16842105263158,0.0,1
University,Hinjewadi,20,6,1,2153,14464,0,24.185044124477475,0.0,0
University,Hinjewadi,20,6,2,2077,16851,0,29.207318247472312,0.0,0
University,Hinjewadi,22,6,0,1323,12430,0,33.82312925170068,0.0,1
University,Hinjewadi,22,6,1,1661,14464,0,31.348826008428656,0.0,0
University,Hinjewadi,22,6,2,1348,12775,0,34.11721068249258,0.0,0
University,Hinjewadi,0,0,0,1323,12430,0,33.82312925170068,0.0,1
University,Hinjewadi,0,0,1,1661,14464,0,31.348826008428656,0.0,0
University,Hinjewadi,0,0,2,1348,12775,0,34.11721068249258,0.0,0
University,Hinjewadi,6,0,0,1349,12430,0,33.17123795404003,0.0,1
University,Hinjewadi,6,0,1,1720,14464,0,30.273488372093023,0.0,0
University,Hinjewadi,6,0,2,1376,12775,0,33.422965116279066,0.0,0
University,Hinjewadi,8,0,0,1605,12430,0,27.8803738317757,0.0,1
University,Hinjewadi,8,0,1,2044,14464,0,25.474755381604695,0.0,0
University,Hinjewadi,8,0,2,1623,12775,0,28.33641404805915,0.0,0
University,Hinjewadi,10,0,0,1715,12430,0,26.092128279883383,0.0,1
University,Hinjewadi,10,0,1,2221,14464,0,23.444574515983792,0.0,0
University,Hinjewadi,10,0,2,1946,14973,0,27.699280575539568,0.0,0
University,Hinjewadi,12,0,0,1713,12430,0,26.122591943957968,0.0,1
University,Hinjewadi,12,0,1,2105,16851,0,28.81881235154394,0.0,0
University,Hinjewadi,12,0,2,1730,12775,0,26.583815028901736,0.0,0
University,Hinjewadi,14,0,0,1553,12430,0,28.813908564069543,0.0,1
University,Hinjewadi,14,0,1,2005,14464,0,25.970274314214464,0.0,0
University,Hinjewadi,14,0,2,1587,12775,0,28.979206049149337,0.0,0
University,Hinjewadi,16,0,0,1644,12430,0,27.21897810218978,0.0,1
University,Hinjewadi,16,0,1,2097,14464,0,24.830901287553647,0.0,0
University,Hinjewadi,16,0,2,2023,16851,0,29.986950074147302,0.0,0
University,Hinjewadi,18,0,0,1969,12430,0,22.726256983240223,0.0,1
University,Hinjewadi,18,0,1,2317,16851,0,26.1819594302978,0.0,0
University,Hinjewadi,18,0,2,2531,14464,0,20.573054128802845,0.0,0
University,Hinjewadi,20,0,0,1708,12430,0,26.199063231850115,0.0,1
University,Hinjewadi,20,0,1,2174,14464,0,23.95142594296228,0.0,0
University,Hinjewadi,20,0,2,2086,16851,0,29.08130393096836,0.0,0
University,Hinjewadi,22,0,0,1323,12430,0,33.82312925170068,0.0,1
University,Hinjewadi,22,0,1,1661,14464,0,31.348826008428656,0.0,0
University,Hinjewadi,22,0,2,1348,12775,0,34.11721068249258,0.0,0
University,Hinjewadi,0,1,0,1323,12430,0,33.82312925170068,0.0,1
University,Hinjewadi,0,1,1,1661,14464,0,31.348826008428656,0.0,0
University,Hinjewadi,0,1,2,1348,12775,0,34.11721068249258,0.0,0
University,Hinjewadi,6,1,0,1347,12430,0,33.220489977728285,0.0,1
University,Hinjewadi,6,1,1,1705,14464,0,30.539824046920824,0.0,0
University,Hinjewadi,6,1,2,1374,12775,0,33.47161572052402,0.0,0
University,Hinjewadi,8,1,0,1570,12430,0,28.501910828025476,0.0,1
University,Hinjewadi,8,1,1,2031,14464,0,25.637813884785817,0.0,0
University,Hinjewadi,8,1,2,1598,12775,0,28.779724655819777,0.0,0
University,Hinjewadi,10,1,0,1664,12430,0,26.891826923076923,0.0,1
University,Hinjewadi,10,1,1,2155,14464,0,24.162598607888633,0.0,0
University,Hinjewadi,10,1,2,1914,14973,0,28.16238244514107,0.0,0
University,Hinjewadi,12,1,0,1682,12430,0,26.604042806183116,0.0,1
University,Hinjewadi,12,1,1,2196,14464,0,23.711475409836066,0.0,0
University,Hinjewadi,12,1,2,1695,12775,0,27.13274336283186,0.0,0
University,Hinjewadi,14,1,0,1552,12430,0,28.832474226804123,0.0,1
University,Hinjewadi,14,1,1,1968,14464,0,26.458536585365856,0.0,0
University,Hinjewadi,14,1,2,1585,12775,0,29.015772870662463,0.0,0
University,Hinjewadi,16,1,0,1623,12430,0,27.57116451016636,0.0,1
University,Hinjewadi,16,1,1,2047,14464,0,25.437420615534933,0.0,0
University,Hinjewadi,16,1,2,2009,16851,0,30.195918367346938,0.0,0
University,Hinjewadi,18,1,0,1927,12430,0,23.22158796056046,0.0,1
University,Hinjewadi,18,1,1,2264,16851,0,26.794876325088335,0.0,0
University,Hinjewadi,18,1,2,2436,14464,0,21.37536945812808,0.0,0
University,Hinjewadi,20,1,0,1689,12430,0,26.493783303730016,0.0,1
University,Hinjewadi,20,1,1,2118,14464,0,24.58470254957507,0.0,0
University,Hinjewadi,20,1,2,2062,16851,0,29.41978661493695,0.0,0
University,Hinjewadi,22,1,0,1323,12430,0,33.82312925170068,0.0,1
University,Hinjewadi,22,1,1,1661,14464,0,31.348826008428656,0.0,0
University,Hinjewadi,22,1,2,1348,12775,0,34.11721068249258,0.0,0
University,Hinjewadi,0,2,0,1323,12430,0,33.82312925170068,0.0,1
University,Hinjewadi,0,2,1,1661,14464,0,31.348826008428656,0.0,0
University,Hinjewadi,0,2,2,1348,12775,0,34.11721068249258,0.0,0
University,Hinjewadi,6,2,0,1346,12430,0,33.24517087667162,0.0,1
University,Hinjewadi,6,2,1,1706,14464,0,30.52192262602579,0.0,0
University,Hinjewadi,6,2,2,1371,12775,0,33.544857768052516,0.0,0
University,Hinjewadi,8,2,0,1530,12430,0,29.24705882352941,0.0,1
University,Hinjewadi,8,2,1,1969,14464,0,26.44509903504317,0.0,0
University,Hinjewadi,8,2,2,1548,12775,0,29.709302325581397,0.0,0
University,Hinjewadi,10,2,0,1621,12430,0,27.60518198642813,0.0,1
University,Hinjewadi,10,2,1,2076,14464,0,25.082080924855493,0.0,0
University,Hinjewadi,10,2,2,1632,12775,0,28.180147058823533,0.0,0
University,Hinjewadi,12,2,0,1661,12430,0,26.940397350993376,0.0,1
University,Hinjewadi,12,2,1,2151,14464,0,24.20753138075314,0.0,0
University,Hinjewadi,12,2,2,1679,12775,0,27.391304347826086,0.0,0
University,Hinjewadi,14,2,0,1555,12430,0,28.77684887459807,0.0,1
University,Hinjewadi,14,2,1,1975,14464,0,26.364759493670885,0.0,0
University,Hinjewadi,14,2,2,1589,12775,0,28.942731277533042,0.0,0
University,Hinjewadi,16,2,0,1624,12430,0,27.554187192118224,0.0,1
University,Hinjewadi,16,2,1,2033,14464,0,25.61259222823414,0.0,0
University,Hinjewadi,16,2,2,1987,16851,0,30.53024660291897,0.0,0
University,Hinjewadi,18,2,0,1935,12430,0,23.12558139534884,0.0,1
University,Hinjewadi,18,2,1,2265,16851,0,26.783046357615895,0.0,0
University,Hinjewadi,18,2,2,2437,14464,0,21.366598276569555,0.0,0
University,Hinjewadi,20,2,0,1718,12430,0,26.046565774155994,0.0,1
University,Hinjewadi,20,2,1,2164,14464,0,24.062107208872458,0.0,0
University,Hinjewadi,20,2,2,2097,16851,0,28.928755364806864,0.0,0
University,Hinjewadi,22,2,0,1323,12430,0,33.82312925170068,0.0,1
University,Hinjewadi,22,2,1,1661,14464,0,31.348826008428656,0.0,0
University,Hinjewadi,22,2,2,1348,12775,0,34.11721068249258,0.0,0
University,Hinjewadi,0,3,0,1323,12430,0,33.82312925170068,0.0,1
University,Hinjewadi,0,3,1,1660,14464,0,31.367710843373494,0.0,0
University,Hinjewadi,0,3,2,1348,12775,0,34.11721068249258,0.0,0
University,Hinjewadi,6,3,0,1342,12430,0,33.34426229508197,0.0,1
University,Hinjewadi,6,3,1,1690,14464,0,30.810887573964497,0.0,0
University,Hinjewadi,6,3,2,1368,12775,0,33.61842105263158,0.0,0
University,Hinjewadi,8,3,0,1463,12430,0,30.586466165413533,0.0,1
University,Hinjewadi,8,3,1,1847,14464,0,28.191878722252298,0.0,0
University,Hinjewadi,8,3,2,1485,12775,0,30.969696969696972,0.0,0
University,Hinjewadi,10,3,0,1519,12430,0,29.458854509545752,0.0,1
University,Hinjewadi,10,3,1,1942,14464,0,26.81277033985582,0.0,0
University,Hinjewadi,10,3,2,1536,12775,0,29.94140625,0.0,0
University,Hinjewadi,12,3,0,1593,12430,0,28.090395480225986,0.0,1
University,Hinjewadi,12,3,1,2107,14464,0,24.713051732320835,0.0,0
University,Hinjewadi,12,3,2,1615,12775,0,28.476780185758514,0.0,0
University,Hinjewadi,14,3,0,1586,12430,0,28.21437578814628,0.0,1
University,Hinjewadi,14,3,1,2119,14464,0,24.573100519112792,0.0,0
University,Hinjewadi,14,3,2,1622,12775,0,28.353884093711468,0.0,0
University,Hinjewadi,16,3,0,1621,12430,0,27.60518198642813,0.0,1
University,Hinjewadi,16,3,1,2137,14464,0,24.366120729995323,0.0,0
University,Hinjewadi,16,3,2,1869,13058,0,25.151845906902086,0.0,0
University,Hinjewadi,18,3,0,1825,12430,0,24.51945205479452,0.0,1
University,Hinjewadi,18,3,1,2269,14464,0,22.94861172322609,0.0,0
University,Hinjewadi,18,3,2,2142,16851,0,28.321008403361343,0.0,0
University,Hinjewadi,20,3,0,1676,12430,0,26.69928400954654,0.0,1
University,Hinjewadi,20,3,1,2098,14464,0,24.81906577693041,0.0,0
University,Hinjewadi,20,3,2,2049,16851,0,29.606442166910686,0.0,0
University,Hinjewadi,22,3,0,1323,12430,0,33.82312925170068,0.0,1
University,Hinjewadi,22,3,1,1660,14464,0,31.367710843373494,0.0,0
University,Hinjewadi,22,3,2,1348,12775,0,34.11721068249258,0.0,0
University,Hinjewadi,0,4,0,1323,12430,0,33.82312925170068,0.0,1
University,Hinjewadi,0,4,1,1660,14464,0,31.367710843373494,0.0,0
University,Hinjewadi,0,4,2,1348,12775,0,34.11721068249258,0.0,0
University,Hinjewadi,6,4,0,1338,12430,0,33.44394618834081,0.0,1
University,Hinjewadi,6,4,1,1682,14464,0,30.957431629013083,0.0,0
University,Hinjewadi,6,4,2,1364,12775,0,33.71700879765396,0.0,0
University,Hinjewadi,8,4,0,1417,12430,0,31.579393083980236,0.0,1
University,Hinjewadi,8,4,1,1805,14464,0,28.84786703601108,0.0,0
University,Hinjewadi,8,4,2,1445,12775,0,31.826989619377162,0.0,0
University,Hinjewadi,10,4,0,1446,12430,0,30.946058091286307,0.0,1
University,Hinjewadi,10,4,1,1810,14464,0,28.76817679558011,0.0,0
University,Hinjewadi,10,4,2,1473,12775,0,31.221995926680243,0.0,0
University,Hinjewadi,12,4,0,1503,12430,0,29.772455089820358,0.0,1
University,Hinjewadi,12,4,1,1876,14464,0,27.756076759061838,0.0,0
University,Hinjewadi,12,4,2,1534,12775,0,29.980443285528033,0.0,0
University,Hinjewadi,14,4,0,1502,12430,0,29.792276964047936,0.0,1
University,Hinjewadi,14,4,1,1859,14464,0,28.00989779451318,0.0,0
University,Hinjewadi,14,4,2,1539,12775,0,29.883040935672515,0.0,0
University,Hinjewadi,16,4,0,1549,12430,0,28.888315041962557,0.0,1
University,Hinjewadi,16,4,1,1874,14464,0,27.785699039487728,0.0,0
University,Hinjewadi,16,4,2,1903,16851,0,31.877877036258536,0.0,0
University,Hinjewadi,18,4,0,1655,12430,0,27.038066465256797,0.0,1
University,Hinjewadi,18,4,1,2014,14464,0,25.854220456802384,0.0,0
University,Hinjewadi,18,4,2,2016,16851,0,30.091071428571425,0.0,0
University,Hinjewadi,20,4,0,1554,12430,0,28.795366795366796,0.0,1
University,Hinjewadi,20,4,1,1967,14464,0,26.47198779867819,0.0,0
University,Hinjewadi,20,4,2,1580,12775,0,29.10759493670886,0.0,0
University,Hinjewadi,22,4,0,1323,12430,0,33.82312925170068,0.0,1
University,Hinjewadi,22,4,1,1660,14464,0,31.367710843373494,0.0,0
University,Hinjewadi,22,4,2,1348,12775,0,34.11721068249258,0.0,0
University,Hinjewadi,0,5,0,1323,12430,0,33.82312925170068,0.0,1
University,Hinjewadi,0,5,1,1661,14464,0,31.348826008428656,0.0,0
University,Hinjewadi,0,5,2,1348,12775,0,34.11721068249258,0.0,0
University,Hinjewadi,6,5,0,1348,12430,0,33.195845697329375,0.0,1
University,Hinjewadi,6,5,1,1706,14464,0,30.52192262602579,0.0,0
University,Hinjewadi,6,5,2,1374,12775,0,33.47161572052402,0.0,0
University,Hinjewadi,8,5,0,1568,12430,0,28.53826530612245,0.0,1
University,Hinjewadi,8,5,1,1994,14464,0,26.1135406218656,0.0,0
University,Hinjewadi,8,5,2,1588,12775,0,28.96095717884131,0.0,0
University,Hinjewadi,10,5,0,1660,12430,0,26.956626506024094,0.0,1
University,Hinjewadi,10,5,1,2166,14464,0,24.0398891966759,0.0,0
University,Hinjewadi,10,5,2,1906,14973,0,28.280587618048266,0.0,0
University,Hinjewadi,12,5,0,1666,12430,0,26.85954381752701,0.0,1
University,Hinjewadi,12,5,1,2195,14464,0,23.722277904328017,0.0,0
University,Hinjewadi,12,5,2,1684,12775,0,27.30997624703088,0.0,0
University,Hinjewadi,14,5,0,1540,12430,0,29.057142857142857,0.0,1
University,Hinjewadi,14,5,1,1946,14464,0,26.75765673175745,0.0,0
University,Hinjewadi,14,5,2,1572,12775,0,29.255725190839698,0.0,0
University,Hinjewadi,16,5,0,1622,12430,0,27.588162762022193,0.0,1
University,Hinjewadi,16,5,1,2027,14464,0,25.68840651208683,0.0,0
University,Hinjewadi,16,5,2,1984,16851,0,30.57641129032258,0.0,0
University,Hinjewadi,18,5,0,1933,12430,0,23.149508535954475,0.0,1
University,Hinjewadi,18,5,1,2239,16851,0,27.094059848146493,0.0,0
University,Hinjewadi,18,5,2,2427,14464,0,21.454635352286772,0.0,0
University,Hinjewadi,20,5,0,1686,12430,0,26.540925266903916,0.0,1
University,Hinjewadi,20,5,1,2144,14464,0,24.286567164179107,0.0,0
University,Hinjewadi,20,5,2,2072,16851,0,29.277799227799225,0.0,0
University,Hinjewadi,22,5,0,1323,12430,0,33.82312925170068,0.0,1
University,Hinjewadi,22,5,1,1661,14464,0,31.348826008428656,0.0,0
University,Hinjewadi,22,5,2,1348,12775,0,34.11721068249258,0.0,0
University,Hinjewadi,0,6,0,1323,12430,0,33.82312925170068,0.0,1
University,Hinjewadi,0,6,1,1661,14464,0,31.348826008428656,0.0,0
University,Hinjewadi,0,6,2,1348,12775,0,34.11721068249258,0.0,0
University,Hinjewadi,6,6,0,1349,12430,0,33.17123795404003,0.0,1
University,Hinjewadi,6,6,1,1699,14464,0,30.647675103001767,0.0,0
University,Hinjewadi,6,6,2,1375,12775,0,33.44727272727273,0.0,0
University,Hinjewadi,8,6,0,1609,12430,0,27.81106277190802,0.0,1
University,Hinjewadi,8,6,1,2035,14464,0,25.587420147420147,0.0,0
University,Hinjewadi,8,6,2,1635,12775,0,28.128440366972477,0.0,0
University,Hinjewadi,10,6,0,1729,12430,0,25.88085598611914,0.0,1
University,Hinjewadi,10,6,1,2222,14402,0,23.333573357335734,0.0,0
University,Hinjewadi,10,6,2,1968,14973,0,27.389634146341468,0.0,0
University,Hinjewadi,12,6,0,1726,12430,0,25.925840092699882,0.0,1
University,Hinjewadi,12,6,1,2249,14402,0,23.05344597598933,0.0,0
University,Hinjewadi,12,6,2,1739,12775,0,26.446233467510062,0.0,0
University,Hinjewadi,14,6,0,1563,12430,0,28.629558541266796,0.0,1
University,Hinjewadi,14,6,1,1984,14464,0,26.24516129032258,0.0,0
University,Hinjewadi,14,6,2,1598,12775,0,28.779724655819777,0.0,0
University,Hinjewadi,16,6,0,1639,12430,0,27.302013422818792,0.0,1
University,Hinjewadi,16,6,1,2082,14464,0,25.00979827089337,0.0,0
University,Hinjewadi,16,6,2,2018,16851,0,30.06124876114965,0.0,0
University,Hinjewadi,18,6,0,1965,12430,0,22.772519083969467,0.0,1
University,Hinjewadi,18,6,1,2300,16851,0,26.375478260869567,0.0,0
University,Hinjewadi,18,6,2,2506,14464,0,20.778292098962492,0.0,0
University,Hinjewadi,20,6,0,1710,12430,0,26.16842105263158,0.0,1
University,Hinjewadi,20,6,1,2153,14464,0,24.185044124477475,0.0,0
University,Hinjewadi,20,6,2,2077,16851,0,29.207318247472312,0.0,0
University,Hinjewadi,22,6,0,1323,12430,0,33.82312925170068,0.0,1
University,Hinjewadi,22,6,1,1661,14464,0,31.348826008428656,0.0,0
University,Hinjewadi,22,6,2,1348,12775,0,34.11721068249258,0.0,0
University,Kothrud,0,0,0,1054,8629,0,29.47286527514231,0.0,1
University,Kothrud,0,0,1,1173,10430,0,32.010230179028135,0.0,0
University,Kothrud,0,0,2,1638,13398,0,29.446153846153845,0.0,0
University,Kothrud,6,0,0,1070,8629,0,29.032149532710278,0.0,1
University,Kothrud,6,0,1,1193,10430,0,31.473595976529754,0.0,0
University,Kothrud,6,0,2,1660,13398,0,29.05590361445783,0.0,0
University,Kothrud,8,0,0,1249,8629,0,24.871417133706963,0.0,1
University,Kothrud,8,0,1,1425,10430,0,26.349473684210526,0.0,0
University,Kothrud,8,0,2,1863,13398,0,25.88985507246377,0.0,0
University,Kothrud,10,0,0,1373,8629,0,22.625200291332845,0.0,1
University,Kothrud,10,0,1,1602,10430,0,23.43820224719101,0.0,0
University,Kothrud,10,0,2,1978,13398,0,24.384630940343783,0.0,0
University,Kothrud,12,0,0,1495,8629,0,20.778862876254177,0.0,1
University,Kothrud,12,0,1,1772,10430,0,21.18961625282167,0.0,0
University,Kothrud,12,0,2,2054,13398,0,23.482375851996103,0.0,0
University,Kothrud,14,0,0,1391,8629,0,22.332422717469445,0.0,1
University,Kothrud,14,0,1,1645,10430,0,22.825531914893617,0.0,0
University,Kothrud,14,0,2,1873,13398,0,25.75162840363054,0.0,0
University,Kothrud,16,0,0,1421,8629,0,21.86094299788881,0.0,1
University,Kothrud,16,0,1,1732,10430,0,21.678983833718245,0.0,0
University,Kothrud,16,0,2,1940,13398,0,24.862268041237115,0.0,0
University,Kothrud,18,0,0,1699,8629,0,18.283931724543848,0.0,1
University,Kothrud,18,0,1,2009,10430,0,18.689895470383277,0.0,0
University,Kothrud,18,0,2,2300,13398,0,20.970782608695654,0.0,0
University,Kothrud,20,0,0,1469,8629,0,21.14663036078965,0.0,1
University,Kothrud,20,0,1,1658,10430,0,22.646562123039807,0.0,0
University,Kothrud,20,0,2,2045,13398,0,23.585721271393645,0.0,0
University,Kothrud,22,0,0,1054,8629,0,29.47286527514231,0.0,1
University,Kothrud,22,0,1,1173,10430,0,32.010230179028135,0.0,0
University,Kothrud,22,0,2,1638,13398,0,29.446153846153845,0.0,0
University,Kothrud,0,1,0,1054,8629,0,29.47286527514231,0.0,1
University,Kothrud,0,1,1,1173,10430,0,32.010230179028135,0.0,0
University,Kothrud,0,1,2,1638,13398,0,29.446153846153845,0.0,0
University,Kothrud,6,1,0,1070,8629,0,29.032149532710278,0.0,1
University,Kothrud,6,1,1,1193,10430,0,31.473595976529754,0.0,0
University,Kothrud,6,1,2,1660,13398,0,29.05590361445783,0.0,0
University,Kothrud,8,1,0,1244,8629,0,24.971382636655946,0.0,1
University,Kothrud,8,1,1,1406,10430,0,26.705547652916074,0.0,0
University,Kothrud,8,1,2,1859,13398,0,25.945562130177514,0.0,0
University,Kothrud,10,1,0,1371,8629,0,22.658205689277896,0.0,1
University,Kothrud,10,1,1,1577,10430,0,23.809765377298667,0.0,0
University,Kothrud,10,1,2,1971,13398,0,24.471232876712328,0.0,0
University,Kothrud,12,1,0,1506,8629,0,20.627091633466133,0.0,1
University,Kothrud,12,1,1,1756,10430,0,21.38268792710706,0.0,0
University,Kothrud,12,1,2,2057,13398,0,23.44812834224599,0.0,0
University,Kothrud,14,1,0,1406,8629,0,22.09416785206259,0.0,1
University,Kothrud,14,1,1,1659,10430,0,22.632911392405063,0.0,0
University,Kothrud,14,1,2,1885,13398,0,25.587692307692304,0.0,0
University,Kothrud,16,1,0,1412,8629,0,22.00028328611898,0.0,1
University,Kothrud,16,1,1,1716,10430,0,21.88111888111888,0.0,0
University,Kothrud,16,1,2,1927,13398,0,25.029994810586405,0.0,0
University,Kothrud,18,1,0,1659,8629,0,18.724773960216996,0.0,1
University,Kothrud,18,1,1,1923,10430,0,19.525741029641186,0.0,0
University,Kothrud,18,1,2,2236,13398,0,21.571019677996425,0.0,0
University,Kothrud,20,1,0,1450,8629,0,21.423724137931032,0.0,1
University,Kothrud,20,1,1,1613,10430,0,23.27836329820211,0.0,0
University,Kothrud,20,1,2,2026,13398,0,23.80691016781836,0.0,0
University,Kothrud,22,1,0,1054,8629,0,29.47286527514231,0.0,1
University,Kothrud,22,1,1,1173,10430,0,32.010230179028135,0.0,0
University,Kothrud,22,1,2,1638,13398,0,29.446153846153845,0.0,0
University,Kothrud,0,2,0,1054,8629,0,29.47286527514231,0.0,1
University,Kothrud,0,2,1,1173,10430,0,32.010230179028135,0.0,0
University,Kothrud,0,2,2,1638,13398,0,29.446153846153845,0.0,0
University,Kothrud,6,2,0,1070,8629,0,29.032149532710278,0.0,1
University,Kothrud,6,2,1,1193,10430,0,31.473595976529754,0.0,0
University,Kothrud,6,2,2,1660,13398,0,29.05590361445783,0.0,0
University,Kothrud,8,2,0,1238,8629,0,25.092407108239094,0.0,1
University,Kothrud,8,2,1,1389,10430,0,27.032397408207345,0.0,0
University,Kothrud,8,2,2,1847,13398,0,26.114131023280994,0.0,0
University,Kothrud,10,2,0,1359,8629,0,22.858278145695362,0.0,1
University,Kothrud,10,2,1,1563,10430,0,24.023032629558543,0.0,0
University,Kothrud,10,2,2,1961,13398,0,24.59602243753187,0.0,0
University,Kothrud,12,2,0,1481,8629,0,20.975286968264683,0.0,1
University,Kothrud,12,2,1,1760,10430,0,21.33409090909091,0.0,0
University,Kothrud,12,2,2,2045,13398,0,23.585721271393645,0.0,0
University,Kothrud,14,2,0,1385,8629,0,22.42916967509025,0.0,1
University,Kothrud,14,2,1,1696,10430,0,22.139150943396228,0.0,0
University,Kothrud,14,2,2,1881,13398,0,25.642105263157895,0.0,0
University,Kothrud,16,2,0,1416,8629,0,21.938135593220338,0.0,1
University,Kothrud,16,2,1,1773,10430,0,21.17766497461929,0.0,0
University,Kothrud,16,2,2,1928,13398,0,25.01701244813278,0.0,0
University,Kothrud,18,2,0,1737,8629,0,17.883937823834195,0.0,1
University,Kothrud,18,2,1,2001,10430,0,18.764617691154424,0.0,0
University,Kothrud,18,2,2,2260,13398,0,21.34194690265487,0.0,0
University,Kothrud,20,2,0,1487,8629,0,20.8906523201076,0.0,1
University,Kothrud,20,2,1,1642,10430,0,22.86723507917174,0.0,0
University,Kothrud,20,2,2,2049,13398,0,23.539677891654463,0.0,0
University,Kothrud,22,2,0,1054,8629,0,29.47286527514231,0.0,1
University,Kothrud,22,2,1,1173,10430,0,32.010230179028135,0.0,0
University,Kothrud,22,2,2,1638,13398,0,29.446153846153845,0.0,0
University,Kothrud,0,3,0,1053,8629,0,29.500854700854703,0.0,1
University,Kothrud,0,3,1,1173,10430,0,32.010230179028135,0.0,0
University,Kothrud,0,3,2,1638,13398,0,29.446153846153845,0.0,0
University,Kothrud,6,3,0,1069,8629,0,29.059307764265665,0.0,1
University,Kothrud,6,3,1,1193,10430,0,31.473595976529754,0.0,0
University,Kothrud,6,3,2,1659,13398,0,29.073417721518986,0.0,0
University,Kothrud,8,3,0,1203,8629,0,25.822443890274315,0.0,1
University,Kothrud,8,3,1,1351,10430,0,27.792746113989637,0.0,0
University,Kothrud,8,3,2,1829,13398,0,26.37113176599234,0.0,0
University,Kothrud,10,3,0,1333,8629,0,23.304126031507877,0.0,1
University,Kothrud,10,3,1,1553,10430,0,24.177720540888604,0.0,0
University,Kothrud,10,3,2,1952,13398,0,24.709426229508193,0.0,0
University,Kothrud,12,3,0,1489,8629,0,20.862592343854935,0.0,1
University,Kothrud,12,3,1,1811,10430,0,20.73329652125897,0.0,0
University,Kothrud,12,3,2,2090,13398,0,23.077894736842104,0.0,0
University,Kothrud,14,3,0,1459,8629,0,21.291569568197392,0.0,1
University,Kothrud,14,3,1,1816,10430,0,20.676211453744493,0.0,0
University,Kothrud,14,3,2,1964,13398,0,24.55845213849287,0.0,0
University,Kothrud,16,3,0,1484,8629,0,20.93288409703504,0.0,1
University,Kothrud,16,3,1,1860,10430,0,20.187096774193545,0.0,0
University,Kothrud,16,3,2,1967,13398,0,24.520996441281138,0.0,0
University,Kothrud,18,3,0,1604,8629,0,19.366832917705736,0.0,1
University,Kothrud,18,3,1,1890,10430,0,19.866666666666664,0.0,0
University,Kothrud,18,3,2,2203,13398,0,21.894144348615526,0.0,0
University,Kothrud,20,3,0,1414,8629,0,21.969165487977367,0.0,1
University,Kothrud,20,3,1,1600,10430,0,23.4675,0.0,0
University,Kothrud,20,3,2,2066,13398,0,23.345982575024202,0.0,0
University,Kothrud,22,3,0,1053,8629,0,29.500854700854703,0.0,1
University,Kothrud,22,3,1,1173,10430,0,32.010230179028135,0.0,0
University,Kothrud,22,3,2,1638,13398,0,29.446153846153845,0.0,0
University,Kothrud,0,4,0,1053,8629,0,29.500854700854703,0.0,1
University,Kothrud,0,4,1,1173,10430,0,32.010230179028135,0.0,0
University,Kothrud,0,4,2,1638,13398,0,29.446153846153845,0.0,0
University,Kothrud,6,4,0,1066,8629,0,29.14108818011257,0.0,1
University,Kothrud,6,4,1,1189,10430,0,31.579478553406222,0.0,0
University,Kothrud,6,4,2,1652,13398,0,29.196610169491525,0.0,0
University,Kothrud,8,4,0,1151,8629,0,26.989052997393568,0.0,1
University,Kothrud,8,4,1,1301,10430,0,28.8608762490392,0.0,0
University,Kothrud,8,4,2,1767,13398,0,27.29643463497453,0.0,0
University,Kothrud,10,4,0,1193,8629,0,26.03889354568315,0.0,1
University,Kothrud,10,4,1,1384,10430,0,27.13005780346821,0.0,0
University,Kothrud,10,4,2,1809,13398,0,26.662686567164183,0.0,0
University,Kothrud,12,4,0,1284,8629,0,24.19345794392523,0.0,1
University,Kothrud,12,4,1,1528,10430,0,24.57329842931937,0.0,0
University,Kothrud,12,4,2,1882,13398,0,25.62848034006376,0.0,0
University,Kothrud,14,4,0,1302,8629,0,23.858986175115206,0.0,1
University,Kothrud,14,4,1,1549,10430,0,24.24015493867011,0.0,0
University,Kothrud,14,4,2,1820,13398,0,26.501538461538463,0.0,0
University,Kothrud,16,4,0,1306,8629,0,23.78591117917305,0.0,1
University,Kothrud,16,4,1,1573,10430,0,23.87031150667514,0.0,0
University,Kothrud,16,4,2,1821,13398,0,26.486985172981875,0.0,0
University,Kothrud,18,4,0,1372,8629,0,22.641690962099123,0.0,1
University,Kothrud,18,4,1,1629,10430,0,23.049723756906076,0.0,0
University,Kothrud,18,4,2,1951,13398,0,24.722091235263967,0.0,0
University,Kothrud,20,4,0,1298,8629,0,23.932511556240367,0.0,1
University,Kothrud,20,4,1,1472,10430,0,25.508152173913043,0.0,0
University,Kothrud,20,4,2,1903,13398,0,25.34566473988439,0.0,0
University,Kothrud,22,4,0,1053,8629,0,29.500854700854703,0.0,1
University,Kothrud,22,4,1,1173,10430,0,32.010230179028135,0.0,0
University,Kothrud,22,4,2,1638,13398,0,29.446153846153845,0.0,0
University,Kothrud,0,5,0,1054,8629,0,29.47286527514231,0.0,1
University,Kothrud,0,5,1,1173,10430,0,32.010230179028135,0.0,0
University,Kothrud,0,5,2,1638,13398,0,29.446153846153845,0.0,0
University,Kothrud,6,5,0,1071,8629,0,29.005042016806723,0.0,1
University,Kothrud,6,5,1,1194,10430,0,31.44723618090452,0.0,0
University,Kothrud,6,5,2,1661,13398,0,29.038410596026488,0.0,0
University,Kothrud,8,5,0,1237,8629,0,25.11269199676637,0.0,1
University,Kothrud,8,5,1,1403,10430,0,26.762651461154665,0.0,0
University,Kothrud,8,5,2,1844,13398,0,26.156616052060734,0.0,0
University,Kothrud,10,5,0,1358,8629,0,22.875110456553752,0.0,1
University,Kothrud,10,5,1,1575,10430,0,23.84,0.0,0
University,Kothrud,10,5,2,1962,13398,0,24.583486238532107,0.0,0
University,Kothrud,12,5,0,1481,8629,0,20.975286968264683,0.0,1
University,Kothrud,12,5,1,1725,10430,0,21.76695652173913,0.0,0
University,Kothrud,12,5,2,2041,13398,0,23.631945124938753,0.0,0
University,Kothrud,14,5,0,1386,8629,0,22.41298701298701,0.0,1
University,Kothrud,14,5,1,1619,10430,0,23.192093885114268,0.0,0
University,Kothrud,14,5,2,1863,13398,0,25.88985507246377,0.0,0
University,Kothrud,16,5,0,1395,8629,0,22.26838709677419,0.0,1
University,Kothrud,16,5,1,1701,10430,0,22.074074074074076,0.0,0
University,Kothrud,16,5,2,1909,13398,0,25.26600314300681,0.0,0
University,Kothrud,18,5,0,1657,8629,0,18.747374773687387,0.0,1
University,Kothrud,18,5,1,1944,10430,0,19.314814814814813,0.0,0
University,Kothrud,18,5,2,2231,13398,0,21.61936351411923,0.0,0
University,Kothrud,20,5,0,1453,8629,0,21.379490708878183,0.0,1
University,Kothrud,20,5,1,1607,10430,0,23.365276913503422,0.0,0
University,Kothrud,20,5,2,2036,13398,0,23.689980353634574,0.0,0
University,Kothrud,22,5,0,1054,8629,0,29.47286527514231,0.0,1
University,Kothrud,22,5,1,1173,10430,0,32.010230179028135,0.0,0
University,Kothrud,22,5,2,1638,13398,0,29.446153846153845,0.0,0
University,Kothrud,0,6,0,1054,8629,0,29.47286527514231,0.0,1
University,Kothrud,0,6,1,1173,10430,0,32.010230179028135,0.0,0
University,Kothrud,0,6,2,1638,13398,0,29.446153846153845,0.0,0
University,Kothrud,6,6,0,1071,8629,0,29.005042016806723,0.0,1
University,Kothrud,6,6,1,1194,10430,0,31.44723618090452,0.0,0
University,Kothrud,6,6,2,1661,13398,0,29.038410596026488,0.0,0
University,Kothrud,8,6,0,1246,8629,0,24.931300160513644,0.0,1
University,Kothrud,8,6,1,1418,10430,0,26.479548660084625,0.0,0
University,Kothrud,8,6,2,1864,13398,0,25.875965665236052,0.0,0
University,Kothrud,10,6,0,1394,8629,0,22.284361549497845,0.0,1
University,Kothrud,10,6,1,1620,10430,0,23.177777777777777,0.0,0
University,Kothrud,10,6,2,2003,13398,0,24.080279580629053,0.0,0
University,Kothrud,12,6,0,1518,8629,0,20.464031620553357,0.0,1
University,Kothrud,12,6,1,1790,10430,0,20.97653631284916,0.0,0
University,Kothrud,12,6,2,2080,13398,0,23.188846153846157,0.0,0
University,Kothrud,14,6,0,1394,8629,0,22.284361549497845,0.0,1
University,Kothrud,14,6,1,1657,10430,0,22.660229330114664,0.0,0
University,Kothrud,14,6,2,1879,13398,0,25.669398616285257,0.0,0
University,Kothrud,16,6,0,1406,8629,0,22.09416785206259,0.0,1
University,Kothrud,16,6,1,1731,10430,0,21.69150779896014,0.0,0
University,Kothrud,16,6,2,1933,13398,0,24.952302121055354,0.0,0
University,Kothrud,18,6,0,1684,8629,0,18.446793349168644,0.0,1
University,Kothrud,18,6,1,1969,10430,0,19.06957846622651,0.0,0
University,Kothrud,18,6,2,2289,13398,0,21.071559633027523,0.0,0
University,Kothrud,20,6,0,1472,8629,0,21.10353260869565,0.0,1
University,Kothrud,20,6,1,1625,10430,0,23.106461538461538,0.0,0
University,Kothrud,20,6,2,2064,13398,0,23.36860465116279,0.0,0
University,Kothrud,22,6,0,1054,8629,0,29.47286527514231,0.0,1
University,Kothrud,22,6,1,1173,10430,0,32.010230179028135,0.0,0
University,Kothrud,22,6,2,1638,13398,0,29.446153846153845,0.0,0
University,Kothrud,0,0,0,1054,8629,0,29.47286527514231,0.0,1
University,Kothrud,0,0,1,1173,10430,0,32.010230179028135,0.0,0
University,Kothrud,0,0,2,1638,13398,0,29.446153846153845,0.0,0
University,Kothrud,6,0,0,1070,8629,0,29.032149532710278,0.0,1
University,Kothrud,6,0,1,1193,10430,0,31.473595976529754,0.0,0
University,Kothrud,6,0,2,1660,13398,0,29.05590361445783,0.0,0
University,Kothrud,8,0,0,1249,8629,0,24.871417133706963,0.0,1
University,Kothrud,8,0,1,1425,10430,0,26.349473684210526,0.0,0
University,Kothrud,8,0,2,1863,13398,0,25.88985507246377,0.0,0
University,Kothrud,10,0,0,1373,8629,0,22.625200291332845,0.0,1
University,Kothrud,10,0,1,1602,10430,0,23.43820224719101,0.0,0
University,Kothrud,10,0,2,1978,13398,0,24.384630940343783,0.0,0
University,Kothrud,12,0,0,1495,8629,0,20.778862876254177,0.0,1
University,Kothrud,12,0,1,1772,10430,0,21.18961625282167,0.0,0
University,Kothrud,12,0,2,2054,13398,0,23.482375851996103,0.0,0
University,Kothrud,14,0,0,1391,8629,0,22.332422717469445,0.0,1
University,Kothrud,14,0,1,1645,10430,0,22.825531914893617,0.0,0
University,Kothrud,14,0,2,1873,13398,0,25.75162840363054,0.0,0
University,Kothrud,16,0,0,1421,8629,0,21.86094299788881,0.0,1
University,Kothrud,16,0,1,1732,10430,0,21.678983833718245,0.0,0
University,Kothrud,16,0,2,1940,13398,0,24.862268041237115,0.0,0
University,Kothrud,18,0,0,1699,8629,0,18.283931724543848,0.0,1
University,Kothrud,18,0,1,2009,10430,0,18.689895470383277,0.0,0
University,Kothrud,18,0,2,2300,13398,0,20.970782608695654,0.0,0
University,Kothrud,20,0,0,1469,8629,0,21.14663036078965,0.0,1
University,Kothrud,20,0,1,1658,10430,0,22.646562123039807,0.0,0
University,Kothrud,20,0,2,2045,13398,0,23.585721271393645,0.0,0
University,Kothrud,22,0,0,1054,8629,0,29.47286527514231,0.0,1
University,Kothrud,22,0,1,1173,10430,0,32.010230179028135,0.0,0
University,Kothrud,22,0,2,1638,13398,0,29.446153846153845,0.0,0
University,Kothrud,0,1,0,1054,8629,0,29.47286527514231,0.0,1
University,Kothrud,0,1,1,1173,10430,0,32.010230179028135,0.0,0
University,Kothrud,0,1,2,1638,13398,0,29.446153846153845,0.0,0
University,Kothrud,6,1,0,1070,8629,0,29.032149532710278,0.0,1
University,Kothrud,6,1,1,1193,10430,0,31.473595976529754,0.0,0
University,Kothrud,6,1,2,1660,13398,0,29.05590361445783,0.0,0
University,Kothrud,8,1,0,1244,8629,0,24.971382636655946,0.0,1
University,Kothrud,8,1,1,1406,10430,0,26.705547652916074,0.0,0
University,Kothrud,8,1,2,1859,13398,0,25.945562130177514,0.0,0
University,Kothrud,10,1,0,1371,8629,0,22.658205689277896,0.0,1
University,Kothrud,10,1,1,1577,10430,0,23.809765377298667,0.0,0
University,Kothrud,10,1,2,1971,13398,0,24.471232876712328,0.0,0
University,Kothrud,12,1,0,1506,8629,0,20.627091633466133,0.0,1
University,Kothrud,12,1,1,1756,10430,0,21.38268792710706,0.0,0
University,Kothrud,12,1,2,2057,13398,0,23.44812834224599,0.0,0
University,Kothrud,14,1,0,1406,8629,0,22.09416785206259,0.0,1
University,Kothrud,14,1,1,1659,10430,0,22.632911392405063,0.0,0
University,Kothrud,14,1,2,1885,13398,0,25.587692307692304,0.0,0
University,Kothrud,16,1,0,1412,8629,0,22.00028328611898,0.0,1
University,Kothrud,16,1,1,1716,10430,0,21.88111888111888,0.0,0
University,Kothrud,16,1,2,1927,13398,0,25.029994810586405,0.0,0
University,Kothrud,18,1,0,1659,8629,0,18.724773960216996,0.0,1
University,Kothrud,18,1,1,1923,10430,0,19.525741029641186,0.0,0
University,Kothrud,18,1,2,2236,13398,0,21.571019677996425,0.0,0
University,Kothrud,20,1,0,1450,8629,0,21.423724137931032,0.0,1
University,Kothrud,20,1,1,1613,10430,0,23.27836329820211,0.0,0
University,Kothrud,20,1,2,2026,13398,0,23.80691016781836,0.0,0
University,Kothrud,22,1,0,1054,8629,0,29.47286527514231,0.0,1
University,Kothrud,22,1,1,1173,10430,0,32.010230179028135,0.0,0
University,Kothrud,22,1,2,1638,13398,0,29.446153846153845,0.0,0
University,Kothrud,0,2,0,1054,8629,0,29.47286527514231,0.0,1
University,Kothrud,0,2,1,1173,10430,0,32.010230179028135,0.0,0
University,Kothrud,0,2,2,1638,13398,0,29.446153846153845,0.0,0
University,Kothrud,6,2,0,1070,8629,0,29.032149532710278,0.0,1
University,Kothrud,6,2,1,1193,10430,0,31.473595976529754,0.0,0
University,Kothrud,6,2,2,1660,13398,0,29.05590361445783,0.0,0
University,Kothrud,8,2,0,1238,8629,0,25.092407108239094,0.0,1
University,Kothrud,8,2,1,1389,10430,0,27.032397408207345,0.0,0
University,Kothrud,8,2,2,1847,13398,0,26.114131023280994,0.0,0
University,Kothrud,10,2,0,1359,8629,0,22.858278145695362,0.0,1
University,Kothrud,10,2,1,1563,10430,0,24.023032629558543,0.0,0
University,Kothrud,10,2,2,1961,13398,0,24.59602243753187,0.0,0
University,Kothrud,12,2,0,1481,8629,0,20.975286968264683,0.0,1
University,Kothrud,12,2,1,1760,10430,0,21.33409090909091,0.0,0
University,Kothrud,12,2,2,2045,13398,0,23.585721271393645,0.0,0
University,Kothrud,14,2,0,1385,8629,0,22.42916967509025,0.0,1
University,Kothrud,14,2,1,1696,10430,0,22.139150943396228,0.0,0
University,Kothrud,14,2,2,1881,13398,0,25.642105263157895,0.0,0
University,Kothrud,16,2,0,1416,8629,0,21.938135593220338,0.0,1
University,Kothrud,16,2,1,1773,10430,0,21.17766497461929,0.0,0
University,Kothrud,16,2,2,1928,13398,0,25.01701244813278,0.0,0
University,Kothrud,18,2,0,1737,8629,0,17.883937823834195,0.0,1
University,Kothrud,18,2,1,2001,10430,0,18.764617691154424,0.0,0
University,Kothrud,18,2,2,2260,13398,0,21.34194690265487,0.0,0
University,Kothrud,20,2,0,1487,8629,0,20.8906523201076,0.0,1
University,Kothrud,20,2,1,1642,10430,0,22.86723507917174,0.0,0
University,Kothrud,20,2,2,2049,13398,0,23.539677891654463,0.0,0
University,Kothrud,22,2,0,1054,8629,0,29.47286527514231,0.0,1
University,Kothrud,22,2,1,1173,10430,0,32.010230179028135,0.0,0
University,Kothrud,22,2,2,1638,13398,0,29.446153846153845,0.0,0
University,Kothrud,0,3,0,1053,8629,0,29.500854700854703,0.0,1
University,Kothrud,0,3,1,1173,10430,0,32.010230179028135,0.0,0
University,Kothrud,0,3,2,1638,13398,0,29.446153846153845,0.0,0
University,Kothrud,6,3,0,1069,8629,0,29.059307764265665,0.0,1
University,Kothrud,6,3,1,1193,10430,0,31.473595976529754,0.0,0
University,Kothrud,6,3,2,1659,13398,0,29.073417721518986,0.0,0
University,Kothrud,8,3,0,1203,8629,0,25.822443890274315,0.0,1
University,Kothrud,8,3,1,1351,10430,0,27.792746113989637,0.0,0
University,Kothrud,8,3,2,1829,13398,0,26.37113176599234,0.0,0
University,Kothrud,10,3,0,1333,8629,0,23.304126031507877,0.0,1
University,Kothrud,10,3,1,1553,10430,0,24.177720540888604,0.0,0
University,Kothrud,10,3,2,1952,13398,0,24.709426229508193,0.0,0
University,Kothrud,12,3,0,1489,8629,0,20.862592343854935,0.0,1
University,Kothrud,12,3,1,1811,10430,0,20.73329652125897,0.0,0
University,Kothrud,12,3,2,2090,13398,0,23.077894736842104,0.0,0
University,Kothrud,14,3,0,1459,8629,0,21.291569568197392,0.0,1
University,Kothrud,14,3,1,1816,10430,0,20.676211453744493,0.0,0
University,Kothrud,14,3,2,1964,13398,0,24.55845213849287,0.0,0
University,Kothrud,16,3,0,1484,8629,0,20.93288409703504,0.0,1
University,Kothrud,16,3,1,1860,10430,0,20.187096774193545,0.0,0
University,Kothrud,16,3,2,1967,13398,0,24.520996441281138,0.0,0
University,Kothrud,18,3,0,1604,8629,0,19.366832917705736,0.0,1
University,Kothrud,18,3,1,1890,10430,0,19.866666666666664,0.0,0
University,Kothrud,18,3,2,2203,13398,0,21.894144348615526,0.0,0
University,Kothrud,20,3,0,1414,8629,0,21.969165487977367,0.0,1
University,Kothrud,20,3,1,1600,10430,0,23.4675,0.0,0
University,Kothrud,20,3,2,2066,13398,0,23.345982575024202,0.0,0
University,Kothrud,22,3,0,1053,8629,0,29.500854700854703,0.0,1
University,Kothrud,22,3,1,1173,10430,0,32.010230179028135,0.0,0
University,Kothrud,22,3,2,1638,13398,0,29.446153846153845,0.0,0
University,Kothrud,0,4,0,1053,8629,0,29.500854700854703,0.0,1
University,Kothrud,0,4,1,1173,10430,0,32.010230179028135,0.0,0
University,Kothrud,0,4,2,1638,13398,0,29.446153846153845,0.0,0
University,Kothrud,6,4,0,1066,8629,0,29.14108818011257,0.0,1
University,Kothrud,6,4,1,1189,10430,0,31.579478553406222,0.0,0
University,Kothrud,6,4,2,1652,13398,0,29.196610169491525,0.0,0
University,Kothrud,8,4,0,1151,8629,0,26.989052997393568,0.0,1
University,Kothrud,8,4,1,1301,10430,0,28.8608762490392,0.0,0
University,Kothrud,8,4,2,1767,13398,0,27.29643463497453,0.0,0
University,Kothrud,10,4,0,1193,8629,0,26.03889354568315,0.0,1
University,Kothrud,10,4,1,1384,10430,0,27.13005780346821,0.0,0
University,Kothrud,10,4,2,1809,13398,0,26.662686567164183,0.0,0
University,Kothrud,12,4,0,1284,8629,0,24.19345794392523,0.0,1
University,Kothrud,12,4,1,1528,10430,0,24.57329842931937,0.0,0
University,Kothrud,12,4,2,1882,13398,0,25.62848034006376,0.0,0
University,Kothrud,14,4,0,1302,8629,0,23.858986175115206,0.0,1
University,Kothrud,14,4,1,1549,10430,0,24.24015493867011,0.0,0
University,Kothrud,14,4,2,1820,13398,0,26.501538461538463,0.0,0
University,Kothrud,16,4,0,1306,8629,0,23.78591117917305,0.0,1
University,Kothrud,16,4,1,1573,10430,0,23.87031150667514,0.0,0
University,Kothrud,16,4,2,1821,13398,0,26.486985172981875,0.0,0
University,Kothrud,18,4,0,1372,8629,0,22.641690962099123,0.0,1
University,Kothrud,18,4,1,1629,10430,0,23.049723756906076,0.0,0
University,Kothrud,18,4,2,1951,13398,0,24.722091235263967,0.0,0
University,Kothrud,20,4,0,1298,8629,0,23.932511556240367,0.0,1
University,Kothrud,20,4,1,1472,10430,0,25.508152173913043,0.0,0
University,Kothrud,20,4,2,1903,13398,0,25.34566473988439,0.0,0
University,Kothrud,22,4,0,1053,8629,0,29.500854700854703,0.0,1
University,Kothrud,22,4,1,1173,10430,0,32.010230179028135,0.0,0
University,Kothrud,22,4,2,1638,13398,0,29.446153846153845,0.0,0
University,Kothrud,0,5,0,1054,8629,0,29.47286527514231,0.0,1
University,Kothrud,0,5,1,1173,10430,0,32.010230179028135,0.0,0
University,Kothrud,0,5,2,1638,13398,0,29.446153846153845,0.0,0
University,Kothrud,6,5,0,1071,8629,0,29.005042016806723,0.0,1
University,Kothrud,6,5,1,1194,10430,0,31.44723618090452,0.0,0
University,Kothrud,6,5,2,1661,13398,0,29.038410596026488,0.0,0
University,Kothrud,8,5,0,1237,8629,0,25.11269199676637,0.0,1
University,Kothrud,8,5,1,1403,10430,0,26.762651461154665,0.0,0
University,Kothrud,8,5,2,1844,13398,0,26.156616052060734,0.0,0
University,Kothrud,10,5,0,1358,8629,0,22.875110456553752,0.0,1
University,Kothrud,10,5,1,1575,10430,0,23.84,0.0,0
University,Kothrud,10,5,2,1962,13398,0,24.583486238532107,0.0,0
University,Kothrud,12,5,0,1481,8629,0,20.975286968264683,0.0,1
University,Kothrud,12,5,1,1725,10430,0,21.76695652173913,0.0,0
University,Kothrud,12,5,2,2041,13398,0,23.631945124938753,0.0,0
University,Kothrud,14,5,0,1386,8629,0,22.41298701298701,0.0,1
University,Kothrud,14,5,1,1619,10430,0,23.192093885114268,0.0,0
University,Kothrud,14,5,2,1863,13398,0,25.88985507246377,0.0,0
University,Kothrud,16,5,0,1395,8629,0,22.26838709677419,0.0,1
University,Kothrud,16,5,1,1701,10430,0,22.074074074074076,0.0,0
University,Kothrud,16,5,2,1909,13398,0,25.26600314300681,0.0,0
University,Kothrud,18,5,0,1657,8629,0,18.747374773687387,0.0,1
University,Kothrud,18,5,1,1944,10430,0,19.314814814814813,0.0,0
University,Kothrud,18,5,2,2231,13398,0,21.61936351411923,0.0,0
University,Kothrud,20,5,0,1453,8629,0,21.379490708878183,0.0,1
University,Kothrud,20,5,1,1607,10430,0,23.365276913503422,0.0,0
University,Kothrud,20,5,2,2036,13398,0,23.689980353634574,0.0,0
University,Kothrud,22,5,0,1054,8629,0,29.47286527514231,0.0,1
University,Kothrud,22,5,1,1173,10430,0,32.010230179028135,0.0,0
University,Kothrud,22,5,2,1638,13398,0,29.446153846153845,0.0,0
University,Kothrud,0,6,0,1054,8629,0,29.47286527514231,0.0,1
University,Kothrud,0,6,1,1173,10430,0,32.010230179028135,0.0,0
University,Kothrud,0,6,2,1638,13398,0,29.446153846153845,0.0,0
University,Kothrud,6,6,0,1071,8629,0,29.005042016806723,0.0,1
University,Kothrud,6,6,1,1194,10430,0,31.44723618090452,0.0,0
University,Kothrud,6,6,2,1661,13398,0,29.038410596026488,0.0,0
University,Kothrud,8,6,0,1246,8629,0,24.931300160513644,0.0,1
University,Kothrud,8,6,1,1418,10430,0,26.479548660084625,0.0,0
University,Kothrud,8,6,2,1864,13398,0,25.875965665236052,0.0,0
University,Kothrud,10,6,0,1394,8629,0,22.284361549497845,0.0,1
University,Kothrud,10,6,1,1620,10430,0,23.177777777777777,0.0,0
University,Kothrud,10,6,2,2003,13398,0,24.080279580629053,0.0,0
University,Kothrud,12,6,0,1518,8629,0,20.464031620553357,0.0,1
University,Kothrud,12,6,1,1790,10430,0,20.97653631284916,0.0,0
University,Kothrud,12,6,2,2080,13398,0,23.188846153846157,0.0,0
University,Kothrud,14,6,0,1394,8629,0,22.284361549497845,0.0,1
University,Kothrud,14,6,1,1657,10430,0,22.660229330114664,0.0,0
University,Kothrud,14,6,2,1879,13398,0,25.669398616285257,0.0,0
University,Kothrud,16,6,0,1406,8629,0,22.09416785206259,0.0,1
University,Kothrud,16,6,1,1731,10430,0,21.69150779896014,0.0,0
University,Kothrud,16,6,2,1933,13398,0,24.952302121055354,0.0,0
University,Kothrud,18,6,0,1684,8629,0,18.446793349168644,0.0,1
University,Kothrud,18,6,1,1969,10430,0,19.06957846622651,0.0,0
University,Kothrud,18,6,2,2289,13398,0,21.071559633027523,0.0,0
University,Kothrud,20,6,0,1472,8629,0,21.10353260869565,0.0,1
University,Kothrud,20,6,1,1625,10430,0,23.106461538461538,0.0,0
University,Kothrud,20,6,2,2064,13398,0,23.36860465116279,0.0,0
University,Kothrud,22,6,0,1054,8629,0,29.47286527514231,0.0,1
University,Kothrud,22,6,1,1173,10430,0,32.010230179028135,0.0,0
University,Kothrud,22,6,2,1638,13398,0,29.446153846153845,0.0,0
University,Kothrud,0,0,0,1054,8629,0,29.47286527514231,0.0,1
University,Kothrud,0,0,1,1173,10430,0,32.010230179028135,0.0,0
University,Kothrud,0,0,2,1638,13398,0,29.446153846153845,0.0,0
University,Kothrud,6,0,0,1070,8629,0,29.032149532710278,0.0,1
University,Kothrud,6,0,1,1193,10430,0,31.473595976529754,0.0,0
University,Kothrud,6,0,2,1660,13398,0,29.05590361445783,0.0,0
University,Kothrud,8,0,0,1249,8629,0,24.871417133706963,0.0,1
University,Kothrud,8,0,1,1425,10430,0,26.349473684210526,0.0,0
University,Kothrud,8,0,2,1863,13398,0,25.88985507246377,0.0,0
University,Kothrud,10,0,0,1373,8629,0,22.625200291332845,0.0,1
University,Kothrud,10,0,1,1602,10430,0,23.43820224719101,0.0,0
University,Kothrud,10,0,2,1978,13398,0,24.384630940343783,0.0,0
University,Kothrud,12,0,0,1495,8629,0,20.778862876254177,0.0,1
University,Kothrud,12,0,1,1772,10430,0,21.18961625282167,0.0,0
University,Kothrud,12,0,2,2054,13398,0,23.482375851996103,0.0,0
University,Kothrud,14,0,0,1391,8629,0,22.332422717469445,0.0,1
University,Kothrud,14,0,1,1645,10430,0,22.825531914893617,0.0,0
University,Kothrud,14,0,2,1873,13398,0,25.75162840363054,0.0,0
University,Kothrud,16,0,0,1421,8629,0,21.86094299788881,0.0,1
University,Kothrud,16,0,1,1732,10430,0,21.678983833718245,0.0,0
University,Kothrud,16,0,2,1940,13398,0,24.862268041237115,0.0,0
University,Kothrud,18,0,0,1699,8629,0,18.283931724543848,0.0,1
University,Kothrud,18,0,1,2009,10430,0,18.689895470383277,0.0,0
University,Kothrud,18,0,2,2300,13398,0,20.970782608695654,0.0,0
University,Kothrud,20,0,0,1469,8629,0,21.14663036078965,0.0,1
University,Kothrud,20,0,1,1658,10430,0,22.646562123039807,0.0,0
University,Kothrud,20,0,2,2045,13398,0,23.585721271393645,0.0,0
University,Kothrud,22,0,0,1054,8629,0,29.47286527514231,0.0,1
University,Kothrud,22,0,1,1173,10430,0,32.010230179028135,0.0,0
University,Kothrud,22,0,2,1638,13398,0,29.446153846153845,0.0,0
University,Kothrud,0,1,0,1054,8629,0,29.47286527514231,0.0,1
University,Kothrud,0,1,1,1173,10430,0,32.010230179028135,0.0,0
University,Kothrud,0,1,2,1638,13398,0,29.446153846153845,0.0,0
University,Kothrud,6,1,0,1070,8629,0,29.032149532710278,0.0,1
University,Kothrud,6,1,1,1193,10430,0,31.473595976529754,0.0,0
University,Kothrud,6,1,2,1660,13398,0,29.05590361445783,0.0,0
University,Kothrud,8,1,0,1244,8629,0,24.971382636655946,0.0,1
University,Kothrud,8,1,1,1406,10430,0,26.705547652916074,0.0,0
University,Kothrud,8,1,2,1859,13398,0,25.945562130177514,0.0,0
University,Kothrud,10,1,0,1371,8629,0,22.658205689277896,0.0,1
University,Kothrud,10,1,1,1577,10430,0,23.809765377298667,0.0,0
University,Kothrud,10,1,2,1971,13398,0,24.471232876712328,0.0,0
University,Kothrud,12,1,0,1506,8629,0,20.627091633466133,0.0,1
University,Kothrud,12,1,1,1756,10430,0,21.38268792710706,0.0,0
University,Kothrud,12,1,2,2057,13398,0,23.44812834224599,0.0,0
University,Kothrud,14,1,0,1406,8629,0,22.09416785206259,0.0,1
University,Kothrud,14,1,1,1659,10430,0,22.632911392405063,0.0,0
University,Kothrud,14,1,2,1885,13398,0,25.587692307692304,0.0,0
University,Kothrud,16,1,0,1412,8629,0,22.00028328611898,0.0,1
University,Kothrud,16,1,1,1716,10430,0,21.88111888111888,0.0,0
University,Kothrud,16,1,2,1927,13398,0,25.029994810586405,0.0,0
University,Kothrud,18,1,0,1659,8629,0,18.724773960216996,0.0,1
University,Kothrud,18,1,1,1923,10430,0,19.525741029641186,0.0,0
University,Kothrud,18,1,2,2236,13398,0,21.571019677996425,0.0,0
University,Kothrud,20,1,0,1450,8629,0,21.423724137931032,0.0,1
University,Kothrud,20,1,1,1613,10430,0,23.27836329820211,0.0,0
University,Kothrud,20,1,2,2026,13398,0,23.80691016781836,0.0,0
University,Kothrud,22,1,0,1054,8629,0,29.47286527514231,0.0,1
University,Kothrud,22,1,1,1173,10430,0,32.010230179028135,0.0,0
University,Kothrud,22,1,2,1638,13398,0,29.446153846153845,0.0,0
University,Kothrud,0,2,0,1054,8629,0,29.47286527514231,0.0,1
University,Kothrud,0,2,1,1173,10430,0,32.010230179028135,0.0,0
University,Kothrud,0,2,2,1638,13398,0,29.446153846153845,0.0,0
University,Kothrud,6,2,0,1070,8629,0,29.032149532710278,0.0,1
University,Kothrud,6,2,1,1193,10430,0,31.473595976529754,0.0,0
University,Kothrud,6,2,2,1660,13398,0,29.05590361445783,0.0,0
University,Kothrud,8,2,0,1238,8629,0,25.092407108239094,0.0,1
University,Kothrud,8,2,1,1389,10430,0,27.032397408207345,0.0,0
University,Kothrud,8,2,2,1847,13398,0,26.114131023280994,0.0,0
University,Kothrud,10,2,0,1359,8629,0,22.858278145695362,0.0,1
University,Kothrud,10,2,1,1563,10430,0,24.023032629558543,0.0,0
University,Kothrud,10,2,2,1961,13398,0,24.59602243753187,0.0,0
University,Kothrud,12,2,0,1481,8629,0,20.975286968264683,0.0,1
University,Kothrud,12,2,1,1760,10430,0,21.33409090909091,0.0,0
University,Kothrud,12,2,2,2045,13398,0,23.585721271393645,0.0,0
University,Kothrud,14,2,0,1385,8629,0,22.42916967509025,0.0,1
University,Kothrud,14,2,1,1696,10430,0,22.139150943396228,0.0,0
University,Kothrud,14,2,2,1881,13398,0,25.642105263157895,0.0,0
University,Kothrud,16,2,0,1416,8629,0,21.938135593220338,0.0,1
University,Kothrud,16,2,1,1773,10430,0,21.17766497461929,0.0,0
University,Kothrud,16,2,2,1928,13398,0,25.01701244813278,0.0,0
University,Kothrud,18,2,0,1737,8629,0,17.883937823834195,0.0,1
University,Kothrud,18,2,1,2001,10430,0,18.764617691154424,0.0,0
University,Kothrud,18,2,2,2260,13398,0,21.34194690265487,0.0,0
University,Kothrud,20,2,0,1487,8629,0,20.8906523201076,0.0,1
University,Kothrud,20,2,1,1642,10430,0,22.86723507917174,0.0,0
University,Kothrud,20,2,2,2049,13398,0,23.539677891654463,0.0,0
University,Kothrud,22,2,0,1054,8629,0,29.47286527514231,0.0,1
University,Kothrud,22,2,1,1173,10430,0,32.010230179028135,0.0,0
University,Kothrud,22,2,2,1638,13398,0,29.446153846153845,0.0,0
University,Kothrud,0,3,0,1053,8629,0,29.500854700854703,0.0,1
University,Kothrud,0,3,1,1173,10430,0,32.010230179028135,0.0,0
University,Kothrud,0,3,2,1638,13398,0,29.446153846153845,0.0,0
University,Kothrud,6,3,0,1069,8629,0,29.059307764265665,0.0,1
University,Kothrud,6,3,1,1193,10430,0,31.473595976529754,0.0,0
University,Kothrud,6,3,2,1659,13398,0,29.073417721518986,0.0,0
University,Kothrud,8,3,0,1203,8629,0,25.822443890274315,0.0,1
University,Kothrud,8,3,1,1351,10430,0,27.792746113989637,0.0,0
University,Kothrud,8,3,2,1829,13398,0,26.37113176599234,0.0,0
University,Kothrud,10,3,0,1333,8629,0,23.304126031507877,0.0,1
University,Kothrud,10,3,1,1553,10430,0,24.177720540888604,0.0,0
University,Kothrud,10,3,2,1952,13398,0,24.709426229508193,0.0,0
University,Kothrud,12,3,0,1489,8629,0,20.862592343854935,0.0,1
University,Kothrud,12,3,1,1811,10430,0,20.73329652125897,0.0,0
University,Kothrud,12,3,2,2090,13398,0,23.077894736842104,0.0,0
University,Kothrud,14,3,0,1459,8629,0,21.291569568197392,0.0,1
University,Kothrud,14,3,1,1816,10430,0,20.676211453744493,0.0,0
University,Kothrud,14,3,2,1964,13398,0,24.55845213849287,0.0,0
University,Kothrud,16,3,0,1484,8629,0,20.93288409703504,0.0,1
University,Kothrud,16,3,1,1860,10430,0,20.187096774193545,0.0,0
University,Kothrud,16,3,2,1967,13398,0,24.520996441281138,0.0,0
University,Kothrud,18,3,0,1604,8629,0,19.366832917705736,0.0,1
University,Kothrud,18,3,1,1890,10430,0,19.866666666666664,0.0,0
University,Kothrud,18,3,2,2203,13398,0,21.894144348615526,0.0,0
University,Kothrud,20,3,0,1414,8629,0,21.969165487977367,0.0,1
University,Kothrud,20,3,1,1600,10430,0,23.4675,0.0,0
University,Kothrud,20,3,2,2066,13398,0,23.345982575024202,0.0,0
University,Kothrud,22,3,0,1053,8629,0,29.500854700854703,0.0,1
University,Kothrud,22,3,1,1173,10430,0,32.010230179028135,0.0,0
University,Kothrud,22,3,2,1638,13398,0,29.446153846153845,0.0,0
University,Kothrud,0,4,0,1053,8629,0,29.500854700854703,0.0,1
University,Kothrud,0,4,1,1173,10430,0,32.010230179028135,0.0,0
University,Kothrud,0,4,2,1638,13398,0,29.446153846153845,0.0,0
University,Kothrud,6,4,0,1066,8629,0,29.14108818011257,0.0,1
University,Kothrud,6,4,1,1189,10430,0,31.579478553406222,0.0,0
University,Kothrud,6,4,2,1652,13398,0,29.196610169491525,0.0,0
University,Kothrud,8,4,0,1151,8629,0,26.989052997393568,0.0,1
University,Kothrud,8,4,1,1301,10430,0,28.8608762490392,0.0,0
University,Kothrud,8,4,2,1767,13398,0,27.29643463497453,0.0,0
University,Kothrud,10,4,0,1193,8629,0,26.03889354568315,0.0,1
University,Kothrud,10,4,1,1384,10430,0,27.13005780346821,0.0,0
University,Kothrud,10,4,2,1809,13398,0,26.662686567164183,0.0,0
University,Kothrud,12,4,0,1284,8629,0,24.19345794392523,0.0,1
University,Kothrud,12,4,1,1528,10430,0,24.57329842931937,0.0,0
University,Kothrud,12,4,2,1882,13398,0,25.62848034006376,0.0,0
University,Kothrud,14,4,0,1302,8629,0,23.858986175115206,0.0,1
University,Kothrud,14,4,1,1549,10430,0,24.24015493867011,0.0,0
University,Kothrud,14,4,2,1820,13398,0,26.501538461538463,0.0,0
University,Kothrud,16,4,0,1306,8629,0,23.78591117917305,0.0,1
University,Kothrud,16,4,1,1573,10430,0,23.87031150667514,0.0,0
University,Kothrud,16,4,2,1821,13398,0,26.486985172981875,0.0,0
University,Kothrud,18,4,0,1372,8629,0,22.641690962099123,0.0,1
University,Kothrud,18,4,1,1629,10430,0,23.049723756906076,0.0,0
University,Kothrud,18,4,2,1951,13398,0,24.722091235263967,0.0,0
University,Kothrud,20,4,0,1298,8629,0,23.932511556240367,0.0,1
University,Kothrud,20,4,1,1472,10430,0,25.508152173913043,0.0,0
University,Kothrud,20,4,2,1903,13398,0,25.34566473988439,0.0,0
University,Kothrud,22,4,0,1053,8629,0,29.500854700854703,0.0,1
University,Kothrud,22,4,1,1173,10430,0,32.010230179028135,0.0,0
University,Kothrud,22,4,2,1638,13398,0,29.446153846153845,0.0,0
University,Kothrud,0,5,0,1054,8629,0,29.47286527514231,0.0,1
University,Kothrud,0,5,1,1173,10430,0,32.010230179028135,0.0,0
University,Kothrud,0,5,2,1638,13398,0,29.446153846153845,0.0,0
University,Kothrud,6,5,0,1071,8629,0,29.005042016806723,0.0,1
University,Kothrud,6,5,1,1194,10430,0,31.44723618090452,0.0,0
University,Kothrud,6,5,2,1661,13398,0,29.038410596026488,0.0,0
University,Kothrud,8,5,0,1237,8629,0,25.11269199676637,0.0,1
University,Kothrud,8,5,1,1403,10430,0,26.762651461154665,0.0,0
University,Kothrud,8,5,2,1844,13398,0,26.156616052060734,0.0,0
University,Kothrud,10,5,0,1358,8629,0,22.875110456553752,0.0,1
University,Kothrud,10,5,1,1575,10430,0,23.84,0.0,0
University,Kothrud,10,5,2,1962,13398,0,24.583486238532107,0.0,0
University,Kothrud,12,5,0,1481,8629,0,20.975286968264683,0.0,1
University,Kothrud,12,5,1,1725,10430,0,21.76695652173913,0.0,0
University,Kothrud,12,5,2,2041,13398,0,23.631945124938753,0.0,0
University,Kothrud,14,5,0,1386,8629,0,22.41298701298701,0.0,1
University,Kothrud,14,5,1,1619,10430,0,23.192093885114268,0.0,0
University,Kothrud,14,5,2,1863,13398,0,25.88985507246377,0.0,0
University,Kothrud,16,5,0,1395,8629,0,22.26838709677419,0.0,1
University,Kothrud,16,5,1,1701,10430,0,22.074074074074076,0.0,0
University,Kothrud,16,5,2,1909,13398,0,25.26600314300681,0.0,0
University,Kothrud,18,5,0,1657,8629,0,18.747374773687387,0.0,1
University,Kothrud,18,5,1,1944,10430,0,19.314814814814813,0.0,0
University,Kothrud,18,5,2,2231,13398,0,21.61936351411923,0.0,0
University,Kothrud,20,5,0,1453,8629,0,21.379490708878183,0.0,1
University,Kothrud,20,5,1,1607,10430,0,23.365276913503422,0.0,0
University,Kothrud,20,5,2,2036,13398,0,23.689980353634574,0.0,0
University,Kothrud,22,5,0,1054,8629,0,29.47286527514231,0.0,1
University,Kothrud,22,5,1,1173,10430,0,32.010230179028135,0.0,0
University,Kothrud,22,5,2,1638,13398,0,29.446153846153845,0.0,0
University,Kothrud,0,6,0,1054,8629,0,29.47286527514231,0.0,1
University,Kothrud,0,6,1,1173,10430,0,32.010230179028135,0.0,0
University,Kothrud,0,6,2,1638,13398,0,29.446153846153845,0.0,0
University,Kothrud,6,6,0,1071,8629,0,29.005042016806723,0.0,1
University,Kothrud,6,6,1,1194,10430,0,31.44723618090452,0.0,0
University,Kothrud,6,6,2,1661,13398,0,29.038410596026488,0.0,0
University,Kothrud,8,6,0,1246,8629,0,24.931300160513644,0.0,1
University,Kothrud,8,6,1,1418,10430,0,26.479548660084625,0.0,0
University,Kothrud,8,6,2,1864,13398,0,25.875965665236052,0.0,0
University,Kothrud,10,6,0,1394,8629,0,22.284361549497845,0.0,1
University,Kothrud,10,6,1,1620,10430,0,23.177777777777777,0.0,0
University,Kothrud,10,6,2,2003,13398,0,24.080279580629053,0.0,0
University,Kothrud,12,6,0,1518,8629,0,20.464031620553357,0.0,1
University,Kothrud,12,6,1,1790,10430,0,20.97653631284916,0.0,0
University,Kothrud,12,6,2,2080,13398,0,23.188846153846157,0.0,0
University,Kothrud,14,6,0,1394,8629,0,22.284361549497845,0.0,1
University,Kothrud,14,6,1,1657,10430,0,22.660229330114664,0.0,0
University,Kothrud,14,6,2,1879,13398,0,25.669398616285257,0.0,0
University,Kothrud,16,6,0,1406,8629,0,22.09416785206259,0.0,1
University,Kothrud,16,6,1,1731,10430,0,21.69150779896014,0.0,0
University,Kothrud,16,6,2,1933,13398,0,24.952302121055354,0.0,0
University,Kothrud,18,6,0,1684,8629,0,18.446793349168644,0.0,1
University,Kothrud,18,6,1,1969,10430,0,19.06957846622651,0.0,0
University,Kothrud,18,6,2,2289,13398,0,21.071559633027523,0.0,0
University,Kothrud,20,6,0,1472,8629,0,21.10353260869565,0.0,1
University,Kothrud,20,6,1,1625,10430,0,23.106461538461538,0.0,0
University,Kothrud,20,6,2,2064,13398,0,23.36860465116279,0.0,0
University,Kothrud,22,6,0,1054,8629,0,29.47286527514231,0.0,1
University,Kothrud,22,6,1,1173,10430,0,32.010230179028135,0.0,0
University,Kothrud,22,6,2,1638,13398,0,29.446153846153845,0.0,0
University,Hadapsar,0,0,0,1808,14848,0,29.564601769911505,0.0,1
University,Hadapsar,0,0,1,1939,16141,0,29.967818463125315,0.0,0
University,Hadapsar,0,0,2,2078,15410,0,26.69682386910491,0.0,0
University,Hadapsar,6,0,0,1847,14848,0,28.94033567948024,0.0,1
University,Hadapsar,6,0,1,1984,16141,0,29.288104838709675,0.0,0
University,Hadapsar,6,0,2,2128,15410,0,26.06954887218045,0.0,0
University,Hadapsar,8,0,0,2207,14430,0,23.53783416402356,0.0,1
University,Hadapsar,8,0,1,2384,16141,0,24.3739932885906,0.0,0
University,Hadapsar,8,0,2,2547,15875,0,22.43816254416961,0.0,0
University,Hadapsar,10,0,0,2382,14430,0,21.808564231738035,0.0,1
University,Hadapsar,10,0,1,2591,16141,0,22.42670783481281,0.0,0
University,Hadapsar,10,0,2,2758,15410,0,20.1145757795504,0.0,0
University,Hadapsar,12,0,0,2523,14430,0,20.589774078478,0.0,1
University,Hadapsar,12,0,1,2697,16141,0,21.54527252502781,0.0,0
University,Hadapsar,12,0,2,2861,15410,0,19.390422929045787,0.0,0
University,Hadapsar,14,0,0,2327,15915,0,24.62140094542329,0.0,0
University,Hadapsar,14,0,1,2306,14714,0,22.970685169124025,0.0,1
University,Hadapsar,14,0,2,2555,17139,0,24.148884540117415,0.0,0
University,Hadapsar,16,0,0,2475,14714,0,21.40218181818182,0.0,1
University,Hadapsar,16,0,1,2656,16141,0,21.877861445783132,0.0,0
University,Hadapsar,16,0,2,2662,14975,0,20.25169045830203,0.0,0
University,Hadapsar,18,0,0,2838,14430,0,18.30443974630021,0.0,1
University,Hadapsar,18,0,1,3203,16141,0,18.14161723384327,0.0,0
University,Hadapsar,18,0,2,3208,15410,0,17.293017456359102,0.0,0
University,Hadapsar,20,0,0,2374,14430,0,21.882055602358886,0.0,1
University,Hadapsar,20,0,1,2557,16141,0,22.72491200625733,0.0,0
University,Hadapsar,20,0,2,2611,15410,0,21.24703178858675,0.0,0
University,Hadapsar,22,0,0,1808,14848,0,29.564601769911505,0.0,1
University,Hadapsar,22,0,1,1939,16141,0,29.967818463125315,0.0,0
University,Hadapsar,22,0,2,2078,15410,0,26.69682386910491,0.0,0
University,Hadapsar,0,1,0,1808,14848,0,29.564601769911505,0.0,1
University,Hadapsar,0,1,1,1939,16141,0,29.967818463125315,0.0,0
University,Hadapsar,0,1,2,2078,15410,0,26.69682386910491,0.0,0
University,Hadapsar,6,1,0,1848,14848,0,28.924675324675327,0.0,1
University,Hadapsar,6,1,1,1984,16141,0,29.288104838709675,0.0,0
University,Hadapsar,6,1,2,2126,15410,0,26.094073377234245,0.0,0
University,Hadapsar,8,1,0,2149,14430,0,24.17310376919497,0.0,1
University,Hadapsar,8,1,1,2343,16141,0,24.800512163892442,0.0,0
University,Hadapsar,8,1,2,2486,15875,0,22.988736926790022,0.0,0
University,Hadapsar,10,1,0,2336,14430,0,22.238013698630137,0.0,1
University,Hadapsar,10,1,1,2545,16141,0,22.83206286836935,0.0,0
University,Hadapsar,10,1,2,2689,15410,0,20.630717738936408,0.0,0
University,Hadapsar,12,1,0,2526,15915,0,22.68171021377672,0.0,1
University,Hadapsar,12,1,1,2530,14430,0,20.532806324110673,0.0,0
University,Hadapsar,12,1,2,2811,17139,0,21.949626467449303,0.0,0
University,Hadapsar,14,1,0,2309,15915,0,24.81333910783889,0.0,1
University,Hadapsar,14,1,1,2347,14714,0,22.569407754580315,0.0,0
University,Hadapsar,14,1,2,2541,17139,0,24.28193624557261,0.0,0
University,Hadapsar,16,1,0,2465,15915,0,23.243002028397566,0.0,0
University,Hadapsar,16,1,1,2444,14714,0,21.67364975450082,0.0,1
University,Hadapsar,16,1,2,2675,17139,0,23.065570093457943,0.0,0
University,Hadapsar,18,1,0,2694,14430,0,19.282850779510024,0.0,1
University,Hadapsar,18,1,1,3010,16141,0,19.30485049833887,0.0,0
University,Hadapsar,18,1,2,3067,15410,0,18.08803390935768,0.0,0
University,Hadapsar,20,1,0,2332,14430,0,22.27615780445969,0.0,1
University,Hadapsar,20,1,1,2503,16141,0,23.215181781861762,0.0,0
University,Hadapsar,20,1,2,2600,15410,0,21.336923076923078,0.0,0
University,Hadapsar,22,1,0,1808,14848,0,29.564601769911505,0.0,1
University,Hadapsar,22,1,1,1939,16141,0,29.967818463125315,0.0,0
University,Hadapsar,22,1,2,2078,15410,0,26.69682386910491,0.0,0
University,Hadapsar,0,2,0,1808,14848,0,29.564601769911505,0.0,1
University,Hadapsar,0,2,1,1939,16141,0,29.967818463125315,0.0,0
University,Hadapsar,0,2,2,2078,15410,0,26.69682386910491,0.0,0
University,Hadapsar,6,2,0,1848,14848,0,28.924675324675327,0.0,1
University,Hadapsar,6,2,1,1985,16141,0,29.273350125944578,0.0,0
University,Hadapsar,6,2,2,2124,15410,0,26.118644067796613,0.0,0
University,Hadapsar,8,2,0,2194,15915,0,26.11394712853236,0.0,1
University,Hadapsar,8,2,1,2204,14848,0,24.25263157894737,0.0,0
University,Hadapsar,8,2,2,2435,17139,0,25.338973305954823,0.0,0
University,Hadapsar,10,2,0,2301,14430,0,22.576271186440678,0.0,1
University,Hadapsar,10,2,1,2491,16141,0,23.327017262143713,0.0,0
University,Hadapsar,10,2,2,2602,15410,0,21.32052267486549,0.0,0
University,Hadapsar,12,2,0,2471,15915,0,23.186564144071223,0.0,0
University,Hadapsar,12,2,1,2437,14714,0,21.735904800984816,0.0,1
University,Hadapsar,12,2,2,2731,17139,0,22.59260344196265,0.0,0
University,Hadapsar,14,2,0,2330,15915,0,24.589699570815448,0.0,0
University,Hadapsar,14,2,1,2301,14714,0,23.020599739243806,0.0,1
University,Hadapsar,14,2,2,2548,17139,0,24.215227629513343,0.0,0
University,Hadapsar,16,2,0,2467,14714,0,21.47158492095663,0.0,1
University,Hadapsar,16,2,1,2642,16141,0,21.99379258137774,0.0,0
University,Hadapsar,16,2,2,2836,15406,0,19.556276445698167,0.0,0
University,Hadapsar,18,2,0,2803,14430,0,18.533000356760613,0.0,1
University,Hadapsar,18,2,1,3104,15134,0,17.552319587628865,0.0,0
University,Hadapsar,18,2,2,3171,15410,0,17.494796594134343,0.0,0
University,Hadapsar,20,2,0,2353,14430,0,22.07734806629834,0.0,1
University,Hadapsar,20,2,1,2544,16141,0,22.841037735849053,0.0,0
University,Hadapsar,20,2,2,2618,15410,0,21.19022154316272,0.0,0
University,Hadapsar,22,2,0,1808,14848,0,29.564601769911505,0.0,1
University,Hadapsar,22,2,1,1939,16141,0,29.967818463125315,0.0,0
University,Hadapsar,22,2,2,2078,15410,0,26.69682386910491,0.0,0
University,Hadapsar,0,3,0,1808,14848,0,29.564601769911505,0.0,1
University,Hadapsar,0,3,1,1939,16141,0,29.967818463125315,0.0,0
University,Hadapsar,0,3,2,2078,15410,0,26.69682386910491,0.0,0
University,Hadapsar,6,3,0,1841,14848,0,29.034655078761546,0.0,1
University,Hadapsar,6,3,1,1971,16141,0,29.481278538812784,0.0,0
University,Hadapsar,6,3,2,2112,15410,0,26.267045454545453,0.0,0
University,Hadapsar,8,3,0,1973,15915,0,29.039026862645716,0.0,1
University,Hadapsar,8,3,1,2070,14848,0,25.82260869565218,0.0,0
University,Hadapsar,8,3,2,2235,17139,0,27.60644295302013,0.0,0
University,Hadapsar,10,3,0,2092,15915,0,27.38718929254302,0.0,1
University,Hadapsar,10,3,1,2148,14430,0,24.18435754189944,0.0,0
University,Hadapsar,10,3,2,2327,17139,0,26.5149978513107,0.0,0
University,Hadapsar,12,3,0,2275,15915,0,25.184175824175824,0.0,1
University,Hadapsar,12,3,1,2357,14430,0,22.03988120492151,0.0,0
University,Hadapsar,12,3,2,2475,17139,0,24.929454545454544,0.0,0
University,Hadapsar,14,3,0,2350,15915,0,24.38042553191489,0.0,1
University,Hadapsar,14,3,1,2392,14714,0,22.144816053511708,0.0,0
University,Hadapsar,14,3,2,2502,17139,0,24.66043165467626,0.0,0
University,Hadapsar,16,3,0,2468,15915,0,23.21474878444084,0.0,1
University,Hadapsar,16,3,1,2546,14714,0,20.805341712490183,0.0,0
University,Hadapsar,16,3,2,2582,17139,0,23.896359411309064,0.0,0
University,Hadapsar,18,3,0,2593,15915,0,22.09564211338218,0.0,1
University,Hadapsar,18,3,1,2637,14430,0,19.69965870307167,0.0,0
University,Hadapsar,18,3,2,2730,17139,0,22.60087912087912,0.0,0
University,Hadapsar,20,3,0,2244,15915,0,25.532085561497325,0.0,1
University,Hadapsar,20,3,1,2291,15132,0,23.77791357485814,0.0,0
University,Hadapsar,20,3,2,2452,17139,0,25.163295269168025,0.0,0
University,Hadapsar,22,3,0,1808,14848,0,29.564601769911505,0.0,1
University,Hadapsar,22,3,1,1939,16141,0,29.967818463125315,0.0,0
University,Hadapsar,22,3,2,2078,15410,0,26.69682386910491,0.0,0
University,Hadapsar,0,4,0,1808,14848,0,29.564601769911505,0.0,1
University,Hadapsar,0,4,1,1939,16141,0,29.967818463125315,0.0,0
University,Hadapsar,0,4,2,2078,15410,0,26.69682386910491,0.0,0
University,Hadapsar,6,4,0,1834,14848,0,29.145474372955288,0.0,1
University,Hadapsar,6,4,1,1963,16141,0,29.601426388181352,0.0,0
University,Hadapsar,6,4,2,2104,15410,0,26.366920152091257,0.0,0
University,Hadapsar,8,4,0,1937,15915,0,29.578729994837378,0.0,1
University,Hadapsar,8,4,1,1963,14848,0,27.230157921548653,0.0,0
University,Hadapsar,8,4,2,2173,17201,0,28.496824666359874,0.0,0
University,Hadapsar,10,4,0,1974,15915,0,29.02431610942249,0.0,1
University,Hadapsar,10,4,1,2035,14848,0,26.266732186732188,0.0,0
University,Hadapsar,10,4,2,2209,17201,0,28.032412856496155,0.0,0
University,Hadapsar,12,4,0,2076,15915,0,27.598265895953755,0.0,1
University,Hadapsar,12,4,1,2148,14848,0,24.88491620111732,0.0,0
University,Hadapsar,12,4,2,2304,17201,0,26.8765625,0.0,0
University,Hadapsar,14,4,0,2117,15915,0,27.063769485120453,0.0,1
University,Hadapsar,14,4,1,2136,14430,0,24.32022471910112,0.0,0
University,Hadapsar,14,4,2,2336,17201,0,26.508390410958906,0.0,0
University,Hadapsar,16,4,0,2198,15915,0,26.066424021838035,0.0,1
University,Hadapsar,16,4,1,2207,14430,0,23.53783416402356,0.0,0
University,Hadapsar,16,4,2,2387,17201,0,25.94201927105153,0.0,0
University,Hadapsar,18,4,0,2255,14430,0,23.03680709534368,0.0,1
University,Hadapsar,18,4,1,2420,16141,0,24.01140495867768,0.0,0
University,Hadapsar,18,4,2,2516,15875,0,22.714626391096978,0.0,0
University,Hadapsar,20,4,0,2107,15915,0,27.1922164214523,0.0,1
University,Hadapsar,20,4,1,2114,14848,0,25.285146641438033,0.0,0
University,Hadapsar,20,4,2,2305,17139,0,26.768069414316702,0.0,0
University,Hadapsar,22,4,0,1808,14848,0,29.564601769911505,0.0,1
University,Hadapsar,22,4,1,1939,16141,0,29.967818463125315,0.0,0
University,Hadapsar,22,4,2,2078,15410,0,26.69682386910491,0.0,0
University,Hadapsar,0,5,0,1808,14848,0,29.564601769911505,0.0,1
University,Hadapsar,0,5,1,1939,16141,0,29.967818463125315,0.0,0
University,Hadapsar,0,5,2,2078,15410,0,26.69682386910491,0.0,0
University,Hadapsar,6,5,0,1849,14848,0,28.909031909140076,0.0,1
University,Hadapsar,6,5,1,1982,16141,0,29.317658930373355,0.0,0
University,Hadapsar,6,5,2,2128,15410,0,26.06954887218045,0.0,0
University,Hadapsar,8,5,0,2139,14430,0,24.286115007012626,0.0,1
University,Hadapsar,8,5,1,2345,16141,0,24.77936034115138,0.0,0
University,Hadapsar,8,5,2,2490,15875,0,22.951807228915662,0.0,0
University,Hadapsar,10,5,0,2371,15915,0,24.164487557992405,0.0,0
University,Hadapsar,10,5,1,2336,14430,0,22.238013698630137,0.0,1
University,Hadapsar,10,5,2,2659,17139,0,23.204362542309138,0.0,0
University,Hadapsar,12,5,0,2461,15915,0,23.280780170662332,0.0,1
University,Hadapsar,12,5,1,2514,14714,0,21.07016706443914,0.0,0
University,Hadapsar,12,5,2,2738,17139,0,22.53484295105917,0.0,0
University,Hadapsar,14,5,0,2219,15915,0,25.81973862100045,0.0,1
University,Hadapsar,14,5,1,2337,14714,0,22.665982028241334,0.0,0
University,Hadapsar,14,5,2,2454,17139,0,25.14278728606357,0.0,0
University,Hadapsar,16,5,0,2447,15915,0,23.41397629750715,0.0,1
University,Hadapsar,16,5,1,2467,14714,0,21.47158492095663,0.0,0
University,Hadapsar,16,5,2,2630,17139,0,23.46022813688213,0.0,0
University,Hadapsar,18,5,0,2747,14430,0,18.91081179468511,0.0,1
University,Hadapsar,18,5,1,3058,16141,0,19.001831262262915,0.0,0
University,Hadapsar,18,5,2,3104,15410,0,17.87242268041237,0.0,0
University,Hadapsar,20,5,0,2327,14430,0,22.324022346368714,0.0,1
University,Hadapsar,20,5,1,2518,16141,0,23.076886417791897,0.0,0
University,Hadapsar,20,5,2,2599,15410,0,21.345132743362832,0.0,0
University,Hadapsar,22,5,0,1808,14848,0,29.564601769911505,0.0,1
University,Hadapsar,22,5,1,1939,16141,0,29.967818463125315,0.0,0
University,Hadapsar,22,5,2,2078,15410,0,26.69682386910491,0.0,0
University,Hadapsar,0,6,0,1808,14848,0,29.564601769911505,0.0,1
University,Hadapsar,0,6,1,1939,16141,0,29.967818463125315,0.0,0
University,Hadapsar,0,6,2,2078,15410,0,26.69682386910491,0.0,0
University,Hadapsar,6,6,0,1847,14848,0,28.94033567948024,0.0,1
University,Hadapsar,6,6,1,1985,16141,0,29.273350125944578,0.0,0
University,Hadapsar,6,6,2,2127,15410,0,26.081805359661494,0.0,0
University,Hadapsar,8,6,0,2194,14765,0,24.226982680036464,0.0,1
University,Hadapsar,8,6,1,2377,16141,0,24.44577198148927,0.0,0
University,Hadapsar,8,6,2,2320,15388,0,23.877931034482756,0.0,0
University,Hadapsar,10,6,0,2420,14765,0,21.964462809917354,0.0,1
University,Hadapsar,10,6,1,2618,16079,0,22.11016042780749,0.0,0
University,Hadapsar,10,6,2,2783,15410,0,19.93388429752066,0.0,0
University,Hadapsar,12,6,0,2588,15915,0,22.138330757341574,0.0,0
University,Hadapsar,12,6,1,2556,14714,0,20.723943661971834,0.0,1
University,Hadapsar,12,6,2,2895,17139,0,21.312746113989636,0.0,0
University,Hadapsar,14,6,0,2306,15915,0,24.845620121422375,0.0,0
University,Hadapsar,14,6,1,2276,14714,0,23.273462214411246,0.0,1
University,Hadapsar,14,6,2,2528,17139,0,24.406803797468356,0.0,0
University,Hadapsar,16,6,0,2425,14714,0,21.84346391752577,0.0,1
University,Hadapsar,16,6,1,2607,16141,0,22.289067894131183,0.0,0
University,Hadapsar,16,6,2,2845,15406,0,19.494411247803164,0.0,0
University,Hadapsar,18,6,0,2802,14430,0,18.539614561027836,0.0,1
University,Hadapsar,18,6,1,3141,16079,0,18.42865329512894,0.0,0
University,Hadapsar,18,6,2,3121,15410,0,17.775072092278116,0.0,0
University,Hadapsar,20,6,0,2359,14430,0,22.021195421788896,0.0,1
University,Hadapsar,20,6,1,2540,16141,0,22.877007874015742,0.0,0
University,Hadapsar,20,6,2,2576,15410,0,21.53571428571429,0.0,0
University,Hadapsar,22,6,0,1808,14848,0,29.564601769911505,0.0,1
University,Hadapsar,22,6,1,1939,16141,0,29.967818463125315,0.0,0
University,Hadapsar,22,6,2,2078,15410,0,26.69682386910491,0.0,0
University,Hadapsar,0,0,0,1808,14848,0,29.564601769911505,0.0,1
University,Hadapsar,0,0,1,1939,16141,0,29.967818463125315,0.0,0
University,Hadapsar,0,0,2,2078,15410,0,26.69682386910491,0.0,0
University,Hadapsar,6,0,0,1847,14848,0,28.94033567948024,0.0,1
University,Hadapsar,6,0,1,1984,16141,0,29.288104838709675,0.0,0
University,Hadapsar,6,0,2,2128,15410,0,26.06954887218045,0.0,0
University,Hadapsar,8,0,0,2207,14430,0,23.53783416402356,0.0,1
University,Hadapsar,8,0,1,2384,16141,0,24.3739932885906,0.0,0
University,Hadapsar,8,0,2,2547,15875,0,22.43816254416961,0.0,0
University,Hadapsar,10,0,0,2382,14430,0,21.808564231738035,0.0,1
University,Hadapsar,10,0,1,2591,16141,0,22.42670783481281,0.0,0
University,Hadapsar,10,0,2,2758,15410,0,20.1145757795504,0.0,0
University,Hadapsar,12,0,0,2523,14430,0,20.589774078478,0.0,1
University,Hadapsar,12,0,1,2697,16141,0,21.54527252502781,0.0,0
University,Hadapsar,12,0,2,2861,15410,0,19.390422929045787,0.0,0
University,Hadapsar,14,0,0,2327,15915,0,24.62140094542329,0.0,0
University,Hadapsar,14,0,1,2306,14714,0,22.970685169124025,0.0,1
University,Hadapsar,14,0,2,2555,17139,0,24.148884540117415,0.0,0
University,Hadapsar,16,0,0,2475,14714,0,21.40218181818182,0.0,1
University,Hadapsar,16,0,1,2656,16141,0,21.877861445783132,0.0,0
University,Hadapsar,16,0,2,2662,14975,0,20.25169045830203,0.0,0
University,Hadapsar,18,0,0,2838,14430,0,18.30443974630021,0.0,1
University,Hadapsar,18,0,1,3203,16141,0,18.14161723384327,0.0,0
University,Hadapsar,18,0,2,3208,15410,0,17.293017456359102,0.0,0
University,Hadapsar,20,0,0,2374,14430,0,21.882055602358886,0.0,1
University,Hadapsar,20,0,1,2557,16141,0,22.72491200625733,0.0,0
University,Hadapsar,20,0,2,2611,15410,0,21.24703178858675,0.0,0
University,Hadapsar,22,0,0,1808,14848,0,29.564601769911505,0.0,1
University,Hadapsar,22,0,1,1939,16141,0,29.967818463125315,0.0,0
University,Hadapsar,22,0,2,2078,15410,0,26.69682386910491,0.0,0
University,Hadapsar,0,1,0,1808,14848,0,29.564601769911505,0.0,1
University,Hadapsar,0,1,1,1939,16141,0,29.967818463125315,0.0,0
University,Hadapsar,0,1,2,2078,15410,0,26.69682386910491,0.0,0
University,Hadapsar,6,1,0,1848,14848,0,28.924675324675327,0.0,1
University,Hadapsar,6,1,1,1984,16141,0,29.288104838709675,0.0,0
University,Hadapsar,6,1,2,2126,15410,0,26.094073377234245,0.0,0
University,Hadapsar,8,1,0,2149,14430,0,24.17310376919497,0.0,1
University,Hadapsar,8,1,1,2343,16141,0,24.800512163892442,0.0,0
University,Hadapsar,8,1,2,2486,15875,0,22.988736926790022,0.0,0
University,Hadapsar,10,1,0,2336,14430,0,22.238013698630137,0.0,1
University,Hadapsar,10,1,1,2545,16141,0,22.83206286836935,0.0,0
University,Hadapsar,10,1,2,2689,15410,0,20.630717738936408,0.0,0
University,Hadapsar,12,1,0,2526,15915,0,22.68171021377672,0.0,1
University,Hadapsar,12,1,1,2530,14430,0,20.532806324110673,0.0,0
University,Hadapsar,12,1,2,2811,17139,0,21.949626467449303,0.0,0
University,Hadapsar,14,1,0,2309,15915,0,24.81333910783889,0.0,1
University,Hadapsar,14,1,1,2347,14714,0,22.569407754580315,0.0,0
University,Hadapsar,14,1,2,2541,17139,0,24.28193624557261,0.0,0
University,Hadapsar,16,1,0,2465,15915,0,23.243002028397566,0.0,0
University,Hadapsar,16,1,1,2444,14714,0,21.67364975450082,0.0,1
University,Hadapsar,16,1,2,2675,17139,0,23.065570093457943,0.0,0
University,Hadapsar,18,1,0,2694,14430,0,19.282850779510024,0.0,1
University,Hadapsar,18,1,1,3010,16141,0,19.30485049833887,0.0,0
University,Hadapsar,18,1,2,3067,15410,0,18.08803390935768,0.0,0
University,Hadapsar,20,1,0,2332,14430,0,22.27615780445969,0.0,1
University,Hadapsar,20,1,1,2503,16141,0,23.215181781861762,0.0,0
University,Hadapsar,20,1,2,2600,15410,0,21.336923076923078,0.0,0
University,Hadapsar,22,1,0,1808,14848,0,29.564601769911505,0.0,1
University,Hadapsar,22,1,1,1939,16141,0,29.967818463125315,0.0,0
University,Hadapsar,22,1,2,2078,15410,0,26.69682386910491,0.0,0
University,Hadapsar,0,2,0,1808,14848,0,29.564601769911505,0.0,1
University,Hadapsar,0,2,1,1939,16141,0,29.967818463125315,0.0,0
University,Hadapsar,0,2,2,2078,15410,0,26.69682386910491,0.0,0
University,Hadapsar,6,2,0,1848,14848,0,28.924675324675327,0.0,1
University,Hadapsar,6,2,1,1985,16141,0,29.273350125944578,0.0,0
University,Hadapsar,6,2,2,2124,15410,0,26.118644067796613,0.0,0
University,Hadapsar,8,2,0,2194,15915,0,26.11394712853236,0.0,1
University,Hadapsar,8,2,1,2204,14848,0,24.25263157894737,0.0,0
University,Hadapsar,8,2,2,2435,17139,0,25.338973305954823,0.0,0
University,Hadapsar,10,2,0,2301,14430,0,22.576271186440678,0.0,1
University,Hadapsar,10,2,1,2491,16141,0,23.327017262143713,0.0,0
University,Hadapsar,10,2,2,2602,15410,0,21.32052267486549,0.0,0
University,Hadapsar,12,2,0,2471,15915,0,23.186564144071223,0.0,0
University,Hadapsar,12,2,1,2437,14714,0,21.735904800984816,0.0,1
University,Hadapsar,12,2,2,2731,17139,0,22.59260344196265,0.0,0
University,Hadapsar,14,2,0,2330,15915,0,24.589699570815448,0.0,0
University,Hadapsar,14,2,1,2301,14714,0,23.020599739243806,0.0,1
University,Hadapsar,14,2,2,2548,17139,0,24.215227629513343,0.0,0
University,Hadapsar,16,2,0,2467,14714,0,21.47158492095663,0.0,1
University,Hadapsar,16,2,1,2642,16141,0,21.99379258137774,0.0,0
University,Hadapsar,16,2,2,2836,15406,0,19.556276445698167,0.0,0
University,Hadapsar,18,2,0,2803,14430,0,18.533000356760613,0.0,1
University,Hadapsar,18,2,1,3104,15134,0,17.552319587628865,0.0,0
University,Hadapsar,18,2,2,3171,15410,0,17.494796594134343,0.0,0
University,Hadapsar,20,2,0,2353,14430,0,22.07734806629834,0.0,1
University,Hadapsar,20,2,1,2544,16141,0,22.841037735849053,0.0,0
University,Hadapsar,20,2,2,2618,15410,0,21.19022154316272,0.0,0
University,Hadapsar,22,2,0,1808,14848,0,29.564601769911505,0.0,1
University,Hadapsar,22,2,1,1939,16141,0,29.967818463125315,0.0,0
University,Hadapsar,22,2,2,2078,15410,0,26.69682386910491,0.0,0
University,Hadapsar,0,3,0,1808,14848,0,29.564601769911505,0.0,1
University,Hadapsar,0,3,1,1939,16141,0,29.967818463125315,0.0,0
University,Hadapsar,0,3,2,2078,15410,0,26.69682386910491,0.0,0
University,Hadapsar,6,3,0,1841,14848,0,29.034655078761546,0.0,1
University,Hadapsar,6,3,1,1971,16141,0,29.481278538812784,0.0,0
University,Hadapsar,6,3,2,2112,15410,0,26.267045454545453,0.0,0
University,Hadapsar,8,3,0,1973,15915,0,29.039026862645716,0.0,1
University,Hadapsar,8,3,1,2070,14848,0,25.82260869565218,0.0,0
University,Hadapsar,8,3,2,2235,17139,0,27.60644295302013,0.0,0
University,Hadapsar,10,3,0,2092,15915,0,27.38718929254302,0.0,1
University,Hadapsar,10,3,1,2148,14430,0,24.18435754189944,0.0,0
University,Hadapsar,10,3,2,2327,17139,0,26.5149978513107,0.0,0
University,Hadapsar,12,3,0,2275,15915,0,25.184175824175824,0.0,1
University,Hadapsar,12,3,1,2357,14430,0,22.03988120492151,0.0,0
University,Hadapsar,12,3,2,2475,17139,0,24.929454545454544,0.0,0
University,Hadapsar,14,3,0,2350,15915,0,24.38042553191489,0.0,1
University,Hadapsar,14,3,1,2392,14714,0,22.144816053511708,0.0,0
University,Hadapsar,14,3,2,2502,17139,0,24.66043165467626,0.0,0
University,Hadapsar,16,3,0,2468,15915,0,23.21474878444084,0.0,1
University,Hadapsar,16,3,1,2546,14714,0,20.805341712490183,0.0,0
University,Hadapsar,16,3,2,2582,17139,0,23.896359411309064,0.0,0
University,Hadapsar,18,3,0,2593,15915,0,22.09564211338218,0.0,1
University,Hadapsar,18,3,1,2637,14430,0,19.69965870307167,0.0,0
University,Hadapsar,18,3,2,2730,17139,0,22.60087912087912,0.0,0
University,Hadapsar,20,3,0,2244,15915,0,25.532085561497325,0.0,1
University,Hadapsar,20,3,1,2291,15132,0,23.77791357485814,0.0,0
University,Hadapsar,20,3,2,2452,17139,0,25.163295269168025,0.0,0
University,Hadapsar,22,3,0,1808,14848,0,29.564601769911505,0.0,1
University,Hadapsar,22,3,1,1939,16141,0,29.967818463125315,0.0,0
University,Hadapsar,22,3,2,2078,15410,0,26.69682386910491,0.0,0
University,Hadapsar,0,4,0,1808,14848,0,29.564601769911505,0.0,1
University,Hadapsar,0,4,1,1939,16141,0,29.967818463125315,0.0,0
University,Hadapsar,0,4,2,2078,15410,0,26.69682386910491,0.0,0
University,Hadapsar,6,4,0,1834,14848,0,29.145474372955288,0.0,1
University,Hadapsar,6,4,1,1963,16141,0,29.601426388181352,0.0,0
University,Hadapsar,6,4,2,2104,15410,0,26.366920152091257,0.0,0
University,Hadapsar,8,4,0,1937,15915,0,29.578729994837378,0.0,1
University,Hadapsar,8,4,1,1963,14848,0,27.230157921548653,0.0,0
University,Hadapsar,8,4,2,2173,17201,0,28.496824666359874,0.0,0
University,Hadapsar,10,4,0,1974,15915,0,29.02431610942249,0.0,1
University,Hadapsar,10,4,1,2035,14848,0,26.266732186732188,0.0,0
University,Hadapsar,10,4,2,2209,17201,0,28.032412856496155,0.0,0
University,Hadapsar,12,4,0,2076,15915,0,27.598265895953755,0.0,1
University,Hadapsar,12,4,1,2148,14848,0,24.88491620111732,0.0,0
University,Hadapsar,12,4,2,2304,17201,0,26.8765625,0.0,0
University,Hadapsar,14,4,0,2117,15915,0,27.063769485120453,0.0,1
University,Hadapsar,14,4,1,2136,14430,0,24.32022471910112,0.0,0
University,Hadapsar,14,4,2,2336,17201,0,26.508390410958906,0.0,0
University,Hadapsar,16,4,0,2198,15915,0,26.066424021838035,0.0,1
University,Hadapsar,16,4,1,2207,14430,0,23.53783416402356,0.0,0
University,Hadapsar,16,4,2,2387,17201,0,25.94201927105153,0.0,0
University,Hadapsar,18,4,0,2255,14430,0,23.03680709534368,0.0,1
University,Hadapsar,18,4,1,2420,16141,0,24.01140495867768,0.0,0
University,Hadapsar,18,4,2,2516,15875,0,22.714626391096978,0.0,0
University,Hadapsar,20,4,0,2107,15915,0,27.1922164214523,0.0,1
University,Hadapsar,20,4,1,2114,14848,0,25.285146641438033,0.0,0
University,Hadapsar,20,4,2,2305,17139,0,26.768069414316702,0.0,0
University,Hadapsar,22,4,0,1808,14848,0,29.564601769911505,0.0,1
University,Hadapsar,22,4,1,1939,16141,0,29.967818463125315,0.0,0
University,Hadapsar,22,4,2,2078,15410,0,26.69682386910491,0.0,0
University,Hadapsar,0,5,0,1808,14848,0,29.564601769911505,0.0,1
University,Hadapsar,0,5,1,1939,16141,0,29.967818463125315,0.0,0
University,Hadapsar,0,5,2,2078,15410,0,26.69682386910491,0.0,0
University,Hadapsar,6,5,0,1849,14848,0,28.909031909140076,0.0,1
University,Hadapsar,6,5,1,1982,16141,0,29.317658930373355,0.0,0
University,Hadapsar,6,5,2,2128,15410,0,26.06954887218045,0.0,0
University,Hadapsar,8,5,0,2139,14430,0,24.286115007012626,0.0,1
University,Hadapsar,8,5,1,2345,16141,0,24.77936034115138,0.0,0
University,Hadapsar,8,5,2,2490,15875,0,22.951807228915662,0.0,0
University,Hadapsar,10,5,0,2371,15915,0,24.164487557992405,0.0,0
University,Hadapsar,10,5,1,2336,14430,0,22.238013698630137,0.0,1
University,Hadapsar,10,5,2,2659,17139,0,23.204362542309138,0.0,0
University,Hadapsar,12,5,0,2461,15915,0,23.280780170662332,0.0,1
University,Hadapsar,12,5,1,2514,14714,0,21.07016706443914,0.0,0
University,Hadapsar,12,5,2,2738,17139,0,22.53484295105917,0.0,0
University,Hadapsar,14,5,0,2219,15915,0,25.81973862100045,0.0,1
University,Hadapsar,14,5,1,2337,14714,0,22.665982028241334,0.0,0
University,Hadapsar,14,5,2,2454,17139,0,25.14278728606357,0.0,0
University,Hadapsar,16,5,0,2447,15915,0,23.41397629750715,0.0,1
University,Hadapsar,16,5,1,2467,14714,0,21.47158492095663,0.0,0
University,Hadapsar,16,5,2,2630,17139,0,23.46022813688213,0.0,0
University,Hadapsar,18,5,0,2747,14430,0,18.91081179468511,0.0,1
University,Hadapsar,18,5,1,3058,16141,0,19.001831262262915,0.0,0
University,Hadapsar,18,5,2,3104,15410,0,17.87242268041237,0.0,0
University,Hadapsar,20,5,0,2327,14430,0,22.324022346368714,0.0,1
University,Hadapsar,20,5,1,2518,16141,0,23.076886417791897,0.0,0
University,Hadapsar,20,5,2,2599,15410,0,21.345132743362832,0.0,0
University,Hadapsar,22,5,0,1808,14848,0,29.564601769911505,0.0,1
University,Hadapsar,22,5,1,1939,16141,0,29.967818463125315,0.0,0
University,Hadapsar,22,5,2,2078,15410,0,26.69682386910491,0.0,0
University,Hadapsar,0,6,0,1808,14848,0,29.564601769911505,0.0,1
University,Hadapsar,0,6,1,1939,16141,0,29.967818463125315,0.0,0
University,Hadapsar,0,6,2,2078,15410,0,26.69682386910491,0.0,0
University,Hadapsar,6,6,0,1847,14848,0,28.94033567948024,0.0,1
University,Hadapsar,6,6,1,1985,16141,0,29.273350125944578,0.0,0
University,Hadapsar,6,6,2,2127,15410,0,26.081805359661494,0.0,0
University,Hadapsar,8,6,0,2194,14765,0,24.226982680036464,0.0,1
University,Hadapsar,8,6,1,2377,16141,0,24.44577198148927,0.0,0
University,Hadapsar,8,6,2,2320,15388,0,23.877931034482756,0.0,0
University,Hadapsar,10,6,0,2420,14765,0,21.964462809917354,0.0,1
University,Hadapsar,10,6,1,2618,16079,0,22.11016042780749,0.0,0
University,Hadapsar,10,6,2,2783,15410,0,19.93388429752066,0.0,0
University,Hadapsar,12,6,0,2588,15915,0,22.138330757341574,0.0,0
University,Hadapsar,12,6,1,2556,14714,0,20.723943661971834,0.0,1
University,Hadapsar,12,6,2,2895,17139,0,21.312746113989636,0.0,0
University,Hadapsar,14,6,0,2306,15915,0,24.845620121422375,0.0,0
University,Hadapsar,14,6,1,2276,14714,0,23.273462214411246,0.0,1
University,Hadapsar,14,6,2,2528,17139,0,24.406803797468356,0.0,0
University,Hadapsar,16,6,0,2425,14714,0,21.84346391752577,0.0,1
University,Hadapsar,16,6,1,2607,16141,0,22.289067894131183,0.0,0
University,Hadapsar,16,6,2,2845,15406,0,19.494411247803164,0.0,0
University,Hadapsar,18,6,0,2802,14430,0,18.539614561027836,0.0,1
University,Hadapsar,18,6,1,3141,16079,0,18.42865329512894,0.0,0
University,Hadapsar,18,6,2,3121,15410,0,17.775072092278116,0.0,0
University,Hadapsar,20,6,0,2359,14430,0,22.021195421788896,0.0,1
University,Hadapsar,20,6,1,2540,16141,0,22.877007874015742,0.0,0
University,Hadapsar,20,6,2,2576,15410,0,21.53571428571429,0.0,0
University,Hadapsar,22,6,0,1808,14848,0,29.564601769911505,0.0,1
University,Hadapsar,22,6,1,1939,16141,0,29.967818463125315,0.0,0
University,Hadapsar,22,6,2,2078,15410,0,26.69682386910491,0.0,0
University,Hadapsar,0,0,0,1808,14848,0,29.564601769911505,0.0,1
University,Hadapsar,0,0,1,1939,16141,0,29.967818463125315,0.0,0
University,Hadapsar,0,0,2,2078,15410,0,26.69682386910491,0.0,0
University,Hadapsar,6,0,0,1847,14848,0,28.94033567948024,0.0,1
University,Hadapsar,6,0,1,1984,16141,0,29.288104838709675,0.0,0
University,Hadapsar,6,0,2,2128,15410,0,26.06954887218045,0.0,0
University,Hadapsar,8,0,0,2207,14430,0,23.53783416402356,0.0,1
University,Hadapsar,8,0,1,2384,16141,0,24.3739932885906,0.0,0
University,Hadapsar,8,0,2,2547,15875,0,22.43816254416961,0.0,0
University,Hadapsar,10,0,0,2382,14430,0,21.808564231738035,0.0,1
University,Hadapsar,10,0,1,2591,16141,0,22.42670783481281,0.0,0
University,Hadapsar,10,0,2,2758,15410,0,20.1145757795504,0.0,0
University,Hadapsar,12,0,0,2523,14430,0,20.589774078478,0.0,1
University,Hadapsar,12,0,1,2697,16141,0,21.54527252502781,0.0,0
University,Hadapsar,12,0,2,2861,15410,0,19.390422929045787,0.0,0
University,Hadapsar,14,0,0,2327,15915,0,24.62140094542329,0.0,0
University,Hadapsar,14,0,1,2306,14714,0,22.970685169124025,0.0,1
University,Hadapsar,14,0,2,2555,17139,0,24.148884540117415,0.0,0
University,Hadapsar,16,0,0,2475,14714,0,21.40218181818182,0.0,1
University,Hadapsar,16,0,1,2656,16141,0,21.877861445783132,0.0,0
University,Hadapsar,16,0,2,2662,14975,0,20.25169045830203,0.0,0
University,Hadapsar,18,0,0,2838,14430,0,18.30443974630021,0.0,1
University,Hadapsar,18,0,1,3203,16141,0,18.14161723384327,0.0,0
University,Hadapsar,18,0,2,3208,15410,0,17.293017456359102,0.0,0
University,Hadapsar,20,0,0,2374,14430,0,21.882055602358886,0.0,1
University,Hadapsar,20,0,1,2557,16141,0,22.72491200625733,0.0,0
University,Hadapsar,20,0,2,2611,15410,0,21.24703178858675,0.0,0
University,Hadapsar,22,0,0,1808,14848,0,29.564601769911505,0.0,1
University,Hadapsar,22,0,1,1939,16141,0,29.967818463125315,0.0,0
University,Hadapsar,22,0,2,2078,15410,0,26.69682386910491,0.0,0
University,Hadapsar,0,1,0,1808,14848,0,29.564601769911505,0.0,1
University,Hadapsar,0,1,1,1939,16141,0,29.967818463125315,0.0,0
University,Hadapsar,0,1,2,2078,15410,0,26.69682386910491,0.0,0
University,Hadapsar,6,1,0,1848,14848,0,28.924675324675327,0.0,1
University,Hadapsar,6,1,1,1984,16141,0,29.288104838709675,0.0,0
University,Hadapsar,6,1,2,2126,15410,0,26.094073377234245,0.0,0
University,Hadapsar,8,1,0,2149,14430,0,24.17310376919497,0.0,1
University,Hadapsar,8,1,1,2343,16141,0,24.800512163892442,0.0,0
University,Hadapsar,8,1,2,2486,15875,0,22.988736926790022,0.0,0
University,Hadapsar,10,1,0,2336,14430,0,22.238013698630137,0.0,1
University,Hadapsar,10,1,1,2545,16141,0,22.83206286836935,0.0,0
University,Hadapsar,10,1,2,2689,15410,0,20.630717738936408,0.0,0
University,Hadapsar,12,1,0,2526,15915,0,22.68171021377672,0.0,1
University,Hadapsar,12,1,1,2530,14430,0,20.532806324110673,0.0,0
University,Hadapsar,12,1,2,2811,17139,0,21.949626467449303,0.0,0
University,Hadapsar,14,1,0,2309,15915,0,24.81333910783889,0.0,1
University,Hadapsar,14,1,1,2347,14714,0,22.569407754580315,0.0,0
University,Hadapsar,14,1,2,2541,17139,0,24.28193624557261,0.0,0
University,Hadapsar,16,1,0,2465,15915,0,23.243002028397566,0.0,0
University,Hadapsar,16,1,1,2444,14714,0,21.67364975450082,0.0,1
University,Hadapsar,16,1,2,2675,17139,0,23.065570093457943,0.0,0
University,Hadapsar,18,1,0,2694,14430,0,19.282850779510024,0.0,1
University,Hadapsar,18,1,1,3010,16141,0,19.30485049833887,0.0,0
University,Hadapsar,18,1,2,3067,15410,0,18.08803390935768,0.0,0
University,Hadapsar,20,1,0,2332,14430,0,22.27615780445969,0.0,1
University,Hadapsar,20,1,1,2503,16141,0,23.215181781861762,0.0,0
University,Hadapsar,20,1,2,2600,15410,0,21.336923076923078,0.0,0
University,Hadapsar,22,1,0,1808,14848,0,29.564601769911505,0.0,1
University,Hadapsar,22,1,1,1939,16141,0,29.967818463125315,0.0,0
University,Hadapsar,22,1,2,2078,15410,0,26.69682386910491,0.0,0
University,Hadapsar,0,2,0,1808,14848,0,29.564601769911505,0.0,1
University,Hadapsar,0,2,1,1939,16141,0,29.967818463125315,0.0,0
University,Hadapsar,0,2,2,2078,15410,0,26.69682386910491,0.0,0
University,Hadapsar,6,2,0,1848,14848,0,28.924675324675327,0.0,1
University,Hadapsar,6,2,1,1985,16141,0,29.273350125944578,0.0,0
University,Hadapsar,6,2,2,2124,15410,0,26.118644067796613,0.0,0
University,Hadapsar,8,2,0,2194,15915,0,26.11394712853236,0.0,1
University,Hadapsar,8,2,1,2204,14848,0,24.25263157894737,0.0,0
University,Hadapsar,8,2,2,2435,17139,0,25.338973305954823,0.0,0
University,Hadapsar,10,2,0,2301,14430,0,22.576271186440678,0.0,1
University,Hadapsar,10,2,1,2491,16141,0,23.327017262143713,0.0,0
University,Hadapsar,10,2,2,2602,15410,0,21.32052267486549,0.0,0
University,Hadapsar,12,2,0,2471,15915,0,23.186564144071223,0.0,0
University,Hadapsar,12,2,1,2437,14714,0,21.735904800984816,0.0,1
University,Hadapsar,12,2,2,2731,17139,0,22.59260344196265,0.0,0
University,Hadapsar,14,2,0,2330,15915,0,24.589699570815448,0.0,0
University,Hadapsar,14,2,1,2301,14714,0,23.020599739243806,0.0,1
University,Hadapsar,14,2,2,2548,17139,0,24.215227629513343,0.0,0
University,Hadapsar,16,2,0,2467,14714,0,21.47158492095663,0.0,1
University,Hadapsar,16,2,1,2642,16141,0,21.99379258137774,0.0,0
University,Hadapsar,16,2,2,2836,15406,0,19.556276445698167,0.0,0
University,Hadapsar,18,2,0,2803,14430,0,18.533000356760613,0.0,1
University,Hadapsar,18,2,1,3104,15134,0,17.552319587628865,0.0,0
University,Hadapsar,18,2,2,3171,15410,0,17.494796594134343,0.0,0
University,Hadapsar,20,2,0,2353,14430,0,22.07734806629834,0.0,1
University,Hadapsar,20,2,1,2544,16141,0,22.841037735849053,0.0,0
University,Hadapsar,20,2,2,2618,15410,0,21.19022154316272,0.0,0
University,Hadapsar,22,2,0,1808,14848,0,29.564601769911505,0.0,1
University,Hadapsar,22,2,1,1939,16141,0,29.967818463125315,0.0,0
University,Hadapsar,22,2,2,2078,15410,0,26.69682386910491,0.0,0
University,Hadapsar,0,3,0,1808,14848,0,29.564601769911505,0.0,1
University,Hadapsar,0,3,1,1939,16141,0,29.967818463125315,0.0,0
University,Hadapsar,0,3,2,2078,15410,0,26.69682386910491,0.0,0
University,Hadapsar,6,3,0,1841,14848,0,29.034655078761546,0.0,1
University,Hadapsar,6,3,1,1971,16141,0,29.481278538812784,0.0,0
University,Hadapsar,6,3,2,2112,15410,0,26.267045454545453,0.0,0
University,Hadapsar,8,3,0,1973,15915,0,29.039026862645716,0.0,1
University,Hadapsar,8,3,1,2070,14848,0,25.82260869565218,0.0,0
University,Hadapsar,8,3,2,2235,17139,0,27.60644295302013,0.0,0
University,Hadapsar,10,3,0,2092,15915,0,27.38718929254302,0.0,1
University,Hadapsar,10,3,1,2148,14430,0,24.18435754189944,0.0,0
University,Hadapsar,10,3,2,2327,17139,0,26.5149978513107,0.0,0
University,Hadapsar,12,3,0,2275,15915,0,25.184175824175824,0.0,1
University,Hadapsar,12,3,1,2357,14430,0,22.03988120492151,0.0,0
University,Hadapsar,12,3,2,2475,17139,0,24.929454545454544,0.0,0
University,Hadapsar,14,3,0,2350,15915,0,24.38042553191489,0.0,1
University,Hadapsar,14,3,1,2392,14714,0,22.144816053511708,0.0,0
University,Hadapsar,14,3,2,2502,17139,0,24.66043165467626,0.0,0
University,Hadapsar,16,3,0,2468,15915,0,23.21474878444084,0.0,1
University,Hadapsar,16,3,1,2546,14714,0,20.805341712490183,0.0,0
University,Hadapsar,16,3,2,2582,17139,0,23.896359411309064,0.0,0
University,Hadapsar,18,3,0,2593,15915,0,22.09564211338218,0.0,1
University,Hadapsar,18,3,1,2637,14430,0,19.69965870307167,0.0,0
University,Hadapsar,18,3,2,2730,17139,0,22.60087912087912,0.0,0
University,Hadapsar,20,3,0,2244,15915,0,25.532085561497325,0.0,1
University,Hadapsar,20,3,1,2291,15132,0,23.77791357485814,0.0,0
University,Hadapsar,20,3,2,2452,17139,0,25.163295269168025,0.0,0
University,Hadapsar,22,3,0,1808,14848,0,29.564601769911505,0.0,1
University,Hadapsar,22,3,1,1939,16141,0,29.967818463125315,0.0,0
University,Hadapsar,22,3,2,2078,15410,0,26.69682386910491,0.0,0
University,Hadapsar,0,4,0,1808,14848,0,29.564601769911505,0.0,1
University,Hadapsar,0,4,1,1939,16141,0,29.967818463125315,0.0,0
University,Hadapsar,0,4,2,2011,17546,0,31.410044753853807,0.0,0
University,Hadapsar,6,4,0,1834,14848,0,29.145474372955288,0.0,1
University,Hadapsar,6,4,1,1963,16141,0,29.601426388181352,0.0,0
University,Hadapsar,6,4,2,2036,17546,0,31.02436149312377,0.0,0
University,Hadapsar,8,4,0,1937,15915,0,29.578729994837378,0.0,1
University,Hadapsar,8,4,1,1963,14848,0,27.230157921548653,0.0,0
University,Hadapsar,8,4,2,2173,17201,0,28.496824666359874,0.0,0
University,Hadapsar,10,4,0,1974,15915,0,29.02431610942249,0.0,1
University,Hadapsar,10,4,1,2035,14848,0,26.266732186732188,0.0,0
University,Hadapsar,10,4,2,2209,17201,0,28.032412856496155,0.0,0
University,Hadapsar,12,4,0,2076,15915,0,27.598265895953755,0.0,1
University,Hadapsar,12,4,1,2148,14848,0,24.88491620111732,0.0,0
University,Hadapsar,12,4,2,2304,17201,0,26.8765625,0.0,0
University,Hadapsar,14,4,0,2117,15915,0,27.063769485120453,0.0,1
University,Hadapsar,14,4,1,2136,14430,0,24.32022471910112,0.0,0
University,Hadapsar,14,4,2,2336,17201,0,26.508390410958906,0.0,0
University,Hadapsar,16,4,0,2198,15915,0,26.066424021838035,0.0,1
University,Hadapsar,16,4,1,2207,14430,0,23.53783416402356,0.0,0
University,Hadapsar,16,4,2,2387,17201,0,25.94201927105153,0.0,0
University,Hadapsar,18,4,0,2255,14430,0,23.03680709534368,0.0,1
University,Hadapsar,18,4,1,2420,16141,0,24.01140495867768,0.0,0
University,Hadapsar,18,4,2,2487,17546,0,25.398311218335344,0.0,0
University,Hadapsar,20,4,0,2107,15915,0,27.1922164214523,0.0,1
University,Hadapsar,20,4,1,2114,14848,0,25.285146641438033,0.0,0
University,Hadapsar,20,4,2,2305,17139,0,26.768069414316702,0.0,0
University,Hadapsar,22,4,0,1808,14848,0,29.564601769911505,0.0,1
University,Hadapsar,22,4,1,1939,16141,0,29.967818463125315,0.0,0
University,Hadapsar,22,4,2,2011,17546,0,31.410044753853807,0.0,0
University,Hadapsar,0,5,0,1808,14848,0,29.564601769911505,0.0,1
University,Hadapsar,0,5,1,1939,16141,0,29.967818463125315,0.0,0
University,Hadapsar,0,5,2,2011,17546,0,31.410044753853807,0.0,0
University,Hadapsar,6,5,0,1849,14848,0,28.909031909140076,0.0,1
University,Hadapsar,6,5,1,1982,16141,0,29.317658930373355,0.0,0
University,Hadapsar,6,5,2,2063,17546,0,30.61832283082889,0.0,0
University,Hadapsar,8,5,0,2139,14430,0,24.286115007012626,0.0,1
University,Hadapsar,8,5,1,2345,16141,0,24.77936034115138,0.0,0
University,Hadapsar,8,5,2,2224,15254,0,24.691726618705037,0.0,0
University,Hadapsar,10,5,0,2371,15915,0,24.164487557992405,0.0,0
University,Hadapsar,10,5,1,2336,14430,0,22.238013698630137,0.0,1
University,Hadapsar,10,5,2,2659,17139,0,23.204362542309138,0.0,0
University,Hadapsar,12,5,0,2461,15915,0,23.280780170662332,0.0,1
University,Hadapsar,12,5,1,2514,14714,0,21.07016706443914,0.0,0
University,Hadapsar,12,5,2,2738,17139,0,22.53484295105917,0.0,0
University,Hadapsar,14,5,0,2219,15915,0,25.81973862100045,0.0,1
University,Hadapsar,14,5,1,2337,14714,0,22.665982028241334,0.0,0
University,Hadapsar,14,5,2,2454,17139,0,25.14278728606357,0.0,0
University,Hadapsar,16,5,0,2447,15915,0,23.41397629750715,0.0,1
University,Hadapsar,16,5,1,2467,14714,0,21.47158492095663,0.0,0
University,Hadapsar,16,5,2,2630,17139,0,23.46022813688213,0.0,0
University,Hadapsar,18,5,0,2747,14430,0,18.91081179468511,0.0,1
University,Hadapsar,18,5,1,3058,16141,0,19.001831262262915,0.0,0
University,Hadapsar,18,5,2,2928,15633,0,19.220901639344262,0.0,0
University,Hadapsar,20,5,0,2327,14430,0,22.324022346368714,0.0,1
University,Hadapsar,20,5,1,2518,16141,0,23.076886417791897,0.0,0
University,Hadapsar,20,5,2,2776,16541,0,21.450864553314123,0.0,0
University,Hadapsar,22,5,0,1808,14848,0,29.564601769911505,0.0,1
University,Hadapsar,22,5,1,1939,16141,0,29.967818463125315,0.0,0
University,Hadapsar,22,5,2,2011,17546,0,31.410044753853807,0.0,0
University,Hadapsar,0,6,0,1808,14848,0,29.564601769911505,0.0,1
University,Hadapsar,0,6,1,1939,16141,0,29.967818463125315,0.0,0
University,Hadapsar,0,6,2,2011,17546,0,31.410044753853807,0.0,0
University,Hadapsar,6,6,0,1847,14848,0,28.94033567948024,0.0,1
University,Hadapsar,6,6,1,1985,16141,0,29.273350125944578,0.0,0
University,Hadapsar,6,6,2,2063,17546,0,30.61832283082889,0.0,0
University,Hadapsar,8,6,0,2194,14765,0,24.226982680036464,0.0,1
University,Hadapsar,8,6,1,2377,16141,0,24.44577198148927,0.0,0
University,Hadapsar,8,6,2,2320,15388,0,23.877931034482756,0.0,0
University,Hadapsar,10,6,0,2420,14765,0,21.964462809917354,0.0,1
University,Hadapsar,10,6,1,2618,16079,0,22.11016042780749,0.0,0
University,Hadapsar,10,6,2,2556,14923,0,21.018309859154932,0.0,0
University,Hadapsar,12,6,0,2588,15915,0,22.138330757341574,0.0,0
University,Hadapsar,12,6,1,2556,14714,0,20.723943661971834,0.0,1
University,Hadapsar,12,6,2,2895,17139,0,21.312746113989636,0.0,0
University,Hadapsar,14,6,0,2306,15915,0,24.845620121422375,0.0,0
University,Hadapsar,14,6,1,2276,14714,0,23.273462214411246,0.0,1
University,Hadapsar,14,6,2,2528,17139,0,24.406803797468356,0.0,0
University,Hadapsar,16,6,0,2425,14714,0,21.84346391752577,0.0,1
University,Hadapsar,16,6,1,2607,16141,0,22.289067894131183,0.0,0
University,Hadapsar,16,6,2,2681,15254,0,20.482804923535994,0.0,0
University,Hadapsar,18,6,0,2802,14430,0,18.539614561027836,0.0,1
University,Hadapsar,18,6,1,3141,16079,0,18.42865329512894,0.0,0
University,Hadapsar,18,6,2,2958,15633,0,19.025963488843814,0.0,0
University,Hadapsar,20,6,0,2359,14430,0,22.021195421788896,0.0,1
University,Hadapsar,20,6,1,2540,16141,0,22.877007874015742,0.0,0
University,Hadapsar,20,6,2,2798,16541,0,21.282201572551823,0.0,0
University,Hadapsar,22,6,0,1808,14848,0,29.564601769911505,0.0,1
University,Hadapsar,22,6,1,1939,16141,0,29.967818463125315,0.0,0
University,Hadapsar,22,6,2,2011,17546,0,31.410044753853807,0.0,0
